velocity_m_per_ns,time_zero_ns,epsr,profile_score,mean_support_fraction,valid_cue_count,file
0.08,-0.05,14.043049667762773,2.792904246532025,1.0,3,PROJECT001C__014.DZT
0.08,-0.045000000000000005,14.043049667762773,2.78919220789077,1.0,3,PROJECT001C__014.DZT
0.08,-0.04,14.043049667762773,2.785220853483804,1.0,3,PROJECT001C__014.DZT
0.08,-0.035,14.043049667762773,2.781351474934336,1.0,3,PROJECT001C__014.DZT
0.08,-0.030000000000000002,14.043049667762773,2.7772993742580128,1.0,3,PROJECT001C__014.DZT
0.08,-0.025,14.043049667762773,2.7731252056689453,1.0,3,PROJECT001C__014.DZT
0.08,-0.020000000000000004,14.043049667762773,2.7688659080677867,1.0,3,PROJECT001C__014.DZT
0.08,-0.015,14.043049667762773,2.7644780157004654,1.0,3,PROJECT001C__014.DZT
0.08,-0.010000000000000002,14.043049667762773,2.7599378336475517,1.0,3,PROJECT001C__014.DZT
0.08,-0.0050000000000000044,14.043049667762773,2.7556622067575063,1.0,3,PROJECT001C__014.DZT
0.08,0.0,14.043049667762773,2.751549453977036,1.0,3,PROJECT001C__014.DZT
0.08,0.0049999999999999975,14.043049667762773,2.747488082277703,1.0,3,PROJECT001C__014.DZT
0.08,0.009999999999999995,14.043049667762773,2.7435984669684252,1.0,3,PROJECT001C__014.DZT
0.08,0.015,14.043049667762773,2.7397178550861803,1.0,3,PROJECT001C__014.DZT
0.08,0.020000000000000004,14.043049667762773,2.7355158475171977,1.0,3,PROJECT001C__014.DZT
0.08,0.024999999999999994,14.043049667762773,2.73103967005221,1.0,3,PROJECT001C__014.DZT
0.08,0.03,14.043049667762773,2.726452959104325,1.0,3,PROJECT001C__014.DZT
0.08,0.035,14.043049667762773,2.7216124906794215,1.0,3,PROJECT001C__014.DZT
0.08,0.039999999999999994,14.043049667762773,2.7166635085957362,1.0,3,PROJECT001C__014.DZT
0.08,0.045,14.043049667762773,2.711824759846756,1.0,3,PROJECT001C__014.DZT
0.08,0.05,14.043049667762773,2.706944231804318,1.0,3,PROJECT001C__014.DZT
0.08,0.05499999999999999,14.043049667762773,2.7021737129183925,1.0,3,PROJECT001C__014.DZT
0.08,0.06,14.043049667762773,2.697480458178815,1.0,3,PROJECT001C__014.DZT
0.08,0.065,14.043049667762773,2.69294043804892,1.0,3,PROJECT001C__014.DZT
0.08,0.06999999999999999,14.043049667762773,2.6884426192911928,1.0,3,PROJECT001C__014.DZT
0.08,0.075,14.043049667762773,2.683866517876877,1.0,3,PROJECT001C__014.DZT
0.08,0.08,14.043049667762773,2.679242456080756,1.0,3,PROJECT001C__014.DZT
0.08,0.085,14.043049667762773,2.6745283791523886,1.0,3,PROJECT001C__014.DZT
0.08,0.09000000000000001,14.043049667762773,2.6698165623525427,1.0,3,PROJECT001C__014.DZT
0.08,0.09499999999999999,14.043049667762773,2.6650790377167004,1.0,3,PROJECT001C__014.DZT
0.08,0.09999999999999999,14.043049667762773,2.6604263532392305,1.0,3,PROJECT001C__014.DZT
0.08,0.105,14.043049667762773,2.65589276079261,1.0,3,PROJECT001C__014.DZT
0.08,0.11,14.043049667762773,2.6512449054619562,1.0,3,PROJECT001C__014.DZT
0.08,0.115,14.043049667762773,2.646582350566973,1.0,3,PROJECT001C__014.DZT
0.08,0.12000000000000001,14.043049667762773,2.6417398261067504,1.0,3,PROJECT001C__014.DZT
0.08,0.125,14.043049667762773,2.6364300519045654,1.0,3,PROJECT001C__014.DZT
0.08,0.13,14.043049667762773,2.630751209893471,1.0,3,PROJECT001C__014.DZT
0.08,0.135,14.043049667762773,2.624448073750365,1.0,3,PROJECT001C__014.DZT
0.08,0.14,14.043049667762773,2.6179494762377504,1.0,3,PROJECT001C__014.DZT
0.08,0.14500000000000002,14.043049667762773,2.6113339338417947,1.0,3,PROJECT001C__014.DZT
0.08,0.15000000000000002,14.043049667762773,2.6046301284726128,1.0,3,PROJECT001C__014.DZT
0.08,0.15500000000000003,14.043049667762773,2.5979413514097196,1.0,3,PROJECT001C__014.DZT
0.08,0.15999999999999998,14.043049667762773,2.591241506865591,1.0,3,PROJECT001C__014.DZT
0.08,0.16499999999999998,14.043049667762773,2.5845679093409397,1.0,3,PROJECT001C__014.DZT
0.08,0.16999999999999998,14.043049667762773,2.577899200001825,1.0,3,PROJECT001C__014.DZT
0.08,0.175,14.043049667762773,2.571130084588787,1.0,3,PROJECT001C__014.DZT
0.08,0.18,14.043049667762773,2.5645599806028567,1.0,3,PROJECT001C__014.DZT
0.08,0.185,14.043049667762773,2.5577223772122264,1.0,3,PROJECT001C__014.DZT
0.08,0.19,14.043049667762773,2.5510127290256874,1.0,3,PROJECT001C__014.DZT
0.08,0.195,14.043049667762773,2.5440931004108718,1.0,3,PROJECT001C__014.DZT
0.08,0.2,14.043049667762773,2.5370299541174375,1.0,3,PROJECT001C__014.DZT
0.08,0.20500000000000002,14.043049667762773,2.5299581282979333,1.0,3,PROJECT001C__014.DZT
0.08,0.21000000000000002,14.043049667762773,2.522873219744019,1.0,3,PROJECT001C__014.DZT
0.08,0.21500000000000002,14.043049667762773,2.515645251205142,1.0,3,PROJECT001C__014.DZT
0.08,0.22000000000000003,14.043049667762773,2.5081492446525733,1.0,3,PROJECT001C__014.DZT
0.08,0.22500000000000003,14.043049667762773,2.500570100860958,1.0,3,PROJECT001C__014.DZT
0.08,0.23000000000000004,14.043049667762773,2.4926501365889346,1.0,3,PROJECT001C__014.DZT
0.08,0.23500000000000004,14.043049667762773,2.484652932740412,1.0,3,PROJECT001C__014.DZT
0.08,0.24,14.043049667762773,2.4766028578339307,1.0,3,PROJECT001C__014.DZT
0.08,0.245,14.043049667762773,2.4684198223051435,1.0,3,PROJECT001C__014.DZT
0.08,0.25,14.043049667762773,2.46040171397512,1.0,3,PROJECT001C__014.DZT
0.082,-0.05,13.366376840226318,2.8201186746700775,1.0,3,PROJECT001C__014.DZT
0.082,-0.045000000000000005,13.366376840226318,2.816481938311322,1.0,3,PROJECT001C__014.DZT
0.082,-0.04,13.366376840226318,2.8123968614906762,1.0,3,PROJECT001C__014.DZT
0.082,-0.035,13.366376840226318,2.808151781771978,1.0,3,PROJECT001C__014.DZT
0.082,-0.030000000000000002,13.366376840226318,2.803901323942844,1.0,3,PROJECT001C__014.DZT
0.082,-0.025,13.366376840226318,2.7994697747025987,1.0,3,PROJECT001C__014.DZT
0.082,-0.020000000000000004,13.366376840226318,2.79492652117041,1.0,3,PROJECT001C__014.DZT
0.082,-0.015,13.366376840226318,2.790330608538271,1.0,3,PROJECT001C__014.DZT
0.082,-0.010000000000000002,13.366376840226318,2.7856615955645814,1.0,3,PROJECT001C__014.DZT
0.082,-0.0050000000000000044,13.366376840226318,2.7811755610614455,1.0,3,PROJECT001C__014.DZT
0.082,0.0,13.366376840226318,2.7764281928558816,1.0,3,PROJECT001C__014.DZT
0.082,0.0049999999999999975,13.366376840226318,2.771806696316936,1.0,3,PROJECT001C__014.DZT
0.082,0.009999999999999995,13.366376840226318,2.7673521792300217,1.0,3,PROJECT001C__014.DZT
0.082,0.015,13.366376840226318,2.7630584268967464,1.0,3,PROJECT001C__014.DZT
0.082,0.020000000000000004,13.366376840226318,2.758847037611126,1.0,3,PROJECT001C__014.DZT
0.082,0.024999999999999994,13.366376840226318,2.7550122210311856,1.0,3,PROJECT001C__014.DZT
0.082,0.03,13.366376840226318,2.7511015421196343,1.0,3,PROJECT001C__014.DZT
0.082,0.035,13.366376840226318,2.747409938469916,1.0,3,PROJECT001C__014.DZT
0.082,0.039999999999999994,13.366376840226318,2.743664421030799,1.0,3,PROJECT001C__014.DZT
0.082,0.045,13.366376840226318,2.739710378837193,1.0,3,PROJECT001C__014.DZT
0.082,0.05,13.366376840226318,2.735652059585353,1.0,3,PROJECT001C__014.DZT
0.082,0.05499999999999999,13.366376840226318,2.731267705965488,1.0,3,PROJECT001C__014.DZT
0.082,0.06,13.366376840226318,2.726414271340524,1.0,3,PROJECT001C__014.DZT
0.082,0.065,13.366376840226318,2.7213282498164038,1.0,3,PROJECT001C__014.DZT
0.082,0.06999999999999999,13.366376840226318,2.7160591706587276,1.0,3,PROJECT001C__014.DZT
0.082,0.075,13.366376840226318,2.710693189424884,1.0,3,PROJECT001C__014.DZT
0.082,0.08,13.366376840226318,2.7054956746554697,1.0,3,PROJECT001C__014.DZT
0.082,0.085,13.366376840226318,2.700242635242049,1.0,3,PROJECT001C__014.DZT
0.082,0.09000000000000001,13.366376840226318,2.69516295492393,1.0,3,PROJECT001C__014.DZT
0.082,0.09499999999999999,13.366376840226318,2.690082591619452,1.0,3,PROJECT001C__014.DZT
0.082,0.09999999999999999,13.366376840226318,2.685040973871811,1.0,3,PROJECT001C__014.DZT
0.082,0.105,13.366376840226318,2.6800850012680493,1.0,3,PROJECT001C__014.DZT
0.082,0.11,13.366376840226318,2.6752626725926802,1.0,3,PROJECT001C__014.DZT
0.082,0.115,13.366376840226318,2.670464330953614,1.0,3,PROJECT001C__014.DZT
0.082,0.12000000000000001,13.366376840226318,2.6659219997605326,1.0,3,PROJECT001C__014.DZT
0.082,0.125,13.366376840226318,2.661478839018761,1.0,3,PROJECT001C__014.DZT
0.082,0.13,13.366376840226318,2.6572965413798815,1.0,3,PROJECT001C__014.DZT
0.082,0.135,13.366376840226318,2.653198799954047,1.0,3,PROJECT001C__014.DZT
0.082,0.14,13.366376840226318,2.649077714120224,1.0,3,PROJECT001C__014.DZT
0.082,0.14500000000000002,13.366376840226318,2.6446267633515466,1.0,3,PROJECT001C__014.DZT
0.082,0.15000000000000002,13.366376840226318,2.640097659398844,1.0,3,PROJECT001C__014.DZT
0.082,0.15500000000000003,13.366376840226318,2.635138703276919,1.0,3,PROJECT001C__014.DZT
0.082,0.15999999999999998,13.366376840226318,2.6295853380481593,1.0,3,PROJECT001C__014.DZT
0.082,0.16499999999999998,13.366376840226318,2.623904701608524,1.0,3,PROJECT001C__014.DZT
0.082,0.16999999999999998,13.366376840226318,2.6175972116318924,1.0,3,PROJECT001C__014.DZT
0.082,0.175,13.366376840226318,2.6112731924604833,1.0,3,PROJECT001C__014.DZT
0.082,0.18,13.366376840226318,2.6049391590759186,1.0,3,PROJECT001C__014.DZT
0.082,0.185,13.366376840226318,2.5985130707324706,1.0,3,PROJECT001C__014.DZT
0.082,0.19,13.366376840226318,2.5920483734311275,1.0,3,PROJECT001C__014.DZT
0.082,0.195,13.366376840226318,2.585516586692395,1.0,3,PROJECT001C__014.DZT
0.082,0.2,13.366376840226318,2.578782008393729,1.0,3,PROJECT001C__014.DZT
0.082,0.20500000000000002,13.366376840226318,2.5719770190938114,1.0,3,PROJECT001C__014.DZT
0.082,0.21000000000000002,13.366376840226318,2.5649213008170735,1.0,3,PROJECT001C__014.DZT
0.082,0.21500000000000002,13.366376840226318,2.5577727037938174,1.0,3,PROJECT001C__014.DZT
0.082,0.22000000000000003,13.366376840226318,2.550529435986834,1.0,3,PROJECT001C__014.DZT
0.082,0.22500000000000003,13.366376840226318,2.543376776997509,1.0,3,PROJECT001C__014.DZT
0.082,0.23000000000000004,13.366376840226318,2.535998684553293,1.0,3,PROJECT001C__014.DZT
0.082,0.23500000000000004,13.366376840226318,2.5288735716422006,1.0,3,PROJECT001C__014.DZT
0.082,0.24,13.366376840226318,2.521723188994477,1.0,3,PROJECT001C__014.DZT
0.082,0.245,13.366376840226318,2.5144136342690673,1.0,3,PROJECT001C__014.DZT
0.082,0.25,13.366376840226318,2.506873300489064,1.0,3,PROJECT001C__014.DZT
0.084,-0.05,12.737460016111356,2.843640403469546,1.0,3,PROJECT001C__014.DZT
0.084,-0.045000000000000005,12.737460016111356,2.839839954810494,1.0,3,PROJECT001C__014.DZT
0.084,-0.04,12.737460016111356,2.8360323786021877,1.0,3,PROJECT001C__014.DZT
0.084,-0.035,12.737460016111356,2.832445329269847,1.0,3,PROJECT001C__014.DZT
0.084,-0.030000000000000002,12.737460016111356,2.8287310399344716,1.0,3,PROJECT001C__014.DZT
0.084,-0.025,12.737460016111356,2.824966276192606,1.0,3,PROJECT001C__014.DZT
0.084,-0.020000000000000004,12.737460016111356,2.821158814059034,1.0,3,PROJECT001C__014.DZT
0.084,-0.015,12.737460016111356,2.817252645654684,1.0,3,PROJECT001C__014.DZT
0.084,-0.010000000000000002,12.737460016111356,2.813203867510733,1.0,3,PROJECT001C__014.DZT
0.084,-0.0050000000000000044,12.737460016111356,2.8093286849415064,1.0,3,PROJECT001C__014.DZT
0.084,0.0,12.737460016111356,2.805504825530049,1.0,3,PROJECT001C__014.DZT
0.084,0.0049999999999999975,12.737460016111356,2.8016994490366964,1.0,3,PROJECT001C__014.DZT
0.084,0.009999999999999995,12.737460016111356,2.7981508590405704,1.0,3,PROJECT001C__014.DZT
0.084,0.015,12.737460016111356,2.794476246790762,1.0,3,PROJECT001C__014.DZT
0.084,0.020000000000000004,12.737460016111356,2.790594898709235,1.0,3,PROJECT001C__014.DZT
0.084,0.024999999999999994,12.737460016111356,2.7864944165913372,1.0,3,PROJECT001C__014.DZT
0.084,0.03,12.737460016111356,2.7820468676233183,1.0,3,PROJECT001C__014.DZT
0.084,0.035,12.737460016111356,2.7773514345518104,1.0,3,PROJECT001C__014.DZT
0.084,0.039999999999999994,12.737460016111356,2.772416860821094,1.0,3,PROJECT001C__014.DZT
0.084,0.045,12.737460016111356,2.7671757789713762,1.0,3,PROJECT001C__014.DZT
0.084,0.05,12.737460016111356,2.76204409291022,1.0,3,PROJECT001C__014.DZT
0.084,0.05499999999999999,12.737460016111356,2.756848215273248,1.0,3,PROJECT001C__014.DZT
0.084,0.06,12.737460016111356,2.7515302271363367,1.0,3,PROJECT001C__014.DZT
0.084,0.065,12.737460016111356,2.7462670219801986,1.0,3,PROJECT001C__014.DZT
0.084,0.06999999999999999,12.737460016111356,2.7411017755369085,1.0,3,PROJECT001C__014.DZT
0.084,0.075,12.737460016111356,2.73587731324364,1.0,3,PROJECT001C__014.DZT
0.084,0.08,12.737460016111356,2.7307329126054327,1.0,3,PROJECT001C__014.DZT
0.084,0.085,12.737460016111356,2.7257289765449535,1.0,3,PROJECT001C__014.DZT
0.084,0.09000000000000001,12.737460016111356,2.7208616519205084,1.0,3,PROJECT001C__014.DZT
0.084,0.09499999999999999,12.737460016111356,2.7160529714473896,1.0,3,PROJECT001C__014.DZT
0.084,0.09999999999999999,12.737460016111356,2.7114141746272864,1.0,3,PROJECT001C__014.DZT
0.084,0.105,12.737460016111356,2.7068523767790023,1.0,3,PROJECT001C__014.DZT
0.084,0.11,12.737460016111356,2.702449661228696,1.0,3,PROJECT001C__014.DZT
0.084,0.115,12.737460016111356,2.698270112513567,1.0,3,PROJECT001C__014.DZT
0.084,0.12000000000000001,12.737460016111356,2.6939212440903,1.0,3,PROJECT001C__014.DZT
0.084,0.125,12.737460016111356,2.6895265934614385,1.0,3,PROJECT001C__014.DZT
0.084,0.13,12.737460016111356,2.684975072555194,1.0,3,PROJECT001C__014.DZT
0.084,0.135,12.737460016111356,2.6802629495019565,1.0,3,PROJECT001C__014.DZT
0.084,0.14,12.737460016111356,2.675338709382047,1.0,3,PROJECT001C__014.DZT
0.084,0.14500000000000002,12.737460016111356,2.6702618499654336,1.0,3,PROJECT001C__014.DZT
0.084,0.15000000000000002,12.737460016111356,2.664957561606563,1.0,3,PROJECT001C__014.DZT
0.084,0.15500000000000003,12.737460016111356,2.659472183745977,1.0,3,PROJECT001C__014.DZT
0.084,0.15999999999999998,12.737460016111356,2.653966183166809,1.0,3,PROJECT001C__014.DZT
0.084,0.16499999999999998,12.737460016111356,2.6481765266538266,1.0,3,PROJECT001C__014.DZT
0.084,0.16999999999999998,12.737460016111356,2.6424984591709895,1.0,3,PROJECT001C__014.DZT
0.084,0.175,12.737460016111356,2.6365180914880852,1.0,3,PROJECT001C__014.DZT
0.084,0.18,12.737460016111356,2.6305449971461403,1.0,3,PROJECT001C__014.DZT
0.084,0.185,12.737460016111356,2.624558307213208,1.0,3,PROJECT001C__014.DZT
0.084,0.19,12.737460016111356,2.618655408714751,1.0,3,PROJECT001C__014.DZT
0.084,0.195,12.737460016111356,2.6128068538248526,1.0,3,PROJECT001C__014.DZT
0.084,0.2,12.737460016111356,2.607155676022469,1.0,3,PROJECT001C__014.DZT
0.084,0.20500000000000002,12.737460016111356,2.6015945882005918,1.0,3,PROJECT001C__014.DZT
0.084,0.21000000000000002,12.737460016111356,2.596298104791319,1.0,3,PROJECT001C__014.DZT
0.084,0.21500000000000002,12.737460016111356,2.5908733905278436,1.0,3,PROJECT001C__014.DZT
0.084,0.22000000000000003,12.737460016111356,2.5854756673873713,1.0,3,PROJECT001C__014.DZT
0.084,0.22500000000000003,12.737460016111356,2.5798069483886548,1.0,3,PROJECT001C__014.DZT
0.084,0.23000000000000004,12.737460016111356,2.573742274073951,1.0,3,PROJECT001C__014.DZT
0.084,0.23500000000000004,12.737460016111356,2.567468723810873,1.0,3,PROJECT001C__014.DZT
0.084,0.24,12.737460016111356,2.5607055869983766,1.0,3,PROJECT001C__014.DZT
0.084,0.245,12.737460016111356,2.5534944216741775,1.0,3,PROJECT001C__014.DZT
0.084,0.25,12.737460016111356,2.546034486166814,1.0,3,PROJECT001C__014.DZT
0.08600000000000001,-0.05,12.151908852580007,2.8766838319071972,1.0,3,PROJECT001C__014.DZT
0.08600000000000001,-0.045000000000000005,12.151908852580007,2.872963191194845,1.0,3,PROJECT001C__014.DZT
0.08600000000000001,-0.04,12.151908852580007,2.8692111230729265,1.0,3,PROJECT001C__014.DZT
0.08600000000000001,-0.035,12.151908852580007,2.865529553946031,1.0,3,PROJECT001C__014.DZT
0.08600000000000001,-0.030000000000000002,12.151908852580007,2.861610143758686,1.0,3,PROJECT001C__014.DZT
0.08600000000000001,-0.025,12.151908852580007,2.8575402254361517,1.0,3,PROJECT001C__014.DZT
0.08600000000000001,-0.020000000000000004,12.151908852580007,2.853455005392949,1.0,3,PROJECT001C__014.DZT
0.08600000000000001,-0.015,12.151908852580007,2.849120625651867,1.0,3,PROJECT001C__014.DZT
0.08600000000000001,-0.010000000000000002,12.151908852580007,2.844723837491078,1.0,3,PROJECT001C__014.DZT
0.08600000000000001,-0.0050000000000000044,12.151908852580007,2.8404537488367794,1.0,3,PROJECT001C__014.DZT
0.08600000000000001,0.0,12.151908852580007,2.8361128568075173,1.0,3,PROJECT001C__014.DZT
0.08600000000000001,0.0049999999999999975,12.151908852580007,2.831803430622388,1.0,3,PROJECT001C__014.DZT
0.08600000000000001,0.009999999999999995,12.151908852580007,2.8277072328087844,1.0,3,PROJECT001C__014.DZT
0.08600000000000001,0.015,12.151908852580007,2.8233203012314583,1.0,3,PROJECT001C__014.DZT
0.08600000000000001,0.020000000000000004,12.151908852580007,2.8187526070122204,1.0,3,PROJECT001C__014.DZT
0.08600000000000001,0.024999999999999994,12.151908852580007,2.8142860738766786,1.0,3,PROJECT001C__014.DZT
0.08600000000000001,0.03,12.151908852580007,2.809796926243705,1.0,3,PROJECT001C__014.DZT
0.08600000000000001,0.035,12.151908852580007,2.805200445325127,1.0,3,PROJECT001C__014.DZT
0.08600000000000001,0.039999999999999994,12.151908852580007,2.800684480297045,1.0,3,PROJECT001C__014.DZT
0.08600000000000001,0.045,12.151908852580007,2.7964880209362106,1.0,3,PROJECT001C__014.DZT
0.08600000000000001,0.05,12.151908852580007,2.792311890547609,1.0,3,PROJECT001C__014.DZT
0.08600000000000001,0.05499999999999999,12.151908852580007,2.7879880502740666,1.0,3,PROJECT001C__014.DZT
0.08600000000000001,0.06,12.151908852580007,2.783643522661434,1.0,3,PROJECT001C__014.DZT
0.08600000000000001,0.065,12.151908852580007,2.7790585309271822,1.0,3,PROJECT001C__014.DZT
0.08600000000000001,0.06999999999999999,12.151908852580007,2.774277999305573,1.0,3,PROJECT001C__014.DZT
0.08600000000000001,0.075,12.151908852580007,2.7693536128441587,1.0,3,PROJECT001C__014.DZT
0.08600000000000001,0.08,12.151908852580007,2.764272001823341,1.0,3,PROJECT001C__014.DZT
0.08600000000000001,0.085,12.151908852580007,2.75906840580264,1.0,3,PROJECT001C__014.DZT
0.08600000000000001,0.09000000000000001,12.151908852580007,2.753975071754269,1.0,3,PROJECT001C__014.DZT
0.08600000000000001,0.09499999999999999,12.151908852580007,2.748724570549882,1.0,3,PROJECT001C__014.DZT
0.08600000000000001,0.09999999999999999,12.151908852580007,2.7435186005707894,1.0,3,PROJECT001C__014.DZT
0.08600000000000001,0.105,12.151908852580007,2.738259212419287,1.0,3,PROJECT001C__014.DZT
0.08600000000000001,0.11,12.151908852580007,2.7330210814344045,1.0,3,PROJECT001C__014.DZT
0.08600000000000001,0.115,12.151908852580007,2.7275227883928714,1.0,3,PROJECT001C__014.DZT
0.08600000000000001,0.12000000000000001,12.151908852580007,2.7219279281955653,1.0,3,PROJECT001C__014.DZT
0.08600000000000001,0.125,12.151908852580007,2.716356053083872,1.0,3,PROJECT001C__014.DZT
0.08600000000000001,0.13,12.151908852580007,2.7105596481845424,1.0,3,PROJECT001C__014.DZT
0.08600000000000001,0.135,12.151908852580007,2.704747921097846,1.0,3,PROJECT001C__014.DZT
0.08600000000000001,0.14,12.151908852580007,2.6993114056467866,1.0,3,PROJECT001C__014.DZT
0.08600000000000001,0.14500000000000002,12.151908852580007,2.693805650900225,1.0,3,PROJECT001C__014.DZT
0.08600000000000001,0.15000000000000002,12.151908852580007,2.6886396181316132,1.0,3,PROJECT001C__014.DZT
0.08600000000000001,0.15500000000000003,12.151908852580007,2.683647194355924,1.0,3,PROJECT001C__014.DZT
0.08600000000000001,0.15999999999999998,12.151908852580007,2.678516005838238,1.0,3,PROJECT001C__014.DZT
0.08600000000000001,0.16499999999999998,12.151908852580007,2.6735051851143337,1.0,3,PROJECT001C__014.DZT
0.08600000000000001,0.16999999999999998,12.151908852580007,2.6685327402374823,1.0,3,PROJECT001C__014.DZT
0.08600000000000001,0.175,12.151908852580007,2.6635041740017176,1.0,3,PROJECT001C__014.DZT
0.08600000000000001,0.18,12.151908852580007,2.658444878943389,1.0,3,PROJECT001C__014.DZT
0.08600000000000001,0.185,12.151908852580007,2.6534850418533504,1.0,3,PROJECT001C__014.DZT
0.08600000000000001,0.19,12.151908852580007,2.6485030450344325,1.0,3,PROJECT001C__014.DZT
0.08600000000000001,0.195,12.151908852580007,2.643428694546999,1.0,3,PROJECT001C__014.DZT
0.08600000000000001,0.2,12.151908852580007,2.6383620345856293,1.0,3,PROJECT001C__014.DZT
0.08600000000000001,0.20500000000000002,12.151908852580007,2.6329062445470677,1.0,3,PROJECT001C__014.DZT
0.08600000000000001,0.21000000000000002,12.151908852580007,2.6269958936072504,1.0,3,PROJECT001C__014.DZT
0.08600000000000001,0.21500000000000002,12.151908852580007,2.620804223277859,1.0,3,PROJECT001C__014.DZT
0.08600000000000001,0.22000000000000003,12.151908852580007,2.6143072577035933,1.0,3,PROJECT001C__014.DZT
0.08600000000000001,0.22500000000000003,12.151908852580007,2.607585341339835,1.0,3,PROJECT001C__014.DZT
0.08600000000000001,0.23000000000000004,12.151908852580007,2.6007786564017983,1.0,3,PROJECT001C__014.DZT
0.08600000000000001,0.23500000000000004,12.151908852580007,2.5939245048087325,1.0,3,PROJECT001C__014.DZT
0.08600000000000001,0.24,12.151908852580007,2.5873800582090607,1.0,3,PROJECT001C__014.DZT
0.08600000000000001,0.245,12.151908852580007,2.580722754242101,1.0,3,PROJECT001C__014.DZT
0.08600000000000001,0.25,12.151908852580007,2.5740890161414955,1.0,3,PROJECT001C__014.DZT
0.088,-0.05,11.605826171704773,2.920276399885505,1.0,3,PROJECT001C__014.DZT
0.088,-0.045000000000000005,11.605826171704773,2.915771720038304,1.0,3,PROJECT001C__014.DZT
0.088,-0.04,11.605826171704773,2.911052696142935,1.0,3,PROJECT001C__014.DZT
0.088,-0.035,11.605826171704773,2.906259298378527,1.0,3,PROJECT001C__014.DZT
0.088,-0.030000000000000002,11.605826171704773,2.90133998599704,1.0,3,PROJECT001C__014.DZT
0.088,-0.025,11.605826171704773,2.8964072497382936,1.0,3,PROJECT001C__014.DZT
0.088,-0.020000000000000004,11.605826171704773,2.89134835726707,1.0,3,PROJECT001C__014.DZT
0.088,-0.015,11.605826171704773,2.8862882444972917,1.0,3,PROJECT001C__014.DZT
0.088,-0.010000000000000002,11.605826171704773,2.881358703171357,1.0,3,PROJECT001C__014.DZT
0.088,-0.0050000000000000044,11.605826171704773,2.876698828698087,1.0,3,PROJECT001C__014.DZT
0.088,0.0,11.605826171704773,2.8722761651247644,1.0,3,PROJECT001C__014.DZT
0.088,0.0049999999999999975,11.605826171704773,2.8679153587432986,1.0,3,PROJECT001C__014.DZT
0.088,0.009999999999999995,11.605826171704773,2.8637202270163127,1.0,3,PROJECT001C__014.DZT
0.088,0.015,11.605826171704773,2.859661715161886,1.0,3,PROJECT001C__014.DZT
0.088,0.020000000000000004,11.605826171704773,2.8554711396738153,1.0,3,PROJECT001C__014.DZT
0.088,0.024999999999999994,11.605826171704773,2.851314969818352,1.0,3,PROJECT001C__014.DZT
0.088,0.03,11.605826171704773,2.8470958483497353,1.0,3,PROJECT001C__014.DZT
0.088,0.035,11.605826171704773,2.8427124639351473,1.0,3,PROJECT001C__014.DZT
0.088,0.039999999999999994,11.605826171704773,2.8384033144445335,1.0,3,PROJECT001C__014.DZT
0.088,0.045,11.605826171704773,2.8339662088027056,1.0,3,PROJECT001C__014.DZT
0.088,0.05,11.605826171704773,2.8292560148850163,1.0,3,PROJECT001C__014.DZT
0.088,0.05499999999999999,11.605826171704773,2.8245063697038155,1.0,3,PROJECT001C__014.DZT
0.088,0.06,11.605826171704773,2.8196036098106148,1.0,3,PROJECT001C__014.DZT
0.088,0.065,11.605826171704773,2.8145037085150904,1.0,3,PROJECT001C__014.DZT
0.088,0.06999999999999999,11.605826171704773,2.809362529913448,1.0,3,PROJECT001C__014.DZT
0.088,0.075,11.605826171704773,2.804179365828658,1.0,3,PROJECT001C__014.DZT
0.088,0.08,11.605826171704773,2.7989048267757006,1.0,3,PROJECT001C__014.DZT
0.088,0.085,11.605826171704773,2.7935821878520795,1.0,3,PROJECT001C__014.DZT
0.088,0.09000000000000001,11.605826171704773,2.7882679811164484,1.0,3,PROJECT001C__014.DZT
0.088,0.09499999999999999,11.605826171704773,2.7827755289186817,1.0,3,PROJECT001C__014.DZT
0.088,0.09999999999999999,11.605826171704773,2.7772958280285054,1.0,3,PROJECT001C__014.DZT
0.088,0.105,11.605826171704773,2.7718788652782753,1.0,3,PROJECT001C__014.DZT
0.088,0.11,11.605826171704773,2.766516700129829,1.0,3,PROJECT001C__014.DZT
0.088,0.115,11.605826171704773,2.7610289928557563,1.0,3,PROJECT001C__014.DZT
0.088,0.12000000000000001,11.605826171704773,2.755627828586959,1.0,3,PROJECT001C__014.DZT
0.088,0.125,11.605826171704773,2.7502100821414097,1.0,3,PROJECT001C__014.DZT
0.088,0.13,11.605826171704773,2.744688705468563,1.0,3,PROJECT001C__014.DZT
0.088,0.135,11.605826171704773,2.7392055231293306,1.0,3,PROJECT001C__014.DZT
0.088,0.14,11.605826171704773,2.7337502840458314,1.0,3,PROJECT001C__014.DZT
0.088,0.14500000000000002,11.605826171704773,2.7282111302768897,1.0,3,PROJECT001C__014.DZT
0.088,0.15000000000000002,11.605826171704773,2.7225462294189278,1.0,3,PROJECT001C__014.DZT
0.088,0.15500000000000003,11.605826171704773,2.716685529880604,1.0,3,PROJECT001C__014.DZT
0.088,0.15999999999999998,11.605826171704773,2.7107471690258627,1.0,3,PROJECT001C__014.DZT
0.088,0.16499999999999998,11.605826171704773,2.7045260330722134,1.0,3,PROJECT001C__014.DZT
0.088,0.16999999999999998,11.605826171704773,2.6983209846544085,1.0,3,PROJECT001C__014.DZT
0.088,0.175,11.605826171704773,2.6922817706792728,1.0,3,PROJECT001C__014.DZT
0.088,0.18,11.605826171704773,2.686317167998954,1.0,3,PROJECT001C__014.DZT
0.088,0.185,11.605826171704773,2.6805201095919577,1.0,3,PROJECT001C__014.DZT
0.088,0.19,11.605826171704773,2.674843355592165,1.0,3,PROJECT001C__014.DZT
0.088,0.195,11.605826171704773,2.669261656144481,1.0,3,PROJECT001C__014.DZT
0.088,0.2,11.605826171704773,2.6637316245542006,1.0,3,PROJECT001C__014.DZT
0.088,0.20500000000000002,11.605826171704773,2.6582294143429785,1.0,3,PROJECT001C__014.DZT
0.088,0.21000000000000002,11.605826171704773,2.652880462356132,1.0,3,PROJECT001C__014.DZT
0.088,0.21500000000000002,11.605826171704773,2.6474192370694762,1.0,3,PROJECT001C__014.DZT
0.088,0.22000000000000003,11.605826171704773,2.642108730521531,1.0,3,PROJECT001C__014.DZT
0.088,0.22500000000000003,11.605826171704773,2.6367874957891964,1.0,3,PROJECT001C__014.DZT
0.088,0.23000000000000004,11.605826171704773,2.6314953033070574,1.0,3,PROJECT001C__014.DZT
0.088,0.23500000000000004,11.605826171704773,2.6259487426042116,1.0,3,PROJECT001C__014.DZT
0.088,0.24,11.605826171704773,2.619936602824048,1.0,3,PROJECT001C__014.DZT
0.088,0.245,11.605826171704773,2.613772144417165,1.0,3,PROJECT001C__014.DZT
0.088,0.25,11.605826171704773,2.607139090061635,1.0,3,PROJECT001C__014.DZT
0.09,-0.05,11.095742947368118,2.9622521902674706,1.0,3,PROJECT001C__014.DZT
0.09,-0.045000000000000005,11.095742947368118,2.9577400572337162,1.0,3,PROJECT001C__014.DZT
0.09,-0.04,11.095742947368118,2.9531225889372514,1.0,3,PROJECT001C__014.DZT
0.09,-0.035,11.095742947368118,2.9483640558952704,1.0,3,PROJECT001C__014.DZT
0.09,-0.030000000000000002,11.095742947368118,2.943422688934509,1.0,3,PROJECT001C__014.DZT
0.09,-0.025,11.095742947368118,2.9385364434733248,1.0,3,PROJECT001C__014.DZT
0.09,-0.020000000000000004,11.095742947368118,2.9336189776167303,1.0,3,PROJECT001C__014.DZT
0.09,-0.015,11.095742947368118,2.9287137255760847,1.0,3,PROJECT001C__014.DZT
0.09,-0.010000000000000002,11.095742947368118,2.923997651318643,1.0,3,PROJECT001C__014.DZT
0.09,-0.0050000000000000044,11.095742947368118,2.919352094249723,1.0,3,PROJECT001C__014.DZT
0.09,0.0,11.095742947368118,2.914875200815692,1.0,3,PROJECT001C__014.DZT
0.09,0.0049999999999999975,11.095742947368118,2.9104927692366758,1.0,3,PROJECT001C__014.DZT
0.09,0.009999999999999995,11.095742947368118,2.9062508914781713,1.0,3,PROJECT001C__014.DZT
0.09,0.015,11.095742947368118,2.9020090016904327,1.0,3,PROJECT001C__014.DZT
0.09,0.020000000000000004,11.095742947368118,2.897665642817548,1.0,3,PROJECT001C__014.DZT
0.09,0.024999999999999994,11.095742947368118,2.893231691255958,1.0,3,PROJECT001C__014.DZT
0.09,0.03,11.095742947368118,2.8888438568304218,1.0,3,PROJECT001C__014.DZT
0.09,0.035,11.095742947368118,2.8842697112346296,1.0,3,PROJECT001C__014.DZT
0.09,0.039999999999999994,11.095742947368118,2.8795508285396862,1.0,3,PROJECT001C__014.DZT
0.09,0.045,11.095742947368118,2.8747685598757102,1.0,3,PROJECT001C__014.DZT
0.09,0.05,11.095742947368118,2.869665785337647,1.0,3,PROJECT001C__014.DZT
0.09,0.05499999999999999,11.095742947368118,2.8645123083166,1.0,3,PROJECT001C__014.DZT
0.09,0.06,11.095742947368118,2.859201292126237,1.0,3,PROJECT001C__014.DZT
0.09,0.065,11.095742947368118,2.8537930842581276,1.0,3,PROJECT001C__014.DZT
0.09,0.06999999999999999,11.095742947368118,2.8484577668017597,1.0,3,PROJECT001C__014.DZT
0.09,0.075,11.095742947368118,2.8432135669565084,1.0,3,PROJECT001C__014.DZT
0.09,0.08,11.095742947368118,2.8381468767994957,1.0,3,PROJECT001C__014.DZT
0.09,0.085,11.095742947368118,2.8330591257221713,1.0,3,PROJECT001C__014.DZT
0.09,0.09000000000000001,11.095742947368118,2.828039929791597,1.0,3,PROJECT001C__014.DZT
0.09,0.09499999999999999,11.095742947368118,2.823177756160082,1.0,3,PROJECT001C__014.DZT
0.09,0.09999999999999999,11.095742947368118,2.818357806158172,1.0,3,PROJECT001C__014.DZT
0.09,0.105,11.095742947368118,2.813515636805535,1.0,3,PROJECT001C__014.DZT
0.09,0.11,11.095742947368118,2.808656462878487,1.0,3,PROJECT001C__014.DZT
0.09,0.115,11.095742947368118,2.8037702668304063,1.0,3,PROJECT001C__014.DZT
0.09,0.12000000000000001,11.095742947368118,2.7984834352465904,1.0,3,PROJECT001C__014.DZT
0.09,0.125,11.095742947368118,2.793016432796319,1.0,3,PROJECT001C__014.DZT
0.09,0.13,11.095742947368118,2.7872238040169997,1.0,3,PROJECT001C__014.DZT
0.09,0.135,11.095742947368118,2.780987893878813,1.0,3,PROJECT001C__014.DZT
0.09,0.14,11.095742947368118,2.7746193412857587,1.0,3,PROJECT001C__014.DZT
0.09,0.14500000000000002,11.095742947368118,2.768013745343383,1.0,3,PROJECT001C__014.DZT
0.09,0.15000000000000002,11.095742947368118,2.7611331694058774,1.0,3,PROJECT001C__014.DZT
0.09,0.15500000000000003,11.095742947368118,2.754194074670917,1.0,3,PROJECT001C__014.DZT
0.09,0.15999999999999998,11.095742947368118,2.747367540204337,1.0,3,PROJECT001C__014.DZT
0.09,0.16499999999999998,11.095742947368118,2.7408200018558126,1.0,3,PROJECT001C__014.DZT
0.09,0.16999999999999998,11.095742947368118,2.734356654588339,1.0,3,PROJECT001C__014.DZT
0.09,0.175,11.095742947368118,2.7282235219226103,1.0,3,PROJECT001C__014.DZT
0.09,0.18,11.095742947368118,2.7222453378139746,1.0,3,PROJECT001C__014.DZT
0.09,0.185,11.095742947368118,2.716330830907658,1.0,3,PROJECT001C__014.DZT
0.09,0.19,11.095742947368118,2.7104303865405135,1.0,3,PROJECT001C__014.DZT
0.09,0.195,11.095742947368118,2.7044115547979373,1.0,3,PROJECT001C__014.DZT
0.09,0.2,11.095742947368118,2.6985426562521813,1.0,3,PROJECT001C__014.DZT
0.09,0.20500000000000002,11.095742947368118,2.692671018595501,1.0,3,PROJECT001C__014.DZT
0.09,0.21000000000000002,11.095742947368118,2.6866744179470827,1.0,3,PROJECT001C__014.DZT
0.09,0.21500000000000002,11.095742947368118,2.6807975429958653,1.0,3,PROJECT001C__014.DZT
0.09,0.22000000000000003,11.095742947368118,2.674741363333761,1.0,3,PROJECT001C__014.DZT
0.09,0.22500000000000003,11.095742947368118,2.6684647563273742,1.0,3,PROJECT001C__014.DZT
0.09,0.23000000000000004,11.095742947368118,2.662152730311371,1.0,3,PROJECT001C__014.DZT
0.09,0.23500000000000004,11.095742947368118,2.65567767809884,1.0,3,PROJECT001C__014.DZT
0.09,0.24,11.095742947368118,2.648919281982518,1.0,3,PROJECT001C__014.DZT
0.09,0.245,11.095742947368118,2.642242534004879,1.0,3,PROJECT001C__014.DZT
0.09,0.25,11.095742947368118,2.635561569043969,1.0,3,PROJECT001C__014.DZT
0.092,-0.05,10.618563075813064,2.9991953247811267,1.0,3,PROJECT001C__014.DZT
0.092,-0.045000000000000005,10.618563075813064,2.995502243318947,1.0,3,PROJECT001C__014.DZT
0.092,-0.04,10.618563075813064,2.991604950612557,1.0,3,PROJECT001C__014.DZT
0.092,-0.035,10.618563075813064,2.9875756330516743,1.0,3,PROJECT001C__014.DZT
0.092,-0.030000000000000002,10.618563075813064,2.9832005201710907,1.0,3,PROJECT001C__014.DZT
0.092,-0.025,10.618563075813064,2.978691584106333,1.0,3,PROJECT001C__014.DZT
0.092,-0.020000000000000004,10.618563075813064,2.9742412259529014,1.0,3,PROJECT001C__014.DZT
0.092,-0.015,10.618563075813064,2.969782560785282,1.0,3,PROJECT001C__014.DZT
0.092,-0.010000000000000002,10.618563075813064,2.965219968796095,1.0,3,PROJECT001C__014.DZT
0.092,-0.0050000000000000044,10.618563075813064,2.9607897324992742,1.0,3,PROJECT001C__014.DZT
0.092,0.0,10.618563075813064,2.9564335788710623,1.0,3,PROJECT001C__014.DZT
0.092,0.0049999999999999975,10.618563075813064,2.9520831688276594,1.0,3,PROJECT001C__014.DZT
0.092,0.009999999999999995,10.618563075813064,2.947699991868842,1.0,3,PROJECT001C__014.DZT
0.092,0.015,10.618563075813064,2.943213469663371,1.0,3,PROJECT001C__014.DZT
0.092,0.020000000000000004,10.618563075813064,2.9385412847637267,1.0,3,PROJECT001C__014.DZT
0.092,0.024999999999999994,10.618563075813064,2.933696568021022,1.0,3,PROJECT001C__014.DZT
0.092,0.03,10.618563075813064,2.928874238324434,1.0,3,PROJECT001C__014.DZT
0.092,0.035,10.618563075813064,2.924013518880841,1.0,3,PROJECT001C__014.DZT
0.092,0.039999999999999994,10.618563075813064,2.9191916556460202,1.0,3,PROJECT001C__014.DZT
0.092,0.045,10.618563075813064,2.9143875694510193,1.0,3,PROJECT001C__014.DZT
0.092,0.05,10.618563075813064,2.909468506373752,1.0,3,PROJECT001C__014.DZT
0.092,0.05499999999999999,10.618563075813064,2.9045193163100667,1.0,3,PROJECT001C__014.DZT
0.092,0.06,10.618563075813064,2.899477255233354,1.0,3,PROJECT001C__014.DZT
0.092,0.065,10.618563075813064,2.894291072224228,1.0,3,PROJECT001C__014.DZT
0.092,0.06999999999999999,10.618563075813064,2.889217707667008,1.0,3,PROJECT001C__014.DZT
0.092,0.075,10.618563075813064,2.8841646367973954,1.0,3,PROJECT001C__014.DZT
0.092,0.08,10.618563075813064,2.879174232583536,1.0,3,PROJECT001C__014.DZT
0.092,0.085,10.618563075813064,2.8742880998858555,1.0,3,PROJECT001C__014.DZT
0.092,0.09000000000000001,10.618563075813064,2.869527431637097,1.0,3,PROJECT001C__014.DZT
0.092,0.09499999999999999,10.618563075813064,2.864875130100651,1.0,3,PROJECT001C__014.DZT
0.092,0.09999999999999999,10.618563075813064,2.860183964195263,1.0,3,PROJECT001C__014.DZT
0.092,0.105,10.618563075813064,2.8554913442032976,1.0,3,PROJECT001C__014.DZT
0.092,0.11,10.618563075813064,2.850629794631928,1.0,3,PROJECT001C__014.DZT
0.092,0.115,10.618563075813064,2.84549243830579,1.0,3,PROJECT001C__014.DZT
0.092,0.12000000000000001,10.618563075813064,2.8401978541189816,1.0,3,PROJECT001C__014.DZT
0.092,0.125,10.618563075813064,2.834719683442783,1.0,3,PROJECT001C__014.DZT
0.092,0.13,10.618563075813064,2.8293093942989773,1.0,3,PROJECT001C__014.DZT
0.092,0.135,10.618563075813064,2.8236871317986427,1.0,3,PROJECT001C__014.DZT
0.092,0.14,10.618563075813064,2.8179591856016764,1.0,3,PROJECT001C__014.DZT
0.092,0.14500000000000002,10.618563075813064,2.8119839849470836,1.0,3,PROJECT001C__014.DZT
0.092,0.15000000000000002,10.618563075813064,2.805816337096028,1.0,3,PROJECT001C__014.DZT
0.092,0.15500000000000003,10.618563075813064,2.799317146031612,1.0,3,PROJECT001C__014.DZT
0.092,0.15999999999999998,10.618563075813064,2.7927539005631927,1.0,3,PROJECT001C__014.DZT
0.092,0.16499999999999998,10.618563075813064,2.78618231977611,1.0,3,PROJECT001C__014.DZT
0.092,0.16999999999999998,10.618563075813064,2.7797742594583372,1.0,3,PROJECT001C__014.DZT
0.092,0.175,10.618563075813064,2.773490111275408,1.0,3,PROJECT001C__014.DZT
0.092,0.18,10.618563075813064,2.767171617212114,1.0,3,PROJECT001C__014.DZT
0.092,0.185,10.618563075813064,2.760840783526128,1.0,3,PROJECT001C__014.DZT
0.092,0.19,10.618563075813064,2.754650634409814,1.0,3,PROJECT001C__014.DZT
0.092,0.195,10.618563075813064,2.748219970396749,1.0,3,PROJECT001C__014.DZT
0.092,0.2,10.618563075813064,2.7416619165316543,1.0,3,PROJECT001C__014.DZT
0.092,0.20500000000000002,10.618563075813064,2.7349840270588026,1.0,3,PROJECT001C__014.DZT
0.092,0.21000000000000002,10.618563075813064,2.728167567893602,1.0,3,PROJECT001C__014.DZT
0.092,0.21500000000000002,10.618563075813064,2.721239956362961,1.0,3,PROJECT001C__014.DZT
0.092,0.22000000000000003,10.618563075813064,2.714069660218231,1.0,3,PROJECT001C__014.DZT
0.092,0.22500000000000003,10.618563075813064,2.706738803981839,1.0,3,PROJECT001C__014.DZT
0.092,0.23000000000000004,10.618563075813064,2.6995807554588396,1.0,3,PROJECT001C__014.DZT
0.092,0.23500000000000004,10.618563075813064,2.6922732726311605,1.0,3,PROJECT001C__014.DZT
0.092,0.24,10.618563075813064,2.685089829276024,1.0,3,PROJECT001C__014.DZT
0.092,0.245,10.618563075813064,2.6780554303895805,1.0,3,PROJECT001C__014.DZT
0.092,0.25,10.618563075813064,2.6711083630488464,1.0,3,PROJECT001C__014.DZT
0.094,-0.05,10.171516282671089,3.0254095244677046,1.0,3,PROJECT001C__014.DZT
0.094,-0.045000000000000005,10.171516282671089,3.0221748287873815,1.0,3,PROJECT001C__014.DZT
0.094,-0.04,10.171516282671089,3.019072743830135,1.0,3,PROJECT001C__014.DZT
0.094,-0.035,10.171516282671089,3.01601283552642,1.0,3,PROJECT001C__014.DZT
0.094,-0.030000000000000002,10.171516282671089,3.012928039796787,1.0,3,PROJECT001C__014.DZT
0.094,-0.025,10.171516282671089,3.009883545734967,1.0,3,PROJECT001C__014.DZT
0.094,-0.020000000000000004,10.171516282671089,3.0067584104635245,1.0,3,PROJECT001C__014.DZT
0.094,-0.015,10.171516282671089,3.003574415153123,1.0,3,PROJECT001C__014.DZT
0.094,-0.010000000000000002,10.171516282671089,3.000192256556891,1.0,3,PROJECT001C__014.DZT
0.094,-0.0050000000000000044,10.171516282671089,2.9966813681790945,1.0,3,PROJECT001C__014.DZT
0.094,0.0,10.171516282671089,2.992788909755655,1.0,3,PROJECT001C__014.DZT
0.094,0.0049999999999999975,10.171516282671089,2.9887972062087598,1.0,3,PROJECT001C__014.DZT
0.094,0.009999999999999995,10.171516282671089,2.9846884283935995,1.0,3,PROJECT001C__014.DZT
0.094,0.015,10.171516282671089,2.9803899096243014,1.0,3,PROJECT001C__014.DZT
0.094,0.020000000000000004,10.171516282671089,2.9761857217452565,1.0,3,PROJECT001C__014.DZT
0.094,0.024999999999999994,10.171516282671089,2.971821113295377,1.0,3,PROJECT001C__014.DZT
0.094,0.03,10.171516282671089,2.967276039737167,1.0,3,PROJECT001C__014.DZT
0.094,0.035,10.171516282671089,2.962588491705192,1.0,3,PROJECT001C__014.DZT
0.094,0.039999999999999994,10.171516282671089,2.957854496488395,1.0,3,PROJECT001C__014.DZT
0.094,0.045,10.171516282671089,2.9527943832207346,1.0,3,PROJECT001C__014.DZT
0.094,0.05,10.171516282671089,2.9477662706313605,1.0,3,PROJECT001C__014.DZT
0.094,0.05499999999999999,10.171516282671089,2.9426678480641217,1.0,3,PROJECT001C__014.DZT
0.094,0.06,10.171516282671089,2.9376664701147397,1.0,3,PROJECT001C__014.DZT
0.094,0.065,10.171516282671089,2.9327517703286823,1.0,3,PROJECT001C__014.DZT
0.094,0.06999999999999999,10.171516282671089,2.9280659505591324,1.0,3,PROJECT001C__014.DZT
0.094,0.075,10.171516282671089,2.9233754071675793,1.0,3,PROJECT001C__014.DZT
0.094,0.08,10.171516282671089,2.9188263936205607,1.0,3,PROJECT001C__014.DZT
0.094,0.085,10.171516282671089,2.914229057400099,1.0,3,PROJECT001C__014.DZT
0.094,0.09000000000000001,10.171516282671089,2.9093831873615734,1.0,3,PROJECT001C__014.DZT
0.094,0.09499999999999999,10.171516282671089,2.9045659457568784,1.0,3,PROJECT001C__014.DZT
0.094,0.09999999999999999,10.171516282671089,2.8997207891988506,1.0,3,PROJECT001C__014.DZT
0.094,0.105,10.171516282671089,2.894720217701158,1.0,3,PROJECT001C__014.DZT
0.094,0.11,10.171516282671089,2.8896571516469263,1.0,3,PROJECT001C__014.DZT
0.094,0.115,10.171516282671089,2.884658338941943,1.0,3,PROJECT001C__014.DZT
0.094,0.12000000000000001,10.171516282671089,2.879493052186598,1.0,3,PROJECT001C__014.DZT
0.094,0.125,10.171516282671089,2.8742227388212895,1.0,3,PROJECT001C__014.DZT
0.094,0.13,10.171516282671089,2.8688391511718763,1.0,3,PROJECT001C__014.DZT
0.094,0.135,10.171516282671089,2.8633495419579273,1.0,3,PROJECT001C__014.DZT
0.094,0.14,10.171516282671089,2.8576953311768314,1.0,3,PROJECT001C__014.DZT
0.094,0.14500000000000002,10.171516282671089,2.8518604392013454,1.0,3,PROJECT001C__014.DZT
0.094,0.15000000000000002,10.171516282671089,2.84606457814046,1.0,3,PROJECT001C__014.DZT
0.094,0.15500000000000003,10.171516282671089,2.840470637832151,1.0,3,PROJECT001C__014.DZT
0.094,0.15999999999999998,10.171516282671089,2.835051652707751,1.0,3,PROJECT001C__014.DZT
0.094,0.16499999999999998,10.171516282671089,2.829776919161109,1.0,3,PROJECT001C__014.DZT
0.094,0.16999999999999998,10.171516282671089,2.8244046570828423,1.0,3,PROJECT001C__014.DZT
0.094,0.175,10.171516282671089,2.8188445797251127,1.0,3,PROJECT001C__014.DZT
0.094,0.18,10.171516282671089,2.8128932429515814,1.0,3,PROJECT001C__014.DZT
0.094,0.185,10.171516282671089,2.8066065149101678,1.0,3,PROJECT001C__014.DZT
0.094,0.19,10.171516282671089,2.800148057492411,1.0,3,PROJECT001C__014.DZT
0.094,0.195,10.171516282671089,2.7935218800235213,1.0,3,PROJECT001C__014.DZT
0.094,0.2,10.171516282671089,2.7868349160675354,1.0,3,PROJECT001C__014.DZT
0.094,0.20500000000000002,10.171516282671089,2.780031575029336,1.0,3,PROJECT001C__014.DZT
0.094,0.21000000000000002,10.171516282671089,2.7731264578617285,1.0,3,PROJECT001C__014.DZT
0.094,0.21500000000000002,10.171516282671089,2.7660947579832817,1.0,3,PROJECT001C__014.DZT
0.094,0.22000000000000003,10.171516282671089,2.7588376601365923,1.0,3,PROJECT001C__014.DZT
0.094,0.22500000000000003,10.171516282671089,2.7514084926914286,1.0,3,PROJECT001C__014.DZT
0.094,0.23000000000000004,10.171516282671089,2.743929413828644,1.0,3,PROJECT001C__014.DZT
0.094,0.23500000000000004,10.171516282671089,2.7364291555688687,1.0,3,PROJECT001C__014.DZT
0.094,0.24,10.171516282671089,2.7289661944641033,1.0,3,PROJECT001C__014.DZT
0.094,0.245,10.171516282671089,2.721751142215767,1.0,3,PROJECT001C__014.DZT
0.094,0.25,10.171516282671089,2.7147862037664527,1.0,3,PROJECT001C__014.DZT
0.096,-0.05,9.75211782483526,3.0489573041682263,1.0,3,PROJECT001C__014.DZT
0.096,-0.045000000000000005,9.75211782483526,3.046022437632049,1.0,3,PROJECT001C__014.DZT
0.096,-0.04,9.75211782483526,3.04293452770623,1.0,3,PROJECT001C__014.DZT
0.096,-0.035,9.75211782483526,3.0397255770032867,1.0,3,PROJECT001C__014.DZT
0.096,-0.030000000000000002,9.75211782483526,3.0363550744879664,1.0,3,PROJECT001C__014.DZT
0.096,-0.025,9.75211782483526,3.0330411829258033,1.0,3,PROJECT001C__014.DZT
0.096,-0.020000000000000004,9.75211782483526,3.0296096655396045,1.0,3,PROJECT001C__014.DZT
0.096,-0.015,9.75211782483526,3.026186308221222,1.0,3,PROJECT001C__014.DZT
0.096,-0.010000000000000002,9.75211782483526,3.022771671529895,1.0,3,PROJECT001C__014.DZT
0.096,-0.0050000000000000044,9.75211782483526,3.0195577742205124,1.0,3,PROJECT001C__014.DZT
0.096,0.0,9.75211782483526,3.0163655362848334,1.0,3,PROJECT001C__014.DZT
0.096,0.0049999999999999975,9.75211782483526,3.0131904654136146,1.0,3,PROJECT001C__014.DZT
0.096,0.009999999999999995,9.75211782483526,3.01005788315817,1.0,3,PROJECT001C__014.DZT
0.096,0.015,9.75211782483526,3.0068748307179374,1.0,3,PROJECT001C__014.DZT
0.096,0.020000000000000004,9.75211782483526,3.0037595355792024,1.0,3,PROJECT001C__014.DZT
0.096,0.024999999999999994,9.75211782483526,3.0003974266876265,1.0,3,PROJECT001C__014.DZT
0.096,0.03,9.75211782483526,2.9971806966894454,1.0,3,PROJECT001C__014.DZT
0.096,0.035,9.75211782483526,2.993812559039093,1.0,3,PROJECT001C__014.DZT
0.096,0.039999999999999994,9.75211782483526,2.9902303485069406,1.0,3,PROJECT001C__014.DZT
0.096,0.045,9.75211782483526,2.9864506141191183,1.0,3,PROJECT001C__014.DZT
0.096,0.05,9.75211782483526,2.982608852108165,1.0,3,PROJECT001C__014.DZT
0.096,0.05499999999999999,9.75211782483526,2.9783208781427235,1.0,3,PROJECT001C__014.DZT
0.096,0.06,9.75211782483526,2.973814496592197,1.0,3,PROJECT001C__014.DZT
0.096,0.065,9.75211782483526,2.9691268722395563,1.0,3,PROJECT001C__014.DZT
0.096,0.06999999999999999,9.75211782483526,2.96417194452823,1.0,3,PROJECT001C__014.DZT
0.096,0.075,9.75211782483526,2.959084269075085,1.0,3,PROJECT001C__014.DZT
0.096,0.08,9.75211782483526,2.9540660749885213,1.0,3,PROJECT001C__014.DZT
0.096,0.085,9.75211782483526,2.94892077032042,1.0,3,PROJECT001C__014.DZT
0.096,0.09000000000000001,9.75211782483526,2.9439496540292454,1.0,3,PROJECT001C__014.DZT
0.096,0.09499999999999999,9.75211782483526,2.9389262810098558,1.0,3,PROJECT001C__014.DZT
0.096,0.09999999999999999,9.75211782483526,2.9338611913413573,1.0,3,PROJECT001C__014.DZT
0.096,0.105,9.75211782483526,2.9289552880240515,1.0,3,PROJECT001C__014.DZT
0.096,0.11,9.75211782483526,2.9242036495371426,1.0,3,PROJECT001C__014.DZT
0.096,0.115,9.75211782483526,2.919448344427303,1.0,3,PROJECT001C__014.DZT
0.096,0.12000000000000001,9.75211782483526,2.9148301474639555,1.0,3,PROJECT001C__014.DZT
0.096,0.125,9.75211782483526,2.9102859562182637,1.0,3,PROJECT001C__014.DZT
0.096,0.13,9.75211782483526,2.9057069810865515,1.0,3,PROJECT001C__014.DZT
0.096,0.135,9.75211782483526,2.9009563276731485,1.0,3,PROJECT001C__014.DZT
0.096,0.14,9.75211782483526,2.896110398183383,1.0,3,PROJECT001C__014.DZT
0.096,0.14500000000000002,9.75211782483526,2.8911084104737363,1.0,3,PROJECT001C__014.DZT
0.096,0.15000000000000002,9.75211782483526,2.885950372373801,1.0,3,PROJECT001C__014.DZT
0.096,0.15500000000000003,9.75211782483526,2.8805444328043195,1.0,3,PROJECT001C__014.DZT
0.096,0.15999999999999998,9.75211782483526,2.875105415552783,1.0,3,PROJECT001C__014.DZT
0.096,0.16499999999999998,9.75211782483526,2.8696509178393357,1.0,3,PROJECT001C__014.DZT
0.096,0.16999999999999998,9.75211782483526,2.863898396994475,1.0,3,PROJECT001C__014.DZT
0.096,0.175,9.75211782483526,2.8581535154876065,1.0,3,PROJECT001C__014.DZT
0.096,0.18,9.75211782483526,2.852255835868146,1.0,3,PROJECT001C__014.DZT
0.096,0.185,9.75211782483526,2.8464339805236345,1.0,3,PROJECT001C__014.DZT
0.096,0.19,9.75211782483526,2.8406214812609893,1.0,3,PROJECT001C__014.DZT
0.096,0.195,9.75211782483526,2.8347004178484734,1.0,3,PROJECT001C__014.DZT
0.096,0.2,9.75211782483526,2.8285783627117898,1.0,3,PROJECT001C__014.DZT
0.096,0.20500000000000002,9.75211782483526,2.8224121921413405,1.0,3,PROJECT001C__014.DZT
0.096,0.21000000000000002,9.75211782483526,2.815892455109534,1.0,3,PROJECT001C__014.DZT
0.096,0.21500000000000002,9.75211782483526,2.809363210669964,1.0,3,PROJECT001C__014.DZT
0.096,0.22000000000000003,9.75211782483526,2.8028044120141735,1.0,3,PROJECT001C__014.DZT
0.096,0.22500000000000003,9.75211782483526,2.7960109632919523,1.0,3,PROJECT001C__014.DZT
0.096,0.23000000000000004,9.75211782483526,2.7891593966327037,1.0,3,PROJECT001C__014.DZT
0.096,0.23500000000000004,9.75211782483526,2.7822481810531126,1.0,3,PROJECT001C__014.DZT
0.096,0.24,9.75211782483526,2.774977280729606,1.0,3,PROJECT001C__014.DZT
0.096,0.245,9.75211782483526,2.7677447430533437,1.0,3,PROJECT001C__014.DZT
0.096,0.25,9.75211782483526,2.7603366669114258,1.0,3,PROJECT001C__014.DZT
0.098,-0.05,9.358133889387936,3.0666624382128718,1.0,3,PROJECT001C__014.DZT
0.098,-0.045000000000000005,9.358133889387936,3.0638024222464293,1.0,3,PROJECT001C__014.DZT
0.098,-0.04,9.358133889387936,3.0609755697561893,1.0,3,PROJECT001C__014.DZT
0.098,-0.035,9.358133889387936,3.0580813629993195,1.0,3,PROJECT001C__014.DZT
0.098,-0.030000000000000002,9.358133889387936,3.0551980231694866,1.0,3,PROJECT001C__014.DZT
0.098,-0.025,9.358133889387936,3.0524354347229394,1.0,3,PROJECT001C__014.DZT
0.098,-0.020000000000000004,9.358133889387936,3.049746575459856,1.0,3,PROJECT001C__014.DZT
0.098,-0.015,9.358133889387936,3.0469410127853647,1.0,3,PROJECT001C__014.DZT
0.098,-0.010000000000000002,9.358133889387936,3.0441701505656984,1.0,3,PROJECT001C__014.DZT
0.098,-0.0050000000000000044,9.358133889387936,3.041414337922846,1.0,3,PROJECT001C__014.DZT
0.098,0.0,9.358133889387936,3.0385813481251653,1.0,3,PROJECT001C__014.DZT
0.098,0.0049999999999999975,9.358133889387936,3.0356980742900284,1.0,3,PROJECT001C__014.DZT
0.098,0.009999999999999995,9.358133889387936,3.032894638875916,1.0,3,PROJECT001C__014.DZT
0.098,0.015,9.358133889387936,3.029793013321532,1.0,3,PROJECT001C__014.DZT
0.098,0.020000000000000004,9.358133889387936,3.0264784439340358,1.0,3,PROJECT001C__014.DZT
0.098,0.024999999999999994,9.358133889387936,3.023296336874377,1.0,3,PROJECT001C__014.DZT
0.098,0.03,9.358133889387936,3.020002740826192,1.0,3,PROJECT001C__014.DZT
0.098,0.035,9.358133889387936,3.0165135748609107,1.0,3,PROJECT001C__014.DZT
0.098,0.039999999999999994,9.358133889387936,3.013068197690806,1.0,3,PROJECT001C__014.DZT
0.098,0.045,9.358133889387936,3.0094769167520283,1.0,3,PROJECT001C__014.DZT
0.098,0.05,9.358133889387936,3.005673464410933,1.0,3,PROJECT001C__014.DZT
0.098,0.05499999999999999,9.358133889387936,3.0017797425569746,1.0,3,PROJECT001C__014.DZT
0.098,0.06,9.358133889387936,2.997848497985959,1.0,3,PROJECT001C__014.DZT
0.098,0.065,9.358133889387936,2.993907275700279,1.0,3,PROJECT001C__014.DZT
0.098,0.06999999999999999,9.358133889387936,2.990084150967366,1.0,3,PROJECT001C__014.DZT
0.098,0.075,9.358133889387936,2.986260007601402,1.0,3,PROJECT001C__014.DZT
0.098,0.08,9.358133889387936,2.9825004638609123,1.0,3,PROJECT001C__014.DZT
0.098,0.085,9.358133889387936,2.9788278884852235,1.0,3,PROJECT001C__014.DZT
0.098,0.09000000000000001,9.358133889387936,2.9749897559643195,1.0,3,PROJECT001C__014.DZT
0.098,0.09499999999999999,9.358133889387936,2.971049895091055,1.0,3,PROJECT001C__014.DZT
0.098,0.09999999999999999,9.358133889387936,2.9668803572645803,1.0,3,PROJECT001C__014.DZT
0.098,0.105,9.358133889387936,2.96235260290675,1.0,3,PROJECT001C__014.DZT
0.098,0.11,9.358133889387936,2.9576571261102025,1.0,3,PROJECT001C__014.DZT
0.098,0.115,9.358133889387936,2.9529348790039847,1.0,3,PROJECT001C__014.DZT
0.098,0.12000000000000001,9.358133889387936,2.947873070559076,1.0,3,PROJECT001C__014.DZT
0.098,0.125,9.358133889387936,2.9427118149796416,1.0,3,PROJECT001C__014.DZT
0.098,0.13,9.358133889387936,2.9374585974208465,1.0,3,PROJECT001C__014.DZT
0.098,0.135,9.358133889387936,2.9320451212811434,1.0,3,PROJECT001C__014.DZT
0.098,0.14,9.358133889387936,2.926676231559369,1.0,3,PROJECT001C__014.DZT
0.098,0.14500000000000002,9.358133889387936,2.9213502549026447,1.0,3,PROJECT001C__014.DZT
0.098,0.15000000000000002,9.358133889387936,2.9160547631544946,1.0,3,PROJECT001C__014.DZT
0.098,0.15500000000000003,9.358133889387936,2.910906747381757,1.0,3,PROJECT001C__014.DZT
0.098,0.15999999999999998,9.358133889387936,2.9058807858926596,1.0,3,PROJECT001C__014.DZT
0.098,0.16499999999999998,9.358133889387936,2.90101636680606,1.0,3,PROJECT001C__014.DZT
0.098,0.16999999999999998,9.358133889387936,2.896345503466564,1.0,3,PROJECT001C__014.DZT
0.098,0.175,9.358133889387936,2.891725560464234,1.0,3,PROJECT001C__014.DZT
0.098,0.18,9.358133889387936,2.8872231102963943,1.0,3,PROJECT001C__014.DZT
0.098,0.185,9.358133889387936,2.8826015396236606,1.0,3,PROJECT001C__014.DZT
0.098,0.19,9.358133889387936,2.877917134822855,1.0,3,PROJECT001C__014.DZT
0.098,0.195,9.358133889387936,2.8731031984624464,1.0,3,PROJECT001C__014.DZT
0.098,0.2,9.358133889387936,2.8678159764729583,1.0,3,PROJECT001C__014.DZT
0.098,0.20500000000000002,9.358133889387936,2.862178467412104,1.0,3,PROJECT001C__014.DZT
0.098,0.21000000000000002,9.358133889387936,2.8564239216054315,1.0,3,PROJECT001C__014.DZT
0.098,0.21500000000000002,9.358133889387936,2.850329212590857,1.0,3,PROJECT001C__014.DZT
0.098,0.22000000000000003,9.358133889387936,2.843819896011673,1.0,3,PROJECT001C__014.DZT
0.098,0.22500000000000003,9.358133889387936,2.837139260136334,1.0,3,PROJECT001C__014.DZT
0.098,0.23000000000000004,9.358133889387936,2.8300536100603395,1.0,3,PROJECT001C__014.DZT
0.098,0.23500000000000004,9.358133889387936,2.822851205889888,1.0,3,PROJECT001C__014.DZT
0.098,0.24,9.358133889387936,2.8156418720596696,1.0,3,PROJECT001C__014.DZT
0.098,0.245,9.358133889387936,2.8084087780275246,1.0,3,PROJECT001C__014.DZT
0.098,0.25,9.358133889387936,2.8013135957117967,1.0,3,PROJECT001C__014.DZT
0.1,-0.05,8.987551787368176,3.0839461393531344,1.0,3,PROJECT001C__014.DZT
0.1,-0.045000000000000005,8.987551787368176,3.0817588695666447,1.0,3,PROJECT001C__014.DZT
0.1,-0.04,8.987551787368176,3.079323155958331,1.0,3,PROJECT001C__014.DZT
0.1,-0.035,8.987551787368176,3.0766472619273366,1.0,3,PROJECT001C__014.DZT
0.1,-0.030000000000000002,8.987551787368176,3.0739045505524216,1.0,3,PROJECT001C__014.DZT
0.1,-0.025,8.987551787368176,3.071007970420906,1.0,3,PROJECT001C__014.DZT
0.1,-0.020000000000000004,8.987551787368176,3.068017253780655,1.0,3,PROJECT001C__014.DZT
0.1,-0.015,8.987551787368176,3.065082401980165,1.0,3,PROJECT001C__014.DZT
0.1,-0.010000000000000002,8.987551787368176,3.062227709636866,1.0,3,PROJECT001C__014.DZT
0.1,-0.0050000000000000044,8.987551787368176,3.0592770385254937,1.0,3,PROJECT001C__014.DZT
0.1,0.0,8.987551787368176,3.056405286923502,1.0,3,PROJECT001C__014.DZT
0.1,0.0049999999999999975,8.987551787368176,3.0534878275253994,1.0,3,PROJECT001C__014.DZT
0.1,0.009999999999999995,8.987551787368176,3.050530056494352,1.0,3,PROJECT001C__014.DZT
0.1,0.015,8.987551787368176,3.0475041391215907,1.0,3,PROJECT001C__014.DZT
0.1,0.020000000000000004,8.987551787368176,3.0445565013641267,1.0,3,PROJECT001C__014.DZT
0.1,0.024999999999999994,8.987551787368176,3.0415855822895193,1.0,3,PROJECT001C__014.DZT
0.1,0.03,8.987551787368176,3.038641877609576,1.0,3,PROJECT001C__014.DZT
0.1,0.035,8.987551787368176,3.035912026632397,1.0,3,PROJECT001C__014.DZT
0.1,0.039999999999999994,8.987551787368176,3.033070481965254,1.0,3,PROJECT001C__014.DZT
0.1,0.045,8.987551787368176,3.030046569623973,1.0,3,PROJECT001C__014.DZT
0.1,0.05,8.987551787368176,3.0268766151617275,1.0,3,PROJECT001C__014.DZT
0.1,0.05499999999999999,8.987551787368176,3.0235705710845617,1.0,3,PROJECT001C__014.DZT
0.1,0.06,8.987551787368176,3.020188634439233,1.0,3,PROJECT001C__014.DZT
0.1,0.065,8.987551787368176,3.016804384062232,1.0,3,PROJECT001C__014.DZT
0.1,0.06999999999999999,8.987551787368176,3.013377462558354,1.0,3,PROJECT001C__014.DZT
0.1,0.075,8.987551787368176,3.0099954066125107,1.0,3,PROJECT001C__014.DZT
0.1,0.08,8.987551787368176,3.006511619924051,1.0,3,PROJECT001C__014.DZT
0.1,0.085,8.987551787368176,3.002774078419305,1.0,3,PROJECT001C__014.DZT
0.1,0.09000000000000001,8.987551787368176,2.99892065871869,1.0,3,PROJECT001C__014.DZT
0.1,0.09499999999999999,8.987551787368176,2.9950156036772433,1.0,3,PROJECT001C__014.DZT
0.1,0.09999999999999999,8.987551787368176,2.9909465120122505,1.0,3,PROJECT001C__014.DZT
0.1,0.105,8.987551787368176,2.9867965660651676,1.0,3,PROJECT001C__014.DZT
0.1,0.11,8.987551787368176,2.982626265469492,1.0,3,PROJECT001C__014.DZT
0.1,0.115,8.987551787368176,2.978405771095419,1.0,3,PROJECT001C__014.DZT
0.1,0.12000000000000001,8.987551787368176,2.97416298350848,1.0,3,PROJECT001C__014.DZT
0.1,0.125,8.987551787368176,2.969614404536014,1.0,3,PROJECT001C__014.DZT
0.1,0.13,8.987551787368176,2.9650027465406272,1.0,3,PROJECT001C__014.DZT
0.1,0.135,8.987551787368176,2.960279584849514,1.0,3,PROJECT001C__014.DZT
0.1,0.14,8.987551787368176,2.9554191758569335,1.0,3,PROJECT001C__014.DZT
0.1,0.14500000000000002,8.987551787368176,2.950691408234084,1.0,3,PROJECT001C__014.DZT
0.1,0.15000000000000002,8.987551787368176,2.94590966803233,1.0,3,PROJECT001C__014.DZT
0.1,0.15500000000000003,8.987551787368176,2.941045066450949,1.0,3,PROJECT001C__014.DZT
0.1,0.15999999999999998,8.987551787368176,2.936240030746557,1.0,3,PROJECT001C__014.DZT
0.1,0.16499999999999998,8.987551787368176,2.9314348418302685,1.0,3,PROJECT001C__014.DZT
0.1,0.16999999999999998,8.987551787368176,2.9265121716618503,1.0,3,PROJECT001C__014.DZT
0.1,0.175,8.987551787368176,2.921535019082107,1.0,3,PROJECT001C__014.DZT
0.1,0.18,8.987551787368176,2.916473969655154,1.0,3,PROJECT001C__014.DZT
0.1,0.185,8.987551787368176,2.9112315436288987,1.0,3,PROJECT001C__014.DZT
0.1,0.19,8.987551787368176,2.905984117199194,1.0,3,PROJECT001C__014.DZT
0.1,0.195,8.987551787368176,2.9006636001178467,1.0,3,PROJECT001C__014.DZT
0.1,0.2,8.987551787368176,2.895397303511588,1.0,3,PROJECT001C__014.DZT
0.1,0.20500000000000002,8.987551787368176,2.8900743842144827,1.0,3,PROJECT001C__014.DZT
0.1,0.21000000000000002,8.987551787368176,2.8846319272481016,1.0,3,PROJECT001C__014.DZT
0.1,0.21500000000000002,8.987551787368176,2.8794975220784216,1.0,3,PROJECT001C__014.DZT
0.1,0.22000000000000003,8.987551787368176,2.874193998044889,1.0,3,PROJECT001C__014.DZT
0.1,0.22500000000000003,8.987551787368176,2.8688176578059448,1.0,3,PROJECT001C__014.DZT
0.1,0.23000000000000004,8.987551787368176,2.8637247466213744,1.0,3,PROJECT001C__014.DZT
0.1,0.23500000000000004,8.987551787368176,2.8586130673697334,1.0,3,PROJECT001C__014.DZT
0.1,0.24,8.987551787368176,2.8533659076697586,1.0,3,PROJECT001C__014.DZT
0.1,0.245,8.987551787368176,2.8479305367240806,1.0,3,PROJECT001C__014.DZT
0.1,0.25,8.987551787368176,2.8419794653643886,1.0,3,PROJECT001C__014.DZT
0.10200000000000001,-0.05,8.638554197777946,3.0964689336637528,1.0,3,PROJECT001C__014.DZT
0.10200000000000001,-0.045000000000000005,8.638554197777946,3.094456208786072,1.0,3,PROJECT001C__014.DZT
0.10200000000000001,-0.04,8.638554197777946,3.0923218453367354,1.0,3,PROJECT001C__014.DZT
0.10200000000000001,-0.035,8.638554197777946,3.0900801081493956,1.0,3,PROJECT001C__014.DZT
0.10200000000000001,-0.030000000000000002,8.638554197777946,3.087688080403794,1.0,3,PROJECT001C__014.DZT
0.10200000000000001,-0.025,8.638554197777946,3.0851714198668536,1.0,3,PROJECT001C__014.DZT
0.10200000000000001,-0.020000000000000004,8.638554197777946,3.082596377267825,1.0,3,PROJECT001C__014.DZT
0.10200000000000001,-0.015,8.638554197777946,3.0798997085600193,1.0,3,PROJECT001C__014.DZT
0.10200000000000001,-0.010000000000000002,8.638554197777946,3.0772417562010315,1.0,3,PROJECT001C__014.DZT
0.10200000000000001,-0.0050000000000000044,8.638554197777946,3.074473020527124,1.0,3,PROJECT001C__014.DZT
0.10200000000000001,0.0,8.638554197777946,3.071842816507558,1.0,3,PROJECT001C__014.DZT
0.10200000000000001,0.0049999999999999975,8.638554197777946,3.0692425988287617,1.0,3,PROJECT001C__014.DZT
0.10200000000000001,0.009999999999999995,8.638554197777946,3.066651980502155,1.0,3,PROJECT001C__014.DZT
0.10200000000000001,0.015,8.638554197777946,3.064131074653845,1.0,3,PROJECT001C__014.DZT
0.10200000000000001,0.020000000000000004,8.638554197777946,3.0617207034764657,1.0,3,PROJECT001C__014.DZT
0.10200000000000001,0.024999999999999994,8.638554197777946,3.059197443669523,1.0,3,PROJECT001C__014.DZT
0.10200000000000001,0.03,8.638554197777946,3.056517076727294,1.0,3,PROJECT001C__014.DZT
0.10200000000000001,0.035,8.638554197777946,3.0537759475435178,1.0,3,PROJECT001C__014.DZT
0.10200000000000001,0.039999999999999994,8.638554197777946,3.0508635976864618,1.0,3,PROJECT001C__014.DZT
0.10200000000000001,0.045,8.638554197777946,3.047760554225176,1.0,3,PROJECT001C__014.DZT
0.10200000000000001,0.05,8.638554197777946,3.0445218424273786,1.0,3,PROJECT001C__014.DZT
0.10200000000000001,0.05499999999999999,8.638554197777946,3.0411886765066316,1.0,3,PROJECT001C__014.DZT
0.10200000000000001,0.06,8.638554197777946,3.037835663397742,1.0,3,PROJECT001C__014.DZT
0.10200000000000001,0.065,8.638554197777946,3.034561588795384,1.0,3,PROJECT001C__014.DZT
0.10200000000000001,0.06999999999999999,8.638554197777946,3.0313151283089823,1.0,3,PROJECT001C__014.DZT
0.10200000000000001,0.075,8.638554197777946,3.027972685779819,1.0,3,PROJECT001C__014.DZT
0.10200000000000001,0.08,8.638554197777946,3.024714187645667,1.0,3,PROJECT001C__014.DZT
0.10200000000000001,0.085,8.638554197777946,3.0214707809929773,1.0,3,PROJECT001C__014.DZT
0.10200000000000001,0.09000000000000001,8.638554197777946,3.0183842646813592,1.0,3,PROJECT001C__014.DZT
0.10200000000000001,0.09499999999999999,8.638554197777946,3.015343513468411,1.0,3,PROJECT001C__014.DZT
0.10200000000000001,0.09999999999999999,8.638554197777946,3.01225658189011,1.0,3,PROJECT001C__014.DZT
0.10200000000000001,0.105,8.638554197777946,3.00917816490081,1.0,3,PROJECT001C__014.DZT
0.10200000000000001,0.11,8.638554197777946,3.00574926073928,1.0,3,PROJECT001C__014.DZT
0.10200000000000001,0.115,8.638554197777946,3.0018747572657714,1.0,3,PROJECT001C__014.DZT
0.10200000000000001,0.12000000000000001,8.638554197777946,2.9979763370561563,1.0,3,PROJECT001C__014.DZT
0.10200000000000001,0.125,8.638554197777946,2.9938495914884933,1.0,3,PROJECT001C__014.DZT
0.10200000000000001,0.13,8.638554197777946,2.989517701363327,1.0,3,PROJECT001C__014.DZT
0.10200000000000001,0.135,8.638554197777946,2.9850961178718407,1.0,3,PROJECT001C__014.DZT
0.10200000000000001,0.14,8.638554197777946,2.9805976278921325,1.0,3,PROJECT001C__014.DZT
0.10200000000000001,0.14500000000000002,8.638554197777946,2.9760222050051155,1.0,3,PROJECT001C__014.DZT
0.10200000000000001,0.15000000000000002,8.638554197777946,2.9712936635859903,1.0,3,PROJECT001C__014.DZT
0.10200000000000001,0.15500000000000003,8.638554197777946,2.9663494610190537,1.0,3,PROJECT001C__014.DZT
0.10200000000000001,0.15999999999999998,8.638554197777946,2.9615416190565873,1.0,3,PROJECT001C__014.DZT
0.10200000000000001,0.16499999999999998,8.638554197777946,2.956612114351824,1.0,3,PROJECT001C__014.DZT
0.10200000000000001,0.16999999999999998,8.638554197777946,2.951955106090345,1.0,3,PROJECT001C__014.DZT
0.10200000000000001,0.175,8.638554197777946,2.947408785285205,1.0,3,PROJECT001C__014.DZT
0.10200000000000001,0.18,8.638554197777946,2.9427850041238734,1.0,3,PROJECT001C__014.DZT
0.10200000000000001,0.185,8.638554197777946,2.9381326021571588,1.0,3,PROJECT001C__014.DZT
0.10200000000000001,0.19,8.638554197777946,2.9334751490552775,1.0,3,PROJECT001C__014.DZT
0.10200000000000001,0.195,8.638554197777946,2.928490028496323,1.0,3,PROJECT001C__014.DZT
0.10200000000000001,0.2,8.638554197777946,2.923405209759476,1.0,3,PROJECT001C__014.DZT
0.10200000000000001,0.20500000000000002,8.638554197777946,2.9179965942581316,1.0,3,PROJECT001C__014.DZT
0.10200000000000001,0.21000000000000002,8.638554197777946,2.9124095667236873,1.0,3,PROJECT001C__014.DZT
0.10200000000000001,0.21500000000000002,8.638554197777946,2.9068562643429257,1.0,3,PROJECT001C__014.DZT
0.10200000000000001,0.22000000000000003,8.638554197777946,2.9014513809317797,1.0,3,PROJECT001C__014.DZT
0.10200000000000001,0.22500000000000003,8.638554197777946,2.8960522614353685,1.0,3,PROJECT001C__014.DZT
0.10200000000000001,0.23000000000000004,8.638554197777946,2.8908142581405283,1.0,3,PROJECT001C__014.DZT
0.10200000000000001,0.23500000000000004,8.638554197777946,2.8855865759530093,1.0,3,PROJECT001C__014.DZT
0.10200000000000001,0.24,8.638554197777946,2.8802786090017,1.0,3,PROJECT001C__014.DZT
0.10200000000000001,0.245,8.638554197777946,2.8747792946458266,1.0,3,PROJECT001C__014.DZT
0.10200000000000001,0.25,8.638554197777946,2.8694787480338477,1.0,3,PROJECT001C__014.DZT
0.10400000000000001,-0.05,8.309496844830042,3.104581020203941,1.0,3,PROJECT001C__014.DZT
0.10400000000000001,-0.045000000000000005,8.309496844830042,3.102694424477317,1.0,3,PROJECT001C__014.DZT
0.10400000000000001,-0.04,8.309496844830042,3.1007516469851044,1.0,3,PROJECT001C__014.DZT
0.10400000000000001,-0.035,8.309496844830042,3.098624009343151,1.0,3,PROJECT001C__014.DZT
0.10400000000000001,-0.030000000000000002,8.309496844830042,3.096450656082091,1.0,3,PROJECT001C__014.DZT
0.10400000000000001,-0.025,8.309496844830042,3.0943636462006765,1.0,3,PROJECT001C__014.DZT
0.10400000000000001,-0.020000000000000004,8.309496844830042,3.0921333065114784,1.0,3,PROJECT001C__014.DZT
0.10400000000000001,-0.015,8.309496844830042,3.0899833749879497,1.0,3,PROJECT001C__014.DZT
0.10400000000000001,-0.010000000000000002,8.309496844830042,3.0879500306624585,1.0,3,PROJECT001C__014.DZT
0.10400000000000001,-0.0050000000000000044,8.309496844830042,3.0858772762715234,1.0,3,PROJECT001C__014.DZT
0.10400000000000001,0.0,8.309496844830042,3.0838998289836064,1.0,3,PROJECT001C__014.DZT
0.10400000000000001,0.0049999999999999975,8.309496844830042,3.0819177010335213,1.0,3,PROJECT001C__014.DZT
0.10400000000000001,0.009999999999999995,8.309496844830042,3.0797564355176745,1.0,3,PROJECT001C__014.DZT
0.10400000000000001,0.015,8.309496844830042,3.077588027418446,1.0,3,PROJECT001C__014.DZT
0.10400000000000001,0.020000000000000004,8.309496844830042,3.0753307469796987,1.0,3,PROJECT001C__014.DZT
0.10400000000000001,0.024999999999999994,8.309496844830042,3.0729304066588257,1.0,3,PROJECT001C__014.DZT
0.10400000000000001,0.03,8.309496844830042,3.0703775134413895,1.0,3,PROJECT001C__014.DZT
0.10400000000000001,0.035,8.309496844830042,3.067756352791697,1.0,3,PROJECT001C__014.DZT
0.10400000000000001,0.039999999999999994,8.309496844830042,3.0650428169033277,1.0,3,PROJECT001C__014.DZT
0.10400000000000001,0.045,8.309496844830042,3.0622502868057118,1.0,3,PROJECT001C__014.DZT
0.10400000000000001,0.05,8.309496844830042,3.059374441623543,1.0,3,PROJECT001C__014.DZT
0.10400000000000001,0.05499999999999999,8.309496844830042,3.0563645409573894,1.0,3,PROJECT001C__014.DZT
0.10400000000000001,0.06,8.309496844830042,3.0532802824954657,1.0,3,PROJECT001C__014.DZT
0.10400000000000001,0.065,8.309496844830042,3.050131533394911,1.0,3,PROJECT001C__014.DZT
0.10400000000000001,0.06999999999999999,8.309496844830042,3.0470993831049005,1.0,3,PROJECT001C__014.DZT
0.10400000000000001,0.075,8.309496844830042,3.0439062537866675,1.0,3,PROJECT001C__014.DZT
0.10400000000000001,0.08,8.309496844830042,3.0407930052878043,1.0,3,PROJECT001C__014.DZT
0.10400000000000001,0.085,8.309496844830042,3.0378404467375844,1.0,3,PROJECT001C__014.DZT
0.10400000000000001,0.09000000000000001,8.309496844830042,3.034869148508497,1.0,3,PROJECT001C__014.DZT
0.10400000000000001,0.09499999999999999,8.309496844830042,3.032083718676988,1.0,3,PROJECT001C__014.DZT
0.10400000000000001,0.09999999999999999,8.309496844830042,3.02912625387018,1.0,3,PROJECT001C__014.DZT
0.10400000000000001,0.105,8.309496844830042,3.026074649026125,1.0,3,PROJECT001C__014.DZT
0.10400000000000001,0.11,8.309496844830042,3.022926074152671,1.0,3,PROJECT001C__014.DZT
0.10400000000000001,0.115,8.309496844830042,3.019683595875137,1.0,3,PROJECT001C__014.DZT
0.10400000000000001,0.12000000000000001,8.309496844830042,3.016346725534365,1.0,3,PROJECT001C__014.DZT
0.10400000000000001,0.125,8.309496844830042,3.012996978996228,1.0,3,PROJECT001C__014.DZT
0.10400000000000001,0.13,8.309496844830042,3.0094131629170957,1.0,3,PROJECT001C__014.DZT
0.10400000000000001,0.135,8.309496844830042,3.005663971785875,1.0,3,PROJECT001C__014.DZT
0.10400000000000001,0.14,8.309496844830042,3.0016925236508807,1.0,3,PROJECT001C__014.DZT
0.10400000000000001,0.14500000000000002,8.309496844830042,2.9975482959906636,1.0,3,PROJECT001C__014.DZT
0.10400000000000001,0.15000000000000002,8.309496844830042,2.9935097135478963,1.0,3,PROJECT001C__014.DZT
0.10400000000000001,0.15500000000000003,8.309496844830042,2.9893522102903796,1.0,3,PROJECT001C__014.DZT
0.10400000000000001,0.15999999999999998,8.309496844830042,2.9851636595240083,1.0,3,PROJECT001C__014.DZT
0.10400000000000001,0.16499999999999998,8.309496844830042,2.980992382696108,1.0,3,PROJECT001C__014.DZT
0.10400000000000001,0.16999999999999998,8.309496844830042,2.9766834110376563,1.0,3,PROJECT001C__014.DZT
0.10400000000000001,0.175,8.309496844830042,2.9721469864365404,1.0,3,PROJECT001C__014.DZT
0.10400000000000001,0.18,8.309496844830042,2.967433221181107,1.0,3,PROJECT001C__014.DZT
0.10400000000000001,0.185,8.309496844830042,2.9626245235897475,1.0,3,PROJECT001C__014.DZT
0.10400000000000001,0.19,8.309496844830042,2.957612103463653,1.0,3,PROJECT001C__014.DZT
0.10400000000000001,0.195,8.309496844830042,2.9526321628464167,1.0,3,PROJECT001C__014.DZT
0.10400000000000001,0.2,8.309496844830042,2.9475326266067534,1.0,3,PROJECT001C__014.DZT
0.10400000000000001,0.20500000000000002,8.309496844830042,2.9423389839915353,1.0,3,PROJECT001C__014.DZT
0.10400000000000001,0.21000000000000002,8.309496844830042,2.9371078702480804,1.0,3,PROJECT001C__014.DZT
0.10400000000000001,0.21500000000000002,8.309496844830042,2.931892975221435,1.0,3,PROJECT001C__014.DZT
0.10400000000000001,0.22000000000000003,8.309496844830042,2.9268079465611354,1.0,3,PROJECT001C__014.DZT
0.10400000000000001,0.22500000000000003,8.309496844830042,2.921653719890259,1.0,3,PROJECT001C__014.DZT
0.10400000000000001,0.23000000000000004,8.309496844830042,2.9164062236410335,1.0,3,PROJECT001C__014.DZT
0.10400000000000001,0.23500000000000004,8.309496844830042,2.911175128729912,1.0,3,PROJECT001C__014.DZT
0.10400000000000001,0.24,8.309496844830042,2.9059019839975924,1.0,3,PROJECT001C__014.DZT
0.10400000000000001,0.245,8.309496844830042,2.9008119896024867,1.0,3,PROJECT001C__014.DZT
0.10400000000000001,0.25,8.309496844830042,2.8956346412418497,1.0,3,PROJECT001C__014.DZT
0.10600000000000001,-0.05,7.998889095201295,3.1077475536343253,1.0,3,PROJECT001C__014.DZT
0.10600000000000001,-0.045000000000000005,7.998889095201295,3.1061388171096436,1.0,3,PROJECT001C__014.DZT
0.10600000000000001,-0.04,7.998889095201295,3.1045056016567174,1.0,3,PROJECT001C__014.DZT
0.10600000000000001,-0.035,7.998889095201295,3.1029613497301924,1.0,3,PROJECT001C__014.DZT
0.10600000000000001,-0.030000000000000002,7.998889095201295,3.101473594927567,1.0,3,PROJECT001C__014.DZT
0.10600000000000001,-0.025,7.998889095201295,3.0999673933707506,1.0,3,PROJECT001C__014.DZT
0.10600000000000001,-0.020000000000000004,7.998889095201295,3.0984612941018894,1.0,3,PROJECT001C__014.DZT
0.10600000000000001,-0.015,7.998889095201295,3.0969350596862504,1.0,3,PROJECT001C__014.DZT
0.10600000000000001,-0.010000000000000002,7.998889095201295,3.0953307861156034,1.0,3,PROJECT001C__014.DZT
0.10600000000000001,-0.0050000000000000044,7.998889095201295,3.093450102109658,1.0,3,PROJECT001C__014.DZT
0.10600000000000001,0.0,7.998889095201295,3.0915339158795554,1.0,3,PROJECT001C__014.DZT
0.10600000000000001,0.0049999999999999975,7.998889095201295,3.0895939355767865,1.0,3,PROJECT001C__014.DZT
0.10600000000000001,0.009999999999999995,7.998889095201295,3.087532797475779,1.0,3,PROJECT001C__014.DZT
0.10600000000000001,0.015,7.998889095201295,3.085391999517166,1.0,3,PROJECT001C__014.DZT
0.10600000000000001,0.020000000000000004,7.998889095201295,3.083315564508787,1.0,3,PROJECT001C__014.DZT
0.10600000000000001,0.024999999999999994,7.998889095201295,3.0811628481514166,1.0,3,PROJECT001C__014.DZT
0.10600000000000001,0.03,7.998889095201295,3.078885060097727,1.0,3,PROJECT001C__014.DZT
0.10600000000000001,0.035,7.998889095201295,3.0765855166552094,1.0,3,PROJECT001C__014.DZT
0.10600000000000001,0.039999999999999994,7.998889095201295,3.0742145708071305,1.0,3,PROJECT001C__014.DZT
0.10600000000000001,0.045,7.998889095201295,3.071847415362406,1.0,3,PROJECT001C__014.DZT
0.10600000000000001,0.05,7.998889095201295,3.0695011956721014,1.0,3,PROJECT001C__014.DZT
0.10600000000000001,0.05499999999999999,7.998889095201295,3.0670668043593445,1.0,3,PROJECT001C__014.DZT
0.10600000000000001,0.06,7.998889095201295,3.064675966569785,1.0,3,PROJECT001C__014.DZT
0.10600000000000001,0.065,7.998889095201295,3.0622904531249358,1.0,3,PROJECT001C__014.DZT
0.10600000000000001,0.06999999999999999,7.998889095201295,3.0599012716747063,1.0,3,PROJECT001C__014.DZT
0.10600000000000001,0.075,7.998889095201295,3.0574069944909144,1.0,3,PROJECT001C__014.DZT
0.10600000000000001,0.08,7.998889095201295,3.0548732378880836,1.0,3,PROJECT001C__014.DZT
0.10600000000000001,0.085,7.998889095201295,3.0522056619948237,1.0,3,PROJECT001C__014.DZT
0.10600000000000001,0.09000000000000001,7.998889095201295,3.049460831623002,1.0,3,PROJECT001C__014.DZT
0.10600000000000001,0.09499999999999999,7.998889095201295,3.0464807797877476,1.0,3,PROJECT001C__014.DZT
0.10600000000000001,0.09999999999999999,7.998889095201295,3.043497180834589,1.0,3,PROJECT001C__014.DZT
0.10600000000000001,0.105,7.998889095201295,3.0404309080377163,1.0,3,PROJECT001C__014.DZT
0.10600000000000001,0.11,7.998889095201295,3.037153877249324,1.0,3,PROJECT001C__014.DZT
0.10600000000000001,0.115,7.998889095201295,3.0338907574351004,1.0,3,PROJECT001C__014.DZT
0.10600000000000001,0.12000000000000001,7.998889095201295,3.0307122156531503,1.0,3,PROJECT001C__014.DZT
0.10600000000000001,0.125,7.998889095201295,3.027355617115191,1.0,3,PROJECT001C__014.DZT
0.10600000000000001,0.13,7.998889095201295,3.023908065231509,1.0,3,PROJECT001C__014.DZT
0.10600000000000001,0.135,7.998889095201295,3.02051397714015,1.0,3,PROJECT001C__014.DZT
0.10600000000000001,0.14,7.998889095201295,3.017160861681935,1.0,3,PROJECT001C__014.DZT
0.10600000000000001,0.14500000000000002,7.998889095201295,3.0138872938264334,1.0,3,PROJECT001C__014.DZT
0.10600000000000001,0.15000000000000002,7.998889095201295,3.010598602458058,1.0,3,PROJECT001C__014.DZT
0.10600000000000001,0.15500000000000003,7.998889095201295,3.007287049926699,1.0,3,PROJECT001C__014.DZT
0.10600000000000001,0.15999999999999998,7.998889095201295,3.003825941367763,1.0,3,PROJECT001C__014.DZT
0.10600000000000001,0.16499999999999998,7.998889095201295,3.000224184691053,1.0,3,PROJECT001C__014.DZT
0.10600000000000001,0.16999999999999998,7.998889095201295,2.9965008627577863,1.0,3,PROJECT001C__014.DZT
0.10600000000000001,0.175,7.998889095201295,2.992686354480393,1.0,3,PROJECT001C__014.DZT
0.10600000000000001,0.18,7.998889095201295,2.9888357321169363,1.0,3,PROJECT001C__014.DZT
0.10600000000000001,0.185,7.998889095201295,2.984776675627296,1.0,3,PROJECT001C__014.DZT
0.10600000000000001,0.19,7.998889095201295,2.980357335818143,1.0,3,PROJECT001C__014.DZT
0.10600000000000001,0.195,7.998889095201295,2.9755735689524463,1.0,3,PROJECT001C__014.DZT
0.10600000000000001,0.2,7.998889095201295,2.970565231543665,1.0,3,PROJECT001C__014.DZT
0.10600000000000001,0.20500000000000002,7.998889095201295,2.965331119047422,1.0,3,PROJECT001C__014.DZT
0.10600000000000001,0.21000000000000002,7.998889095201295,2.960096647843731,1.0,3,PROJECT001C__014.DZT
0.10600000000000001,0.21500000000000002,7.998889095201295,2.9547639112112623,1.0,3,PROJECT001C__014.DZT
0.10600000000000001,0.22000000000000003,7.998889095201295,2.949750670368585,1.0,3,PROJECT001C__014.DZT
0.10600000000000001,0.22500000000000003,7.998889095201295,2.9446147241537517,1.0,3,PROJECT001C__014.DZT
0.10600000000000001,0.23000000000000004,7.998889095201295,2.939552750557015,1.0,3,PROJECT001C__014.DZT
0.10600000000000001,0.23500000000000004,7.998889095201295,2.934494065249917,1.0,3,PROJECT001C__014.DZT
0.10600000000000001,0.24,7.998889095201295,2.929683405702567,1.0,3,PROJECT001C__014.DZT
0.10600000000000001,0.245,7.998889095201295,2.9247544108440304,1.0,3,PROJECT001C__014.DZT
0.10600000000000001,0.25,7.998889095201295,2.919668726134502,1.0,3,PROJECT001C__014.DZT
0.108,-0.05,7.705377046783415,3.1083626976393304,1.0,3,PROJECT001C__014.DZT
0.108,-0.045000000000000005,7.705377046783415,3.107377743971535,1.0,3,PROJECT001C__014.DZT
0.108,-0.04,7.705377046783415,3.1064634954692125,1.0,3,PROJECT001C__014.DZT
0.108,-0.035,7.705377046783415,3.1055100887314526,1.0,3,PROJECT001C__014.DZT
0.108,-0.030000000000000002,7.705377046783415,3.104292033788351,1.0,3,PROJECT001C__014.DZT
0.108,-0.025,7.705377046783415,3.1029677492718126,1.0,3,PROJECT001C__014.DZT
0.108,-0.020000000000000004,7.705377046783415,3.101365713553641,1.0,3,PROJECT001C__014.DZT
0.108,-0.015,7.705377046783415,3.0996128147911173,1.0,3,PROJECT001C__014.DZT
0.108,-0.010000000000000002,7.705377046783415,3.0978275709008494,1.0,3,PROJECT001C__014.DZT
0.108,-0.0050000000000000044,7.705377046783415,3.095956894152698,1.0,3,PROJECT001C__014.DZT
0.108,0.0,7.705377046783415,3.09418875495424,1.0,3,PROJECT001C__014.DZT
0.108,0.0049999999999999975,7.705377046783415,3.092486930233418,1.0,3,PROJECT001C__014.DZT
0.108,0.009999999999999995,7.705377046783415,3.0908433874734587,1.0,3,PROJECT001C__014.DZT
0.108,0.015,7.705377046783415,3.089217122832411,1.0,3,PROJECT001C__014.DZT
0.108,0.020000000000000004,7.705377046783415,3.087606237918465,1.0,3,PROJECT001C__014.DZT
0.108,0.024999999999999994,7.705377046783415,3.0859274037991233,1.0,3,PROJECT001C__014.DZT
0.108,0.03,7.705377046783415,3.084164256183115,1.0,3,PROJECT001C__014.DZT
0.108,0.035,7.705377046783415,3.082401670134804,1.0,3,PROJECT001C__014.DZT
0.108,0.039999999999999994,7.705377046783415,3.0806422468129995,1.0,3,PROJECT001C__014.DZT
0.108,0.045,7.705377046783415,3.078850582745407,1.0,3,PROJECT001C__014.DZT
0.108,0.05,7.705377046783415,3.0769530828919556,1.0,3,PROJECT001C__014.DZT
0.108,0.05499999999999999,7.705377046783415,3.0747919221263924,1.0,3,PROJECT001C__014.DZT
0.108,0.06,7.705377046783415,3.072544327853771,1.0,3,PROJECT001C__014.DZT
0.108,0.065,7.705377046783415,3.0701500021260535,1.0,3,PROJECT001C__014.DZT
0.108,0.06999999999999999,7.705377046783415,3.0675393833903777,1.0,3,PROJECT001C__014.DZT
0.108,0.075,7.705377046783415,3.0648541423021562,1.0,3,PROJECT001C__014.DZT
0.108,0.08,7.705377046783415,3.0623249986351984,1.0,3,PROJECT001C__014.DZT
0.108,0.085,7.705377046783415,3.059730931270664,1.0,3,PROJECT001C__014.DZT
0.108,0.09000000000000001,7.705377046783415,3.057140392885845,1.0,3,PROJECT001C__014.DZT
0.108,0.09499999999999999,7.705377046783415,3.0546979878605423,1.0,3,PROJECT001C__014.DZT
0.108,0.09999999999999999,7.705377046783415,3.0523216190483358,1.0,3,PROJECT001C__014.DZT
0.108,0.105,7.705377046783415,3.0499850844828544,1.0,3,PROJECT001C__014.DZT
0.108,0.11,7.705377046783415,3.0475782360481145,1.0,3,PROJECT001C__014.DZT
0.108,0.115,7.705377046783415,3.0450973826056966,1.0,3,PROJECT001C__014.DZT
0.108,0.12000000000000001,7.705377046783415,3.0424502441867234,1.0,3,PROJECT001C__014.DZT
0.108,0.125,7.705377046783415,3.0398142793972873,1.0,3,PROJECT001C__014.DZT
0.108,0.13,7.705377046783415,3.0368767805100667,1.0,3,PROJECT001C__014.DZT
0.108,0.135,7.705377046783415,3.0337922318830635,1.0,3,PROJECT001C__014.DZT
0.108,0.14,7.705377046783415,3.0307006320267345,1.0,3,PROJECT001C__014.DZT
0.108,0.14500000000000002,7.705377046783415,3.0275970762674085,1.0,3,PROJECT001C__014.DZT
0.108,0.15000000000000002,7.705377046783415,3.0241514751295226,1.0,3,PROJECT001C__014.DZT
0.108,0.15500000000000003,7.705377046783415,3.020727189689318,1.0,3,PROJECT001C__014.DZT
0.108,0.15999999999999998,7.705377046783415,3.017328678424447,1.0,3,PROJECT001C__014.DZT
0.108,0.16499999999999998,7.705377046783415,3.013943522650262,1.0,3,PROJECT001C__014.DZT
0.108,0.16999999999999998,7.705377046783415,3.010520641879529,1.0,3,PROJECT001C__014.DZT
0.108,0.175,7.705377046783415,3.0072372922141413,1.0,3,PROJECT001C__014.DZT
0.108,0.18,7.705377046783415,3.003765584565875,1.0,3,PROJECT001C__014.DZT
0.108,0.185,7.705377046783415,3.00029037529039,1.0,3,PROJECT001C__014.DZT
0.108,0.19,7.705377046783415,2.996519938413323,1.0,3,PROJECT001C__014.DZT
0.108,0.195,7.705377046783415,2.9927267737833874,1.0,3,PROJECT001C__014.DZT
0.108,0.2,7.705377046783415,2.9889295621413425,1.0,3,PROJECT001C__014.DZT
0.108,0.20500000000000002,7.705377046783415,2.984926350609795,1.0,3,PROJECT001C__014.DZT
0.108,0.21000000000000002,7.705377046783415,2.9806458587097993,1.0,3,PROJECT001C__014.DZT
0.108,0.21500000000000002,7.705377046783415,2.9760659805894876,1.0,3,PROJECT001C__014.DZT
0.108,0.22000000000000003,7.705377046783415,2.971252426202346,1.0,3,PROJECT001C__014.DZT
0.108,0.22500000000000003,7.705377046783415,2.9662200059657895,1.0,3,PROJECT001C__014.DZT
0.108,0.23000000000000004,7.705377046783415,2.961170492500797,1.0,3,PROJECT001C__014.DZT
0.108,0.23500000000000004,7.705377046783415,2.9561874591734085,1.0,3,PROJECT001C__014.DZT
0.108,0.24,7.705377046783415,2.951139162377245,1.0,3,PROJECT001C__014.DZT
0.108,0.245,7.705377046783415,2.9460574086385,1.0,3,PROJECT001C__014.DZT
0.108,0.25,7.705377046783415,2.940988090433965,1.0,3,PROJECT001C__014.DZT
0.11,-0.05,7.427728749891053,3.1073337005744306,1.0,3,PROJECT001C__014.DZT
0.11,-0.045000000000000005,7.427728749891053,3.106100951432397,1.0,3,PROJECT001C__014.DZT
0.11,-0.04,7.427728749891053,3.1046924733131793,1.0,3,PROJECT001C__014.DZT
0.11,-0.035,7.427728749891053,3.1032260579503355,1.0,3,PROJECT001C__014.DZT
0.11,-0.030000000000000002,7.427728749891053,3.1018426071262883,1.0,3,PROJECT001C__014.DZT
0.11,-0.025,7.427728749891053,3.1005810468285895,1.0,3,PROJECT001C__014.DZT
0.11,-0.020000000000000004,7.427728749891053,3.099486687005335,1.0,3,PROJECT001C__014.DZT
0.11,-0.015,7.427728749891053,3.098425451887976,1.0,3,PROJECT001C__014.DZT
0.11,-0.010000000000000002,7.427728749891053,3.09743697186097,1.0,3,PROJECT001C__014.DZT
0.11,-0.0050000000000000044,7.427728749891053,3.096431325138184,1.0,3,PROJECT001C__014.DZT
0.11,0.0,7.427728749891053,3.095359423097696,1.0,3,PROJECT001C__014.DZT
0.11,0.0049999999999999975,7.427728749891053,3.0942432149133325,1.0,3,PROJECT001C__014.DZT
0.11,0.009999999999999995,7.427728749891053,3.092767720209333,1.0,3,PROJECT001C__014.DZT
0.11,0.015,7.427728749891053,3.091335648312363,1.0,3,PROJECT001C__014.DZT
0.11,0.020000000000000004,7.427728749891053,3.089802240338917,1.0,3,PROJECT001C__014.DZT
0.11,0.024999999999999994,7.427728749891053,3.088132299188846,1.0,3,PROJECT001C__014.DZT
0.11,0.03,7.427728749891053,3.086404357712594,1.0,3,PROJECT001C__014.DZT
0.11,0.035,7.427728749891053,3.0845888563569317,1.0,3,PROJECT001C__014.DZT
0.11,0.039999999999999994,7.427728749891053,3.082698057728429,1.0,3,PROJECT001C__014.DZT
0.11,0.045,7.427728749891053,3.0807178416716425,1.0,3,PROJECT001C__014.DZT
0.11,0.05,7.427728749891053,3.0786998657736553,1.0,3,PROJECT001C__014.DZT
0.11,0.05499999999999999,7.427728749891053,3.076660533171406,1.0,3,PROJECT001C__014.DZT
0.11,0.06,7.427728749891053,3.074717899451023,1.0,3,PROJECT001C__014.DZT
0.11,0.065,7.427728749891053,3.072859662388335,1.0,3,PROJECT001C__014.DZT
0.11,0.06999999999999999,7.427728749891053,3.0711731542775613,1.0,3,PROJECT001C__014.DZT
0.11,0.075,7.427728749891053,3.069515634535939,1.0,3,PROJECT001C__014.DZT
0.11,0.08,7.427728749891053,3.067807307535567,1.0,3,PROJECT001C__014.DZT
0.11,0.085,7.427728749891053,3.065984911458806,1.0,3,PROJECT001C__014.DZT
0.11,0.09000000000000001,7.427728749891053,3.0640371305286407,1.0,3,PROJECT001C__014.DZT
0.11,0.09499999999999999,7.427728749891053,3.0619324167598485,1.0,3,PROJECT001C__014.DZT
0.11,0.09999999999999999,7.427728749891053,3.0597802253703192,1.0,3,PROJECT001C__014.DZT
0.11,0.105,7.427728749891053,3.057536152233802,1.0,3,PROJECT001C__014.DZT
0.11,0.11,7.427728749891053,3.054909323824347,1.0,3,PROJECT001C__014.DZT
0.11,0.115,7.427728749891053,3.052182992394101,1.0,3,PROJECT001C__014.DZT
0.11,0.12000000000000001,7.427728749891053,3.049464629473136,1.0,3,PROJECT001C__014.DZT
0.11,0.125,7.427728749891053,3.046545948825797,1.0,3,PROJECT001C__014.DZT
0.11,0.13,7.427728749891053,3.043619298601351,1.0,3,PROJECT001C__014.DZT
0.11,0.135,7.427728749891053,3.040721611408447,1.0,3,PROJECT001C__014.DZT
0.11,0.14,7.427728749891053,3.037835775806334,1.0,3,PROJECT001C__014.DZT
0.11,0.14500000000000002,7.427728749891053,3.0349557851752933,1.0,3,PROJECT001C__014.DZT
0.11,0.15000000000000002,7.427728749891053,3.0322812545228524,1.0,3,PROJECT001C__014.DZT
0.11,0.15500000000000003,7.427728749891053,3.029552429670778,1.0,3,PROJECT001C__014.DZT
0.11,0.15999999999999998,7.427728749891053,3.026873442966339,1.0,3,PROJECT001C__014.DZT
0.11,0.16499999999999998,7.427728749891053,3.0243396485592506,1.0,3,PROJECT001C__014.DZT
0.11,0.16999999999999998,7.427728749891053,3.0216921381544832,1.0,3,PROJECT001C__014.DZT
0.11,0.175,7.427728749891053,3.0188097634822637,1.0,3,PROJECT001C__014.DZT
0.11,0.18,7.427728749891053,3.01586817754263,1.0,3,PROJECT001C__014.DZT
0.11,0.185,7.427728749891053,3.0126796817756123,1.0,3,PROJECT001C__014.DZT
0.11,0.19,7.427728749891053,3.0093370521724836,1.0,3,PROJECT001C__014.DZT
0.11,0.195,7.427728749891053,3.0059113791957746,1.0,3,PROJECT001C__014.DZT
0.11,0.2,7.427728749891053,3.0020159185319173,1.0,3,PROJECT001C__014.DZT
0.11,0.20500000000000002,7.427728749891053,2.9980678253495836,1.0,3,PROJECT001C__014.DZT
0.11,0.21000000000000002,7.427728749891053,2.9939325390658844,1.0,3,PROJECT001C__014.DZT
0.11,0.21500000000000002,7.427728749891053,2.9897779498258985,1.0,3,PROJECT001C__014.DZT
0.11,0.22000000000000003,7.427728749891053,2.9857478646058833,1.0,3,PROJECT001C__014.DZT
0.11,0.22500000000000003,7.427728749891053,2.981927394515527,1.0,3,PROJECT001C__014.DZT
0.11,0.23000000000000004,7.427728749891053,2.9780219251128077,1.0,3,PROJECT001C__014.DZT
0.11,0.23500000000000004,7.427728749891053,2.9739506261187962,1.0,3,PROJECT001C__014.DZT
0.11,0.24,7.427728749891053,2.969635153257839,1.0,3,PROJECT001C__014.DZT
0.11,0.245,7.427728749891053,2.965184357393925,1.0,3,PROJECT001C__014.DZT
0.11,0.25,7.427728749891053,2.9606041192362773,1.0,3,PROJECT001C__014.DZT
0.112,-0.05,7.164821259062639,3.1052701869884394,1.0,3,PROJECT001C__014.DZT
0.112,-0.045000000000000005,7.164821259062639,3.104033895984623,1.0,3,PROJECT001C__014.DZT
0.112,-0.04,7.164821259062639,3.102707407238791,1.0,3,PROJECT001C__014.DZT
0.112,-0.035,7.164821259062639,3.101445182408743,1.0,3,PROJECT001C__014.DZT
0.112,-0.030000000000000002,7.164821259062639,3.1002747030226154,1.0,3,PROJECT001C__014.DZT
0.112,-0.025,7.164821259062639,3.0991628955351302,1.0,3,PROJECT001C__014.DZT
0.112,-0.020000000000000004,7.164821259062639,3.0982197953315826,1.0,3,PROJECT001C__014.DZT
0.112,-0.015,7.164821259062639,3.0973673844673346,1.0,3,PROJECT001C__014.DZT
0.112,-0.010000000000000002,7.164821259062639,3.0964214119140028,1.0,3,PROJECT001C__014.DZT
0.112,-0.0050000000000000044,7.164821259062639,3.0954792517282015,1.0,3,PROJECT001C__014.DZT
0.112,0.0,7.164821259062639,3.0946137169931536,1.0,3,PROJECT001C__014.DZT
0.112,0.0049999999999999975,7.164821259062639,3.0936025805055887,1.0,3,PROJECT001C__014.DZT
0.112,0.009999999999999995,7.164821259062639,3.0923856258611795,1.0,3,PROJECT001C__014.DZT
0.112,0.015,7.164821259062639,3.0910190730925997,1.0,3,PROJECT001C__014.DZT
0.112,0.020000000000000004,7.164821259062639,3.0895001060629146,1.0,3,PROJECT001C__014.DZT
0.112,0.024999999999999994,7.164821259062639,3.0878075712094013,1.0,3,PROJECT001C__014.DZT
0.112,0.03,7.164821259062639,3.0861564295724278,1.0,3,PROJECT001C__014.DZT
0.112,0.035,7.164821259062639,3.0843229384405437,1.0,3,PROJECT001C__014.DZT
0.112,0.039999999999999994,7.164821259062639,3.0825589961553894,1.0,3,PROJECT001C__014.DZT
0.112,0.045,7.164821259062639,3.080841479767567,1.0,3,PROJECT001C__014.DZT
0.112,0.05,7.164821259062639,3.079219947407329,1.0,3,PROJECT001C__014.DZT
0.112,0.05499999999999999,7.164821259062639,3.077609700509045,1.0,3,PROJECT001C__014.DZT
0.112,0.06,7.164821259062639,3.076078289775937,1.0,3,PROJECT001C__014.DZT
0.112,0.065,7.164821259062639,3.074632520482803,1.0,3,PROJECT001C__014.DZT
0.112,0.06999999999999999,7.164821259062639,3.0731724139107564,1.0,3,PROJECT001C__014.DZT
0.112,0.075,7.164821259062639,3.0716392347124746,1.0,3,PROJECT001C__014.DZT
0.112,0.08,7.164821259062639,3.069852304711391,1.0,3,PROJECT001C__014.DZT
0.112,0.085,7.164821259062639,3.0678812752078795,1.0,3,PROJECT001C__014.DZT
0.112,0.09000000000000001,7.164821259062639,3.0657293846095843,1.0,3,PROJECT001C__014.DZT
0.112,0.09499999999999999,7.164821259062639,3.0635475294637793,1.0,3,PROJECT001C__014.DZT
0.112,0.09999999999999999,7.164821259062639,3.0612974898466567,1.0,3,PROJECT001C__014.DZT
0.112,0.105,7.164821259062639,3.0590310336705,1.0,3,PROJECT001C__014.DZT
0.112,0.11,7.164821259062639,3.056674436129633,1.0,3,PROJECT001C__014.DZT
0.112,0.115,7.164821259062639,3.054479049968945,1.0,3,PROJECT001C__014.DZT
0.112,0.12000000000000001,7.164821259062639,3.0522671144445455,1.0,3,PROJECT001C__014.DZT
0.112,0.125,7.164821259062639,3.0502241277488307,1.0,3,PROJECT001C__014.DZT
0.112,0.13,7.164821259062639,3.0481605166517247,1.0,3,PROJECT001C__014.DZT
0.112,0.135,7.164821259062639,3.0460515860146304,1.0,3,PROJECT001C__014.DZT
0.112,0.14,7.164821259062639,3.04398536273105,1.0,3,PROJECT001C__014.DZT
0.112,0.14500000000000002,7.164821259062639,3.041937615144686,1.0,3,PROJECT001C__014.DZT
0.112,0.15000000000000002,7.164821259062639,3.03976189855312,1.0,3,PROJECT001C__014.DZT
0.112,0.15500000000000003,7.164821259062639,3.0374049307333184,1.0,3,PROJECT001C__014.DZT
0.112,0.15999999999999998,7.164821259062639,3.0348143000657117,1.0,3,PROJECT001C__014.DZT
0.112,0.16499999999999998,7.164821259062639,3.031891404109334,1.0,3,PROJECT001C__014.DZT
0.112,0.16999999999999998,7.164821259062639,3.0287227016221343,1.0,3,PROJECT001C__014.DZT
0.112,0.175,7.164821259062639,3.0254052669473452,1.0,3,PROJECT001C__014.DZT
0.112,0.18,7.164821259062639,3.022039130533019,1.0,3,PROJECT001C__014.DZT
0.112,0.185,7.164821259062639,3.018791545093514,1.0,3,PROJECT001C__014.DZT
0.112,0.19,7.164821259062639,3.015647116529467,1.0,3,PROJECT001C__014.DZT
0.112,0.195,7.164821259062639,3.0125246830871037,1.0,3,PROJECT001C__014.DZT
0.112,0.2,7.164821259062639,3.0093876806469115,1.0,3,PROJECT001C__014.DZT
0.112,0.20500000000000002,7.164821259062639,3.0063242938736856,1.0,3,PROJECT001C__014.DZT
0.112,0.21000000000000002,7.164821259062639,3.0033952296038575,1.0,3,PROJECT001C__014.DZT
0.112,0.21500000000000002,7.164821259062639,3.0005309283526955,1.0,3,PROJECT001C__014.DZT
0.112,0.22000000000000003,7.164821259062639,2.997417599518533,1.0,3,PROJECT001C__014.DZT
0.112,0.22500000000000003,7.164821259062639,2.9943171971660028,1.0,3,PROJECT001C__014.DZT
0.112,0.23000000000000004,7.164821259062639,2.990866939094644,1.0,3,PROJECT001C__014.DZT
0.112,0.23500000000000004,7.164821259062639,2.987070181223773,1.0,3,PROJECT001C__014.DZT
0.112,0.24,7.164821259062639,2.983054476937966,1.0,3,PROJECT001C__014.DZT
0.112,0.245,7.164821259062639,2.978905908716525,1.0,3,PROJECT001C__014.DZT
0.112,0.25,7.164821259062639,2.9744476222636713,1.0,3,PROJECT001C__014.DZT
0.114,-0.05,6.9156292608250025,3.1015454685440127,1.0,3,PROJECT001C__014.DZT
0.114,-0.045000000000000005,6.9156292608250025,3.1007428965277684,1.0,3,PROJECT001C__014.DZT
0.114,-0.04,6.9156292608250025,3.1001494922007318,1.0,3,PROJECT001C__014.DZT
0.114,-0.035,6.9156292608250025,3.09962622655562,1.0,3,PROJECT001C__014.DZT
0.114,-0.030000000000000002,6.9156292608250025,3.099183310714384,1.0,3,PROJECT001C__014.DZT
0.114,-0.025,6.9156292608250025,3.0986168392026734,1.0,3,PROJECT001C__014.DZT
0.114,-0.020000000000000004,6.9156292608250025,3.0980802988604714,1.0,3,PROJECT001C__014.DZT
0.114,-0.015,6.9156292608250025,3.0973892529976403,1.0,3,PROJECT001C__014.DZT
0.114,-0.010000000000000002,6.9156292608250025,3.0963866740363497,1.0,3,PROJECT001C__014.DZT
0.114,-0.0050000000000000044,6.9156292608250025,3.0951665465824143,1.0,3,PROJECT001C__014.DZT
0.114,0.0,6.9156292608250025,3.0936423767529013,1.0,3,PROJECT001C__014.DZT
0.114,0.0049999999999999975,6.9156292608250025,3.0920120279261134,1.0,3,PROJECT001C__014.DZT
0.114,0.009999999999999995,6.9156292608250025,3.0903456295582825,1.0,3,PROJECT001C__014.DZT
0.114,0.015,6.9156292608250025,3.0886646279420447,1.0,3,PROJECT001C__014.DZT
0.114,0.020000000000000004,6.9156292608250025,3.086934023257705,1.0,3,PROJECT001C__014.DZT
0.114,0.024999999999999994,6.9156292608250025,3.0854493897584176,1.0,3,PROJECT001C__014.DZT
0.114,0.03,6.9156292608250025,3.0841387409993537,1.0,3,PROJECT001C__014.DZT
0.114,0.035,6.9156292608250025,3.082984641393221,1.0,3,PROJECT001C__014.DZT
0.114,0.039999999999999994,6.9156292608250025,3.08195578129734,1.0,3,PROJECT001C__014.DZT
0.114,0.045,6.9156292608250025,3.081040029204919,1.0,3,PROJECT001C__014.DZT
0.114,0.05,6.9156292608250025,3.07999814048261,1.0,3,PROJECT001C__014.DZT
0.114,0.05499999999999999,6.9156292608250025,3.0789371345718064,1.0,3,PROJECT001C__014.DZT
0.114,0.06,6.9156292608250025,3.0775720572344523,1.0,3,PROJECT001C__014.DZT
0.114,0.065,6.9156292608250025,3.0760492018396133,1.0,3,PROJECT001C__014.DZT
0.114,0.06999999999999999,6.9156292608250025,3.074266481658728,1.0,3,PROJECT001C__014.DZT
0.114,0.075,6.9156292608250025,3.0722014031743363,1.0,3,PROJECT001C__014.DZT
0.114,0.08,6.9156292608250025,3.070071598172311,1.0,3,PROJECT001C__014.DZT
0.114,0.085,6.9156292608250025,3.0677942969866105,1.0,3,PROJECT001C__014.DZT
0.114,0.09000000000000001,6.9156292608250025,3.0655941988222373,1.0,3,PROJECT001C__014.DZT
0.114,0.09499999999999999,6.9156292608250025,3.0634748822124744,1.0,3,PROJECT001C__014.DZT
0.114,0.09999999999999999,6.9156292608250025,3.061435345462385,1.0,3,PROJECT001C__014.DZT
0.114,0.105,6.9156292608250025,3.059419475010609,1.0,3,PROJECT001C__014.DZT
0.114,0.11,6.9156292608250025,3.057377318929514,1.0,3,PROJECT001C__014.DZT
0.114,0.115,6.9156292608250025,3.055488971649749,1.0,3,PROJECT001C__014.DZT
0.114,0.12000000000000001,6.9156292608250025,3.053861488163586,1.0,3,PROJECT001C__014.DZT
0.114,0.125,6.9156292608250025,3.052163242808232,1.0,3,PROJECT001C__014.DZT
0.114,0.13,6.9156292608250025,3.0505241595563266,1.0,3,PROJECT001C__014.DZT
0.114,0.135,6.9156292608250025,3.0486394855619223,1.0,3,PROJECT001C__014.DZT
0.114,0.14,6.9156292608250025,3.046509215970456,1.0,3,PROJECT001C__014.DZT
0.114,0.14500000000000002,6.9156292608250025,3.0441409467332305,1.0,3,PROJECT001C__014.DZT
0.114,0.15000000000000002,6.9156292608250025,3.0416053792404942,1.0,3,PROJECT001C__014.DZT
0.114,0.15500000000000003,6.9156292608250025,3.0389058997340563,1.0,3,PROJECT001C__014.DZT
0.114,0.15999999999999998,6.9156292608250025,3.036099574351507,1.0,3,PROJECT001C__014.DZT
0.114,0.16499999999999998,6.9156292608250025,3.0334180680299334,1.0,3,PROJECT001C__014.DZT
0.114,0.16999999999999998,6.9156292608250025,3.0308337426550174,1.0,3,PROJECT001C__014.DZT
0.114,0.175,6.9156292608250025,3.0284149340275763,1.0,3,PROJECT001C__014.DZT
0.114,0.18,6.9156292608250025,3.0259756677726095,1.0,3,PROJECT001C__014.DZT
0.114,0.185,6.9156292608250025,3.0234121207348195,1.0,3,PROJECT001C__014.DZT
0.114,0.19,6.9156292608250025,3.0210073624533256,1.0,3,PROJECT001C__014.DZT
0.114,0.195,6.9156292608250025,3.0185128450241225,1.0,3,PROJECT001C__014.DZT
0.114,0.2,6.9156292608250025,3.016044521837346,1.0,3,PROJECT001C__014.DZT
0.114,0.20500000000000002,6.9156292608250025,3.0136217939364283,1.0,3,PROJECT001C__014.DZT
0.114,0.21000000000000002,6.9156292608250025,3.010969869266012,1.0,3,PROJECT001C__014.DZT
0.114,0.21500000000000002,6.9156292608250025,3.0079837313940736,1.0,3,PROJECT001C__014.DZT
0.114,0.22000000000000003,6.9156292608250025,3.004614797816872,1.0,3,PROJECT001C__014.DZT
0.114,0.22500000000000003,6.9156292608250025,3.001115363349644,1.0,3,PROJECT001C__014.DZT
0.114,0.23000000000000004,6.9156292608250025,2.997455066797666,1.0,3,PROJECT001C__014.DZT
0.114,0.23500000000000004,6.9156292608250025,2.993890066079404,1.0,3,PROJECT001C__014.DZT
0.114,0.24,6.9156292608250025,2.990277466245273,1.0,3,PROJECT001C__014.DZT
0.114,0.245,6.9156292608250025,2.986604359788964,1.0,3,PROJECT001C__014.DZT
0.114,0.25,6.9156292608250025,2.982927427980512,1.0,3,PROJECT001C__014.DZT
0.116,-0.05,6.679215061956135,3.1014975740062254,1.0,3,PROJECT001C__014.DZT
0.116,-0.045000000000000005,6.679215061956135,3.100539951543956,1.0,3,PROJECT001C__014.DZT
0.116,-0.04,6.679215061956135,3.09953480291696,1.0,3,PROJECT001C__014.DZT
0.116,-0.035,6.679215061956135,3.0985676605520234,1.0,3,PROJECT001C__014.DZT
0.116,-0.030000000000000002,6.679215061956135,3.0972970766280032,1.0,3,PROJECT001C__014.DZT
0.116,-0.025,6.679215061956135,3.0960312367733835,1.0,3,PROJECT001C__014.DZT
0.116,-0.020000000000000004,6.679215061956135,3.09463866719326,1.0,3,PROJECT001C__014.DZT
0.116,-0.015,6.679215061956135,3.0932892764218614,1.0,3,PROJECT001C__014.DZT
0.116,-0.010000000000000002,6.679215061956135,3.0919218590004065,1.0,3,PROJECT001C__014.DZT
0.116,-0.0050000000000000044,6.679215061956135,3.090693040676904,1.0,3,PROJECT001C__014.DZT
0.116,0.0,6.679215061956135,3.0895780649943565,1.0,3,PROJECT001C__014.DZT
0.116,0.0049999999999999975,6.679215061956135,3.0884613851642153,1.0,3,PROJECT001C__014.DZT
0.116,0.009999999999999995,6.679215061956135,3.0875965607703706,1.0,3,PROJECT001C__014.DZT
0.116,0.015,6.679215061956135,3.0867159519292273,1.0,3,PROJECT001C__014.DZT
0.116,0.020000000000000004,6.679215061956135,3.085709957665862,1.0,3,PROJECT001C__014.DZT
0.116,0.024999999999999994,6.679215061956135,3.084796251700098,1.0,3,PROJECT001C__014.DZT
0.116,0.03,6.679215061956135,3.0839125943468115,1.0,3,PROJECT001C__014.DZT
0.116,0.035,6.679215061956135,3.08294672829908,1.0,3,PROJECT001C__014.DZT
0.116,0.039999999999999994,6.679215061956135,3.0819805224628443,1.0,3,PROJECT001C__014.DZT
0.116,0.045,6.679215061956135,3.0807969308326304,1.0,3,PROJECT001C__014.DZT
0.116,0.05,6.679215061956135,3.0794805664428844,1.0,3,PROJECT001C__014.DZT
0.116,0.05499999999999999,6.679215061956135,3.0779746837251145,1.0,3,PROJECT001C__014.DZT
0.116,0.06,6.679215061956135,3.07638764851462,1.0,3,PROJECT001C__014.DZT
0.116,0.065,6.679215061956135,3.0746119870421587,1.0,3,PROJECT001C__014.DZT
0.116,0.06999999999999999,6.679215061956135,3.0728373419722472,1.0,3,PROJECT001C__014.DZT
0.116,0.075,6.679215061956135,3.071020955851882,1.0,3,PROJECT001C__014.DZT
0.116,0.08,6.679215061956135,3.069228332296067,1.0,3,PROJECT001C__014.DZT
0.116,0.085,6.679215061956135,3.0673858343765183,1.0,3,PROJECT001C__014.DZT
0.116,0.09000000000000001,6.679215061956135,3.065615418061613,1.0,3,PROJECT001C__014.DZT
0.116,0.09499999999999999,6.679215061956135,3.0639803774012644,1.0,3,PROJECT001C__014.DZT
0.116,0.09999999999999999,6.679215061956135,3.062379756687115,1.0,3,PROJECT001C__014.DZT
0.116,0.105,6.679215061956135,3.0607423279731236,1.0,3,PROJECT001C__014.DZT
0.116,0.11,6.679215061956135,3.0591195812251204,1.0,3,PROJECT001C__014.DZT
0.116,0.115,6.679215061956135,3.0575405784511296,1.0,3,PROJECT001C__014.DZT
0.116,0.12000000000000001,6.679215061956135,3.0557415583560075,1.0,3,PROJECT001C__014.DZT
0.116,0.125,6.679215061956135,3.05384289816106,1.0,3,PROJECT001C__014.DZT
0.116,0.13,6.679215061956135,3.0515200203742037,1.0,3,PROJECT001C__014.DZT
0.116,0.135,6.679215061956135,3.049029743356513,1.0,3,PROJECT001C__014.DZT
0.116,0.14,6.679215061956135,3.04644046897945,1.0,3,PROJECT001C__014.DZT
0.116,0.14500000000000002,6.679215061956135,3.0439607227002363,1.0,3,PROJECT001C__014.DZT
0.116,0.15000000000000002,6.679215061956135,3.041425424158445,1.0,3,PROJECT001C__014.DZT
0.116,0.15500000000000003,6.679215061956135,3.0390061437955764,1.0,3,PROJECT001C__014.DZT
0.116,0.15999999999999998,6.679215061956135,3.036613594726054,1.0,3,PROJECT001C__014.DZT
0.116,0.16499999999999998,6.679215061956135,3.0343577617159947,1.0,3,PROJECT001C__014.DZT
0.116,0.16999999999999998,6.679215061956135,3.032177752637215,1.0,3,PROJECT001C__014.DZT
0.116,0.175,6.679215061956135,3.0301305883889857,1.0,3,PROJECT001C__014.DZT
0.116,0.18,6.679215061956135,3.0279727506341523,1.0,3,PROJECT001C__014.DZT
0.116,0.185,6.679215061956135,3.0259084371615184,1.0,3,PROJECT001C__014.DZT
0.116,0.19,6.679215061956135,3.0237721799495763,1.0,3,PROJECT001C__014.DZT
0.116,0.195,6.679215061956135,3.0215037720142157,1.0,3,PROJECT001C__014.DZT
0.116,0.2,6.679215061956135,3.018946594093942,1.0,3,PROJECT001C__014.DZT
0.116,0.20500000000000002,6.679215061956135,3.0160292891575815,1.0,3,PROJECT001C__014.DZT
0.116,0.21000000000000002,6.679215061956135,3.012899557699329,1.0,3,PROJECT001C__014.DZT
0.116,0.21500000000000002,6.679215061956135,3.009706264849728,1.0,3,PROJECT001C__014.DZT
0.116,0.22000000000000003,6.679215061956135,3.0064373333102594,1.0,3,PROJECT001C__014.DZT
0.116,0.22500000000000003,6.679215061956135,3.0034297922437916,1.0,3,PROJECT001C__014.DZT
0.116,0.23000000000000004,6.679215061956135,3.0004969713754632,1.0,3,PROJECT001C__014.DZT
0.116,0.23500000000000004,6.679215061956135,2.997566620067295,1.0,3,PROJECT001C__014.DZT
0.116,0.24,6.679215061956135,2.994611722954024,1.0,3,PROJECT001C__014.DZT
0.116,0.245,6.679215061956135,2.991778159460507,1.0,3,PROJECT001C__014.DZT
0.116,0.25,6.679215061956135,2.9889763227703265,1.0,3,PROJECT001C__014.DZT
0.118,-0.05,6.454719755363527,3.0998319867880793,1.0,3,PROJECT001C__014.DZT
0.118,-0.045000000000000005,6.454719755363527,3.09860092666437,1.0,3,PROJECT001C__014.DZT
0.118,-0.04,6.454719755363527,3.0974683666257063,1.0,3,PROJECT001C__014.DZT
0.118,-0.035,6.454719755363527,3.0963357403762273,1.0,3,PROJECT001C__014.DZT
0.118,-0.030000000000000002,6.454719755363527,3.095154604349114,1.0,3,PROJECT001C__014.DZT
0.118,-0.025,6.454719755363527,3.0941148507960974,1.0,3,PROJECT001C__014.DZT
0.118,-0.020000000000000004,6.454719755363527,3.093172463682727,1.0,3,PROJECT001C__014.DZT
0.118,-0.015,6.454719755363527,3.0921079197454944,1.0,3,PROJECT001C__014.DZT
0.118,-0.010000000000000002,6.454719755363527,3.0911321621954664,1.0,3,PROJECT001C__014.DZT
0.118,-0.0050000000000000044,6.454719755363527,3.09009001279102,1.0,3,PROJECT001C__014.DZT
0.118,0.0,6.454719755363527,3.088833681042141,1.0,3,PROJECT001C__014.DZT
0.118,0.0049999999999999975,6.454719755363527,3.0876383805816694,1.0,3,PROJECT001C__014.DZT
0.118,0.009999999999999995,6.454719755363527,3.0864830072935256,1.0,3,PROJECT001C__014.DZT
0.118,0.015,6.454719755363527,3.0852183205265185,1.0,3,PROJECT001C__014.DZT
0.118,0.020000000000000004,6.454719755363527,3.0841106034960855,1.0,3,PROJECT001C__014.DZT
0.118,0.024999999999999994,6.454719755363527,3.082914116768846,1.0,3,PROJECT001C__014.DZT
0.118,0.03,6.454719755363527,3.0815582541486646,1.0,3,PROJECT001C__014.DZT
0.118,0.035,6.454719755363527,3.080296665929474,1.0,3,PROJECT001C__014.DZT
0.118,0.039999999999999994,6.454719755363527,3.0789876393640694,1.0,3,PROJECT001C__014.DZT
0.118,0.045,6.454719755363527,3.077490117484011,1.0,3,PROJECT001C__014.DZT
0.118,0.05,6.454719755363527,3.0761294833212247,1.0,3,PROJECT001C__014.DZT
0.118,0.05499999999999999,6.454719755363527,3.074783365032699,1.0,3,PROJECT001C__014.DZT
0.118,0.06,6.454719755363527,3.073471463984312,1.0,3,PROJECT001C__014.DZT
0.118,0.065,6.454719755363527,3.0722393346430183,1.0,3,PROJECT001C__014.DZT
0.118,0.06999999999999999,6.454719755363527,3.07100284254208,1.0,3,PROJECT001C__014.DZT
0.118,0.075,6.454719755363527,3.069796139580656,1.0,3,PROJECT001C__014.DZT
0.118,0.08,6.454719755363527,3.06855520724538,1.0,3,PROJECT001C__014.DZT
0.118,0.085,6.454719755363527,3.0672882378603945,1.0,3,PROJECT001C__014.DZT
0.118,0.09000000000000001,6.454719755363527,3.065984496569913,1.0,3,PROJECT001C__014.DZT
0.118,0.09499999999999999,6.454719755363527,3.064721540056213,1.0,3,PROJECT001C__014.DZT
0.118,0.09999999999999999,6.454719755363527,3.0630658804624447,1.0,3,PROJECT001C__014.DZT
0.118,0.105,6.454719755363527,3.0612539485837904,1.0,3,PROJECT001C__014.DZT
0.118,0.11,6.454719755363527,3.0592535654926114,1.0,3,PROJECT001C__014.DZT
0.118,0.115,6.454719755363527,3.0571107446551697,1.0,3,PROJECT001C__014.DZT
0.118,0.12000000000000001,6.454719755363527,3.0549950312841205,1.0,3,PROJECT001C__014.DZT
0.118,0.125,6.454719755363527,3.0529290212069973,1.0,3,PROJECT001C__014.DZT
0.118,0.13,6.454719755363527,3.050775901204742,1.0,3,PROJECT001C__014.DZT
0.118,0.135,6.454719755363527,3.048725929375949,1.0,3,PROJECT001C__014.DZT
0.118,0.14,6.454719755363527,3.0467602513482155,1.0,3,PROJECT001C__014.DZT
0.118,0.14500000000000002,6.454719755363527,3.0447397619255554,1.0,3,PROJECT001C__014.DZT
0.118,0.15000000000000002,6.454719755363527,3.0427689179948985,1.0,3,PROJECT001C__014.DZT
0.118,0.15500000000000003,6.454719755363527,3.0407394121518045,1.0,3,PROJECT001C__014.DZT
0.118,0.15999999999999998,6.454719755363527,3.0385796902802142,1.0,3,PROJECT001C__014.DZT
0.118,0.16499999999999998,6.454719755363527,3.036601640823381,1.0,3,PROJECT001C__014.DZT
0.118,0.16999999999999998,6.454719755363527,3.0344350613246953,1.0,3,PROJECT001C__014.DZT
0.118,0.175,6.454719755363527,3.0320967097051423,1.0,3,PROJECT001C__014.DZT
0.118,0.18,6.454719755363527,3.029535678652255,1.0,3,PROJECT001C__014.DZT
0.118,0.185,6.454719755363527,3.0268149404235687,1.0,3,PROJECT001C__014.DZT
0.118,0.19,6.454719755363527,3.0239727525867064,1.0,3,PROJECT001C__014.DZT
0.118,0.195,6.454719755363527,3.0211910870398935,1.0,3,PROJECT001C__014.DZT
0.118,0.2,6.454719755363527,3.018389506997225,1.0,3,PROJECT001C__014.DZT
0.118,0.20500000000000002,6.454719755363527,3.0156459189509692,1.0,3,PROJECT001C__014.DZT
0.118,0.21000000000000002,6.454719755363527,3.01305566213594,1.0,3,PROJECT001C__014.DZT
0.118,0.21500000000000002,6.454719755363527,3.010577314111046,1.0,3,PROJECT001C__014.DZT
0.118,0.22000000000000003,6.454719755363527,3.0081305555048314,1.0,3,PROJECT001C__014.DZT
0.118,0.22500000000000003,6.454719755363527,3.0055970393742544,1.0,3,PROJECT001C__014.DZT
0.118,0.23000000000000004,6.454719755363527,3.0030086536399465,1.0,3,PROJECT001C__014.DZT
0.118,0.23500000000000004,6.454719755363527,3.000429533576321,1.0,3,PROJECT001C__014.DZT
0.118,0.24,6.454719755363527,2.9977486738354977,1.0,3,PROJECT001C__014.DZT
0.118,0.245,6.454719755363527,2.9950544873339653,1.0,3,PROJECT001C__014.DZT
0.118,0.25,6.454719755363527,2.992124668912313,1.0,3,PROJECT001C__014.DZT
0.12,-0.05,6.241355407894566,3.0991339967884026,1.0,3,PROJECT001C__014.DZT
0.12,-0.045000000000000005,6.241355407894566,3.098134065327319,1.0,3,PROJECT001C__014.DZT
0.12,-0.04,6.241355407894566,3.09713677376821,1.0,3,PROJECT001C__014.DZT
0.12,-0.035,6.241355407894566,3.0960344315082526,1.0,3,PROJECT001C__014.DZT
0.12,-0.030000000000000002,6.241355407894566,3.0949552924815618,1.0,3,PROJECT001C__014.DZT
0.12,-0.025,6.241355407894566,3.0938686862681073,1.0,3,PROJECT001C__014.DZT
0.12,-0.020000000000000004,6.241355407894566,3.0926203537805637,1.0,3,PROJECT001C__014.DZT
0.12,-0.015,6.241355407894566,3.0913119439626446,1.0,3,PROJECT001C__014.DZT
0.12,-0.010000000000000002,6.241355407894566,3.0898897495351534,1.0,3,PROJECT001C__014.DZT
0.12,-0.0050000000000000044,6.241355407894566,3.088553029550749,1.0,3,PROJECT001C__014.DZT
0.12,0.0,6.241355407894566,3.087287799963589,1.0,3,PROJECT001C__014.DZT
0.12,0.0049999999999999975,6.241355407894566,3.0860306985285857,1.0,3,PROJECT001C__014.DZT
0.12,0.009999999999999995,6.241355407894566,3.0847886307686543,1.0,3,PROJECT001C__014.DZT
0.12,0.015,6.241355407894566,3.0835706704927266,1.0,3,PROJECT001C__014.DZT
0.12,0.020000000000000004,6.241355407894566,3.082390519447594,1.0,3,PROJECT001C__014.DZT
0.12,0.024999999999999994,6.241355407894566,3.0810571233030135,1.0,3,PROJECT001C__014.DZT
0.12,0.03,6.241355407894566,3.0798686292587405,1.0,3,PROJECT001C__014.DZT
0.12,0.035,6.241355407894566,3.0787316742653537,1.0,3,PROJECT001C__014.DZT
0.12,0.039999999999999994,6.241355407894566,3.07763457574903,1.0,3,PROJECT001C__014.DZT
0.12,0.045,6.241355407894566,3.0764078341103427,1.0,3,PROJECT001C__014.DZT
0.12,0.05,6.241355407894566,3.075231888253486,1.0,3,PROJECT001C__014.DZT
0.12,0.05499999999999999,6.241355407894566,3.0740410396646367,1.0,3,PROJECT001C__014.DZT
0.12,0.06,6.241355407894566,3.0726005604373463,1.0,3,PROJECT001C__014.DZT
0.12,0.065,6.241355407894566,3.071107635677167,1.0,3,PROJECT001C__014.DZT
0.12,0.06999999999999999,6.241355407894566,3.0696535766970636,1.0,3,PROJECT001C__014.DZT
0.12,0.075,6.241355407894566,3.06805960947343,1.0,3,PROJECT001C__014.DZT
0.12,0.08,6.241355407894566,3.0664852030249237,1.0,3,PROJECT001C__014.DZT
0.12,0.085,6.241355407894566,3.06491994261337,1.0,3,PROJECT001C__014.DZT
0.12,0.09000000000000001,6.241355407894566,3.0634342057103523,1.0,3,PROJECT001C__014.DZT
0.12,0.09499999999999999,6.241355407894566,3.0619876463226263,1.0,3,PROJECT001C__014.DZT
0.12,0.09999999999999999,6.241355407894566,3.0605344484889088,1.0,3,PROJECT001C__014.DZT
0.12,0.105,6.241355407894566,3.0591342253409297,1.0,3,PROJECT001C__014.DZT
0.12,0.11,6.241355407894566,3.057851412274902,1.0,3,PROJECT001C__014.DZT
0.12,0.115,6.241355407894566,3.0564779487882423,1.0,3,PROJECT001C__014.DZT
0.12,0.12000000000000001,6.241355407894566,3.0549439552388264,1.0,3,PROJECT001C__014.DZT
0.12,0.125,6.241355407894566,3.0531766403040534,1.0,3,PROJECT001C__014.DZT
0.12,0.13,6.241355407894566,3.051240568276274,1.0,3,PROJECT001C__014.DZT
0.12,0.135,6.241355407894566,3.049093779340718,1.0,3,PROJECT001C__014.DZT
0.12,0.14,6.241355407894566,3.046936923360042,1.0,3,PROJECT001C__014.DZT
0.12,0.14500000000000002,6.241355407894566,3.044908581389531,1.0,3,PROJECT001C__014.DZT
0.12,0.15000000000000002,6.241355407894566,3.042720516249402,1.0,3,PROJECT001C__014.DZT
0.12,0.15500000000000003,6.241355407894566,3.04043156237516,1.0,3,PROJECT001C__014.DZT
0.12,0.15999999999999998,6.241355407894566,3.0382844281717976,1.0,3,PROJECT001C__014.DZT
0.12,0.16499999999999998,6.241355407894566,3.0361239046659834,1.0,3,PROJECT001C__014.DZT
0.12,0.16999999999999998,6.241355407894566,3.033984494903938,1.0,3,PROJECT001C__014.DZT
0.12,0.175,6.241355407894566,3.0318315909400693,1.0,3,PROJECT001C__014.DZT
0.12,0.18,6.241355407894566,3.029651080797913,1.0,3,PROJECT001C__014.DZT
0.12,0.185,6.241355407894566,3.0274546160125335,1.0,3,PROJECT001C__014.DZT
0.12,0.19,6.241355407894566,3.0253497783438394,1.0,3,PROJECT001C__014.DZT
0.12,0.195,6.241355407894566,3.0229284822083144,1.0,3,PROJECT001C__014.DZT
0.12,0.2,6.241355407894566,3.0204024584105205,1.0,3,PROJECT001C__014.DZT
0.12,0.20500000000000002,6.241355407894566,3.017820089745974,1.0,3,PROJECT001C__014.DZT
0.12,0.21000000000000002,6.241355407894566,3.01509082834036,1.0,3,PROJECT001C__014.DZT
0.12,0.21500000000000002,6.241355407894566,3.0124500146834094,1.0,3,PROJECT001C__014.DZT
0.12,0.22000000000000003,6.241355407894566,3.009646313034523,1.0,3,PROJECT001C__014.DZT
0.12,0.22500000000000003,6.241355407894566,3.006710209064543,1.0,3,PROJECT001C__014.DZT
0.12,0.23000000000000004,6.241355407894566,3.0038930175705647,1.0,3,PROJECT001C__014.DZT
0.12,0.23500000000000004,6.241355407894566,3.001030700964293,1.0,3,PROJECT001C__014.DZT
0.12,0.24,6.241355407894566,2.9980676852322463,1.0,3,PROJECT001C__014.DZT
0.12,0.245,6.241355407894566,2.9952000950569264,1.0,3,PROJECT001C__014.DZT
0.12,0.25,6.241355407894566,2.9922422701816784,1.0,3,PROJECT001C__014.DZT
0.122,-0.05,6.038398137172922,3.0998789931139186,1.0,3,PROJECT001C__014.DZT
0.122,-0.045000000000000005,6.038398137172922,3.0986279686910017,1.0,3,PROJECT001C__014.DZT
0.122,-0.04,6.038398137172922,3.097453362486672,1.0,3,PROJECT001C__014.DZT
0.122,-0.035,6.038398137172922,3.096383079441558,1.0,3,PROJECT001C__014.DZT
0.122,-0.030000000000000002,6.038398137172922,3.095307807020795,1.0,3,PROJECT001C__014.DZT
0.122,-0.025,6.038398137172922,3.094206007808109,1.0,3,PROJECT001C__014.DZT
0.122,-0.020000000000000004,6.038398137172922,3.093174828755243,1.0,3,PROJECT001C__014.DZT
0.122,-0.015,6.038398137172922,3.092093762902259,1.0,3,PROJECT001C__014.DZT
0.122,-0.010000000000000002,6.038398137172922,3.090980786066053,1.0,3,PROJECT001C__014.DZT
0.122,-0.0050000000000000044,6.038398137172922,3.0898533756432953,1.0,3,PROJECT001C__014.DZT
0.122,0.0,6.038398137172922,3.088606181820317,1.0,3,PROJECT001C__014.DZT
0.122,0.0049999999999999975,6.038398137172922,3.087131986696717,1.0,3,PROJECT001C__014.DZT
0.122,0.009999999999999995,6.038398137172922,3.085556120159005,1.0,3,PROJECT001C__014.DZT
0.122,0.015,6.038398137172922,3.083861501719996,1.0,3,PROJECT001C__014.DZT
0.122,0.020000000000000004,6.038398137172922,3.0822431950489473,1.0,3,PROJECT001C__014.DZT
0.122,0.024999999999999994,6.038398137172922,3.0806165358036885,1.0,3,PROJECT001C__014.DZT
0.122,0.03,6.038398137172922,3.079191517731134,1.0,3,PROJECT001C__014.DZT
0.122,0.035,6.038398137172922,3.077770723651641,1.0,3,PROJECT001C__014.DZT
0.122,0.039999999999999994,6.038398137172922,3.0763227553182326,1.0,3,PROJECT001C__014.DZT
0.122,0.045,6.038398137172922,3.0750040684406135,1.0,3,PROJECT001C__014.DZT
0.122,0.05,6.038398137172922,3.0735465292677238,1.0,3,PROJECT001C__014.DZT
0.122,0.05499999999999999,6.038398137172922,3.0721122772149982,1.0,3,PROJECT001C__014.DZT
0.122,0.06,6.038398137172922,3.0707762093117643,1.0,3,PROJECT001C__014.DZT
0.122,0.065,6.038398137172922,3.0694790981716538,1.0,3,PROJECT001C__014.DZT
0.122,0.06999999999999999,6.038398137172922,3.0681485854292574,1.0,3,PROJECT001C__014.DZT
0.122,0.075,6.038398137172922,3.06685655012886,1.0,3,PROJECT001C__014.DZT
0.122,0.08,6.038398137172922,3.065516114397268,1.0,3,PROJECT001C__014.DZT
0.122,0.085,6.038398137172922,3.064139913445265,1.0,3,PROJECT001C__014.DZT
0.122,0.09000000000000001,6.038398137172922,3.0626626788519613,1.0,3,PROJECT001C__014.DZT
0.122,0.09499999999999999,6.038398137172922,3.0610673774541,1.0,3,PROJECT001C__014.DZT
0.122,0.09999999999999999,6.038398137172922,3.0595793716547397,1.0,3,PROJECT001C__014.DZT
0.122,0.105,6.038398137172922,3.057974803122732,1.0,3,PROJECT001C__014.DZT
0.122,0.11,6.038398137172922,3.0563391144326366,1.0,3,PROJECT001C__014.DZT
0.122,0.115,6.038398137172922,3.0547428172423987,1.0,3,PROJECT001C__014.DZT
0.122,0.12000000000000001,6.038398137172922,3.0530581291993304,1.0,3,PROJECT001C__014.DZT
0.122,0.125,6.038398137172922,3.051399698242505,1.0,3,PROJECT001C__014.DZT
0.122,0.13,6.038398137172922,3.0496892774790663,1.0,3,PROJECT001C__014.DZT
0.122,0.135,6.038398137172922,3.0480620837218333,1.0,3,PROJECT001C__014.DZT
0.122,0.14,6.038398137172922,3.046363804956444,1.0,3,PROJECT001C__014.DZT
0.122,0.14500000000000002,6.038398137172922,3.0445580021300387,1.0,3,PROJECT001C__014.DZT
0.122,0.15000000000000002,6.038398137172922,3.042530589294582,1.0,3,PROJECT001C__014.DZT
0.122,0.15500000000000003,6.038398137172922,3.040611864310127,1.0,3,PROJECT001C__014.DZT
0.122,0.15999999999999998,6.038398137172922,3.038474271819149,1.0,3,PROJECT001C__014.DZT
0.122,0.16499999999999998,6.038398137172922,3.0363920169208125,1.0,3,PROJECT001C__014.DZT
0.122,0.16999999999999998,6.038398137172922,3.0343812229298783,1.0,3,PROJECT001C__014.DZT
0.122,0.175,6.038398137172922,3.0321103942056946,1.0,3,PROJECT001C__014.DZT
0.122,0.18,6.038398137172922,3.029748506377663,1.0,3,PROJECT001C__014.DZT
0.122,0.185,6.038398137172922,3.027317948548428,1.0,3,PROJECT001C__014.DZT
0.122,0.19,6.038398137172922,3.024935743876568,1.0,3,PROJECT001C__014.DZT
0.122,0.195,6.038398137172922,3.022359564157526,1.0,3,PROJECT001C__014.DZT
0.122,0.2,6.038398137172922,3.0197829444864213,1.0,3,PROJECT001C__014.DZT
0.122,0.20500000000000002,6.038398137172922,3.0172452439651436,1.0,3,PROJECT001C__014.DZT
0.122,0.21000000000000002,6.038398137172922,3.0148071104290133,1.0,3,PROJECT001C__014.DZT
0.122,0.21500000000000002,6.038398137172922,3.0122764881978927,1.0,3,PROJECT001C__014.DZT
0.122,0.22000000000000003,6.038398137172922,3.009764167463923,1.0,3,PROJECT001C__014.DZT
0.122,0.22500000000000003,6.038398137172922,3.007384351562901,1.0,3,PROJECT001C__014.DZT
0.122,0.23000000000000004,6.038398137172922,3.004952272107978,1.0,3,PROJECT001C__014.DZT
0.122,0.23500000000000004,6.038398137172922,3.002457839970988,1.0,3,PROJECT001C__014.DZT
0.122,0.24,6.038398137172922,2.9998766055710675,1.0,3,PROJECT001C__014.DZT
0.122,0.245,6.038398137172922,2.9972353332262203,1.0,3,PROJECT001C__014.DZT
0.122,0.25,6.038398137172922,2.994276351765891,1.0,3,PROJECT001C__014.DZT
0.124,-0.05,5.84518196368898,3.1009484897540194,1.0,3,PROJECT001C__014.DZT
0.124,-0.045000000000000005,5.84518196368898,3.100111868919741,1.0,3,PROJECT001C__014.DZT
0.124,-0.04,5.84518196368898,3.099169915131613,1.0,3,PROJECT001C__014.DZT
0.124,-0.035,5.84518196368898,3.098269557784859,1.0,3,PROJECT001C__014.DZT
0.124,-0.030000000000000002,5.84518196368898,3.0971435555570626,1.0,3,PROJECT001C__014.DZT
0.124,-0.025,5.84518196368898,3.0959125760930637,1.0,3,PROJECT001C__014.DZT
0.124,-0.020000000000000004,5.84518196368898,3.094684399175824,1.0,3,PROJECT001C__014.DZT
0.124,-0.015,5.84518196368898,3.0932687039201805,1.0,3,PROJECT001C__014.DZT
0.124,-0.010000000000000002,5.84518196368898,3.0917406479369904,1.0,3,PROJECT001C__014.DZT
0.124,-0.0050000000000000044,5.84518196368898,3.0902709459776596,1.0,3,PROJECT001C__014.DZT
0.124,0.0,5.84518196368898,3.0888132895202784,1.0,3,PROJECT001C__014.DZT
0.124,0.0049999999999999975,5.84518196368898,3.0874079084504547,1.0,3,PROJECT001C__014.DZT
0.124,0.009999999999999995,5.84518196368898,3.0861149353767847,1.0,3,PROJECT001C__014.DZT
0.124,0.015,5.84518196368898,3.0849610277067328,1.0,3,PROJECT001C__014.DZT
0.124,0.020000000000000004,5.84518196368898,3.0838534387339607,1.0,3,PROJECT001C__014.DZT
0.124,0.024999999999999994,5.84518196368898,3.0827414109524924,1.0,3,PROJECT001C__014.DZT
0.124,0.03,5.84518196368898,3.081456897271842,1.0,3,PROJECT001C__014.DZT
0.124,0.035,5.84518196368898,3.0801918917730373,1.0,3,PROJECT001C__014.DZT
0.124,0.039999999999999994,5.84518196368898,3.078620118471363,1.0,3,PROJECT001C__014.DZT
0.124,0.045,5.84518196368898,3.0769364434908613,1.0,3,PROJECT001C__014.DZT
0.124,0.05,5.84518196368898,3.075340292212207,1.0,3,PROJECT001C__014.DZT
0.124,0.05499999999999999,5.84518196368898,3.0735943005754485,1.0,3,PROJECT001C__014.DZT
0.124,0.06,5.84518196368898,3.0716882723548946,1.0,3,PROJECT001C__014.DZT
0.124,0.065,5.84518196368898,3.069836122750582,1.0,3,PROJECT001C__014.DZT
0.124,0.06999999999999999,5.84518196368898,3.0679787235549383,1.0,3,PROJECT001C__014.DZT
0.124,0.075,5.84518196368898,3.0660034323892353,1.0,3,PROJECT001C__014.DZT
0.124,0.08,5.84518196368898,3.0642839837340463,1.0,3,PROJECT001C__014.DZT
0.124,0.085,5.84518196368898,3.062751923982562,1.0,3,PROJECT001C__014.DZT
0.124,0.09000000000000001,5.84518196368898,3.061313365244642,1.0,3,PROJECT001C__014.DZT
0.124,0.09499999999999999,5.84518196368898,3.059902088121518,1.0,3,PROJECT001C__014.DZT
0.124,0.09999999999999999,5.84518196368898,3.058526452745842,1.0,3,PROJECT001C__014.DZT
0.124,0.105,5.84518196368898,3.0571785988318663,1.0,3,PROJECT001C__014.DZT
0.124,0.11,5.84518196368898,3.055594024743819,1.0,3,PROJECT001C__014.DZT
0.124,0.115,5.84518196368898,3.0539521708961868,1.0,3,PROJECT001C__014.DZT
0.124,0.12000000000000001,5.84518196368898,3.0523101351845376,1.0,3,PROJECT001C__014.DZT
0.124,0.125,5.84518196368898,3.0504887033065775,1.0,3,PROJECT001C__014.DZT
0.124,0.13,5.84518196368898,3.048630688545591,1.0,3,PROJECT001C__014.DZT
0.124,0.135,5.84518196368898,3.046875517056711,1.0,3,PROJECT001C__014.DZT
0.124,0.14,5.84518196368898,3.0450804451838933,1.0,3,PROJECT001C__014.DZT
0.124,0.14500000000000002,5.84518196368898,3.043284497174008,1.0,3,PROJECT001C__014.DZT
0.124,0.15000000000000002,5.84518196368898,3.041580475869472,1.0,3,PROJECT001C__014.DZT
0.124,0.15500000000000003,5.84518196368898,3.0399090900113577,1.0,3,PROJECT001C__014.DZT
0.124,0.15999999999999998,5.84518196368898,3.0382054300602768,1.0,3,PROJECT001C__014.DZT
0.124,0.16499999999999998,5.84518196368898,3.036280940065383,1.0,3,PROJECT001C__014.DZT
0.124,0.16999999999999998,5.84518196368898,3.0341347933543,1.0,3,PROJECT001C__014.DZT
0.124,0.175,5.84518196368898,3.0319244692466696,1.0,3,PROJECT001C__014.DZT
0.124,0.18,5.84518196368898,3.0294619414122277,1.0,3,PROJECT001C__014.DZT
0.124,0.185,5.84518196368898,3.0272011419615232,1.0,3,PROJECT001C__014.DZT
0.124,0.19,5.84518196368898,3.024846440431544,1.0,3,PROJECT001C__014.DZT
0.124,0.195,5.84518196368898,3.022428552112448,1.0,3,PROJECT001C__014.DZT
0.124,0.2,5.84518196368898,3.020072144671017,1.0,3,PROJECT001C__014.DZT
0.124,0.20500000000000002,5.84518196368898,3.0176412893885733,1.0,3,PROJECT001C__014.DZT
0.124,0.21000000000000002,5.84518196368898,3.015310492181978,1.0,3,PROJECT001C__014.DZT
0.124,0.21500000000000002,5.84518196368898,3.0128384144722333,1.0,3,PROJECT001C__014.DZT
0.124,0.22000000000000003,5.84518196368898,3.0104245672019556,1.0,3,PROJECT001C__014.DZT
0.124,0.22500000000000003,5.84518196368898,3.0078772110554297,1.0,3,PROJECT001C__014.DZT
0.124,0.23000000000000004,5.84518196368898,3.0051848528036977,1.0,3,PROJECT001C__014.DZT
0.124,0.23500000000000004,5.84518196368898,3.002394305243991,1.0,3,PROJECT001C__014.DZT
0.124,0.24,5.84518196368898,2.999443777483009,1.0,3,PROJECT001C__014.DZT
0.124,0.245,5.84518196368898,2.996425239375841,1.0,3,PROJECT001C__014.DZT
0.124,0.25,5.84518196368898,2.9935090680986285,1.0,3,PROJECT001C__014.DZT
0.126,-0.05,5.661093340493937,3.103399385341129,1.0,3,PROJECT001C__014.DZT
0.126,-0.045000000000000005,5.661093340493937,3.1017518075388604,1.0,3,PROJECT001C__014.DZT
0.126,-0.04,5.661093340493937,3.1002570869286363,1.0,3,PROJECT001C__014.DZT
0.126,-0.035,5.661093340493937,3.098869053847421,1.0,3,PROJECT001C__014.DZT
0.126,-0.030000000000000002,5.661093340493937,3.0974271327748197,1.0,3,PROJECT001C__014.DZT
0.126,-0.025,5.661093340493937,3.0962212282466144,1.0,3,PROJECT001C__014.DZT
0.126,-0.020000000000000004,5.661093340493937,3.0950892967116155,1.0,3,PROJECT001C__014.DZT
0.126,-0.015,5.661093340493937,3.0939080599170077,1.0,3,PROJECT001C__014.DZT
0.126,-0.010000000000000002,5.661093340493937,3.0928300846195627,1.0,3,PROJECT001C__014.DZT
0.126,-0.0050000000000000044,5.661093340493937,3.0918197375275582,1.0,3,PROJECT001C__014.DZT
0.126,0.0,5.661093340493937,3.0908659902936626,1.0,3,PROJECT001C__014.DZT
0.126,0.0049999999999999975,5.661093340493937,3.089758679757118,1.0,3,PROJECT001C__014.DZT
0.126,0.009999999999999995,5.661093340493937,3.0885123434501964,1.0,3,PROJECT001C__014.DZT
0.126,0.015,5.661093340493937,3.087279840887737,1.0,3,PROJECT001C__014.DZT
0.126,0.020000000000000004,5.661093340493937,3.0858713573157543,1.0,3,PROJECT001C__014.DZT
0.126,0.024999999999999994,5.661093340493937,3.0842354136307395,1.0,3,PROJECT001C__014.DZT
0.126,0.03,5.661093340493937,3.082653727439706,1.0,3,PROJECT001C__014.DZT
0.126,0.035,5.661093340493937,3.0810360936942778,1.0,3,PROJECT001C__014.DZT
0.126,0.039999999999999994,5.661093340493937,3.0794041338859492,1.0,3,PROJECT001C__014.DZT
0.126,0.045,5.661093340493937,3.077872409795434,1.0,3,PROJECT001C__014.DZT
0.126,0.05,5.661093340493937,3.076331184162562,1.0,3,PROJECT001C__014.DZT
0.126,0.05499999999999999,5.661093340493937,3.07469388617375,1.0,3,PROJECT001C__014.DZT
0.126,0.06,5.661093340493937,3.0730758768805386,1.0,3,PROJECT001C__014.DZT
0.126,0.065,5.661093340493937,3.071458734914677,1.0,3,PROJECT001C__014.DZT
0.126,0.06999999999999999,5.661093340493937,3.069964569800227,1.0,3,PROJECT001C__014.DZT
0.126,0.075,5.661093340493937,3.068568330175278,1.0,3,PROJECT001C__014.DZT
0.126,0.08,5.661093340493937,3.0671369969942823,1.0,3,PROJECT001C__014.DZT
0.126,0.085,5.661093340493937,3.0656904458894836,1.0,3,PROJECT001C__014.DZT
0.126,0.09000000000000001,5.661093340493937,3.0640154238199617,1.0,3,PROJECT001C__014.DZT
0.126,0.09499999999999999,5.661093340493937,3.062125206626771,1.0,3,PROJECT001C__014.DZT
0.126,0.09999999999999999,5.661093340493937,3.0601510692598026,1.0,3,PROJECT001C__014.DZT
0.126,0.105,5.661093340493937,3.058081217335746,1.0,3,PROJECT001C__014.DZT
0.126,0.11,5.661093340493937,3.055923894867819,1.0,3,PROJECT001C__014.DZT
0.126,0.115,5.661093340493937,3.0538612439678494,1.0,3,PROJECT001C__014.DZT
0.126,0.12000000000000001,5.661093340493937,3.0519063958088117,1.0,3,PROJECT001C__014.DZT
0.126,0.125,5.661093340493937,3.049986712675224,1.0,3,PROJECT001C__014.DZT
0.126,0.13,5.661093340493937,3.0481213800592095,1.0,3,PROJECT001C__014.DZT
0.126,0.135,5.661093340493937,3.046349285531827,1.0,3,PROJECT001C__014.DZT
0.126,0.14,5.661093340493937,3.0446006581485285,1.0,3,PROJECT001C__014.DZT
0.126,0.14500000000000002,5.661093340493937,3.04290943650406,1.0,3,PROJECT001C__014.DZT
0.126,0.15000000000000002,5.661093340493937,3.041300400254515,1.0,3,PROJECT001C__014.DZT
0.126,0.15500000000000003,5.661093340493937,3.039653115042919,1.0,3,PROJECT001C__014.DZT
0.126,0.15999999999999998,5.661093340493937,3.0377998136510147,1.0,3,PROJECT001C__014.DZT
0.126,0.16499999999999998,5.661093340493937,3.035842195135352,1.0,3,PROJECT001C__014.DZT
0.126,0.16999999999999998,5.661093340493937,3.0338672153380393,1.0,3,PROJECT001C__014.DZT
0.126,0.175,5.661093340493937,3.031691888648481,1.0,3,PROJECT001C__014.DZT
0.126,0.18,5.661093340493937,3.0294122036285613,1.0,3,PROJECT001C__014.DZT
0.126,0.185,5.661093340493937,3.0270549661496156,1.0,3,PROJECT001C__014.DZT
0.126,0.19,5.661093340493937,3.024596808453319,1.0,3,PROJECT001C__014.DZT
0.126,0.195,5.661093340493937,3.0221316059717025,1.0,3,PROJECT001C__014.DZT
0.126,0.2,5.661093340493937,3.0197747563385016,1.0,3,PROJECT001C__014.DZT
0.126,0.20500000000000002,5.661093340493937,3.0175336364751844,1.0,3,PROJECT001C__014.DZT
0.126,0.21000000000000002,5.661093340493937,3.0152757732788227,1.0,3,PROJECT001C__014.DZT
0.126,0.21500000000000002,5.661093340493937,3.0130015219534805,1.0,3,PROJECT001C__014.DZT
0.126,0.22000000000000003,5.661093340493937,3.0106492976692842,1.0,3,PROJECT001C__014.DZT
0.126,0.22500000000000003,5.661093340493937,3.008111463098267,1.0,3,PROJECT001C__014.DZT
0.126,0.23000000000000004,5.661093340493937,3.005451839766692,1.0,3,PROJECT001C__014.DZT
0.126,0.23500000000000004,5.661093340493937,3.002741829017412,1.0,3,PROJECT001C__014.DZT
0.126,0.24,5.661093340493937,2.999836890048247,1.0,3,PROJECT001C__014.DZT
0.126,0.245,5.661093340493937,2.996843812423664,1.0,3,PROJECT001C__014.DZT
0.126,0.25,5.661093340493937,2.9939906823011673,1.0,3,PROJECT001C__014.DZT
0.128,-0.05,5.485566276469832,3.10674175596929,1.0,3,PROJECT001C__014.DZT
0.128,-0.045000000000000005,5.485566276469832,3.105450283457703,1.0,3,PROJECT001C__014.DZT
0.128,-0.04,5.485566276469832,3.104270706692009,1.0,3,PROJECT001C__014.DZT
0.128,-0.035,5.485566276469832,3.103053607921049,1.0,3,PROJECT001C__014.DZT
0.128,-0.030000000000000002,5.485566276469832,3.101791304872942,1.0,3,PROJECT001C__014.DZT
0.128,-0.025,5.485566276469832,3.100447561197653,1.0,3,PROJECT001C__014.DZT
0.128,-0.020000000000000004,5.485566276469832,3.0991069264225377,1.0,3,PROJECT001C__014.DZT
0.128,-0.015,5.485566276469832,3.09782469927776,1.0,3,PROJECT001C__014.DZT
0.128,-0.010000000000000002,5.485566276469832,3.09636221800733,1.0,3,PROJECT001C__014.DZT
0.128,-0.0050000000000000044,5.485566276469832,3.0948452605381633,1.0,3,PROJECT001C__014.DZT
0.128,0.0,5.485566276469832,3.0932960753528462,1.0,3,PROJECT001C__014.DZT
0.128,0.0049999999999999975,5.485566276469832,3.091622517352216,1.0,3,PROJECT001C__014.DZT
0.128,0.009999999999999995,5.485566276469832,3.089902462738937,1.0,3,PROJECT001C__014.DZT
0.128,0.015,5.485566276469832,3.088301036397717,1.0,3,PROJECT001C__014.DZT
0.128,0.020000000000000004,5.485566276469832,3.086833052308583,1.0,3,PROJECT001C__014.DZT
0.128,0.024999999999999994,5.485566276469832,3.085352282778159,1.0,3,PROJECT001C__014.DZT
0.128,0.03,5.485566276469832,3.0840643444604705,1.0,3,PROJECT001C__014.DZT
0.128,0.035,5.485566276469832,3.082842861445121,1.0,3,PROJECT001C__014.DZT
0.128,0.039999999999999994,5.485566276469832,3.0816649514578196,1.0,3,PROJECT001C__014.DZT
0.128,0.045,5.485566276469832,3.0804169179499348,1.0,3,PROJECT001C__014.DZT
0.128,0.05,5.485566276469832,3.0791209782709017,1.0,3,PROJECT001C__014.DZT
0.128,0.05499999999999999,5.485566276469832,3.0776495758648963,1.0,3,PROJECT001C__014.DZT
0.128,0.06,5.485566276469832,3.0760731571221385,1.0,3,PROJECT001C__014.DZT
0.128,0.065,5.485566276469832,3.074457704692536,1.0,3,PROJECT001C__014.DZT
0.128,0.06999999999999999,5.485566276469832,3.0726032271421952,1.0,3,PROJECT001C__014.DZT
0.128,0.075,5.485566276469832,3.070655250990024,1.0,3,PROJECT001C__014.DZT
0.128,0.08,5.485566276469832,3.068623886954692,1.0,3,PROJECT001C__014.DZT
0.128,0.085,5.485566276469832,3.0665431092200515,1.0,3,PROJECT001C__014.DZT
0.128,0.09000000000000001,5.485566276469832,3.0643686714761986,1.0,3,PROJECT001C__014.DZT
0.128,0.09499999999999999,5.485566276469832,3.0625494539629963,1.0,3,PROJECT001C__014.DZT
0.128,0.09999999999999999,5.485566276469832,3.0609561582914844,1.0,3,PROJECT001C__014.DZT
0.128,0.105,5.485566276469832,3.059294051512411,1.0,3,PROJECT001C__014.DZT
0.128,0.11,5.485566276469832,3.057718700314057,1.0,3,PROJECT001C__014.DZT
0.128,0.115,5.485566276469832,3.056210738835467,1.0,3,PROJECT001C__014.DZT
0.128,0.12000000000000001,5.485566276469832,3.0546132989448935,1.0,3,PROJECT001C__014.DZT
0.128,0.125,5.485566276469832,3.0527989667049855,1.0,3,PROJECT001C__014.DZT
0.128,0.13,5.485566276469832,3.0510699228963247,1.0,3,PROJECT001C__014.DZT
0.128,0.135,5.485566276469832,3.0491938789219755,1.0,3,PROJECT001C__014.DZT
0.128,0.14,5.485566276469832,3.04710967464977,1.0,3,PROJECT001C__014.DZT
0.128,0.14500000000000002,5.485566276469832,3.0449647914344102,1.0,3,PROJECT001C__014.DZT
0.128,0.15000000000000002,5.485566276469832,3.042750399498186,1.0,3,PROJECT001C__014.DZT
0.128,0.15500000000000003,5.485566276469832,3.040291115288469,1.0,3,PROJECT001C__014.DZT
0.128,0.15999999999999998,5.485566276469832,3.0379008937780996,1.0,3,PROJECT001C__014.DZT
0.128,0.16499999999999998,5.485566276469832,3.035682543490207,1.0,3,PROJECT001C__014.DZT
0.128,0.16999999999999998,5.485566276469832,3.0335060140995562,1.0,3,PROJECT001C__014.DZT
0.128,0.175,5.485566276469832,3.0314521372840963,1.0,3,PROJECT001C__014.DZT
0.128,0.18,5.485566276469832,3.0295269630479194,1.0,3,PROJECT001C__014.DZT
0.128,0.185,5.485566276469832,3.027651029674469,1.0,3,PROJECT001C__014.DZT
0.128,0.19,5.485566276469832,3.0257585687290227,1.0,3,PROJECT001C__014.DZT
0.128,0.195,5.485566276469832,3.023789425947451,1.0,3,PROJECT001C__014.DZT
0.128,0.2,5.485566276469832,3.0216972628932957,1.0,3,PROJECT001C__014.DZT
0.128,0.20500000000000002,5.485566276469832,3.0190854629811743,1.0,3,PROJECT001C__014.DZT
0.128,0.21000000000000002,5.485566276469832,3.0163709447897173,1.0,3,PROJECT001C__014.DZT
0.128,0.21500000000000002,5.485566276469832,3.013535825204212,1.0,3,PROJECT001C__014.DZT
0.128,0.22000000000000003,5.485566276469832,3.0103839916005515,1.0,3,PROJECT001C__014.DZT
0.128,0.22500000000000003,5.485566276469832,3.007480887764674,1.0,3,PROJECT001C__014.DZT
0.128,0.23000000000000004,5.485566276469832,3.004680608639301,1.0,3,PROJECT001C__014.DZT
0.128,0.23500000000000004,5.485566276469832,3.001907097064725,1.0,3,PROJECT001C__014.DZT
0.128,0.24,5.485566276469832,2.9992991135280485,1.0,3,PROJECT001C__014.DZT
0.128,0.245,5.485566276469832,2.9967968462632597,1.0,3,PROJECT001C__014.DZT
0.128,0.25,5.485566276469832,2.994256308353814,1.0,3,PROJECT001C__014.DZT
0.13,-0.05,5.318077980691228,3.111028533909615,1.0,3,PROJECT001C__014.DZT
0.13,-0.045000000000000005,5.318077980691228,3.1097691741812543,1.0,3,PROJECT001C__014.DZT
0.13,-0.04,5.318077980691228,3.108410199487827,1.0,3,PROJECT001C__014.DZT
0.13,-0.035,5.318077980691228,3.1069657414952214,1.0,3,PROJECT001C__014.DZT
0.13,-0.030000000000000002,5.318077980691228,3.1055690805276437,1.0,3,PROJECT001C__014.DZT
0.13,-0.025,5.318077980691228,3.1041891244504676,1.0,3,PROJECT001C__014.DZT
0.13,-0.020000000000000004,5.318077980691228,3.1027647560525042,1.0,3,PROJECT001C__014.DZT
0.13,-0.015,5.318077980691228,3.101265974928179,1.0,3,PROJECT001C__014.DZT
0.13,-0.010000000000000002,5.318077980691228,3.0996967140190645,1.0,3,PROJECT001C__014.DZT
0.13,-0.0050000000000000044,5.318077980691228,3.0982133468966544,1.0,3,PROJECT001C__014.DZT
0.13,0.0,5.318077980691228,3.0967220880663278,1.0,3,PROJECT001C__014.DZT
0.13,0.0049999999999999975,5.318077980691228,3.0952748445750955,1.0,3,PROJECT001C__014.DZT
0.13,0.009999999999999995,5.318077980691228,3.093925439318843,1.0,3,PROJECT001C__014.DZT
0.13,0.015,5.318077980691228,3.0925912359997674,1.0,3,PROJECT001C__014.DZT
0.13,0.020000000000000004,5.318077980691228,3.0912381515668286,1.0,3,PROJECT001C__014.DZT
0.13,0.024999999999999994,5.318077980691228,3.089782575149798,1.0,3,PROJECT001C__014.DZT
0.13,0.03,5.318077980691228,3.0882040586096218,1.0,3,PROJECT001C__014.DZT
0.13,0.035,5.318077980691228,3.086521813130549,1.0,3,PROJECT001C__014.DZT
0.13,0.039999999999999994,5.318077980691228,3.084851726334159,1.0,3,PROJECT001C__014.DZT
0.13,0.045,5.318077980691228,3.083117720204628,1.0,3,PROJECT001C__014.DZT
0.13,0.05,5.318077980691228,3.0813842112752403,1.0,3,PROJECT001C__014.DZT
0.13,0.05499999999999999,5.318077980691228,3.079635999218979,1.0,3,PROJECT001C__014.DZT
0.13,0.06,5.318077980691228,3.0779021944990372,1.0,3,PROJECT001C__014.DZT
0.13,0.065,5.318077980691228,3.0762422357024413,1.0,3,PROJECT001C__014.DZT
0.13,0.06999999999999999,5.318077980691228,3.074637474541001,1.0,3,PROJECT001C__014.DZT
0.13,0.075,5.318077980691228,3.073046791596115,1.0,3,PROJECT001C__014.DZT
0.13,0.08,5.318077980691228,3.071549982318869,1.0,3,PROJECT001C__014.DZT
0.13,0.085,5.318077980691228,3.07009474378812,1.0,3,PROJECT001C__014.DZT
0.13,0.09000000000000001,5.318077980691228,3.0685496920155106,1.0,3,PROJECT001C__014.DZT
0.13,0.09499999999999999,5.318077980691228,3.0668022107858524,1.0,3,PROJECT001C__014.DZT
0.13,0.09999999999999999,5.318077980691228,3.064992089856954,1.0,3,PROJECT001C__014.DZT
0.13,0.105,5.318077980691228,3.062756676829657,1.0,3,PROJECT001C__014.DZT
0.13,0.11,5.318077980691228,3.06035395844472,1.0,3,PROJECT001C__014.DZT
0.13,0.115,5.318077980691228,3.058093838534857,1.0,3,PROJECT001C__014.DZT
0.13,0.12000000000000001,5.318077980691228,3.0559323685231408,1.0,3,PROJECT001C__014.DZT
0.13,0.125,5.318077980691228,3.053747471290587,1.0,3,PROJECT001C__014.DZT
0.13,0.13,5.318077980691228,3.051655037623643,1.0,3,PROJECT001C__014.DZT
0.13,0.135,5.318077980691228,3.049729942846612,1.0,3,PROJECT001C__014.DZT
0.13,0.14,5.318077980691228,3.0477228963214436,1.0,3,PROJECT001C__014.DZT
0.13,0.14500000000000002,5.318077980691228,3.045884770562605,1.0,3,PROJECT001C__014.DZT
0.13,0.15000000000000002,5.318077980691228,3.044244269345118,1.0,3,PROJECT001C__014.DZT
0.13,0.15500000000000003,5.318077980691228,3.0425460861214275,1.0,3,PROJECT001C__014.DZT
0.13,0.15999999999999998,5.318077980691228,3.040762220703163,1.0,3,PROJECT001C__014.DZT
0.13,0.16499999999999998,5.318077980691228,3.038955374118382,1.0,3,PROJECT001C__014.DZT
0.13,0.16999999999999998,5.318077980691228,3.0368222187908205,1.0,3,PROJECT001C__014.DZT
0.13,0.175,5.318077980691228,3.034422957262995,1.0,3,PROJECT001C__014.DZT
0.13,0.18,5.318077980691228,3.0319800523956846,1.0,3,PROJECT001C__014.DZT
0.13,0.185,5.318077980691228,3.0295717679432363,1.0,3,PROJECT001C__014.DZT
0.13,0.19,5.318077980691228,3.027110977412788,1.0,3,PROJECT001C__014.DZT
0.13,0.195,5.318077980691228,3.024660819776113,1.0,3,PROJECT001C__014.DZT
0.13,0.2,5.318077980691228,3.0222583699674073,1.0,3,PROJECT001C__014.DZT
0.13,0.20500000000000002,5.318077980691228,3.019846900000367,1.0,3,PROJECT001C__014.DZT
0.13,0.21000000000000002,5.318077980691228,3.0175978649817954,1.0,3,PROJECT001C__014.DZT
0.13,0.21500000000000002,5.318077980691228,3.0152656398811892,1.0,3,PROJECT001C__014.DZT
0.13,0.22000000000000003,5.318077980691228,3.01279047438541,1.0,3,PROJECT001C__014.DZT
0.13,0.22500000000000003,5.318077980691228,3.0101861865194706,1.0,3,PROJECT001C__014.DZT
0.13,0.23000000000000004,5.318077980691228,3.007578441490287,1.0,3,PROJECT001C__014.DZT
0.13,0.23500000000000004,5.318077980691228,3.004589015235469,1.0,3,PROJECT001C__014.DZT
0.13,0.24,5.318077980691228,3.001602114330988,1.0,3,PROJECT001C__014.DZT
0.13,0.245,5.318077980691228,2.998549200441262,1.0,3,PROJECT001C__014.DZT
0.13,0.25,5.318077980691228,2.9953909233049836,1.0,3,PROJECT001C__014.DZT
0.132,-0.05,5.158144965202121,3.1144390378938627,1.0,3,PROJECT001C__014.DZT
0.132,-0.045000000000000005,5.158144965202121,3.1131005788861557,1.0,3,PROJECT001C__014.DZT
0.132,-0.04,5.158144965202121,3.111758904791516,1.0,3,PROJECT001C__014.DZT
0.132,-0.035,5.158144965202121,3.1104582344367055,1.0,3,PROJECT001C__014.DZT
0.132,-0.030000000000000002,5.158144965202121,3.109258046010487,1.0,3,PROJECT001C__014.DZT
0.132,-0.025,5.158144965202121,3.108097730568805,1.0,3,PROJECT001C__014.DZT
0.132,-0.020000000000000004,5.158144965202121,3.1068074868729347,1.0,3,PROJECT001C__014.DZT
0.132,-0.015,5.158144965202121,3.105453792913698,1.0,3,PROJECT001C__014.DZT
0.132,-0.010000000000000002,5.158144965202121,3.104214396932449,1.0,3,PROJECT001C__014.DZT
0.132,-0.0050000000000000044,5.158144965202121,3.1028777278523294,1.0,3,PROJECT001C__014.DZT
0.132,0.0,5.158144965202121,3.101414703770784,1.0,3,PROJECT001C__014.DZT
0.132,0.0049999999999999975,5.158144965202121,3.0999142588832185,1.0,3,PROJECT001C__014.DZT
0.132,0.009999999999999995,5.158144965202121,3.09832980451051,1.0,3,PROJECT001C__014.DZT
0.132,0.015,5.158144965202121,3.096608238443666,1.0,3,PROJECT001C__014.DZT
0.132,0.020000000000000004,5.158144965202121,3.094983260863488,1.0,3,PROJECT001C__014.DZT
0.132,0.024999999999999994,5.158144965202121,3.093252338907696,1.0,3,PROJECT001C__014.DZT
0.132,0.03,5.158144965202121,3.0916292457683894,1.0,3,PROJECT001C__014.DZT
0.132,0.035,5.158144965202121,3.090193974084895,1.0,3,PROJECT001C__014.DZT
0.132,0.039999999999999994,5.158144965202121,3.088742764429552,1.0,3,PROJECT001C__014.DZT
0.132,0.045,5.158144965202121,3.087242346942619,1.0,3,PROJECT001C__014.DZT
0.132,0.05,5.158144965202121,3.0856235948031543,1.0,3,PROJECT001C__014.DZT
0.132,0.05499999999999999,5.158144965202121,3.084021843313144,1.0,3,PROJECT001C__014.DZT
0.132,0.06,5.158144965202121,3.082307123467,1.0,3,PROJECT001C__014.DZT
0.132,0.065,5.158144965202121,3.080515844073702,1.0,3,PROJECT001C__014.DZT
0.132,0.06999999999999999,5.158144965202121,3.0787713407749244,1.0,3,PROJECT001C__014.DZT
0.132,0.075,5.158144965202121,3.0770337677006068,1.0,3,PROJECT001C__014.DZT
0.132,0.08,5.158144965202121,3.075176410323515,1.0,3,PROJECT001C__014.DZT
0.132,0.085,5.158144965202121,3.0733086297687806,1.0,3,PROJECT001C__014.DZT
0.132,0.09000000000000001,5.158144965202121,3.0715313883371955,1.0,3,PROJECT001C__014.DZT
0.132,0.09499999999999999,5.158144965202121,3.0696940833957918,1.0,3,PROJECT001C__014.DZT
0.132,0.09999999999999999,5.158144965202121,3.0678082671835614,1.0,3,PROJECT001C__014.DZT
0.132,0.105,5.158144965202121,3.066020496094337,1.0,3,PROJECT001C__014.DZT
0.132,0.11,5.158144965202121,3.064186643518156,1.0,3,PROJECT001C__014.DZT
0.132,0.115,5.158144965202121,3.062256280408873,1.0,3,PROJECT001C__014.DZT
0.132,0.12000000000000001,5.158144965202121,3.060286337032404,1.0,3,PROJECT001C__014.DZT
0.132,0.125,5.158144965202121,3.0580734319647713,1.0,3,PROJECT001C__014.DZT
0.132,0.13,5.158144965202121,3.0557417172814723,1.0,3,PROJECT001C__014.DZT
0.132,0.135,5.158144965202121,3.0535403158573065,1.0,3,PROJECT001C__014.DZT
0.132,0.14,5.158144965202121,3.0513992712648537,1.0,3,PROJECT001C__014.DZT
0.132,0.14500000000000002,5.158144965202121,3.049139143417417,1.0,3,PROJECT001C__014.DZT
0.132,0.15000000000000002,5.158144965202121,3.0468393419682815,1.0,3,PROJECT001C__014.DZT
0.132,0.15500000000000003,5.158144965202121,3.0446104776112954,1.0,3,PROJECT001C__014.DZT
0.132,0.15999999999999998,5.158144965202121,3.042226175034017,1.0,3,PROJECT001C__014.DZT
0.132,0.16499999999999998,5.158144965202121,3.0398397450840062,1.0,3,PROJECT001C__014.DZT
0.132,0.16999999999999998,5.158144965202121,3.0376303634144315,1.0,3,PROJECT001C__014.DZT
0.132,0.175,5.158144965202121,3.0354834840342826,1.0,3,PROJECT001C__014.DZT
0.132,0.18,5.158144965202121,3.0333869310349386,1.0,3,PROJECT001C__014.DZT
0.132,0.185,5.158144965202121,3.031395511746112,1.0,3,PROJECT001C__014.DZT
0.132,0.19,5.158144965202121,3.0292950331582666,1.0,3,PROJECT001C__014.DZT
0.132,0.195,5.158144965202121,3.027059505436382,1.0,3,PROJECT001C__014.DZT
0.132,0.2,5.158144965202121,3.0248886724583386,1.0,3,PROJECT001C__014.DZT
0.132,0.20500000000000002,5.158144965202121,3.022710519034176,1.0,3,PROJECT001C__014.DZT
0.132,0.21000000000000002,5.158144965202121,3.0203080250043874,1.0,3,PROJECT001C__014.DZT
0.132,0.21500000000000002,5.158144965202121,3.017753750068895,1.0,3,PROJECT001C__014.DZT
0.132,0.22000000000000003,5.158144965202121,3.0151553085987572,1.0,3,PROJECT001C__014.DZT
0.132,0.22500000000000003,5.158144965202121,3.0124682620148704,1.0,3,PROJECT001C__014.DZT
0.132,0.23000000000000004,5.158144965202121,3.009725790789409,1.0,3,PROJECT001C__014.DZT
0.132,0.23500000000000004,5.158144965202121,3.006888269158674,1.0,3,PROJECT001C__014.DZT
0.132,0.24,5.158144965202121,3.0039415338380184,1.0,3,PROJECT001C__014.DZT
0.132,0.245,5.158144965202121,3.000974647397443,1.0,3,PROJECT001C__014.DZT
0.132,0.25,5.158144965202121,2.9980704547311814,1.0,3,PROJECT001C__014.DZT
0.134,-0.05,5.005319551886932,3.117976632373605,1.0,3,PROJECT001C__014.DZT
0.134,-0.045000000000000005,5.005319551886932,3.116820582475002,1.0,3,PROJECT001C__014.DZT
0.134,-0.04,5.005319551886932,3.1156494064766456,1.0,3,PROJECT001C__014.DZT
0.134,-0.035,5.005319551886932,3.1144330498495747,1.0,3,PROJECT001C__014.DZT
0.134,-0.030000000000000002,5.005319551886932,3.1133119135004796,1.0,3,PROJECT001C__014.DZT
0.134,-0.025,5.005319551886932,3.1121666166999176,1.0,3,PROJECT001C__014.DZT
0.134,-0.020000000000000004,5.005319551886932,3.110758424021649,1.0,3,PROJECT001C__014.DZT
0.134,-0.015,5.005319551886932,3.1092806927845764,1.0,3,PROJECT001C__014.DZT
0.134,-0.010000000000000002,5.005319551886932,3.107889581826083,1.0,3,PROJECT001C__014.DZT
0.134,-0.0050000000000000044,5.005319551886932,3.106407113547428,1.0,3,PROJECT001C__014.DZT
0.134,0.0,5.005319551886932,3.104834456191313,1.0,3,PROJECT001C__014.DZT
0.134,0.0049999999999999975,5.005319551886932,3.103429471748386,1.0,3,PROJECT001C__014.DZT
0.134,0.009999999999999995,5.005319551886932,3.1019929958514507,1.0,3,PROJECT001C__014.DZT
0.134,0.015,5.005319551886932,3.1005621260738097,1.0,3,PROJECT001C__014.DZT
0.134,0.020000000000000004,5.005319551886932,3.0991710953570837,1.0,3,PROJECT001C__014.DZT
0.134,0.024999999999999994,5.005319551886932,3.097838445445938,1.0,3,PROJECT001C__014.DZT
0.134,0.03,5.005319551886932,3.096414167144102,1.0,3,PROJECT001C__014.DZT
0.134,0.035,5.005319551886932,3.0947780878108007,1.0,3,PROJECT001C__014.DZT
0.134,0.039999999999999994,5.005319551886932,3.0932009194695578,1.0,3,PROJECT001C__014.DZT
0.134,0.045,5.005319551886932,3.0915410273433963,1.0,3,PROJECT001C__014.DZT
0.134,0.05,5.005319551886932,3.0897932329903273,1.0,3,PROJECT001C__014.DZT
0.134,0.05499999999999999,5.005319551886932,3.0881476732044852,1.0,3,PROJECT001C__014.DZT
0.134,0.06,5.005319551886932,3.086466061200501,1.0,3,PROJECT001C__014.DZT
0.134,0.065,5.005319551886932,3.0847207003480612,1.0,3,PROJECT001C__014.DZT
0.134,0.06999999999999999,5.005319551886932,3.082970255404668,1.0,3,PROJECT001C__014.DZT
0.134,0.075,5.005319551886932,3.081181928197933,1.0,3,PROJECT001C__014.DZT
0.134,0.08,5.005319551886932,3.079358996073734,1.0,3,PROJECT001C__014.DZT
0.134,0.085,5.005319551886932,3.0776423278704024,1.0,3,PROJECT001C__014.DZT
0.134,0.09000000000000001,5.005319551886932,3.0759027272360626,1.0,3,PROJECT001C__014.DZT
0.134,0.09499999999999999,5.005319551886932,3.0741231850847726,1.0,3,PROJECT001C__014.DZT
0.134,0.09999999999999999,5.005319551886932,3.0722590589676972,1.0,3,PROJECT001C__014.DZT
0.134,0.105,5.005319551886932,3.0703894444319157,1.0,3,PROJECT001C__014.DZT
0.134,0.11,5.005319551886932,3.0684160553690325,1.0,3,PROJECT001C__014.DZT
0.134,0.115,5.005319551886932,3.066364149971738,1.0,3,PROJECT001C__014.DZT
0.134,0.12000000000000001,5.005319551886932,3.0643080980995254,1.0,3,PROJECT001C__014.DZT
0.134,0.125,5.005319551886932,3.062327427488144,1.0,3,PROJECT001C__014.DZT
0.134,0.13,5.005319551886932,3.060272971650051,1.0,3,PROJECT001C__014.DZT
0.134,0.135,5.005319551886932,3.0581037377060696,1.0,3,PROJECT001C__014.DZT
0.134,0.14,5.005319551886932,3.055917719096844,1.0,3,PROJECT001C__014.DZT
0.134,0.14500000000000002,5.005319551886932,3.0535872101346424,1.0,3,PROJECT001C__014.DZT
0.134,0.15000000000000002,5.005319551886932,3.0511201628698643,1.0,3,PROJECT001C__014.DZT
0.134,0.15500000000000003,5.005319551886932,3.0488019682912246,1.0,3,PROJECT001C__014.DZT
0.134,0.15999999999999998,5.005319551886932,3.0464868582544358,1.0,3,PROJECT001C__014.DZT
0.134,0.16499999999999998,5.005319551886932,3.0441877114894567,1.0,3,PROJECT001C__014.DZT
0.134,0.16999999999999998,5.005319551886932,3.0416856921915048,1.0,3,PROJECT001C__014.DZT
0.134,0.175,5.005319551886932,3.039318356941754,1.0,3,PROJECT001C__014.DZT
0.134,0.18,5.005319551886932,3.036750109516902,1.0,3,PROJECT001C__014.DZT
0.134,0.185,5.005319551886932,3.034243768256715,1.0,3,PROJECT001C__014.DZT
0.134,0.19,5.005319551886932,3.0317771773821423,1.0,3,PROJECT001C__014.DZT
0.134,0.195,5.005319551886932,3.0293683409817103,1.0,3,PROJECT001C__014.DZT
0.134,0.2,5.005319551886932,3.0270357150460434,1.0,3,PROJECT001C__014.DZT
0.134,0.20500000000000002,5.005319551886932,3.0244988351736732,1.0,3,PROJECT001C__014.DZT
0.134,0.21000000000000002,5.005319551886932,3.0219732451974806,1.0,3,PROJECT001C__014.DZT
0.134,0.21500000000000002,5.005319551886932,3.019494625077872,1.0,3,PROJECT001C__014.DZT
0.134,0.22000000000000003,5.005319551886932,3.0171032615052997,1.0,3,PROJECT001C__014.DZT
0.134,0.22500000000000003,5.005319551886932,3.0146831367003237,1.0,3,PROJECT001C__014.DZT
0.134,0.23000000000000004,5.005319551886932,3.0122399173498473,1.0,3,PROJECT001C__014.DZT
0.134,0.23500000000000004,5.005319551886932,3.0097123207751673,1.0,3,PROJECT001C__014.DZT
0.134,0.24,5.005319551886932,3.007134971007098,1.0,3,PROJECT001C__014.DZT
0.134,0.245,5.005319551886932,3.0044246939986885,1.0,3,PROJECT001C__014.DZT
0.134,0.25,5.005319551886932,3.0015056215380365,1.0,3,PROJECT001C__014.DZT
0.136,-0.05,4.859186736250094,3.121258687949,1.0,3,PROJECT001C__014.DZT
0.136,-0.045000000000000005,4.859186736250094,3.1201889309060893,1.0,3,PROJECT001C__014.DZT
0.136,-0.04,4.859186736250094,3.1190877754355775,1.0,3,PROJECT001C__014.DZT
0.136,-0.035,4.859186736250094,3.117934497709403,1.0,3,PROJECT001C__014.DZT
0.136,-0.030000000000000002,4.859186736250094,3.1167354276541794,1.0,3,PROJECT001C__014.DZT
0.136,-0.025,4.859186736250094,3.115435403714559,1.0,3,PROJECT001C__014.DZT
0.136,-0.020000000000000004,4.859186736250094,3.1139632027659196,1.0,3,PROJECT001C__014.DZT
0.136,-0.015,4.859186736250094,3.1125618797653143,1.0,3,PROJECT001C__014.DZT
0.136,-0.010000000000000002,4.859186736250094,3.1113143969817934,1.0,3,PROJECT001C__014.DZT
0.136,-0.0050000000000000044,4.859186736250094,3.1100355459848696,1.0,3,PROJECT001C__014.DZT
0.136,0.0,4.859186736250094,3.10874377728755,1.0,3,PROJECT001C__014.DZT
0.136,0.0049999999999999975,4.859186736250094,3.1075012208630572,1.0,3,PROJECT001C__014.DZT
0.136,0.009999999999999995,4.859186736250094,3.1062442339452363,1.0,3,PROJECT001C__014.DZT
0.136,0.015,4.859186736250094,3.104854645405816,1.0,3,PROJECT001C__014.DZT
0.136,0.020000000000000004,4.859186736250094,3.1034986349588554,1.0,3,PROJECT001C__014.DZT
0.136,0.024999999999999994,4.859186736250094,3.102039153827811,1.0,3,PROJECT001C__014.DZT
0.136,0.03,4.859186736250094,3.100353748151172,1.0,3,PROJECT001C__014.DZT
0.136,0.035,4.859186736250094,3.0987391928615082,1.0,3,PROJECT001C__014.DZT
0.136,0.039999999999999994,4.859186736250094,3.09714802482731,1.0,3,PROJECT001C__014.DZT
0.136,0.045,4.859186736250094,3.0954339459027467,1.0,3,PROJECT001C__014.DZT
0.136,0.05,4.859186736250094,3.0937811290088195,1.0,3,PROJECT001C__014.DZT
0.136,0.05499999999999999,4.859186736250094,3.0921428797424775,1.0,3,PROJECT001C__014.DZT
0.136,0.06,4.859186736250094,3.090408943366986,1.0,3,PROJECT001C__014.DZT
0.136,0.065,4.859186736250094,3.088819834571257,1.0,3,PROJECT001C__014.DZT
0.136,0.06999999999999999,4.859186736250094,3.0871745022673758,1.0,3,PROJECT001C__014.DZT
0.136,0.075,4.859186736250094,3.085598434809105,1.0,3,PROJECT001C__014.DZT
0.136,0.08,4.859186736250094,3.0840465457414186,1.0,3,PROJECT001C__014.DZT
0.136,0.085,4.859186736250094,3.0825071672836386,1.0,3,PROJECT001C__014.DZT
0.136,0.09000000000000001,4.859186736250094,3.08066042671233,1.0,3,PROJECT001C__014.DZT
0.136,0.09499999999999999,4.859186736250094,3.0786571716269067,1.0,3,PROJECT001C__014.DZT
0.136,0.09999999999999999,4.859186736250094,3.0767059321521573,1.0,3,PROJECT001C__014.DZT
0.136,0.105,4.859186736250094,3.0746852632150077,1.0,3,PROJECT001C__014.DZT
0.136,0.11,4.859186736250094,3.072553749419003,1.0,3,PROJECT001C__014.DZT
0.136,0.115,4.859186736250094,3.070692156567542,1.0,3,PROJECT001C__014.DZT
0.136,0.12000000000000001,4.859186736250094,3.068789477020443,1.0,3,PROJECT001C__014.DZT
0.136,0.125,4.859186736250094,3.0667613498570696,1.0,3,PROJECT001C__014.DZT
0.136,0.13,4.859186736250094,3.0648188238392238,1.0,3,PROJECT001C__014.DZT
0.136,0.135,4.859186736250094,3.0629243017913,1.0,3,PROJECT001C__014.DZT
0.136,0.14,4.859186736250094,3.0608952845846855,1.0,3,PROJECT001C__014.DZT
0.136,0.14500000000000002,4.859186736250094,3.0587846341275244,1.0,3,PROJECT001C__014.DZT
0.136,0.15000000000000002,4.859186736250094,3.0566743275451373,1.0,3,PROJECT001C__014.DZT
0.136,0.15500000000000003,4.859186736250094,3.054299151228894,1.0,3,PROJECT001C__014.DZT
0.136,0.15999999999999998,4.859186736250094,3.051720827793943,1.0,3,PROJECT001C__014.DZT
0.136,0.16499999999999998,4.859186736250094,3.048990830969341,1.0,3,PROJECT001C__014.DZT
0.136,0.16999999999999998,4.859186736250094,3.0462388719035296,1.0,3,PROJECT001C__014.DZT
0.136,0.175,4.859186736250094,3.0436744161748877,1.0,3,PROJECT001C__014.DZT
0.136,0.18,4.859186736250094,3.0412445682509426,1.0,3,PROJECT001C__014.DZT
0.136,0.185,4.859186736250094,3.038732590104443,1.0,3,PROJECT001C__014.DZT
0.136,0.19,4.859186736250094,3.0363819596715325,1.0,3,PROJECT001C__014.DZT
0.136,0.195,4.859186736250094,3.0339765710445428,1.0,3,PROJECT001C__014.DZT
0.136,0.2,4.859186736250094,3.031346160883572,1.0,3,PROJECT001C__014.DZT
0.136,0.20500000000000002,4.859186736250094,3.0286629652891315,1.0,3,PROJECT001C__014.DZT
0.136,0.21000000000000002,4.859186736250094,3.0261291425080437,1.0,3,PROJECT001C__014.DZT
0.136,0.21500000000000002,4.859186736250094,3.0233741236165,1.0,3,PROJECT001C__014.DZT
0.136,0.22000000000000003,4.859186736250094,3.0205597756292097,1.0,3,PROJECT001C__014.DZT
0.136,0.22500000000000003,4.859186736250094,3.017706662860038,1.0,3,PROJECT001C__014.DZT
0.136,0.23000000000000004,4.859186736250094,3.0149451848008746,1.0,3,PROJECT001C__014.DZT
0.136,0.23500000000000004,4.859186736250094,3.0121320923789376,1.0,3,PROJECT001C__014.DZT
0.136,0.24,4.859186736250094,3.0095362459699775,1.0,3,PROJECT001C__014.DZT
0.136,0.245,4.859186736250094,3.006938178574428,1.0,3,PROJECT001C__014.DZT
0.136,0.25,4.859186736250094,3.00424080505643,1.0,3,PROJECT001C__014.DZT
0.138,-0.05,4.719361367028028,3.124199036082455,1.0,3,PROJECT001C__014.DZT
0.138,-0.045000000000000005,4.719361367028028,3.12315747882001,1.0,3,PROJECT001C__014.DZT
0.138,-0.04,4.719361367028028,3.122149651826873,1.0,3,PROJECT001C__014.DZT
0.138,-0.035,4.719361367028028,3.120976090941072,1.0,3,PROJECT001C__014.DZT
0.138,-0.030000000000000002,4.719361367028028,3.11969633074621,1.0,3,PROJECT001C__014.DZT
0.138,-0.025,4.719361367028028,3.1185432716752124,1.0,3,PROJECT001C__014.DZT
0.138,-0.020000000000000004,4.719361367028028,3.117387571644235,1.0,3,PROJECT001C__014.DZT
0.138,-0.015,4.719361367028028,3.116230233434632,1.0,3,PROJECT001C__014.DZT
0.138,-0.010000000000000002,4.719361367028028,3.1150096663056934,1.0,3,PROJECT001C__014.DZT
0.138,-0.0050000000000000044,4.719361367028028,3.113764305887646,1.0,3,PROJECT001C__014.DZT
0.138,0.0,4.719361367028028,3.1123380005040233,1.0,3,PROJECT001C__014.DZT
0.138,0.0049999999999999975,4.719361367028028,3.1109207990659105,1.0,3,PROJECT001C__014.DZT
0.138,0.009999999999999995,4.719361367028028,3.1096301458207845,1.0,3,PROJECT001C__014.DZT
0.138,0.015,4.719361367028028,3.1082801558682505,1.0,3,PROJECT001C__014.DZT
0.138,0.020000000000000004,4.719361367028028,3.106896433533828,1.0,3,PROJECT001C__014.DZT
0.138,0.024999999999999994,4.719361367028028,3.105558336734259,1.0,3,PROJECT001C__014.DZT
0.138,0.03,4.719361367028028,3.104129227749706,1.0,3,PROJECT001C__014.DZT
0.138,0.035,4.719361367028028,3.102676810356316,1.0,3,PROJECT001C__014.DZT
0.138,0.039999999999999994,4.719361367028028,3.1012198247656335,1.0,3,PROJECT001C__014.DZT
0.138,0.045,4.719361367028028,3.0997810099273253,1.0,3,PROJECT001C__014.DZT
0.138,0.05,4.719361367028028,3.0982992434841647,1.0,3,PROJECT001C__014.DZT
0.138,0.05499999999999999,4.719361367028028,3.096692541413772,1.0,3,PROJECT001C__014.DZT
0.138,0.06,4.719361367028028,3.095086672209306,1.0,3,PROJECT001C__014.DZT
0.138,0.065,4.719361367028028,3.0934037885145123,1.0,3,PROJECT001C__014.DZT
0.138,0.06999999999999999,4.719361367028028,3.09165736592483,1.0,3,PROJECT001C__014.DZT
0.138,0.075,4.719361367028028,3.089839642748808,1.0,3,PROJECT001C__014.DZT
0.138,0.08,4.719361367028028,3.0880030208345084,1.0,3,PROJECT001C__014.DZT
0.138,0.085,4.719361367028028,3.086141937949274,1.0,3,PROJECT001C__014.DZT
0.138,0.09000000000000001,4.719361367028028,3.084267405475533,1.0,3,PROJECT001C__014.DZT
0.138,0.09499999999999999,4.719361367028028,3.082482511636106,1.0,3,PROJECT001C__014.DZT
0.138,0.09999999999999999,4.719361367028028,3.0808704471982082,1.0,3,PROJECT001C__014.DZT
0.138,0.105,4.719361367028028,3.0791283107867145,1.0,3,PROJECT001C__014.DZT
0.138,0.11,4.719361367028028,3.077308910093665,1.0,3,PROJECT001C__014.DZT
0.138,0.115,4.719361367028028,3.0755753263169976,1.0,3,PROJECT001C__014.DZT
0.138,0.12000000000000001,4.719361367028028,3.0736442870147656,1.0,3,PROJECT001C__014.DZT
0.138,0.125,4.719361367028028,3.0716330684906956,1.0,3,PROJECT001C__014.DZT
0.138,0.13,4.719361367028028,3.069644435635953,1.0,3,PROJECT001C__014.DZT
0.138,0.135,4.719361367028028,3.067569305357729,1.0,3,PROJECT001C__014.DZT
0.138,0.14,4.719361367028028,3.0653561266563027,1.0,3,PROJECT001C__014.DZT
0.138,0.14500000000000002,4.719361367028028,3.0632126236623964,1.0,3,PROJECT001C__014.DZT
0.138,0.15000000000000002,4.719361367028028,3.0609953562002583,1.0,3,PROJECT001C__014.DZT
0.138,0.15500000000000003,4.719361367028028,3.0587432803859222,1.0,3,PROJECT001C__014.DZT
0.138,0.15999999999999998,4.719361367028028,3.0565903399297567,1.0,3,PROJECT001C__014.DZT
0.138,0.16499999999999998,4.719361367028028,3.0544643446585593,1.0,3,PROJECT001C__014.DZT
0.138,0.16999999999999998,4.719361367028028,3.0521914294143286,1.0,3,PROJECT001C__014.DZT
0.138,0.175,4.719361367028028,3.0498746119693827,1.0,3,PROJECT001C__014.DZT
0.138,0.18,4.719361367028028,3.047254187930857,1.0,3,PROJECT001C__014.DZT
0.138,0.185,4.719361367028028,3.0445854254218325,1.0,3,PROJECT001C__014.DZT
0.138,0.19,4.719361367028028,3.04192350244422,1.0,3,PROJECT001C__014.DZT
0.138,0.195,4.719361367028028,3.039142493496094,1.0,3,PROJECT001C__014.DZT
0.138,0.2,4.719361367028028,3.036295431851643,1.0,3,PROJECT001C__014.DZT
0.138,0.20500000000000002,4.719361367028028,3.0335089819823193,1.0,3,PROJECT001C__014.DZT
0.138,0.21000000000000002,4.719361367028028,3.030675461354299,1.0,3,PROJECT001C__014.DZT
0.138,0.21500000000000002,4.719361367028028,3.0277746536788457,1.0,3,PROJECT001C__014.DZT
0.138,0.22000000000000003,4.719361367028028,3.025056310725861,1.0,3,PROJECT001C__014.DZT
0.138,0.22500000000000003,4.719361367028028,3.0222453322469036,1.0,3,PROJECT001C__014.DZT
0.138,0.23000000000000004,4.719361367028028,3.019572087394108,1.0,3,PROJECT001C__014.DZT
0.138,0.23500000000000004,4.719361367028028,3.0169755354649452,1.0,3,PROJECT001C__014.DZT
0.138,0.24,4.719361367028028,3.0141102410792033,1.0,3,PROJECT001C__014.DZT
0.138,0.245,4.719361367028028,3.0111750852521424,1.0,3,PROJECT001C__014.DZT
0.138,0.25,4.719361367028028,3.008333247935356,1.0,3,PROJECT001C__014.DZT
0.14,-0.05,4.585485605800089,3.1281961793076025,1.0,3,PROJECT001C__014.DZT
0.14,-0.045000000000000005,4.585485605800089,3.1270231226344483,1.0,3,PROJECT001C__014.DZT
0.14,-0.04,4.585485605800089,3.125707747926196,1.0,3,PROJECT001C__014.DZT
0.14,-0.035,4.585485605800089,3.1244506398466885,1.0,3,PROJECT001C__014.DZT
0.14,-0.030000000000000002,4.585485605800089,3.1231180854343332,1.0,3,PROJECT001C__014.DZT
0.14,-0.025,4.585485605800089,3.1218864328157268,1.0,3,PROJECT001C__014.DZT
0.14,-0.020000000000000004,4.585485605800089,3.1206683353588196,1.0,3,PROJECT001C__014.DZT
0.14,-0.015,4.585485605800089,3.1194553490981782,1.0,3,PROJECT001C__014.DZT
0.14,-0.010000000000000002,4.585485605800089,3.1182741063272577,1.0,3,PROJECT001C__014.DZT
0.14,-0.0050000000000000044,4.585485605800089,3.1170365787038876,1.0,3,PROJECT001C__014.DZT
0.14,0.0,4.585485605800089,3.1158462160909917,1.0,3,PROJECT001C__014.DZT
0.14,0.0049999999999999975,4.585485605800089,3.114724508268115,1.0,3,PROJECT001C__014.DZT
0.14,0.009999999999999995,4.585485605800089,3.1135143897546,1.0,3,PROJECT001C__014.DZT
0.14,0.015,4.585485605800089,3.1121882553095817,1.0,3,PROJECT001C__014.DZT
0.14,0.020000000000000004,4.585485605800089,3.110721903853701,1.0,3,PROJECT001C__014.DZT
0.14,0.024999999999999994,4.585485605800089,3.1090084721738354,1.0,3,PROJECT001C__014.DZT
0.14,0.03,4.585485605800089,3.10741293731569,1.0,3,PROJECT001C__014.DZT
0.14,0.035,4.585485605800089,3.105927643958033,1.0,3,PROJECT001C__014.DZT
0.14,0.039999999999999994,4.585485605800089,3.1044354910714653,1.0,3,PROJECT001C__014.DZT
0.14,0.045,4.585485605800089,3.103002270356258,1.0,3,PROJECT001C__014.DZT
0.14,0.05,4.585485605800089,3.101640766690729,1.0,3,PROJECT001C__014.DZT
0.14,0.05499999999999999,4.585485605800089,3.1003420283541296,1.0,3,PROJECT001C__014.DZT
0.14,0.06,4.585485605800089,3.098933100438877,1.0,3,PROJECT001C__014.DZT
0.14,0.065,4.585485605800089,3.097506288167082,1.0,3,PROJECT001C__014.DZT
0.14,0.06999999999999999,4.585485605800089,3.0960978776784898,1.0,3,PROJECT001C__014.DZT
0.14,0.075,4.585485605800089,3.0944242441207552,1.0,3,PROJECT001C__014.DZT
0.14,0.08,4.585485605800089,3.092713945504085,1.0,3,PROJECT001C__014.DZT
0.14,0.085,4.585485605800089,3.090992665556785,1.0,3,PROJECT001C__014.DZT
0.14,0.09000000000000001,4.585485605800089,3.0891466148617925,1.0,3,PROJECT001C__014.DZT
0.14,0.09499999999999999,4.585485605800089,3.0871618658938433,1.0,3,PROJECT001C__014.DZT
0.14,0.09999999999999999,4.585485605800089,3.0852401584707585,1.0,3,PROJECT001C__014.DZT
0.14,0.105,4.585485605800089,3.08329531397705,1.0,3,PROJECT001C__014.DZT
0.14,0.11,4.585485605800089,3.081342284521215,1.0,3,PROJECT001C__014.DZT
0.14,0.115,4.585485605800089,3.0795697953968957,1.0,3,PROJECT001C__014.DZT
0.14,0.12000000000000001,4.585485605800089,3.07781879429227,1.0,3,PROJECT001C__014.DZT
0.14,0.125,4.585485605800089,3.075866577488101,1.0,3,PROJECT001C__014.DZT
0.14,0.13,4.585485605800089,3.0739847167031624,1.0,3,PROJECT001C__014.DZT
0.14,0.135,4.585485605800089,3.0720348415666003,1.0,3,PROJECT001C__014.DZT
0.14,0.14,4.585485605800089,3.069936744664331,1.0,3,PROJECT001C__014.DZT
0.14,0.14500000000000002,4.585485605800089,3.0678448221389103,1.0,3,PROJECT001C__014.DZT
0.14,0.15000000000000002,4.585485605800089,3.065836028835475,1.0,3,PROJECT001C__014.DZT
0.14,0.15500000000000003,4.585485605800089,3.0637545097859316,1.0,3,PROJECT001C__014.DZT
0.14,0.15999999999999998,4.585485605800089,3.0615529316124657,1.0,3,PROJECT001C__014.DZT
0.14,0.16499999999999998,4.585485605800089,3.059333587256585,1.0,3,PROJECT001C__014.DZT
0.14,0.16999999999999998,4.585485605800089,3.0570013726503755,1.0,3,PROJECT001C__014.DZT
0.14,0.175,4.585485605800089,3.0547034235552903,1.0,3,PROJECT001C__014.DZT
0.14,0.18,4.585485605800089,3.05245475628394,1.0,3,PROJECT001C__014.DZT
0.14,0.185,4.585485605800089,3.049967966000127,1.0,3,PROJECT001C__014.DZT
0.14,0.19,4.585485605800089,3.047454506857806,1.0,3,PROJECT001C__014.DZT
0.14,0.195,4.585485605800089,3.0447665742997874,1.0,3,PROJECT001C__014.DZT
0.14,0.2,4.585485605800089,3.0419465216241,1.0,3,PROJECT001C__014.DZT
0.14,0.20500000000000002,4.585485605800089,3.0391752988837486,1.0,3,PROJECT001C__014.DZT
0.14,0.21000000000000002,4.585485605800089,3.0364061401171445,1.0,3,PROJECT001C__014.DZT
0.14,0.21500000000000002,4.585485605800089,3.033780681897809,1.0,3,PROJECT001C__014.DZT
0.14,0.22000000000000003,4.585485605800089,3.0310338420984153,1.0,3,PROJECT001C__014.DZT
0.14,0.22500000000000003,4.585485605800089,3.028171106265544,1.0,3,PROJECT001C__014.DZT
0.14,0.23000000000000004,4.585485605800089,3.0253100325080235,1.0,3,PROJECT001C__014.DZT
0.14,0.23500000000000004,4.585485605800089,3.0221718011493848,1.0,3,PROJECT001C__014.DZT
0.14,0.24,4.585485605800089,3.019032040968321,1.0,3,PROJECT001C__014.DZT
0.14,0.245,4.585485605800089,3.0160206930667335,1.0,3,PROJECT001C__014.DZT
0.14,0.25,4.585485605800089,3.012901391604571,1.0,3,PROJECT001C__014.DZT
0.14200000000000002,-0.05,4.457226635274833,3.1323572370732937,1.0,3,PROJECT001C__014.DZT
0.14200000000000002,-0.045000000000000005,4.457226635274833,3.130986249681767,1.0,3,PROJECT001C__014.DZT
0.14200000000000002,-0.04,4.457226635274833,3.129599698913241,1.0,3,PROJECT001C__014.DZT
0.14200000000000002,-0.035,4.457226635274833,3.128330551028487,1.0,3,PROJECT001C__014.DZT
0.14200000000000002,-0.030000000000000002,4.457226635274833,3.1271907654397193,1.0,3,PROJECT001C__014.DZT
0.14200000000000002,-0.025,4.457226635274833,3.1261323703603257,1.0,3,PROJECT001C__014.DZT
0.14200000000000002,-0.020000000000000004,4.457226635274833,3.1250654282818857,1.0,3,PROJECT001C__014.DZT
0.14200000000000002,-0.015,4.457226635274833,3.1239648067742096,1.0,3,PROJECT001C__014.DZT
0.14200000000000002,-0.010000000000000002,4.457226635274833,3.122834575251065,1.0,3,PROJECT001C__014.DZT
0.14200000000000002,-0.0050000000000000044,4.457226635274833,3.1215331449709978,1.0,3,PROJECT001C__014.DZT
0.14200000000000002,0.0,4.457226635274833,3.120222436939301,1.0,3,PROJECT001C__014.DZT
0.14200000000000002,0.0049999999999999975,4.457226635274833,3.1188034540339182,1.0,3,PROJECT001C__014.DZT
0.14200000000000002,0.009999999999999995,4.457226635274833,3.1171678608342863,1.0,3,PROJECT001C__014.DZT
0.14200000000000002,0.015,4.457226635274833,3.1156885456042587,1.0,3,PROJECT001C__014.DZT
0.14200000000000002,0.020000000000000004,4.457226635274833,3.1142035213942436,1.0,3,PROJECT001C__014.DZT
0.14200000000000002,0.024999999999999994,4.457226635274833,3.112821507889579,1.0,3,PROJECT001C__014.DZT
0.14200000000000002,0.03,4.457226635274833,3.111553337646099,1.0,3,PROJECT001C__014.DZT
0.14200000000000002,0.035,4.457226635274833,3.1102337622192433,1.0,3,PROJECT001C__014.DZT
0.14200000000000002,0.039999999999999994,4.457226635274833,3.10894447584679,1.0,3,PROJECT001C__014.DZT
0.14200000000000002,0.045,4.457226635274833,3.1074816865035744,1.0,3,PROJECT001C__014.DZT
0.14200000000000002,0.05,4.457226635274833,3.105870356698149,1.0,3,PROJECT001C__014.DZT
0.14200000000000002,0.05499999999999999,4.457226635274833,3.104277684948643,1.0,3,PROJECT001C__014.DZT
0.14200000000000002,0.06,4.457226635274833,3.1025915658604912,1.0,3,PROJECT001C__014.DZT
0.14200000000000002,0.065,4.457226635274833,3.100889554881897,1.0,3,PROJECT001C__014.DZT
0.14200000000000002,0.06999999999999999,4.457226635274833,3.0991425543436892,1.0,3,PROJECT001C__014.DZT
0.14200000000000002,0.075,4.457226635274833,3.0974720016670148,1.0,3,PROJECT001C__014.DZT
0.14200000000000002,0.08,4.457226635274833,3.0957843766325523,1.0,3,PROJECT001C__014.DZT
0.14200000000000002,0.085,4.457226635274833,3.0942556962463716,1.0,3,PROJECT001C__014.DZT
0.14200000000000002,0.09000000000000001,4.457226635274833,3.09278661289132,1.0,3,PROJECT001C__014.DZT
0.14200000000000002,0.09499999999999999,4.457226635274833,3.0912742009808483,1.0,3,PROJECT001C__014.DZT
0.14200000000000002,0.09999999999999999,4.457226635274833,3.0897610566597713,1.0,3,PROJECT001C__014.DZT
0.14200000000000002,0.105,4.457226635274833,3.0882105954696915,1.0,3,PROJECT001C__014.DZT
0.14200000000000002,0.11,4.457226635274833,3.086511787030755,1.0,3,PROJECT001C__014.DZT
0.14200000000000002,0.115,4.457226635274833,3.0846230849671623,1.0,3,PROJECT001C__014.DZT
0.14200000000000002,0.12000000000000001,4.457226635274833,3.0827064913565088,1.0,3,PROJECT001C__014.DZT
0.14200000000000002,0.125,4.457226635274833,3.0806191009126036,1.0,3,PROJECT001C__014.DZT
0.14200000000000002,0.13,4.457226635274833,3.0783856104619978,1.0,3,PROJECT001C__014.DZT
0.14200000000000002,0.135,4.457226635274833,3.076322201652875,1.0,3,PROJECT001C__014.DZT
0.14200000000000002,0.14,4.457226635274833,3.074261043363908,1.0,3,PROJECT001C__014.DZT
0.14200000000000002,0.14500000000000002,4.457226635274833,3.072140362408239,1.0,3,PROJECT001C__014.DZT
0.14200000000000002,0.15000000000000002,4.457226635274833,3.0701196768671637,1.0,3,PROJECT001C__014.DZT
0.14200000000000002,0.15500000000000003,4.457226635274833,3.0680817741348356,1.0,3,PROJECT001C__014.DZT
0.14200000000000002,0.15999999999999998,4.457226635274833,3.0660421747426274,1.0,3,PROJECT001C__014.DZT
0.14200000000000002,0.16499999999999998,4.457226635274833,3.063936611544728,1.0,3,PROJECT001C__014.DZT
0.14200000000000002,0.16999999999999998,4.457226635274833,3.061928386171637,1.0,3,PROJECT001C__014.DZT
0.14200000000000002,0.175,4.457226635274833,3.0597618479047797,1.0,3,PROJECT001C__014.DZT
0.14200000000000002,0.18,4.457226635274833,3.057404386243816,1.0,3,PROJECT001C__014.DZT
0.14200000000000002,0.185,4.457226635274833,3.0551002300572088,1.0,3,PROJECT001C__014.DZT
0.14200000000000002,0.19,4.457226635274833,3.0525772583906505,1.0,3,PROJECT001C__014.DZT
0.14200000000000002,0.195,4.457226635274833,3.0500821733205576,1.0,3,PROJECT001C__014.DZT
0.14200000000000002,0.2,4.457226635274833,3.047537842613163,1.0,3,PROJECT001C__014.DZT
0.14200000000000002,0.20500000000000002,4.457226635274833,3.044870314431032,1.0,3,PROJECT001C__014.DZT
0.14200000000000002,0.21000000000000002,4.457226635274833,3.0421316273246837,1.0,3,PROJECT001C__014.DZT
0.14200000000000002,0.21500000000000002,4.457226635274833,3.0392658179520233,1.0,3,PROJECT001C__014.DZT
0.14200000000000002,0.22000000000000003,4.457226635274833,3.036413099981179,1.0,3,PROJECT001C__014.DZT
0.14200000000000002,0.22500000000000003,4.457226635274833,3.0335531038218995,1.0,3,PROJECT001C__014.DZT
0.14200000000000002,0.23000000000000004,4.457226635274833,3.030753898532897,1.0,3,PROJECT001C__014.DZT
0.14200000000000002,0.23500000000000004,4.457226635274833,3.0279530103500143,1.0,3,PROJECT001C__014.DZT
0.14200000000000002,0.24,4.457226635274833,3.0249317777593308,1.0,3,PROJECT001C__014.DZT
0.14200000000000002,0.245,4.457226635274833,3.022018102442756,1.0,3,PROJECT001C__014.DZT
0.14200000000000002,0.25,4.457226635274833,3.0188548490839078,1.0,3,PROJECT001C__014.DZT
0.14400000000000002,-0.05,4.334274588815671,3.137419977902827,1.0,3,PROJECT001C__014.DZT
0.14400000000000002,-0.045000000000000005,4.334274588815671,3.1363131476143273,1.0,3,PROJECT001C__014.DZT
0.14400000000000002,-0.04,4.334274588815671,3.1352736442127545,1.0,3,PROJECT001C__014.DZT
0.14400000000000002,-0.035,4.334274588815671,3.1340924205124288,1.0,3,PROJECT001C__014.DZT
0.14400000000000002,-0.030000000000000002,4.334274588815671,3.13284869720121,1.0,3,PROJECT001C__014.DZT
0.14400000000000002,-0.025,4.334274588815671,3.13160016768297,1.0,3,PROJECT001C__014.DZT
0.14400000000000002,-0.020000000000000004,4.334274588815671,3.13005594201297,1.0,3,PROJECT001C__014.DZT
0.14400000000000002,-0.015,4.334274588815671,3.128532974852504,1.0,3,PROJECT001C__014.DZT
0.14400000000000002,-0.010000000000000002,4.334274588815671,3.1269974816528108,1.0,3,PROJECT001C__014.DZT
0.14400000000000002,-0.0050000000000000044,4.334274588815671,3.125517343630333,1.0,3,PROJECT001C__014.DZT
0.14400000000000002,0.0,4.334274588815671,3.1241033397116666,1.0,3,PROJECT001C__014.DZT
0.14400000000000002,0.0049999999999999975,4.334274588815671,3.122745576261286,1.0,3,PROJECT001C__014.DZT
0.14400000000000002,0.009999999999999995,4.334274588815671,3.121548710304239,1.0,3,PROJECT001C__014.DZT
0.14400000000000002,0.015,4.334274588815671,3.1202853622648132,1.0,3,PROJECT001C__014.DZT
0.14400000000000002,0.020000000000000004,4.334274588815671,3.119136577371439,1.0,3,PROJECT001C__014.DZT
0.14400000000000002,0.024999999999999994,4.334274588815671,3.117868065563774,1.0,3,PROJECT001C__014.DZT
0.14400000000000002,0.03,4.334274588815671,3.116518165015441,1.0,3,PROJECT001C__014.DZT
0.14400000000000002,0.035,4.334274588815671,3.1150690826805025,1.0,3,PROJECT001C__014.DZT
0.14400000000000002,0.039999999999999994,4.334274588815671,3.113550758384298,1.0,3,PROJECT001C__014.DZT
0.14400000000000002,0.045,4.334274588815671,3.1119747872721426,1.0,3,PROJECT001C__014.DZT
0.14400000000000002,0.05,4.334274588815671,3.1103257908080635,1.0,3,PROJECT001C__014.DZT
0.14400000000000002,0.05499999999999999,4.334274588815671,3.1087062774369065,1.0,3,PROJECT001C__014.DZT
0.14400000000000002,0.06,4.334274588815671,3.1070152592842635,1.0,3,PROJECT001C__014.DZT
0.14400000000000002,0.065,4.334274588815671,3.1052157602129107,1.0,3,PROJECT001C__014.DZT
0.14400000000000002,0.06999999999999999,4.334274588815671,3.1034755816896786,1.0,3,PROJECT001C__014.DZT
0.14400000000000002,0.075,4.334274588815671,3.1019069303799163,1.0,3,PROJECT001C__014.DZT
0.14400000000000002,0.08,4.334274588815671,3.100372587585996,1.0,3,PROJECT001C__014.DZT
0.14400000000000002,0.085,4.334274588815671,3.098814837878956,1.0,3,PROJECT001C__014.DZT
0.14400000000000002,0.09000000000000001,4.334274588815671,3.097199717731406,1.0,3,PROJECT001C__014.DZT
0.14400000000000002,0.09499999999999999,4.334274588815671,3.095520284328586,1.0,3,PROJECT001C__014.DZT
0.14400000000000002,0.09999999999999999,4.334274588815671,3.093662048124326,1.0,3,PROJECT001C__014.DZT
0.14400000000000002,0.105,4.334274588815671,3.091879165102148,1.0,3,PROJECT001C__014.DZT
0.14400000000000002,0.11,4.334274588815671,3.0899138038373586,1.0,3,PROJECT001C__014.DZT
0.14400000000000002,0.115,4.334274588815671,3.087903198996815,1.0,3,PROJECT001C__014.DZT
0.14400000000000002,0.12000000000000001,4.334274588815671,3.0860855855326945,1.0,3,PROJECT001C__014.DZT
0.14400000000000002,0.125,4.334274588815671,3.084201106994462,1.0,3,PROJECT001C__014.DZT
0.14400000000000002,0.13,4.334274588815671,3.0824010306655736,1.0,3,PROJECT001C__014.DZT
0.14400000000000002,0.135,4.334274588815671,3.0806262552352806,1.0,3,PROJECT001C__014.DZT
0.14400000000000002,0.14,4.334274588815671,3.0789043148494426,1.0,3,PROJECT001C__014.DZT
0.14400000000000002,0.14500000000000002,4.334274588815671,3.077291998001069,1.0,3,PROJECT001C__014.DZT
0.14400000000000002,0.15000000000000002,4.334274588815671,3.0754187181943955,1.0,3,PROJECT001C__014.DZT
0.14400000000000002,0.15500000000000003,4.334274588815671,3.0734347365331334,1.0,3,PROJECT001C__014.DZT
0.14400000000000002,0.15999999999999998,4.334274588815671,3.071204814979288,1.0,3,PROJECT001C__014.DZT
0.14400000000000002,0.16499999999999998,4.334274588815671,3.0688891005423193,1.0,3,PROJECT001C__014.DZT
0.14400000000000002,0.16999999999999998,4.334274588815671,3.0664520377384314,1.0,3,PROJECT001C__014.DZT
0.14400000000000002,0.175,4.334274588815671,3.063986965247478,1.0,3,PROJECT001C__014.DZT
0.14400000000000002,0.18,4.334274588815671,3.061509864760326,1.0,3,PROJECT001C__014.DZT
0.14400000000000002,0.185,4.334274588815671,3.059259629270567,1.0,3,PROJECT001C__014.DZT
0.14400000000000002,0.19,4.334274588815671,3.057099346471318,1.0,3,PROJECT001C__014.DZT
0.14400000000000002,0.195,4.334274588815671,3.0548546857660863,1.0,3,PROJECT001C__014.DZT
0.14400000000000002,0.2,4.334274588815671,3.0526611468653493,1.0,3,PROJECT001C__014.DZT
0.14400000000000002,0.20500000000000002,4.334274588815671,3.0504388896931576,1.0,3,PROJECT001C__014.DZT
0.14400000000000002,0.21000000000000002,4.334274588815671,3.0480403086949934,1.0,3,PROJECT001C__014.DZT
0.14400000000000002,0.21500000000000002,4.334274588815671,3.045478542076978,1.0,3,PROJECT001C__014.DZT
0.14400000000000002,0.22000000000000003,4.334274588815671,3.0427097476844107,1.0,3,PROJECT001C__014.DZT
0.14400000000000002,0.22500000000000003,4.334274588815671,3.0396419067286247,1.0,3,PROJECT001C__014.DZT
0.14400000000000002,0.23000000000000004,4.334274588815671,3.036352615705903,1.0,3,PROJECT001C__014.DZT
0.14400000000000002,0.23500000000000004,4.334274588815671,3.033141610432608,1.0,3,PROJECT001C__014.DZT
0.14400000000000002,0.24,4.334274588815671,3.0300627003521323,1.0,3,PROJECT001C__014.DZT
0.14400000000000002,0.245,4.334274588815671,3.0270408327005582,1.0,3,PROJECT001C__014.DZT
0.14400000000000002,0.25,4.334274588815671,3.0241808404234547,1.0,3,PROJECT001C__014.DZT
0.14600000000000002,-0.05,4.216340677128999,3.141998664531236,1.0,3,PROJECT001C__014.DZT
0.14600000000000002,-0.045000000000000005,4.216340677128999,3.1409042529893134,1.0,3,PROJECT001C__014.DZT
0.14600000000000002,-0.04,4.216340677128999,3.1398809986873673,1.0,3,PROJECT001C__014.DZT
0.14600000000000002,-0.035,4.216340677128999,3.138741165627421,1.0,3,PROJECT001C__014.DZT
0.14600000000000002,-0.030000000000000002,4.216340677128999,3.1376426039189873,1.0,3,PROJECT001C__014.DZT
0.14600000000000002,-0.025,4.216340677128999,3.136466917414449,1.0,3,PROJECT001C__014.DZT
0.14600000000000002,-0.020000000000000004,4.216340677128999,3.135292633552281,1.0,3,PROJECT001C__014.DZT
0.14600000000000002,-0.015,4.216340677128999,3.134041251759933,1.0,3,PROJECT001C__014.DZT
0.14600000000000002,-0.010000000000000002,4.216340677128999,3.1327029124262995,1.0,3,PROJECT001C__014.DZT
0.14600000000000002,-0.0050000000000000044,4.216340677128999,3.1314365258125076,1.0,3,PROJECT001C__014.DZT
0.14600000000000002,0.0,4.216340677128999,3.130079208613046,1.0,3,PROJECT001C__014.DZT
0.14600000000000002,0.0049999999999999975,4.216340677128999,3.128604281581371,1.0,3,PROJECT001C__014.DZT
0.14600000000000002,0.009999999999999995,4.216340677128999,3.1271227694543384,1.0,3,PROJECT001C__014.DZT
0.14600000000000002,0.015,4.216340677128999,3.125637167645636,1.0,3,PROJECT001C__014.DZT
0.14600000000000002,0.020000000000000004,4.216340677128999,3.124142014107342,1.0,3,PROJECT001C__014.DZT
0.14600000000000002,0.024999999999999994,4.216340677128999,3.1226532031016307,1.0,3,PROJECT001C__014.DZT
0.14600000000000002,0.03,4.216340677128999,3.1211384921721614,1.0,3,PROJECT001C__014.DZT
0.14600000000000002,0.035,4.216340677128999,3.1195815178279886,1.0,3,PROJECT001C__014.DZT
0.14600000000000002,0.039999999999999994,4.216340677128999,3.117997041397158,1.0,3,PROJECT001C__014.DZT
0.14600000000000002,0.045,4.216340677128999,3.116534246969509,1.0,3,PROJECT001C__014.DZT
0.14600000000000002,0.05,4.216340677128999,3.1151002879807983,1.0,3,PROJECT001C__014.DZT
0.14600000000000002,0.05499999999999999,4.216340677128999,3.1135273225736424,1.0,3,PROJECT001C__014.DZT
0.14600000000000002,0.06,4.216340677128999,3.112062341417309,1.0,3,PROJECT001C__014.DZT
0.14600000000000002,0.065,4.216340677128999,3.1106826967103633,1.0,3,PROJECT001C__014.DZT
0.14600000000000002,0.06999999999999999,4.216340677128999,3.1091537251804127,1.0,3,PROJECT001C__014.DZT
0.14600000000000002,0.075,4.216340677128999,3.107583061458247,1.0,3,PROJECT001C__014.DZT
0.14600000000000002,0.08,4.216340677128999,3.105909950359775,1.0,3,PROJECT001C__014.DZT
0.14600000000000002,0.085,4.216340677128999,3.1039403976468285,1.0,3,PROJECT001C__014.DZT
0.14600000000000002,0.09000000000000001,4.216340677128999,3.10197144977457,1.0,3,PROJECT001C__014.DZT
0.14600000000000002,0.09499999999999999,4.216340677128999,3.100021445490461,1.0,3,PROJECT001C__014.DZT
0.14600000000000002,0.09999999999999999,4.216340677128999,3.0980188294859423,1.0,3,PROJECT001C__014.DZT
0.14600000000000002,0.105,4.216340677128999,3.0961377159273393,1.0,3,PROJECT001C__014.DZT
0.14600000000000002,0.11,4.216340677128999,3.0943859774866884,1.0,3,PROJECT001C__014.DZT
0.14600000000000002,0.115,4.216340677128999,3.092675655749725,1.0,3,PROJECT001C__014.DZT
0.14600000000000002,0.12000000000000001,4.216340677128999,3.0909214274805614,1.0,3,PROJECT001C__014.DZT
0.14600000000000002,0.125,4.216340677128999,3.0892614455528844,1.0,3,PROJECT001C__014.DZT
0.14600000000000002,0.13,4.216340677128999,3.0874708264002453,1.0,3,PROJECT001C__014.DZT
0.14600000000000002,0.135,4.216340677128999,3.0854859529274727,1.0,3,PROJECT001C__014.DZT
0.14600000000000002,0.14,4.216340677128999,3.083410238284514,1.0,3,PROJECT001C__014.DZT
0.14600000000000002,0.14500000000000002,4.216340677128999,3.081223010765742,1.0,3,PROJECT001C__014.DZT
0.14600000000000002,0.15000000000000002,4.216340677128999,3.0789298941083896,1.0,3,PROJECT001C__014.DZT
0.14600000000000002,0.15500000000000003,4.216340677128999,3.076701894955388,1.0,3,PROJECT001C__014.DZT
0.14600000000000002,0.15999999999999998,4.216340677128999,3.074610465028744,1.0,3,PROJECT001C__014.DZT
0.14600000000000002,0.16499999999999998,4.216340677128999,3.0725612652987677,1.0,3,PROJECT001C__014.DZT
0.14600000000000002,0.16999999999999998,4.216340677128999,3.0706097526610527,1.0,3,PROJECT001C__014.DZT
0.14600000000000002,0.175,4.216340677128999,3.0687836268516917,1.0,3,PROJECT001C__014.DZT
0.14600000000000002,0.18,4.216340677128999,3.066835557447957,1.0,3,PROJECT001C__014.DZT
0.14600000000000002,0.185,4.216340677128999,3.0647733260700085,1.0,3,PROJECT001C__014.DZT
0.14600000000000002,0.19,4.216340677128999,3.062716266877485,1.0,3,PROJECT001C__014.DZT
0.14600000000000002,0.195,4.216340677128999,3.0602321462814004,1.0,3,PROJECT001C__014.DZT
0.14600000000000002,0.2,4.216340677128999,3.0577794307871486,1.0,3,PROJECT001C__014.DZT
0.14600000000000002,0.20500000000000002,4.216340677128999,3.05524006952092,1.0,3,PROJECT001C__014.DZT
0.14600000000000002,0.21000000000000002,4.216340677128999,3.052410104643806,1.0,3,PROJECT001C__014.DZT
0.14600000000000002,0.21500000000000002,4.216340677128999,3.0497966604149833,1.0,3,PROJECT001C__014.DZT
0.14600000000000002,0.22000000000000003,4.216340677128999,3.047192156860156,1.0,3,PROJECT001C__014.DZT
0.14600000000000002,0.22500000000000003,4.216340677128999,3.0446200469658358,1.0,3,PROJECT001C__014.DZT
0.14600000000000002,0.23000000000000004,4.216340677128999,3.042090815057836,1.0,3,PROJECT001C__014.DZT
0.14600000000000002,0.23500000000000004,4.216340677128999,3.039523023404841,1.0,3,PROJECT001C__014.DZT
0.14600000000000002,0.24,4.216340677128999,3.0368485748530105,1.0,3,PROJECT001C__014.DZT
0.14600000000000002,0.245,4.216340677128999,3.0338341205423,1.0,3,PROJECT001C__014.DZT
0.14600000000000002,0.25,4.216340677128999,3.030668339428479,1.0,3,PROJECT001C__014.DZT
0.14800000000000002,-0.05,4.103155490946024,3.14535340678936,1.0,3,PROJECT001C__014.DZT
0.14800000000000002,-0.045000000000000005,4.103155490946024,3.1444825291788003,1.0,3,PROJECT001C__014.DZT
0.14800000000000002,-0.04,4.103155490946024,3.1435445682149683,1.0,3,PROJECT001C__014.DZT
0.14800000000000002,-0.035,4.103155490946024,3.142633446940893,1.0,3,PROJECT001C__014.DZT
0.14800000000000002,-0.030000000000000002,4.103155490946024,3.141671793707035,1.0,3,PROJECT001C__014.DZT
0.14800000000000002,-0.025,4.103155490946024,3.140537500505518,1.0,3,PROJECT001C__014.DZT
0.14800000000000002,-0.020000000000000004,4.103155490946024,3.1394586009019054,1.0,3,PROJECT001C__014.DZT
0.14800000000000002,-0.015,4.103155490946024,3.138433077776615,1.0,3,PROJECT001C__014.DZT
0.14800000000000002,-0.010000000000000002,4.103155490946024,3.137303467113424,1.0,3,PROJECT001C__014.DZT
0.14800000000000002,-0.0050000000000000044,4.103155490946024,3.1361693095221064,1.0,3,PROJECT001C__014.DZT
0.14800000000000002,0.0,4.103155490946024,3.135108984687952,1.0,3,PROJECT001C__014.DZT
0.14800000000000002,0.0049999999999999975,4.103155490946024,3.1338724344965043,1.0,3,PROJECT001C__014.DZT
0.14800000000000002,0.009999999999999995,4.103155490946024,3.1326241701952338,1.0,3,PROJECT001C__014.DZT
0.14800000000000002,0.015,4.103155490946024,3.131375869227867,1.0,3,PROJECT001C__014.DZT
0.14800000000000002,0.020000000000000004,4.103155490946024,3.1300034430265242,1.0,3,PROJECT001C__014.DZT
0.14800000000000002,0.024999999999999994,4.103155490946024,3.1284523295283964,1.0,3,PROJECT001C__014.DZT
0.14800000000000002,0.03,4.103155490946024,3.1268958942270815,1.0,3,PROJECT001C__014.DZT
0.14800000000000002,0.035,4.103155490946024,3.1253932885695477,1.0,3,PROJECT001C__014.DZT
0.14800000000000002,0.039999999999999994,4.103155490946024,3.12376244506844,1.0,3,PROJECT001C__014.DZT
0.14800000000000002,0.045,4.103155490946024,3.122209740370973,1.0,3,PROJECT001C__014.DZT
0.14800000000000002,0.05,4.103155490946024,3.1207305800693597,1.0,3,PROJECT001C__014.DZT
0.14800000000000002,0.05499999999999999,4.103155490946024,3.1191289782592526,1.0,3,PROJECT001C__014.DZT
0.14800000000000002,0.06,4.103155490946024,3.117593769859814,1.0,3,PROJECT001C__014.DZT
0.14800000000000002,0.065,4.103155490946024,3.1159623178596143,1.0,3,PROJECT001C__014.DZT
0.14800000000000002,0.06999999999999999,4.103155490946024,3.114214802104167,1.0,3,PROJECT001C__014.DZT
0.14800000000000002,0.075,4.103155490946024,3.112522157109639,1.0,3,PROJECT001C__014.DZT
0.14800000000000002,0.08,4.103155490946024,3.1108603895428826,1.0,3,PROJECT001C__014.DZT
0.14800000000000002,0.085,4.103155490946024,3.109200355559636,1.0,3,PROJECT001C__014.DZT
0.14800000000000002,0.09000000000000001,4.103155490946024,3.107426510953685,1.0,3,PROJECT001C__014.DZT
0.14800000000000002,0.09499999999999999,4.103155490946024,3.1057603491671273,1.0,3,PROJECT001C__014.DZT
0.14800000000000002,0.09999999999999999,4.103155490946024,3.1040420077281965,1.0,3,PROJECT001C__014.DZT
0.14800000000000002,0.105,4.103155490946024,3.1021141842729087,1.0,3,PROJECT001C__014.DZT
0.14800000000000002,0.11,4.103155490946024,3.100239689122984,1.0,3,PROJECT001C__014.DZT
0.14800000000000002,0.115,4.103155490946024,3.09827734339064,1.0,3,PROJECT001C__014.DZT
0.14800000000000002,0.12000000000000001,4.103155490946024,3.0962887959494876,1.0,3,PROJECT001C__014.DZT
0.14800000000000002,0.125,4.103155490946024,3.094291805208338,1.0,3,PROJECT001C__014.DZT
0.14800000000000002,0.13,4.103155490946024,3.0922698525472296,1.0,3,PROJECT001C__014.DZT
0.14800000000000002,0.135,4.103155490946024,3.0901958424073404,1.0,3,PROJECT001C__014.DZT
0.14800000000000002,0.14,4.103155490946024,3.0880652316226853,1.0,3,PROJECT001C__014.DZT
0.14800000000000002,0.14500000000000002,4.103155490946024,3.0861526868162765,1.0,3,PROJECT001C__014.DZT
0.14800000000000002,0.15000000000000002,4.103155490946024,3.0841496647481783,1.0,3,PROJECT001C__014.DZT
0.14800000000000002,0.15500000000000003,4.103155490946024,3.0820420231393952,1.0,3,PROJECT001C__014.DZT
0.14800000000000002,0.15999999999999998,4.103155490946024,3.080032147548069,1.0,3,PROJECT001C__014.DZT
0.14800000000000002,0.16499999999999998,4.103155490946024,3.077903148998353,1.0,3,PROJECT001C__014.DZT
0.14800000000000002,0.16999999999999998,4.103155490946024,3.075735239437185,1.0,3,PROJECT001C__014.DZT
0.14800000000000002,0.175,4.103155490946024,3.073557047531786,1.0,3,PROJECT001C__014.DZT
0.14800000000000002,0.18,4.103155490946024,3.071294653127723,1.0,3,PROJECT001C__014.DZT
0.14800000000000002,0.185,4.103155490946024,3.0688650941877604,1.0,3,PROJECT001C__014.DZT
0.14800000000000002,0.19,4.103155490946024,3.0665157232205362,1.0,3,PROJECT001C__014.DZT
0.14800000000000002,0.195,4.103155490946024,3.0639280203599957,1.0,3,PROJECT001C__014.DZT
0.14800000000000002,0.2,4.103155490946024,3.0615694996092286,1.0,3,PROJECT001C__014.DZT
0.14800000000000002,0.20500000000000002,4.103155490946024,3.0594228755070794,1.0,3,PROJECT001C__014.DZT
0.14800000000000002,0.21000000000000002,4.103155490946024,3.0570717423150455,1.0,3,PROJECT001C__014.DZT
0.14800000000000002,0.21500000000000002,4.103155490946024,3.054880498167494,1.0,3,PROJECT001C__014.DZT
0.14800000000000002,0.22000000000000003,4.103155490946024,3.0527129506632646,1.0,3,PROJECT001C__014.DZT
0.14800000000000002,0.22500000000000003,4.103155490946024,3.0503351638374387,1.0,3,PROJECT001C__014.DZT
0.14800000000000002,0.23000000000000004,4.103155490946024,3.0477992467586343,1.0,3,PROJECT001C__014.DZT
0.14800000000000002,0.23500000000000004,4.103155490946024,3.0451620989863954,1.0,3,PROJECT001C__014.DZT
0.14800000000000002,0.24,4.103155490946024,3.0422526452396945,1.0,3,PROJECT001C__014.DZT
0.14800000000000002,0.245,4.103155490946024,3.0392730668411723,1.0,3,PROJECT001C__014.DZT
0.14800000000000002,0.25,4.103155490946024,3.036142575938895,1.0,3,PROJECT001C__014.DZT
0.15000000000000002,-0.05,3.994467461052521,3.1483829219447053,1.0,3,PROJECT001C__014.DZT
0.15000000000000002,-0.045000000000000005,3.994467461052521,3.147496171758131,1.0,3,PROJECT001C__014.DZT
0.15000000000000002,-0.04,3.994467461052521,3.146525689276628,1.0,3,PROJECT001C__014.DZT
0.15000000000000002,-0.035,3.994467461052521,3.145606160526421,1.0,3,PROJECT001C__014.DZT
0.15000000000000002,-0.030000000000000002,3.994467461052521,3.144701232211052,1.0,3,PROJECT001C__014.DZT
0.15000000000000002,-0.025,3.994467461052521,3.1437529520906953,1.0,3,PROJECT001C__014.DZT
0.15000000000000002,-0.020000000000000004,3.994467461052521,3.142847306156773,1.0,3,PROJECT001C__014.DZT
0.15000000000000002,-0.015,3.994467461052521,3.1419862455588246,1.0,3,PROJECT001C__014.DZT
0.15000000000000002,-0.010000000000000002,3.994467461052521,3.1410528142528373,1.0,3,PROJECT001C__014.DZT
0.15000000000000002,-0.0050000000000000044,3.994467461052521,3.1399984861448367,1.0,3,PROJECT001C__014.DZT
0.15000000000000002,0.0,3.994467461052521,3.138912863989246,1.0,3,PROJECT001C__014.DZT
0.15000000000000002,0.0049999999999999975,3.994467461052521,3.137834130250141,1.0,3,PROJECT001C__014.DZT
0.15000000000000002,0.009999999999999995,3.994467461052521,3.1366992752852965,1.0,3,PROJECT001C__014.DZT
0.15000000000000002,0.015,3.994467461052521,3.1355171426787414,1.0,3,PROJECT001C__014.DZT
0.15000000000000002,0.020000000000000004,3.994467461052521,3.134304592115894,1.0,3,PROJECT001C__014.DZT
0.15000000000000002,0.024999999999999994,3.994467461052521,3.1329841896583495,1.0,3,PROJECT001C__014.DZT
0.15000000000000002,0.03,3.994467461052521,3.131775341547622,1.0,3,PROJECT001C__014.DZT
0.15000000000000002,0.035,3.994467461052521,3.1305732628692478,1.0,3,PROJECT001C__014.DZT
0.15000000000000002,0.039999999999999994,3.994467461052521,3.1292525790790005,1.0,3,PROJECT001C__014.DZT
0.15000000000000002,0.045,3.994467461052521,3.1278509956667744,1.0,3,PROJECT001C__014.DZT
0.15000000000000002,0.05,3.994467461052521,3.126474952717999,1.0,3,PROJECT001C__014.DZT
0.15000000000000002,0.05499999999999999,3.994467461052521,3.125000954100152,1.0,3,PROJECT001C__014.DZT
0.15000000000000002,0.06,3.994467461052521,3.123445413507202,1.0,3,PROJECT001C__014.DZT
0.15000000000000002,0.065,3.994467461052521,3.1218907845878348,1.0,3,PROJECT001C__014.DZT
0.15000000000000002,0.06999999999999999,3.994467461052521,3.120263345013267,1.0,3,PROJECT001C__014.DZT
0.15000000000000002,0.075,3.994467461052521,3.1184966828937206,1.0,3,PROJECT001C__014.DZT
0.15000000000000002,0.08,3.994467461052521,3.116777543371543,1.0,3,PROJECT001C__014.DZT
0.15000000000000002,0.085,3.994467461052521,3.1150084220282714,1.0,3,PROJECT001C__014.DZT
0.15000000000000002,0.09000000000000001,3.994467461052521,3.1131744159269363,1.0,3,PROJECT001C__014.DZT
0.15000000000000002,0.09499999999999999,3.994467461052521,3.111424877100798,1.0,3,PROJECT001C__014.DZT
0.15000000000000002,0.09999999999999999,3.994467461052521,3.1097769206812504,1.0,3,PROJECT001C__014.DZT
0.15000000000000002,0.105,3.994467461052521,3.10799453773224,1.0,3,PROJECT001C__014.DZT
0.15000000000000002,0.11,3.994467461052521,3.1061812681001366,1.0,3,PROJECT001C__014.DZT
0.15000000000000002,0.115,3.994467461052521,3.104366480354664,1.0,3,PROJECT001C__014.DZT
0.15000000000000002,0.12000000000000001,3.994467461052521,3.1023623466604224,1.0,3,PROJECT001C__014.DZT
0.15000000000000002,0.125,3.994467461052521,3.100223822441596,1.0,3,PROJECT001C__014.DZT
0.15000000000000002,0.13,3.994467461052521,3.098199349473015,1.0,3,PROJECT001C__014.DZT
0.15000000000000002,0.135,3.994467461052521,3.096053132687981,1.0,3,PROJECT001C__014.DZT
0.15000000000000002,0.14,3.994467461052521,3.0938966872070957,1.0,3,PROJECT001C__014.DZT
0.15000000000000002,0.14500000000000002,3.994467461052521,3.0918859338690567,1.0,3,PROJECT001C__014.DZT
0.15000000000000002,0.15000000000000002,3.994467461052521,3.08983559849209,1.0,3,PROJECT001C__014.DZT
0.15000000000000002,0.15500000000000003,3.994467461052521,3.087724096086825,1.0,3,PROJECT001C__014.DZT
0.15000000000000002,0.15999999999999998,3.994467461052521,3.0857004266672607,1.0,3,PROJECT001C__014.DZT
0.15000000000000002,0.16499999999999998,3.994467461052521,3.0834480226171053,1.0,3,PROJECT001C__014.DZT
0.15000000000000002,0.16999999999999998,3.994467461052521,3.0811644504010633,1.0,3,PROJECT001C__014.DZT
0.15000000000000002,0.175,3.994467461052521,3.0788992266123945,1.0,3,PROJECT001C__014.DZT
0.15000000000000002,0.18,3.994467461052521,3.076490813360953,1.0,3,PROJECT001C__014.DZT
0.15000000000000002,0.185,3.994467461052521,3.07404147901541,1.0,3,PROJECT001C__014.DZT
0.15000000000000002,0.19,3.994467461052521,3.071797370677057,1.0,3,PROJECT001C__014.DZT
0.15000000000000002,0.195,3.994467461052521,3.069579205716407,1.0,3,PROJECT001C__014.DZT
0.15000000000000002,0.2,3.994467461052521,3.0672160854977624,1.0,3,PROJECT001C__014.DZT
0.15000000000000002,0.20500000000000002,3.994467461052521,3.064886462267017,1.0,3,PROJECT001C__014.DZT
0.15000000000000002,0.21000000000000002,3.994467461052521,3.062315029723822,1.0,3,PROJECT001C__014.DZT
0.15000000000000002,0.21500000000000002,3.994467461052521,3.0598006026518356,1.0,3,PROJECT001C__014.DZT
0.15000000000000002,0.22000000000000003,3.994467461052521,3.0572696500836885,1.0,3,PROJECT001C__014.DZT
0.15000000000000002,0.22500000000000003,3.994467461052521,3.0545110641355566,1.0,3,PROJECT001C__014.DZT
0.15000000000000002,0.23000000000000004,3.994467461052521,3.051833631507918,1.0,3,PROJECT001C__014.DZT
0.15000000000000002,0.23500000000000004,3.994467461052521,3.0491750214084785,1.0,3,PROJECT001C__014.DZT
0.15000000000000002,0.24,3.994467461052521,3.0466609243342315,1.0,3,PROJECT001C__014.DZT
0.15000000000000002,0.245,3.994467461052521,3.043995850920574,1.0,3,PROJECT001C__014.DZT
0.15000000000000002,0.25,3.994467461052521,3.041483545536972,1.0,3,PROJECT001C__014.DZT
0.15200000000000002,-0.05,3.8900414592140637,3.1515707086841593,1.0,3,PROJECT001C__014.DZT
0.15200000000000002,-0.045000000000000005,3.8900414592140637,3.150706091123384,1.0,3,PROJECT001C__014.DZT
0.15200000000000002,-0.04,3.8900414592140637,3.149798130797477,1.0,3,PROJECT001C__014.DZT
0.15200000000000002,-0.035,3.8900414592140637,3.1489588875580186,1.0,3,PROJECT001C__014.DZT
0.15200000000000002,-0.030000000000000002,3.8900414592140637,3.1480389450748825,1.0,3,PROJECT001C__014.DZT
0.15200000000000002,-0.025,3.8900414592140637,3.147047910719293,1.0,3,PROJECT001C__014.DZT
0.15200000000000002,-0.020000000000000004,3.8900414592140637,3.146048371461529,1.0,3,PROJECT001C__014.DZT
0.15200000000000002,-0.015,3.8900414592140637,3.1450813960768893,1.0,3,PROJECT001C__014.DZT
0.15200000000000002,-0.010000000000000002,3.8900414592140637,3.144127579174729,1.0,3,PROJECT001C__014.DZT
0.15200000000000002,-0.0050000000000000044,3.8900414592140637,3.1431684743937485,1.0,3,PROJECT001C__014.DZT
0.15200000000000002,0.0,3.8900414592140637,3.142121904649958,1.0,3,PROJECT001C__014.DZT
0.15200000000000002,0.0049999999999999975,3.8900414592140637,3.141158338846046,1.0,3,PROJECT001C__014.DZT
0.15200000000000002,0.009999999999999995,3.8900414592140637,3.140169108465706,1.0,3,PROJECT001C__014.DZT
0.15200000000000002,0.015,3.8900414592140637,3.1391275270416776,1.0,3,PROJECT001C__014.DZT
0.15200000000000002,0.020000000000000004,3.8900414592140637,3.138066162250747,1.0,3,PROJECT001C__014.DZT
0.15200000000000002,0.024999999999999994,3.8900414592140637,3.1369531745913357,1.0,3,PROJECT001C__014.DZT
0.15200000000000002,0.03,3.8900414592140637,3.1358673839816027,1.0,3,PROJECT001C__014.DZT
0.15200000000000002,0.035,3.8900414592140637,3.134681476600806,1.0,3,PROJECT001C__014.DZT
0.15200000000000002,0.039999999999999994,3.8900414592140637,3.133434809503783,1.0,3,PROJECT001C__014.DZT
0.15200000000000002,0.045,3.8900414592140637,3.132125479384353,1.0,3,PROJECT001C__014.DZT
0.15200000000000002,0.05,3.8900414592140637,3.1307921173838302,1.0,3,PROJECT001C__014.DZT
0.15200000000000002,0.05499999999999999,3.8900414592140637,3.129444993438512,1.0,3,PROJECT001C__014.DZT
0.15200000000000002,0.06,3.8900414592140637,3.127985686568602,1.0,3,PROJECT001C__014.DZT
0.15200000000000002,0.065,3.8900414592140637,3.1265391875165336,1.0,3,PROJECT001C__014.DZT
0.15200000000000002,0.06999999999999999,3.8900414592140637,3.125111505307306,1.0,3,PROJECT001C__014.DZT
0.15200000000000002,0.075,3.8900414592140637,3.1236521431015216,1.0,3,PROJECT001C__014.DZT
0.15200000000000002,0.08,3.8900414592140637,3.1222575687728646,1.0,3,PROJECT001C__014.DZT
0.15200000000000002,0.085,3.8900414592140637,3.120916544131306,1.0,3,PROJECT001C__014.DZT
0.15200000000000002,0.09000000000000001,3.8900414592140637,3.1194446731183993,1.0,3,PROJECT001C__014.DZT
0.15200000000000002,0.09499999999999999,3.8900414592140637,3.1178071418864786,1.0,3,PROJECT001C__014.DZT
0.15200000000000002,0.09999999999999999,3.8900414592140637,3.1161163291349765,1.0,3,PROJECT001C__014.DZT
0.15200000000000002,0.105,3.8900414592140637,3.1142236035912076,1.0,3,PROJECT001C__014.DZT
0.15200000000000002,0.11,3.8900414592140637,3.112264625425794,1.0,3,PROJECT001C__014.DZT
0.15200000000000002,0.115,3.8900414592140637,3.1103235709096424,1.0,3,PROJECT001C__014.DZT
0.15200000000000002,0.12000000000000001,3.8900414592140637,3.1083680277116854,1.0,3,PROJECT001C__014.DZT
0.15200000000000002,0.125,3.8900414592140637,3.106357105360272,1.0,3,PROJECT001C__014.DZT
0.15200000000000002,0.13,3.8900414592140637,3.1045028414869282,1.0,3,PROJECT001C__014.DZT
0.15200000000000002,0.135,3.8900414592140637,3.1025119278196165,1.0,3,PROJECT001C__014.DZT
0.15200000000000002,0.14,3.8900414592140637,3.1005022240848916,1.0,3,PROJECT001C__014.DZT
0.15200000000000002,0.14500000000000002,3.8900414592140637,3.09850696261891,1.0,3,PROJECT001C__014.DZT
0.15200000000000002,0.15000000000000002,3.8900414592140637,3.096341677437609,1.0,3,PROJECT001C__014.DZT
0.15200000000000002,0.15500000000000003,3.8900414592140637,3.0941193026954465,1.0,3,PROJECT001C__014.DZT
0.15200000000000002,0.15999999999999998,3.8900414592140637,3.0918747960213397,1.0,3,PROJECT001C__014.DZT
0.15200000000000002,0.16499999999999998,3.8900414592140637,3.089590760566812,1.0,3,PROJECT001C__014.DZT
0.15200000000000002,0.16999999999999998,3.8900414592140637,3.087210618786146,1.0,3,PROJECT001C__014.DZT
0.15200000000000002,0.175,3.8900414592140637,3.0848756623421423,1.0,3,PROJECT001C__014.DZT
0.15200000000000002,0.18,3.8900414592140637,3.082569245062254,1.0,3,PROJECT001C__014.DZT
0.15200000000000002,0.185,3.8900414592140637,3.080174813909384,1.0,3,PROJECT001C__014.DZT
0.15200000000000002,0.19,3.8900414592140637,3.077821059394635,1.0,3,PROJECT001C__014.DZT
0.15200000000000002,0.195,3.8900414592140637,3.075420205405724,1.0,3,PROJECT001C__014.DZT
0.15200000000000002,0.2,3.8900414592140637,3.072963802259757,1.0,3,PROJECT001C__014.DZT
0.15200000000000002,0.20500000000000002,3.8900414592140637,3.0706170135383375,1.0,3,PROJECT001C__014.DZT
0.15200000000000002,0.21000000000000002,3.8900414592140637,3.068213550491523,1.0,3,PROJECT001C__014.DZT
0.15200000000000002,0.21500000000000002,3.8900414592140637,3.0656423489764895,1.0,3,PROJECT001C__014.DZT
0.15200000000000002,0.22000000000000003,3.8900414592140637,3.06299443641406,1.0,3,PROJECT001C__014.DZT
0.15200000000000002,0.22500000000000003,3.8900414592140637,3.0602410243375395,1.0,3,PROJECT001C__014.DZT
0.15200000000000002,0.23000000000000004,3.8900414592140637,3.057455078857531,1.0,3,PROJECT001C__014.DZT
0.15200000000000002,0.23500000000000004,3.8900414592140637,3.0548486984269125,1.0,3,PROJECT001C__014.DZT
0.15200000000000002,0.24,3.8900414592140637,3.0520781123573872,1.0,3,PROJECT001C__014.DZT
0.15200000000000002,0.245,3.8900414592140637,3.0493770162545375,1.0,3,PROJECT001C__014.DZT
0.15200000000000002,0.25,3.8900414592140637,3.046749333684708,1.0,3,PROJECT001C__014.DZT
0.154,-0.05,3.78965752545462,3.153829204395304,1.0,3,PROJECT001C__014.DZT
0.154,-0.045000000000000005,3.78965752545462,3.1533217469174963,1.0,3,PROJECT001C__014.DZT
0.154,-0.04,3.78965752545462,3.152760589785803,1.0,3,PROJECT001C__014.DZT
0.154,-0.035,3.78965752545462,3.15207789351827,1.0,3,PROJECT001C__014.DZT
0.154,-0.030000000000000002,3.78965752545462,3.151363111401249,1.0,3,PROJECT001C__014.DZT
0.154,-0.025,3.78965752545462,3.150516459983764,1.0,3,PROJECT001C__014.DZT
0.154,-0.020000000000000004,3.78965752545462,3.149623893532128,1.0,3,PROJECT001C__014.DZT
0.154,-0.015,3.78965752545462,3.148623142853571,1.0,3,PROJECT001C__014.DZT
0.154,-0.010000000000000002,3.78965752545462,3.147564800366764,1.0,3,PROJECT001C__014.DZT
0.154,-0.0050000000000000044,3.78965752545462,3.1464980055687946,1.0,3,PROJECT001C__014.DZT
0.154,0.0,3.78965752545462,3.145485216616256,1.0,3,PROJECT001C__014.DZT
0.154,0.0049999999999999975,3.78965752545462,3.1444376533869964,1.0,3,PROJECT001C__014.DZT
0.154,0.009999999999999995,3.78965752545462,3.1433698822762577,1.0,3,PROJECT001C__014.DZT
0.154,0.015,3.78965752545462,3.1424116189110216,1.0,3,PROJECT001C__014.DZT
0.154,0.020000000000000004,3.78965752545462,3.1414212752484274,1.0,3,PROJECT001C__014.DZT
0.154,0.024999999999999994,3.78965752545462,3.1404565457491653,1.0,3,PROJECT001C__014.DZT
0.154,0.03,3.78965752545462,3.1394264869348323,1.0,3,PROJECT001C__014.DZT
0.154,0.035,3.78965752545462,3.1382704127066385,1.0,3,PROJECT001C__014.DZT
0.154,0.039999999999999994,3.78965752545462,3.1371337749447785,1.0,3,PROJECT001C__014.DZT
0.154,0.045,3.78965752545462,3.1359707466239612,1.0,3,PROJECT001C__014.DZT
0.154,0.05,3.78965752545462,3.1347550171213463,1.0,3,PROJECT001C__014.DZT
0.154,0.05499999999999999,3.78965752545462,3.1334944447257533,1.0,3,PROJECT001C__014.DZT
0.154,0.06,3.78965752545462,3.132193956061144,1.0,3,PROJECT001C__014.DZT
0.154,0.065,3.78965752545462,3.1308603661433323,1.0,3,PROJECT001C__014.DZT
0.154,0.06999999999999999,3.78965752545462,3.129562921907936,1.0,3,PROJECT001C__014.DZT
0.154,0.075,3.78965752545462,3.128165063366122,1.0,3,PROJECT001C__014.DZT
0.154,0.08,3.78965752545462,3.126661718617859,1.0,3,PROJECT001C__014.DZT
0.154,0.085,3.78965752545462,3.1251827659524776,1.0,3,PROJECT001C__014.DZT
0.154,0.09000000000000001,3.78965752545462,3.123674366153511,1.0,3,PROJECT001C__014.DZT
0.154,0.09499999999999999,3.78965752545462,3.1221280599131043,1.0,3,PROJECT001C__014.DZT
0.154,0.09999999999999999,3.78965752545462,3.120588806104615,1.0,3,PROJECT001C__014.DZT
0.154,0.105,3.78965752545462,3.119096757210017,1.0,3,PROJECT001C__014.DZT
0.154,0.11,3.78965752545462,3.117634724304033,1.0,3,PROJECT001C__014.DZT
0.154,0.115,3.78965752545462,3.1161034819248052,1.0,3,PROJECT001C__014.DZT
0.154,0.12000000000000001,3.78965752545462,3.114447849774218,1.0,3,PROJECT001C__014.DZT
0.154,0.125,3.78965752545462,3.11277405833628,1.0,3,PROJECT001C__014.DZT
0.154,0.13,3.78965752545462,3.1109805943485007,1.0,3,PROJECT001C__014.DZT
0.154,0.135,3.78965752545462,3.109075520824854,1.0,3,PROJECT001C__014.DZT
0.154,0.14,3.78965752545462,3.1071137198643277,1.0,3,PROJECT001C__014.DZT
0.154,0.14500000000000002,3.78965752545462,3.105006331301302,1.0,3,PROJECT001C__014.DZT
0.154,0.15000000000000002,3.78965752545462,3.1027609564760374,1.0,3,PROJECT001C__014.DZT
0.154,0.15500000000000003,3.78965752545462,3.100492622884351,1.0,3,PROJECT001C__014.DZT
0.154,0.15999999999999998,3.78965752545462,3.0982999148407733,1.0,3,PROJECT001C__014.DZT
0.154,0.16499999999999998,3.78965752545462,3.096019951687859,1.0,3,PROJECT001C__014.DZT
0.154,0.16999999999999998,3.78965752545462,3.0937983920035688,1.0,3,PROJECT001C__014.DZT
0.154,0.175,3.78965752545462,3.091670442714035,1.0,3,PROJECT001C__014.DZT
0.154,0.18,3.78965752545462,3.0895358721523416,1.0,3,PROJECT001C__014.DZT
0.154,0.185,3.78965752545462,3.087275256495604,1.0,3,PROJECT001C__014.DZT
0.154,0.19,3.78965752545462,3.0848249196884616,1.0,3,PROJECT001C__014.DZT
0.154,0.195,3.78965752545462,3.0823542031539546,1.0,3,PROJECT001C__014.DZT
0.154,0.2,3.78965752545462,3.079637426748782,1.0,3,PROJECT001C__014.DZT
0.154,0.20500000000000002,3.78965752545462,3.0769633405915626,1.0,3,PROJECT001C__014.DZT
0.154,0.21000000000000002,3.78965752545462,3.0741622461062508,1.0,3,PROJECT001C__014.DZT
0.154,0.21500000000000002,3.78965752545462,3.071376053699955,1.0,3,PROJECT001C__014.DZT
0.154,0.22000000000000003,3.78965752545462,3.06894232078133,1.0,3,PROJECT001C__014.DZT
0.154,0.22500000000000003,3.78965752545462,3.0664365828209696,1.0,3,PROJECT001C__014.DZT
0.154,0.23000000000000004,3.78965752545462,3.063960563221105,1.0,3,PROJECT001C__014.DZT
0.154,0.23500000000000004,3.78965752545462,3.061403430532177,1.0,3,PROJECT001C__014.DZT
0.154,0.24,3.78965752545462,3.0585969408777878,1.0,3,PROJECT001C__014.DZT
0.154,0.245,3.78965752545462,3.055757153986555,1.0,3,PROJECT001C__014.DZT
0.154,0.25,3.78965752545462,3.0528973173457454,1.0,3,PROJECT001C__014.DZT
0.156,-0.05,3.6931097088133527,3.1566285149260254,1.0,3,PROJECT001C__014.DZT
0.156,-0.045000000000000005,3.6931097088133527,3.155645851452963,1.0,3,PROJECT001C__014.DZT
0.156,-0.04,3.6931097088133527,3.154666422497075,1.0,3,PROJECT001C__014.DZT
0.156,-0.035,3.6931097088133527,3.1537707602849294,1.0,3,PROJECT001C__014.DZT
0.156,-0.030000000000000002,3.6931097088133527,3.15304868316527,1.0,3,PROJECT001C__014.DZT
0.156,-0.025,3.6931097088133527,3.15240435659995,1.0,3,PROJECT001C__014.DZT
0.156,-0.020000000000000004,3.6931097088133527,3.1518029567215096,1.0,3,PROJECT001C__014.DZT
0.156,-0.015,3.6931097088133527,3.151233094540378,1.0,3,PROJECT001C__014.DZT
0.156,-0.010000000000000002,3.6931097088133527,3.150712480423881,1.0,3,PROJECT001C__014.DZT
0.156,-0.0050000000000000044,3.6931097088133527,3.150077495060384,1.0,3,PROJECT001C__014.DZT
0.156,0.0,3.6931097088133527,3.1492867781758327,1.0,3,PROJECT001C__014.DZT
0.156,0.0049999999999999975,3.6931097088133527,3.1483809904295,1.0,3,PROJECT001C__014.DZT
0.156,0.009999999999999995,3.6931097088133527,3.1473536265693247,1.0,3,PROJECT001C__014.DZT
0.156,0.015,3.6931097088133527,3.1461862244355623,1.0,3,PROJECT001C__014.DZT
0.156,0.020000000000000004,3.6931097088133527,3.144951782673072,1.0,3,PROJECT001C__014.DZT
0.156,0.024999999999999994,3.6931097088133527,3.1436786937293903,1.0,3,PROJECT001C__014.DZT
0.156,0.03,3.6931097088133527,3.1425506978372195,1.0,3,PROJECT001C__014.DZT
0.156,0.035,3.6931097088133527,3.141446170790396,1.0,3,PROJECT001C__014.DZT
0.156,0.039999999999999994,3.6931097088133527,3.140364003834975,1.0,3,PROJECT001C__014.DZT
0.156,0.045,3.6931097088133527,3.13936707522114,1.0,3,PROJECT001C__014.DZT
0.156,0.05,3.6931097088133527,3.138442045712379,1.0,3,PROJECT001C__014.DZT
0.156,0.05499999999999999,3.6931097088133527,3.137379431819285,1.0,3,PROJECT001C__014.DZT
0.156,0.06,3.6931097088133527,3.136270902334633,1.0,3,PROJECT001C__014.DZT
0.156,0.065,3.6931097088133527,3.1350667900486235,1.0,3,PROJECT001C__014.DZT
0.156,0.06999999999999999,3.6931097088133527,3.1337779245217177,1.0,3,PROJECT001C__014.DZT
0.156,0.075,3.6931097088133527,3.132425619985721,1.0,3,PROJECT001C__014.DZT
0.156,0.08,3.6931097088133527,3.1309159332863907,1.0,3,PROJECT001C__014.DZT
0.156,0.085,3.6931097088133527,3.1293767190956294,1.0,3,PROJECT001C__014.DZT
0.156,0.09000000000000001,3.6931097088133527,3.127929511064776,1.0,3,PROJECT001C__014.DZT
0.156,0.09499999999999999,3.6931097088133527,3.1264575126252168,1.0,3,PROJECT001C__014.DZT
0.156,0.09999999999999999,3.6931097088133527,3.12493351498461,1.0,3,PROJECT001C__014.DZT
0.156,0.105,3.6931097088133527,3.1233801760965387,1.0,3,PROJECT001C__014.DZT
0.156,0.11,3.6931097088133527,3.121938589010869,1.0,3,PROJECT001C__014.DZT
0.156,0.115,3.6931097088133527,3.120466210594433,1.0,3,PROJECT001C__014.DZT
0.156,0.12000000000000001,3.6931097088133527,3.118959417423902,1.0,3,PROJECT001C__014.DZT
0.156,0.125,3.6931097088133527,3.117424734480838,1.0,3,PROJECT001C__014.DZT
0.156,0.13,3.6931097088133527,3.115746817053399,1.0,3,PROJECT001C__014.DZT
0.156,0.135,3.6931097088133527,3.114014809607792,1.0,3,PROJECT001C__014.DZT
0.156,0.14,3.6931097088133527,3.1122553201430954,1.0,3,PROJECT001C__014.DZT
0.156,0.14500000000000002,3.6931097088133527,3.110441669030134,1.0,3,PROJECT001C__014.DZT
0.156,0.15000000000000002,3.6931097088133527,3.108600972008398,1.0,3,PROJECT001C__014.DZT
0.156,0.15500000000000003,3.6931097088133527,3.106772535876741,1.0,3,PROJECT001C__014.DZT
0.156,0.15999999999999998,3.6931097088133527,3.104924988076787,1.0,3,PROJECT001C__014.DZT
0.156,0.16499999999999998,3.6931097088133527,3.1028986042927946,1.0,3,PROJECT001C__014.DZT
0.156,0.16999999999999998,3.6931097088133527,3.1007656807957744,1.0,3,PROJECT001C__014.DZT
0.156,0.175,3.6931097088133527,3.098540424357123,1.0,3,PROJECT001C__014.DZT
0.156,0.18,3.6931097088133527,3.096198632918949,1.0,3,PROJECT001C__014.DZT
0.156,0.185,3.6931097088133527,3.0937523828064806,1.0,3,PROJECT001C__014.DZT
0.156,0.19,3.6931097088133527,3.0912611131406464,1.0,3,PROJECT001C__014.DZT
0.156,0.195,3.6931097088133527,3.0888309578274957,1.0,3,PROJECT001C__014.DZT
0.156,0.2,3.6931097088133527,3.0865056545397933,1.0,3,PROJECT001C__014.DZT
0.156,0.20500000000000002,3.6931097088133527,3.0841089137376927,1.0,3,PROJECT001C__014.DZT
0.156,0.21000000000000002,3.6931097088133527,3.081687346373823,1.0,3,PROJECT001C__014.DZT
0.156,0.21500000000000002,3.6931097088133527,3.079142044130876,1.0,3,PROJECT001C__014.DZT
0.156,0.22000000000000003,3.6931097088133527,3.0765461914688053,1.0,3,PROJECT001C__014.DZT
0.156,0.22500000000000003,3.6931097088133527,3.0736550600975066,1.0,3,PROJECT001C__014.DZT
0.156,0.23000000000000004,3.6931097088133527,3.070805492704492,1.0,3,PROJECT001C__014.DZT
0.156,0.23500000000000004,3.6931097088133527,3.0679206091113413,1.0,3,PROJECT001C__014.DZT
0.156,0.24,3.6931097088133527,3.064966506558372,1.0,3,PROJECT001C__014.DZT
0.156,0.245,3.6931097088133527,3.062124223471908,1.0,3,PROJECT001C__014.DZT
0.156,0.25,3.6931097088133527,3.0591247129035097,1.0,3,PROJECT001C__014.DZT
0.158,-0.05,3.6002050101619036,3.159425820518278,1.0,3,PROJECT001C__014.DZT
0.158,-0.045000000000000005,3.6002050101619036,3.1588948065306397,1.0,3,PROJECT001C__014.DZT
0.158,-0.04,3.6002050101619036,3.1583105120179638,1.0,3,PROJECT001C__014.DZT
0.158,-0.035,3.6002050101619036,3.1576781576252704,1.0,3,PROJECT001C__014.DZT
0.158,-0.030000000000000002,3.6002050101619036,3.1569064656981247,1.0,3,PROJECT001C__014.DZT
0.158,-0.025,3.6002050101619036,3.156106009840922,1.0,3,PROJECT001C__014.DZT
0.158,-0.020000000000000004,3.6002050101619036,3.155193047502968,1.0,3,PROJECT001C__014.DZT
0.158,-0.015,3.6002050101619036,3.1541876958515758,1.0,3,PROJECT001C__014.DZT
0.158,-0.010000000000000002,3.6002050101619036,3.153113101065277,1.0,3,PROJECT001C__014.DZT
0.158,-0.0050000000000000044,3.6002050101619036,3.152073320476793,1.0,3,PROJECT001C__014.DZT
0.158,0.0,3.6002050101619036,3.1511752085709346,1.0,3,PROJECT001C__014.DZT
0.158,0.0049999999999999975,3.6002050101619036,3.150349950506845,1.0,3,PROJECT001C__014.DZT
0.158,0.009999999999999995,3.6002050101619036,3.149579483737055,1.0,3,PROJECT001C__014.DZT
0.158,0.015,3.6002050101619036,3.1489137597234644,1.0,3,PROJECT001C__014.DZT
0.158,0.020000000000000004,3.6002050101619036,3.1482755740630863,1.0,3,PROJECT001C__014.DZT
0.158,0.024999999999999994,3.6002050101619036,3.147628924408945,1.0,3,PROJECT001C__014.DZT
0.158,0.03,3.6002050101619036,3.1467836950484736,1.0,3,PROJECT001C__014.DZT
0.158,0.035,3.6002050101619036,3.1457688894856375,1.0,3,PROJECT001C__014.DZT
0.158,0.039999999999999994,3.6002050101619036,3.1446566959475213,1.0,3,PROJECT001C__014.DZT
0.158,0.045,3.6002050101619036,3.143352491137326,1.0,3,PROJECT001C__014.DZT
0.158,0.05,3.6002050101619036,3.1419861282375887,1.0,3,PROJECT001C__014.DZT
0.158,0.05499999999999999,3.6002050101619036,3.1405918209409602,1.0,3,PROJECT001C__014.DZT
0.158,0.06,3.6002050101619036,3.1392769015960797,1.0,3,PROJECT001C__014.DZT
0.158,0.065,3.6002050101619036,3.138103060389021,1.0,3,PROJECT001C__014.DZT
0.158,0.06999999999999999,3.6002050101619036,3.1370297426868308,1.0,3,PROJECT001C__014.DZT
0.158,0.075,3.6002050101619036,3.1359143215570167,1.0,3,PROJECT001C__014.DZT
0.158,0.08,3.6002050101619036,3.134892567199747,1.0,3,PROJECT001C__014.DZT
0.158,0.085,3.6002050101619036,3.133878813624161,1.0,3,PROJECT001C__014.DZT
0.158,0.09000000000000001,3.6002050101619036,3.1326670297990105,1.0,3,PROJECT001C__014.DZT
0.158,0.09499999999999999,3.6002050101619036,3.131321553784128,1.0,3,PROJECT001C__014.DZT
0.158,0.09999999999999999,3.6002050101619036,3.1297942187412313,1.0,3,PROJECT001C__014.DZT
0.158,0.105,3.6002050101619036,3.1282218597735434,1.0,3,PROJECT001C__014.DZT
0.158,0.11,3.6002050101619036,3.1265060790049195,1.0,3,PROJECT001C__014.DZT
0.158,0.115,3.6002050101619036,3.1246700844790163,1.0,3,PROJECT001C__014.DZT
0.158,0.12000000000000001,3.6002050101619036,3.1228846276830335,1.0,3,PROJECT001C__014.DZT
0.158,0.125,3.6002050101619036,3.1212702561186476,1.0,3,PROJECT001C__014.DZT
0.158,0.13,3.6002050101619036,3.1196945015085826,1.0,3,PROJECT001C__014.DZT
0.158,0.135,3.6002050101619036,3.1181463594791006,1.0,3,PROJECT001C__014.DZT
0.158,0.14,3.6002050101619036,3.11674457240559,1.0,3,PROJECT001C__014.DZT
0.158,0.14500000000000002,3.6002050101619036,3.115350220812154,1.0,3,PROJECT001C__014.DZT
0.158,0.15000000000000002,3.6002050101619036,3.11370068723863,1.0,3,PROJECT001C__014.DZT
0.158,0.15500000000000003,3.6002050101619036,3.1119721912464713,1.0,3,PROJECT001C__014.DZT
0.158,0.15999999999999998,3.6002050101619036,3.1100816401348923,1.0,3,PROJECT001C__014.DZT
0.158,0.16499999999999998,3.6002050101619036,3.1081479389443594,1.0,3,PROJECT001C__014.DZT
0.158,0.16999999999999998,3.6002050101619036,3.1060701051793633,1.0,3,PROJECT001C__014.DZT
0.158,0.175,3.6002050101619036,3.1039326230176556,1.0,3,PROJECT001C__014.DZT
0.158,0.18,3.6002050101619036,3.1018194616574277,1.0,3,PROJECT001C__014.DZT
0.158,0.185,3.6002050101619036,3.09973424008383,1.0,3,PROJECT001C__014.DZT
0.158,0.19,3.6002050101619036,3.097649738355649,1.0,3,PROJECT001C__014.DZT
0.158,0.195,3.6002050101619036,3.0954510444826013,1.0,3,PROJECT001C__014.DZT
0.158,0.2,3.6002050101619036,3.0933276540642733,1.0,3,PROJECT001C__014.DZT
0.158,0.20500000000000002,3.6002050101619036,3.091027939611809,1.0,3,PROJECT001C__014.DZT
0.158,0.21000000000000002,3.6002050101619036,3.0886739924009703,1.0,3,PROJECT001C__014.DZT
0.158,0.21500000000000002,3.6002050101619036,3.0861994638971146,1.0,3,PROJECT001C__014.DZT
0.158,0.22000000000000003,3.6002050101619036,3.083559885011997,1.0,3,PROJECT001C__014.DZT
0.158,0.22500000000000003,3.6002050101619036,3.080860782599178,1.0,3,PROJECT001C__014.DZT
0.158,0.23000000000000004,3.6002050101619036,3.0779881463280465,1.0,3,PROJECT001C__014.DZT
0.158,0.23500000000000004,3.6002050101619036,3.0751931910257952,1.0,3,PROJECT001C__014.DZT
0.158,0.24,3.6002050101619036,3.072302465765546,1.0,3,PROJECT001C__014.DZT
0.158,0.245,3.6002050101619036,3.0695726018459646,1.0,3,PROJECT001C__014.DZT
0.158,0.25,3.6002050101619036,3.066805594605661,1.0,3,PROJECT001C__014.DZT
0.16,-0.05,3.5107624169406932,3.16296057718545,1.0,3,PROJECT001C__014.DZT
0.16,-0.045000000000000005,3.5107624169406932,3.1622437160827777,1.0,3,PROJECT001C__014.DZT
0.16,-0.04,3.5107624169406932,3.161336447428796,1.0,3,PROJECT001C__014.DZT
0.16,-0.035,3.5107624169406932,3.1603766914075297,1.0,3,PROJECT001C__014.DZT
0.16,-0.030000000000000002,3.5107624169406932,3.1594228453219375,1.0,3,PROJECT001C__014.DZT
0.16,-0.025,3.5107624169406932,3.158619802576292,1.0,3,PROJECT001C__014.DZT
0.16,-0.020000000000000004,3.5107624169406932,3.157832774598146,1.0,3,PROJECT001C__014.DZT
0.16,-0.015,3.5107624169406932,3.157113258978145,1.0,3,PROJECT001C__014.DZT
0.16,-0.010000000000000002,3.5107624169406932,3.156492604158681,1.0,3,PROJECT001C__014.DZT
0.16,-0.0050000000000000044,3.5107624169406932,3.1558620096920436,1.0,3,PROJECT001C__014.DZT
0.16,0.0,3.5107624169406932,3.1551686223221758,1.0,3,PROJECT001C__014.DZT
0.16,0.0049999999999999975,3.5107624169406932,3.1543510776520076,1.0,3,PROJECT001C__014.DZT
0.16,0.009999999999999995,3.5107624169406932,3.1534310363812055,1.0,3,PROJECT001C__014.DZT
0.16,0.015,3.5107624169406932,3.1524754270378104,1.0,3,PROJECT001C__014.DZT
0.16,0.020000000000000004,3.5107624169406932,3.151345559493617,1.0,3,PROJECT001C__014.DZT
0.16,0.024999999999999994,3.5107624169406932,3.150188465792695,1.0,3,PROJECT001C__014.DZT
0.16,0.03,3.5107624169406932,3.149060917748747,1.0,3,PROJECT001C__014.DZT
0.16,0.035,3.5107624169406932,3.1480898445258156,1.0,3,PROJECT001C__014.DZT
0.16,0.039999999999999994,3.5107624169406932,3.1471341736694085,1.0,3,PROJECT001C__014.DZT
0.16,0.045,3.5107624169406932,3.1462319529591265,1.0,3,PROJECT001C__014.DZT
0.16,0.05,3.5107624169406932,3.1454844265356456,1.0,3,PROJECT001C__014.DZT
0.16,0.05499999999999999,3.5107624169406932,3.144685365442139,1.0,3,PROJECT001C__014.DZT
0.16,0.06,3.5107624169406932,3.143785057418393,1.0,3,PROJECT001C__014.DZT
0.16,0.065,3.5107624169406932,3.1426727515449393,1.0,3,PROJECT001C__014.DZT
0.16,0.06999999999999999,3.5107624169406932,3.141474164706514,1.0,3,PROJECT001C__014.DZT
0.16,0.075,3.5107624169406932,3.140117337146209,1.0,3,PROJECT001C__014.DZT
0.16,0.08,3.5107624169406932,3.1386563522345843,1.0,3,PROJECT001C__014.DZT
0.16,0.085,3.5107624169406932,3.1371635998159397,1.0,3,PROJECT001C__014.DZT
0.16,0.09000000000000001,3.5107624169406932,3.135708050791644,1.0,3,PROJECT001C__014.DZT
0.16,0.09499999999999999,3.5107624169406932,3.1343684266141025,1.0,3,PROJECT001C__014.DZT
0.16,0.09999999999999999,3.5107624169406932,3.133163856334603,1.0,3,PROJECT001C__014.DZT
0.16,0.105,3.5107624169406932,3.131956761747883,1.0,3,PROJECT001C__014.DZT
0.16,0.11,3.5107624169406932,3.13084037005812,1.0,3,PROJECT001C__014.DZT
0.16,0.115,3.5107624169406932,3.129637368724607,1.0,3,PROJECT001C__014.DZT
0.16,0.12000000000000001,3.5107624169406932,3.1283477918468243,1.0,3,PROJECT001C__014.DZT
0.16,0.125,3.5107624169406932,3.1268222869544537,1.0,3,PROJECT001C__014.DZT
0.16,0.13,3.5107624169406932,3.1251436134365638,1.0,3,PROJECT001C__014.DZT
0.16,0.135,3.5107624169406932,3.1231922342174365,1.0,3,PROJECT001C__014.DZT
0.16,0.14,3.5107624169406932,3.1212159470164873,1.0,3,PROJECT001C__014.DZT
0.16,0.14500000000000002,3.5107624169406932,3.1192252455328826,1.0,3,PROJECT001C__014.DZT
0.16,0.15000000000000002,3.5107624169406932,3.1173644717580196,1.0,3,PROJECT001C__014.DZT
0.16,0.15500000000000003,3.5107624169406932,3.115622535810179,1.0,3,PROJECT001C__014.DZT
0.16,0.15999999999999998,3.5107624169406932,3.114060322713634,1.0,3,PROJECT001C__014.DZT
0.16,0.16499999999999998,3.5107624169406932,3.1124537489022894,1.0,3,PROJECT001C__014.DZT
0.16,0.16999999999999998,3.5107624169406932,3.11095982358494,1.0,3,PROJECT001C__014.DZT
0.16,0.175,3.5107624169406932,3.1093491074275446,1.0,3,PROJECT001C__014.DZT
0.16,0.18,3.5107624169406932,3.1075681732359577,1.0,3,PROJECT001C__014.DZT
0.16,0.185,3.5107624169406932,3.1056088112691818,1.0,3,PROJECT001C__014.DZT
0.16,0.19,3.5107624169406932,3.1034939709100526,1.0,3,PROJECT001C__014.DZT
0.16,0.195,3.5107624169406932,3.101164019570859,1.0,3,PROJECT001C__014.DZT
0.16,0.2,3.5107624169406932,3.098710565185501,1.0,3,PROJECT001C__014.DZT
0.16,0.20500000000000002,3.5107624169406932,3.0962383617933416,1.0,3,PROJECT001C__014.DZT
0.16,0.21000000000000002,3.5107624169406932,3.0938642045969775,1.0,3,PROJECT001C__014.DZT
0.16,0.21500000000000002,3.5107624169406932,3.0915816668982665,1.0,3,PROJECT001C__014.DZT
0.16,0.22000000000000003,3.5107624169406932,3.0892738644796878,1.0,3,PROJECT001C__014.DZT
0.16,0.22500000000000003,3.5107624169406932,3.087137507388258,1.0,3,PROJECT001C__014.DZT
0.16,0.23000000000000004,3.5107624169406932,3.085062810997758,1.0,3,PROJECT001C__014.DZT
0.16,0.23500000000000004,3.5107624169406932,3.0827571522953945,1.0,3,PROJECT001C__014.DZT
0.16,0.24,3.5107624169406932,3.080138802398313,1.0,3,PROJECT001C__014.DZT
0.16,0.245,3.5107624169406932,3.0773014078829575,1.0,3,PROJECT001C__014.DZT
0.16,0.25,3.5107624169406932,3.074348820830899,1.0,3,PROJECT001C__014.DZT
0.162,-0.05,3.424612020792629,3.1649133352703998,1.0,3,PROJECT001C__014.DZT
0.162,-0.045000000000000005,3.424612020792629,3.1645167773083074,1.0,3,PROJECT001C__014.DZT
0.162,-0.04,3.424612020792629,3.164126668620508,1.0,3,PROJECT001C__014.DZT
0.162,-0.035,3.424612020792629,3.163612954199325,1.0,3,PROJECT001C__014.DZT
0.162,-0.030000000000000002,3.424612020792629,3.1630613579879046,1.0,3,PROJECT001C__014.DZT
0.162,-0.025,3.424612020792629,3.1624767472412763,1.0,3,PROJECT001C__014.DZT
0.162,-0.020000000000000004,3.424612020792629,3.1616459894988,1.0,3,PROJECT001C__014.DZT
0.162,-0.015,3.424612020792629,3.160763929046954,1.0,3,PROJECT001C__014.DZT
0.162,-0.010000000000000002,3.424612020792629,3.159832285535274,1.0,3,PROJECT001C__014.DZT
0.162,-0.0050000000000000044,3.424612020792629,3.1588708472999727,1.0,3,PROJECT001C__014.DZT
0.162,0.0,3.424612020792629,3.15789060915469,1.0,3,PROJECT001C__014.DZT
0.162,0.0049999999999999975,3.424612020792629,3.1569324884007415,1.0,3,PROJECT001C__014.DZT
0.162,0.009999999999999995,3.424612020792629,3.156145060356826,1.0,3,PROJECT001C__014.DZT
0.162,0.015,3.424612020792629,3.155383354956785,1.0,3,PROJECT001C__014.DZT
0.162,0.020000000000000004,3.424612020792629,3.1546736951491994,1.0,3,PROJECT001C__014.DZT
0.162,0.024999999999999994,3.424612020792629,3.1539116037021127,1.0,3,PROJECT001C__014.DZT
0.162,0.03,3.424612020792629,3.153168390365567,1.0,3,PROJECT001C__014.DZT
0.162,0.035,3.424612020792629,3.1523815729930575,1.0,3,PROJECT001C__014.DZT
0.162,0.039999999999999994,3.424612020792629,3.151397099758318,1.0,3,PROJECT001C__014.DZT
0.162,0.045,3.424612020792629,3.1502575243606543,1.0,3,PROJECT001C__014.DZT
0.162,0.05,3.424612020792629,3.1491226398481476,1.0,3,PROJECT001C__014.DZT
0.162,0.05499999999999999,3.424612020792629,3.1478584546979462,1.0,3,PROJECT001C__014.DZT
0.162,0.06,3.424612020792629,3.1466079177184567,1.0,3,PROJECT001C__014.DZT
0.162,0.065,3.424612020792629,3.1453763872457645,1.0,3,PROJECT001C__014.DZT
0.162,0.06999999999999999,3.424612020792629,3.1442946582059803,1.0,3,PROJECT001C__014.DZT
0.162,0.075,3.424612020792629,3.143255411526089,1.0,3,PROJECT001C__014.DZT
0.162,0.08,3.424612020792629,3.142284143943384,1.0,3,PROJECT001C__014.DZT
0.162,0.085,3.424612020792629,3.1413263383503995,1.0,3,PROJECT001C__014.DZT
0.162,0.09000000000000001,3.424612020792629,3.1402990195551954,1.0,3,PROJECT001C__014.DZT
0.162,0.09499999999999999,3.424612020792629,3.1391196305729956,1.0,3,PROJECT001C__014.DZT
0.162,0.09999999999999999,3.424612020792629,3.137841550705804,1.0,3,PROJECT001C__014.DZT
0.162,0.105,3.424612020792629,3.136451470219589,1.0,3,PROJECT001C__014.DZT
0.162,0.11,3.424612020792629,3.1348601508795864,1.0,3,PROJECT001C__014.DZT
0.162,0.115,3.424612020792629,3.13321410034538,1.0,3,PROJECT001C__014.DZT
0.162,0.12000000000000001,3.424612020792629,3.1315745026416266,1.0,3,PROJECT001C__014.DZT
0.162,0.125,3.424612020792629,3.130133307497561,1.0,3,PROJECT001C__014.DZT
0.162,0.13,3.424612020792629,3.1286623391327537,1.0,3,PROJECT001C__014.DZT
0.162,0.135,3.424612020792629,3.1272886284508967,1.0,3,PROJECT001C__014.DZT
0.162,0.14,3.424612020792629,3.126054180575773,1.0,3,PROJECT001C__014.DZT
0.162,0.14500000000000002,3.424612020792629,3.1247338842568237,1.0,3,PROJECT001C__014.DZT
0.162,0.15000000000000002,3.424612020792629,3.1231430428517943,1.0,3,PROJECT001C__014.DZT
0.162,0.15500000000000003,3.424612020792629,3.12138522654638,1.0,3,PROJECT001C__014.DZT
0.162,0.15999999999999998,3.424612020792629,3.119537150785265,1.0,3,PROJECT001C__014.DZT
0.162,0.16499999999999998,3.424612020792629,3.117492182958815,1.0,3,PROJECT001C__014.DZT
0.162,0.16999999999999998,3.424612020792629,3.1153649266071626,1.0,3,PROJECT001C__014.DZT
0.162,0.175,3.424612020792629,3.113298377111715,1.0,3,PROJECT001C__014.DZT
0.162,0.18,3.424612020792629,3.1112747719636187,1.0,3,PROJECT001C__014.DZT
0.162,0.185,3.424612020792629,3.1094467023276002,1.0,3,PROJECT001C__014.DZT
0.162,0.19,3.424612020792629,3.1076232749725556,1.0,3,PROJECT001C__014.DZT
0.162,0.195,3.424612020792629,3.1059274935446375,1.0,3,PROJECT001C__014.DZT
0.162,0.2,3.424612020792629,3.1042148014276805,1.0,3,PROJECT001C__014.DZT
0.162,0.20500000000000002,3.424612020792629,3.1024051636437373,1.0,3,PROJECT001C__014.DZT
0.162,0.21000000000000002,3.424612020792629,3.1002904406822176,1.0,3,PROJECT001C__014.DZT
0.162,0.21500000000000002,3.424612020792629,3.0980197227573805,1.0,3,PROJECT001C__014.DZT
0.162,0.22000000000000003,3.424612020792629,3.0955196562109997,1.0,3,PROJECT001C__014.DZT
0.162,0.22500000000000003,3.424612020792629,3.0928145776615064,1.0,3,PROJECT001C__014.DZT
0.162,0.23000000000000004,3.424612020792629,3.090046854420772,1.0,3,PROJECT001C__014.DZT
0.162,0.23500000000000004,3.424612020792629,3.0874339974914147,1.0,3,PROJECT001C__014.DZT
0.162,0.24,3.424612020792629,3.0849561827987704,1.0,3,PROJECT001C__014.DZT
0.162,0.245,3.424612020792629,3.082592378061733,1.0,3,PROJECT001C__014.DZT
0.162,0.25,3.424612020792629,3.0803742176548634,1.0,3,PROJECT001C__014.DZT
0.164,-0.05,3.3415942100565794,3.1671465258142644,1.0,3,PROJECT001C__014.DZT
0.164,-0.045000000000000005,3.3415942100565794,3.166520408775232,1.0,3,PROJECT001C__014.DZT
0.164,-0.04,3.3415942100565794,3.1659451569078363,1.0,3,PROJECT001C__014.DZT
0.164,-0.035,3.3415942100565794,3.1654192316488032,1.0,3,PROJECT001C__014.DZT
0.164,-0.030000000000000002,3.3415942100565794,3.1649433011526003,1.0,3,PROJECT001C__014.DZT
0.164,-0.025,3.3415942100565794,3.164450868408282,1.0,3,PROJECT001C__014.DZT
0.164,-0.020000000000000004,3.3415942100565794,3.1639254959883125,1.0,3,PROJECT001C__014.DZT
0.164,-0.015,3.3415942100565794,3.16337922228702,1.0,3,PROJECT001C__014.DZT
0.164,-0.010000000000000002,3.3415942100565794,3.1628283071037018,1.0,3,PROJECT001C__014.DZT
0.164,-0.0050000000000000044,3.3415942100565794,3.1622382334664927,1.0,3,PROJECT001C__014.DZT
0.164,0.0,3.3415942100565794,3.16144083071092,1.0,3,PROJECT001C__014.DZT
0.164,0.0049999999999999975,3.3415942100565794,3.1606522414536227,1.0,3,PROJECT001C__014.DZT
0.164,0.009999999999999995,3.3415942100565794,3.159832458328521,1.0,3,PROJECT001C__014.DZT
0.164,0.015,3.3415942100565794,3.1589076155718243,1.0,3,PROJECT001C__014.DZT
0.164,0.020000000000000004,3.3415942100565794,3.1579668648292523,1.0,3,PROJECT001C__014.DZT
0.164,0.024999999999999994,3.3415942100565794,3.157015710372662,1.0,3,PROJECT001C__014.DZT
0.164,0.03,3.3415942100565794,3.1561053267580683,1.0,3,PROJECT001C__014.DZT
0.164,0.035,3.3415942100565794,3.1551965154511667,1.0,3,PROJECT001C__014.DZT
0.164,0.039999999999999994,3.3415942100565794,3.1543191919385207,1.0,3,PROJECT001C__014.DZT
0.164,0.045,3.3415942100565794,3.153490137141095,1.0,3,PROJECT001C__014.DZT
0.164,0.05,3.3415942100565794,3.1526986324849884,1.0,3,PROJECT001C__014.DZT
0.164,0.05499999999999999,3.3415942100565794,3.151871699607895,1.0,3,PROJECT001C__014.DZT
0.164,0.06,3.3415942100565794,3.150918559577336,1.0,3,PROJECT001C__014.DZT
0.164,0.065,3.3415942100565794,3.1499633501373197,1.0,3,PROJECT001C__014.DZT
0.164,0.06999999999999999,3.3415942100565794,3.148806143992569,1.0,3,PROJECT001C__014.DZT
0.164,0.075,3.3415942100565794,3.1475782996277153,1.0,3,PROJECT001C__014.DZT
0.164,0.08,3.3415942100565794,3.1462209676407293,1.0,3,PROJECT001C__014.DZT
0.164,0.085,3.3415942100565794,3.1449681401706258,1.0,3,PROJECT001C__014.DZT
0.164,0.09000000000000001,3.3415942100565794,3.1435403452638657,1.0,3,PROJECT001C__014.DZT
0.164,0.09499999999999999,3.3415942100565794,3.1422722950178383,1.0,3,PROJECT001C__014.DZT
0.164,0.09999999999999999,3.3415942100565794,3.141026964556516,1.0,3,PROJECT001C__014.DZT
0.164,0.105,3.3415942100565794,3.1398615008811195,1.0,3,PROJECT001C__014.DZT
0.164,0.11,3.3415942100565794,3.138732565577126,1.0,3,PROJECT001C__014.DZT
0.164,0.115,3.3415942100565794,3.137570729420835,1.0,3,PROJECT001C__014.DZT
0.164,0.12000000000000001,3.3415942100565794,3.1364199953851197,1.0,3,PROJECT001C__014.DZT
0.164,0.125,3.3415942100565794,3.135137823485767,1.0,3,PROJECT001C__014.DZT
0.164,0.13,3.3415942100565794,3.133648603037548,1.0,3,PROJECT001C__014.DZT
0.164,0.135,3.3415942100565794,3.132045938031409,1.0,3,PROJECT001C__014.DZT
0.164,0.14,3.3415942100565794,3.130336937324707,1.0,3,PROJECT001C__014.DZT
0.164,0.14500000000000002,3.3415942100565794,3.1284914204433387,1.0,3,PROJECT001C__014.DZT
0.164,0.15000000000000002,3.3415942100565794,3.1267246754372704,1.0,3,PROJECT001C__014.DZT
0.164,0.15500000000000003,3.3415942100565794,3.125093192458653,1.0,3,PROJECT001C__014.DZT
0.164,0.15999999999999998,3.3415942100565794,3.123466189842652,1.0,3,PROJECT001C__014.DZT
0.164,0.16499999999999998,3.3415942100565794,3.1219281351998327,1.0,3,PROJECT001C__014.DZT
0.164,0.16999999999999998,3.3415942100565794,3.120412599368319,1.0,3,PROJECT001C__014.DZT
0.164,0.175,3.3415942100565794,3.1188515044151273,1.0,3,PROJECT001C__014.DZT
0.164,0.18,3.3415942100565794,3.117168917687179,1.0,3,PROJECT001C__014.DZT
0.164,0.185,3.3415942100565794,3.115293184015892,1.0,3,PROJECT001C__014.DZT
0.164,0.19,3.3415942100565794,3.1132828464519946,1.0,3,PROJECT001C__014.DZT
0.164,0.195,3.3415942100565794,3.111065872424821,1.0,3,PROJECT001C__014.DZT
0.164,0.2,3.3415942100565794,3.108767806062557,1.0,3,PROJECT001C__014.DZT
0.164,0.20500000000000002,3.3415942100565794,3.106414585665494,1.0,3,PROJECT001C__014.DZT
0.164,0.21000000000000002,3.3415942100565794,3.104324428230011,1.0,3,PROJECT001C__014.DZT
0.164,0.21500000000000002,3.3415942100565794,3.1022239409099903,1.0,3,PROJECT001C__014.DZT
0.164,0.22000000000000003,3.3415942100565794,3.1002139881891906,1.0,3,PROJECT001C__014.DZT
0.164,0.22500000000000003,3.3415942100565794,3.098326007399416,1.0,3,PROJECT001C__014.DZT
0.164,0.23000000000000004,3.3415942100565794,3.0963479835150363,1.0,3,PROJECT001C__014.DZT
0.164,0.23500000000000004,3.3415942100565794,3.0941044584911026,1.0,3,PROJECT001C__014.DZT
0.164,0.24,3.3415942100565794,3.0916322312071522,1.0,3,PROJECT001C__014.DZT
0.164,0.245,3.3415942100565794,3.088982069022391,1.0,3,PROJECT001C__014.DZT
0.164,0.25,3.3415942100565794,3.086156923830116,1.0,3,PROJECT001C__014.DZT
0.166,-0.05,3.261558929949258,3.1696224726953925,1.0,3,PROJECT001C__014.DZT
0.166,-0.045000000000000005,3.261558929949258,3.1690185141460323,1.0,3,PROJECT001C__014.DZT
0.166,-0.04,3.261558929949258,3.1683737720180347,1.0,3,PROJECT001C__014.DZT
0.166,-0.035,3.261558929949258,3.1677764610690815,1.0,3,PROJECT001C__014.DZT
0.166,-0.030000000000000002,3.261558929949258,3.167203943635165,1.0,3,PROJECT001C__014.DZT
0.166,-0.025,3.261558929949258,3.1665838750737856,1.0,3,PROJECT001C__014.DZT
0.166,-0.020000000000000004,3.261558929949258,3.165980343628861,1.0,3,PROJECT001C__014.DZT
0.166,-0.015,3.261558929949258,3.165464568684154,1.0,3,PROJECT001C__014.DZT
0.166,-0.010000000000000002,3.261558929949258,3.1649809637136244,1.0,3,PROJECT001C__014.DZT
0.166,-0.0050000000000000044,3.261558929949258,3.1644495217333755,1.0,3,PROJECT001C__014.DZT
0.166,0.0,3.261558929949258,3.163897859141681,1.0,3,PROJECT001C__014.DZT
0.166,0.0049999999999999975,3.261558929949258,3.16332835283468,1.0,3,PROJECT001C__014.DZT
0.166,0.009999999999999995,3.261558929949258,3.1626260940937265,1.0,3,PROJECT001C__014.DZT
0.166,0.015,3.261558929949258,3.161925065272603,1.0,3,PROJECT001C__014.DZT
0.166,0.020000000000000004,3.261558929949258,3.161139861321921,1.0,3,PROJECT001C__014.DZT
0.166,0.024999999999999994,3.261558929949258,3.1603208035468384,1.0,3,PROJECT001C__014.DZT
0.166,0.03,3.261558929949258,3.1594351957434843,1.0,3,PROJECT001C__014.DZT
0.166,0.035,3.261558929949258,3.1585928593502923,1.0,3,PROJECT001C__014.DZT
0.166,0.039999999999999994,3.261558929949258,3.1577018148378833,1.0,3,PROJECT001C__014.DZT
0.166,0.045,3.261558929949258,3.156784294247979,1.0,3,PROJECT001C__014.DZT
0.166,0.05,3.261558929949258,3.1558986749982467,1.0,3,PROJECT001C__014.DZT
0.166,0.05499999999999999,3.261558929949258,3.1549797393431107,1.0,3,PROJECT001C__014.DZT
0.166,0.06,3.261558929949258,3.154083390371111,1.0,3,PROJECT001C__014.DZT
0.166,0.065,3.261558929949258,3.1532228994911953,1.0,3,PROJECT001C__014.DZT
0.166,0.06999999999999999,3.261558929949258,3.1523209794346543,1.0,3,PROJECT001C__014.DZT
0.166,0.075,3.261558929949258,3.151366146574812,1.0,3,PROJECT001C__014.DZT
0.166,0.08,3.261558929949258,3.1503878095216336,1.0,3,PROJECT001C__014.DZT
0.166,0.085,3.261558929949258,3.1493195734064265,1.0,3,PROJECT001C__014.DZT
0.166,0.09000000000000001,3.261558929949258,3.1481631816288456,1.0,3,PROJECT001C__014.DZT
0.166,0.09499999999999999,3.261558929949258,3.1469034194973706,1.0,3,PROJECT001C__014.DZT
0.166,0.09999999999999999,3.261558929949258,3.1456225818411276,1.0,3,PROJECT001C__014.DZT
0.166,0.105,3.261558929949258,3.144233343758517,1.0,3,PROJECT001C__014.DZT
0.166,0.11,3.261558929949258,3.14287123651703,1.0,3,PROJECT001C__014.DZT
0.166,0.115,3.261558929949258,3.141440325896262,1.0,3,PROJECT001C__014.DZT
0.166,0.12000000000000001,3.261558929949258,3.1400479312160834,1.0,3,PROJECT001C__014.DZT
0.166,0.125,3.261558929949258,3.1386359912098967,1.0,3,PROJECT001C__014.DZT
0.166,0.13,3.261558929949258,3.1372984465580704,1.0,3,PROJECT001C__014.DZT
0.166,0.135,3.261558929949258,3.1360492568173695,1.0,3,PROJECT001C__014.DZT
0.166,0.14,3.261558929949258,3.134750365389344,1.0,3,PROJECT001C__014.DZT
0.166,0.14500000000000002,3.261558929949258,3.133348109302523,1.0,3,PROJECT001C__014.DZT
0.166,0.15000000000000002,3.261558929949258,3.1319317416882435,1.0,3,PROJECT001C__014.DZT
0.166,0.15500000000000003,3.261558929949258,3.13038394063862,1.0,3,PROJECT001C__014.DZT
0.166,0.15999999999999998,3.261558929949258,3.128551255151067,1.0,3,PROJECT001C__014.DZT
0.166,0.16499999999999998,3.261558929949258,3.1267282929439713,1.0,3,PROJECT001C__014.DZT
0.166,0.16999999999999998,3.261558929949258,3.1249303666182144,1.0,3,PROJECT001C__014.DZT
0.166,0.175,3.261558929949258,3.122955331386638,1.0,3,PROJECT001C__014.DZT
0.166,0.18,3.261558929949258,3.1210285553459585,1.0,3,PROJECT001C__014.DZT
0.166,0.185,3.261558929949258,3.1191812380974233,1.0,3,PROJECT001C__014.DZT
0.166,0.19,3.261558929949258,3.117475691650449,1.0,3,PROJECT001C__014.DZT
0.166,0.195,3.261558929949258,3.1158139704546777,1.0,3,PROJECT001C__014.DZT
0.166,0.2,3.261558929949258,3.1141138140600177,1.0,3,PROJECT001C__014.DZT
0.166,0.20500000000000002,3.261558929949258,3.112373320618391,1.0,3,PROJECT001C__014.DZT
0.166,0.21000000000000002,3.261558929949258,3.1104582653976642,1.0,3,PROJECT001C__014.DZT
0.166,0.21500000000000002,3.261558929949258,3.108291233062411,1.0,3,PROJECT001C__014.DZT
0.166,0.22000000000000003,3.261558929949258,3.1059341088817027,1.0,3,PROJECT001C__014.DZT
0.166,0.22500000000000003,3.261558929949258,3.103479128466938,1.0,3,PROJECT001C__014.DZT
0.166,0.23000000000000004,3.261558929949258,3.100959170312551,1.0,3,PROJECT001C__014.DZT
0.166,0.23500000000000004,3.261558929949258,3.098480374551921,1.0,3,PROJECT001C__014.DZT
0.166,0.24,3.261558929949258,3.0961548799200584,1.0,3,PROJECT001C__014.DZT
0.166,0.245,3.261558929949258,3.093890479334505,1.0,3,PROJECT001C__014.DZT
0.166,0.25,3.261558929949258,3.0917002833032963,1.0,3,PROJECT001C__014.DZT
0.16799999999999998,-0.05,3.184365004027841,3.171712433597179,1.0,3,PROJECT001C__014.DZT
0.16799999999999998,-0.045000000000000005,3.184365004027841,3.1713419214678322,1.0,3,PROJECT001C__014.DZT
0.16799999999999998,-0.04,3.184365004027841,3.170936414683206,1.0,3,PROJECT001C__014.DZT
0.16799999999999998,-0.035,3.184365004027841,3.1704202869126594,1.0,3,PROJECT001C__014.DZT
0.16799999999999998,-0.030000000000000002,3.184365004027841,3.1698028727074594,1.0,3,PROJECT001C__014.DZT
0.16799999999999998,-0.025,3.184365004027841,3.169212859464673,1.0,3,PROJECT001C__014.DZT
0.16799999999999998,-0.020000000000000004,3.184365004027841,3.1685864949843476,1.0,3,PROJECT001C__014.DZT
0.16799999999999998,-0.015,3.184365004027841,3.1678815328599215,1.0,3,PROJECT001C__014.DZT
0.16799999999999998,-0.010000000000000002,3.184365004027841,3.1671965160532483,1.0,3,PROJECT001C__014.DZT
0.16799999999999998,-0.0050000000000000044,3.184365004027841,3.166571880721868,1.0,3,PROJECT001C__014.DZT
0.16799999999999998,0.0,3.184365004027841,3.1659804490101524,1.0,3,PROJECT001C__014.DZT
0.16799999999999998,0.0049999999999999975,3.184365004027841,3.165443534332199,1.0,3,PROJECT001C__014.DZT
0.16799999999999998,0.009999999999999995,3.184365004027841,3.1649253519530074,1.0,3,PROJECT001C__014.DZT
0.16799999999999998,0.015,3.184365004027841,3.1643802435355846,1.0,3,PROJECT001C__014.DZT
0.16799999999999998,0.020000000000000004,3.184365004027841,3.1638619717821967,1.0,3,PROJECT001C__014.DZT
0.16799999999999998,0.024999999999999994,3.184365004027841,3.163181029331554,1.0,3,PROJECT001C__014.DZT
0.16799999999999998,0.03,3.184365004027841,3.162460802836596,1.0,3,PROJECT001C__014.DZT
0.16799999999999998,0.035,3.184365004027841,3.1616713159592713,1.0,3,PROJECT001C__014.DZT
0.16799999999999998,0.039999999999999994,3.184365004027841,3.160813906734669,1.0,3,PROJECT001C__014.DZT
0.16799999999999998,0.045,3.184365004027841,3.159910369846027,1.0,3,PROJECT001C__014.DZT
0.16799999999999998,0.05,3.184365004027841,3.1590440398520836,1.0,3,PROJECT001C__014.DZT
0.16799999999999998,0.05499999999999999,3.184365004027841,3.15811859510435,1.0,3,PROJECT001C__014.DZT
0.16799999999999998,0.06,3.184365004027841,3.157233413206056,1.0,3,PROJECT001C__014.DZT
0.16799999999999998,0.065,3.184365004027841,3.156326340816447,1.0,3,PROJECT001C__014.DZT
0.16799999999999998,0.06999999999999999,3.184365004027841,3.1554203489044226,1.0,3,PROJECT001C__014.DZT
0.16799999999999998,0.075,3.184365004027841,3.15452343454058,1.0,3,PROJECT001C__014.DZT
0.16799999999999998,0.08,3.184365004027841,3.1536446927724007,1.0,3,PROJECT001C__014.DZT
0.16799999999999998,0.085,3.184365004027841,3.1527677814904878,1.0,3,PROJECT001C__014.DZT
0.16799999999999998,0.09000000000000001,3.184365004027841,3.1518751443176627,1.0,3,PROJECT001C__014.DZT
0.16799999999999998,0.09499999999999999,3.184365004027841,3.1508492125856287,1.0,3,PROJECT001C__014.DZT
0.16799999999999998,0.09999999999999999,3.184365004027841,3.149739147324029,1.0,3,PROJECT001C__014.DZT
0.16799999999999998,0.105,3.184365004027841,3.148610172004723,1.0,3,PROJECT001C__014.DZT
0.16799999999999998,0.11,3.184365004027841,3.147375502592963,1.0,3,PROJECT001C__014.DZT
0.16799999999999998,0.115,3.184365004027841,3.146049567986564,1.0,3,PROJECT001C__014.DZT
0.16799999999999998,0.12000000000000001,3.184365004027841,3.144685093618023,1.0,3,PROJECT001C__014.DZT
0.16799999999999998,0.125,3.184365004027841,3.1432969322140956,1.0,3,PROJECT001C__014.DZT
0.16799999999999998,0.13,3.184365004027841,3.141884217554649,1.0,3,PROJECT001C__014.DZT
0.16799999999999998,0.135,3.184365004027841,3.140416704523657,1.0,3,PROJECT001C__014.DZT
0.16799999999999998,0.14,3.184365004027841,3.1388964163837394,1.0,3,PROJECT001C__014.DZT
0.16799999999999998,0.14500000000000002,3.184365004027841,3.13743216676899,1.0,3,PROJECT001C__014.DZT
0.16799999999999998,0.15000000000000002,3.184365004027841,3.1360203788001613,1.0,3,PROJECT001C__014.DZT
0.16799999999999998,0.15500000000000003,3.184365004027841,3.13454220560133,1.0,3,PROJECT001C__014.DZT
0.16799999999999998,0.15999999999999998,3.184365004027841,3.1330735454197227,1.0,3,PROJECT001C__014.DZT
0.16799999999999998,0.16499999999999998,3.184365004027841,3.131565564983322,1.0,3,PROJECT001C__014.DZT
0.16799999999999998,0.16999999999999998,3.184365004027841,3.129945625548796,1.0,3,PROJECT001C__014.DZT
0.16799999999999998,0.175,3.184365004027841,3.1282014073853155,1.0,3,PROJECT001C__014.DZT
0.16799999999999998,0.18,3.184365004027841,3.1264108353336297,1.0,3,PROJECT001C__014.DZT
0.16799999999999998,0.185,3.184365004027841,3.124547887874846,1.0,3,PROJECT001C__014.DZT
0.16799999999999998,0.19,3.184365004027841,3.122570010914401,1.0,3,PROJECT001C__014.DZT
0.16799999999999998,0.195,3.184365004027841,3.120582131445799,1.0,3,PROJECT001C__014.DZT
0.16799999999999998,0.2,3.184365004027841,3.1185084276802577,1.0,3,PROJECT001C__014.DZT
0.16799999999999998,0.20500000000000002,3.184365004027841,3.116502124315932,1.0,3,PROJECT001C__014.DZT
0.16799999999999998,0.21000000000000002,3.184365004027841,3.114587368198052,1.0,3,PROJECT001C__014.DZT
0.16799999999999998,0.21500000000000002,3.184365004027841,3.1127306219895474,1.0,3,PROJECT001C__014.DZT
0.16799999999999998,0.22000000000000003,3.184365004027841,3.110868997951464,1.0,3,PROJECT001C__014.DZT
0.16799999999999998,0.22500000000000003,3.184365004027841,3.108940211273584,1.0,3,PROJECT001C__014.DZT
0.16799999999999998,0.23000000000000004,3.184365004027841,3.10690673184012,1.0,3,PROJECT001C__014.DZT
0.16799999999999998,0.23500000000000004,3.184365004027841,3.104746269123655,1.0,3,PROJECT001C__014.DZT
0.16799999999999998,0.24,3.184365004027841,3.1023082470555017,1.0,3,PROJECT001C__014.DZT
0.16799999999999998,0.245,3.184365004027841,3.0997893688185023,1.0,3,PROJECT001C__014.DZT
0.16799999999999998,0.25,3.184365004027841,3.0972126637023067,1.0,3,PROJECT001C__014.DZT
0.16999999999999998,-0.05,3.1098795112000617,3.1729431078125567,1.0,3,PROJECT001C__014.DZT
0.16999999999999998,-0.045000000000000005,3.1098795112000617,3.172694639570212,1.0,3,PROJECT001C__014.DZT
0.16999999999999998,-0.04,3.1098795112000617,3.172376777566589,1.0,3,PROJECT001C__014.DZT
0.16999999999999998,-0.035,3.1098795112000617,3.172076353360852,1.0,3,PROJECT001C__014.DZT
0.16999999999999998,-0.030000000000000002,3.1098795112000617,3.171747447204807,1.0,3,PROJECT001C__014.DZT
0.16999999999999998,-0.025,3.1098795112000617,3.17143940886433,1.0,3,PROJECT001C__014.DZT
0.16999999999999998,-0.020000000000000004,3.1098795112000617,3.1709769550226348,1.0,3,PROJECT001C__014.DZT
0.16999999999999998,-0.015,3.1098795112000617,3.170459230128158,1.0,3,PROJECT001C__014.DZT
0.16999999999999998,-0.010000000000000002,3.1098795112000617,3.169930703624113,1.0,3,PROJECT001C__014.DZT
0.16999999999999998,-0.0050000000000000044,3.1098795112000617,3.169365418476142,1.0,3,PROJECT001C__014.DZT
0.16999999999999998,0.0,3.1098795112000617,3.1686641720405624,1.0,3,PROJECT001C__014.DZT
0.16999999999999998,0.0049999999999999975,3.1098795112000617,3.1679391335662435,1.0,3,PROJECT001C__014.DZT
0.16999999999999998,0.009999999999999995,3.1098795112000617,3.1672748605781873,1.0,3,PROJECT001C__014.DZT
0.16999999999999998,0.015,3.1098795112000617,3.1665742757168798,1.0,3,PROJECT001C__014.DZT
0.16999999999999998,0.020000000000000004,3.1098795112000617,3.1659318049696807,1.0,3,PROJECT001C__014.DZT
0.16999999999999998,0.024999999999999994,3.1098795112000617,3.1653681170561945,1.0,3,PROJECT001C__014.DZT
0.16999999999999998,0.03,3.1098795112000617,3.16486769632252,1.0,3,PROJECT001C__014.DZT
0.16999999999999998,0.035,3.1098795112000617,3.164306762045427,1.0,3,PROJECT001C__014.DZT
0.16999999999999998,0.039999999999999994,3.1098795112000617,3.163691829950043,1.0,3,PROJECT001C__014.DZT
0.16999999999999998,0.045,3.1098795112000617,3.162964559924042,1.0,3,PROJECT001C__014.DZT
0.16999999999999998,0.05,3.1098795112000617,3.162241904478396,1.0,3,PROJECT001C__014.DZT
0.16999999999999998,0.05499999999999999,3.1098795112000617,3.1613445346382285,1.0,3,PROJECT001C__014.DZT
0.16999999999999998,0.06,3.1098795112000617,3.1603759766088437,1.0,3,PROJECT001C__014.DZT
0.16999999999999998,0.065,3.1098795112000617,3.1595126947350267,1.0,3,PROJECT001C__014.DZT
0.16999999999999998,0.06999999999999999,3.1098795112000617,3.158608717461546,1.0,3,PROJECT001C__014.DZT
0.16999999999999998,0.075,3.1098795112000617,3.157615769239916,1.0,3,PROJECT001C__014.DZT
0.16999999999999998,0.08,3.1098795112000617,3.156666092144287,1.0,3,PROJECT001C__014.DZT
0.16999999999999998,0.085,3.1098795112000617,3.155738111415475,1.0,3,PROJECT001C__014.DZT
0.16999999999999998,0.09000000000000001,3.1098795112000617,3.1548447346138015,1.0,3,PROJECT001C__014.DZT
0.16999999999999998,0.09499999999999999,3.1098795112000617,3.153939590533294,1.0,3,PROJECT001C__014.DZT
0.16999999999999998,0.09999999999999999,3.1098795112000617,3.153019854868413,1.0,3,PROJECT001C__014.DZT
0.16999999999999998,0.105,3.1098795112000617,3.1521753937676675,1.0,3,PROJECT001C__014.DZT
0.16999999999999998,0.11,3.1098795112000617,3.151175409782543,1.0,3,PROJECT001C__014.DZT
0.16999999999999998,0.115,3.1098795112000617,3.1500475231145137,1.0,3,PROJECT001C__014.DZT
0.16999999999999998,0.12000000000000001,3.1098795112000617,3.1489360367698604,1.0,3,PROJECT001C__014.DZT
0.16999999999999998,0.125,3.1098795112000617,3.147706012960246,1.0,3,PROJECT001C__014.DZT
0.16999999999999998,0.13,3.1098795112000617,3.146351668718444,1.0,3,PROJECT001C__014.DZT
0.16999999999999998,0.135,3.1098795112000617,3.1450494364227937,1.0,3,PROJECT001C__014.DZT
0.16999999999999998,0.14,3.1098795112000617,3.143606050520738,1.0,3,PROJECT001C__014.DZT
0.16999999999999998,0.14500000000000002,3.1098795112000617,3.1421795190045287,1.0,3,PROJECT001C__014.DZT
0.16999999999999998,0.15000000000000002,3.1098795112000617,3.1406748180466426,1.0,3,PROJECT001C__014.DZT
0.16999999999999998,0.15500000000000003,3.1098795112000617,3.139117294619083,1.0,3,PROJECT001C__014.DZT
0.16999999999999998,0.15999999999999998,3.1098795112000617,3.1375783190653626,1.0,3,PROJECT001C__014.DZT
0.16999999999999998,0.16499999999999998,3.1098795112000617,3.136032664875873,1.0,3,PROJECT001C__014.DZT
0.16999999999999998,0.16999999999999998,3.1098795112000617,3.1345007758493844,1.0,3,PROJECT001C__014.DZT
0.16999999999999998,0.175,3.1098795112000617,3.1329701941528856,1.0,3,PROJECT001C__014.DZT
0.16999999999999998,0.18,3.1098795112000617,3.1312895947500348,1.0,3,PROJECT001C__014.DZT
0.16999999999999998,0.185,3.1098795112000617,3.1295888868177695,1.0,3,PROJECT001C__014.DZT
0.16999999999999998,0.19,3.1098795112000617,3.127774877505363,1.0,3,PROJECT001C__014.DZT
0.16999999999999998,0.195,3.1098795112000617,3.1259515680122614,1.0,3,PROJECT001C__014.DZT
0.16999999999999998,0.2,3.1098795112000617,3.1239661561998475,1.0,3,PROJECT001C__014.DZT
0.16999999999999998,0.20500000000000002,3.1098795112000617,3.121952878409429,1.0,3,PROJECT001C__014.DZT
0.16999999999999998,0.21000000000000002,3.1098795112000617,3.1198817129224783,1.0,3,PROJECT001C__014.DZT
0.16999999999999998,0.21500000000000002,3.1098795112000617,3.117755383420441,1.0,3,PROJECT001C__014.DZT
0.16999999999999998,0.22000000000000003,3.1098795112000617,3.115621296117281,1.0,3,PROJECT001C__014.DZT
0.16999999999999998,0.22500000000000003,3.1098795112000617,3.113568849290575,1.0,3,PROJECT001C__014.DZT
0.16999999999999998,0.23000000000000004,3.1098795112000617,3.1115815174043226,1.0,3,PROJECT001C__014.DZT
0.16999999999999998,0.23500000000000004,3.1098795112000617,3.1094900144622297,1.0,3,PROJECT001C__014.DZT
0.16999999999999998,0.24,3.1098795112000617,3.1074249976955506,1.0,3,PROJECT001C__014.DZT
0.16999999999999998,0.245,3.1098795112000617,3.105263393121709,1.0,3,PROJECT001C__014.DZT
0.16999999999999998,0.25,3.1098795112000617,3.1028938117991776,1.0,3,PROJECT001C__014.DZT
0.172,-0.05,3.0379772131450027,3.1743053302196453,1.0,3,PROJECT001C__014.DZT
0.172,-0.045000000000000005,3.0379772131450027,3.174114293825163,1.0,3,PROJECT001C__014.DZT
0.172,-0.04,3.0379772131450027,3.173835302854098,1.0,3,PROJECT001C__014.DZT
0.172,-0.035,3.0379772131450027,3.173562011975042,1.0,3,PROJECT001C__014.DZT
0.172,-0.030000000000000002,3.0379772131450027,3.1732687223854636,1.0,3,PROJECT001C__014.DZT
0.172,-0.025,3.0379772131450027,3.172899470645781,1.0,3,PROJECT001C__014.DZT
0.172,-0.020000000000000004,3.0379772131450027,3.172571799965587,1.0,3,PROJECT001C__014.DZT
0.172,-0.015,3.0379772131450027,3.1722588306776203,1.0,3,PROJECT001C__014.DZT
0.172,-0.010000000000000002,3.0379772131450027,3.171835606560478,1.0,3,PROJECT001C__014.DZT
0.172,-0.0050000000000000044,3.0379772131450027,3.1713788848710105,1.0,3,PROJECT001C__014.DZT
0.172,0.0,3.0379772131450027,3.1709335800474316,1.0,3,PROJECT001C__014.DZT
0.172,0.0049999999999999975,3.0379772131450027,3.1704689377234794,1.0,3,PROJECT001C__014.DZT
0.172,0.009999999999999995,3.0379772131450027,3.169961876922873,1.0,3,PROJECT001C__014.DZT
0.172,0.015,3.0379772131450027,3.1693336424810163,1.0,3,PROJECT001C__014.DZT
0.172,0.020000000000000004,3.0379772131450027,3.168655580573987,1.0,3,PROJECT001C__014.DZT
0.172,0.024999999999999994,3.0379772131450027,3.1680065200380256,1.0,3,PROJECT001C__014.DZT
0.172,0.03,3.0379772131450027,3.1672716382343844,1.0,3,PROJECT001C__014.DZT
0.172,0.035,3.0379772131450027,3.1665558646480267,1.0,3,PROJECT001C__014.DZT
0.172,0.039999999999999994,3.0379772131450027,3.1659097847969444,1.0,3,PROJECT001C__014.DZT
0.172,0.045,3.0379772131450027,3.1653339303212342,1.0,3,PROJECT001C__014.DZT
0.172,0.05,3.0379772131450027,3.1647243105421907,1.0,3,PROJECT001C__014.DZT
0.172,0.05499999999999999,3.0379772131450027,3.1640863460591198,1.0,3,PROJECT001C__014.DZT
0.172,0.06,3.0379772131450027,3.1634074654895823,1.0,3,PROJECT001C__014.DZT
0.172,0.065,3.0379772131450027,3.1627252030983484,1.0,3,PROJECT001C__014.DZT
0.172,0.06999999999999999,3.0379772131450027,3.1618177151503857,1.0,3,PROJECT001C__014.DZT
0.172,0.075,3.0379772131450027,3.160883634329419,1.0,3,PROJECT001C__014.DZT
0.172,0.08,3.0379772131450027,3.1600338795935023,1.0,3,PROJECT001C__014.DZT
0.172,0.085,3.0379772131450027,3.159041776408547,1.0,3,PROJECT001C__014.DZT
0.172,0.09000000000000001,3.0379772131450027,3.158024663535788,1.0,3,PROJECT001C__014.DZT
0.172,0.09499999999999999,3.0379772131450027,3.157073077934676,1.0,3,PROJECT001C__014.DZT
0.172,0.09999999999999999,3.0379772131450027,3.156057677401194,1.0,3,PROJECT001C__014.DZT
0.172,0.105,3.0379772131450027,3.1550197286406614,1.0,3,PROJECT001C__014.DZT
0.172,0.11,3.0379772131450027,3.154132061879102,1.0,3,PROJECT001C__014.DZT
0.172,0.115,3.0379772131450027,3.153238698130554,1.0,3,PROJECT001C__014.DZT
0.172,0.12000000000000001,3.0379772131450027,3.1523725636131465,1.0,3,PROJECT001C__014.DZT
0.172,0.125,3.0379772131450027,3.1513149149171755,1.0,3,PROJECT001C__014.DZT
0.172,0.13,3.0379772131450027,3.150216754301042,1.0,3,PROJECT001C__014.DZT
0.172,0.135,3.0379772131450027,3.149103847036658,1.0,3,PROJECT001C__014.DZT
0.172,0.14,3.0379772131450027,3.1478179717010626,1.0,3,PROJECT001C__014.DZT
0.172,0.14500000000000002,3.0379772131450027,3.146439255230305,1.0,3,PROJECT001C__014.DZT
0.172,0.15000000000000002,3.0379772131450027,3.145171649340826,1.0,3,PROJECT001C__014.DZT
0.172,0.15500000000000003,3.0379772131450027,3.143740645377479,1.0,3,PROJECT001C__014.DZT
0.172,0.15999999999999998,3.0379772131450027,3.1422900065172232,1.0,3,PROJECT001C__014.DZT
0.172,0.16499999999999998,3.0379772131450027,3.1407684571953745,1.0,3,PROJECT001C__014.DZT
0.172,0.16999999999999998,3.0379772131450027,3.139228118538757,1.0,3,PROJECT001C__014.DZT
0.172,0.175,3.0379772131450027,3.1376789760948114,1.0,3,PROJECT001C__014.DZT
0.172,0.18,3.0379772131450027,3.136042076490502,1.0,3,PROJECT001C__014.DZT
0.172,0.185,3.0379772131450027,3.134455905543689,1.0,3,PROJECT001C__014.DZT
0.172,0.19,3.0379772131450027,3.1327969477208906,1.0,3,PROJECT001C__014.DZT
0.172,0.195,3.0379772131450027,3.1309961939080186,1.0,3,PROJECT001C__014.DZT
0.172,0.2,3.0379772131450027,3.1292228296381595,1.0,3,PROJECT001C__014.DZT
0.172,0.20500000000000002,3.0379772131450027,3.127309981770886,1.0,3,PROJECT001C__014.DZT
0.172,0.21000000000000002,3.0379772131450027,3.125332931444413,1.0,3,PROJECT001C__014.DZT
0.172,0.21500000000000002,3.0379772131450027,3.12335065693227,1.0,3,PROJECT001C__014.DZT
0.172,0.22000000000000003,3.0379772131450027,3.1212468231445705,1.0,3,PROJECT001C__014.DZT
0.172,0.22500000000000003,3.0379772131450027,3.1190746302136056,1.0,3,PROJECT001C__014.DZT
0.172,0.23000000000000004,3.0379772131450027,3.1168663343172187,1.0,3,PROJECT001C__014.DZT
0.172,0.23500000000000004,3.0379772131450027,3.1146585520655186,1.0,3,PROJECT001C__014.DZT
0.172,0.24,3.0379772131450027,3.1124973852854745,1.0,3,PROJECT001C__014.DZT
0.172,0.245,3.0379772131450027,3.1103059787925673,1.0,3,PROJECT001C__014.DZT
0.172,0.25,3.0379772131450027,3.1081134780879593,1.0,3,PROJECT001C__014.DZT
0.174,-0.05,2.9685400275360605,3.1749820290208937,1.0,3,PROJECT001C__014.DZT
0.174,-0.045000000000000005,2.9685400275360605,3.174781640226927,1.0,3,PROJECT001C__014.DZT
0.174,-0.04,2.9685400275360605,3.1745759125167115,1.0,3,PROJECT001C__014.DZT
0.174,-0.035,2.9685400275360605,3.174443081212694,1.0,3,PROJECT001C__014.DZT
0.174,-0.030000000000000002,2.9685400275360605,3.1743040745508178,1.0,3,PROJECT001C__014.DZT
0.174,-0.025,2.9685400275360605,3.1740952716931736,1.0,3,PROJECT001C__014.DZT
0.174,-0.020000000000000004,2.9685400275360605,3.1738667785127324,1.0,3,PROJECT001C__014.DZT
0.174,-0.015,2.9685400275360605,3.1736980738134712,1.0,3,PROJECT001C__014.DZT
0.174,-0.010000000000000002,2.9685400275360605,3.1734495641524982,1.0,3,PROJECT001C__014.DZT
0.174,-0.0050000000000000044,2.9685400275360605,3.173111244254082,1.0,3,PROJECT001C__014.DZT
0.174,0.0,2.9685400275360605,3.1727687189726788,1.0,3,PROJECT001C__014.DZT
0.174,0.0049999999999999975,2.9685400275360605,3.1723329389535575,1.0,3,PROJECT001C__014.DZT
0.174,0.009999999999999995,2.9685400275360605,3.1719498957156063,1.0,3,PROJECT001C__014.DZT
0.174,0.015,2.9685400275360605,3.1713911713696734,1.0,3,PROJECT001C__014.DZT
0.174,0.020000000000000004,2.9685400275360605,3.1708133329155963,1.0,3,PROJECT001C__014.DZT
0.174,0.024999999999999994,2.9685400275360605,3.1703441126764393,1.0,3,PROJECT001C__014.DZT
0.174,0.03,2.9685400275360605,3.1698499628411536,1.0,3,PROJECT001C__014.DZT
0.174,0.035,2.9685400275360605,3.1692216743706716,1.0,3,PROJECT001C__014.DZT
0.174,0.039999999999999994,2.9685400275360605,3.1685821912395027,1.0,3,PROJECT001C__014.DZT
0.174,0.045,2.9685400275360605,3.167890817546121,1.0,3,PROJECT001C__014.DZT
0.174,0.05,2.9685400275360605,3.1672174684917205,1.0,3,PROJECT001C__014.DZT
0.174,0.05499999999999999,2.9685400275360605,3.166556172896408,1.0,3,PROJECT001C__014.DZT
0.174,0.06,2.9685400275360605,3.1658767051910033,1.0,3,PROJECT001C__014.DZT
0.174,0.065,2.9685400275360605,3.16521064500607,1.0,3,PROJECT001C__014.DZT
0.174,0.06999999999999999,2.9685400275360605,3.164553168683634,1.0,3,PROJECT001C__014.DZT
0.174,0.075,2.9685400275360605,3.163812562752369,1.0,3,PROJECT001C__014.DZT
0.174,0.08,2.9685400275360605,3.1630290583996294,1.0,3,PROJECT001C__014.DZT
0.174,0.085,2.9685400275360605,3.162148958382611,1.0,3,PROJECT001C__014.DZT
0.174,0.09000000000000001,2.9685400275360605,3.161298839581637,1.0,3,PROJECT001C__014.DZT
0.174,0.09499999999999999,2.9685400275360605,3.1604280845739487,1.0,3,PROJECT001C__014.DZT
0.174,0.09999999999999999,2.9685400275360605,3.15945194703554,1.0,3,PROJECT001C__014.DZT
0.174,0.105,2.9685400275360605,3.1585175698133203,1.0,3,PROJECT001C__014.DZT
0.174,0.11,2.9685400275360605,3.157525590873576,1.0,3,PROJECT001C__014.DZT
0.174,0.115,2.9685400275360605,3.1563992858684173,1.0,3,PROJECT001C__014.DZT
0.174,0.12000000000000001,2.9685400275360605,3.1553024105769603,1.0,3,PROJECT001C__014.DZT
0.174,0.125,2.9685400275360605,3.1543459654456396,1.0,3,PROJECT001C__014.DZT
0.174,0.13,2.9685400275360605,3.153357924174647,1.0,3,PROJECT001C__014.DZT
0.174,0.135,2.9685400275360605,3.152420967890272,1.0,3,PROJECT001C__014.DZT
0.174,0.14,2.9685400275360605,3.1513890267778826,1.0,3,PROJECT001C__014.DZT
0.174,0.14500000000000002,2.9685400275360605,3.1503140321263063,1.0,3,PROJECT001C__014.DZT
0.174,0.15000000000000002,2.9685400275360605,3.1491325453051022,1.0,3,PROJECT001C__014.DZT
0.174,0.15500000000000003,2.9685400275360605,3.147805953737327,1.0,3,PROJECT001C__014.DZT
0.174,0.15999999999999998,2.9685400275360605,3.1465149438426425,1.0,3,PROJECT001C__014.DZT
0.174,0.16499999999999998,2.9685400275360605,3.145142604912054,1.0,3,PROJECT001C__014.DZT
0.174,0.16999999999999998,2.9685400275360605,3.143623602026435,1.0,3,PROJECT001C__014.DZT
0.174,0.175,2.9685400275360605,3.142199699439989,1.0,3,PROJECT001C__014.DZT
0.174,0.18,2.9685400275360605,3.1406738922373347,1.0,3,PROJECT001C__014.DZT
0.174,0.185,2.9685400275360605,3.1390362406274472,1.0,3,PROJECT001C__014.DZT
0.174,0.19,2.9685400275360605,3.137460731441202,1.0,3,PROJECT001C__014.DZT
0.174,0.195,2.9685400275360605,3.135905758442417,1.0,3,PROJECT001C__014.DZT
0.174,0.2,2.9685400275360605,3.134320839407435,1.0,3,PROJECT001C__014.DZT
0.174,0.20500000000000002,2.9685400275360605,3.132511105534006,1.0,3,PROJECT001C__014.DZT
0.174,0.21000000000000002,2.9685400275360605,3.130710413011041,1.0,3,PROJECT001C__014.DZT
0.174,0.21500000000000002,2.9685400275360605,3.1288328981936844,1.0,3,PROJECT001C__014.DZT
0.174,0.22000000000000003,2.9685400275360605,3.126774813578312,1.0,3,PROJECT001C__014.DZT
0.174,0.22500000000000003,2.9685400275360605,3.124667056602602,1.0,3,PROJECT001C__014.DZT
0.174,0.23000000000000004,2.9685400275360605,3.1225945283465677,1.0,3,PROJECT001C__014.DZT
0.174,0.23500000000000004,2.9685400275360605,3.12040620917062,1.0,3,PROJECT001C__014.DZT
0.174,0.24,2.9685400275360605,3.118136029241336,1.0,3,PROJECT001C__014.DZT
0.174,0.245,2.9685400275360605,3.1158677383986153,1.0,3,PROJECT001C__014.DZT
0.174,0.25,2.9685400275360605,3.1136266542747415,1.0,3,PROJECT001C__014.DZT
0.176,-0.05,2.9014565429261934,3.1754442290426197,1.0,3,PROJECT001C__014.DZT
0.176,-0.045000000000000005,2.9014565429261934,3.1754195073568936,1.0,3,PROJECT001C__014.DZT
0.176,-0.04,2.9014565429261934,3.1752768930585957,1.0,3,PROJECT001C__014.DZT
0.176,-0.035,2.9014565429261934,3.175120673925298,1.0,3,PROJECT001C__014.DZT
0.176,-0.030000000000000002,2.9014565429261934,3.174989914221028,1.0,3,PROJECT001C__014.DZT
0.176,-0.025,2.9014565429261934,3.1748493856932334,1.0,3,PROJECT001C__014.DZT
0.176,-0.020000000000000004,2.9014565429261934,3.174665210703424,1.0,3,PROJECT001C__014.DZT
0.176,-0.015,2.9014565429261934,3.174394688404433,1.0,3,PROJECT001C__014.DZT
0.176,-0.010000000000000002,2.9014565429261934,3.1741706570941726,1.0,3,PROJECT001C__014.DZT
0.176,-0.0050000000000000044,2.9014565429261934,3.174010505491825,1.0,3,PROJECT001C__014.DZT
0.176,0.0,2.9014565429261934,3.173853307295524,1.0,3,PROJECT001C__014.DZT
0.176,0.0049999999999999975,2.9014565429261934,3.1736590159756743,1.0,3,PROJECT001C__014.DZT
0.176,0.009999999999999995,2.9014565429261934,3.1734453377886744,1.0,3,PROJECT001C__014.DZT
0.176,0.015,2.9014565429261934,3.173214827733027,1.0,3,PROJECT001C__014.DZT
0.176,0.020000000000000004,2.9014565429261934,3.1728897083629755,1.0,3,PROJECT001C__014.DZT
0.176,0.024999999999999994,2.9014565429261934,3.1723842370726363,1.0,3,PROJECT001C__014.DZT
0.176,0.03,2.9014565429261934,3.171889745836826,1.0,3,PROJECT001C__014.DZT
0.176,0.035,2.9014565429261934,3.1713497823341688,1.0,3,PROJECT001C__014.DZT
0.176,0.039999999999999994,2.9014565429261934,3.170787403833701,1.0,3,PROJECT001C__014.DZT
0.176,0.045,2.9014565429261934,3.1701531124493596,1.0,3,PROJECT001C__014.DZT
0.176,0.05,2.9014565429261934,3.169547743938813,1.0,3,PROJECT001C__014.DZT
0.176,0.05499999999999999,2.9014565429261934,3.168996106776472,1.0,3,PROJECT001C__014.DZT
0.176,0.06,2.9014565429261934,3.1683715981777616,1.0,3,PROJECT001C__014.DZT
0.176,0.065,2.9014565429261934,3.167703782728257,1.0,3,PROJECT001C__014.DZT
0.176,0.06999999999999999,2.9014565429261934,3.167118888037414,1.0,3,PROJECT001C__014.DZT
0.176,0.075,2.9014565429261934,3.166484207029091,1.0,3,PROJECT001C__014.DZT
0.176,0.08,2.9014565429261934,3.165836971352462,1.0,3,PROJECT001C__014.DZT
0.176,0.085,2.9014565429261934,3.1650775504782716,1.0,3,PROJECT001C__014.DZT
0.176,0.09000000000000001,2.9014565429261934,3.1642683782015815,1.0,3,PROJECT001C__014.DZT
0.176,0.09499999999999999,2.9014565429261934,3.163449492831848,1.0,3,PROJECT001C__014.DZT
0.176,0.09999999999999999,2.9014565429261934,3.162468978559587,1.0,3,PROJECT001C__014.DZT
0.176,0.105,2.9014565429261934,3.1614726612363717,1.0,3,PROJECT001C__014.DZT
0.176,0.11,2.9014565429261934,3.160619565418667,1.0,3,PROJECT001C__014.DZT
0.176,0.115,2.9014565429261934,3.1597490836048068,1.0,3,PROJECT001C__014.DZT
0.176,0.12000000000000001,2.9014565429261934,3.1588385300819706,1.0,3,PROJECT001C__014.DZT
0.176,0.125,2.9014565429261934,3.157860648865997,1.0,3,PROJECT001C__014.DZT
0.176,0.13,2.9014565429261934,3.15678805707619,1.0,3,PROJECT001C__014.DZT
0.176,0.135,2.9014565429261934,3.1556928514036087,1.0,3,PROJECT001C__014.DZT
0.176,0.14,2.9014565429261934,3.1546507589608646,1.0,3,PROJECT001C__014.DZT
0.176,0.14500000000000002,2.9014565429261934,3.1535551503835193,1.0,3,PROJECT001C__014.DZT
0.176,0.15000000000000002,2.9014565429261934,3.152499629008267,1.0,3,PROJECT001C__014.DZT
0.176,0.15500000000000003,2.9014565429261934,3.1514190336621404,1.0,3,PROJECT001C__014.DZT
0.176,0.15999999999999998,2.9014565429261934,3.1501932230895586,1.0,3,PROJECT001C__014.DZT
0.176,0.16499999999999998,2.9014565429261934,3.1489562366795223,1.0,3,PROJECT001C__014.DZT
0.176,0.16999999999999998,2.9014565429261934,3.147698396489742,1.0,3,PROJECT001C__014.DZT
0.176,0.175,2.9014565429261934,3.1464078343336936,1.0,3,PROJECT001C__014.DZT
0.176,0.18,2.9014565429261934,3.1449792280238937,1.0,3,PROJECT001C__014.DZT
0.176,0.185,2.9014565429261934,3.143532192002246,1.0,3,PROJECT001C__014.DZT
0.176,0.19,2.9014565429261934,3.14204956823986,1.0,3,PROJECT001C__014.DZT
0.176,0.195,2.9014565429261934,3.140355628882792,1.0,3,PROJECT001C__014.DZT
0.176,0.2,2.9014565429261934,3.138694340586735,1.0,3,PROJECT001C__014.DZT
0.176,0.20500000000000002,2.9014565429261934,3.1370648270827552,1.0,3,PROJECT001C__014.DZT
0.176,0.21000000000000002,2.9014565429261934,3.135407068764115,1.0,3,PROJECT001C__014.DZT
0.176,0.21500000000000002,2.9014565429261934,3.1337709121414483,1.0,3,PROJECT001C__014.DZT
0.176,0.22000000000000003,2.9014565429261934,3.131999024898789,1.0,3,PROJECT001C__014.DZT
0.176,0.22500000000000003,2.9014565429261934,3.130237866357659,1.0,3,PROJECT001C__014.DZT
0.176,0.23000000000000004,2.9014565429261934,3.128219800478457,1.0,3,PROJECT001C__014.DZT
0.176,0.23500000000000004,2.9014565429261934,3.126138395656209,1.0,3,PROJECT001C__014.DZT
0.176,0.24,2.9014565429261934,3.1240340052649507,1.0,3,PROJECT001C__014.DZT
0.176,0.245,2.9014565429261934,3.1217262770045324,1.0,3,PROJECT001C__014.DZT
0.176,0.25,2.9014565429261934,3.1193803686485944,1.0,3,PROJECT001C__014.DZT
0.178,-0.05,2.8366215715718264,3.1744971956856407,1.0,3,PROJECT001C__014.DZT
0.178,-0.045000000000000005,2.8366215715718264,3.1747671791880254,1.0,3,PROJECT001C__014.DZT
0.178,-0.04,2.8366215715718264,3.1749784182011873,1.0,3,PROJECT001C__014.DZT
0.178,-0.035,2.8366215715718264,3.1750845012433424,1.0,3,PROJECT001C__014.DZT
0.178,-0.030000000000000002,2.8366215715718264,3.175131815725703,1.0,3,PROJECT001C__014.DZT
0.178,-0.025,2.8366215715718264,3.1751609471273277,1.0,3,PROJECT001C__014.DZT
0.178,-0.020000000000000004,2.8366215715718264,3.1751437750011964,1.0,3,PROJECT001C__014.DZT
0.178,-0.015,2.8366215715718264,3.1750573310995205,1.0,3,PROJECT001C__014.DZT
0.178,-0.010000000000000002,2.8366215715718264,3.1749027478942935,1.0,3,PROJECT001C__014.DZT
0.178,-0.0050000000000000044,2.8366215715718264,3.1748251933399243,1.0,3,PROJECT001C__014.DZT
0.178,0.0,2.8366215715718264,3.1746425317581632,1.0,3,PROJECT001C__014.DZT
0.178,0.0049999999999999975,2.8366215715718264,3.1744202802939583,1.0,3,PROJECT001C__014.DZT
0.178,0.009999999999999995,2.8366215715718264,3.174157537722685,1.0,3,PROJECT001C__014.DZT
0.178,0.015,2.8366215715718264,3.1739106918450073,1.0,3,PROJECT001C__014.DZT
0.178,0.020000000000000004,2.8366215715718264,3.1737746339375286,1.0,3,PROJECT001C__014.DZT
0.178,0.024999999999999994,2.8366215715718264,3.173607977066617,1.0,3,PROJECT001C__014.DZT
0.178,0.03,2.8366215715718264,3.173349467208741,1.0,3,PROJECT001C__014.DZT
0.178,0.035,2.8366215715718264,3.1731242655492213,1.0,3,PROJECT001C__014.DZT
0.178,0.039999999999999994,2.8366215715718264,3.1728071063346728,1.0,3,PROJECT001C__014.DZT
0.178,0.045,2.8366215715718264,3.172330163526894,1.0,3,PROJECT001C__014.DZT
0.178,0.05,2.8366215715718264,3.171760335125411,1.0,3,PROJECT001C__014.DZT
0.178,0.05499999999999999,2.8366215715718264,3.1711701940383925,1.0,3,PROJECT001C__014.DZT
0.178,0.06,2.8366215715718264,3.1706090134588827,1.0,3,PROJECT001C__014.DZT
0.178,0.065,2.8366215715718264,3.17001578450561,1.0,3,PROJECT001C__014.DZT
0.178,0.06999999999999999,2.8366215715718264,3.1692411439747494,1.0,3,PROJECT001C__014.DZT
0.178,0.075,2.8366215715718264,3.168603855971312,1.0,3,PROJECT001C__014.DZT
0.178,0.08,2.8366215715718264,3.168049300878456,1.0,3,PROJECT001C__014.DZT
0.178,0.085,2.8366215715718264,3.1674878342678987,1.0,3,PROJECT001C__014.DZT
0.178,0.09000000000000001,2.8366215715718264,3.1668869509963753,1.0,3,PROJECT001C__014.DZT
0.178,0.09499999999999999,2.8366215715718264,3.1663185657725226,1.0,3,PROJECT001C__014.DZT
0.178,0.09999999999999999,2.8366215715718264,3.165665270352148,1.0,3,PROJECT001C__014.DZT
0.178,0.105,2.8366215715718264,3.164831789787541,1.0,3,PROJECT001C__014.DZT
0.178,0.11,2.8366215715718264,3.163852835671745,1.0,3,PROJECT001C__014.DZT
0.178,0.115,2.8366215715718264,3.1628445469156072,1.0,3,PROJECT001C__014.DZT
0.178,0.12000000000000001,2.8366215715718264,3.1618601624011027,1.0,3,PROJECT001C__014.DZT
0.178,0.125,2.8366215715718264,3.1608016611959453,1.0,3,PROJECT001C__014.DZT
0.178,0.13,2.8366215715718264,3.159772068201947,1.0,3,PROJECT001C__014.DZT
0.178,0.135,2.8366215715718264,3.1589552836135937,1.0,3,PROJECT001C__014.DZT
0.178,0.14,2.8366215715718264,3.1580141923117235,1.0,3,PROJECT001C__014.DZT
0.178,0.14500000000000002,2.8366215715718264,3.1569562475892234,1.0,3,PROJECT001C__014.DZT
0.178,0.15000000000000002,2.8366215715718264,3.1559510427146615,1.0,3,PROJECT001C__014.DZT
0.178,0.15500000000000003,2.8366215715718264,3.1549533483832626,1.0,3,PROJECT001C__014.DZT
0.178,0.15999999999999998,2.8366215715718264,3.153850230237699,1.0,3,PROJECT001C__014.DZT
0.178,0.16499999999999998,2.8366215715718264,3.152702728300565,1.0,3,PROJECT001C__014.DZT
0.178,0.16999999999999998,2.8366215715718264,3.151459241490406,1.0,3,PROJECT001C__014.DZT
0.178,0.175,2.8366215715718264,3.150129333311622,1.0,3,PROJECT001C__014.DZT
0.178,0.18,2.8366215715718264,3.1487449652252066,1.0,3,PROJECT001C__014.DZT
0.178,0.185,2.8366215715718264,3.1473194726290186,1.0,3,PROJECT001C__014.DZT
0.178,0.19,2.8366215715718264,3.1460246158825633,1.0,3,PROJECT001C__014.DZT
0.178,0.195,2.8366215715718264,3.144688407638464,1.0,3,PROJECT001C__014.DZT
0.178,0.2,2.8366215715718264,3.1432341992547563,1.0,3,PROJECT001C__014.DZT
0.178,0.20500000000000002,2.8366215715718264,3.1417154026535563,1.0,3,PROJECT001C__014.DZT
0.178,0.21000000000000002,2.8366215715718264,3.1400625875800308,1.0,3,PROJECT001C__014.DZT
0.178,0.21500000000000002,2.8366215715718264,3.138330225307216,1.0,3,PROJECT001C__014.DZT
0.178,0.22000000000000003,2.8366215715718264,3.1365767464820316,1.0,3,PROJECT001C__014.DZT
0.178,0.22500000000000003,2.8366215715718264,3.13481861777262,1.0,3,PROJECT001C__014.DZT
0.178,0.23000000000000004,2.8366215715718264,3.13300218513781,1.0,3,PROJECT001C__014.DZT
0.178,0.23500000000000004,2.8366215715718264,3.1311772863634673,1.0,3,PROJECT001C__014.DZT
0.178,0.24,2.8366215715718264,3.1292328798881552,1.0,3,PROJECT001C__014.DZT
0.178,0.245,2.8366215715718264,3.127306582498663,1.0,3,PROJECT001C__014.DZT
0.178,0.25,2.8366215715718264,3.125260572423042,1.0,3,PROJECT001C__014.DZT
0.18,-0.05,2.7739357368420294,3.1729477221430553,1.0,3,PROJECT001C__014.DZT
0.18,-0.045000000000000005,2.7739357368420294,3.1732878051865296,1.0,3,PROJECT001C__014.DZT
0.18,-0.04,2.7739357368420294,3.1735396116083394,1.0,3,PROJECT001C__014.DZT
0.18,-0.035,2.7739357368420294,3.173823736202815,1.0,3,PROJECT001C__014.DZT
0.18,-0.030000000000000002,2.7739357368420294,3.174118676975682,1.0,3,PROJECT001C__014.DZT
0.18,-0.025,2.7739357368420294,3.1744049691524396,1.0,3,PROJECT001C__014.DZT
0.18,-0.020000000000000004,2.7739357368420294,3.1745248117332157,1.0,3,PROJECT001C__014.DZT
0.18,-0.015,2.7739357368420294,3.174697866859828,1.0,3,PROJECT001C__014.DZT
0.18,-0.010000000000000002,2.7739357368420294,3.174813015445292,1.0,3,PROJECT001C__014.DZT
0.18,-0.0050000000000000044,2.7739357368420294,3.1748244891223436,1.0,3,PROJECT001C__014.DZT
0.18,0.0,2.7739357368420294,3.1747936101253473,1.0,3,PROJECT001C__014.DZT
0.18,0.0049999999999999975,2.7739357368420294,3.174808701992136,1.0,3,PROJECT001C__014.DZT
0.18,0.009999999999999995,2.7739357368420294,3.174789854680791,1.0,3,PROJECT001C__014.DZT
0.18,0.015,2.7739357368420294,3.1746570493076423,1.0,3,PROJECT001C__014.DZT
0.18,0.020000000000000004,2.7739357368420294,3.174494318115997,1.0,3,PROJECT001C__014.DZT
0.18,0.024999999999999994,2.7739357368420294,3.174337350746347,1.0,3,PROJECT001C__014.DZT
0.18,0.03,2.7739357368420294,3.1741149887391793,1.0,3,PROJECT001C__014.DZT
0.18,0.035,2.7739357368420294,3.1738948010979944,1.0,3,PROJECT001C__014.DZT
0.18,0.039999999999999994,2.7739357368420294,3.1737164999891445,1.0,3,PROJECT001C__014.DZT
0.18,0.045,2.7739357368420294,3.173504606207338,1.0,3,PROJECT001C__014.DZT
0.18,0.05,2.7739357368420294,3.1732773556278304,1.0,3,PROJECT001C__014.DZT
0.18,0.05499999999999999,2.7739357368420294,3.172910030352855,1.0,3,PROJECT001C__014.DZT
0.18,0.06,2.7739357368420294,3.1725114196215407,1.0,3,PROJECT001C__014.DZT
0.18,0.065,2.7739357368420294,3.1720934024104217,1.0,3,PROJECT001C__014.DZT
0.18,0.06999999999999999,2.7739357368420294,3.1715191221012113,1.0,3,PROJECT001C__014.DZT
0.18,0.075,2.7739357368420294,3.1708831541007947,1.0,3,PROJECT001C__014.DZT
0.18,0.08,2.7739357368420294,3.1703316193911895,1.0,3,PROJECT001C__014.DZT
0.18,0.085,2.7739357368420294,3.169635729905431,1.0,3,PROJECT001C__014.DZT
0.18,0.09000000000000001,2.7739357368420294,3.1689420677903475,1.0,3,PROJECT001C__014.DZT
0.18,0.09499999999999999,2.7739357368420294,3.1682509335192783,1.0,3,PROJECT001C__014.DZT
0.18,0.09999999999999999,2.7739357368420294,3.167653398159876,1.0,3,PROJECT001C__014.DZT
0.18,0.105,2.7739357368420294,3.167190652280786,1.0,3,PROJECT001C__014.DZT
0.18,0.11,2.7739357368420294,3.1666149424776946,1.0,3,PROJECT001C__014.DZT
0.18,0.115,2.7739357368420294,3.165964909301436,1.0,3,PROJECT001C__014.DZT
0.18,0.12000000000000001,2.7739357368420294,3.165264399778183,1.0,3,PROJECT001C__014.DZT
0.18,0.125,2.7739357368420294,3.164343664097894,1.0,3,PROJECT001C__014.DZT
0.18,0.13,2.7739357368420294,3.163262015691991,1.0,3,PROJECT001C__014.DZT
0.18,0.135,2.7739357368420294,3.1621268808198066,1.0,3,PROJECT001C__014.DZT
0.18,0.14,2.7739357368420294,3.1610978156994753,1.0,3,PROJECT001C__014.DZT
0.18,0.14500000000000002,2.7739357368420294,3.16009419359453,1.0,3,PROJECT001C__014.DZT
0.18,0.15000000000000002,2.7739357368420294,3.1589827442186764,1.0,3,PROJECT001C__014.DZT
0.18,0.15500000000000003,2.7739357368420294,3.1579423738715504,1.0,3,PROJECT001C__014.DZT
0.18,0.15999999999999998,2.7739357368420294,3.156995871398742,1.0,3,PROJECT001C__014.DZT
0.18,0.16499999999999998,2.7739357368420294,3.156008124858578,1.0,3,PROJECT001C__014.DZT
0.18,0.16999999999999998,2.7739357368420294,3.155006015804696,1.0,3,PROJECT001C__014.DZT
0.18,0.175,2.7739357368420294,3.153998265630987,1.0,3,PROJECT001C__014.DZT
0.18,0.18,2.7739357368420294,3.1529061848565534,1.0,3,PROJECT001C__014.DZT
0.18,0.185,2.7739357368420294,3.1515526779256837,1.0,3,PROJECT001C__014.DZT
0.18,0.19,2.7739357368420294,3.1500610219591554,1.0,3,PROJECT001C__014.DZT
0.18,0.195,2.7739357368420294,3.1485895804105954,1.0,3,PROJECT001C__014.DZT
0.18,0.2,2.7739357368420294,3.1470901440609023,1.0,3,PROJECT001C__014.DZT
0.18,0.20500000000000002,2.7739357368420294,3.1455596660788827,1.0,3,PROJECT001C__014.DZT
0.18,0.21000000000000002,2.7739357368420294,3.1441019041001272,1.0,3,PROJECT001C__014.DZT
0.18,0.21500000000000002,2.7739357368420294,3.1427352403046203,1.0,3,PROJECT001C__014.DZT
0.18,0.22000000000000003,2.7739357368420294,3.141155779112863,1.0,3,PROJECT001C__014.DZT
0.18,0.22500000000000003,2.7739357368420294,3.1394950822612544,1.0,3,PROJECT001C__014.DZT
0.18,0.23000000000000004,2.7739357368420294,3.137847957961462,1.0,3,PROJECT001C__014.DZT
0.18,0.23500000000000004,2.7739357368420294,3.1360536481067123,1.0,3,PROJECT001C__014.DZT
0.18,0.24,2.7739357368420294,3.134171055152784,1.0,3,PROJECT001C__014.DZT
0.18,0.245,2.7739357368420294,3.132190083068913,1.0,3,PROJECT001C__014.DZT
0.18,0.25,2.7739357368420294,3.1301631979252655,1.0,3,PROJECT001C__014.DZT
0.182,-0.05,2.713305092189402,3.1713051717285006,1.0,3,PROJECT001C__014.DZT
0.182,-0.045000000000000005,2.713305092189402,3.17161433886715,1.0,3,PROJECT001C__014.DZT
0.182,-0.04,2.713305092189402,3.1719459914350927,1.0,3,PROJECT001C__014.DZT
0.182,-0.035,2.713305092189402,3.172293320974635,1.0,3,PROJECT001C__014.DZT
0.182,-0.030000000000000002,2.713305092189402,3.172566271266975,1.0,3,PROJECT001C__014.DZT
0.182,-0.025,2.713305092189402,3.1728499375486123,1.0,3,PROJECT001C__014.DZT
0.182,-0.020000000000000004,2.713305092189402,3.173184659878203,1.0,3,PROJECT001C__014.DZT
0.182,-0.015,2.713305092189402,3.1734566864776483,1.0,3,PROJECT001C__014.DZT
0.182,-0.010000000000000002,2.713305092189402,3.1737304480393274,1.0,3,PROJECT001C__014.DZT
0.182,-0.0050000000000000044,2.713305092189402,3.1739424385163453,1.0,3,PROJECT001C__014.DZT
0.182,0.0,2.713305092189402,3.1741533923390484,1.0,3,PROJECT001C__014.DZT
0.182,0.0049999999999999975,2.713305092189402,3.1742764459671258,1.0,3,PROJECT001C__014.DZT
0.182,0.009999999999999995,2.713305092189402,3.1743645391766044,1.0,3,PROJECT001C__014.DZT
0.182,0.015,2.713305092189402,3.1744333711260193,1.0,3,PROJECT001C__014.DZT
0.182,0.020000000000000004,2.713305092189402,3.1744718045497025,1.0,3,PROJECT001C__014.DZT
0.182,0.024999999999999994,2.713305092189402,3.1744306227275136,1.0,3,PROJECT001C__014.DZT
0.182,0.03,2.713305092189402,3.1744373128189447,1.0,3,PROJECT001C__014.DZT
0.182,0.035,2.713305092189402,3.1743958032420743,1.0,3,PROJECT001C__014.DZT
0.182,0.039999999999999994,2.713305092189402,3.1742847355010952,1.0,3,PROJECT001C__014.DZT
0.182,0.045,2.713305092189402,3.1740810541046365,1.0,3,PROJECT001C__014.DZT
0.182,0.05,2.713305092189402,3.1739818457860802,1.0,3,PROJECT001C__014.DZT
0.182,0.05499999999999999,2.713305092189402,3.1738410493893814,1.0,3,PROJECT001C__014.DZT
0.182,0.06,2.713305092189402,3.1736186981287418,1.0,3,PROJECT001C__014.DZT
0.182,0.065,2.713305092189402,3.173374406495041,1.0,3,PROJECT001C__014.DZT
0.182,0.06999999999999999,2.713305092189402,3.173112629633524,1.0,3,PROJECT001C__014.DZT
0.182,0.075,2.713305092189402,3.17268079476286,1.0,3,PROJECT001C__014.DZT
0.182,0.08,2.713305092189402,3.172149309330814,1.0,3,PROJECT001C__014.DZT
0.182,0.085,2.713305092189402,3.17164170257465,1.0,3,PROJECT001C__014.DZT
0.182,0.09000000000000001,2.713305092189402,3.1711287419942047,1.0,3,PROJECT001C__014.DZT
0.182,0.09499999999999999,2.713305092189402,3.170503584805584,1.0,3,PROJECT001C__014.DZT
0.182,0.09999999999999999,2.713305092189402,3.1697979307949637,1.0,3,PROJECT001C__014.DZT
0.182,0.105,2.713305092189402,3.1691786133253808,1.0,3,PROJECT001C__014.DZT
0.182,0.11,2.713305092189402,3.1685567825273537,1.0,3,PROJECT001C__014.DZT
0.182,0.115,2.713305092189402,3.1678872593814105,1.0,3,PROJECT001C__014.DZT
0.182,0.12000000000000001,2.713305092189402,3.1673426967613616,1.0,3,PROJECT001C__014.DZT
0.182,0.125,2.713305092189402,3.16681372657098,1.0,3,PROJECT001C__014.DZT
0.182,0.13,2.713305092189402,3.1661905161177017,1.0,3,PROJECT001C__014.DZT
0.182,0.135,2.713305092189402,3.1653976856278128,1.0,3,PROJECT001C__014.DZT
0.182,0.14,2.713305092189402,3.1645096984142165,1.0,3,PROJECT001C__014.DZT
0.182,0.14500000000000002,2.713305092189402,3.163559295246196,1.0,3,PROJECT001C__014.DZT
0.182,0.15000000000000002,2.713305092189402,3.1624511962682758,1.0,3,PROJECT001C__014.DZT
0.182,0.15500000000000003,2.713305092189402,3.161341589025536,1.0,3,PROJECT001C__014.DZT
0.182,0.15999999999999998,2.713305092189402,3.160311930581545,1.0,3,PROJECT001C__014.DZT
0.182,0.16499999999999998,2.713305092189402,3.1592215670303667,1.0,3,PROJECT001C__014.DZT
0.182,0.16999999999999998,2.713305092189402,3.1580579850442168,1.0,3,PROJECT001C__014.DZT
0.182,0.175,2.713305092189402,3.1568957311925487,1.0,3,PROJECT001C__014.DZT
0.182,0.18,2.713305092189402,3.155915208387375,1.0,3,PROJECT001C__014.DZT
0.182,0.185,2.713305092189402,3.154966943805737,1.0,3,PROJECT001C__014.DZT
0.182,0.19,2.713305092189402,3.153851370070415,1.0,3,PROJECT001C__014.DZT
0.182,0.195,2.713305092189402,3.152775419662376,1.0,3,PROJECT001C__014.DZT
0.182,0.2,2.713305092189402,3.1514656020774083,1.0,3,PROJECT001C__014.DZT
0.182,0.20500000000000002,2.713305092189402,3.149962216480174,1.0,3,PROJECT001C__014.DZT
0.182,0.21000000000000002,2.713305092189402,3.1483142916634015,1.0,3,PROJECT001C__014.DZT
0.182,0.21500000000000002,2.713305092189402,3.146789182750575,1.0,3,PROJECT001C__014.DZT
0.182,0.22000000000000003,2.713305092189402,3.145271233440153,1.0,3,PROJECT001C__014.DZT
0.182,0.22500000000000003,2.713305092189402,3.1435930335877864,1.0,3,PROJECT001C__014.DZT
0.182,0.23000000000000004,2.713305092189402,3.141984321328455,1.0,3,PROJECT001C__014.DZT
0.182,0.23500000000000004,2.713305092189402,3.1404202262878065,1.0,3,PROJECT001C__014.DZT
0.182,0.24,2.713305092189402,3.138732634707653,1.0,3,PROJECT001C__014.DZT
0.182,0.245,2.713305092189402,3.1370143407169664,1.0,3,PROJECT001C__014.DZT
0.182,0.25,2.713305092189402,3.1353086305645212,1.0,3,PROJECT001C__014.DZT
0.184,-0.05,2.654640768953266,3.169568397485928,1.0,3,PROJECT001C__014.DZT
0.184,-0.045000000000000005,2.654640768953266,3.1698978791254824,1.0,3,PROJECT001C__014.DZT
0.184,-0.04,2.654640768953266,3.1702246877428486,1.0,3,PROJECT001C__014.DZT
0.184,-0.035,2.654640768953266,3.1705124744976296,1.0,3,PROJECT001C__014.DZT
0.184,-0.030000000000000002,2.654640768953266,3.1708069038686255,1.0,3,PROJECT001C__014.DZT
0.184,-0.025,2.654640768953266,3.1711831696555755,1.0,3,PROJECT001C__014.DZT
0.184,-0.020000000000000004,2.654640768953266,3.171586355740493,1.0,3,PROJECT001C__014.DZT
0.184,-0.015,2.654640768953266,3.171925752717083,1.0,3,PROJECT001C__014.DZT
0.184,-0.010000000000000002,2.654640768953266,3.172245547485405,1.0,3,PROJECT001C__014.DZT
0.184,-0.0050000000000000044,2.654640768953266,3.1725679669626885,1.0,3,PROJECT001C__014.DZT
0.184,0.0,2.654640768953266,3.1728148521052333,1.0,3,PROJECT001C__014.DZT
0.184,0.0049999999999999975,2.654640768953266,3.1731001184682284,1.0,3,PROJECT001C__014.DZT
0.184,0.009999999999999995,2.654640768953266,3.1733686607140363,1.0,3,PROJECT001C__014.DZT
0.184,0.015,2.654640768953266,3.173554904497347,1.0,3,PROJECT001C__014.DZT
0.184,0.020000000000000004,2.654640768953266,3.1736882337559185,1.0,3,PROJECT001C__014.DZT
0.184,0.024999999999999994,2.654640768953266,3.173802319777458,1.0,3,PROJECT001C__014.DZT
0.184,0.03,2.654640768953266,3.1739486032210973,1.0,3,PROJECT001C__014.DZT
0.184,0.035,2.654640768953266,3.173977898155093,1.0,3,PROJECT001C__014.DZT
0.184,0.039999999999999994,2.654640768953266,3.1740317753680274,1.0,3,PROJECT001C__014.DZT
0.184,0.045,2.654640768953266,3.1741124646371564,1.0,3,PROJECT001C__014.DZT
0.184,0.05,2.654640768953266,3.1740595001244167,1.0,3,PROJECT001C__014.DZT
0.184,0.05499999999999999,2.654640768953266,3.173987677595147,1.0,3,PROJECT001C__014.DZT
0.184,0.06,2.654640768953266,3.1738956673091647,1.0,3,PROJECT001C__014.DZT
0.184,0.065,2.654640768953266,3.1738605638422412,1.0,3,PROJECT001C__014.DZT
0.184,0.06999999999999999,2.654640768953266,3.1737453665953175,1.0,3,PROJECT001C__014.DZT
0.184,0.075,2.654640768953266,3.1735832381262887,1.0,3,PROJECT001C__014.DZT
0.184,0.08,2.654640768953266,3.173431210591296,1.0,3,PROJECT001C__014.DZT
0.184,0.085,2.654640768953266,3.1731697702353174,1.0,3,PROJECT001C__014.DZT
0.184,0.09000000000000001,2.654640768953266,3.17275922122522,1.0,3,PROJECT001C__014.DZT
0.184,0.09499999999999999,2.654640768953266,3.1723051792108183,1.0,3,PROJECT001C__014.DZT
0.184,0.09999999999999999,2.654640768953266,3.1717842452009886,1.0,3,PROJECT001C__014.DZT
0.184,0.105,2.654640768953266,3.171133971327942,1.0,3,PROJECT001C__014.DZT
0.184,0.11,2.654640768953266,3.1705694839772,1.0,3,PROJECT001C__014.DZT
0.184,0.115,2.654640768953266,3.169936443672413,1.0,3,PROJECT001C__014.DZT
0.184,0.12000000000000001,2.654640768953266,3.1692480946507042,1.0,3,PROJECT001C__014.DZT
0.184,0.125,2.654640768953266,3.168601270785229,1.0,3,PROJECT001C__014.DZT
0.184,0.13,2.654640768953266,3.1680614234323303,1.0,3,PROJECT001C__014.DZT
0.184,0.135,2.654640768953266,3.1675326532241233,1.0,3,PROJECT001C__014.DZT
0.184,0.14,2.654640768953266,3.1669398557887294,1.0,3,PROJECT001C__014.DZT
0.184,0.14500000000000002,2.654640768953266,3.1662744644979597,1.0,3,PROJECT001C__014.DZT
0.184,0.15000000000000002,2.654640768953266,3.1655602250572614,1.0,3,PROJECT001C__014.DZT
0.184,0.15500000000000003,2.654640768953266,3.1645373590313093,1.0,3,PROJECT001C__014.DZT
0.184,0.15999999999999998,2.654640768953266,3.1635018894338347,1.0,3,PROJECT001C__014.DZT
0.184,0.16499999999999998,2.654640768953266,3.1625243708187836,1.0,3,PROJECT001C__014.DZT
0.184,0.16999999999999998,2.654640768953266,3.1615366447364703,1.0,3,PROJECT001C__014.DZT
0.184,0.175,2.654640768953266,3.160378678178432,1.0,3,PROJECT001C__014.DZT
0.184,0.18,2.654640768953266,3.1592787914897094,1.0,3,PROJECT001C__014.DZT
0.184,0.185,2.654640768953266,3.158176592536604,1.0,3,PROJECT001C__014.DZT
0.184,0.19,2.654640768953266,3.156991853826663,1.0,3,PROJECT001C__014.DZT
0.184,0.195,2.654640768953266,3.1558972169612556,1.0,3,PROJECT001C__014.DZT
0.184,0.2,2.654640768953266,3.1548235460963525,1.0,3,PROJECT001C__014.DZT
0.184,0.20500000000000002,2.654640768953266,3.1537556953862325,1.0,3,PROJECT001C__014.DZT
0.184,0.21000000000000002,2.654640768953266,3.1524643032116137,1.0,3,PROJECT001C__014.DZT
0.184,0.21500000000000002,2.654640768953266,3.1510473121213107,1.0,3,PROJECT001C__014.DZT
0.184,0.22000000000000003,2.654640768953266,3.1496035044790958,1.0,3,PROJECT001C__014.DZT
0.184,0.22500000000000003,2.654640768953266,3.1479538830413216,1.0,3,PROJECT001C__014.DZT
0.184,0.23000000000000004,2.654640768953266,3.1463593317109777,1.0,3,PROJECT001C__014.DZT
0.184,0.23500000000000004,2.654640768953266,3.144755296006858,1.0,3,PROJECT001C__014.DZT
0.184,0.24,2.654640768953266,3.143127747508237,1.0,3,PROJECT001C__014.DZT
0.184,0.245,2.654640768953266,3.1413309078364624,1.0,3,PROJECT001C__014.DZT
0.184,0.25,2.654640768953266,3.1394959974186967,1.0,3,PROJECT001C__014.DZT
0.186,-0.05,2.5978586505284356,3.167650712403385,1.0,3,PROJECT001C__014.DZT
0.186,-0.045000000000000005,2.5978586505284356,3.1681538622204966,1.0,3,PROJECT001C__014.DZT
0.186,-0.04,2.5978586505284356,3.1685432594223126,1.0,3,PROJECT001C__014.DZT
0.186,-0.035,2.5978586505284356,3.168942894565724,1.0,3,PROJECT001C__014.DZT
0.186,-0.030000000000000002,2.5978586505284356,3.1692735058842345,1.0,3,PROJECT001C__014.DZT
0.186,-0.025,2.5978586505284356,3.169586674678387,1.0,3,PROJECT001C__014.DZT
0.186,-0.020000000000000004,2.5978586505284356,3.1698490375873054,1.0,3,PROJECT001C__014.DZT
0.186,-0.015,2.5978586505284356,3.170138299642074,1.0,3,PROJECT001C__014.DZT
0.186,-0.010000000000000002,2.5978586505284356,3.1704593012282167,1.0,3,PROJECT001C__014.DZT
0.186,-0.0050000000000000044,2.5978586505284356,3.1708011663515943,1.0,3,PROJECT001C__014.DZT
0.186,0.0,2.5978586505284356,3.171147562479638,1.0,3,PROJECT001C__014.DZT
0.186,0.0049999999999999975,2.5978586505284356,3.171584849360564,1.0,3,PROJECT001C__014.DZT
0.186,0.009999999999999995,2.5978586505284356,3.1719402963429277,1.0,3,PROJECT001C__014.DZT
0.186,0.015,2.5978586505284356,3.17223660827834,1.0,3,PROJECT001C__014.DZT
0.186,0.020000000000000004,2.5978586505284356,3.172519170528586,1.0,3,PROJECT001C__014.DZT
0.186,0.024999999999999994,2.5978586505284356,3.172814947441171,1.0,3,PROJECT001C__014.DZT
0.186,0.03,2.5978586505284356,3.172977531973044,1.0,3,PROJECT001C__014.DZT
0.186,0.035,2.5978586505284356,3.1731316841753636,1.0,3,PROJECT001C__014.DZT
0.186,0.039999999999999994,2.5978586505284356,3.173259890047104,1.0,3,PROJECT001C__014.DZT
0.186,0.045,2.5978586505284356,3.1733935550065673,1.0,3,PROJECT001C__014.DZT
0.186,0.05,2.5978586505284356,3.1734292830466555,1.0,3,PROJECT001C__014.DZT
0.186,0.05499999999999999,2.5978586505284356,3.1735249174918825,1.0,3,PROJECT001C__014.DZT
0.186,0.06,2.5978586505284356,3.1736394439051785,1.0,3,PROJECT001C__014.DZT
0.186,0.065,2.5978586505284356,3.173650448325445,1.0,3,PROJECT001C__014.DZT
0.186,0.06999999999999999,2.5978586505284356,3.173651041868947,1.0,3,PROJECT001C__014.DZT
0.186,0.075,2.5978586505284356,3.1735825629963887,1.0,3,PROJECT001C__014.DZT
0.186,0.08,2.5978586505284356,3.1735126237879734,1.0,3,PROJECT001C__014.DZT
0.186,0.085,2.5978586505284356,3.173486359035603,1.0,3,PROJECT001C__014.DZT
0.186,0.09000000000000001,2.5978586505284356,3.173395294692328,1.0,3,PROJECT001C__014.DZT
0.186,0.09499999999999999,2.5978586505284356,3.173265819728204,1.0,3,PROJECT001C__014.DZT
0.186,0.09999999999999999,2.5978586505284356,3.1730373362333117,1.0,3,PROJECT001C__014.DZT
0.186,0.105,2.5978586505284356,3.1727178704389796,1.0,3,PROJECT001C__014.DZT
0.186,0.11,2.5978586505284356,3.172313870501014,1.0,3,PROJECT001C__014.DZT
0.186,0.115,2.5978586505284356,3.1717711535132502,1.0,3,PROJECT001C__014.DZT
0.186,0.12000000000000001,2.5978586505284356,3.1712226015518414,1.0,3,PROJECT001C__014.DZT
0.186,0.125,2.5978586505284356,3.170659865781026,1.0,3,PROJECT001C__014.DZT
0.186,0.13,2.5978586505284356,3.169905796906573,1.0,3,PROJECT001C__014.DZT
0.186,0.135,2.5978586505284356,3.1692485953612812,1.0,3,PROJECT001C__014.DZT
0.186,0.14,2.5978586505284356,3.1686553202290546,1.0,3,PROJECT001C__014.DZT
0.186,0.14500000000000002,2.5978586505284356,3.168057736982575,1.0,3,PROJECT001C__014.DZT
0.186,0.15000000000000002,2.5978586505284356,3.1675446048904647,1.0,3,PROJECT001C__014.DZT
0.186,0.15500000000000003,2.5978586505284356,3.1670098661567807,1.0,3,PROJECT001C__014.DZT
0.186,0.15999999999999998,2.5978586505284356,3.166321688296696,1.0,3,PROJECT001C__014.DZT
0.186,0.16499999999999998,2.5978586505284356,3.165480709668371,1.0,3,PROJECT001C__014.DZT
0.186,0.16999999999999998,2.5978586505284356,3.1645043574481977,1.0,3,PROJECT001C__014.DZT
0.186,0.175,2.5978586505284356,3.1635103586875837,1.0,3,PROJECT001C__014.DZT
0.186,0.18,2.5978586505284356,3.1624129032470827,1.0,3,PROJECT001C__014.DZT
0.186,0.185,2.5978586505284356,3.161416798361429,1.0,3,PROJECT001C__014.DZT
0.186,0.19,2.5978586505284356,3.1603952959757415,1.0,3,PROJECT001C__014.DZT
0.186,0.195,2.5978586505284356,3.1591889662407557,1.0,3,PROJECT001C__014.DZT
0.186,0.2,2.5978586505284356,3.1580596880739784,1.0,3,PROJECT001C__014.DZT
0.186,0.20500000000000002,2.5978586505284356,3.157018971476491,1.0,3,PROJECT001C__014.DZT
0.186,0.21000000000000002,2.5978586505284356,3.155916482699905,1.0,3,PROJECT001C__014.DZT
0.186,0.21500000000000002,2.5978586505284356,3.1546956275290987,1.0,3,PROJECT001C__014.DZT
0.186,0.22000000000000003,2.5978586505284356,3.1534990027306065,1.0,3,PROJECT001C__014.DZT
0.186,0.22500000000000003,2.5978586505284356,3.152137172067246,1.0,3,PROJECT001C__014.DZT
0.186,0.23000000000000004,2.5978586505284356,3.1505096493162448,1.0,3,PROJECT001C__014.DZT
0.186,0.23500000000000004,2.5978586505284356,3.148913992211987,1.0,3,PROJECT001C__014.DZT
0.186,0.24,2.5978586505284356,3.1474098191519015,1.0,3,PROJECT001C__014.DZT
0.186,0.245,2.5978586505284356,3.1457697279038577,1.0,3,PROJECT001C__014.DZT
0.186,0.25,2.5978586505284356,3.1440386584275957,1.0,3,PROJECT001C__014.DZT
0.188,-0.05,2.542879070667772,3.16582143910086,1.0,3,PROJECT001C__014.DZT
0.188,-0.045000000000000005,2.542879070667772,3.1661464802782917,1.0,3,PROJECT001C__014.DZT
0.188,-0.04,2.542879070667772,3.166574504711093,1.0,3,PROJECT001C__014.DZT
0.188,-0.035,2.542879070667772,3.1670016561241154,1.0,3,PROJECT001C__014.DZT
0.188,-0.030000000000000002,2.542879070667772,3.1674543009387683,1.0,3,PROJECT001C__014.DZT
0.188,-0.025,2.542879070667772,3.167855061531215,1.0,3,PROJECT001C__014.DZT
0.188,-0.020000000000000004,2.542879070667772,3.168265960012929,1.0,3,PROJECT001C__014.DZT
0.188,-0.015,2.542879070667772,3.168609546252275,1.0,3,PROJECT001C__014.DZT
0.188,-0.010000000000000002,2.542879070667772,3.1690076277882446,1.0,3,PROJECT001C__014.DZT
0.188,-0.0050000000000000044,2.542879070667772,3.1692727224389725,1.0,3,PROJECT001C__014.DZT
0.188,0.0,2.542879070667772,3.1695817409365024,1.0,3,PROJECT001C__014.DZT
0.188,0.0049999999999999975,2.542879070667772,3.1698829571001195,1.0,3,PROJECT001C__014.DZT
0.188,0.009999999999999995,2.542879070667772,3.170202544955028,1.0,3,PROJECT001C__014.DZT
0.188,0.015,2.542879070667772,3.1705206804248025,1.0,3,PROJECT001C__014.DZT
0.188,0.020000000000000004,2.542879070667772,3.1709028061892788,1.0,3,PROJECT001C__014.DZT
0.188,0.024999999999999994,2.542879070667772,3.1712333547126925,1.0,3,PROJECT001C__014.DZT
0.188,0.03,2.542879070667772,3.171604563893045,1.0,3,PROJECT001C__014.DZT
0.188,0.035,2.542879070667772,3.1719302391076165,1.0,3,PROJECT001C__014.DZT
0.188,0.039999999999999994,2.542879070667772,3.1722367073307107,1.0,3,PROJECT001C__014.DZT
0.188,0.045,2.542879070667772,3.1724020696326405,1.0,3,PROJECT001C__014.DZT
0.188,0.05,2.542879070667772,3.1725963758965823,1.0,3,PROJECT001C__014.DZT
0.188,0.05499999999999999,2.542879070667772,3.1727347327466173,1.0,3,PROJECT001C__014.DZT
0.188,0.06,2.542879070667772,3.1728388788121435,1.0,3,PROJECT001C__014.DZT
0.188,0.065,2.542879070667772,3.1728975206834282,1.0,3,PROJECT001C__014.DZT
0.188,0.06999999999999999,2.542879070667772,3.173006950146771,1.0,3,PROJECT001C__014.DZT
0.188,0.075,2.542879070667772,3.173083710983023,1.0,3,PROJECT001C__014.DZT
0.188,0.08,2.542879070667772,3.173124272876603,1.0,3,PROJECT001C__014.DZT
0.188,0.085,2.542879070667772,3.173210243640591,1.0,3,PROJECT001C__014.DZT
0.188,0.09000000000000001,2.542879070667772,3.173187908036587,1.0,3,PROJECT001C__014.DZT
0.188,0.09499999999999999,2.542879070667772,3.1731417408294043,1.0,3,PROJECT001C__014.DZT
0.188,0.09999999999999999,2.542879070667772,3.173132706635265,1.0,3,PROJECT001C__014.DZT
0.188,0.105,2.542879070667772,3.173052184643833,1.0,3,PROJECT001C__014.DZT
0.188,0.11,2.542879070667772,3.1729056715600614,1.0,3,PROJECT001C__014.DZT
0.188,0.115,2.542879070667772,3.172771300508202,1.0,3,PROJECT001C__014.DZT
0.188,0.12000000000000001,2.542879070667772,3.1724613299639888,1.0,3,PROJECT001C__014.DZT
0.188,0.125,2.542879070667772,3.1720587213566858,1.0,3,PROJECT001C__014.DZT
0.188,0.13,2.542879070667772,3.1715970396443365,1.0,3,PROJECT001C__014.DZT
0.188,0.135,2.542879070667772,3.1711253128594152,1.0,3,PROJECT001C__014.DZT
0.188,0.14,2.542879070667772,3.170548135162744,1.0,3,PROJECT001C__014.DZT
0.188,0.14500000000000002,2.542879070667772,3.1699063949285993,1.0,3,PROJECT001C__014.DZT
0.188,0.15000000000000002,2.542879070667772,3.169279506976306,1.0,3,PROJECT001C__014.DZT
0.188,0.15500000000000003,2.542879070667772,3.1685858476466677,1.0,3,PROJECT001C__014.DZT
0.188,0.15999999999999998,2.542879070667772,3.1680204987421132,1.0,3,PROJECT001C__014.DZT
0.188,0.16499999999999998,2.542879070667772,3.167543739899156,1.0,3,PROJECT001C__014.DZT
0.188,0.16999999999999998,2.542879070667772,3.166934643000842,1.0,3,PROJECT001C__014.DZT
0.188,0.175,2.542879070667772,3.1661362906966724,1.0,3,PROJECT001C__014.DZT
0.188,0.18,2.542879070667772,3.1653230308537927,1.0,3,PROJECT001C__014.DZT
0.188,0.185,2.542879070667772,3.1643259980192835,1.0,3,PROJECT001C__014.DZT
0.188,0.19,2.542879070667772,3.163318263104275,1.0,3,PROJECT001C__014.DZT
0.188,0.195,2.542879070667772,3.162351786005144,1.0,3,PROJECT001C__014.DZT
0.188,0.2,2.542879070667772,3.1612861754159742,1.0,3,PROJECT001C__014.DZT
0.188,0.20500000000000002,2.542879070667772,3.160090764963885,1.0,3,PROJECT001C__014.DZT
0.188,0.21000000000000002,2.542879070667772,3.158984757204904,1.0,3,PROJECT001C__014.DZT
0.188,0.21500000000000002,2.542879070667772,3.1579002517978587,1.0,3,PROJECT001C__014.DZT
0.188,0.22000000000000003,2.542879070667772,3.156792512529359,1.0,3,PROJECT001C__014.DZT
0.188,0.22500000000000003,2.542879070667772,3.155704472623121,1.0,3,PROJECT001C__014.DZT
0.188,0.23000000000000004,2.542879070667772,3.154533026919916,1.0,3,PROJECT001C__014.DZT
0.188,0.23500000000000004,2.542879070667772,3.153138695623252,1.0,3,PROJECT001C__014.DZT
0.188,0.24,2.542879070667772,3.151595549177605,1.0,3,PROJECT001C__014.DZT
0.188,0.245,2.542879070667772,3.150005655972072,1.0,3,PROJECT001C__014.DZT
0.188,0.25,2.542879070667772,3.1482584424965663,1.0,3,PROJECT001C__014.DZT
0.19,-0.05,2.4896265338970016,3.1647098975885406,1.0,3,PROJECT001C__014.DZT
0.19,-0.045000000000000005,2.4896265338970016,3.1649310348876316,1.0,3,PROJECT001C__014.DZT
0.19,-0.04,2.4896265338970016,3.165184839510864,1.0,3,PROJECT001C__014.DZT
0.19,-0.035,2.4896265338970016,3.1654737580108923,1.0,3,PROJECT001C__014.DZT
0.19,-0.030000000000000002,2.4896265338970016,3.165792061921415,1.0,3,PROJECT001C__014.DZT
0.19,-0.025,2.4896265338970016,3.1661741941197143,1.0,3,PROJECT001C__014.DZT
0.19,-0.020000000000000004,2.4896265338970016,3.1665670756724644,1.0,3,PROJECT001C__014.DZT
0.19,-0.015,2.4896265338970016,3.1669788797582252,1.0,3,PROJECT001C__014.DZT
0.19,-0.010000000000000002,2.4896265338970016,3.1673571857302,1.0,3,PROJECT001C__014.DZT
0.19,-0.0050000000000000044,2.4896265338970016,3.1677161114800483,1.0,3,PROJECT001C__014.DZT
0.19,0.0,2.4896265338970016,3.1680420760068313,1.0,3,PROJECT001C__014.DZT
0.19,0.0049999999999999975,2.4896265338970016,3.1683631241361034,1.0,3,PROJECT001C__014.DZT
0.19,0.009999999999999995,2.4896265338970016,3.168645269997741,1.0,3,PROJECT001C__014.DZT
0.19,0.015,2.4896265338970016,3.1690353917812186,1.0,3,PROJECT001C__014.DZT
0.19,0.020000000000000004,2.4896265338970016,3.169335331674189,1.0,3,PROJECT001C__014.DZT
0.19,0.024999999999999994,2.4896265338970016,3.169665755169604,1.0,3,PROJECT001C__014.DZT
0.19,0.03,2.4896265338970016,3.1700374453782394,1.0,3,PROJECT001C__014.DZT
0.19,0.035,2.4896265338970016,3.1703759480923286,1.0,3,PROJECT001C__014.DZT
0.19,0.039999999999999994,2.4896265338970016,3.1706965387694113,1.0,3,PROJECT001C__014.DZT
0.19,0.045,2.4896265338970016,3.1710268791630667,1.0,3,PROJECT001C__014.DZT
0.19,0.05,2.4896265338970016,3.1713375048331653,1.0,3,PROJECT001C__014.DZT
0.19,0.05499999999999999,2.4896265338970016,3.1716190555516715,1.0,3,PROJECT001C__014.DZT
0.19,0.06,2.4896265338970016,3.1718426698032167,1.0,3,PROJECT001C__014.DZT
0.19,0.065,2.4896265338970016,3.172002043434734,1.0,3,PROJECT001C__014.DZT
0.19,0.06999999999999999,2.4896265338970016,3.172192052262196,1.0,3,PROJECT001C__014.DZT
0.19,0.075,2.4896265338970016,3.1722995494814903,1.0,3,PROJECT001C__014.DZT
0.19,0.08,2.4896265338970016,3.1724130376315496,1.0,3,PROJECT001C__014.DZT
0.19,0.085,2.4896265338970016,3.1724642643634198,1.0,3,PROJECT001C__014.DZT
0.19,0.09000000000000001,2.4896265338970016,3.172579836953298,1.0,3,PROJECT001C__014.DZT
0.19,0.09499999999999999,2.4896265338970016,3.1726303233453783,1.0,3,PROJECT001C__014.DZT
0.19,0.09999999999999999,2.4896265338970016,3.172668747953725,1.0,3,PROJECT001C__014.DZT
0.19,0.105,2.4896265338970016,3.1726909246630313,1.0,3,PROJECT001C__014.DZT
0.19,0.11,2.4896265338970016,3.172737966034005,1.0,3,PROJECT001C__014.DZT
0.19,0.115,2.4896265338970016,3.172739496782466,1.0,3,PROJECT001C__014.DZT
0.19,0.12000000000000001,2.4896265338970016,3.1726472688226264,1.0,3,PROJECT001C__014.DZT
0.19,0.125,2.4896265338970016,3.1725078370917075,1.0,3,PROJECT001C__014.DZT
0.19,0.13,2.4896265338970016,3.172393031538094,1.0,3,PROJECT001C__014.DZT
0.19,0.135,2.4896265338970016,3.1720431660360124,1.0,3,PROJECT001C__014.DZT
0.19,0.14,2.4896265338970016,3.171641378975524,1.0,3,PROJECT001C__014.DZT
0.19,0.14500000000000002,2.4896265338970016,3.171277776237663,1.0,3,PROJECT001C__014.DZT
0.19,0.15000000000000002,2.4896265338970016,3.1707708751084014,1.0,3,PROJECT001C__014.DZT
0.19,0.15500000000000003,2.4896265338970016,3.1702512372137037,1.0,3,PROJECT001C__014.DZT
0.19,0.15999999999999998,2.4896265338970016,3.169750421260152,1.0,3,PROJECT001C__014.DZT
0.19,0.16499999999999998,2.4896265338970016,3.1691576919053426,1.0,3,PROJECT001C__014.DZT
0.19,0.16999999999999998,2.4896265338970016,3.1685293366949026,1.0,3,PROJECT001C__014.DZT
0.19,0.175,2.4896265338970016,3.1680179874514223,1.0,3,PROJECT001C__014.DZT
0.19,0.18,2.4896265338970016,3.167455288964433,1.0,3,PROJECT001C__014.DZT
0.19,0.185,2.4896265338970016,3.1667117296284872,1.0,3,PROJECT001C__014.DZT
0.19,0.19,2.4896265338970016,3.165921500011594,1.0,3,PROJECT001C__014.DZT
0.19,0.195,2.4896265338970016,3.1649508608831893,1.0,3,PROJECT001C__014.DZT
0.19,0.2,2.4896265338970016,3.163920307567265,1.0,3,PROJECT001C__014.DZT
0.19,0.20500000000000002,2.4896265338970016,3.163058133466762,1.0,3,PROJECT001C__014.DZT
0.19,0.21000000000000002,2.4896265338970016,3.162068776498669,1.0,3,PROJECT001C__014.DZT
0.19,0.21500000000000002,2.4896265338970016,3.1609627031922063,1.0,3,PROJECT001C__014.DZT
0.19,0.22000000000000003,2.4896265338970016,3.1598677348882034,1.0,3,PROJECT001C__014.DZT
0.19,0.22500000000000003,2.4896265338970016,3.158692584733196,1.0,3,PROJECT001C__014.DZT
0.19,0.23000000000000004,2.4896265338970016,3.1575583419510878,1.0,3,PROJECT001C__014.DZT
0.19,0.23500000000000004,2.4896265338970016,3.1564871591788073,1.0,3,PROJECT001C__014.DZT
0.19,0.24,2.4896265338970016,3.155348253095319,1.0,3,PROJECT001C__014.DZT
0.19,0.245,2.4896265338970016,3.1539858891432497,1.0,3,PROJECT001C__014.DZT
0.19,0.25,2.4896265338970016,3.1525230426991335,1.0,3,PROJECT001C__014.DZT
0.192,-0.05,2.438029456208815,3.1643372950859265,1.0,3,PROJECT001C__014.DZT
0.192,-0.045000000000000005,2.438029456208815,3.16456297113875,1.0,3,PROJECT001C__014.DZT
0.192,-0.04,2.438029456208815,3.1647246696763793,1.0,3,PROJECT001C__014.DZT
0.192,-0.035,2.438029456208815,3.164836280039374,1.0,3,PROJECT001C__014.DZT
0.192,-0.030000000000000002,2.438029456208815,3.1649082481064674,1.0,3,PROJECT001C__014.DZT
0.192,-0.025,2.438029456208815,3.165093863449437,1.0,3,PROJECT001C__014.DZT
0.192,-0.020000000000000004,2.438029456208815,3.165319357112383,1.0,3,PROJECT001C__014.DZT
0.192,-0.015,2.438029456208815,3.165579320335343,1.0,3,PROJECT001C__014.DZT
0.192,-0.010000000000000002,2.438029456208815,3.1658980803631116,1.0,3,PROJECT001C__014.DZT
0.192,-0.0050000000000000044,2.438029456208815,3.1663049489611423,1.0,3,PROJECT001C__014.DZT
0.192,0.0,2.438029456208815,3.166676848543711,1.0,3,PROJECT001C__014.DZT
0.192,0.0049999999999999975,2.438029456208815,3.1670420470263387,1.0,3,PROJECT001C__014.DZT
0.192,0.009999999999999995,2.438029456208815,3.167397902812961,1.0,3,PROJECT001C__014.DZT
0.192,0.015,2.438029456208815,3.1676885889447193,1.0,3,PROJECT001C__014.DZT
0.192,0.020000000000000004,2.438029456208815,3.1679348962493195,1.0,3,PROJECT001C__014.DZT
0.192,0.024999999999999994,2.438029456208815,3.16817354304353,1.0,3,PROJECT001C__014.DZT
0.192,0.03,2.438029456208815,3.168447592125132,1.0,3,PROJECT001C__014.DZT
0.192,0.035,2.438029456208815,3.168741278429321,1.0,3,PROJECT001C__014.DZT
0.192,0.039999999999999994,2.438029456208815,3.1691257688379064,1.0,3,PROJECT001C__014.DZT
0.192,0.045,2.438029456208815,3.1695104792067785,1.0,3,PROJECT001C__014.DZT
0.192,0.05,2.438029456208815,3.169859625411011,1.0,3,PROJECT001C__014.DZT
0.192,0.05499999999999999,2.438029456208815,3.1702519190698304,1.0,3,PROJECT001C__014.DZT
0.192,0.06,2.438029456208815,3.1706011106411736,1.0,3,PROJECT001C__014.DZT
0.192,0.065,2.438029456208815,3.1708779164459853,1.0,3,PROJECT001C__014.DZT
0.192,0.06999999999999999,2.438029456208815,3.1711174121538868,1.0,3,PROJECT001C__014.DZT
0.192,0.075,2.438029456208815,3.171322754798073,1.0,3,PROJECT001C__014.DZT
0.192,0.08,2.438029456208815,3.171424945976936,1.0,3,PROJECT001C__014.DZT
0.192,0.085,2.438029456208815,3.171570835495995,1.0,3,PROJECT001C__014.DZT
0.192,0.09000000000000001,2.438029456208815,3.1717264828004708,1.0,3,PROJECT001C__014.DZT
0.192,0.09499999999999999,2.438029456208815,3.17185317660978,1.0,3,PROJECT001C__014.DZT
0.192,0.09999999999999999,2.438029456208815,3.171952245152345,1.0,3,PROJECT001C__014.DZT
0.192,0.105,2.438029456208815,3.172048280005582,1.0,3,PROJECT001C__014.DZT
0.192,0.11,2.438029456208815,3.1721610656528667,1.0,3,PROJECT001C__014.DZT
0.192,0.115,2.438029456208815,3.1721765410703946,1.0,3,PROJECT001C__014.DZT
0.192,0.12000000000000001,2.438029456208815,3.1722230932197397,1.0,3,PROJECT001C__014.DZT
0.192,0.125,2.438029456208815,3.1722305579134855,1.0,3,PROJECT001C__014.DZT
0.192,0.13,2.438029456208815,3.1722504745322664,1.0,3,PROJECT001C__014.DZT
0.192,0.135,2.438029456208815,3.1721852288612826,1.0,3,PROJECT001C__014.DZT
0.192,0.14,2.438029456208815,3.1720603550136968,1.0,3,PROJECT001C__014.DZT
0.192,0.14500000000000002,2.438029456208815,3.1718481353168357,1.0,3,PROJECT001C__014.DZT
0.192,0.15000000000000002,2.438029456208815,3.1715387606040664,1.0,3,PROJECT001C__014.DZT
0.192,0.15500000000000003,2.438029456208815,3.171175967473745,1.0,3,PROJECT001C__014.DZT
0.192,0.15999999999999998,2.438029456208815,3.1707184942410502,1.0,3,PROJECT001C__014.DZT
0.192,0.16499999999999998,2.438029456208815,3.1702909859806496,1.0,3,PROJECT001C__014.DZT
0.192,0.16999999999999998,2.438029456208815,3.1698369944165514,1.0,3,PROJECT001C__014.DZT
0.192,0.175,2.438029456208815,3.169315750239331,1.0,3,PROJECT001C__014.DZT
0.192,0.18,2.438029456208815,3.168812030905169,1.0,3,PROJECT001C__014.DZT
0.192,0.185,2.438029456208815,3.1683780446912464,1.0,3,PROJECT001C__014.DZT
0.192,0.19,2.438029456208815,3.1678867313221395,1.0,3,PROJECT001C__014.DZT
0.192,0.195,2.438029456208815,3.16724141826183,1.0,3,PROJECT001C__014.DZT
0.192,0.2,2.438029456208815,3.1664808203187,1.0,3,PROJECT001C__014.DZT
0.192,0.20500000000000002,2.438029456208815,3.1655568344624925,1.0,3,PROJECT001C__014.DZT
0.192,0.21000000000000002,2.438029456208815,3.1644891553189356,1.0,3,PROJECT001C__014.DZT
0.192,0.21500000000000002,2.438029456208815,3.163567420180467,1.0,3,PROJECT001C__014.DZT
0.192,0.22000000000000003,2.438029456208815,3.162578809980204,1.0,3,PROJECT001C__014.DZT
0.192,0.22500000000000003,2.438029456208815,3.1615364553362135,1.0,3,PROJECT001C__014.DZT
0.192,0.23000000000000004,2.438029456208815,3.160517961103766,1.0,3,PROJECT001C__014.DZT
0.192,0.23500000000000004,2.438029456208815,3.1594191538461307,1.0,3,PROJECT001C__014.DZT
0.192,0.24,2.438029456208815,3.1583274270766464,1.0,3,PROJECT001C__014.DZT
0.192,0.245,2.438029456208815,3.1572383524956478,1.0,3,PROJECT001C__014.DZT
0.192,0.25,2.438029456208815,3.156040916239752,1.0,3,PROJECT001C__014.DZT
0.194,-0.05,2.388019924372456,3.163704722926217,1.0,3,PROJECT001C__014.DZT
0.194,-0.045000000000000005,2.388019924372456,3.1639067640685283,1.0,3,PROJECT001C__014.DZT
0.194,-0.04,2.388019924372456,3.1641380851856398,1.0,3,PROJECT001C__014.DZT
0.194,-0.035,2.388019924372456,3.1643720827958433,1.0,3,PROJECT001C__014.DZT
0.194,-0.030000000000000002,2.388019924372456,3.164624703011865,1.0,3,PROJECT001C__014.DZT
0.194,-0.025,2.388019924372456,3.1648392522886755,1.0,3,PROJECT001C__014.DZT
0.194,-0.020000000000000004,2.388019924372456,3.164972886983358,1.0,3,PROJECT001C__014.DZT
0.194,-0.015,2.388019924372456,3.1651060808811278,1.0,3,PROJECT001C__014.DZT
0.194,-0.010000000000000002,2.388019924372456,3.165270761616526,1.0,3,PROJECT001C__014.DZT
0.194,-0.0050000000000000044,2.388019924372456,3.1654044425903947,1.0,3,PROJECT001C__014.DZT
0.194,0.0,2.388019924372456,3.1655649034099738,1.0,3,PROJECT001C__014.DZT
0.194,0.0049999999999999975,2.388019924372456,3.165811690373706,1.0,3,PROJECT001C__014.DZT
0.194,0.009999999999999995,2.388019924372456,3.166137772791276,1.0,3,PROJECT001C__014.DZT
0.194,0.015,2.388019924372456,3.166456806003911,1.0,3,PROJECT001C__014.DZT
0.194,0.020000000000000004,2.388019924372456,3.166862676163122,1.0,3,PROJECT001C__014.DZT
0.194,0.024999999999999994,2.388019924372456,3.167190105549468,1.0,3,PROJECT001C__014.DZT
0.194,0.03,2.388019924372456,3.1674545316848275,1.0,3,PROJECT001C__014.DZT
0.194,0.035,2.388019924372456,3.167726686398327,1.0,3,PROJECT001C__014.DZT
0.194,0.039999999999999994,2.388019924372456,3.167937925108806,1.0,3,PROJECT001C__014.DZT
0.194,0.045,2.388019924372456,3.168127085753103,1.0,3,PROJECT001C__014.DZT
0.194,0.05,2.388019924372456,3.1683221075920307,1.0,3,PROJECT001C__014.DZT
0.194,0.05499999999999999,2.388019924372456,3.168617948860295,1.0,3,PROJECT001C__014.DZT
0.194,0.06,2.388019924372456,3.168959053460675,1.0,3,PROJECT001C__014.DZT
0.194,0.065,2.388019924372456,3.1693339738436883,1.0,3,PROJECT001C__014.DZT
0.194,0.06999999999999999,2.388019924372456,3.1697540325365097,1.0,3,PROJECT001C__014.DZT
0.194,0.075,2.388019924372456,3.170150439086051,1.0,3,PROJECT001C__014.DZT
0.194,0.08,2.388019924372456,3.170462144388379,1.0,3,PROJECT001C__014.DZT
0.194,0.085,2.388019924372456,3.1707475121631887,1.0,3,PROJECT001C__014.DZT
0.194,0.09000000000000001,2.388019924372456,3.170903626948802,1.0,3,PROJECT001C__014.DZT
0.194,0.09499999999999999,2.388019924372456,3.1709665278991856,1.0,3,PROJECT001C__014.DZT
0.194,0.09999999999999999,2.388019924372456,3.1710938312701935,1.0,3,PROJECT001C__014.DZT
0.194,0.105,2.388019924372456,3.171152984720301,1.0,3,PROJECT001C__014.DZT
0.194,0.11,2.388019924372456,3.1712031091744457,1.0,3,PROJECT001C__014.DZT
0.194,0.115,2.388019924372456,3.171379975601191,1.0,3,PROJECT001C__014.DZT
0.194,0.12000000000000001,2.388019924372456,3.1715325362268474,1.0,3,PROJECT001C__014.DZT
0.194,0.125,2.388019924372456,3.1715901869576015,1.0,3,PROJECT001C__014.DZT
0.194,0.13,2.388019924372456,3.17171308748528,1.0,3,PROJECT001C__014.DZT
0.194,0.135,2.388019924372456,3.1717800363898796,1.0,3,PROJECT001C__014.DZT
0.194,0.14,2.388019924372456,3.17178501104439,1.0,3,PROJECT001C__014.DZT
0.194,0.14500000000000002,2.388019924372456,3.1717422601312713,1.0,3,PROJECT001C__014.DZT
0.194,0.15000000000000002,2.388019924372456,3.171680315237412,1.0,3,PROJECT001C__014.DZT
0.194,0.15500000000000003,2.388019924372456,3.1715294451815903,1.0,3,PROJECT001C__014.DZT
0.194,0.15999999999999998,2.388019924372456,3.1712619447686676,1.0,3,PROJECT001C__014.DZT
0.194,0.16499999999999998,2.388019924372456,3.1709590413387025,1.0,3,PROJECT001C__014.DZT
0.194,0.16999999999999998,2.388019924372456,3.170555169603395,1.0,3,PROJECT001C__014.DZT
0.194,0.175,2.388019924372456,3.1701398828109375,1.0,3,PROJECT001C__014.DZT
0.194,0.18,2.388019924372456,3.1697499719167084,1.0,3,PROJECT001C__014.DZT
0.194,0.185,2.388019924372456,3.1692929112142068,1.0,3,PROJECT001C__014.DZT
0.194,0.19,2.388019924372456,3.1688104357420053,1.0,3,PROJECT001C__014.DZT
0.194,0.195,2.388019924372456,3.168351161779308,1.0,3,PROJECT001C__014.DZT
0.194,0.2,2.388019924372456,3.1679780775720237,1.0,3,PROJECT001C__014.DZT
0.194,0.20500000000000002,2.388019924372456,3.1675257134767527,1.0,3,PROJECT001C__014.DZT
0.194,0.21000000000000002,2.388019924372456,3.166862437670608,1.0,3,PROJECT001C__014.DZT
0.194,0.21500000000000002,2.388019924372456,3.166027273313625,1.0,3,PROJECT001C__014.DZT
0.194,0.22000000000000003,2.388019924372456,3.1650276801584636,1.0,3,PROJECT001C__014.DZT
0.194,0.22500000000000003,2.388019924372456,3.164074249228656,1.0,3,PROJECT001C__014.DZT
0.194,0.23000000000000004,2.388019924372456,3.1630713766584617,1.0,3,PROJECT001C__014.DZT
0.194,0.23500000000000004,2.388019924372456,3.162050763556191,1.0,3,PROJECT001C__014.DZT
0.194,0.24,2.388019924372456,3.1609922171672937,1.0,3,PROJECT001C__014.DZT
0.194,0.245,2.388019924372456,3.1598661736118383,1.0,3,PROJECT001C__014.DZT
0.194,0.25,2.388019924372456,3.1588554341901367,1.0,3,PROJECT001C__014.DZT
0.196,-0.05,2.339533472346984,3.163323855837598,1.0,3,PROJECT001C__014.DZT
0.196,-0.045000000000000005,2.339533472346984,3.163574176558219,1.0,3,PROJECT001C__014.DZT
0.196,-0.04,2.339533472346984,3.163798475300773,1.0,3,PROJECT001C__014.DZT
0.196,-0.035,2.339533472346984,3.1639670476459743,1.0,3,PROJECT001C__014.DZT
0.196,-0.030000000000000002,2.339533472346984,3.1641157414316976,1.0,3,PROJECT001C__014.DZT
0.196,-0.025,2.339533472346984,3.164263103393036,1.0,3,PROJECT001C__014.DZT
0.196,-0.020000000000000004,2.339533472346984,3.1644522303889566,1.0,3,PROJECT001C__014.DZT
0.196,-0.015,2.339533472346984,3.1646727723963113,1.0,3,PROJECT001C__014.DZT
0.196,-0.010000000000000002,2.339533472346984,3.1648867342964997,1.0,3,PROJECT001C__014.DZT
0.196,-0.0050000000000000044,2.339533472346984,3.1650775780487366,1.0,3,PROJECT001C__014.DZT
0.196,0.0,2.339533472346984,3.165269731115943,1.0,3,PROJECT001C__014.DZT
0.196,0.0049999999999999975,2.339533472346984,3.1654239308690513,1.0,3,PROJECT001C__014.DZT
0.196,0.009999999999999995,2.339533472346984,3.1656301911759823,1.0,3,PROJECT001C__014.DZT
0.196,0.015,2.339533472346984,3.1657899277712627,1.0,3,PROJECT001C__014.DZT
0.196,0.020000000000000004,2.339533472346984,3.165989869506818,1.0,3,PROJECT001C__014.DZT
0.196,0.024999999999999994,2.339533472346984,3.166170485136449,1.0,3,PROJECT001C__014.DZT
0.196,0.03,2.339533472346984,3.166458938213827,1.0,3,PROJECT001C__014.DZT
0.196,0.035,2.339533472346984,3.1667600885044167,1.0,3,PROJECT001C__014.DZT
0.196,0.039999999999999994,2.339533472346984,3.1670273701879332,1.0,3,PROJECT001C__014.DZT
0.196,0.045,2.339533472346984,3.1673291048576755,1.0,3,PROJECT001C__014.DZT
0.196,0.05,2.339533472346984,3.1675888446757985,1.0,3,PROJECT001C__014.DZT
0.196,0.05499999999999999,2.339533472346984,3.167765248989808,1.0,3,PROJECT001C__014.DZT
0.196,0.06,2.339533472346984,3.1679974302297538,1.0,3,PROJECT001C__014.DZT
0.196,0.065,2.339533472346984,3.1681936946930853,1.0,3,PROJECT001C__014.DZT
0.196,0.06999999999999999,2.339533472346984,3.168365652414643,1.0,3,PROJECT001C__014.DZT
0.196,0.075,2.339533472346984,3.1685641499748236,1.0,3,PROJECT001C__014.DZT
0.196,0.08,2.339533472346984,3.168899477086802,1.0,3,PROJECT001C__014.DZT
0.196,0.085,2.339533472346984,3.169264113485967,1.0,3,PROJECT001C__014.DZT
0.196,0.09000000000000001,2.339533472346984,3.1696112540000456,1.0,3,PROJECT001C__014.DZT
0.196,0.09499999999999999,2.339533472346984,3.1700237509694627,1.0,3,PROJECT001C__014.DZT
0.196,0.09999999999999999,2.339533472346984,3.1703224518713733,1.0,3,PROJECT001C__014.DZT
0.196,0.105,2.339533472346984,3.1704655277804523,1.0,3,PROJECT001C__014.DZT
0.196,0.11,2.339533472346984,3.170617853265362,1.0,3,PROJECT001C__014.DZT
0.196,0.115,2.339533472346984,3.1707249553937213,1.0,3,PROJECT001C__014.DZT
0.196,0.12000000000000001,2.339533472346984,3.170716238001205,1.0,3,PROJECT001C__014.DZT
0.196,0.125,2.339533472346984,3.1707235436730294,1.0,3,PROJECT001C__014.DZT
0.196,0.13,2.339533472346984,3.1707809184414635,1.0,3,PROJECT001C__014.DZT
0.196,0.135,2.339533472346984,3.170889523248375,1.0,3,PROJECT001C__014.DZT
0.196,0.14,2.339533472346984,3.1710088649669,1.0,3,PROJECT001C__014.DZT
0.196,0.14500000000000002,2.339533472346984,3.1711812425192107,1.0,3,PROJECT001C__014.DZT
0.196,0.15000000000000002,2.339533472346984,3.171272700627082,1.0,3,PROJECT001C__014.DZT
0.196,0.15500000000000003,2.339533472346984,3.1713050221160937,1.0,3,PROJECT001C__014.DZT
0.196,0.15999999999999998,2.339533472346984,3.171299456224814,1.0,3,PROJECT001C__014.DZT
0.196,0.16499999999999998,2.339533472346984,3.171134077361735,1.0,3,PROJECT001C__014.DZT
0.196,0.16999999999999998,2.339533472346984,3.1709524456896028,1.0,3,PROJECT001C__014.DZT
0.196,0.175,2.339533472346984,3.1706224899177555,1.0,3,PROJECT001C__014.DZT
0.196,0.18,2.339533472346984,3.1702197783343524,1.0,3,PROJECT001C__014.DZT
0.196,0.185,2.339533472346984,3.169867839307034,1.0,3,PROJECT001C__014.DZT
0.196,0.19,2.339533472346984,3.1695119971082892,1.0,3,PROJECT001C__014.DZT
0.196,0.195,2.339533472346984,3.1690972969204125,1.0,3,PROJECT001C__014.DZT
0.196,0.2,2.339533472346984,3.168668426754218,1.0,3,PROJECT001C__014.DZT
0.196,0.20500000000000002,2.339533472346984,3.1682722532838383,1.0,3,PROJECT001C__014.DZT
0.196,0.21000000000000002,2.339533472346984,3.1678589916731776,1.0,3,PROJECT001C__014.DZT
0.196,0.21500000000000002,2.339533472346984,3.1674386978021833,1.0,3,PROJECT001C__014.DZT
0.196,0.22000000000000003,2.339533472346984,3.166938208156781,1.0,3,PROJECT001C__014.DZT
0.196,0.22500000000000003,2.339533472346984,3.166190868061386,1.0,3,PROJECT001C__014.DZT
0.196,0.23000000000000004,2.339533472346984,3.16528673864634,1.0,3,PROJECT001C__014.DZT
0.196,0.23500000000000004,2.339533472346984,3.1644022633138817,1.0,3,PROJECT001C__014.DZT
0.196,0.24,2.339533472346984,3.163452641798734,1.0,3,PROJECT001C__014.DZT
0.196,0.245,2.339533472346984,3.1624659741385432,1.0,3,PROJECT001C__014.DZT
0.196,0.25,2.339533472346984,3.161442890681997,1.0,3,PROJECT001C__014.DZT
0.198,-0.05,2.2925088734231647,3.1625533014909766,1.0,3,PROJECT001C__014.DZT
0.198,-0.045000000000000005,2.2925088734231647,3.162842757239187,1.0,3,PROJECT001C__014.DZT
0.198,-0.04,2.2925088734231647,3.1631281641687714,1.0,3,PROJECT001C__014.DZT
0.198,-0.035,2.2925088734231647,3.1634035948519585,1.0,3,PROJECT001C__014.DZT
0.198,-0.030000000000000002,2.2925088734231647,3.1637259289423025,1.0,3,PROJECT001C__014.DZT
0.198,-0.025,2.2925088734231647,3.1640272231724573,1.0,3,PROJECT001C__014.DZT
0.198,-0.020000000000000004,2.2925088734231647,3.164207258092526,1.0,3,PROJECT001C__014.DZT
0.198,-0.015,2.2925088734231647,3.1643669084364103,1.0,3,PROJECT001C__014.DZT
0.198,-0.010000000000000002,2.2925088734231647,3.1645584345178457,1.0,3,PROJECT001C__014.DZT
0.198,-0.0050000000000000044,2.2925088734231647,3.1647122745847924,1.0,3,PROJECT001C__014.DZT
0.198,0.0,2.2925088734231647,3.164835313029681,1.0,3,PROJECT001C__014.DZT
0.198,0.0049999999999999975,2.2925088734231647,3.1650114578906545,1.0,3,PROJECT001C__014.DZT
0.198,0.009999999999999995,2.2925088734231647,3.165180428096292,1.0,3,PROJECT001C__014.DZT
0.198,0.015,2.2925088734231647,3.1653415264313303,1.0,3,PROJECT001C__014.DZT
0.198,0.020000000000000004,2.2925088734231647,3.165559330856675,1.0,3,PROJECT001C__014.DZT
0.198,0.024999999999999994,2.2925088734231647,3.165839992412582,1.0,3,PROJECT001C__014.DZT
0.198,0.03,2.2925088734231647,3.1660196137028684,1.0,3,PROJECT001C__014.DZT
0.198,0.035,2.2925088734231647,3.1662357910533765,1.0,3,PROJECT001C__014.DZT
0.198,0.039999999999999994,2.2925088734231647,3.166460349640269,1.0,3,PROJECT001C__014.DZT
0.198,0.045,2.2925088734231647,3.166678434198687,1.0,3,PROJECT001C__014.DZT
0.198,0.05,2.2925088734231647,3.166854896063071,1.0,3,PROJECT001C__014.DZT
0.198,0.05499999999999999,2.2925088734231647,3.1670589185148668,1.0,3,PROJECT001C__014.DZT
0.198,0.06,2.2925088734231647,3.1673018266627704,1.0,3,PROJECT001C__014.DZT
0.198,0.065,2.2925088734231647,3.167462926292161,1.0,3,PROJECT001C__014.DZT
0.198,0.06999999999999999,2.2925088734231647,3.1676907265792824,1.0,3,PROJECT001C__014.DZT
0.198,0.075,2.2925088734231647,3.167923395095103,1.0,3,PROJECT001C__014.DZT
0.198,0.08,2.2925088734231647,3.168107011980165,1.0,3,PROJECT001C__014.DZT
0.198,0.085,2.2925088734231647,3.168323708091995,1.0,3,PROJECT001C__014.DZT
0.198,0.09000000000000001,2.2925088734231647,3.168521771829164,1.0,3,PROJECT001C__014.DZT
0.198,0.09499999999999999,2.2925088734231647,3.1686974965733135,1.0,3,PROJECT001C__014.DZT
0.198,0.09999999999999999,2.2925088734231647,3.168930313874945,1.0,3,PROJECT001C__014.DZT
0.198,0.105,2.2925088734231647,3.1692495324671213,1.0,3,PROJECT001C__014.DZT
0.198,0.11,2.2925088734231647,3.169555978861634,1.0,3,PROJECT001C__014.DZT
0.198,0.115,2.2925088734231647,3.1697830219925662,1.0,3,PROJECT001C__014.DZT
0.198,0.12000000000000001,2.2925088734231647,3.170007916666757,1.0,3,PROJECT001C__014.DZT
0.198,0.125,2.2925088734231647,3.1701998996655902,1.0,3,PROJECT001C__014.DZT
0.198,0.13,2.2925088734231647,3.170290346362815,1.0,3,PROJECT001C__014.DZT
0.198,0.135,2.2925088734231647,3.1703902345998216,1.0,3,PROJECT001C__014.DZT
0.198,0.14,2.2925088734231647,3.170400442609179,1.0,3,PROJECT001C__014.DZT
0.198,0.14500000000000002,2.2925088734231647,3.1703348140750336,1.0,3,PROJECT001C__014.DZT
0.198,0.15000000000000002,2.2925088734231647,3.1703600448180054,1.0,3,PROJECT001C__014.DZT
0.198,0.15500000000000003,2.2925088734231647,3.1704613163495132,1.0,3,PROJECT001C__014.DZT
0.198,0.15999999999999998,2.2925088734231647,3.1705526290322505,1.0,3,PROJECT001C__014.DZT
0.198,0.16499999999999998,2.2925088734231647,3.1706777325885276,1.0,3,PROJECT001C__014.DZT
0.198,0.16999999999999998,2.2925088734231647,3.170799715181429,1.0,3,PROJECT001C__014.DZT
0.198,0.175,2.2925088734231647,3.170706180563293,1.0,3,PROJECT001C__014.DZT
0.198,0.18,2.2925088734231647,3.1706114238504934,1.0,3,PROJECT001C__014.DZT
0.198,0.185,2.2925088734231647,3.1703773155727664,1.0,3,PROJECT001C__014.DZT
0.198,0.19,2.2925088734231647,3.1699459551980786,1.0,3,PROJECT001C__014.DZT
0.198,0.195,2.2925088734231647,3.169514615549731,1.0,3,PROJECT001C__014.DZT
0.198,0.2,2.2925088734231647,3.169087337614099,1.0,3,PROJECT001C__014.DZT
0.198,0.20500000000000002,2.2925088734231647,3.1687489764885455,1.0,3,PROJECT001C__014.DZT
0.198,0.21000000000000002,2.2925088734231647,3.1683901110580686,1.0,3,PROJECT001C__014.DZT
0.198,0.21500000000000002,2.2925088734231647,3.168020556764534,1.0,3,PROJECT001C__014.DZT
0.198,0.22000000000000003,2.2925088734231647,3.1676487334715424,1.0,3,PROJECT001C__014.DZT
0.198,0.22500000000000003,2.2925088734231647,3.1673013649059953,1.0,3,PROJECT001C__014.DZT
0.198,0.23000000000000004,2.2925088734231647,3.1668455699073417,1.0,3,PROJECT001C__014.DZT
0.198,0.23500000000000004,2.2925088734231647,3.1661103898676637,1.0,3,PROJECT001C__014.DZT
0.198,0.24,2.2925088734231647,3.165309659965588,1.0,3,PROJECT001C__014.DZT
0.198,0.245,2.2925088734231647,3.164428375864445,1.0,3,PROJECT001C__014.DZT
0.198,0.25,2.2925088734231647,3.1634861986106615,1.0,3,PROJECT001C__014.DZT
0.2,-0.05,2.246887946842044,3.1619811366852453,1.0,3,PROJECT001C__014.DZT
0.2,-0.045000000000000005,2.246887946842044,3.1622853726140296,1.0,3,PROJECT001C__014.DZT
0.2,-0.04,2.246887946842044,3.162584865677227,1.0,3,PROJECT001C__014.DZT
0.2,-0.035,2.246887946842044,3.1628547278689356,1.0,3,PROJECT001C__014.DZT
0.2,-0.030000000000000002,2.246887946842044,3.163086337076175,1.0,3,PROJECT001C__014.DZT
0.2,-0.025,2.246887946842044,3.163311144748256,1.0,3,PROJECT001C__014.DZT
0.2,-0.020000000000000004,2.246887946842044,3.16359104762687,1.0,3,PROJECT001C__014.DZT
0.2,-0.015,2.246887946842044,3.163881706492898,1.0,3,PROJECT001C__014.DZT
0.2,-0.010000000000000002,2.246887946842044,3.164165767085272,1.0,3,PROJECT001C__014.DZT
0.2,-0.0050000000000000044,2.246887946842044,3.1644055965811524,1.0,3,PROJECT001C__014.DZT
0.2,0.0,2.246887946842044,3.1646378221735474,1.0,3,PROJECT001C__014.DZT
0.2,0.0049999999999999975,2.246887946842044,3.1648124194260348,1.0,3,PROJECT001C__014.DZT
0.2,0.009999999999999995,2.246887946842044,3.1649890060129255,1.0,3,PROJECT001C__014.DZT
0.2,0.015,2.246887946842044,3.1651602449630674,1.0,3,PROJECT001C__014.DZT
0.2,0.020000000000000004,2.246887946842044,3.165305667372022,1.0,3,PROJECT001C__014.DZT
0.2,0.024999999999999994,2.246887946842044,3.165371771256131,1.0,3,PROJECT001C__014.DZT
0.2,0.03,2.246887946842044,3.1655121763242016,1.0,3,PROJECT001C__014.DZT
0.2,0.035,2.246887946842044,3.165718208109144,1.0,3,PROJECT001C__014.DZT
0.2,0.039999999999999994,2.246887946842044,3.165956784455313,1.0,3,PROJECT001C__014.DZT
0.2,0.045,2.246887946842044,3.1662064089131987,1.0,3,PROJECT001C__014.DZT
0.2,0.05,2.246887946842044,3.166504395784767,1.0,3,PROJECT001C__014.DZT
0.2,0.05499999999999999,2.246887946842044,3.1667439494387057,1.0,3,PROJECT001C__014.DZT
0.2,0.06,2.246887946842044,3.1669625504358545,1.0,3,PROJECT001C__014.DZT
0.2,0.065,2.246887946842044,3.1671727104698753,1.0,3,PROJECT001C__014.DZT
0.2,0.06999999999999999,2.246887946842044,3.1673178628760605,1.0,3,PROJECT001C__014.DZT
0.2,0.075,2.246887946842044,3.167396796867749,1.0,3,PROJECT001C__014.DZT
0.2,0.08,2.246887946842044,3.1675054463200074,1.0,3,PROJECT001C__014.DZT
0.2,0.085,2.246887946842044,3.1676670698368294,1.0,3,PROJECT001C__014.DZT
0.2,0.09000000000000001,2.246887946842044,3.167849256824395,1.0,3,PROJECT001C__014.DZT
0.2,0.09499999999999999,2.246887946842044,3.1680810913480104,1.0,3,PROJECT001C__014.DZT
0.2,0.09999999999999999,2.246887946842044,3.1683374448199753,1.0,3,PROJECT001C__014.DZT
0.2,0.105,2.246887946842044,3.168511619793211,1.0,3,PROJECT001C__014.DZT
0.2,0.11,2.246887946842044,3.1687145765451015,1.0,3,PROJECT001C__014.DZT
0.2,0.115,2.246887946842044,3.1688984748207627,1.0,3,PROJECT001C__014.DZT
0.2,0.12000000000000001,2.246887946842044,3.169063925337016,1.0,3,PROJECT001C__014.DZT
0.2,0.125,2.246887946842044,3.1692062691698557,1.0,3,PROJECT001C__014.DZT
0.2,0.13,2.246887946842044,3.1693651526069444,1.0,3,PROJECT001C__014.DZT
0.2,0.135,2.246887946842044,3.1694914593542287,1.0,3,PROJECT001C__014.DZT
0.2,0.14,2.246887946842044,3.1696644689787887,1.0,3,PROJECT001C__014.DZT
0.2,0.14500000000000002,2.246887946842044,3.169852199502582,1.0,3,PROJECT001C__014.DZT
0.2,0.15000000000000002,2.246887946842044,3.169951999829727,1.0,3,PROJECT001C__014.DZT
0.2,0.15500000000000003,2.246887946842044,3.1700079613420846,1.0,3,PROJECT001C__014.DZT
0.2,0.15999999999999998,2.246887946842044,3.1700615199515205,1.0,3,PROJECT001C__014.DZT
0.2,0.16499999999999998,2.246887946842044,3.1700000394152776,1.0,3,PROJECT001C__014.DZT
0.2,0.16999999999999998,2.246887946842044,3.1699764252770013,1.0,3,PROJECT001C__014.DZT
0.2,0.175,2.246887946842044,3.170056243554663,1.0,3,PROJECT001C__014.DZT
0.2,0.18,2.246887946842044,3.1701008289683905,1.0,3,PROJECT001C__014.DZT
0.2,0.185,2.246887946842044,3.170054799721017,1.0,3,PROJECT001C__014.DZT
0.2,0.19,2.246887946842044,3.1700738607533503,1.0,3,PROJECT001C__014.DZT
0.2,0.195,2.246887946842044,3.1699534239760134,1.0,3,PROJECT001C__014.DZT
0.2,0.2,2.246887946842044,3.1696198390865917,1.0,3,PROJECT001C__014.DZT
0.2,0.20500000000000002,2.246887946842044,3.1692918182653838,1.0,3,PROJECT001C__014.DZT
0.2,0.21000000000000002,2.246887946842044,3.16883269240377,1.0,3,PROJECT001C__014.DZT
0.2,0.21500000000000002,2.246887946842044,3.1683495398713224,1.0,3,PROJECT001C__014.DZT
0.2,0.22000000000000003,2.246887946842044,3.1679744433528754,1.0,3,PROJECT001C__014.DZT
0.2,0.22500000000000003,2.246887946842044,3.1675855783950975,1.0,3,PROJECT001C__014.DZT
0.2,0.23000000000000004,2.246887946842044,3.1672519393635596,1.0,3,PROJECT001C__014.DZT
0.2,0.23500000000000004,2.246887946842044,3.16699576588327,1.0,3,PROJECT001C__014.DZT
0.2,0.24,2.246887946842044,3.166594616966861,1.0,3,PROJECT001C__014.DZT
0.2,0.245,2.246887946842044,3.165957162462918,1.0,3,PROJECT001C__014.DZT
0.2,0.25,2.246887946842044,3.165230559582182,1.0,3,PROJECT001C__014.DZT
0.202,-0.05,2.202615377749283,3.1613213693020943,1.0,3,PROJECT001C__014.DZT
0.202,-0.045000000000000005,2.202615377749283,3.161618608984171,1.0,3,PROJECT001C__014.DZT
0.202,-0.04,2.202615377749283,3.1619395098848173,1.0,3,PROJECT001C__014.DZT
0.202,-0.035,2.202615377749283,3.1622187091275094,1.0,3,PROJECT001C__014.DZT
0.202,-0.030000000000000002,2.202615377749283,3.162523475132818,1.0,3,PROJECT001C__014.DZT
0.202,-0.025,2.202615377749283,3.1628312109561505,1.0,3,PROJECT001C__014.DZT
0.202,-0.020000000000000004,2.202615377749283,3.1631210529853084,1.0,3,PROJECT001C__014.DZT
0.202,-0.015,2.202615377749283,3.1633888716713385,1.0,3,PROJECT001C__014.DZT
0.202,-0.010000000000000002,2.202615377749283,3.1636561091916686,1.0,3,PROJECT001C__014.DZT
0.202,-0.0050000000000000044,2.202615377749283,3.163898771918275,1.0,3,PROJECT001C__014.DZT
0.202,0.0,2.202615377749283,3.1641294013328225,1.0,3,PROJECT001C__014.DZT
0.202,0.0049999999999999975,2.202615377749283,3.1643930190315674,1.0,3,PROJECT001C__014.DZT
0.202,0.009999999999999995,2.202615377749283,3.1646176922091613,1.0,3,PROJECT001C__014.DZT
0.202,0.015,2.202615377749283,3.1648266225415607,1.0,3,PROJECT001C__014.DZT
0.202,0.020000000000000004,2.202615377749283,3.1650475692537596,1.0,3,PROJECT001C__014.DZT
0.202,0.024999999999999994,2.202615377749283,3.165272110766703,1.0,3,PROJECT001C__014.DZT
0.202,0.03,2.202615377749283,3.1654473860617975,1.0,3,PROJECT001C__014.DZT
0.202,0.035,2.202615377749283,3.1656060174997163,1.0,3,PROJECT001C__014.DZT
0.202,0.039999999999999994,2.202615377749283,3.1657385471459887,1.0,3,PROJECT001C__014.DZT
0.202,0.045,2.202615377749283,3.1658296776070056,1.0,3,PROJECT001C__014.DZT
0.202,0.05,2.202615377749283,3.1659526732102523,1.0,3,PROJECT001C__014.DZT
0.202,0.05499999999999999,2.202615377749283,3.1661639968686743,1.0,3,PROJECT001C__014.DZT
0.202,0.06,2.202615377749283,3.166416681809453,1.0,3,PROJECT001C__014.DZT
0.202,0.065,2.202615377749283,3.1666699225666517,1.0,3,PROJECT001C__014.DZT
0.202,0.06999999999999999,2.202615377749283,3.1669919429112103,1.0,3,PROJECT001C__014.DZT
0.202,0.075,2.202615377749283,3.1672927249018756,1.0,3,PROJECT001C__014.DZT
0.202,0.08,2.202615377749283,3.1674561445338365,1.0,3,PROJECT001C__014.DZT
0.202,0.085,2.202615377749283,3.167629198086008,1.0,3,PROJECT001C__014.DZT
0.202,0.09000000000000001,2.202615377749283,3.167724006760949,1.0,3,PROJECT001C__014.DZT
0.202,0.09499999999999999,2.202615377749283,3.167746800533068,1.0,3,PROJECT001C__014.DZT
0.202,0.09999999999999999,2.202615377749283,3.167770178596785,1.0,3,PROJECT001C__014.DZT
0.202,0.105,2.202615377749283,3.167920353923065,1.0,3,PROJECT001C__014.DZT
0.202,0.11,2.202615377749283,3.168113624314687,1.0,3,PROJECT001C__014.DZT
0.202,0.115,2.202615377749283,3.16830289783826,1.0,3,PROJECT001C__014.DZT
0.202,0.12000000000000001,2.202615377749283,3.1685640513767868,1.0,3,PROJECT001C__014.DZT
0.202,0.125,2.202615377749283,3.168790542404926,1.0,3,PROJECT001C__014.DZT
0.202,0.13,2.202615377749283,3.1689226647175293,1.0,3,PROJECT001C__014.DZT
0.202,0.135,2.202615377749283,3.1691055543664945,1.0,3,PROJECT001C__014.DZT
0.202,0.14,2.202615377749283,3.169138188761577,1.0,3,PROJECT001C__014.DZT
0.202,0.14500000000000002,2.202615377749283,3.1690743292292005,1.0,3,PROJECT001C__014.DZT
0.202,0.15000000000000002,2.202615377749283,3.1691048441358998,1.0,3,PROJECT001C__014.DZT
0.202,0.15500000000000003,2.202615377749283,3.1692215639442693,1.0,3,PROJECT001C__014.DZT
0.202,0.15999999999999998,2.202615377749283,3.169313043066985,1.0,3,PROJECT001C__014.DZT
0.202,0.16499999999999998,2.202615377749283,3.1694494741768167,1.0,3,PROJECT001C__014.DZT
0.202,0.16999999999999998,2.202615377749283,3.169603361790717,1.0,3,PROJECT001C__014.DZT
0.202,0.175,2.202615377749283,3.1696354484541573,1.0,3,PROJECT001C__014.DZT
0.202,0.18,2.202615377749283,3.169693671836533,1.0,3,PROJECT001C__014.DZT
0.202,0.185,2.202615377749283,3.169697520312957,1.0,3,PROJECT001C__014.DZT
0.202,0.19,2.202615377749283,3.169610183865815,1.0,3,PROJECT001C__014.DZT
0.202,0.195,2.202615377749283,3.1695072794240815,1.0,3,PROJECT001C__014.DZT
0.202,0.2,2.202615377749283,3.169428334116446,1.0,3,PROJECT001C__014.DZT
0.202,0.20500000000000002,2.202615377749283,3.1692773569953268,1.0,3,PROJECT001C__014.DZT
0.202,0.21000000000000002,2.202615377749283,3.1691026754009513,1.0,3,PROJECT001C__014.DZT
0.202,0.21500000000000002,2.202615377749283,3.168840780785707,1.0,3,PROJECT001C__014.DZT
0.202,0.22000000000000003,2.202615377749283,3.1684610735676473,1.0,3,PROJECT001C__014.DZT
0.202,0.22500000000000003,2.202615377749283,3.1681129360506968,1.0,3,PROJECT001C__014.DZT
0.202,0.23000000000000004,2.202615377749283,3.167728016074421,1.0,3,PROJECT001C__014.DZT
0.202,0.23500000000000004,2.202615377749283,3.167166586305212,1.0,3,PROJECT001C__014.DZT
0.202,0.24,2.202615377749283,3.166807243910959,1.0,3,PROJECT001C__014.DZT
0.202,0.245,2.202615377749283,3.166530925634825,1.0,3,PROJECT001C__014.DZT
0.202,0.25,2.202615377749283,3.166089769041941,1.0,3,PROJECT001C__014.DZT
0.20400000000000001,-0.05,2.1596385494444865,3.16091189192459,1.0,3,PROJECT001C__014.DZT
0.20400000000000001,-0.045000000000000005,2.1596385494444865,3.1611761548651547,1.0,3,PROJECT001C__014.DZT
0.20400000000000001,-0.04,2.1596385494444865,3.161441132392893,1.0,3,PROJECT001C__014.DZT
0.20400000000000001,-0.035,2.1596385494444865,3.161747257866743,1.0,3,PROJECT001C__014.DZT
0.20400000000000001,-0.030000000000000002,2.1596385494444865,3.1620247973207243,1.0,3,PROJECT001C__014.DZT
0.20400000000000001,-0.025,2.1596385494444865,3.162289120226242,1.0,3,PROJECT001C__014.DZT
0.20400000000000001,-0.020000000000000004,2.1596385494444865,3.162519459649522,1.0,3,PROJECT001C__014.DZT
0.20400000000000001,-0.015,2.1596385494444865,3.1628099967862773,1.0,3,PROJECT001C__014.DZT
0.20400000000000001,-0.010000000000000002,2.1596385494444865,3.1631137851295663,1.0,3,PROJECT001C__014.DZT
0.20400000000000001,-0.0050000000000000044,2.1596385494444865,3.163381143022594,1.0,3,PROJECT001C__014.DZT
0.20400000000000001,0.0,2.1596385494444865,3.1636933396393805,1.0,3,PROJECT001C__014.DZT
0.20400000000000001,0.0049999999999999975,2.1596385494444865,3.163960870545095,1.0,3,PROJECT001C__014.DZT
0.20400000000000001,0.009999999999999995,2.1596385494444865,3.164250836371601,1.0,3,PROJECT001C__014.DZT
0.20400000000000001,0.015,2.1596385494444865,3.164490505886674,1.0,3,PROJECT001C__014.DZT
0.20400000000000001,0.020000000000000004,2.1596385494444865,3.164760952195986,1.0,3,PROJECT001C__014.DZT
0.20400000000000001,0.024999999999999994,2.1596385494444865,3.1649045933439415,1.0,3,PROJECT001C__014.DZT
0.20400000000000001,0.03,2.1596385494444865,3.1650917498788993,1.0,3,PROJECT001C__014.DZT
0.20400000000000001,0.035,2.1596385494444865,3.1652855872787065,1.0,3,PROJECT001C__014.DZT
0.20400000000000001,0.039999999999999994,2.1596385494444865,3.1655206404292073,1.0,3,PROJECT001C__014.DZT
0.20400000000000001,0.045,2.1596385494444865,3.1657219554043627,1.0,3,PROJECT001C__014.DZT
0.20400000000000001,0.05,2.1596385494444865,3.165903223319797,1.0,3,PROJECT001C__014.DZT
0.20400000000000001,0.05499999999999999,2.1596385494444865,3.1660444532168097,1.0,3,PROJECT001C__014.DZT
0.20400000000000001,0.06,2.1596385494444865,3.166172097178896,1.0,3,PROJECT001C__014.DZT
0.20400000000000001,0.065,2.1596385494444865,3.166353406340787,1.0,3,PROJECT001C__014.DZT
0.20400000000000001,0.06999999999999999,2.1596385494444865,3.166500075633318,1.0,3,PROJECT001C__014.DZT
0.20400000000000001,0.075,2.1596385494444865,3.166680297493674,1.0,3,PROJECT001C__014.DZT
0.20400000000000001,0.08,2.1596385494444865,3.166950634593533,1.0,3,PROJECT001C__014.DZT
0.20400000000000001,0.085,2.1596385494444865,3.167240256014685,1.0,3,PROJECT001C__014.DZT
0.20400000000000001,0.09000000000000001,2.1596385494444865,3.167510841599444,1.0,3,PROJECT001C__014.DZT
0.20400000000000001,0.09499999999999999,2.1596385494444865,3.167763271503708,1.0,3,PROJECT001C__014.DZT
0.20400000000000001,0.09999999999999999,2.1596385494444865,3.1679473037058123,1.0,3,PROJECT001C__014.DZT
0.20400000000000001,0.105,2.1596385494444865,3.1680004754385056,1.0,3,PROJECT001C__014.DZT
0.20400000000000001,0.11,2.1596385494444865,3.168068061438454,1.0,3,PROJECT001C__014.DZT
0.20400000000000001,0.115,2.1596385494444865,3.16812256132688,1.0,3,PROJECT001C__014.DZT
0.20400000000000001,0.12000000000000001,2.1596385494444865,3.1681275629229493,1.0,3,PROJECT001C__014.DZT
0.20400000000000001,0.125,2.1596385494444865,3.1682352369624915,1.0,3,PROJECT001C__014.DZT
0.20400000000000001,0.13,2.1596385494444865,3.1684206166557836,1.0,3,PROJECT001C__014.DZT
0.20400000000000001,0.135,2.1596385494444865,3.168590531477039,1.0,3,PROJECT001C__014.DZT
0.20400000000000001,0.14,2.1596385494444865,3.1688188886865105,1.0,3,PROJECT001C__014.DZT
0.20400000000000001,0.14500000000000002,2.1596385494444865,3.169041124488247,1.0,3,PROJECT001C__014.DZT
0.20400000000000001,0.15000000000000002,2.1596385494444865,3.1691086726110327,1.0,3,PROJECT001C__014.DZT
0.20400000000000001,0.15500000000000003,2.1596385494444865,3.1690858292331217,1.0,3,PROJECT001C__014.DZT
0.20400000000000001,0.15999999999999998,2.1596385494444865,3.169058204119834,1.0,3,PROJECT001C__014.DZT
0.20400000000000001,0.16499999999999998,2.1596385494444865,3.168941835073509,1.0,3,PROJECT001C__014.DZT
0.20400000000000001,0.16999999999999998,2.1596385494444865,3.1688400695121905,1.0,3,PROJECT001C__014.DZT
0.20400000000000001,0.175,2.1596385494444865,3.1689093085747153,1.0,3,PROJECT001C__014.DZT
0.20400000000000001,0.18,2.1596385494444865,3.1689738244734347,1.0,3,PROJECT001C__014.DZT
0.20400000000000001,0.185,2.1596385494444865,3.169061781241385,1.0,3,PROJECT001C__014.DZT
0.20400000000000001,0.19,2.1596385494444865,3.1692315363386747,1.0,3,PROJECT001C__014.DZT
0.20400000000000001,0.195,2.1596385494444865,3.169332293828317,1.0,3,PROJECT001C__014.DZT
0.20400000000000001,0.2,2.1596385494444865,3.1693208400196617,1.0,3,PROJECT001C__014.DZT
0.20400000000000001,0.20500000000000002,2.1596385494444865,3.1692450770934726,1.0,3,PROJECT001C__014.DZT
0.20400000000000001,0.21000000000000002,2.1596385494444865,3.1690326138258933,1.0,3,PROJECT001C__014.DZT
0.20400000000000001,0.21500000000000002,2.1596385494444865,3.168734887448858,1.0,3,PROJECT001C__014.DZT
0.20400000000000001,0.22000000000000003,2.1596385494444865,3.1684982049211574,1.0,3,PROJECT001C__014.DZT
0.20400000000000001,0.22500000000000003,2.1596385494444865,3.168186872129079,1.0,3,PROJECT001C__014.DZT
0.20400000000000001,0.23000000000000004,2.1596385494444865,3.1678948195809142,1.0,3,PROJECT001C__014.DZT
0.20400000000000001,0.23500000000000004,2.1596385494444865,3.1676419716166464,1.0,3,PROJECT001C__014.DZT
0.20400000000000001,0.24,2.1596385494444865,3.1673568535675187,1.0,3,PROJECT001C__014.DZT
0.20400000000000001,0.245,2.1596385494444865,3.1669416609100884,1.0,3,PROJECT001C__014.DZT
0.20400000000000001,0.25,2.1596385494444865,3.166549563064404,1.0,3,PROJECT001C__014.DZT
0.20600000000000002,-0.05,2.117907386975251,3.160821348262194,1.0,3,PROJECT001C__014.DZT
0.20600000000000002,-0.045000000000000005,2.117907386975251,3.1609807488731794,1.0,3,PROJECT001C__014.DZT
0.20600000000000002,-0.04,2.117907386975251,3.1611672168309095,1.0,3,PROJECT001C__014.DZT
0.20600000000000002,-0.035,2.117907386975251,3.161384353559938,1.0,3,PROJECT001C__014.DZT
0.20600000000000002,-0.030000000000000002,2.117907386975251,3.161628950965495,1.0,3,PROJECT001C__014.DZT
0.20600000000000002,-0.025,2.117907386975251,3.1619309591768126,1.0,3,PROJECT001C__014.DZT
0.20600000000000002,-0.020000000000000004,2.117907386975251,3.162190225329726,1.0,3,PROJECT001C__014.DZT
0.20600000000000002,-0.015,2.117907386975251,3.1624687965271363,1.0,3,PROJECT001C__014.DZT
0.20600000000000002,-0.010000000000000002,2.117907386975251,3.1627586930159217,1.0,3,PROJECT001C__014.DZT
0.20600000000000002,-0.0050000000000000044,2.117907386975251,3.1629961651416387,1.0,3,PROJECT001C__014.DZT
0.20600000000000002,0.0,2.117907386975251,3.1632013934441905,1.0,3,PROJECT001C__014.DZT
0.20600000000000002,0.0049999999999999975,2.117907386975251,3.1634620575271057,1.0,3,PROJECT001C__014.DZT
0.20600000000000002,0.009999999999999995,2.117907386975251,3.1637241505649185,1.0,3,PROJECT001C__014.DZT
0.20600000000000002,0.015,2.117907386975251,3.163994889847841,1.0,3,PROJECT001C__014.DZT
0.20600000000000002,0.020000000000000004,2.117907386975251,3.1642940497391634,1.0,3,PROJECT001C__014.DZT
0.20600000000000002,0.024999999999999994,2.117907386975251,3.1645908715348745,1.0,3,PROJECT001C__014.DZT
0.20600000000000002,0.03,2.117907386975251,3.1648674878263066,1.0,3,PROJECT001C__014.DZT
0.20600000000000002,0.035,2.117907386975251,3.165124348129789,1.0,3,PROJECT001C__014.DZT
0.20600000000000002,0.039999999999999994,2.117907386975251,3.1653199557265634,1.0,3,PROJECT001C__014.DZT
0.20600000000000002,0.045,2.117907386975251,3.16545857009625,1.0,3,PROJECT001C__014.DZT
0.20600000000000002,0.05,2.117907386975251,3.1656035789130463,1.0,3,PROJECT001C__014.DZT
0.20600000000000002,0.05499999999999999,2.117907386975251,3.165800235641765,1.0,3,PROJECT001C__014.DZT
0.20600000000000002,0.06,2.117907386975251,3.1660059111546093,1.0,3,PROJECT001C__014.DZT
0.20600000000000002,0.065,2.117907386975251,3.1661778161652876,1.0,3,PROJECT001C__014.DZT
0.20600000000000002,0.06999999999999999,2.117907386975251,3.166331191808787,1.0,3,PROJECT001C__014.DZT
0.20600000000000002,0.075,2.117907386975251,3.1665109587652744,1.0,3,PROJECT001C__014.DZT
0.20600000000000002,0.08,2.117907386975251,3.1667063366707233,1.0,3,PROJECT001C__014.DZT
0.20600000000000002,0.085,2.117907386975251,3.1669203122675618,1.0,3,PROJECT001C__014.DZT
0.20600000000000002,0.09000000000000001,2.117907386975251,3.167113099060957,1.0,3,PROJECT001C__014.DZT
0.20600000000000002,0.09499999999999999,2.117907386975251,3.1673080038207693,1.0,3,PROJECT001C__014.DZT
0.20600000000000002,0.09999999999999999,2.117907386975251,3.1675526437375368,1.0,3,PROJECT001C__014.DZT
0.20600000000000002,0.105,2.117907386975251,3.1678008372376314,1.0,3,PROJECT001C__014.DZT
0.20600000000000002,0.11,2.117907386975251,3.1680197909919876,1.0,3,PROJECT001C__014.DZT
0.20600000000000002,0.115,2.117907386975251,3.168186719486606,1.0,3,PROJECT001C__014.DZT
0.20600000000000002,0.12000000000000001,2.117907386975251,3.168293487160627,1.0,3,PROJECT001C__014.DZT
0.20600000000000002,0.125,2.117907386975251,3.1683650257460543,1.0,3,PROJECT001C__014.DZT
0.20600000000000002,0.13,2.117907386975251,3.168437647211172,1.0,3,PROJECT001C__014.DZT
0.20600000000000002,0.135,2.117907386975251,3.1685005078703647,1.0,3,PROJECT001C__014.DZT
0.20600000000000002,0.14,2.117907386975251,3.1685518072768684,1.0,3,PROJECT001C__014.DZT
0.20600000000000002,0.14500000000000002,2.117907386975251,3.1686173864292453,1.0,3,PROJECT001C__014.DZT
0.20600000000000002,0.15000000000000002,2.117907386975251,3.168760533569163,1.0,3,PROJECT001C__014.DZT
0.20600000000000002,0.15500000000000003,2.117907386975251,3.168925854933459,1.0,3,PROJECT001C__014.DZT
0.20600000000000002,0.15999999999999998,2.117907386975251,3.169089230020217,1.0,3,PROJECT001C__014.DZT
0.20600000000000002,0.16499999999999998,2.117907386975251,3.1691391175842654,1.0,3,PROJECT001C__014.DZT
0.20600000000000002,0.16999999999999998,2.117907386975251,3.1690959813693538,1.0,3,PROJECT001C__014.DZT
0.20600000000000002,0.175,2.117907386975251,3.1689972243706133,1.0,3,PROJECT001C__014.DZT
0.20600000000000002,0.18,2.117907386975251,3.1688819033606044,1.0,3,PROJECT001C__014.DZT
0.20600000000000002,0.185,2.117907386975251,3.1687533787218105,1.0,3,PROJECT001C__014.DZT
0.20600000000000002,0.19,2.117907386975251,3.168598582722627,1.0,3,PROJECT001C__014.DZT
0.20600000000000002,0.195,2.117907386975251,3.168592245109888,1.0,3,PROJECT001C__014.DZT
0.20600000000000002,0.2,2.117907386975251,3.1686568686021563,1.0,3,PROJECT001C__014.DZT
0.20600000000000002,0.20500000000000002,2.117907386975251,3.1687638496082564,1.0,3,PROJECT001C__014.DZT
0.20600000000000002,0.21000000000000002,2.117907386975251,3.1688863578323474,1.0,3,PROJECT001C__014.DZT
0.20600000000000002,0.21500000000000002,2.117907386975251,3.1688876889333026,1.0,3,PROJECT001C__014.DZT
0.20600000000000002,0.22000000000000003,2.117907386975251,3.168720411712533,1.0,3,PROJECT001C__014.DZT
0.20600000000000002,0.22500000000000003,2.117907386975251,3.1684908856224836,1.0,3,PROJECT001C__014.DZT
0.20600000000000002,0.23000000000000004,2.117907386975251,3.1681436750137686,1.0,3,PROJECT001C__014.DZT
0.20600000000000002,0.23500000000000004,2.117907386975251,3.16764484158681,1.0,3,PROJECT001C__014.DZT
0.20600000000000002,0.24,2.117907386975251,3.1673210230655062,1.0,3,PROJECT001C__014.DZT
0.20600000000000002,0.245,2.117907386975251,3.1669958564839695,1.0,3,PROJECT001C__014.DZT
0.20600000000000002,0.25,2.117907386975251,3.1667029666386637,1.0,3,PROJECT001C__014.DZT
0.20800000000000002,-0.05,2.0773742112075104,3.160845507436347,1.0,3,PROJECT001C__014.DZT
0.20800000000000002,-0.045000000000000005,2.0773742112075104,3.1611244284817928,1.0,3,PROJECT001C__014.DZT
0.20800000000000002,-0.04,2.0773742112075104,3.1613689940717022,1.0,3,PROJECT001C__014.DZT
0.20800000000000002,-0.035,2.0773742112075104,3.161534378842216,1.0,3,PROJECT001C__014.DZT
0.20800000000000002,-0.030000000000000002,2.0773742112075104,3.161677457345903,1.0,3,PROJECT001C__014.DZT
0.20800000000000002,-0.025,2.0773742112075104,3.161826963422523,1.0,3,PROJECT001C__014.DZT
0.20800000000000002,-0.020000000000000004,2.0773742112075104,3.1619684885890194,1.0,3,PROJECT001C__014.DZT
0.20800000000000002,-0.015,2.0773742112075104,3.162161628040223,1.0,3,PROJECT001C__014.DZT
0.20800000000000002,-0.010000000000000002,2.0773742112075104,3.1624399747097223,1.0,3,PROJECT001C__014.DZT
0.20800000000000002,-0.0050000000000000044,2.0773742112075104,3.1627240762882542,1.0,3,PROJECT001C__014.DZT
0.20800000000000002,0.0,2.0773742112075104,3.1629874252345638,1.0,3,PROJECT001C__014.DZT
0.20800000000000002,0.0049999999999999975,2.0773742112075104,3.163248736311008,1.0,3,PROJECT001C__014.DZT
0.20800000000000002,0.009999999999999995,2.0773742112075104,3.163480564506926,1.0,3,PROJECT001C__014.DZT
0.20800000000000002,0.015,2.0773742112075104,3.163733272493657,1.0,3,PROJECT001C__014.DZT
0.20800000000000002,0.020000000000000004,2.0773742112075104,3.1639614863609373,1.0,3,PROJECT001C__014.DZT
0.20800000000000002,0.024999999999999994,2.0773742112075104,3.1641515986712014,1.0,3,PROJECT001C__014.DZT
0.20800000000000002,0.03,2.0773742112075104,3.164388494301852,1.0,3,PROJECT001C__014.DZT
0.20800000000000002,0.035,2.0773742112075104,3.1646568140095748,1.0,3,PROJECT001C__014.DZT
0.20800000000000002,0.039999999999999994,2.0773742112075104,3.1649532939342127,1.0,3,PROJECT001C__014.DZT
0.20800000000000002,0.045,2.0773742112075104,3.16523687363768,1.0,3,PROJECT001C__014.DZT
0.20800000000000002,0.05,2.0773742112075104,3.1655178872041905,1.0,3,PROJECT001C__014.DZT
0.20800000000000002,0.05499999999999999,2.0773742112075104,3.165681098911467,1.0,3,PROJECT001C__014.DZT
0.20800000000000002,0.06,2.0773742112075104,3.165882680102729,1.0,3,PROJECT001C__014.DZT
0.20800000000000002,0.065,2.0773742112075104,3.166042710657053,1.0,3,PROJECT001C__014.DZT
0.20800000000000002,0.06999999999999999,2.0773742112075104,3.1661999250610466,1.0,3,PROJECT001C__014.DZT
0.20800000000000002,0.075,2.0773742112075104,3.166327587781072,1.0,3,PROJECT001C__014.DZT
0.20800000000000002,0.08,2.0773742112075104,3.1665024182612904,1.0,3,PROJECT001C__014.DZT
0.20800000000000002,0.085,2.0773742112075104,3.1666556566010615,1.0,3,PROJECT001C__014.DZT
0.20800000000000002,0.09000000000000001,2.0773742112075104,3.166830752317974,1.0,3,PROJECT001C__014.DZT
0.20800000000000002,0.09499999999999999,2.0773742112075104,3.1670645579948578,1.0,3,PROJECT001C__014.DZT
0.20800000000000002,0.09999999999999999,2.0773742112075104,3.1673068707150507,1.0,3,PROJECT001C__014.DZT
0.20800000000000002,0.105,2.0773742112075104,3.1675491945557144,1.0,3,PROJECT001C__014.DZT
0.20800000000000002,0.11,2.0773742112075104,3.1677714377988777,1.0,3,PROJECT001C__014.DZT
0.20800000000000002,0.115,2.0773742112075104,3.167984151933439,1.0,3,PROJECT001C__014.DZT
0.20800000000000002,0.12000000000000001,2.0773742112075104,3.168140104862229,1.0,3,PROJECT001C__014.DZT
0.20800000000000002,0.125,2.0773742112075104,3.1683139384074828,1.0,3,PROJECT001C__014.DZT
0.20800000000000002,0.13,2.0773742112075104,3.1684501213565412,1.0,3,PROJECT001C__014.DZT
0.20800000000000002,0.135,2.0773742112075104,3.168532630017577,1.0,3,PROJECT001C__014.DZT
0.20800000000000002,0.14,2.0773742112075104,3.1686544796043794,1.0,3,PROJECT001C__014.DZT
0.20800000000000002,0.14500000000000002,2.0773742112075104,3.168751743190986,1.0,3,PROJECT001C__014.DZT
0.20800000000000002,0.15000000000000002,2.0773742112075104,3.1688320622966977,1.0,3,PROJECT001C__014.DZT
0.20800000000000002,0.15500000000000003,2.0773742112075104,3.168930252477894,1.0,3,PROJECT001C__014.DZT
0.20800000000000002,0.15999999999999998,2.0773742112075104,3.1689832793710546,1.0,3,PROJECT001C__014.DZT
0.20800000000000002,0.16499999999999998,2.0773742112075104,3.1690204413702894,1.0,3,PROJECT001C__014.DZT
0.20800000000000002,0.16999999999999998,2.0773742112075104,3.1691233563096635,1.0,3,PROJECT001C__014.DZT
0.20800000000000002,0.175,2.0773742112075104,3.169144381443387,1.0,3,PROJECT001C__014.DZT
0.20800000000000002,0.18,2.0773742112075104,3.1691078789478553,1.0,3,PROJECT001C__014.DZT
0.20800000000000002,0.185,2.0773742112075104,3.169076985016638,1.0,3,PROJECT001C__014.DZT
0.20800000000000002,0.19,2.0773742112075104,3.168936250079876,1.0,3,PROJECT001C__014.DZT
0.20800000000000002,0.195,2.0773742112075104,3.168806182334047,1.0,3,PROJECT001C__014.DZT
0.20800000000000002,0.2,2.0773742112075104,3.1686768467349307,1.0,3,PROJECT001C__014.DZT
0.20800000000000002,0.20500000000000002,2.0773742112075104,3.1685075286404847,1.0,3,PROJECT001C__014.DZT
0.20800000000000002,0.21000000000000002,2.0773742112075104,3.1683549297417652,1.0,3,PROJECT001C__014.DZT
0.20800000000000002,0.21500000000000002,2.0773742112075104,3.168331750483157,1.0,3,PROJECT001C__014.DZT
0.20800000000000002,0.22000000000000003,2.0773742112075104,3.1683782323603715,1.0,3,PROJECT001C__014.DZT
0.20800000000000002,0.22500000000000003,2.0773742112075104,3.1683743396770025,1.0,3,PROJECT001C__014.DZT
0.20800000000000002,0.23000000000000004,2.0773742112075104,3.1682880532707762,1.0,3,PROJECT001C__014.DZT
0.20800000000000002,0.23500000000000004,2.0773742112075104,3.168095885841369,1.0,3,PROJECT001C__014.DZT
0.20800000000000002,0.24,2.0773742112075104,3.1677994063549364,1.0,3,PROJECT001C__014.DZT
0.20800000000000002,0.245,2.0773742112075104,3.167403205218694,1.0,3,PROJECT001C__014.DZT
0.20800000000000002,0.25,2.0773742112075104,3.1669480350464974,1.0,3,PROJECT001C__014.DZT
0.21000000000000002,-0.05,2.037993602577817,3.1606420231792023,1.0,3,PROJECT001C__014.DZT
0.21000000000000002,-0.045000000000000005,2.037993602577817,3.16088459000853,1.0,3,PROJECT001C__014.DZT
0.21000000000000002,-0.04,2.037993602577817,3.161149035934777,1.0,3,PROJECT001C__014.DZT
0.21000000000000002,-0.035,2.037993602577817,3.1614564690947233,1.0,3,PROJECT001C__014.DZT
0.21000000000000002,-0.030000000000000002,2.037993602577817,3.161711764149139,1.0,3,PROJECT001C__014.DZT
0.21000000000000002,-0.025,2.037993602577817,3.161964805239999,1.0,3,PROJECT001C__014.DZT
0.21000000000000002,-0.020000000000000004,2.037993602577817,3.162182591710845,1.0,3,PROJECT001C__014.DZT
0.21000000000000002,-0.015,2.037993602577817,3.162389455036029,1.0,3,PROJECT001C__014.DZT
0.21000000000000002,-0.010000000000000002,2.037993602577817,3.1625537817284397,1.0,3,PROJECT001C__014.DZT
0.21000000000000002,-0.0050000000000000044,2.037993602577817,3.1627011902596416,1.0,3,PROJECT001C__014.DZT
0.21000000000000002,0.0,2.037993602577817,3.1628484040396754,1.0,3,PROJECT001C__014.DZT
0.21000000000000002,0.0049999999999999975,2.037993602577817,3.163017692220347,1.0,3,PROJECT001C__014.DZT
0.21000000000000002,0.009999999999999995,2.037993602577817,3.163294584448139,1.0,3,PROJECT001C__014.DZT
0.21000000000000002,0.015,2.037993602577817,3.1635677844196386,1.0,3,PROJECT001C__014.DZT
0.21000000000000002,0.020000000000000004,2.037993602577817,3.163812547846236,1.0,3,PROJECT001C__014.DZT
0.21000000000000002,0.024999999999999994,2.037993602577817,3.164021769246814,1.0,3,PROJECT001C__014.DZT
0.21000000000000002,0.03,2.037993602577817,3.164264293180922,1.0,3,PROJECT001C__014.DZT
0.21000000000000002,0.035,2.037993602577817,3.1645097597576863,1.0,3,PROJECT001C__014.DZT
0.21000000000000002,0.039999999999999994,2.037993602577817,3.164708992596838,1.0,3,PROJECT001C__014.DZT
0.21000000000000002,0.045,2.037993602577817,3.1648975352369924,1.0,3,PROJECT001C__014.DZT
0.21000000000000002,0.05,2.037993602577817,3.1651151958823562,1.0,3,PROJECT001C__014.DZT
0.21000000000000002,0.05499999999999999,2.037993602577817,3.1653677285860105,1.0,3,PROJECT001C__014.DZT
0.21000000000000002,0.06,2.037993602577817,3.1656378788274346,1.0,3,PROJECT001C__014.DZT
0.21000000000000002,0.065,2.037993602577817,3.1658944001433453,1.0,3,PROJECT001C__014.DZT
0.21000000000000002,0.06999999999999999,2.037993602577817,3.1660983561018763,1.0,3,PROJECT001C__014.DZT
0.21000000000000002,0.075,2.037993602577817,3.1662600607865663,1.0,3,PROJECT001C__014.DZT
0.21000000000000002,0.08,2.037993602577817,3.1664857600797105,1.0,3,PROJECT001C__014.DZT
0.21000000000000002,0.085,2.037993602577817,3.1666469990491883,1.0,3,PROJECT001C__014.DZT
0.21000000000000002,0.09000000000000001,2.037993602577817,3.16680271382147,1.0,3,PROJECT001C__014.DZT
0.21000000000000002,0.09499999999999999,2.037993602577817,3.166890047592055,1.0,3,PROJECT001C__014.DZT
0.21000000000000002,0.09999999999999999,2.037993602577817,3.1670252430960564,1.0,3,PROJECT001C__014.DZT
0.21000000000000002,0.105,2.037993602577817,3.1672223694214345,1.0,3,PROJECT001C__014.DZT
0.21000000000000002,0.11,2.037993602577817,3.1674487942047715,1.0,3,PROJECT001C__014.DZT
0.21000000000000002,0.115,2.037993602577817,3.1676972351636117,1.0,3,PROJECT001C__014.DZT
0.21000000000000002,0.12000000000000001,2.037993602577817,3.167972641836627,1.0,3,PROJECT001C__014.DZT
0.21000000000000002,0.125,2.037993602577817,3.168219383155026,1.0,3,PROJECT001C__014.DZT
0.21000000000000002,0.13,2.037993602577817,3.168439318941092,1.0,3,PROJECT001C__014.DZT
0.21000000000000002,0.135,2.037993602577817,3.1685893902515976,1.0,3,PROJECT001C__014.DZT
0.21000000000000002,0.14,2.037993602577817,3.168685167751896,1.0,3,PROJECT001C__014.DZT
0.21000000000000002,0.14500000000000002,2.037993602577817,3.168724180617136,1.0,3,PROJECT001C__014.DZT
0.21000000000000002,0.15000000000000002,2.037993602577817,3.1688464753855405,1.0,3,PROJECT001C__014.DZT
0.21000000000000002,0.15500000000000003,2.037993602577817,3.1689437891542127,1.0,3,PROJECT001C__014.DZT
0.21000000000000002,0.15999999999999998,2.037993602577817,3.1690442941500936,1.0,3,PROJECT001C__014.DZT
0.21000000000000002,0.16499999999999998,2.037993602577817,3.1691621802138292,1.0,3,PROJECT001C__014.DZT
0.21000000000000002,0.16999999999999998,2.037993602577817,3.169281748112273,1.0,3,PROJECT001C__014.DZT
0.21000000000000002,0.175,2.037993602577817,3.1693535816119733,1.0,3,PROJECT001C__014.DZT
0.21000000000000002,0.18,2.037993602577817,3.1693970849527227,1.0,3,PROJECT001C__014.DZT
0.21000000000000002,0.185,2.037993602577817,3.169341238020881,1.0,3,PROJECT001C__014.DZT
0.21000000000000002,0.19,2.037993602577817,3.169234853401719,1.0,3,PROJECT001C__014.DZT
0.21000000000000002,0.195,2.037993602577817,3.1691482739059627,1.0,3,PROJECT001C__014.DZT
0.21000000000000002,0.2,2.037993602577817,3.16899752267723,1.0,3,PROJECT001C__014.DZT
0.21000000000000002,0.20500000000000002,2.037993602577817,3.168883145571835,1.0,3,PROJECT001C__014.DZT
0.21000000000000002,0.21000000000000002,2.037993602577817,3.1687497203989223,1.0,3,PROJECT001C__014.DZT
0.21000000000000002,0.21500000000000002,2.037993602577817,3.168587627765884,1.0,3,PROJECT001C__014.DZT
0.21000000000000002,0.22000000000000003,2.037993602577817,3.168450302431628,1.0,3,PROJECT001C__014.DZT
0.21000000000000002,0.22500000000000003,2.037993602577817,3.168280897953218,1.0,3,PROJECT001C__014.DZT
0.21000000000000002,0.23000000000000004,2.037993602577817,3.1681421863107926,1.0,3,PROJECT001C__014.DZT
0.21000000000000002,0.23500000000000004,2.037993602577817,3.1680157133536366,1.0,3,PROJECT001C__014.DZT
0.21000000000000002,0.24,2.037993602577817,3.1678348933006295,1.0,3,PROJECT001C__014.DZT
0.21000000000000002,0.245,2.037993602577817,3.167597179258129,1.0,3,PROJECT001C__014.DZT
0.21000000000000002,0.25,2.037993602577817,3.167335943169624,1.0,3,PROJECT001C__014.DZT
0.21200000000000002,-0.05,1.9997222738003237,3.1607028033845985,1.0,3,PROJECT001C__014.DZT
0.21200000000000002,-0.045000000000000005,1.9997222738003237,3.160924129340158,1.0,3,PROJECT001C__014.DZT
0.21200000000000002,-0.04,1.9997222738003237,3.1611492583888996,1.0,3,PROJECT001C__014.DZT
0.21200000000000002,-0.035,1.9997222738003237,3.161353458901616,1.0,3,PROJECT001C__014.DZT
0.21200000000000002,-0.030000000000000002,1.9997222738003237,3.1615514011237065,1.0,3,PROJECT001C__014.DZT
0.21200000000000002,-0.025,1.9997222738003237,3.1617697745368063,1.0,3,PROJECT001C__014.DZT
0.21200000000000002,-0.020000000000000004,1.9997222738003237,3.162042510669911,1.0,3,PROJECT001C__014.DZT
0.21200000000000002,-0.015,1.9997222738003237,3.162338597984823,1.0,3,PROJECT001C__014.DZT
0.21200000000000002,-0.010000000000000002,1.9997222738003237,3.1625815080547173,1.0,3,PROJECT001C__014.DZT
0.21200000000000002,-0.0050000000000000044,1.9997222738003237,3.1628061462484935,1.0,3,PROJECT001C__014.DZT
0.21200000000000002,0.0,1.9997222738003237,3.1630336081919173,1.0,3,PROJECT001C__014.DZT
0.21200000000000002,0.0049999999999999975,1.9997222738003237,3.163245476082776,1.0,3,PROJECT001C__014.DZT
0.21200000000000002,0.009999999999999995,1.9997222738003237,3.163437473089117,1.0,3,PROJECT001C__014.DZT
0.21200000000000002,0.015,1.9997222738003237,3.163603688882732,1.0,3,PROJECT001C__014.DZT
0.21200000000000002,0.020000000000000004,1.9997222738003237,3.1637944097059667,1.0,3,PROJECT001C__014.DZT
0.21200000000000002,0.024999999999999994,1.9997222738003237,3.163950722963697,1.0,3,PROJECT001C__014.DZT
0.21200000000000002,0.03,1.9997222738003237,3.164181117885557,1.0,3,PROJECT001C__014.DZT
0.21200000000000002,0.035,1.9997222738003237,3.164432047130218,1.0,3,PROJECT001C__014.DZT
0.21200000000000002,0.039999999999999994,1.9997222738003237,3.1646457008143134,1.0,3,PROJECT001C__014.DZT
0.21200000000000002,0.045,1.9997222738003237,3.1648364886065448,1.0,3,PROJECT001C__014.DZT
0.21200000000000002,0.05,1.9997222738003237,3.1650689840512753,1.0,3,PROJECT001C__014.DZT
0.21200000000000002,0.05499999999999999,1.9997222738003237,3.1652937032063484,1.0,3,PROJECT001C__014.DZT
0.21200000000000002,0.06,1.9997222738003237,3.1654915711669944,1.0,3,PROJECT001C__014.DZT
0.21200000000000002,0.065,1.9997222738003237,3.1657022082208623,1.0,3,PROJECT001C__014.DZT
0.21200000000000002,0.06999999999999999,1.9997222738003237,3.165904187755379,1.0,3,PROJECT001C__014.DZT
0.21200000000000002,0.075,1.9997222738003237,3.1660937693740165,1.0,3,PROJECT001C__014.DZT
0.21200000000000002,0.08,1.9997222738003237,3.166295306810795,1.0,3,PROJECT001C__014.DZT
0.21200000000000002,0.085,1.9997222738003237,3.1665001131444774,1.0,3,PROJECT001C__014.DZT
0.21200000000000002,0.09000000000000001,1.9997222738003237,3.1667108551297205,1.0,3,PROJECT001C__014.DZT
0.21200000000000002,0.09499999999999999,1.9997222738003237,3.166891675431652,1.0,3,PROJECT001C__014.DZT
0.21200000000000002,0.09999999999999999,1.9997222738003237,3.167083331713883,1.0,3,PROJECT001C__014.DZT
0.21200000000000002,0.105,1.9997222738003237,3.167269234001374,1.0,3,PROJECT001C__014.DZT
0.21200000000000002,0.11,1.9997222738003237,3.1673841669305056,1.0,3,PROJECT001C__014.DZT
0.21200000000000002,0.115,1.9997222738003237,3.167495813207706,1.0,3,PROJECT001C__014.DZT
0.21200000000000002,0.12000000000000001,1.9997222738003237,3.1676535418830443,1.0,3,PROJECT001C__014.DZT
0.21200000000000002,0.125,1.9997222738003237,3.167870805497778,1.0,3,PROJECT001C__014.DZT
0.21200000000000002,0.13,1.9997222738003237,3.168125985283739,1.0,3,PROJECT001C__014.DZT
0.21200000000000002,0.135,1.9997222738003237,3.168395960102749,1.0,3,PROJECT001C__014.DZT
0.21200000000000002,0.14,1.9997222738003237,3.168658309951914,1.0,3,PROJECT001C__014.DZT
0.21200000000000002,0.14500000000000002,1.9997222738003237,3.1688561481282265,1.0,3,PROJECT001C__014.DZT
0.21200000000000002,0.15000000000000002,1.9997222738003237,3.169014285626361,1.0,3,PROJECT001C__014.DZT
0.21200000000000002,0.15500000000000003,1.9997222738003237,3.169082996389872,1.0,3,PROJECT001C__014.DZT
0.21200000000000002,0.15999999999999998,1.9997222738003237,3.1691138200876114,1.0,3,PROJECT001C__014.DZT
0.21200000000000002,0.16499999999999998,1.9997222738003237,3.169176770519101,1.0,3,PROJECT001C__014.DZT
0.21200000000000002,0.16999999999999998,1.9997222738003237,3.169251932106578,1.0,3,PROJECT001C__014.DZT
0.21200000000000002,0.175,1.9997222738003237,3.1693555538359868,1.0,3,PROJECT001C__014.DZT
0.21200000000000002,0.18,1.9997222738003237,3.1694873340774787,1.0,3,PROJECT001C__014.DZT
0.21200000000000002,0.185,1.9997222738003237,3.1696065083489184,1.0,3,PROJECT001C__014.DZT
0.21200000000000002,0.19,1.9997222738003237,3.169717544138095,1.0,3,PROJECT001C__014.DZT
0.21200000000000002,0.195,1.9997222738003237,3.169701396719835,1.0,3,PROJECT001C__014.DZT
0.21200000000000002,0.2,1.9997222738003237,3.169562264909724,1.0,3,PROJECT001C__014.DZT
0.21200000000000002,0.20500000000000002,1.9997222738003237,3.169417842281261,1.0,3,PROJECT001C__014.DZT
0.21200000000000002,0.21000000000000002,1.9997222738003237,3.1691827823821264,1.0,3,PROJECT001C__014.DZT
0.21200000000000002,0.21500000000000002,1.9997222738003237,3.168990846341749,1.0,3,PROJECT001C__014.DZT
0.21200000000000002,0.22000000000000003,1.9997222738003237,3.1688310703125295,1.0,3,PROJECT001C__014.DZT
0.21200000000000002,0.22500000000000003,1.9997222738003237,3.168669229048042,1.0,3,PROJECT001C__014.DZT
0.21200000000000002,0.23000000000000004,1.9997222738003237,3.168527804132426,1.0,3,PROJECT001C__014.DZT
0.21200000000000002,0.23500000000000004,1.9997222738003237,3.1683837261138255,1.0,3,PROJECT001C__014.DZT
0.21200000000000002,0.24,1.9997222738003237,3.1682232780685893,1.0,3,PROJECT001C__014.DZT
0.21200000000000002,0.245,1.9997222738003237,3.1679713969460246,1.0,3,PROJECT001C__014.DZT
0.21200000000000002,0.25,1.9997222738003237,3.1676405326264203,1.0,3,PROJECT001C__014.DZT
0.21400000000000002,-0.05,1.9625189508621221,3.1603434286792935,1.0,3,PROJECT001C__014.DZT
0.21400000000000002,-0.045000000000000005,1.9625189508621221,3.160682431834062,1.0,3,PROJECT001C__014.DZT
0.21400000000000002,-0.04,1.9625189508621221,3.1610039821370974,1.0,3,PROJECT001C__014.DZT
0.21400000000000002,-0.035,1.9625189508621221,3.161286790338508,1.0,3,PROJECT001C__014.DZT
0.21400000000000002,-0.030000000000000002,1.9625189508621221,3.161546426123941,1.0,3,PROJECT001C__014.DZT
0.21400000000000002,-0.025,1.9625189508621221,3.1617881104431773,1.0,3,PROJECT001C__014.DZT
0.21400000000000002,-0.020000000000000004,1.9625189508621221,3.1620329135432343,1.0,3,PROJECT001C__014.DZT
0.21400000000000002,-0.015,1.9625189508621221,3.1622573388688284,1.0,3,PROJECT001C__014.DZT
0.21400000000000002,-0.010000000000000002,1.9625189508621221,3.162486894478119,1.0,3,PROJECT001C__014.DZT
0.21400000000000002,-0.0050000000000000044,1.9625189508621221,3.1627292732212164,1.0,3,PROJECT001C__014.DZT
0.21400000000000002,0.0,1.9625189508621221,3.162996960241282,1.0,3,PROJECT001C__014.DZT
0.21400000000000002,0.0049999999999999975,1.9625189508621221,3.1632334330254097,1.0,3,PROJECT001C__014.DZT
0.21400000000000002,0.009999999999999995,1.9625189508621221,3.1634403123877917,1.0,3,PROJECT001C__014.DZT
0.21400000000000002,0.015,1.9625189508621221,3.163683033123855,1.0,3,PROJECT001C__014.DZT
0.21400000000000002,0.020000000000000004,1.9625189508621221,3.163908681265985,1.0,3,PROJECT001C__014.DZT
0.21400000000000002,0.024999999999999994,1.9625189508621221,3.1641259860267876,1.0,3,PROJECT001C__014.DZT
0.21400000000000002,0.03,1.9625189508621221,3.16435772177057,1.0,3,PROJECT001C__014.DZT
0.21400000000000002,0.035,1.9625189508621221,3.1645664973945706,1.0,3,PROJECT001C__014.DZT
0.21400000000000002,0.039999999999999994,1.9625189508621221,3.1647700932691194,1.0,3,PROJECT001C__014.DZT
0.21400000000000002,0.045,1.9625189508621221,3.164911604772231,1.0,3,PROJECT001C__014.DZT
0.21400000000000002,0.05,1.9625189508621221,3.165077326157105,1.0,3,PROJECT001C__014.DZT
0.21400000000000002,0.05499999999999999,1.9625189508621221,3.1652940702968855,1.0,3,PROJECT001C__014.DZT
0.21400000000000002,0.06,1.9625189508621221,3.165514048794106,1.0,3,PROJECT001C__014.DZT
0.21400000000000002,0.065,1.9625189508621221,3.1656743183896663,1.0,3,PROJECT001C__014.DZT
0.21400000000000002,0.06999999999999999,1.9625189508621221,3.1658829110420648,1.0,3,PROJECT001C__014.DZT
0.21400000000000002,0.075,1.9625189508621221,3.166120330057032,1.0,3,PROJECT001C__014.DZT
0.21400000000000002,0.08,1.9625189508621221,3.1663417346947598,1.0,3,PROJECT001C__014.DZT
0.21400000000000002,0.085,1.9625189508621221,3.1665133050724266,1.0,3,PROJECT001C__014.DZT
0.21400000000000002,0.09000000000000001,1.9625189508621221,3.166673036275123,1.0,3,PROJECT001C__014.DZT
0.21400000000000002,0.09499999999999999,1.9625189508621221,3.166745429619788,1.0,3,PROJECT001C__014.DZT
0.21400000000000002,0.09999999999999999,1.9625189508621221,3.166930864414482,1.0,3,PROJECT001C__014.DZT
0.21400000000000002,0.105,1.9625189508621221,3.1671713247078785,1.0,3,PROJECT001C__014.DZT
0.21400000000000002,0.11,1.9625189508621221,3.1673580149674465,1.0,3,PROJECT001C__014.DZT
0.21400000000000002,0.115,1.9625189508621221,3.167546323362058,1.0,3,PROJECT001C__014.DZT
0.21400000000000002,0.12000000000000001,1.9625189508621221,3.16771953563361,1.0,3,PROJECT001C__014.DZT
0.21400000000000002,0.125,1.9625189508621221,3.1679015540723765,1.0,3,PROJECT001C__014.DZT
0.21400000000000002,0.13,1.9625189508621221,3.1680453016413757,1.0,3,PROJECT001C__014.DZT
0.21400000000000002,0.135,1.9625189508621221,3.168219966298332,1.0,3,PROJECT001C__014.DZT
0.21400000000000002,0.14,1.9625189508621221,3.168366881194108,1.0,3,PROJECT001C__014.DZT
0.21400000000000002,0.14500000000000002,1.9625189508621221,3.1685810612281258,1.0,3,PROJECT001C__014.DZT
0.21400000000000002,0.15000000000000002,1.9625189508621221,3.168847855699644,1.0,3,PROJECT001C__014.DZT
0.21400000000000002,0.15500000000000003,1.9625189508621221,3.1690840767991166,1.0,3,PROJECT001C__014.DZT
0.21400000000000002,0.15999999999999998,1.9625189508621221,3.1692701231356075,1.0,3,PROJECT001C__014.DZT
0.21400000000000002,0.16499999999999998,1.9625189508621221,3.1693957982400556,1.0,3,PROJECT001C__014.DZT
0.21400000000000002,0.16999999999999998,1.9625189508621221,3.1694683955142833,1.0,3,PROJECT001C__014.DZT
0.21400000000000002,0.175,1.9625189508621221,3.169571803097405,1.0,3,PROJECT001C__014.DZT
0.21400000000000002,0.18,1.9625189508621221,3.169570973248495,1.0,3,PROJECT001C__014.DZT
0.21400000000000002,0.185,1.9625189508621221,3.169613056139704,1.0,3,PROJECT001C__014.DZT
0.21400000000000002,0.19,1.9625189508621221,3.1697155725701123,1.0,3,PROJECT001C__014.DZT
0.21400000000000002,0.195,1.9625189508621221,3.169818847332627,1.0,3,PROJECT001C__014.DZT
0.21400000000000002,0.2,1.9625189508621221,3.169925089725274,1.0,3,PROJECT001C__014.DZT
0.21400000000000002,0.20500000000000002,1.9625189508621221,3.1699764704780247,1.0,3,PROJECT001C__014.DZT
0.21400000000000002,0.21000000000000002,1.9625189508621221,3.1698936058731366,1.0,3,PROJECT001C__014.DZT
0.21400000000000002,0.21500000000000002,1.9625189508621221,3.16978031903869,1.0,3,PROJECT001C__014.DZT
0.21400000000000002,0.22000000000000003,1.9625189508621221,3.1695444941378272,1.0,3,PROJECT001C__014.DZT
0.21400000000000002,0.22500000000000003,1.9625189508621221,3.1692526043553286,1.0,3,PROJECT001C__014.DZT
0.21400000000000002,0.23000000000000004,1.9625189508621221,3.16902888472602,1.0,3,PROJECT001C__014.DZT
0.21400000000000002,0.23500000000000004,1.9625189508621221,3.168810309923861,1.0,3,PROJECT001C__014.DZT
0.21400000000000002,0.24,1.9625189508621221,3.1686226172558434,1.0,3,PROJECT001C__014.DZT
0.21400000000000002,0.245,1.9625189508621221,3.168463213137461,1.0,3,PROJECT001C__014.DZT
0.21400000000000002,0.25,1.9625189508621221,3.1683159160440852,1.0,3,PROJECT001C__014.DZT
0.21600000000000003,-0.05,1.926344261695853,3.1599136446159086,1.0,3,PROJECT001C__014.DZT
0.21600000000000003,-0.045000000000000005,1.926344261695853,3.1602362794778274,1.0,3,PROJECT001C__014.DZT
0.21600000000000003,-0.04,1.926344261695853,3.1605797105418874,1.0,3,PROJECT001C__014.DZT
0.21600000000000003,-0.035,1.926344261695853,3.1609598174780715,1.0,3,PROJECT001C__014.DZT
0.21600000000000003,-0.030000000000000002,1.926344261695853,3.161292572120358,1.0,3,PROJECT001C__014.DZT
0.21600000000000003,-0.025,1.926344261695853,3.161643940942973,1.0,3,PROJECT001C__014.DZT
0.21600000000000003,-0.020000000000000004,1.926344261695853,3.161855423413853,1.0,3,PROJECT001C__014.DZT
0.21600000000000003,-0.015,1.926344261695853,3.162146243832321,1.0,3,PROJECT001C__014.DZT
0.21600000000000003,-0.010000000000000002,1.926344261695853,3.162419549050641,1.0,3,PROJECT001C__014.DZT
0.21600000000000003,-0.0050000000000000044,1.926344261695853,3.1627052159840994,1.0,3,PROJECT001C__014.DZT
0.21600000000000003,0.0,1.926344261695853,3.1629599421976025,1.0,3,PROJECT001C__014.DZT
0.21600000000000003,0.0049999999999999975,1.926344261695853,3.163209389433886,1.0,3,PROJECT001C__014.DZT
0.21600000000000003,0.009999999999999995,1.926344261695853,3.163468836596019,1.0,3,PROJECT001C__014.DZT
0.21600000000000003,0.015,1.926344261695853,3.163708943545886,1.0,3,PROJECT001C__014.DZT
0.21600000000000003,0.020000000000000004,1.926344261695853,3.1639326245666983,1.0,3,PROJECT001C__014.DZT
0.21600000000000003,0.024999999999999994,1.926344261695853,3.1641332068818575,1.0,3,PROJECT001C__014.DZT
0.21600000000000003,0.03,1.926344261695853,3.164340010050686,1.0,3,PROJECT001C__014.DZT
0.21600000000000003,0.035,1.926344261695853,3.1645829412550612,1.0,3,PROJECT001C__014.DZT
0.21600000000000003,0.039999999999999994,1.926344261695853,3.1648297449982863,1.0,3,PROJECT001C__014.DZT
0.21600000000000003,0.045,1.926344261695853,3.165080367168923,1.0,3,PROJECT001C__014.DZT
0.21600000000000003,0.05,1.926344261695853,3.1653259406328806,1.0,3,PROJECT001C__014.DZT
0.21600000000000003,0.05499999999999999,1.926344261695853,3.165547324963889,1.0,3,PROJECT001C__014.DZT
0.21600000000000003,0.06,1.926344261695853,3.1657367273609904,1.0,3,PROJECT001C__014.DZT
0.21600000000000003,0.065,1.926344261695853,3.1658494409471065,1.0,3,PROJECT001C__014.DZT
0.21600000000000003,0.06999999999999999,1.926344261695853,3.166005892691512,1.0,3,PROJECT001C__014.DZT
0.21600000000000003,0.075,1.926344261695853,3.16619092551303,1.0,3,PROJECT001C__014.DZT
0.21600000000000003,0.08,1.926344261695853,3.1663571243803523,1.0,3,PROJECT001C__014.DZT
0.21600000000000003,0.085,1.926344261695853,3.1665507296540127,1.0,3,PROJECT001C__014.DZT
0.21600000000000003,0.09000000000000001,1.926344261695853,3.166758524827676,1.0,3,PROJECT001C__014.DZT
0.21600000000000003,0.09499999999999999,1.926344261695853,3.166994387773581,1.0,3,PROJECT001C__014.DZT
0.21600000000000003,0.09999999999999999,1.926344261695853,3.167188883783124,1.0,3,PROJECT001C__014.DZT
0.21600000000000003,0.105,1.926344261695853,3.1672654372213067,1.0,3,PROJECT001C__014.DZT
0.21600000000000003,0.11,1.926344261695853,3.1673624059116867,1.0,3,PROJECT001C__014.DZT
0.21600000000000003,0.115,1.926344261695853,3.1674646650750637,1.0,3,PROJECT001C__014.DZT
0.21600000000000003,0.12000000000000001,1.926344261695853,3.167621484283245,1.0,3,PROJECT001C__014.DZT
0.21600000000000003,0.125,1.926344261695853,3.167839678821472,1.0,3,PROJECT001C__014.DZT
0.21600000000000003,0.13,1.926344261695853,3.168022946352375,1.0,3,PROJECT001C__014.DZT
0.21600000000000003,0.135,1.926344261695853,3.168203654008794,1.0,3,PROJECT001C__014.DZT
0.21600000000000003,0.14,1.926344261695853,3.168395794386239,1.0,3,PROJECT001C__014.DZT
0.21600000000000003,0.14500000000000002,1.926344261695853,3.16863275714584,1.0,3,PROJECT001C__014.DZT
0.21600000000000003,0.15000000000000002,1.926344261695853,3.168802970607826,1.0,3,PROJECT001C__014.DZT
0.21600000000000003,0.15500000000000003,1.926344261695853,3.1689730079515166,1.0,3,PROJECT001C__014.DZT
0.21600000000000003,0.15999999999999998,1.926344261695853,3.169140401452672,1.0,3,PROJECT001C__014.DZT
0.21600000000000003,0.16499999999999998,1.926344261695853,3.169297987883039,1.0,3,PROJECT001C__014.DZT
0.21600000000000003,0.16999999999999998,1.926344261695853,3.1695250493461375,1.0,3,PROJECT001C__014.DZT
0.21600000000000003,0.175,1.926344261695853,3.169692423975327,1.0,3,PROJECT001C__014.DZT
0.21600000000000003,0.18,1.926344261695853,3.1697369075700106,1.0,3,PROJECT001C__014.DZT
0.21600000000000003,0.185,1.926344261695853,3.169889706653922,1.0,3,PROJECT001C__014.DZT
0.21600000000000003,0.19,1.926344261695853,3.169989798083239,1.0,3,PROJECT001C__014.DZT
0.21600000000000003,0.195,1.926344261695853,3.170026565490455,1.0,3,PROJECT001C__014.DZT
0.21600000000000003,0.2,1.926344261695853,3.170061061738291,1.0,3,PROJECT001C__014.DZT
0.21600000000000003,0.20500000000000002,1.926344261695853,3.1700950559345564,1.0,3,PROJECT001C__014.DZT
0.21600000000000003,0.21000000000000002,1.926344261695853,3.1701593697191117,1.0,3,PROJECT001C__014.DZT
0.21600000000000003,0.21500000000000002,1.926344261695853,3.1702004420215197,1.0,3,PROJECT001C__014.DZT
0.21600000000000003,0.22000000000000003,1.926344261695853,3.1701508595818084,1.0,3,PROJECT001C__014.DZT
0.21600000000000003,0.22500000000000003,1.926344261695853,3.1700459450402243,1.0,3,PROJECT001C__014.DZT
0.21600000000000003,0.23000000000000004,1.926344261695853,3.1698843784797894,1.0,3,PROJECT001C__014.DZT
0.21600000000000003,0.23500000000000004,1.926344261695853,3.16963499574424,1.0,3,PROJECT001C__014.DZT
0.21600000000000003,0.24,1.926344261695853,3.169367202920519,1.0,3,PROJECT001C__014.DZT
0.21600000000000003,0.245,1.926344261695853,3.169076962414078,1.0,3,PROJECT001C__014.DZT
0.21600000000000003,0.25,1.926344261695853,3.1688446461134867,1.0,3,PROJECT001C__014.DZT
0.21800000000000003,-0.05,1.891160631968726,3.159399898174899,1.0,3,PROJECT001C__014.DZT
0.21800000000000003,-0.045000000000000005,1.891160631968726,3.1597504969577237,1.0,3,PROJECT001C__014.DZT
0.21800000000000003,-0.04,1.891160631968726,3.160126549954749,1.0,3,PROJECT001C__014.DZT
0.21800000000000003,-0.035,1.891160631968726,3.160505898015201,1.0,3,PROJECT001C__014.DZT
0.21800000000000003,-0.030000000000000002,1.891160631968726,3.1608676004606253,1.0,3,PROJECT001C__014.DZT
0.21800000000000003,-0.025,1.891160631968726,3.161232843695188,1.0,3,PROJECT001C__014.DZT
0.21800000000000003,-0.020000000000000004,1.891160631968726,3.1615826458623943,1.0,3,PROJECT001C__014.DZT
0.21800000000000003,-0.015,1.891160631968726,3.161940029355653,1.0,3,PROJECT001C__014.DZT
0.21800000000000003,-0.010000000000000002,1.891160631968726,3.1622889743836438,1.0,3,PROJECT001C__014.DZT
0.21800000000000003,-0.0050000000000000044,1.891160631968726,3.1625251106540055,1.0,3,PROJECT001C__014.DZT
0.21800000000000003,0.0,1.891160631968726,3.1627566050539997,1.0,3,PROJECT001C__014.DZT
0.21800000000000003,0.0049999999999999975,1.891160631968726,3.1630523438449365,1.0,3,PROJECT001C__014.DZT
0.21800000000000003,0.009999999999999995,1.891160631968726,3.163342268654676,1.0,3,PROJECT001C__014.DZT
0.21800000000000003,0.015,1.891160631968726,3.163661303328048,1.0,3,PROJECT001C__014.DZT
0.21800000000000003,0.020000000000000004,1.891160631968726,3.1639364639598937,1.0,3,PROJECT001C__014.DZT
0.21800000000000003,0.024999999999999994,1.891160631968726,3.164202256668689,1.0,3,PROJECT001C__014.DZT
0.21800000000000003,0.03,1.891160631968726,3.1644645926665547,1.0,3,PROJECT001C__014.DZT
0.21800000000000003,0.035,1.891160631968726,3.1646735676524607,1.0,3,PROJECT001C__014.DZT
0.21800000000000003,0.039999999999999994,1.891160631968726,3.164874784068156,1.0,3,PROJECT001C__014.DZT
0.21800000000000003,0.045,1.891160631968726,3.1650863346633167,1.0,3,PROJECT001C__014.DZT
0.21800000000000003,0.05,1.891160631968726,3.16525764600098,1.0,3,PROJECT001C__014.DZT
0.21800000000000003,0.05499999999999999,1.891160631968726,3.1655368014891967,1.0,3,PROJECT001C__014.DZT
0.21800000000000003,0.06,1.891160631968726,3.165817791192609,1.0,3,PROJECT001C__014.DZT
0.21800000000000003,0.065,1.891160631968726,3.166078306435692,1.0,3,PROJECT001C__014.DZT
0.21800000000000003,0.06999999999999999,1.891160631968726,3.1663324206033523,1.0,3,PROJECT001C__014.DZT
0.21800000000000003,0.075,1.891160631968726,3.166503729925841,1.0,3,PROJECT001C__014.DZT
0.21800000000000003,0.08,1.891160631968726,3.166670101864637,1.0,3,PROJECT001C__014.DZT
0.21800000000000003,0.085,1.891160631968726,3.166805624224002,1.0,3,PROJECT001C__014.DZT
0.21800000000000003,0.09000000000000001,1.891160631968726,3.1669388560749003,1.0,3,PROJECT001C__014.DZT
0.21800000000000003,0.09499999999999999,1.891160631968726,3.16707845282899,1.0,3,PROJECT001C__014.DZT
0.21800000000000003,0.09999999999999999,1.891160631968726,3.1672439344877046,1.0,3,PROJECT001C__014.DZT
0.21800000000000003,0.105,1.891160631968726,3.1674707045161203,1.0,3,PROJECT001C__014.DZT
0.21800000000000003,0.11,1.891160631968726,3.167666732317898,1.0,3,PROJECT001C__014.DZT
0.21800000000000003,0.115,1.891160631968726,3.167802761772131,1.0,3,PROJECT001C__014.DZT
0.21800000000000003,0.12000000000000001,1.891160631968726,3.1679137115690543,1.0,3,PROJECT001C__014.DZT
0.21800000000000003,0.125,1.891160631968726,3.167997404086695,1.0,3,PROJECT001C__014.DZT
0.21800000000000003,0.13,1.891160631968726,3.168077206381877,1.0,3,PROJECT001C__014.DZT
0.21800000000000003,0.135,1.891160631968726,3.1681886849593632,1.0,3,PROJECT001C__014.DZT
0.21800000000000003,0.14,1.891160631968726,3.168340715014898,1.0,3,PROJECT001C__014.DZT
0.21800000000000003,0.14500000000000002,1.891160631968726,3.1685638603381796,1.0,3,PROJECT001C__014.DZT
0.21800000000000003,0.15000000000000002,1.891160631968726,3.168732461903168,1.0,3,PROJECT001C__014.DZT
0.21800000000000003,0.15500000000000003,1.891160631968726,3.168958995075385,1.0,3,PROJECT001C__014.DZT
0.21800000000000003,0.15999999999999998,1.891160631968726,3.1692057647620318,1.0,3,PROJECT001C__014.DZT
0.21800000000000003,0.16499999999999998,1.891160631968726,3.169415102605527,1.0,3,PROJECT001C__014.DZT
0.21800000000000003,0.16999999999999998,1.891160631968726,3.169589849065048,1.0,3,PROJECT001C__014.DZT
0.21800000000000003,0.175,1.891160631968726,3.169716990235131,1.0,3,PROJECT001C__014.DZT
0.21800000000000003,0.18,1.891160631968726,3.169814094795889,1.0,3,PROJECT001C__014.DZT
0.21800000000000003,0.185,1.891160631968726,3.1699350089672014,1.0,3,PROJECT001C__014.DZT
0.21800000000000003,0.19,1.891160631968726,3.1700521818088085,1.0,3,PROJECT001C__014.DZT
0.21800000000000003,0.195,1.891160631968726,3.1701827429117606,1.0,3,PROJECT001C__014.DZT
0.21800000000000003,0.2,1.891160631968726,3.1702686435202936,1.0,3,PROJECT001C__014.DZT
0.21800000000000003,0.20500000000000002,1.891160631968726,3.1703785883820514,1.0,3,PROJECT001C__014.DZT
0.21800000000000003,0.21000000000000002,1.891160631968726,3.1704866258353412,1.0,3,PROJECT001C__014.DZT
0.21800000000000003,0.21500000000000002,1.891160631968726,3.1705127704957317,1.0,3,PROJECT001C__014.DZT
0.21800000000000003,0.22000000000000003,1.891160631968726,3.1705409000723983,1.0,3,PROJECT001C__014.DZT
0.21800000000000003,0.22500000000000003,1.891160631968726,3.1704586869939893,1.0,3,PROJECT001C__014.DZT
0.21800000000000003,0.23000000000000004,1.891160631968726,3.1703804951248595,1.0,3,PROJECT001C__014.DZT
0.21800000000000003,0.23500000000000004,1.891160631968726,3.1703261874107276,1.0,3,PROJECT001C__014.DZT
0.21800000000000003,0.24,1.891160631968726,3.170123310335907,1.0,3,PROJECT001C__014.DZT
0.21800000000000003,0.245,1.891160631968726,3.1698981441124143,1.0,3,PROJECT001C__014.DZT
0.21800000000000003,0.25,1.891160631968726,3.16971574282953,1.0,3,PROJECT001C__014.DZT
0.22,-0.05,1.8569321874727633,3.1587334820846658,1.0,3,PROJECT001C__014.DZT
0.22,-0.045000000000000005,1.8569321874727633,3.159186442475853,1.0,3,PROJECT001C__014.DZT
0.22,-0.04,1.8569321874727633,3.1595548813675727,1.0,3,PROJECT001C__014.DZT
0.22,-0.035,1.8569321874727633,3.159945879141184,1.0,3,PROJECT001C__014.DZT
0.22,-0.030000000000000002,1.8569321874727633,3.1602827105356837,1.0,3,PROJECT001C__014.DZT
0.22,-0.025,1.8569321874727633,3.1606764974561656,1.0,3,PROJECT001C__014.DZT
0.22,-0.020000000000000004,1.8569321874727633,3.161076807028758,1.0,3,PROJECT001C__014.DZT
0.22,-0.015,1.8569321874727633,3.1614797597468787,1.0,3,PROJECT001C__014.DZT
0.22,-0.010000000000000002,1.8569321874727633,3.1618948649564698,1.0,3,PROJECT001C__014.DZT
0.22,-0.0050000000000000044,1.8569321874727633,3.1622606328210026,1.0,3,PROJECT001C__014.DZT
0.22,0.0,1.8569321874727633,3.1625887504755585,1.0,3,PROJECT001C__014.DZT
0.22,0.0049999999999999975,1.8569321874727633,3.162947770183834,1.0,3,PROJECT001C__014.DZT
0.22,0.009999999999999995,1.8569321874727633,3.1632046056340974,1.0,3,PROJECT001C__014.DZT
0.22,0.015,1.8569321874727633,3.1634584385752205,1.0,3,PROJECT001C__014.DZT
0.22,0.020000000000000004,1.8569321874727633,3.1637167475028245,1.0,3,PROJECT001C__014.DZT
0.22,0.024999999999999994,1.8569321874727633,3.1640103215222872,1.0,3,PROJECT001C__014.DZT
0.22,0.03,1.8569321874727633,3.1643285740472287,1.0,3,PROJECT001C__014.DZT
0.22,0.035,1.8569321874727633,3.1646695250330716,1.0,3,PROJECT001C__014.DZT
0.22,0.039999999999999994,1.8569321874727633,3.16495283124312,1.0,3,PROJECT001C__014.DZT
0.22,0.045,1.8569321874727633,3.1652125001131033,1.0,3,PROJECT001C__014.DZT
0.22,0.05,1.8569321874727633,3.165419937614388,1.0,3,PROJECT001C__014.DZT
0.22,0.05499999999999999,1.8569321874727633,3.165641421342946,1.0,3,PROJECT001C__014.DZT
0.22,0.06,1.8569321874727633,3.1658483279784497,1.0,3,PROJECT001C__014.DZT
0.22,0.065,1.8569321874727633,3.1660633852277846,1.0,3,PROJECT001C__014.DZT
0.22,0.06999999999999999,1.8569321874727633,3.1662568248236966,1.0,3,PROJECT001C__014.DZT
0.22,0.075,1.8569321874727633,3.166552209272508,1.0,3,PROJECT001C__014.DZT
0.22,0.08,1.8569321874727633,3.1668464255784188,1.0,3,PROJECT001C__014.DZT
0.22,0.085,1.8569321874727633,3.1670980478153345,1.0,3,PROJECT001C__014.DZT
0.22,0.09000000000000001,1.8569321874727633,3.167297137328936,1.0,3,PROJECT001C__014.DZT
0.22,0.09499999999999999,1.8569321874727633,3.1674579463800647,1.0,3,PROJECT001C__014.DZT
0.22,0.09999999999999999,1.8569321874727633,3.167601394337298,1.0,3,PROJECT001C__014.DZT
0.22,0.105,1.8569321874727633,3.1677434450589153,1.0,3,PROJECT001C__014.DZT
0.22,0.11,1.8569321874727633,3.1678801003382553,1.0,3,PROJECT001C__014.DZT
0.22,0.115,1.8569321874727633,3.1680246318211545,1.0,3,PROJECT001C__014.DZT
0.22,0.12000000000000001,1.8569321874727633,3.1681959473402936,1.0,3,PROJECT001C__014.DZT
0.22,0.125,1.8569321874727633,3.1683558053327006,1.0,3,PROJECT001C__014.DZT
0.22,0.13,1.8569321874727633,3.16846279090472,1.0,3,PROJECT001C__014.DZT
0.22,0.135,1.8569321874727633,3.168563358083796,1.0,3,PROJECT001C__014.DZT
0.22,0.14,1.8569321874727633,3.168675780842959,1.0,3,PROJECT001C__014.DZT
0.22,0.14500000000000002,1.8569321874727633,3.168737260092684,1.0,3,PROJECT001C__014.DZT
0.22,0.15000000000000002,1.8569321874727633,3.1688262667634035,1.0,3,PROJECT001C__014.DZT
0.22,0.15500000000000003,1.8569321874727633,3.168962721902138,1.0,3,PROJECT001C__014.DZT
0.22,0.15999999999999998,1.8569321874727633,3.169115503698713,1.0,3,PROJECT001C__014.DZT
0.22,0.16499999999999998,1.8569321874727633,3.169321212505068,1.0,3,PROJECT001C__014.DZT
0.22,0.16999999999999998,1.8569321874727633,3.1695798962503816,1.0,3,PROJECT001C__014.DZT
0.22,0.175,1.8569321874727633,3.1698014698511323,1.0,3,PROJECT001C__014.DZT
0.22,0.18,1.8569321874727633,3.1700382530056217,1.0,3,PROJECT001C__014.DZT
0.22,0.185,1.8569321874727633,3.1701934835841517,1.0,3,PROJECT001C__014.DZT
0.22,0.19,1.8569321874727633,3.170316688187956,1.0,3,PROJECT001C__014.DZT
0.22,0.195,1.8569321874727633,3.1703588368630466,1.0,3,PROJECT001C__014.DZT
0.22,0.2,1.8569321874727633,3.170354335828709,1.0,3,PROJECT001C__014.DZT
0.22,0.20500000000000002,1.8569321874727633,3.1704966116450666,1.0,3,PROJECT001C__014.DZT
0.22,0.21000000000000002,1.8569321874727633,3.170617293285724,1.0,3,PROJECT001C__014.DZT
0.22,0.21500000000000002,1.8569321874727633,3.1706685302429425,1.0,3,PROJECT001C__014.DZT
0.22,0.22000000000000003,1.8569321874727633,3.1708009169092595,1.0,3,PROJECT001C__014.DZT
0.22,0.22500000000000003,1.8569321874727633,3.170929986552986,1.0,3,PROJECT001C__014.DZT
0.22,0.23000000000000004,1.8569321874727633,3.1709759117166794,1.0,3,PROJECT001C__014.DZT
0.22,0.23500000000000004,1.8569321874727633,3.170900630390438,1.0,3,PROJECT001C__014.DZT
0.22,0.24,1.8569321874727633,3.170716161763982,1.0,3,PROJECT001C__014.DZT
0.22,0.245,1.8569321874727633,3.1705567770110092,1.0,3,PROJECT001C__014.DZT
0.22,0.25,1.8569321874727633,3.170375734686223,1.0,3,PROJECT001C__014.DZT
0.08,-0.05,14.043049667762773,3.0576101650714858,1.0,3,PROJECT001C__016.DZT
0.08,-0.045000000000000005,14.043049667762773,3.0539050249033592,1.0,3,PROJECT001C__016.DZT
0.08,-0.04,14.043049667762773,3.050055006237747,1.0,3,PROJECT001C__016.DZT
0.08,-0.035,14.043049667762773,3.0461964635431165,1.0,3,PROJECT001C__016.DZT
0.08,-0.030000000000000002,14.043049667762773,3.0422398248821434,1.0,3,PROJECT001C__016.DZT
0.08,-0.025,14.043049667762773,3.0381748907670656,1.0,3,PROJECT001C__016.DZT
0.08,-0.020000000000000004,14.043049667762773,3.03408392978756,1.0,3,PROJECT001C__016.DZT
0.08,-0.015,14.043049667762773,3.0298760636866633,1.0,3,PROJECT001C__016.DZT
0.08,-0.010000000000000002,14.043049667762773,3.0253318481677645,1.0,3,PROJECT001C__016.DZT
0.08,-0.0050000000000000044,14.043049667762773,3.0208983050991414,1.0,3,PROJECT001C__016.DZT
0.08,0.0,14.043049667762773,3.016528456421497,1.0,3,PROJECT001C__016.DZT
0.08,0.0049999999999999975,14.043049667762773,3.012281257498433,1.0,3,PROJECT001C__016.DZT
0.08,0.009999999999999995,14.043049667762773,3.0083039822470936,1.0,3,PROJECT001C__016.DZT
0.08,0.015,14.043049667762773,3.0043035347713283,1.0,3,PROJECT001C__016.DZT
0.08,0.020000000000000004,14.043049667762773,3.000340286846578,1.0,3,PROJECT001C__016.DZT
0.08,0.024999999999999994,14.043049667762773,2.9963108443382875,1.0,3,PROJECT001C__016.DZT
0.08,0.03,14.043049667762773,2.992086091237771,1.0,3,PROJECT001C__016.DZT
0.08,0.035,14.043049667762773,2.9879017649972455,1.0,3,PROJECT001C__016.DZT
0.08,0.039999999999999994,14.043049667762773,2.9837571870179893,1.0,3,PROJECT001C__016.DZT
0.08,0.045,14.043049667762773,2.9796226619644437,1.0,3,PROJECT001C__016.DZT
0.08,0.05,14.043049667762773,2.9753790114525986,1.0,3,PROJECT001C__016.DZT
0.08,0.05499999999999999,14.043049667762773,2.9714450939904573,1.0,3,PROJECT001C__016.DZT
0.08,0.06,14.043049667762773,2.96723654674951,1.0,3,PROJECT001C__016.DZT
0.08,0.065,14.043049667762773,2.9624017241179614,1.0,3,PROJECT001C__016.DZT
0.08,0.06999999999999999,14.043049667762773,2.957327530831074,1.0,3,PROJECT001C__016.DZT
0.08,0.075,14.043049667762773,2.952146110991625,1.0,3,PROJECT001C__016.DZT
0.08,0.08,14.043049667762773,2.9467919974923587,1.0,3,PROJECT001C__016.DZT
0.08,0.085,14.043049667762773,2.941453594774637,1.0,3,PROJECT001C__016.DZT
0.08,0.09000000000000001,14.043049667762773,2.9360963735949643,1.0,3,PROJECT001C__016.DZT
0.08,0.09499999999999999,14.043049667762773,2.930359947020264,1.0,3,PROJECT001C__016.DZT
0.08,0.09999999999999999,14.043049667762773,2.9247671297535653,1.0,3,PROJECT001C__016.DZT
0.08,0.105,14.043049667762773,2.91934345214602,1.0,3,PROJECT001C__016.DZT
0.08,0.11,14.043049667762773,2.9140518416951564,1.0,3,PROJECT001C__016.DZT
0.08,0.115,14.043049667762773,2.9086774633605175,1.0,3,PROJECT001C__016.DZT
0.08,0.12000000000000001,14.043049667762773,2.9034547463040723,1.0,3,PROJECT001C__016.DZT
0.08,0.125,14.043049667762773,2.897903349051299,1.0,3,PROJECT001C__016.DZT
0.08,0.13,14.043049667762773,2.8921553590232727,1.0,3,PROJECT001C__016.DZT
0.08,0.135,14.043049667762773,2.88651201618673,1.0,3,PROJECT001C__016.DZT
0.08,0.14,14.043049667762773,2.8808878579781365,1.0,3,PROJECT001C__016.DZT
0.08,0.14500000000000002,14.043049667762773,2.875290591738798,1.0,3,PROJECT001C__016.DZT
0.08,0.15000000000000002,14.043049667762773,2.869670138590708,1.0,3,PROJECT001C__016.DZT
0.08,0.15500000000000003,14.043049667762773,2.863642191538935,1.0,3,PROJECT001C__016.DZT
0.08,0.15999999999999998,14.043049667762773,2.85769660734675,1.0,3,PROJECT001C__016.DZT
0.08,0.16499999999999998,14.043049667762773,2.851756123721804,1.0,3,PROJECT001C__016.DZT
0.08,0.16999999999999998,14.043049667762773,2.845657962848057,1.0,3,PROJECT001C__016.DZT
0.08,0.175,14.043049667762773,2.839209365362566,1.0,3,PROJECT001C__016.DZT
0.08,0.18,14.043049667762773,2.832859341005552,1.0,3,PROJECT001C__016.DZT
0.08,0.185,14.043049667762773,2.8264910768585843,1.0,3,PROJECT001C__016.DZT
0.08,0.19,14.043049667762773,2.8201205477017317,1.0,3,PROJECT001C__016.DZT
0.08,0.195,14.043049667762773,2.813909854754477,1.0,3,PROJECT001C__016.DZT
0.08,0.2,14.043049667762773,2.807513351360132,1.0,3,PROJECT001C__016.DZT
0.08,0.20500000000000002,14.043049667762773,2.8012290459090554,1.0,3,PROJECT001C__016.DZT
0.08,0.21000000000000002,14.043049667762773,2.7952481077806404,1.0,3,PROJECT001C__016.DZT
0.08,0.21500000000000002,14.043049667762773,2.7893153465224816,1.0,3,PROJECT001C__016.DZT
0.08,0.22000000000000003,14.043049667762773,2.783181544480645,1.0,3,PROJECT001C__016.DZT
0.08,0.22500000000000003,14.043049667762773,2.7769434145931178,1.0,3,PROJECT001C__016.DZT
0.08,0.23000000000000004,14.043049667762773,2.7708954624465423,1.0,3,PROJECT001C__016.DZT
0.08,0.23500000000000004,14.043049667762773,2.764911078479311,1.0,3,PROJECT001C__016.DZT
0.08,0.24,14.043049667762773,2.7588837108287034,1.0,3,PROJECT001C__016.DZT
0.08,0.245,14.043049667762773,2.752811283805787,1.0,3,PROJECT001C__016.DZT
0.08,0.25,14.043049667762773,2.7463445252626215,1.0,3,PROJECT001C__016.DZT
0.082,-0.05,13.366376840226318,3.088673095607246,1.0,3,PROJECT001C__016.DZT
0.082,-0.045000000000000005,13.366376840226318,3.085199226802932,1.0,3,PROJECT001C__016.DZT
0.082,-0.04,13.366376840226318,3.0817959604678937,1.0,3,PROJECT001C__016.DZT
0.082,-0.035,13.366376840226318,3.078464937521186,1.0,3,PROJECT001C__016.DZT
0.082,-0.030000000000000002,13.366376840226318,3.0749711697524744,1.0,3,PROJECT001C__016.DZT
0.082,-0.025,13.366376840226318,3.071381048271446,1.0,3,PROJECT001C__016.DZT
0.082,-0.020000000000000004,13.366376840226318,3.067766650526192,1.0,3,PROJECT001C__016.DZT
0.082,-0.015,13.366376840226318,3.0641155186086255,1.0,3,PROJECT001C__016.DZT
0.082,-0.010000000000000002,13.366376840226318,3.0600577215389024,1.0,3,PROJECT001C__016.DZT
0.082,-0.0050000000000000044,13.366376840226318,3.0558515588518573,1.0,3,PROJECT001C__016.DZT
0.082,0.0,13.366376840226318,3.0516478983303243,1.0,3,PROJECT001C__016.DZT
0.082,0.0049999999999999975,13.366376840226318,3.0472974329209195,1.0,3,PROJECT001C__016.DZT
0.082,0.009999999999999995,13.366376840226318,3.042878614891926,1.0,3,PROJECT001C__016.DZT
0.082,0.015,13.366376840226318,3.038431001274056,1.0,3,PROJECT001C__016.DZT
0.082,0.020000000000000004,13.366376840226318,3.033928518146439,1.0,3,PROJECT001C__016.DZT
0.082,0.024999999999999994,13.366376840226318,3.0293630096433364,1.0,3,PROJECT001C__016.DZT
0.082,0.03,13.366376840226318,3.024701436078594,1.0,3,PROJECT001C__016.DZT
0.082,0.035,13.366376840226318,3.0200218479337106,1.0,3,PROJECT001C__016.DZT
0.082,0.039999999999999994,13.366376840226318,3.015490511258893,1.0,3,PROJECT001C__016.DZT
0.082,0.045,13.366376840226318,3.0111711317893826,1.0,3,PROJECT001C__016.DZT
0.082,0.05,13.366376840226318,3.0072141264146026,1.0,3,PROJECT001C__016.DZT
0.082,0.05499999999999999,13.366376840226318,3.0032824828091313,1.0,3,PROJECT001C__016.DZT
0.082,0.06,13.366376840226318,2.9995606973033895,1.0,3,PROJECT001C__016.DZT
0.082,0.065,13.366376840226318,2.995721425026975,1.0,3,PROJECT001C__016.DZT
0.082,0.06999999999999999,13.366376840226318,2.9917138039663023,1.0,3,PROJECT001C__016.DZT
0.082,0.075,13.366376840226318,2.9876526723135903,1.0,3,PROJECT001C__016.DZT
0.082,0.08,13.366376840226318,2.9835855852950743,1.0,3,PROJECT001C__016.DZT
0.082,0.085,13.366376840226318,2.979406837748877,1.0,3,PROJECT001C__016.DZT
0.082,0.09000000000000001,13.366376840226318,2.9751741923658046,1.0,3,PROJECT001C__016.DZT
0.082,0.09499999999999999,13.366376840226318,2.971000537189706,1.0,3,PROJECT001C__016.DZT
0.082,0.09999999999999999,13.366376840226318,2.966374275137621,1.0,3,PROJECT001C__016.DZT
0.082,0.105,13.366376840226318,2.961226759554266,1.0,3,PROJECT001C__016.DZT
0.082,0.11,13.366376840226318,2.9559397135294527,1.0,3,PROJECT001C__016.DZT
0.082,0.115,13.366376840226318,2.950458400604395,1.0,3,PROJECT001C__016.DZT
0.082,0.12000000000000001,13.366376840226318,2.9449365924585567,1.0,3,PROJECT001C__016.DZT
0.082,0.125,13.366376840226318,2.939633405032925,1.0,3,PROJECT001C__016.DZT
0.082,0.13,13.366376840226318,2.934013907294682,1.0,3,PROJECT001C__016.DZT
0.082,0.135,13.366376840226318,2.928347028673411,1.0,3,PROJECT001C__016.DZT
0.082,0.14,13.366376840226318,2.9229966312214017,1.0,3,PROJECT001C__016.DZT
0.082,0.14500000000000002,13.366376840226318,2.9177492885961875,1.0,3,PROJECT001C__016.DZT
0.082,0.15000000000000002,13.366376840226318,2.912450925332193,1.0,3,PROJECT001C__016.DZT
0.082,0.15500000000000003,13.366376840226318,2.9072245058882658,1.0,3,PROJECT001C__016.DZT
0.082,0.15999999999999998,13.366376840226318,2.9017031972593066,1.0,3,PROJECT001C__016.DZT
0.082,0.16499999999999998,13.366376840226318,2.8960313309449517,1.0,3,PROJECT001C__016.DZT
0.082,0.16999999999999998,13.366376840226318,2.8901889805694663,1.0,3,PROJECT001C__016.DZT
0.082,0.175,13.366376840226318,2.8843677959120377,1.0,3,PROJECT001C__016.DZT
0.082,0.18,13.366376840226318,2.8786240501342184,1.0,3,PROJECT001C__016.DZT
0.082,0.185,13.366376840226318,2.87267779161942,1.0,3,PROJECT001C__016.DZT
0.082,0.19,13.366376840226318,2.866423879654628,1.0,3,PROJECT001C__016.DZT
0.082,0.195,13.366376840226318,2.8599874882536613,1.0,3,PROJECT001C__016.DZT
0.082,0.2,13.366376840226318,2.853584741352783,1.0,3,PROJECT001C__016.DZT
0.082,0.20500000000000002,13.366376840226318,2.8470440057976703,1.0,3,PROJECT001C__016.DZT
0.082,0.21000000000000002,13.366376840226318,2.8402741920862176,1.0,3,PROJECT001C__016.DZT
0.082,0.21500000000000002,13.366376840226318,2.8334023293019137,1.0,3,PROJECT001C__016.DZT
0.082,0.22000000000000003,13.366376840226318,2.826757173279732,1.0,3,PROJECT001C__016.DZT
0.082,0.22500000000000003,13.366376840226318,2.820233754350772,1.0,3,PROJECT001C__016.DZT
0.082,0.23000000000000004,13.366376840226318,2.8138869871566428,1.0,3,PROJECT001C__016.DZT
0.082,0.23500000000000004,13.366376840226318,2.8074044769592494,1.0,3,PROJECT001C__016.DZT
0.082,0.24,13.366376840226318,2.8011791078392445,1.0,3,PROJECT001C__016.DZT
0.082,0.245,13.366376840226318,2.7951746885835456,1.0,3,PROJECT001C__016.DZT
0.082,0.25,13.366376840226318,2.7891444467789444,1.0,3,PROJECT001C__016.DZT
0.084,-0.05,12.737460016111356,3.1213197980096647,1.0,3,PROJECT001C__016.DZT
0.084,-0.045000000000000005,12.737460016111356,3.1170843299495803,1.0,3,PROJECT001C__016.DZT
0.084,-0.04,12.737460016111356,3.1130971926177473,1.0,3,PROJECT001C__016.DZT
0.084,-0.035,12.737460016111356,3.1092857950062673,1.0,3,PROJECT001C__016.DZT
0.084,-0.030000000000000002,12.737460016111356,3.105597415210416,1.0,3,PROJECT001C__016.DZT
0.084,-0.025,12.737460016111356,3.1019828321036105,1.0,3,PROJECT001C__016.DZT
0.084,-0.020000000000000004,12.737460016111356,3.098136888699992,1.0,3,PROJECT001C__016.DZT
0.084,-0.015,12.737460016111356,3.094480903965323,1.0,3,PROJECT001C__016.DZT
0.084,-0.010000000000000002,12.737460016111356,3.0907366275447816,1.0,3,PROJECT001C__016.DZT
0.084,-0.0050000000000000044,12.737460016111356,3.087002059589248,1.0,3,PROJECT001C__016.DZT
0.084,0.0,12.737460016111356,3.0831310302259856,1.0,3,PROJECT001C__016.DZT
0.084,0.0049999999999999975,12.737460016111356,3.0792930302392025,1.0,3,PROJECT001C__016.DZT
0.084,0.009999999999999995,12.737460016111356,3.075299333107354,1.0,3,PROJECT001C__016.DZT
0.084,0.015,12.737460016111356,3.0711461704095533,1.0,3,PROJECT001C__016.DZT
0.084,0.020000000000000004,12.737460016111356,3.06705382633563,1.0,3,PROJECT001C__016.DZT
0.084,0.024999999999999994,12.737460016111356,3.0628382584918246,1.0,3,PROJECT001C__016.DZT
0.084,0.03,12.737460016111356,3.0585285779730533,1.0,3,PROJECT001C__016.DZT
0.084,0.035,12.737460016111356,3.0539854899499517,1.0,3,PROJECT001C__016.DZT
0.084,0.039999999999999994,12.737460016111356,3.0494698446349253,1.0,3,PROJECT001C__016.DZT
0.084,0.045,12.737460016111356,3.0450310704124472,1.0,3,PROJECT001C__016.DZT
0.084,0.05,12.737460016111356,3.040684576648053,1.0,3,PROJECT001C__016.DZT
0.084,0.05499999999999999,12.737460016111356,3.0362795706934507,1.0,3,PROJECT001C__016.DZT
0.084,0.06,12.737460016111356,3.0320283193625754,1.0,3,PROJECT001C__016.DZT
0.084,0.065,12.737460016111356,3.0278516132657423,1.0,3,PROJECT001C__016.DZT
0.084,0.06999999999999999,12.737460016111356,3.023453657585916,1.0,3,PROJECT001C__016.DZT
0.084,0.075,12.737460016111356,3.0190403260443,1.0,3,PROJECT001C__016.DZT
0.084,0.08,12.737460016111356,3.0146079546595637,1.0,3,PROJECT001C__016.DZT
0.084,0.085,12.737460016111356,3.0103659696922196,1.0,3,PROJECT001C__016.DZT
0.084,0.09000000000000001,12.737460016111356,3.006164762683379,1.0,3,PROJECT001C__016.DZT
0.084,0.09499999999999999,12.737460016111356,3.001956061528626,1.0,3,PROJECT001C__016.DZT
0.084,0.09999999999999999,12.737460016111356,2.997745206760747,1.0,3,PROJECT001C__016.DZT
0.084,0.105,12.737460016111356,2.9932800052876303,1.0,3,PROJECT001C__016.DZT
0.084,0.11,12.737460016111356,2.9886431616481786,1.0,3,PROJECT001C__016.DZT
0.084,0.115,12.737460016111356,2.9838750377388696,1.0,3,PROJECT001C__016.DZT
0.084,0.12000000000000001,12.737460016111356,2.978990576816582,1.0,3,PROJECT001C__016.DZT
0.084,0.125,12.737460016111356,2.9740860324357965,1.0,3,PROJECT001C__016.DZT
0.084,0.13,12.737460016111356,2.969321336589718,1.0,3,PROJECT001C__016.DZT
0.084,0.135,12.737460016111356,2.9642395084354973,1.0,3,PROJECT001C__016.DZT
0.084,0.14,12.737460016111356,2.95904446605649,1.0,3,PROJECT001C__016.DZT
0.084,0.14500000000000002,12.737460016111356,2.95375652906222,1.0,3,PROJECT001C__016.DZT
0.084,0.15000000000000002,12.737460016111356,2.9486310306972796,1.0,3,PROJECT001C__016.DZT
0.084,0.15500000000000003,12.737460016111356,2.9435686218835553,1.0,3,PROJECT001C__016.DZT
0.084,0.15999999999999998,12.737460016111356,2.9386651590072255,1.0,3,PROJECT001C__016.DZT
0.084,0.16499999999999998,12.737460016111356,2.933534272756283,1.0,3,PROJECT001C__016.DZT
0.084,0.16999999999999998,12.737460016111356,2.928155490749925,1.0,3,PROJECT001C__016.DZT
0.084,0.175,12.737460016111356,2.9229883693523067,1.0,3,PROJECT001C__016.DZT
0.084,0.18,12.737460016111356,2.917717739070126,1.0,3,PROJECT001C__016.DZT
0.084,0.185,12.737460016111356,2.9123181653451513,1.0,3,PROJECT001C__016.DZT
0.084,0.19,12.737460016111356,2.9069288522902226,1.0,3,PROJECT001C__016.DZT
0.084,0.195,12.737460016111356,2.9011589265470263,1.0,3,PROJECT001C__016.DZT
0.084,0.2,12.737460016111356,2.895021070088394,1.0,3,PROJECT001C__016.DZT
0.084,0.20500000000000002,12.737460016111356,2.8887574824086246,1.0,3,PROJECT001C__016.DZT
0.084,0.21000000000000002,12.737460016111356,2.882435164292589,1.0,3,PROJECT001C__016.DZT
0.084,0.21500000000000002,12.737460016111356,2.876010069153066,1.0,3,PROJECT001C__016.DZT
0.084,0.22000000000000003,12.737460016111356,2.8692940298799576,1.0,3,PROJECT001C__016.DZT
0.084,0.22500000000000003,12.737460016111356,2.8623419919123365,1.0,3,PROJECT001C__016.DZT
0.084,0.23000000000000004,12.737460016111356,2.8554462472729227,1.0,3,PROJECT001C__016.DZT
0.084,0.23500000000000004,12.737460016111356,2.8487233200918247,1.0,3,PROJECT001C__016.DZT
0.084,0.24,12.737460016111356,2.8422039434679465,1.0,3,PROJECT001C__016.DZT
0.084,0.245,12.737460016111356,2.8358299073753055,1.0,3,PROJECT001C__016.DZT
0.084,0.25,12.737460016111356,2.8297145040754756,1.0,3,PROJECT001C__016.DZT
0.08600000000000001,-0.05,12.151908852580007,3.1553556718293314,1.0,3,PROJECT001C__016.DZT
0.08600000000000001,-0.045000000000000005,12.151908852580007,3.1511790836289015,1.0,3,PROJECT001C__016.DZT
0.08600000000000001,-0.04,12.151908852580007,3.146983181983295,1.0,3,PROJECT001C__016.DZT
0.08600000000000001,-0.035,12.151908852580007,3.142870818797578,1.0,3,PROJECT001C__016.DZT
0.08600000000000001,-0.030000000000000002,12.151908852580007,3.13918247714208,1.0,3,PROJECT001C__016.DZT
0.08600000000000001,-0.025,12.151908852580007,3.135759008584874,1.0,3,PROJECT001C__016.DZT
0.08600000000000001,-0.020000000000000004,12.151908852580007,3.1323632675412427,1.0,3,PROJECT001C__016.DZT
0.08600000000000001,-0.015,12.151908852580007,3.1286123353860096,1.0,3,PROJECT001C__016.DZT
0.08600000000000001,-0.010000000000000002,12.151908852580007,3.1245261919865404,1.0,3,PROJECT001C__016.DZT
0.08600000000000001,-0.0050000000000000044,12.151908852580007,3.120593817828704,1.0,3,PROJECT001C__016.DZT
0.08600000000000001,0.0,12.151908852580007,3.1166632051446985,1.0,3,PROJECT001C__016.DZT
0.08600000000000001,0.0049999999999999975,12.151908852580007,3.112762584001197,1.0,3,PROJECT001C__016.DZT
0.08600000000000001,0.009999999999999995,12.151908852580007,3.1089109758974325,1.0,3,PROJECT001C__016.DZT
0.08600000000000001,0.015,12.151908852580007,3.1050213509093543,1.0,3,PROJECT001C__016.DZT
0.08600000000000001,0.020000000000000004,12.151908852580007,3.1007896055711903,1.0,3,PROJECT001C__016.DZT
0.08600000000000001,0.024999999999999994,12.151908852580007,3.096556824729809,1.0,3,PROJECT001C__016.DZT
0.08600000000000001,0.03,12.151908852580007,3.0922192287574233,1.0,3,PROJECT001C__016.DZT
0.08600000000000001,0.035,12.151908852580007,3.087710651885305,1.0,3,PROJECT001C__016.DZT
0.08600000000000001,0.039999999999999994,12.151908852580007,3.083085914133543,1.0,3,PROJECT001C__016.DZT
0.08600000000000001,0.045,12.151908852580007,3.0783039117902735,1.0,3,PROJECT001C__016.DZT
0.08600000000000001,0.05,12.151908852580007,3.073434981719094,1.0,3,PROJECT001C__016.DZT
0.08600000000000001,0.05499999999999999,12.151908852580007,3.0684475285204784,1.0,3,PROJECT001C__016.DZT
0.08600000000000001,0.06,12.151908852580007,3.063822018746091,1.0,3,PROJECT001C__016.DZT
0.08600000000000001,0.065,12.151908852580007,3.0593593180746637,1.0,3,PROJECT001C__016.DZT
0.08600000000000001,0.06999999999999999,12.151908852580007,3.0550454357553307,1.0,3,PROJECT001C__016.DZT
0.08600000000000001,0.075,12.151908852580007,3.0506462889724104,1.0,3,PROJECT001C__016.DZT
0.08600000000000001,0.08,12.151908852580007,3.0466046892286696,1.0,3,PROJECT001C__016.DZT
0.08600000000000001,0.085,12.151908852580007,3.0423938076548716,1.0,3,PROJECT001C__016.DZT
0.08600000000000001,0.09000000000000001,12.151908852580007,3.038218701298462,1.0,3,PROJECT001C__016.DZT
0.08600000000000001,0.09499999999999999,12.151908852580007,3.0339674254177216,1.0,3,PROJECT001C__016.DZT
0.08600000000000001,0.09999999999999999,12.151908852580007,3.0297217732043067,1.0,3,PROJECT001C__016.DZT
0.08600000000000001,0.105,12.151908852580007,3.025266144220813,1.0,3,PROJECT001C__016.DZT
0.08600000000000001,0.11,12.151908852580007,3.0206450575077013,1.0,3,PROJECT001C__016.DZT
0.08600000000000001,0.115,12.151908852580007,3.01593685950778,1.0,3,PROJECT001C__016.DZT
0.08600000000000001,0.12000000000000001,12.151908852580007,3.011215485408242,1.0,3,PROJECT001C__016.DZT
0.08600000000000001,0.125,12.151908852580007,3.0064665684333143,1.0,3,PROJECT001C__016.DZT
0.08600000000000001,0.13,12.151908852580007,3.001642849866093,1.0,3,PROJECT001C__016.DZT
0.08600000000000001,0.135,12.151908852580007,2.996705472521349,1.0,3,PROJECT001C__016.DZT
0.08600000000000001,0.14,12.151908852580007,2.9914054785688946,1.0,3,PROJECT001C__016.DZT
0.08600000000000001,0.14500000000000002,12.151908852580007,2.9861197676750297,1.0,3,PROJECT001C__016.DZT
0.08600000000000001,0.15000000000000002,12.151908852580007,2.9808164721540074,1.0,3,PROJECT001C__016.DZT
0.08600000000000001,0.15500000000000003,12.151908852580007,2.975736851641461,1.0,3,PROJECT001C__016.DZT
0.08600000000000001,0.15999999999999998,12.151908852580007,2.9710106458241703,1.0,3,PROJECT001C__016.DZT
0.08600000000000001,0.16499999999999998,12.151908852580007,2.966436503820779,1.0,3,PROJECT001C__016.DZT
0.08600000000000001,0.16999999999999998,12.151908852580007,2.9615403297067573,1.0,3,PROJECT001C__016.DZT
0.08600000000000001,0.175,12.151908852580007,2.956704277973356,1.0,3,PROJECT001C__016.DZT
0.08600000000000001,0.18,12.151908852580007,2.951651004140461,1.0,3,PROJECT001C__016.DZT
0.08600000000000001,0.185,12.151908852580007,2.94659233712312,1.0,3,PROJECT001C__016.DZT
0.08600000000000001,0.19,12.151908852580007,2.941435237778285,1.0,3,PROJECT001C__016.DZT
0.08600000000000001,0.195,12.151908852580007,2.9362322874207103,1.0,3,PROJECT001C__016.DZT
0.08600000000000001,0.2,12.151908852580007,2.930593292285842,1.0,3,PROJECT001C__016.DZT
0.08600000000000001,0.20500000000000002,12.151908852580007,2.9249891084862862,1.0,3,PROJECT001C__016.DZT
0.08600000000000001,0.21000000000000002,12.151908852580007,2.9193387110520557,1.0,3,PROJECT001C__016.DZT
0.08600000000000001,0.21500000000000002,12.151908852580007,2.9135383297205255,1.0,3,PROJECT001C__016.DZT
0.08600000000000001,0.22000000000000003,12.151908852580007,2.9076521506909336,1.0,3,PROJECT001C__016.DZT
0.08600000000000001,0.22500000000000003,12.151908852580007,2.9014110846804115,1.0,3,PROJECT001C__016.DZT
0.08600000000000001,0.23000000000000004,12.151908852580007,2.8946059370715056,1.0,3,PROJECT001C__016.DZT
0.08600000000000001,0.23500000000000004,12.151908852580007,2.8876713252509947,1.0,3,PROJECT001C__016.DZT
0.08600000000000001,0.24,12.151908852580007,2.8808689473609115,1.0,3,PROJECT001C__016.DZT
0.08600000000000001,0.245,12.151908852580007,2.874245298183551,1.0,3,PROJECT001C__016.DZT
0.08600000000000001,0.25,12.151908852580007,2.867712094229925,1.0,3,PROJECT001C__016.DZT
0.088,-0.05,11.605826171704773,3.188155129669989,1.0,3,PROJECT001C__016.DZT
0.088,-0.045000000000000005,11.605826171704773,3.184228419176209,1.0,3,PROJECT001C__016.DZT
0.088,-0.04,11.605826171704773,3.1802072746187364,1.0,3,PROJECT001C__016.DZT
0.088,-0.035,11.605826171704773,3.1763781825074475,1.0,3,PROJECT001C__016.DZT
0.088,-0.030000000000000002,11.605826171704773,3.1725542110548886,1.0,3,PROJECT001C__016.DZT
0.088,-0.025,11.605826171704773,3.1687805638344604,1.0,3,PROJECT001C__016.DZT
0.088,-0.020000000000000004,11.605826171704773,3.165153629407753,1.0,3,PROJECT001C__016.DZT
0.088,-0.015,11.605826171704773,3.1615209640800495,1.0,3,PROJECT001C__016.DZT
0.088,-0.010000000000000002,11.605826171704773,3.157785561296668,1.0,3,PROJECT001C__016.DZT
0.088,-0.0050000000000000044,11.605826171704773,3.1540216711228535,1.0,3,PROJECT001C__016.DZT
0.088,0.0,11.605826171704773,3.1504064183399727,1.0,3,PROJECT001C__016.DZT
0.088,0.0049999999999999975,11.605826171704773,3.1467376523243296,1.0,3,PROJECT001C__016.DZT
0.088,0.009999999999999995,11.605826171704773,3.1432016883118608,1.0,3,PROJECT001C__016.DZT
0.088,0.015,11.605826171704773,3.1398517194052076,1.0,3,PROJECT001C__016.DZT
0.088,0.020000000000000004,11.605826171704773,3.1365021513461593,1.0,3,PROJECT001C__016.DZT
0.088,0.024999999999999994,11.605826171704773,3.132308285746277,1.0,3,PROJECT001C__016.DZT
0.088,0.03,11.605826171704773,3.1278676610401934,1.0,3,PROJECT001C__016.DZT
0.088,0.035,11.605826171704773,3.12336520918978,1.0,3,PROJECT001C__016.DZT
0.088,0.039999999999999994,11.605826171704773,3.1186806263582962,1.0,3,PROJECT001C__016.DZT
0.088,0.045,11.605826171704773,3.114012064057784,1.0,3,PROJECT001C__016.DZT
0.088,0.05,11.605826171704773,3.109353022256688,1.0,3,PROJECT001C__016.DZT
0.088,0.05499999999999999,11.605826171704773,3.1045675668194597,1.0,3,PROJECT001C__016.DZT
0.088,0.06,11.605826171704773,3.09962709095313,1.0,3,PROJECT001C__016.DZT
0.088,0.065,11.605826171704773,3.094887105581444,1.0,3,PROJECT001C__016.DZT
0.088,0.06999999999999999,11.605826171704773,3.0902393105245536,1.0,3,PROJECT001C__016.DZT
0.088,0.075,11.605826171704773,3.0856993692353867,1.0,3,PROJECT001C__016.DZT
0.088,0.08,11.605826171704773,3.0811654316722183,1.0,3,PROJECT001C__016.DZT
0.088,0.085,11.605826171704773,3.0766395677229164,1.0,3,PROJECT001C__016.DZT
0.088,0.09000000000000001,11.605826171704773,3.071842243787015,1.0,3,PROJECT001C__016.DZT
0.088,0.09499999999999999,11.605826171704773,3.0672313401651254,1.0,3,PROJECT001C__016.DZT
0.088,0.09999999999999999,11.605826171704773,3.062833177288263,1.0,3,PROJECT001C__016.DZT
0.088,0.105,11.605826171704773,3.058613483548816,1.0,3,PROJECT001C__016.DZT
0.088,0.11,11.605826171704773,3.0540229086751274,1.0,3,PROJECT001C__016.DZT
0.088,0.115,11.605826171704773,3.0496220653685264,1.0,3,PROJECT001C__016.DZT
0.088,0.12000000000000001,11.605826171704773,3.044959745598142,1.0,3,PROJECT001C__016.DZT
0.088,0.125,11.605826171704773,3.040061937777839,1.0,3,PROJECT001C__016.DZT
0.088,0.13,11.605826171704773,3.035154026765794,1.0,3,PROJECT001C__016.DZT
0.088,0.135,11.605826171704773,3.0299437816866615,1.0,3,PROJECT001C__016.DZT
0.088,0.14,11.605826171704773,3.024600537364296,1.0,3,PROJECT001C__016.DZT
0.088,0.14500000000000002,11.605826171704773,3.0191364044998656,1.0,3,PROJECT001C__016.DZT
0.088,0.15000000000000002,11.605826171704773,3.013743480029987,1.0,3,PROJECT001C__016.DZT
0.088,0.15500000000000003,11.605826171704773,3.008469046272056,1.0,3,PROJECT001C__016.DZT
0.088,0.15999999999999998,11.605826171704773,3.003530851015599,1.0,3,PROJECT001C__016.DZT
0.088,0.16499999999999998,11.605826171704773,2.9986789305949375,1.0,3,PROJECT001C__016.DZT
0.088,0.16999999999999998,11.605826171704773,2.9937047907111456,1.0,3,PROJECT001C__016.DZT
0.088,0.175,11.605826171704773,2.9888957168014674,1.0,3,PROJECT001C__016.DZT
0.088,0.18,11.605826171704773,2.9838261241434787,1.0,3,PROJECT001C__016.DZT
0.088,0.185,11.605826171704773,2.9787730285900555,1.0,3,PROJECT001C__016.DZT
0.088,0.19,11.605826171704773,2.974082288799586,1.0,3,PROJECT001C__016.DZT
0.088,0.195,11.605826171704773,2.9691965078035643,1.0,3,PROJECT001C__016.DZT
0.088,0.2,11.605826171704773,2.964083928241687,1.0,3,PROJECT001C__016.DZT
0.088,0.20500000000000002,11.605826171704773,2.958847356409921,1.0,3,PROJECT001C__016.DZT
0.088,0.21000000000000002,11.605826171704773,2.9532849517443958,1.0,3,PROJECT001C__016.DZT
0.088,0.21500000000000002,11.605826171704773,2.9476979797455343,1.0,3,PROJECT001C__016.DZT
0.088,0.22000000000000003,11.605826171704773,2.9417975275709503,1.0,3,PROJECT001C__016.DZT
0.088,0.22500000000000003,11.605826171704773,2.9357293010326324,1.0,3,PROJECT001C__016.DZT
0.088,0.23000000000000004,11.605826171704773,2.9292454303441873,1.0,3,PROJECT001C__016.DZT
0.088,0.23500000000000004,11.605826171704773,2.92275183166385,1.0,3,PROJECT001C__016.DZT
0.088,0.24,11.605826171704773,2.916372162928063,1.0,3,PROJECT001C__016.DZT
0.088,0.245,11.605826171704773,2.9100527821295237,1.0,3,PROJECT001C__016.DZT
0.088,0.25,11.605826171704773,2.903924951382276,1.0,3,PROJECT001C__016.DZT
0.09,-0.05,11.095742947368118,3.2191370635091907,1.0,3,PROJECT001C__016.DZT
0.09,-0.045000000000000005,11.095742947368118,3.2156044479555645,1.0,3,PROJECT001C__016.DZT
0.09,-0.04,11.095742947368118,3.21212802573118,1.0,3,PROJECT001C__016.DZT
0.09,-0.035,11.095742947368118,3.2087015669895695,1.0,3,PROJECT001C__016.DZT
0.09,-0.030000000000000002,11.095742947368118,3.2053991528828902,1.0,3,PROJECT001C__016.DZT
0.09,-0.025,11.095742947368118,3.202041438844374,1.0,3,PROJECT001C__016.DZT
0.09,-0.020000000000000004,11.095742947368118,3.1988230730132954,1.0,3,PROJECT001C__016.DZT
0.09,-0.015,11.095742947368118,3.1955762747636514,1.0,3,PROJECT001C__016.DZT
0.09,-0.010000000000000002,11.095742947368118,3.1918774096592784,1.0,3,PROJECT001C__016.DZT
0.09,-0.0050000000000000044,11.095742947368118,3.1881989141134977,1.0,3,PROJECT001C__016.DZT
0.09,0.0,11.095742947368118,3.1844472375954687,1.0,3,PROJECT001C__016.DZT
0.09,0.0049999999999999975,11.095742947368118,3.1805832294282577,1.0,3,PROJECT001C__016.DZT
0.09,0.009999999999999995,11.095742947368118,3.1766838834754485,1.0,3,PROJECT001C__016.DZT
0.09,0.015,11.095742947368118,3.172698606033316,1.0,3,PROJECT001C__016.DZT
0.09,0.020000000000000004,11.095742947368118,3.1688377366128897,1.0,3,PROJECT001C__016.DZT
0.09,0.024999999999999994,11.095742947368118,3.1647806351612586,1.0,3,PROJECT001C__016.DZT
0.09,0.03,11.095742947368118,3.1606082891446134,1.0,3,PROJECT001C__016.DZT
0.09,0.035,11.095742947368118,3.1564349546310235,1.0,3,PROJECT001C__016.DZT
0.09,0.039999999999999994,11.095742947368118,3.1522090055170615,1.0,3,PROJECT001C__016.DZT
0.09,0.045,11.095742947368118,3.147944753581266,1.0,3,PROJECT001C__016.DZT
0.09,0.05,11.095742947368118,3.1440362153695687,1.0,3,PROJECT001C__016.DZT
0.09,0.05499999999999999,11.095742947368118,3.140130660500938,1.0,3,PROJECT001C__016.DZT
0.09,0.06,11.095742947368118,3.135890928526655,1.0,3,PROJECT001C__016.DZT
0.09,0.065,11.095742947368118,3.131270337415607,1.0,3,PROJECT001C__016.DZT
0.09,0.06999999999999999,11.095742947368118,3.1265017534476036,1.0,3,PROJECT001C__016.DZT
0.09,0.075,11.095742947368118,3.121795012805308,1.0,3,PROJECT001C__016.DZT
0.09,0.08,11.095742947368118,3.117147438667844,1.0,3,PROJECT001C__016.DZT
0.09,0.085,11.095742947368118,3.1125536482336584,1.0,3,PROJECT001C__016.DZT
0.09,0.09000000000000001,11.095742947368118,3.107973027201178,1.0,3,PROJECT001C__016.DZT
0.09,0.09499999999999999,11.095742947368118,3.1031312457355633,1.0,3,PROJECT001C__016.DZT
0.09,0.09999999999999999,11.095742947368118,3.0985385879761402,1.0,3,PROJECT001C__016.DZT
0.09,0.105,11.095742947368118,3.0940162768033956,1.0,3,PROJECT001C__016.DZT
0.09,0.11,11.095742947368118,3.089462777884314,1.0,3,PROJECT001C__016.DZT
0.09,0.115,11.095742947368118,3.084831351385308,1.0,3,PROJECT001C__016.DZT
0.09,0.12000000000000001,11.095742947368118,3.0800634433428216,1.0,3,PROJECT001C__016.DZT
0.09,0.125,11.095742947368118,3.0747963689972675,1.0,3,PROJECT001C__016.DZT
0.09,0.13,11.095742947368118,3.069615479776331,1.0,3,PROJECT001C__016.DZT
0.09,0.135,11.095742947368118,3.0647743636804683,1.0,3,PROJECT001C__016.DZT
0.09,0.14,11.095742947368118,3.059781557290437,1.0,3,PROJECT001C__016.DZT
0.09,0.14500000000000002,11.095742947368118,3.0548334769293652,1.0,3,PROJECT001C__016.DZT
0.09,0.15000000000000002,11.095742947368118,3.04982811210346,1.0,3,PROJECT001C__016.DZT
0.09,0.15500000000000003,11.095742947368118,3.044714046905712,1.0,3,PROJECT001C__016.DZT
0.09,0.15999999999999998,11.095742947368118,3.0395149707498224,1.0,3,PROJECT001C__016.DZT
0.09,0.16499999999999998,11.095742947368118,3.0342999611351864,1.0,3,PROJECT001C__016.DZT
0.09,0.16999999999999998,11.095742947368118,3.0288666645625306,1.0,3,PROJECT001C__016.DZT
0.09,0.175,11.095742947368118,3.0233110039102944,1.0,3,PROJECT001C__016.DZT
0.09,0.18,11.095742947368118,3.0177372364701163,1.0,3,PROJECT001C__016.DZT
0.09,0.185,11.095742947368118,3.012415202654085,1.0,3,PROJECT001C__016.DZT
0.09,0.19,11.095742947368118,3.007142116157874,1.0,3,PROJECT001C__016.DZT
0.09,0.195,11.095742947368118,3.002119366981068,1.0,3,PROJECT001C__016.DZT
0.09,0.2,11.095742947368118,2.9969540701103945,1.0,3,PROJECT001C__016.DZT
0.09,0.20500000000000002,11.095742947368118,2.991699863994009,1.0,3,PROJECT001C__016.DZT
0.09,0.21000000000000002,11.095742947368118,2.9864006925132074,1.0,3,PROJECT001C__016.DZT
0.09,0.21500000000000002,11.095742947368118,2.9810523717709594,1.0,3,PROJECT001C__016.DZT
0.09,0.22000000000000003,11.095742947368118,2.975851278446882,1.0,3,PROJECT001C__016.DZT
0.09,0.22500000000000003,11.095742947368118,2.9703302779658913,1.0,3,PROJECT001C__016.DZT
0.09,0.23000000000000004,11.095742947368118,2.9645875711265446,1.0,3,PROJECT001C__016.DZT
0.09,0.23500000000000004,11.095742947368118,2.9587870701325887,1.0,3,PROJECT001C__016.DZT
0.09,0.24,11.095742947368118,2.9527822058692834,1.0,3,PROJECT001C__016.DZT
0.09,0.245,11.095742947368118,2.9466531254908226,1.0,3,PROJECT001C__016.DZT
0.09,0.25,11.095742947368118,2.940520948700643,1.0,3,PROJECT001C__016.DZT
0.092,-0.05,10.618563075813064,3.2481043663647227,1.0,3,PROJECT001C__016.DZT
0.092,-0.045000000000000005,10.618563075813064,3.2449859767115807,1.0,3,PROJECT001C__016.DZT
0.092,-0.04,10.618563075813064,3.2418866702270996,1.0,3,PROJECT001C__016.DZT
0.092,-0.035,10.618563075813064,3.2390348243489395,1.0,3,PROJECT001C__016.DZT
0.092,-0.030000000000000002,10.618563075813064,3.2361366267621903,1.0,3,PROJECT001C__016.DZT
0.092,-0.025,10.618563075813064,3.2332307397337416,1.0,3,PROJECT001C__016.DZT
0.092,-0.020000000000000004,10.618563075813064,3.2303114010221727,1.0,3,PROJECT001C__016.DZT
0.092,-0.015,10.618563075813064,3.2272615951919192,1.0,3,PROJECT001C__016.DZT
0.092,-0.010000000000000002,10.618563075813064,3.223699976402914,1.0,3,PROJECT001C__016.DZT
0.092,-0.0050000000000000044,10.618563075813064,3.220083126851332,1.0,3,PROJECT001C__016.DZT
0.092,0.0,10.618563075813064,3.2164451672864653,1.0,3,PROJECT001C__016.DZT
0.092,0.0049999999999999975,10.618563075813064,3.2126068291346477,1.0,3,PROJECT001C__016.DZT
0.092,0.009999999999999995,10.618563075813064,3.2088031346563035,1.0,3,PROJECT001C__016.DZT
0.092,0.015,10.618563075813064,3.2050172250888376,1.0,3,PROJECT001C__016.DZT
0.092,0.020000000000000004,10.618563075813064,3.2012892975928993,1.0,3,PROJECT001C__016.DZT
0.092,0.024999999999999994,10.618563075813064,3.197463483014765,1.0,3,PROJECT001C__016.DZT
0.092,0.03,10.618563075813064,3.1935490528367296,1.0,3,PROJECT001C__016.DZT
0.092,0.035,10.618563075813064,3.18964590979447,1.0,3,PROJECT001C__016.DZT
0.092,0.039999999999999994,10.618563075813064,3.185791342143674,1.0,3,PROJECT001C__016.DZT
0.092,0.045,10.618563075813064,3.181801475526657,1.0,3,PROJECT001C__016.DZT
0.092,0.05,10.618563075813064,3.1779211889835115,1.0,3,PROJECT001C__016.DZT
0.092,0.05499999999999999,10.618563075813064,3.1741202380799947,1.0,3,PROJECT001C__016.DZT
0.092,0.06,10.618563075813064,3.1702403985731524,1.0,3,PROJECT001C__016.DZT
0.092,0.065,10.618563075813064,3.166236426113095,1.0,3,PROJECT001C__016.DZT
0.092,0.06999999999999999,10.618563075813064,3.1620662586758583,1.0,3,PROJECT001C__016.DZT
0.092,0.075,10.618563075813064,3.1578562558988046,1.0,3,PROJECT001C__016.DZT
0.092,0.08,10.618563075813064,3.1535594813536396,1.0,3,PROJECT001C__016.DZT
0.092,0.085,10.618563075813064,3.1493589044411348,1.0,3,PROJECT001C__016.DZT
0.092,0.09000000000000001,10.618563075813064,3.1450042088667938,1.0,3,PROJECT001C__016.DZT
0.092,0.09499999999999999,10.618563075813064,3.14017662253288,1.0,3,PROJECT001C__016.DZT
0.092,0.09999999999999999,10.618563075813064,3.1349500751833266,1.0,3,PROJECT001C__016.DZT
0.092,0.105,10.618563075813064,3.1295268693507547,1.0,3,PROJECT001C__016.DZT
0.092,0.11,10.618563075813064,3.1242509876944986,1.0,3,PROJECT001C__016.DZT
0.092,0.115,10.618563075813064,3.119152045475571,1.0,3,PROJECT001C__016.DZT
0.092,0.12000000000000001,10.618563075813064,3.1141777481398925,1.0,3,PROJECT001C__016.DZT
0.092,0.125,10.618563075813064,3.1092577673602033,1.0,3,PROJECT001C__016.DZT
0.092,0.13,10.618563075813064,3.1043649843697954,1.0,3,PROJECT001C__016.DZT
0.092,0.135,10.618563075813064,3.0997764174316775,1.0,3,PROJECT001C__016.DZT
0.092,0.14,10.618563075813064,3.095139353489041,1.0,3,PROJECT001C__016.DZT
0.092,0.14500000000000002,10.618563075813064,3.090610235373026,1.0,3,PROJECT001C__016.DZT
0.092,0.15000000000000002,10.618563075813064,3.085963622165701,1.0,3,PROJECT001C__016.DZT
0.092,0.15500000000000003,10.618563075813064,3.0809287310739886,1.0,3,PROJECT001C__016.DZT
0.092,0.15999999999999998,10.618563075813064,3.0756870806945464,1.0,3,PROJECT001C__016.DZT
0.092,0.16499999999999998,10.618563075813064,3.0705702685567773,1.0,3,PROJECT001C__016.DZT
0.092,0.16999999999999998,10.618563075813064,3.0654425610513187,1.0,3,PROJECT001C__016.DZT
0.092,0.175,10.618563075813064,3.060214438812349,1.0,3,PROJECT001C__016.DZT
0.092,0.18,10.618563075813064,3.0548156642515383,1.0,3,PROJECT001C__016.DZT
0.092,0.185,10.618563075813064,3.049037514588614,1.0,3,PROJECT001C__016.DZT
0.092,0.19,10.618563075813064,3.0432238201108697,1.0,3,PROJECT001C__016.DZT
0.092,0.195,10.618563075813064,3.0374731414261684,1.0,3,PROJECT001C__016.DZT
0.092,0.2,10.618563075813064,3.0315679016935673,1.0,3,PROJECT001C__016.DZT
0.092,0.20500000000000002,10.618563075813064,3.0257812092506806,1.0,3,PROJECT001C__016.DZT
0.092,0.21000000000000002,10.618563075813064,3.0201239532645907,1.0,3,PROJECT001C__016.DZT
0.092,0.21500000000000002,10.618563075813064,3.014816720933045,1.0,3,PROJECT001C__016.DZT
0.092,0.22000000000000003,10.618563075813064,3.009611425920687,1.0,3,PROJECT001C__016.DZT
0.092,0.22500000000000003,10.618563075813064,3.0045318641958674,1.0,3,PROJECT001C__016.DZT
0.092,0.23000000000000004,10.618563075813064,2.9991516842033072,1.0,3,PROJECT001C__016.DZT
0.092,0.23500000000000004,10.618563075813064,2.9937597039317603,1.0,3,PROJECT001C__016.DZT
0.092,0.24,10.618563075813064,2.988313702809012,1.0,3,PROJECT001C__016.DZT
0.092,0.245,10.618563075813064,2.982810487486404,1.0,3,PROJECT001C__016.DZT
0.092,0.25,10.618563075813064,2.977127235273033,1.0,3,PROJECT001C__016.DZT
0.094,-0.05,10.171516282671089,3.273620755348997,1.0,3,PROJECT001C__016.DZT
0.094,-0.045000000000000005,10.171516282671089,3.270985567579638,1.0,3,PROJECT001C__016.DZT
0.094,-0.04,10.171516282671089,3.268210049811181,1.0,3,PROJECT001C__016.DZT
0.094,-0.035,10.171516282671089,3.2655654532531746,1.0,3,PROJECT001C__016.DZT
0.094,-0.030000000000000002,10.171516282671089,3.262992947489375,1.0,3,PROJECT001C__016.DZT
0.094,-0.025,10.171516282671089,3.2602690564178647,1.0,3,PROJECT001C__016.DZT
0.094,-0.020000000000000004,10.171516282671089,3.2574623381667416,1.0,3,PROJECT001C__016.DZT
0.094,-0.015,10.171516282671089,3.2546610877627358,1.0,3,PROJECT001C__016.DZT
0.094,-0.010000000000000002,10.171516282671089,3.2515394104283573,1.0,3,PROJECT001C__016.DZT
0.094,-0.0050000000000000044,10.171516282671089,3.248386865638516,1.0,3,PROJECT001C__016.DZT
0.094,0.0,10.171516282671089,3.245120569795354,1.0,3,PROJECT001C__016.DZT
0.094,0.0049999999999999975,10.171516282671089,3.2418142296668457,1.0,3,PROJECT001C__016.DZT
0.094,0.009999999999999995,10.171516282671089,3.2385624965896302,1.0,3,PROJECT001C__016.DZT
0.094,0.015,10.171516282671089,3.235209305378992,1.0,3,PROJECT001C__016.DZT
0.094,0.020000000000000004,10.171516282671089,3.231811522325487,1.0,3,PROJECT001C__016.DZT
0.094,0.024999999999999994,10.171516282671089,3.227839849318617,1.0,3,PROJECT001C__016.DZT
0.094,0.03,10.171516282671089,3.2240209747364017,1.0,3,PROJECT001C__016.DZT
0.094,0.035,10.171516282671089,3.2203071945559443,1.0,3,PROJECT001C__016.DZT
0.094,0.039999999999999994,10.171516282671089,3.216632070476154,1.0,3,PROJECT001C__016.DZT
0.094,0.045,10.171516282671089,3.2130174447797564,1.0,3,PROJECT001C__016.DZT
0.094,0.05,10.171516282671089,3.2095344502891643,1.0,3,PROJECT001C__016.DZT
0.094,0.05499999999999999,10.171516282671089,3.2062928118846625,1.0,3,PROJECT001C__016.DZT
0.094,0.06,10.171516282671089,3.2027176045805916,1.0,3,PROJECT001C__016.DZT
0.094,0.065,10.171516282671089,3.199167560602105,1.0,3,PROJECT001C__016.DZT
0.094,0.06999999999999999,10.171516282671089,3.195420220472574,1.0,3,PROJECT001C__016.DZT
0.094,0.075,10.171516282671089,3.191466767778722,1.0,3,PROJECT001C__016.DZT
0.094,0.08,10.171516282671089,3.1872967601493847,1.0,3,PROJECT001C__016.DZT
0.094,0.085,10.171516282671089,3.183080243524463,1.0,3,PROJECT001C__016.DZT
0.094,0.09000000000000001,10.171516282671089,3.178834252862197,1.0,3,PROJECT001C__016.DZT
0.094,0.09499999999999999,10.171516282671089,3.1743228852094973,1.0,3,PROJECT001C__016.DZT
0.094,0.09999999999999999,10.171516282671089,3.169683892200441,1.0,3,PROJECT001C__016.DZT
0.094,0.105,10.171516282671089,3.1648369729934402,1.0,3,PROJECT001C__016.DZT
0.094,0.11,10.171516282671089,3.1599781669941067,1.0,3,PROJECT001C__016.DZT
0.094,0.115,10.171516282671089,3.155336254170601,1.0,3,PROJECT001C__016.DZT
0.094,0.12000000000000001,10.171516282671089,3.150835921491552,1.0,3,PROJECT001C__016.DZT
0.094,0.125,10.171516282671089,3.1461904355007326,1.0,3,PROJECT001C__016.DZT
0.094,0.13,10.171516282671089,3.1414612817809484,1.0,3,PROJECT001C__016.DZT
0.094,0.135,10.171516282671089,3.136462592292288,1.0,3,PROJECT001C__016.DZT
0.094,0.14,10.171516282671089,3.13151208894995,1.0,3,PROJECT001C__016.DZT
0.094,0.14500000000000002,10.171516282671089,3.1267442980607036,1.0,3,PROJECT001C__016.DZT
0.094,0.15000000000000002,10.171516282671089,3.1219227264643528,1.0,3,PROJECT001C__016.DZT
0.094,0.15500000000000003,10.171516282671089,3.1170621386402466,1.0,3,PROJECT001C__016.DZT
0.094,0.15999999999999998,10.171516282671089,3.112045035269873,1.0,3,PROJECT001C__016.DZT
0.094,0.16499999999999998,10.171516282671089,3.107058645111758,1.0,3,PROJECT001C__016.DZT
0.094,0.16999999999999998,10.171516282671089,3.1019358357406674,1.0,3,PROJECT001C__016.DZT
0.094,0.175,10.171516282671089,3.096739141555849,1.0,3,PROJECT001C__016.DZT
0.094,0.18,10.171516282671089,3.0914462767285276,1.0,3,PROJECT001C__016.DZT
0.094,0.185,10.171516282671089,3.085533082108958,1.0,3,PROJECT001C__016.DZT
0.094,0.19,10.171516282671089,3.0794579847375374,1.0,3,PROJECT001C__016.DZT
0.094,0.195,10.171516282671089,3.0734188153694757,1.0,3,PROJECT001C__016.DZT
0.094,0.2,10.171516282671089,3.0676375986491924,1.0,3,PROJECT001C__016.DZT
0.094,0.20500000000000002,10.171516282671089,3.062015501089782,1.0,3,PROJECT001C__016.DZT
0.094,0.21000000000000002,10.171516282671089,3.056424833067505,1.0,3,PROJECT001C__016.DZT
0.094,0.21500000000000002,10.171516282671089,3.050796773434488,1.0,3,PROJECT001C__016.DZT
0.094,0.22000000000000003,10.171516282671089,3.045348853083993,1.0,3,PROJECT001C__016.DZT
0.094,0.22500000000000003,10.171516282671089,3.039981082397919,1.0,3,PROJECT001C__016.DZT
0.094,0.23000000000000004,10.171516282671089,3.0344508750344095,1.0,3,PROJECT001C__016.DZT
0.094,0.23500000000000004,10.171516282671089,3.0288301337440706,1.0,3,PROJECT001C__016.DZT
0.094,0.24,10.171516282671089,3.023312708377414,1.0,3,PROJECT001C__016.DZT
0.094,0.245,10.171516282671089,3.017909819960394,1.0,3,PROJECT001C__016.DZT
0.094,0.25,10.171516282671089,3.012486966459818,1.0,3,PROJECT001C__016.DZT
0.096,-0.05,9.75211782483526,3.2936847899281596,1.0,3,PROJECT001C__016.DZT
0.096,-0.045000000000000005,9.75211782483526,3.2911665711699776,1.0,3,PROJECT001C__016.DZT
0.096,-0.04,9.75211782483526,3.2887924181030406,1.0,3,PROJECT001C__016.DZT
0.096,-0.035,9.75211782483526,3.286378798150647,1.0,3,PROJECT001C__016.DZT
0.096,-0.030000000000000002,9.75211782483526,3.283853904733667,1.0,3,PROJECT001C__016.DZT
0.096,-0.025,9.75211782483526,3.281260624048991,1.0,3,PROJECT001C__016.DZT
0.096,-0.020000000000000004,9.75211782483526,3.2785986347724028,1.0,3,PROJECT001C__016.DZT
0.096,-0.015,9.75211782483526,3.2758845586314727,1.0,3,PROJECT001C__016.DZT
0.096,-0.010000000000000002,9.75211782483526,3.273047278673777,1.0,3,PROJECT001C__016.DZT
0.096,-0.0050000000000000044,9.75211782483526,3.270065366979354,1.0,3,PROJECT001C__016.DZT
0.096,0.0,9.75211782483526,3.267046379189407,1.0,3,PROJECT001C__016.DZT
0.096,0.0049999999999999975,9.75211782483526,3.2640689552458917,1.0,3,PROJECT001C__016.DZT
0.096,0.009999999999999995,9.75211782483526,3.261138643495482,1.0,3,PROJECT001C__016.DZT
0.096,0.015,9.75211782483526,3.2582169395450187,1.0,3,PROJECT001C__016.DZT
0.096,0.020000000000000004,9.75211782483526,3.2552638743826265,1.0,3,PROJECT001C__016.DZT
0.096,0.024999999999999994,9.75211782483526,3.2523917763498686,1.0,3,PROJECT001C__016.DZT
0.096,0.03,9.75211782483526,3.249383646584434,1.0,3,PROJECT001C__016.DZT
0.096,0.035,9.75211782483526,3.246467273214533,1.0,3,PROJECT001C__016.DZT
0.096,0.039999999999999994,9.75211782483526,3.2435797773032724,1.0,3,PROJECT001C__016.DZT
0.096,0.045,9.75211782483526,3.240962509593573,1.0,3,PROJECT001C__016.DZT
0.096,0.05,9.75211782483526,3.238261657748278,1.0,3,PROJECT001C__016.DZT
0.096,0.05499999999999999,9.75211782483526,3.235345838163344,1.0,3,PROJECT001C__016.DZT
0.096,0.06,9.75211782483526,3.231886325128947,1.0,3,PROJECT001C__016.DZT
0.096,0.065,9.75211782483526,3.2282800242685217,1.0,3,PROJECT001C__016.DZT
0.096,0.06999999999999999,9.75211782483526,3.2246485349318497,1.0,3,PROJECT001C__016.DZT
0.096,0.075,9.75211782483526,3.220933828103842,1.0,3,PROJECT001C__016.DZT
0.096,0.08,9.75211782483526,3.216932881002711,1.0,3,PROJECT001C__016.DZT
0.096,0.085,9.75211782483526,3.2131523330679834,1.0,3,PROJECT001C__016.DZT
0.096,0.09000000000000001,9.75211782483526,3.2093836690228312,1.0,3,PROJECT001C__016.DZT
0.096,0.09499999999999999,9.75211782483526,3.2052191543913344,1.0,3,PROJECT001C__016.DZT
0.096,0.09999999999999999,9.75211782483526,3.2011097125514127,1.0,3,PROJECT001C__016.DZT
0.096,0.105,9.75211782483526,3.196969831844516,1.0,3,PROJECT001C__016.DZT
0.096,0.11,9.75211782483526,3.1926200666490097,1.0,3,PROJECT001C__016.DZT
0.096,0.115,9.75211782483526,3.188260074913751,1.0,3,PROJECT001C__016.DZT
0.096,0.12000000000000001,9.75211782483526,3.1840338435623408,1.0,3,PROJECT001C__016.DZT
0.096,0.125,9.75211782483526,3.179925164591724,1.0,3,PROJECT001C__016.DZT
0.096,0.13,9.75211782483526,3.175759486012969,1.0,3,PROJECT001C__016.DZT
0.096,0.135,9.75211782483526,3.1714674540244623,1.0,3,PROJECT001C__016.DZT
0.096,0.14,9.75211782483526,3.1671449236292184,1.0,3,PROJECT001C__016.DZT
0.096,0.14500000000000002,9.75211782483526,3.162930438413394,1.0,3,PROJECT001C__016.DZT
0.096,0.15000000000000002,9.75211782483526,3.158812304546966,1.0,3,PROJECT001C__016.DZT
0.096,0.15500000000000003,9.75211782483526,3.154085837049243,1.0,3,PROJECT001C__016.DZT
0.096,0.15999999999999998,9.75211782483526,3.149082954130512,1.0,3,PROJECT001C__016.DZT
0.096,0.16499999999999998,9.75211782483526,3.1437157722468623,1.0,3,PROJECT001C__016.DZT
0.096,0.16999999999999998,9.75211782483526,3.138042605984458,1.0,3,PROJECT001C__016.DZT
0.096,0.175,9.75211782483526,3.132378878155672,1.0,3,PROJECT001C__016.DZT
0.096,0.18,9.75211782483526,3.1266758111887474,1.0,3,PROJECT001C__016.DZT
0.096,0.185,9.75211782483526,3.1208766069020517,1.0,3,PROJECT001C__016.DZT
0.096,0.19,9.75211782483526,3.115049515528319,1.0,3,PROJECT001C__016.DZT
0.096,0.195,9.75211782483526,3.10941945839555,1.0,3,PROJECT001C__016.DZT
0.096,0.2,9.75211782483526,3.103839096432848,1.0,3,PROJECT001C__016.DZT
0.096,0.20500000000000002,9.75211782483526,3.098491159822847,1.0,3,PROJECT001C__016.DZT
0.096,0.21000000000000002,9.75211782483526,3.093324592495948,1.0,3,PROJECT001C__016.DZT
0.096,0.21500000000000002,9.75211782483526,3.087840573370851,1.0,3,PROJECT001C__016.DZT
0.096,0.22000000000000003,9.75211782483526,3.0823868932975613,1.0,3,PROJECT001C__016.DZT
0.096,0.22500000000000003,9.75211782483526,3.077028215638338,1.0,3,PROJECT001C__016.DZT
0.096,0.23000000000000004,9.75211782483526,3.0720144606849487,1.0,3,PROJECT001C__016.DZT
0.096,0.23500000000000004,9.75211782483526,3.066773665602144,1.0,3,PROJECT001C__016.DZT
0.096,0.24,9.75211782483526,3.0612547574798925,1.0,3,PROJECT001C__016.DZT
0.096,0.245,9.75211782483526,3.0553891768377155,1.0,3,PROJECT001C__016.DZT
0.096,0.25,9.75211782483526,3.049464874008374,1.0,3,PROJECT001C__016.DZT
0.098,-0.05,9.358133889387936,3.304578873724316,1.0,3,PROJECT001C__016.DZT
0.098,-0.045000000000000005,9.358133889387936,3.302704624542153,1.0,3,PROJECT001C__016.DZT
0.098,-0.04,9.358133889387936,3.300789170494607,1.0,3,PROJECT001C__016.DZT
0.098,-0.035,9.358133889387936,3.2986836704731015,1.0,3,PROJECT001C__016.DZT
0.098,-0.030000000000000002,9.358133889387936,3.296867338211408,1.0,3,PROJECT001C__016.DZT
0.098,-0.025,9.358133889387936,3.2950842662403406,1.0,3,PROJECT001C__016.DZT
0.098,-0.020000000000000004,9.358133889387936,3.293206694626561,1.0,3,PROJECT001C__016.DZT
0.098,-0.015,9.358133889387936,3.2912979419227884,1.0,3,PROJECT001C__016.DZT
0.098,-0.010000000000000002,9.358133889387936,3.2892276409349908,1.0,3,PROJECT001C__016.DZT
0.098,-0.0050000000000000044,9.358133889387936,3.2869087937388493,1.0,3,PROJECT001C__016.DZT
0.098,0.0,9.358133889387936,3.284702962605614,1.0,3,PROJECT001C__016.DZT
0.098,0.0049999999999999975,9.358133889387936,3.2825981994887137,1.0,3,PROJECT001C__016.DZT
0.098,0.009999999999999995,9.358133889387936,3.280384626333522,1.0,3,PROJECT001C__016.DZT
0.098,0.015,9.358133889387936,3.2779977043345188,1.0,3,PROJECT001C__016.DZT
0.098,0.020000000000000004,9.358133889387936,3.2756620475958766,1.0,3,PROJECT001C__016.DZT
0.098,0.024999999999999994,9.358133889387936,3.2731719462023197,1.0,3,PROJECT001C__016.DZT
0.098,0.03,9.358133889387936,3.2705112607847924,1.0,3,PROJECT001C__016.DZT
0.098,0.035,9.358133889387936,3.2677629169576403,1.0,3,PROJECT001C__016.DZT
0.098,0.039999999999999994,9.358133889387936,3.2648431782351843,1.0,3,PROJECT001C__016.DZT
0.098,0.045,9.358133889387936,3.2619596783124263,1.0,3,PROJECT001C__016.DZT
0.098,0.05,9.358133889387936,3.2590537116662355,1.0,3,PROJECT001C__016.DZT
0.098,0.05499999999999999,9.358133889387936,3.25588953202287,1.0,3,PROJECT001C__016.DZT
0.098,0.06,9.358133889387936,3.2527512741315534,1.0,3,PROJECT001C__016.DZT
0.098,0.065,9.358133889387936,3.2495435300441677,1.0,3,PROJECT001C__016.DZT
0.098,0.06999999999999999,9.358133889387936,3.24629366632827,1.0,3,PROJECT001C__016.DZT
0.098,0.075,9.358133889387936,3.2432162780404528,1.0,3,PROJECT001C__016.DZT
0.098,0.08,9.358133889387936,3.24034614061036,1.0,3,PROJECT001C__016.DZT
0.098,0.085,9.358133889387936,3.2374066350843713,1.0,3,PROJECT001C__016.DZT
0.098,0.09000000000000001,9.358133889387936,3.23419369366691,1.0,3,PROJECT001C__016.DZT
0.098,0.09499999999999999,9.358133889387936,3.2306322387170283,1.0,3,PROJECT001C__016.DZT
0.098,0.09999999999999999,9.358133889387936,3.227191513700259,1.0,3,PROJECT001C__016.DZT
0.098,0.105,9.358133889387936,3.2238132145540823,1.0,3,PROJECT001C__016.DZT
0.098,0.11,9.358133889387936,3.220370313186713,1.0,3,PROJECT001C__016.DZT
0.098,0.115,9.358133889387936,3.216958203484584,1.0,3,PROJECT001C__016.DZT
0.098,0.12000000000000001,9.358133889387936,3.2136385334105815,1.0,3,PROJECT001C__016.DZT
0.098,0.125,9.358133889387936,3.210013683949414,1.0,3,PROJECT001C__016.DZT
0.098,0.13,9.358133889387936,3.2060666887504525,1.0,3,PROJECT001C__016.DZT
0.098,0.135,9.358133889387936,3.2021622300877675,1.0,3,PROJECT001C__016.DZT
0.098,0.14,9.358133889387936,3.197858121612992,1.0,3,PROJECT001C__016.DZT
0.098,0.14500000000000002,9.358133889387936,3.1934267686421953,1.0,3,PROJECT001C__016.DZT
0.098,0.15000000000000002,9.358133889387936,3.1890117903198063,1.0,3,PROJECT001C__016.DZT
0.098,0.15500000000000003,9.358133889387936,3.184531025483052,1.0,3,PROJECT001C__016.DZT
0.098,0.15999999999999998,9.358133889387936,3.1798543888533057,1.0,3,PROJECT001C__016.DZT
0.098,0.16499999999999998,9.358133889387936,3.175018048148423,1.0,3,PROJECT001C__016.DZT
0.098,0.16999999999999998,9.358133889387936,3.170264616976908,1.0,3,PROJECT001C__016.DZT
0.098,0.175,9.358133889387936,3.1656658314205957,1.0,3,PROJECT001C__016.DZT
0.098,0.18,9.358133889387936,3.161202664237256,1.0,3,PROJECT001C__016.DZT
0.098,0.185,9.358133889387936,3.1565058150728347,1.0,3,PROJECT001C__016.DZT
0.098,0.19,9.358133889387936,3.151619391829103,1.0,3,PROJECT001C__016.DZT
0.098,0.195,9.358133889387936,3.1465673116161157,1.0,3,PROJECT001C__016.DZT
0.098,0.2,9.358133889387936,3.1413775931699113,1.0,3,PROJECT001C__016.DZT
0.098,0.20500000000000002,9.358133889387936,3.1362266369211986,1.0,3,PROJECT001C__016.DZT
0.098,0.21000000000000002,9.358133889387936,3.1309546197070888,1.0,3,PROJECT001C__016.DZT
0.098,0.21500000000000002,9.358133889387936,3.1255324674842604,1.0,3,PROJECT001C__016.DZT
0.098,0.22000000000000003,9.358133889387936,3.1200326727547183,1.0,3,PROJECT001C__016.DZT
0.098,0.22500000000000003,9.358133889387936,3.1144399850857893,1.0,3,PROJECT001C__016.DZT
0.098,0.23000000000000004,9.358133889387936,3.1088253950199007,1.0,3,PROJECT001C__016.DZT
0.098,0.23500000000000004,9.358133889387936,3.103018973929947,1.0,3,PROJECT001C__016.DZT
0.098,0.24,9.358133889387936,3.0970214299732377,1.0,3,PROJECT001C__016.DZT
0.098,0.245,9.358133889387936,3.0905237513433774,1.0,3,PROJECT001C__016.DZT
0.098,0.25,9.358133889387936,3.0840300249722365,1.0,3,PROJECT001C__016.DZT
0.1,-0.05,8.987551787368176,3.305832434030061,1.0,3,PROJECT001C__016.DZT
0.1,-0.045000000000000005,8.987551787368176,3.3048003588373103,1.0,3,PROJECT001C__016.DZT
0.1,-0.04,8.987551787368176,3.303830446471737,1.0,3,PROJECT001C__016.DZT
0.1,-0.035,8.987551787368176,3.3026164282316786,1.0,3,PROJECT001C__016.DZT
0.1,-0.030000000000000002,8.987551787368176,3.3014439191694156,1.0,3,PROJECT001C__016.DZT
0.1,-0.025,8.987551787368176,3.3003616239268307,1.0,3,PROJECT001C__016.DZT
0.1,-0.020000000000000004,8.987551787368176,3.299296981432477,1.0,3,PROJECT001C__016.DZT
0.1,-0.015,8.987551787368176,3.298238531919688,1.0,3,PROJECT001C__016.DZT
0.1,-0.010000000000000002,8.987551787368176,3.29680075007928,1.0,3,PROJECT001C__016.DZT
0.1,-0.0050000000000000044,8.987551787368176,3.2954004555498013,1.0,3,PROJECT001C__016.DZT
0.1,0.0,8.987551787368176,3.2938955495441076,1.0,3,PROJECT001C__016.DZT
0.1,0.0049999999999999975,8.987551787368176,3.29234383129104,1.0,3,PROJECT001C__016.DZT
0.1,0.009999999999999995,8.987551787368176,3.290944117609579,1.0,3,PROJECT001C__016.DZT
0.1,0.015,8.987551787368176,3.289352088019344,1.0,3,PROJECT001C__016.DZT
0.1,0.020000000000000004,8.987551787368176,3.2875603736060537,1.0,3,PROJECT001C__016.DZT
0.1,0.024999999999999994,8.987551787368176,3.2855562448673754,1.0,3,PROJECT001C__016.DZT
0.1,0.03,8.987551787368176,3.283214544523961,1.0,3,PROJECT001C__016.DZT
0.1,0.035,8.987551787368176,3.2808960445456052,1.0,3,PROJECT001C__016.DZT
0.1,0.039999999999999994,8.987551787368176,3.278568760745905,1.0,3,PROJECT001C__016.DZT
0.1,0.045,8.987551787368176,3.2760807740377014,1.0,3,PROJECT001C__016.DZT
0.1,0.05,8.987551787368176,3.273570726678622,1.0,3,PROJECT001C__016.DZT
0.1,0.05499999999999999,8.987551787368176,3.271122125910466,1.0,3,PROJECT001C__016.DZT
0.1,0.06,8.987551787368176,3.2686095066986565,1.0,3,PROJECT001C__016.DZT
0.1,0.065,8.987551787368176,3.2661549531228573,1.0,3,PROJECT001C__016.DZT
0.1,0.06999999999999999,8.987551787368176,3.2637283538302597,1.0,3,PROJECT001C__016.DZT
0.1,0.075,8.987551787368176,3.261284355177319,1.0,3,PROJECT001C__016.DZT
0.1,0.08,8.987551787368176,3.258860229233147,1.0,3,PROJECT001C__016.DZT
0.1,0.085,8.987551787368176,3.2564509893260087,1.0,3,PROJECT001C__016.DZT
0.1,0.09000000000000001,8.987551787368176,3.2538265249806138,1.0,3,PROJECT001C__016.DZT
0.1,0.09499999999999999,8.987551787368176,3.2509931269477192,1.0,3,PROJECT001C__016.DZT
0.1,0.09999999999999999,8.987551787368176,3.2481204109393964,1.0,3,PROJECT001C__016.DZT
0.1,0.105,8.987551787368176,3.245287824270727,1.0,3,PROJECT001C__016.DZT
0.1,0.11,8.987551787368176,3.2424401971421104,1.0,3,PROJECT001C__016.DZT
0.1,0.115,8.987551787368176,3.2394531579045904,1.0,3,PROJECT001C__016.DZT
0.1,0.12000000000000001,8.987551787368176,3.236251051445983,1.0,3,PROJECT001C__016.DZT
0.1,0.125,8.987551787368176,3.232424979499033,1.0,3,PROJECT001C__016.DZT
0.1,0.13,8.987551787368176,3.228472567839148,1.0,3,PROJECT001C__016.DZT
0.1,0.135,8.987551787368176,3.22464401662034,1.0,3,PROJECT001C__016.DZT
0.1,0.14,8.987551787368176,3.220851942173416,1.0,3,PROJECT001C__016.DZT
0.1,0.14500000000000002,8.987551787368176,3.2172684637539426,1.0,3,PROJECT001C__016.DZT
0.1,0.15000000000000002,8.987551787368176,3.2138334245081843,1.0,3,PROJECT001C__016.DZT
0.1,0.15500000000000003,8.987551787368176,3.210170209152134,1.0,3,PROJECT001C__016.DZT
0.1,0.15999999999999998,8.987551787368176,3.206509116796297,1.0,3,PROJECT001C__016.DZT
0.1,0.16499999999999998,8.987551787368176,3.2026750249337517,1.0,3,PROJECT001C__016.DZT
0.1,0.16999999999999998,8.987551787368176,3.1987853238249215,1.0,3,PROJECT001C__016.DZT
0.1,0.175,8.987551787368176,3.194821952871955,1.0,3,PROJECT001C__016.DZT
0.1,0.18,8.987551787368176,3.190894996710355,1.0,3,PROJECT001C__016.DZT
0.1,0.185,8.987551787368176,3.186665530152774,1.0,3,PROJECT001C__016.DZT
0.1,0.19,8.987551787368176,3.182204452680422,1.0,3,PROJECT001C__016.DZT
0.1,0.195,8.987551787368176,3.1776247486785,1.0,3,PROJECT001C__016.DZT
0.1,0.2,8.987551787368176,3.1729285326849976,1.0,3,PROJECT001C__016.DZT
0.1,0.20500000000000002,8.987551787368176,3.1681496287470323,1.0,3,PROJECT001C__016.DZT
0.1,0.21000000000000002,8.987551787368176,3.1633112744376164,1.0,3,PROJECT001C__016.DZT
0.1,0.21500000000000002,8.987551787368176,3.1578838510757614,1.0,3,PROJECT001C__016.DZT
0.1,0.22000000000000003,8.987551787368176,3.152514698227646,1.0,3,PROJECT001C__016.DZT
0.1,0.22500000000000003,8.987551787368176,3.146755983164739,1.0,3,PROJECT001C__016.DZT
0.1,0.23000000000000004,8.987551787368176,3.1411122660412563,1.0,3,PROJECT001C__016.DZT
0.1,0.23500000000000004,8.987551787368176,3.135701847466105,1.0,3,PROJECT001C__016.DZT
0.1,0.24,8.987551787368176,3.1301792629298837,1.0,3,PROJECT001C__016.DZT
0.1,0.245,8.987551787368176,3.12473523709544,1.0,3,PROJECT001C__016.DZT
0.1,0.25,8.987551787368176,3.1194195593130996,1.0,3,PROJECT001C__016.DZT
0.10200000000000001,-0.05,8.638554197777946,3.299241865042111,1.0,3,PROJECT001C__016.DZT
0.10200000000000001,-0.045000000000000005,8.638554197777946,3.2988923732353683,1.0,3,PROJECT001C__016.DZT
0.10200000000000001,-0.04,8.638554197777946,3.298549100481558,1.0,3,PROJECT001C__016.DZT
0.10200000000000001,-0.035,8.638554197777946,3.298108344256903,1.0,3,PROJECT001C__016.DZT
0.10200000000000001,-0.030000000000000002,8.638554197777946,3.297742310634669,1.0,3,PROJECT001C__016.DZT
0.10200000000000001,-0.025,8.638554197777946,3.29738668389543,1.0,3,PROJECT001C__016.DZT
0.10200000000000001,-0.020000000000000004,8.638554197777946,3.2970812517818016,1.0,3,PROJECT001C__016.DZT
0.10200000000000001,-0.015,8.638554197777946,3.2965520768428482,1.0,3,PROJECT001C__016.DZT
0.10200000000000001,-0.010000000000000002,8.638554197777946,3.296122328513358,1.0,3,PROJECT001C__016.DZT
0.10200000000000001,-0.0050000000000000044,8.638554197777946,3.2954984095276814,1.0,3,PROJECT001C__016.DZT
0.10200000000000001,0.0,8.638554197777946,3.294640888454991,1.0,3,PROJECT001C__016.DZT
0.10200000000000001,0.0049999999999999975,8.638554197777946,3.293665864903755,1.0,3,PROJECT001C__016.DZT
0.10200000000000001,0.009999999999999995,8.638554197777946,3.292634062861288,1.0,3,PROJECT001C__016.DZT
0.10200000000000001,0.015,8.638554197777946,3.2914880433475315,1.0,3,PROJECT001C__016.DZT
0.10200000000000001,0.020000000000000004,8.638554197777946,3.2901947941912693,1.0,3,PROJECT001C__016.DZT
0.10200000000000001,0.024999999999999994,8.638554197777946,3.2886249585756797,1.0,3,PROJECT001C__016.DZT
0.10200000000000001,0.03,8.638554197777946,3.2870124244182293,1.0,3,PROJECT001C__016.DZT
0.10200000000000001,0.035,8.638554197777946,3.2852748692501472,1.0,3,PROJECT001C__016.DZT
0.10200000000000001,0.039999999999999994,8.638554197777946,3.2839071632644994,1.0,3,PROJECT001C__016.DZT
0.10200000000000001,0.045,8.638554197777946,3.282500866528095,1.0,3,PROJECT001C__016.DZT
0.10200000000000001,0.05,8.638554197777946,3.280960731470611,1.0,3,PROJECT001C__016.DZT
0.10200000000000001,0.05499999999999999,8.638554197777946,3.2794866515720664,1.0,3,PROJECT001C__016.DZT
0.10200000000000001,0.06,8.638554197777946,3.2777123586060775,1.0,3,PROJECT001C__016.DZT
0.10200000000000001,0.065,8.638554197777946,3.275795042345392,1.0,3,PROJECT001C__016.DZT
0.10200000000000001,0.06999999999999999,8.638554197777946,3.273973074850517,1.0,3,PROJECT001C__016.DZT
0.10200000000000001,0.075,8.638554197777946,3.2720167860461475,1.0,3,PROJECT001C__016.DZT
0.10200000000000001,0.08,8.638554197777946,3.2699138646420085,1.0,3,PROJECT001C__016.DZT
0.10200000000000001,0.085,8.638554197777946,3.2678317286084018,1.0,3,PROJECT001C__016.DZT
0.10200000000000001,0.09000000000000001,8.638554197777946,3.265565834714465,1.0,3,PROJECT001C__016.DZT
0.10200000000000001,0.09499999999999999,8.638554197777946,3.2632546052119227,1.0,3,PROJECT001C__016.DZT
0.10200000000000001,0.09999999999999999,8.638554197777946,3.2607594767512045,1.0,3,PROJECT001C__016.DZT
0.10200000000000001,0.105,8.638554197777946,3.2581789307969067,1.0,3,PROJECT001C__016.DZT
0.10200000000000001,0.11,8.638554197777946,3.2555923545110494,1.0,3,PROJECT001C__016.DZT
0.10200000000000001,0.115,8.638554197777946,3.2529169824083297,1.0,3,PROJECT001C__016.DZT
0.10200000000000001,0.12000000000000001,8.638554197777946,3.250118929748796,1.0,3,PROJECT001C__016.DZT
0.10200000000000001,0.125,8.638554197777946,3.24718149836143,1.0,3,PROJECT001C__016.DZT
0.10200000000000001,0.13,8.638554197777946,3.2443310840614092,1.0,3,PROJECT001C__016.DZT
0.10200000000000001,0.135,8.638554197777946,3.2417491513092838,1.0,3,PROJECT001C__016.DZT
0.10200000000000001,0.14,8.638554197777946,3.2392196060735636,1.0,3,PROJECT001C__016.DZT
0.10200000000000001,0.14500000000000002,8.638554197777946,3.2366367117249824,1.0,3,PROJECT001C__016.DZT
0.10200000000000001,0.15000000000000002,8.638554197777946,3.2340406633063057,1.0,3,PROJECT001C__016.DZT
0.10200000000000001,0.15500000000000003,8.638554197777946,3.230813825471266,1.0,3,PROJECT001C__016.DZT
0.10200000000000001,0.15999999999999998,8.638554197777946,3.2274974521116437,1.0,3,PROJECT001C__016.DZT
0.10200000000000001,0.16499999999999998,8.638554197777946,3.2241957339845357,1.0,3,PROJECT001C__016.DZT
0.10200000000000001,0.16999999999999998,8.638554197777946,3.2208801114833006,1.0,3,PROJECT001C__016.DZT
0.10200000000000001,0.175,8.638554197777946,3.217566680703912,1.0,3,PROJECT001C__016.DZT
0.10200000000000001,0.18,8.638554197777946,3.214016846980949,1.0,3,PROJECT001C__016.DZT
0.10200000000000001,0.185,8.638554197777946,3.2102059530830247,1.0,3,PROJECT001C__016.DZT
0.10200000000000001,0.19,8.638554197777946,3.205970503789043,1.0,3,PROJECT001C__016.DZT
0.10200000000000001,0.195,8.638554197777946,3.201705741769898,1.0,3,PROJECT001C__016.DZT
0.10200000000000001,0.2,8.638554197777946,3.1973134198556203,1.0,3,PROJECT001C__016.DZT
0.10200000000000001,0.20500000000000002,8.638554197777946,3.1929657525134076,1.0,3,PROJECT001C__016.DZT
0.10200000000000001,0.21000000000000002,8.638554197777946,3.1885439882827042,1.0,3,PROJECT001C__016.DZT
0.10200000000000001,0.21500000000000002,8.638554197777946,3.1841449459523026,1.0,3,PROJECT001C__016.DZT
0.10200000000000001,0.22000000000000003,8.638554197777946,3.179592021181618,1.0,3,PROJECT001C__016.DZT
0.10200000000000001,0.22500000000000003,8.638554197777946,3.175182340924931,1.0,3,PROJECT001C__016.DZT
0.10200000000000001,0.23000000000000004,8.638554197777946,3.1708616494498103,1.0,3,PROJECT001C__016.DZT
0.10200000000000001,0.23500000000000004,8.638554197777946,3.166625980427755,1.0,3,PROJECT001C__016.DZT
0.10200000000000001,0.24,8.638554197777946,3.162075595464835,1.0,3,PROJECT001C__016.DZT
0.10200000000000001,0.245,8.638554197777946,3.1572176977903457,1.0,3,PROJECT001C__016.DZT
0.10200000000000001,0.25,8.638554197777946,3.1519831948817973,1.0,3,PROJECT001C__016.DZT
0.10400000000000001,-0.05,8.309496844830042,3.28861005404193,1.0,3,PROJECT001C__016.DZT
0.10400000000000001,-0.045000000000000005,8.309496844830042,3.288763295500685,1.0,3,PROJECT001C__016.DZT
0.10400000000000001,-0.04,8.309496844830042,3.2889534181478175,1.0,3,PROJECT001C__016.DZT
0.10400000000000001,-0.035,8.309496844830042,3.288989001770764,1.0,3,PROJECT001C__016.DZT
0.10400000000000001,-0.030000000000000002,8.309496844830042,3.2888708755846303,1.0,3,PROJECT001C__016.DZT
0.10400000000000001,-0.025,8.309496844830042,3.288537085319691,1.0,3,PROJECT001C__016.DZT
0.10400000000000001,-0.020000000000000004,8.309496844830042,3.288322230563081,1.0,3,PROJECT001C__016.DZT
0.10400000000000001,-0.015,8.309496844830042,3.288161781211929,1.0,3,PROJECT001C__016.DZT
0.10400000000000001,-0.010000000000000002,8.309496844830042,3.2878832308390504,1.0,3,PROJECT001C__016.DZT
0.10400000000000001,-0.0050000000000000044,8.309496844830042,3.287611406702512,1.0,3,PROJECT001C__016.DZT
0.10400000000000001,0.0,8.309496844830042,3.287227208266458,1.0,3,PROJECT001C__016.DZT
0.10400000000000001,0.0049999999999999975,8.309496844830042,3.286717933143096,1.0,3,PROJECT001C__016.DZT
0.10400000000000001,0.009999999999999995,8.309496844830042,3.286166908050536,1.0,3,PROJECT001C__016.DZT
0.10400000000000001,0.015,8.309496844830042,3.2856658954702596,1.0,3,PROJECT001C__016.DZT
0.10400000000000001,0.020000000000000004,8.309496844830042,3.285058948675541,1.0,3,PROJECT001C__016.DZT
0.10400000000000001,0.024999999999999994,8.309496844830042,3.2843847716198056,1.0,3,PROJECT001C__016.DZT
0.10400000000000001,0.03,8.309496844830042,3.283671791053179,1.0,3,PROJECT001C__016.DZT
0.10400000000000001,0.035,8.309496844830042,3.2828776334706578,1.0,3,PROJECT001C__016.DZT
0.10400000000000001,0.039999999999999994,8.309496844830042,3.282038130908271,1.0,3,PROJECT001C__016.DZT
0.10400000000000001,0.045,8.309496844830042,3.281287142357139,1.0,3,PROJECT001C__016.DZT
0.10400000000000001,0.05,8.309496844830042,3.2805781576615005,1.0,3,PROJECT001C__016.DZT
0.10400000000000001,0.05499999999999999,8.309496844830042,3.2795738988195438,1.0,3,PROJECT001C__016.DZT
0.10400000000000001,0.06,8.309496844830042,3.278466360617768,1.0,3,PROJECT001C__016.DZT
0.10400000000000001,0.065,8.309496844830042,3.2772495491648943,1.0,3,PROJECT001C__016.DZT
0.10400000000000001,0.06999999999999999,8.309496844830042,3.2760561749312385,1.0,3,PROJECT001C__016.DZT
0.10400000000000001,0.075,8.309496844830042,3.274909217206025,1.0,3,PROJECT001C__016.DZT
0.10400000000000001,0.08,8.309496844830042,3.273458355680564,1.0,3,PROJECT001C__016.DZT
0.10400000000000001,0.085,8.309496844830042,3.2720641563369703,1.0,3,PROJECT001C__016.DZT
0.10400000000000001,0.09000000000000001,8.309496844830042,3.2702269583718446,1.0,3,PROJECT001C__016.DZT
0.10400000000000001,0.09499999999999999,8.309496844830042,3.268183390689636,1.0,3,PROJECT001C__016.DZT
0.10400000000000001,0.09999999999999999,8.309496844830042,3.2661674594649903,1.0,3,PROJECT001C__016.DZT
0.10400000000000001,0.105,8.309496844830042,3.264118065172011,1.0,3,PROJECT001C__016.DZT
0.10400000000000001,0.11,8.309496844830042,3.261948944002146,1.0,3,PROJECT001C__016.DZT
0.10400000000000001,0.115,8.309496844830042,3.2598482459519036,1.0,3,PROJECT001C__016.DZT
0.10400000000000001,0.12000000000000001,8.309496844830042,3.2578394799228363,1.0,3,PROJECT001C__016.DZT
0.10400000000000001,0.125,8.309496844830042,3.25572370428525,1.0,3,PROJECT001C__016.DZT
0.10400000000000001,0.13,8.309496844830042,3.2536510459517083,1.0,3,PROJECT001C__016.DZT
0.10400000000000001,0.135,8.309496844830042,3.251561465889761,1.0,3,PROJECT001C__016.DZT
0.10400000000000001,0.14,8.309496844830042,3.249407709095939,1.0,3,PROJECT001C__016.DZT
0.10400000000000001,0.14500000000000002,8.309496844830042,3.24729438746488,1.0,3,PROJECT001C__016.DZT
0.10400000000000001,0.15000000000000002,8.309496844830042,3.244843221010882,1.0,3,PROJECT001C__016.DZT
0.10400000000000001,0.15500000000000003,8.309496844830042,3.242188543866501,1.0,3,PROJECT001C__016.DZT
0.10400000000000001,0.15999999999999998,8.309496844830042,3.2396255532877345,1.0,3,PROJECT001C__016.DZT
0.10400000000000001,0.16499999999999998,8.309496844830042,3.23715714893742,1.0,3,PROJECT001C__016.DZT
0.10400000000000001,0.16999999999999998,8.309496844830042,3.2344343037093686,1.0,3,PROJECT001C__016.DZT
0.10400000000000001,0.175,8.309496844830042,3.23160865259313,1.0,3,PROJECT001C__016.DZT
0.10400000000000001,0.18,8.309496844830042,3.2285988858037573,1.0,3,PROJECT001C__016.DZT
0.10400000000000001,0.185,8.309496844830042,3.225123888255753,1.0,3,PROJECT001C__016.DZT
0.10400000000000001,0.19,8.309496844830042,3.221739010367313,1.0,3,PROJECT001C__016.DZT
0.10400000000000001,0.195,8.309496844830042,3.2184312933348065,1.0,3,PROJECT001C__016.DZT
0.10400000000000001,0.2,8.309496844830042,3.215377548025034,1.0,3,PROJECT001C__016.DZT
0.10400000000000001,0.20500000000000002,8.309496844830042,3.212245535198246,1.0,3,PROJECT001C__016.DZT
0.10400000000000001,0.21000000000000002,8.309496844830042,3.2088037530982434,1.0,3,PROJECT001C__016.DZT
0.10400000000000001,0.21500000000000002,8.309496844830042,3.205169675237769,1.0,3,PROJECT001C__016.DZT
0.10400000000000001,0.22000000000000003,8.309496844830042,3.2014484958701814,1.0,3,PROJECT001C__016.DZT
0.10400000000000001,0.22500000000000003,8.309496844830042,3.1977112404981827,1.0,3,PROJECT001C__016.DZT
0.10400000000000001,0.23000000000000004,8.309496844830042,3.1939383397398404,1.0,3,PROJECT001C__016.DZT
0.10400000000000001,0.23500000000000004,8.309496844830042,3.1898982480355618,1.0,3,PROJECT001C__016.DZT
0.10400000000000001,0.24,8.309496844830042,3.185622298787885,1.0,3,PROJECT001C__016.DZT
0.10400000000000001,0.245,8.309496844830042,3.181143362477227,1.0,3,PROJECT001C__016.DZT
0.10400000000000001,0.25,8.309496844830042,3.176499321173243,1.0,3,PROJECT001C__016.DZT
0.10600000000000001,-0.05,7.998889095201295,3.2731147943745262,1.0,3,PROJECT001C__016.DZT
0.10600000000000001,-0.045000000000000005,7.998889095201295,3.273830085531893,1.0,3,PROJECT001C__016.DZT
0.10600000000000001,-0.04,7.998889095201295,3.274330287751001,1.0,3,PROJECT001C__016.DZT
0.10600000000000001,-0.035,7.998889095201295,3.2745153402511327,1.0,3,PROJECT001C__016.DZT
0.10600000000000001,-0.030000000000000002,7.998889095201295,3.2748385787322056,1.0,3,PROJECT001C__016.DZT
0.10600000000000001,-0.025,7.998889095201295,3.2751542196491417,1.0,3,PROJECT001C__016.DZT
0.10600000000000001,-0.020000000000000004,7.998889095201295,3.275451348510336,1.0,3,PROJECT001C__016.DZT
0.10600000000000001,-0.015,7.998889095201295,3.2758731243801873,1.0,3,PROJECT001C__016.DZT
0.10600000000000001,-0.010000000000000002,7.998889095201295,3.2762231608647254,1.0,3,PROJECT001C__016.DZT
0.10600000000000001,-0.0050000000000000044,7.998889095201295,3.2765364595370925,1.0,3,PROJECT001C__016.DZT
0.10600000000000001,0.0,7.998889095201295,3.2764703136508166,1.0,3,PROJECT001C__016.DZT
0.10600000000000001,0.0049999999999999975,7.998889095201295,3.276275550443104,1.0,3,PROJECT001C__016.DZT
0.10600000000000001,0.009999999999999995,7.998889095201295,3.275869223704255,1.0,3,PROJECT001C__016.DZT
0.10600000000000001,0.015,7.998889095201295,3.275625972112158,1.0,3,PROJECT001C__016.DZT
0.10600000000000001,0.020000000000000004,7.998889095201295,3.275342294923218,1.0,3,PROJECT001C__016.DZT
0.10600000000000001,0.024999999999999994,7.998889095201295,3.2751133648225506,1.0,3,PROJECT001C__016.DZT
0.10600000000000001,0.03,7.998889095201295,3.2748195954775325,1.0,3,PROJECT001C__016.DZT
0.10600000000000001,0.035,7.998889095201295,3.2742897346952113,1.0,3,PROJECT001C__016.DZT
0.10600000000000001,0.039999999999999994,7.998889095201295,3.273904022917614,1.0,3,PROJECT001C__016.DZT
0.10600000000000001,0.045,7.998889095201295,3.273643341954603,1.0,3,PROJECT001C__016.DZT
0.10600000000000001,0.05,7.998889095201295,3.2732438646864974,1.0,3,PROJECT001C__016.DZT
0.10600000000000001,0.05499999999999999,7.998889095201295,3.27278392666679,1.0,3,PROJECT001C__016.DZT
0.10600000000000001,0.06,7.998889095201295,3.272282226900716,1.0,3,PROJECT001C__016.DZT
0.10600000000000001,0.065,7.998889095201295,3.2717192516013784,1.0,3,PROJECT001C__016.DZT
0.10600000000000001,0.06999999999999999,7.998889095201295,3.2709988893707327,1.0,3,PROJECT001C__016.DZT
0.10600000000000001,0.075,7.998889095201295,3.2702484644045153,1.0,3,PROJECT001C__016.DZT
0.10600000000000001,0.08,7.998889095201295,3.269478241097668,1.0,3,PROJECT001C__016.DZT
0.10600000000000001,0.085,7.998889095201295,3.268507347809854,1.0,3,PROJECT001C__016.DZT
0.10600000000000001,0.09000000000000001,7.998889095201295,3.2673205493468527,1.0,3,PROJECT001C__016.DZT
0.10600000000000001,0.09499999999999999,7.998889095201295,3.2661762265421643,1.0,3,PROJECT001C__016.DZT
0.10600000000000001,0.09999999999999999,7.998889095201295,3.265045617463759,1.0,3,PROJECT001C__016.DZT
0.10600000000000001,0.105,7.998889095201295,3.263826089807796,1.0,3,PROJECT001C__016.DZT
0.10600000000000001,0.11,7.998889095201295,3.262622012378115,1.0,3,PROJECT001C__016.DZT
0.10600000000000001,0.115,7.998889095201295,3.2613051030903866,1.0,3,PROJECT001C__016.DZT
0.10600000000000001,0.12000000000000001,7.998889095201295,3.259760832984927,1.0,3,PROJECT001C__016.DZT
0.10600000000000001,0.125,7.998889095201295,3.2580120062769926,1.0,3,PROJECT001C__016.DZT
0.10600000000000001,0.13,7.998889095201295,3.256227871521022,1.0,3,PROJECT001C__016.DZT
0.10600000000000001,0.135,7.998889095201295,3.254431879503414,1.0,3,PROJECT001C__016.DZT
0.10600000000000001,0.14,7.998889095201295,3.252572421970466,1.0,3,PROJECT001C__016.DZT
0.10600000000000001,0.14500000000000002,7.998889095201295,3.250875349266199,1.0,3,PROJECT001C__016.DZT
0.10600000000000001,0.15000000000000002,7.998889095201295,3.2489003757597996,1.0,3,PROJECT001C__016.DZT
0.10600000000000001,0.15500000000000003,7.998889095201295,3.2469245747978674,1.0,3,PROJECT001C__016.DZT
0.10600000000000001,0.15999999999999998,7.998889095201295,3.244861577663677,1.0,3,PROJECT001C__016.DZT
0.10600000000000001,0.16499999999999998,7.998889095201295,3.242746271818112,1.0,3,PROJECT001C__016.DZT
0.10600000000000001,0.16999999999999998,7.998889095201295,3.2405858683911233,1.0,3,PROJECT001C__016.DZT
0.10600000000000001,0.175,7.998889095201295,3.238203596290943,1.0,3,PROJECT001C__016.DZT
0.10600000000000001,0.18,7.998889095201295,3.2355857246872914,1.0,3,PROJECT001C__016.DZT
0.10600000000000001,0.185,7.998889095201295,3.233131735350497,1.0,3,PROJECT001C__016.DZT
0.10600000000000001,0.19,7.998889095201295,3.230776548865375,1.0,3,PROJECT001C__016.DZT
0.10600000000000001,0.195,7.998889095201295,3.2284048584950953,1.0,3,PROJECT001C__016.DZT
0.10600000000000001,0.2,7.998889095201295,3.2259266854667676,1.0,3,PROJECT001C__016.DZT
0.10600000000000001,0.20500000000000002,7.998889095201295,3.223424660150174,1.0,3,PROJECT001C__016.DZT
0.10600000000000001,0.21000000000000002,7.998889095201295,3.2204040041886586,1.0,3,PROJECT001C__016.DZT
0.10600000000000001,0.21500000000000002,7.998889095201295,3.217268079438751,1.0,3,PROJECT001C__016.DZT
0.10600000000000001,0.22000000000000003,7.998889095201295,3.214323371417443,1.0,3,PROJECT001C__016.DZT
0.10600000000000001,0.22500000000000003,7.998889095201295,3.211515780696358,1.0,3,PROJECT001C__016.DZT
0.10600000000000001,0.23000000000000004,7.998889095201295,3.2084857508215876,1.0,3,PROJECT001C__016.DZT
0.10600000000000001,0.23500000000000004,7.998889095201295,3.2049331086825195,1.0,3,PROJECT001C__016.DZT
0.10600000000000001,0.24,7.998889095201295,3.201257682461256,1.0,3,PROJECT001C__016.DZT
0.10600000000000001,0.245,7.998889095201295,3.197442938788116,1.0,3,PROJECT001C__016.DZT
0.10600000000000001,0.25,7.998889095201295,3.1936746340566375,1.0,3,PROJECT001C__016.DZT
0.108,-0.05,7.705377046783415,3.255778709062279,1.0,3,PROJECT001C__016.DZT
0.108,-0.045000000000000005,7.705377046783415,3.256289202217282,1.0,3,PROJECT001C__016.DZT
0.108,-0.04,7.705377046783415,3.2568555374654053,1.0,3,PROJECT001C__016.DZT
0.108,-0.035,7.705377046783415,3.257481665928747,1.0,3,PROJECT001C__016.DZT
0.108,-0.030000000000000002,7.705377046783415,3.257989654693833,1.0,3,PROJECT001C__016.DZT
0.108,-0.025,7.705377046783415,3.2585209763537484,1.0,3,PROJECT001C__016.DZT
0.108,-0.020000000000000004,7.705377046783415,3.2591178636856966,1.0,3,PROJECT001C__016.DZT
0.108,-0.015,7.705377046783415,3.2596301708614415,1.0,3,PROJECT001C__016.DZT
0.108,-0.010000000000000002,7.705377046783415,3.2601505744981107,1.0,3,PROJECT001C__016.DZT
0.108,-0.0050000000000000044,7.705377046783415,3.2603922522847015,1.0,3,PROJECT001C__016.DZT
0.108,0.0,7.705377046783415,3.2605146748895835,1.0,3,PROJECT001C__016.DZT
0.108,0.0049999999999999975,7.705377046783415,3.2606738476448762,1.0,3,PROJECT001C__016.DZT
0.108,0.009999999999999995,7.705377046783415,3.2608681618250035,1.0,3,PROJECT001C__016.DZT
0.108,0.015,7.705377046783415,3.2611802501595193,1.0,3,PROJECT001C__016.DZT
0.108,0.020000000000000004,7.705377046783415,3.2616115788688576,1.0,3,PROJECT001C__016.DZT
0.108,0.024999999999999994,7.705377046783415,3.2620127081577857,1.0,3,PROJECT001C__016.DZT
0.108,0.03,7.705377046783415,3.2623204819673277,1.0,3,PROJECT001C__016.DZT
0.108,0.035,7.705377046783415,3.2623206130066804,1.0,3,PROJECT001C__016.DZT
0.108,0.039999999999999994,7.705377046783415,3.262126866325096,1.0,3,PROJECT001C__016.DZT
0.108,0.045,7.705377046783415,3.262190123433823,1.0,3,PROJECT001C__016.DZT
0.108,0.05,7.705377046783415,3.2622763397370425,1.0,3,PROJECT001C__016.DZT
0.108,0.05499999999999999,7.705377046783415,3.2622013031496024,1.0,3,PROJECT001C__016.DZT
0.108,0.06,7.705377046783415,3.2621351491076367,1.0,3,PROJECT001C__016.DZT
0.108,0.065,7.705377046783415,3.261813331626108,1.0,3,PROJECT001C__016.DZT
0.108,0.06999999999999999,7.705377046783415,3.2614394070442145,1.0,3,PROJECT001C__016.DZT
0.108,0.075,7.705377046783415,3.2611438064373828,1.0,3,PROJECT001C__016.DZT
0.108,0.08,7.705377046783415,3.2607206680902685,1.0,3,PROJECT001C__016.DZT
0.108,0.085,7.705377046783415,3.260148206582487,1.0,3,PROJECT001C__016.DZT
0.108,0.09000000000000001,7.705377046783415,3.259528460478989,1.0,3,PROJECT001C__016.DZT
0.108,0.09499999999999999,7.705377046783415,3.2588269113526684,1.0,3,PROJECT001C__016.DZT
0.108,0.09999999999999999,7.705377046783415,3.258086736907295,1.0,3,PROJECT001C__016.DZT
0.108,0.105,7.705377046783415,3.257301942680684,1.0,3,PROJECT001C__016.DZT
0.108,0.11,7.705377046783415,3.256559685469702,1.0,3,PROJECT001C__016.DZT
0.108,0.115,7.705377046783415,3.255707633970379,1.0,3,PROJECT001C__016.DZT
0.108,0.12000000000000001,7.705377046783415,3.254783533239572,1.0,3,PROJECT001C__016.DZT
0.108,0.125,7.705377046783415,3.253951877487882,1.0,3,PROJECT001C__016.DZT
0.108,0.13,7.705377046783415,3.253050808276262,1.0,3,PROJECT001C__016.DZT
0.108,0.135,7.705377046783415,3.252095821361826,1.0,3,PROJECT001C__016.DZT
0.108,0.14,7.705377046783415,3.2510470811109755,1.0,3,PROJECT001C__016.DZT
0.108,0.14500000000000002,7.705377046783415,3.249739972511892,1.0,3,PROJECT001C__016.DZT
0.108,0.15000000000000002,7.705377046783415,3.2482294482622436,1.0,3,PROJECT001C__016.DZT
0.108,0.15500000000000003,7.705377046783415,3.24636632210985,1.0,3,PROJECT001C__016.DZT
0.108,0.15999999999999998,7.705377046783415,3.2445105616691503,1.0,3,PROJECT001C__016.DZT
0.108,0.16499999999999998,7.705377046783415,3.242552256469606,1.0,3,PROJECT001C__016.DZT
0.108,0.16999999999999998,7.705377046783415,3.240680409503612,1.0,3,PROJECT001C__016.DZT
0.108,0.175,7.705377046783415,3.238748153007036,1.0,3,PROJECT001C__016.DZT
0.108,0.18,7.705377046783415,3.2367333253130752,1.0,3,PROJECT001C__016.DZT
0.108,0.185,7.705377046783415,3.234820455165463,1.0,3,PROJECT001C__016.DZT
0.108,0.19,7.705377046783415,3.232895339279,1.0,3,PROJECT001C__016.DZT
0.108,0.195,7.705377046783415,3.231120008753177,1.0,3,PROJECT001C__016.DZT
0.108,0.2,7.705377046783415,3.22919094183352,1.0,3,PROJECT001C__016.DZT
0.108,0.20500000000000002,7.705377046783415,3.226943086397592,1.0,3,PROJECT001C__016.DZT
0.108,0.21000000000000002,7.705377046783415,3.224945743039942,1.0,3,PROJECT001C__016.DZT
0.108,0.21500000000000002,7.705377046783415,3.22284781136376,1.0,3,PROJECT001C__016.DZT
0.108,0.22000000000000003,7.705377046783415,3.220650995214111,1.0,3,PROJECT001C__016.DZT
0.108,0.22500000000000003,7.705377046783415,3.218294265443015,1.0,3,PROJECT001C__016.DZT
0.108,0.23000000000000004,7.705377046783415,3.215769250250234,1.0,3,PROJECT001C__016.DZT
0.108,0.23500000000000004,7.705377046783415,3.212702128482524,1.0,3,PROJECT001C__016.DZT
0.108,0.24,7.705377046783415,3.2094991718040826,1.0,3,PROJECT001C__016.DZT
0.108,0.245,7.705377046783415,3.2066085404303455,1.0,3,PROJECT001C__016.DZT
0.108,0.25,7.705377046783415,3.203688621119253,1.0,3,PROJECT001C__016.DZT
0.11,-0.05,7.427728749891053,3.2374231345948767,1.0,3,PROJECT001C__016.DZT
0.11,-0.045000000000000005,7.427728749891053,3.238048191179954,1.0,3,PROJECT001C__016.DZT
0.11,-0.04,7.427728749891053,3.2387033178110425,1.0,3,PROJECT001C__016.DZT
0.11,-0.035,7.427728749891053,3.239440018778451,1.0,3,PROJECT001C__016.DZT
0.11,-0.030000000000000002,7.427728749891053,3.2401824617667807,1.0,3,PROJECT001C__016.DZT
0.11,-0.025,7.427728749891053,3.240939228664946,1.0,3,PROJECT001C__016.DZT
0.11,-0.020000000000000004,7.427728749891053,3.241571170969308,1.0,3,PROJECT001C__016.DZT
0.11,-0.015,7.427728749891053,3.2420953068897984,1.0,3,PROJECT001C__016.DZT
0.11,-0.010000000000000002,7.427728749891053,3.2425487383734364,1.0,3,PROJECT001C__016.DZT
0.11,-0.0050000000000000044,7.427728749891053,3.2430234501469575,1.0,3,PROJECT001C__016.DZT
0.11,0.0,7.427728749891053,3.2435098550457266,1.0,3,PROJECT001C__016.DZT
0.11,0.0049999999999999975,7.427728749891053,3.244007266821049,1.0,3,PROJECT001C__016.DZT
0.11,0.009999999999999995,7.427728749891053,3.244578077350791,1.0,3,PROJECT001C__016.DZT
0.11,0.015,7.427728749891053,3.2450734525792426,1.0,3,PROJECT001C__016.DZT
0.11,0.020000000000000004,7.427728749891053,3.2456385865010446,1.0,3,PROJECT001C__016.DZT
0.11,0.024999999999999994,7.427728749891053,3.2462007905373658,1.0,3,PROJECT001C__016.DZT
0.11,0.03,7.427728749891053,3.246483703184849,1.0,3,PROJECT001C__016.DZT
0.11,0.035,7.427728749891053,3.2466579745261943,1.0,3,PROJECT001C__016.DZT
0.11,0.039999999999999994,7.427728749891053,3.2468462540241467,1.0,3,PROJECT001C__016.DZT
0.11,0.045,7.427728749891053,3.2471319752960195,1.0,3,PROJECT001C__016.DZT
0.11,0.05,7.427728749891053,3.247394108466059,1.0,3,PROJECT001C__016.DZT
0.11,0.05499999999999999,7.427728749891053,3.247650522573983,1.0,3,PROJECT001C__016.DZT
0.11,0.06,7.427728749891053,3.247845605897288,1.0,3,PROJECT001C__016.DZT
0.11,0.065,7.427728749891053,3.247807886122306,1.0,3,PROJECT001C__016.DZT
0.11,0.06999999999999999,7.427728749891053,3.2476648254560296,1.0,3,PROJECT001C__016.DZT
0.11,0.075,7.427728749891053,3.247647435562499,1.0,3,PROJECT001C__016.DZT
0.11,0.08,7.427728749891053,3.247810900468442,1.0,3,PROJECT001C__016.DZT
0.11,0.085,7.427728749891053,3.2478344102870866,1.0,3,PROJECT001C__016.DZT
0.11,0.09000000000000001,7.427728749891053,3.2477802178224002,1.0,3,PROJECT001C__016.DZT
0.11,0.09499999999999999,7.427728749891053,3.2474357323899667,1.0,3,PROJECT001C__016.DZT
0.11,0.09999999999999999,7.427728749891053,3.2472669812769595,1.0,3,PROJECT001C__016.DZT
0.11,0.105,7.427728749891053,3.247173883661445,1.0,3,PROJECT001C__016.DZT
0.11,0.11,7.427728749891053,3.2467780576097893,1.0,3,PROJECT001C__016.DZT
0.11,0.115,7.427728749891053,3.2464524578617753,1.0,3,PROJECT001C__016.DZT
0.11,0.12000000000000001,7.427728749891053,3.2460832283420733,1.0,3,PROJECT001C__016.DZT
0.11,0.125,7.427728749891053,3.2454619881313556,1.0,3,PROJECT001C__016.DZT
0.11,0.13,7.427728749891053,3.2446119783930247,1.0,3,PROJECT001C__016.DZT
0.11,0.135,7.427728749891053,3.2438989818399615,1.0,3,PROJECT001C__016.DZT
0.11,0.14,7.427728749891053,3.243042442026471,1.0,3,PROJECT001C__016.DZT
0.11,0.14500000000000002,7.427728749891053,3.2420957871056095,1.0,3,PROJECT001C__016.DZT
0.11,0.15000000000000002,7.427728749891053,3.2413360418035615,1.0,3,PROJECT001C__016.DZT
0.11,0.15500000000000003,7.427728749891053,3.2404129403885036,1.0,3,PROJECT001C__016.DZT
0.11,0.15999999999999998,7.427728749891053,3.2394349762359975,1.0,3,PROJECT001C__016.DZT
0.11,0.16499999999999998,7.427728749891053,3.238560645036284,1.0,3,PROJECT001C__016.DZT
0.11,0.16999999999999998,7.427728749891053,3.237491495474531,1.0,3,PROJECT001C__016.DZT
0.11,0.175,7.427728749891053,3.2361514352217857,1.0,3,PROJECT001C__016.DZT
0.11,0.18,7.427728749891053,3.234564950753709,1.0,3,PROJECT001C__016.DZT
0.11,0.185,7.427728749891053,3.2330025443292976,1.0,3,PROJECT001C__016.DZT
0.11,0.19,7.427728749891053,3.231280902286676,1.0,3,PROJECT001C__016.DZT
0.11,0.195,7.427728749891053,3.2297594738289432,1.0,3,PROJECT001C__016.DZT
0.11,0.2,7.427728749891053,3.2280052713509435,1.0,3,PROJECT001C__016.DZT
0.11,0.20500000000000002,7.427728749891053,3.2260639086960516,1.0,3,PROJECT001C__016.DZT
0.11,0.21000000000000002,7.427728749891053,3.224127417173563,1.0,3,PROJECT001C__016.DZT
0.11,0.21500000000000002,7.427728749891053,3.22221784185898,1.0,3,PROJECT001C__016.DZT
0.11,0.22000000000000003,7.427728749891053,3.2201499181322344,1.0,3,PROJECT001C__016.DZT
0.11,0.22500000000000003,7.427728749891053,3.217936921887764,1.0,3,PROJECT001C__016.DZT
0.11,0.23000000000000004,7.427728749891053,3.2155503442918607,1.0,3,PROJECT001C__016.DZT
0.11,0.23500000000000004,7.427728749891053,3.21337253667595,1.0,3,PROJECT001C__016.DZT
0.11,0.24,7.427728749891053,3.211219266819468,1.0,3,PROJECT001C__016.DZT
0.11,0.245,7.427728749891053,3.209116733342603,1.0,3,PROJECT001C__016.DZT
0.11,0.25,7.427728749891053,3.2069840979159263,1.0,3,PROJECT001C__016.DZT
0.112,-0.05,7.164821259062639,3.2210287985671466,1.0,3,PROJECT001C__016.DZT
0.112,-0.045000000000000005,7.164821259062639,3.221351139642575,1.0,3,PROJECT001C__016.DZT
0.112,-0.04,7.164821259062639,3.221593448432188,1.0,3,PROJECT001C__016.DZT
0.112,-0.035,7.164821259062639,3.221932716039005,1.0,3,PROJECT001C__016.DZT
0.112,-0.030000000000000002,7.164821259062639,3.2224679944593384,1.0,3,PROJECT001C__016.DZT
0.112,-0.025,7.164821259062639,3.223165901676047,1.0,3,PROJECT001C__016.DZT
0.112,-0.020000000000000004,7.164821259062639,3.2236473024485472,1.0,3,PROJECT001C__016.DZT
0.112,-0.015,7.164821259062639,3.2241432819299884,1.0,3,PROJECT001C__016.DZT
0.112,-0.010000000000000002,7.164821259062639,3.2247111198886422,1.0,3,PROJECT001C__016.DZT
0.112,-0.0050000000000000044,7.164821259062639,3.2254777029454105,1.0,3,PROJECT001C__016.DZT
0.112,0.0,7.164821259062639,3.226286192666219,1.0,3,PROJECT001C__016.DZT
0.112,0.0049999999999999975,7.164821259062639,3.2272226865114177,1.0,3,PROJECT001C__016.DZT
0.112,0.009999999999999995,7.164821259062639,3.2281286758026226,1.0,3,PROJECT001C__016.DZT
0.112,0.015,7.164821259062639,3.228793720911837,1.0,3,PROJECT001C__016.DZT
0.112,0.020000000000000004,7.164821259062639,3.22940480449603,1.0,3,PROJECT001C__016.DZT
0.112,0.024999999999999994,7.164821259062639,3.229925634502005,1.0,3,PROJECT001C__016.DZT
0.112,0.03,7.164821259062639,3.2303806487084934,1.0,3,PROJECT001C__016.DZT
0.112,0.035,7.164821259062639,3.230770763557801,1.0,3,PROJECT001C__016.DZT
0.112,0.039999999999999994,7.164821259062639,3.23112190300313,1.0,3,PROJECT001C__016.DZT
0.112,0.045,7.164821259062639,3.231343456472113,1.0,3,PROJECT001C__016.DZT
0.112,0.05,7.164821259062639,3.2317011966103384,1.0,3,PROJECT001C__016.DZT
0.112,0.05499999999999999,7.164821259062639,3.232005142681974,1.0,3,PROJECT001C__016.DZT
0.112,0.06,7.164821259062639,3.2320236328581493,1.0,3,PROJECT001C__016.DZT
0.112,0.065,7.164821259062639,3.2321485023004546,1.0,3,PROJECT001C__016.DZT
0.112,0.06999999999999999,7.164821259062639,3.232301745746836,1.0,3,PROJECT001C__016.DZT
0.112,0.075,7.164821259062639,3.232514130553918,1.0,3,PROJECT001C__016.DZT
0.112,0.08,7.164821259062639,3.2328698540941976,1.0,3,PROJECT001C__016.DZT
0.112,0.085,7.164821259062639,3.2333244956648035,1.0,3,PROJECT001C__016.DZT
0.112,0.09000000000000001,7.164821259062639,3.2334766988427206,1.0,3,PROJECT001C__016.DZT
0.112,0.09499999999999999,7.164821259062639,3.2334424202250833,1.0,3,PROJECT001C__016.DZT
0.112,0.09999999999999999,7.164821259062639,3.2334274480073173,1.0,3,PROJECT001C__016.DZT
0.112,0.105,7.164821259062639,3.2334425257200334,1.0,3,PROJECT001C__016.DZT
0.112,0.11,7.164821259062639,3.2334207801474086,1.0,3,PROJECT001C__016.DZT
0.112,0.115,7.164821259062639,3.233333633404216,1.0,3,PROJECT001C__016.DZT
0.112,0.12000000000000001,7.164821259062639,3.233021346983863,1.0,3,PROJECT001C__016.DZT
0.112,0.125,7.164821259062639,3.232637946382617,1.0,3,PROJECT001C__016.DZT
0.112,0.13,7.164821259062639,3.2325030978921716,1.0,3,PROJECT001C__016.DZT
0.112,0.135,7.164821259062639,3.2321434952184958,1.0,3,PROJECT001C__016.DZT
0.112,0.14,7.164821259062639,3.231797686267294,1.0,3,PROJECT001C__016.DZT
0.112,0.14500000000000002,7.164821259062639,3.231545753923452,1.0,3,PROJECT001C__016.DZT
0.112,0.15000000000000002,7.164821259062639,3.2311047003578572,1.0,3,PROJECT001C__016.DZT
0.112,0.15500000000000003,7.164821259062639,3.2303792466925603,1.0,3,PROJECT001C__016.DZT
0.112,0.15999999999999998,7.164821259062639,3.2298800488811956,1.0,3,PROJECT001C__016.DZT
0.112,0.16499999999999998,7.164821259062639,3.2292413091513965,1.0,3,PROJECT001C__016.DZT
0.112,0.16999999999999998,7.164821259062639,3.228545284394278,1.0,3,PROJECT001C__016.DZT
0.112,0.175,7.164821259062639,3.2279665719739428,1.0,3,PROJECT001C__016.DZT
0.112,0.18,7.164821259062639,3.2270149859171506,1.0,3,PROJECT001C__016.DZT
0.112,0.185,7.164821259062639,3.225999595177807,1.0,3,PROJECT001C__016.DZT
0.112,0.19,7.164821259062639,3.225018830108855,1.0,3,PROJECT001C__016.DZT
0.112,0.195,7.164821259062639,3.223789964031289,1.0,3,PROJECT001C__016.DZT
0.112,0.2,7.164821259062639,3.222416563310334,1.0,3,PROJECT001C__016.DZT
0.112,0.20500000000000002,7.164821259062639,3.2208749454710603,1.0,3,PROJECT001C__016.DZT
0.112,0.21000000000000002,7.164821259062639,3.2193206902884572,1.0,3,PROJECT001C__016.DZT
0.112,0.21500000000000002,7.164821259062639,3.217806540761323,1.0,3,PROJECT001C__016.DZT
0.112,0.22000000000000003,7.164821259062639,3.2164637799685987,1.0,3,PROJECT001C__016.DZT
0.112,0.22500000000000003,7.164821259062639,3.214791648208184,1.0,3,PROJECT001C__016.DZT
0.112,0.23000000000000004,7.164821259062639,3.213159388203829,1.0,3,PROJECT001C__016.DZT
0.112,0.23500000000000004,7.164821259062639,3.211579224306558,1.0,3,PROJECT001C__016.DZT
0.112,0.24,7.164821259062639,3.210016221817097,1.0,3,PROJECT001C__016.DZT
0.112,0.245,7.164821259062639,3.2082646581872125,1.0,3,PROJECT001C__016.DZT
0.112,0.25,7.164821259062639,3.2060876180905153,1.0,3,PROJECT001C__016.DZT
0.114,-0.05,6.9156292608250025,3.204945664896212,1.0,3,PROJECT001C__016.DZT
0.114,-0.045000000000000005,6.9156292608250025,3.2055771219836218,1.0,3,PROJECT001C__016.DZT
0.114,-0.04,6.9156292608250025,3.206462099288894,1.0,3,PROJECT001C__016.DZT
0.114,-0.035,6.9156292608250025,3.2073513730976324,1.0,3,PROJECT001C__016.DZT
0.114,-0.030000000000000002,6.9156292608250025,3.208310300271012,1.0,3,PROJECT001C__016.DZT
0.114,-0.025,6.9156292608250025,3.208966471336163,1.0,3,PROJECT001C__016.DZT
0.114,-0.020000000000000004,6.9156292608250025,3.209514639755472,1.0,3,PROJECT001C__016.DZT
0.114,-0.015,6.9156292608250025,3.2099153634655004,1.0,3,PROJECT001C__016.DZT
0.114,-0.010000000000000002,6.9156292608250025,3.210330870702748,1.0,3,PROJECT001C__016.DZT
0.114,-0.0050000000000000044,6.9156292608250025,3.2107440490871415,1.0,3,PROJECT001C__016.DZT
0.114,0.0,6.9156292608250025,3.211137106238617,1.0,3,PROJECT001C__016.DZT
0.114,0.0049999999999999975,6.9156292608250025,3.211830836285957,1.0,3,PROJECT001C__016.DZT
0.114,0.009999999999999995,6.9156292608250025,3.2122188145423216,1.0,3,PROJECT001C__016.DZT
0.114,0.015,6.9156292608250025,3.2123372465610047,1.0,3,PROJECT001C__016.DZT
0.114,0.020000000000000004,6.9156292608250025,3.212502023693359,1.0,3,PROJECT001C__016.DZT
0.114,0.024999999999999994,6.9156292608250025,3.2128108342987596,1.0,3,PROJECT001C__016.DZT
0.114,0.03,6.9156292608250025,3.2131696920476513,1.0,3,PROJECT001C__016.DZT
0.114,0.035,6.9156292608250025,3.213694651803707,1.0,3,PROJECT001C__016.DZT
0.114,0.039999999999999994,6.9156292608250025,3.2142835260625655,1.0,3,PROJECT001C__016.DZT
0.114,0.045,6.9156292608250025,3.2147666170578475,1.0,3,PROJECT001C__016.DZT
0.114,0.05,6.9156292608250025,3.215367179707569,1.0,3,PROJECT001C__016.DZT
0.114,0.05499999999999999,6.9156292608250025,3.2159538302890973,1.0,3,PROJECT001C__016.DZT
0.114,0.06,6.9156292608250025,3.216559872254084,1.0,3,PROJECT001C__016.DZT
0.114,0.065,6.9156292608250025,3.2172538796535903,1.0,3,PROJECT001C__016.DZT
0.114,0.06999999999999999,6.9156292608250025,3.217896940167615,1.0,3,PROJECT001C__016.DZT
0.114,0.075,6.9156292608250025,3.2183529058551756,1.0,3,PROJECT001C__016.DZT
0.114,0.08,6.9156292608250025,3.2188093869427328,1.0,3,PROJECT001C__016.DZT
0.114,0.085,6.9156292608250025,3.2191125601117143,1.0,3,PROJECT001C__016.DZT
0.114,0.09000000000000001,6.9156292608250025,3.2191170901814803,1.0,3,PROJECT001C__016.DZT
0.114,0.09499999999999999,6.9156292608250025,3.2189615299320136,1.0,3,PROJECT001C__016.DZT
0.114,0.09999999999999999,6.9156292608250025,3.2188006386017265,1.0,3,PROJECT001C__016.DZT
0.114,0.105,6.9156292608250025,3.2187429590653536,1.0,3,PROJECT001C__016.DZT
0.114,0.11,6.9156292608250025,3.218772702149879,1.0,3,PROJECT001C__016.DZT
0.114,0.115,6.9156292608250025,3.2186542730796535,1.0,3,PROJECT001C__016.DZT
0.114,0.12000000000000001,6.9156292608250025,3.2185025958415436,1.0,3,PROJECT001C__016.DZT
0.114,0.125,6.9156292608250025,3.2184561924461508,1.0,3,PROJECT001C__016.DZT
0.114,0.13,6.9156292608250025,3.2184422853434853,1.0,3,PROJECT001C__016.DZT
0.114,0.135,6.9156292608250025,3.2185956542809344,1.0,3,PROJECT001C__016.DZT
0.114,0.14,6.9156292608250025,3.2187267853074464,1.0,3,PROJECT001C__016.DZT
0.114,0.14500000000000002,6.9156292608250025,3.218645327692011,1.0,3,PROJECT001C__016.DZT
0.114,0.15000000000000002,6.9156292608250025,3.2184387980820297,1.0,3,PROJECT001C__016.DZT
0.114,0.15500000000000003,6.9156292608250025,3.218313327303225,1.0,3,PROJECT001C__016.DZT
0.114,0.15999999999999998,6.9156292608250025,3.217916317016691,1.0,3,PROJECT001C__016.DZT
0.114,0.16499999999999998,6.9156292608250025,3.2175710540772315,1.0,3,PROJECT001C__016.DZT
0.114,0.16999999999999998,6.9156292608250025,3.217141080492702,1.0,3,PROJECT001C__016.DZT
0.114,0.175,6.9156292608250025,3.2164155871914417,1.0,3,PROJECT001C__016.DZT
0.114,0.18,6.9156292608250025,3.2154689930986833,1.0,3,PROJECT001C__016.DZT
0.114,0.185,6.9156292608250025,3.2146424851709994,1.0,3,PROJECT001C__016.DZT
0.114,0.19,6.9156292608250025,3.2138273693704655,1.0,3,PROJECT001C__016.DZT
0.114,0.195,6.9156292608250025,3.2131103655768904,1.0,3,PROJECT001C__016.DZT
0.114,0.2,6.9156292608250025,3.212600662482419,1.0,3,PROJECT001C__016.DZT
0.114,0.20500000000000002,6.9156292608250025,3.2118061888707543,1.0,3,PROJECT001C__016.DZT
0.114,0.21000000000000002,6.9156292608250025,3.2110789390421615,1.0,3,PROJECT001C__016.DZT
0.114,0.21500000000000002,6.9156292608250025,3.210488718080357,1.0,3,PROJECT001C__016.DZT
0.114,0.22000000000000003,6.9156292608250025,3.209377039592177,1.0,3,PROJECT001C__016.DZT
0.114,0.22500000000000003,6.9156292608250025,3.2083036309983304,1.0,3,PROJECT001C__016.DZT
0.114,0.23000000000000004,6.9156292608250025,3.2068384565470036,1.0,3,PROJECT001C__016.DZT
0.114,0.23500000000000004,6.9156292608250025,3.2052719148100657,1.0,3,PROJECT001C__016.DZT
0.114,0.24,6.9156292608250025,3.203829512068589,1.0,3,PROJECT001C__016.DZT
0.114,0.245,6.9156292608250025,3.20213561625826,1.0,3,PROJECT001C__016.DZT
0.114,0.25,6.9156292608250025,3.2001254493499594,1.0,3,PROJECT001C__016.DZT
0.116,-0.05,6.679215061956135,3.1934343831246452,1.0,3,PROJECT001C__016.DZT
0.116,-0.045000000000000005,6.679215061956135,3.19394425546707,1.0,3,PROJECT001C__016.DZT
0.116,-0.04,6.679215061956135,3.1944293235094237,1.0,3,PROJECT001C__016.DZT
0.116,-0.035,6.679215061956135,3.1948535137330705,1.0,3,PROJECT001C__016.DZT
0.116,-0.030000000000000002,6.679215061956135,3.195145050112361,1.0,3,PROJECT001C__016.DZT
0.116,-0.025,6.679215061956135,3.1954920825718367,1.0,3,PROJECT001C__016.DZT
0.116,-0.020000000000000004,6.679215061956135,3.195904491369482,1.0,3,PROJECT001C__016.DZT
0.116,-0.015,6.679215061956135,3.19636682828318,1.0,3,PROJECT001C__016.DZT
0.116,-0.010000000000000002,6.679215061956135,3.1970360803722317,1.0,3,PROJECT001C__016.DZT
0.116,-0.0050000000000000044,6.679215061956135,3.1976604247326406,1.0,3,PROJECT001C__016.DZT
0.116,0.0,6.679215061956135,3.198348545932337,1.0,3,PROJECT001C__016.DZT
0.116,0.0049999999999999975,6.679215061956135,3.1987028799559414,1.0,3,PROJECT001C__016.DZT
0.116,0.009999999999999995,6.679215061956135,3.199007081484671,1.0,3,PROJECT001C__016.DZT
0.116,0.015,6.679215061956135,3.199197763692361,1.0,3,PROJECT001C__016.DZT
0.116,0.020000000000000004,6.679215061956135,3.1993870861716744,1.0,3,PROJECT001C__016.DZT
0.116,0.024999999999999994,6.679215061956135,3.1996224295915443,1.0,3,PROJECT001C__016.DZT
0.116,0.03,6.679215061956135,3.2000359214712026,1.0,3,PROJECT001C__016.DZT
0.116,0.035,6.679215061956135,3.2007288427898573,1.0,3,PROJECT001C__016.DZT
0.116,0.039999999999999994,6.679215061956135,3.20096004233172,1.0,3,PROJECT001C__016.DZT
0.116,0.045,6.679215061956135,3.2011064377996554,1.0,3,PROJECT001C__016.DZT
0.116,0.05,6.679215061956135,3.201385998454393,1.0,3,PROJECT001C__016.DZT
0.116,0.05499999999999999,6.679215061956135,3.2016731309580835,1.0,3,PROJECT001C__016.DZT
0.116,0.06,6.679215061956135,3.201937949642631,1.0,3,PROJECT001C__016.DZT
0.116,0.065,6.679215061956135,3.2023198726787427,1.0,3,PROJECT001C__016.DZT
0.116,0.06999999999999999,6.679215061956135,3.2025609757136473,1.0,3,PROJECT001C__016.DZT
0.116,0.075,6.679215061956135,3.202760311350616,1.0,3,PROJECT001C__016.DZT
0.116,0.08,6.679215061956135,3.2029707952711584,1.0,3,PROJECT001C__016.DZT
0.116,0.085,6.679215061956135,3.203168109621098,1.0,3,PROJECT001C__016.DZT
0.116,0.09000000000000001,6.679215061956135,3.2034981984795703,1.0,3,PROJECT001C__016.DZT
0.116,0.09499999999999999,6.679215061956135,3.2039837521710157,1.0,3,PROJECT001C__016.DZT
0.116,0.09999999999999999,6.679215061956135,3.204344165098256,1.0,3,PROJECT001C__016.DZT
0.116,0.105,6.679215061956135,3.204713806307959,1.0,3,PROJECT001C__016.DZT
0.116,0.11,6.679215061956135,3.20511887467058,1.0,3,PROJECT001C__016.DZT
0.116,0.115,6.679215061956135,3.2053239695561113,1.0,3,PROJECT001C__016.DZT
0.116,0.12000000000000001,6.679215061956135,3.2053675840405114,1.0,3,PROJECT001C__016.DZT
0.116,0.125,6.679215061956135,3.2054004980488986,1.0,3,PROJECT001C__016.DZT
0.116,0.13,6.679215061956135,3.2054384877778666,1.0,3,PROJECT001C__016.DZT
0.116,0.135,6.679215061956135,3.205503740964677,1.0,3,PROJECT001C__016.DZT
0.116,0.14,6.679215061956135,3.2053644741676877,1.0,3,PROJECT001C__016.DZT
0.116,0.14500000000000002,6.679215061956135,3.2050955571708912,1.0,3,PROJECT001C__016.DZT
0.116,0.15000000000000002,6.679215061956135,3.2048278162175348,1.0,3,PROJECT001C__016.DZT
0.116,0.15500000000000003,6.679215061956135,3.2044753153021084,1.0,3,PROJECT001C__016.DZT
0.116,0.15999999999999998,6.679215061956135,3.2042063383215726,1.0,3,PROJECT001C__016.DZT
0.116,0.16499999999999998,6.679215061956135,3.204044704432846,1.0,3,PROJECT001C__016.DZT
0.116,0.16999999999999998,6.679215061956135,3.203773376576415,1.0,3,PROJECT001C__016.DZT
0.116,0.175,6.679215061956135,3.2033270983361497,1.0,3,PROJECT001C__016.DZT
0.116,0.18,6.679215061956135,3.202976380993323,1.0,3,PROJECT001C__016.DZT
0.116,0.185,6.679215061956135,3.2028342903699483,1.0,3,PROJECT001C__016.DZT
0.116,0.19,6.679215061956135,3.20256950411045,1.0,3,PROJECT001C__016.DZT
0.116,0.195,6.679215061956135,3.2022588101696328,1.0,3,PROJECT001C__016.DZT
0.116,0.2,6.679215061956135,3.2016990174572233,1.0,3,PROJECT001C__016.DZT
0.116,0.20500000000000002,6.679215061956135,3.2008942534720384,1.0,3,PROJECT001C__016.DZT
0.116,0.21000000000000002,6.679215061956135,3.2001850069507385,1.0,3,PROJECT001C__016.DZT
0.116,0.21500000000000002,6.679215061956135,3.199399055830091,1.0,3,PROJECT001C__016.DZT
0.116,0.22000000000000003,6.679215061956135,3.1986586549331775,1.0,3,PROJECT001C__016.DZT
0.116,0.22500000000000003,6.679215061956135,3.197747802449103,1.0,3,PROJECT001C__016.DZT
0.116,0.23000000000000004,6.679215061956135,3.1965899723773927,1.0,3,PROJECT001C__016.DZT
0.116,0.23500000000000004,6.679215061956135,3.1954748005429585,1.0,3,PROJECT001C__016.DZT
0.116,0.24,6.679215061956135,3.1942923866251807,1.0,3,PROJECT001C__016.DZT
0.116,0.245,6.679215061956135,3.1930118781333934,1.0,3,PROJECT001C__016.DZT
0.116,0.25,6.679215061956135,3.1916184698662153,1.0,3,PROJECT001C__016.DZT
0.118,-0.05,6.454719755363527,3.1835557012473816,1.0,3,PROJECT001C__016.DZT
0.118,-0.045000000000000005,6.454719755363527,3.1842598987359274,1.0,3,PROJECT001C__016.DZT
0.118,-0.04,6.454719755363527,3.184884370037787,1.0,3,PROJECT001C__016.DZT
0.118,-0.035,6.454719755363527,3.1853419663410985,1.0,3,PROJECT001C__016.DZT
0.118,-0.030000000000000002,6.454719755363527,3.1856981639501876,1.0,3,PROJECT001C__016.DZT
0.118,-0.025,6.454719755363527,3.186145236336783,1.0,3,PROJECT001C__016.DZT
0.118,-0.020000000000000004,6.454719755363527,3.186658708660414,1.0,3,PROJECT001C__016.DZT
0.118,-0.015,6.454719755363527,3.186912316509972,1.0,3,PROJECT001C__016.DZT
0.118,-0.010000000000000002,6.454719755363527,3.1871943929576845,1.0,3,PROJECT001C__016.DZT
0.118,-0.0050000000000000044,6.454719755363527,3.1874761297000944,1.0,3,PROJECT001C__016.DZT
0.118,0.0,6.454719755363527,3.1874824263605377,1.0,3,PROJECT001C__016.DZT
0.118,0.0049999999999999975,6.454719755363527,3.1875914102857448,1.0,3,PROJECT001C__016.DZT
0.118,0.009999999999999995,6.454719755363527,3.18776799501688,1.0,3,PROJECT001C__016.DZT
0.118,0.015,6.454719755363527,3.188051366644455,1.0,3,PROJECT001C__016.DZT
0.118,0.020000000000000004,6.454719755363527,3.188517919144933,1.0,3,PROJECT001C__016.DZT
0.118,0.024999999999999994,6.454719755363527,3.189058869777251,1.0,3,PROJECT001C__016.DZT
0.118,0.03,6.454719755363527,3.1895252768831988,1.0,3,PROJECT001C__016.DZT
0.118,0.035,6.454719755363527,3.189733338407777,1.0,3,PROJECT001C__016.DZT
0.118,0.039999999999999994,6.454719755363527,3.1897698337812064,1.0,3,PROJECT001C__016.DZT
0.118,0.045,6.454719755363527,3.189826108227553,1.0,3,PROJECT001C__016.DZT
0.118,0.05,6.454719755363527,3.1898680941850333,1.0,3,PROJECT001C__016.DZT
0.118,0.05499999999999999,6.454719755363527,3.190018332286007,1.0,3,PROJECT001C__016.DZT
0.118,0.06,6.454719755363527,3.190382679315011,1.0,3,PROJECT001C__016.DZT
0.118,0.065,6.454719755363527,3.1907255230008684,1.0,3,PROJECT001C__016.DZT
0.118,0.06999999999999999,6.454719755363527,3.1907790236500664,1.0,3,PROJECT001C__016.DZT
0.118,0.075,6.454719755363527,3.1908193093892856,1.0,3,PROJECT001C__016.DZT
0.118,0.08,6.454719755363527,3.1908956525527805,1.0,3,PROJECT001C__016.DZT
0.118,0.085,6.454719755363527,3.190995458584027,1.0,3,PROJECT001C__016.DZT
0.118,0.09000000000000001,6.454719755363527,3.1911814895237236,1.0,3,PROJECT001C__016.DZT
0.118,0.09499999999999999,6.454719755363527,3.191332390166593,1.0,3,PROJECT001C__016.DZT
0.118,0.09999999999999999,6.454719755363527,3.191347497054416,1.0,3,PROJECT001C__016.DZT
0.118,0.105,6.454719755363527,3.191455504109627,1.0,3,PROJECT001C__016.DZT
0.118,0.11,6.454719755363527,3.1915112052128163,1.0,3,PROJECT001C__016.DZT
0.118,0.115,6.454719755363527,3.1916548181353037,1.0,3,PROJECT001C__016.DZT
0.118,0.12000000000000001,6.454719755363527,3.1919163970824305,1.0,3,PROJECT001C__016.DZT
0.118,0.125,6.454719755363527,3.19212713087593,1.0,3,PROJECT001C__016.DZT
0.118,0.13,6.454719755363527,3.192224715324875,1.0,3,PROJECT001C__016.DZT
0.118,0.135,6.454719755363527,3.1923304126671828,1.0,3,PROJECT001C__016.DZT
0.118,0.14,6.454719755363527,3.1923574057121313,1.0,3,PROJECT001C__016.DZT
0.118,0.14500000000000002,6.454719755363527,3.192317038242902,1.0,3,PROJECT001C__016.DZT
0.118,0.15000000000000002,6.454719755363527,3.192175039023489,1.0,3,PROJECT001C__016.DZT
0.118,0.15500000000000003,6.454719755363527,3.1920742288269213,1.0,3,PROJECT001C__016.DZT
0.118,0.15999999999999998,6.454719755363527,3.191977768098395,1.0,3,PROJECT001C__016.DZT
0.118,0.16499999999999998,6.454719755363527,3.1916385696486493,1.0,3,PROJECT001C__016.DZT
0.118,0.16999999999999998,6.454719755363527,3.1913398165409093,1.0,3,PROJECT001C__016.DZT
0.118,0.175,6.454719755363527,3.191054457521492,1.0,3,PROJECT001C__016.DZT
0.118,0.18,6.454719755363527,3.190637559904708,1.0,3,PROJECT001C__016.DZT
0.118,0.185,6.454719755363527,3.1903710285817475,1.0,3,PROJECT001C__016.DZT
0.118,0.19,6.454719755363527,3.190151625328559,1.0,3,PROJECT001C__016.DZT
0.118,0.195,6.454719755363527,3.1896677915355216,1.0,3,PROJECT001C__016.DZT
0.118,0.2,6.454719755363527,3.189117318166233,1.0,3,PROJECT001C__016.DZT
0.118,0.20500000000000002,6.454719755363527,3.1884913413897498,1.0,3,PROJECT001C__016.DZT
0.118,0.21000000000000002,6.454719755363527,3.188111501806594,1.0,3,PROJECT001C__016.DZT
0.118,0.21500000000000002,6.454719755363527,3.1877024213995484,1.0,3,PROJECT001C__016.DZT
0.118,0.22000000000000003,6.454719755363527,3.1871314925356917,1.0,3,PROJECT001C__016.DZT
0.118,0.22500000000000003,6.454719755363527,3.186254505448664,1.0,3,PROJECT001C__016.DZT
0.118,0.23000000000000004,6.454719755363527,3.185409146019905,1.0,3,PROJECT001C__016.DZT
0.118,0.23500000000000004,6.454719755363527,3.184739871608435,1.0,3,PROJECT001C__016.DZT
0.118,0.24,6.454719755363527,3.1840392622065896,1.0,3,PROJECT001C__016.DZT
0.118,0.245,6.454719755363527,3.183316936365179,1.0,3,PROJECT001C__016.DZT
0.118,0.25,6.454719755363527,3.1823379958744895,1.0,3,PROJECT001C__016.DZT
0.12,-0.05,6.241355407894566,3.176124568524982,1.0,3,PROJECT001C__016.DZT
0.12,-0.045000000000000005,6.241355407894566,3.1761663938165725,1.0,3,PROJECT001C__016.DZT
0.12,-0.04,6.241355407894566,3.1763821643503314,1.0,3,PROJECT001C__016.DZT
0.12,-0.035,6.241355407894566,3.176589864554922,1.0,3,PROJECT001C__016.DZT
0.12,-0.030000000000000002,6.241355407894566,3.1768854691178023,1.0,3,PROJECT001C__016.DZT
0.12,-0.025,6.241355407894566,3.177357675596166,1.0,3,PROJECT001C__016.DZT
0.12,-0.020000000000000004,6.241355407894566,3.1778574558476156,1.0,3,PROJECT001C__016.DZT
0.12,-0.015,6.241355407894566,3.1784453966067274,1.0,3,PROJECT001C__016.DZT
0.12,-0.010000000000000002,6.241355407894566,3.178890788022251,1.0,3,PROJECT001C__016.DZT
0.12,-0.0050000000000000044,6.241355407894566,3.179240859840819,1.0,3,PROJECT001C__016.DZT
0.12,0.0,6.241355407894566,3.1795583713195303,1.0,3,PROJECT001C__016.DZT
0.12,0.0049999999999999975,6.241355407894566,3.1799552092494268,1.0,3,PROJECT001C__016.DZT
0.12,0.009999999999999995,6.241355407894566,3.1803115305649494,1.0,3,PROJECT001C__016.DZT
0.12,0.015,6.241355407894566,3.1805684456649126,1.0,3,PROJECT001C__016.DZT
0.12,0.020000000000000004,6.241355407894566,3.1808960877558192,1.0,3,PROJECT001C__016.DZT
0.12,0.024999999999999994,6.241355407894566,3.180989858458504,1.0,3,PROJECT001C__016.DZT
0.12,0.03,6.241355407894566,3.180900993228461,1.0,3,PROJECT001C__016.DZT
0.12,0.035,6.241355407894566,3.1809151838272136,1.0,3,PROJECT001C__016.DZT
0.12,0.039999999999999994,6.241355407894566,3.1809304474859155,1.0,3,PROJECT001C__016.DZT
0.12,0.045,6.241355407894566,3.1811238208205226,1.0,3,PROJECT001C__016.DZT
0.12,0.05,6.241355407894566,3.1814463553249204,1.0,3,PROJECT001C__016.DZT
0.12,0.05499999999999999,6.241355407894566,3.1817316932805078,1.0,3,PROJECT001C__016.DZT
0.12,0.06,6.241355407894566,3.1817702141315434,1.0,3,PROJECT001C__016.DZT
0.12,0.065,6.241355407894566,3.1816127681278474,1.0,3,PROJECT001C__016.DZT
0.12,0.06999999999999999,6.241355407894566,3.1814101168211786,1.0,3,PROJECT001C__016.DZT
0.12,0.075,6.241355407894566,3.181184633842675,1.0,3,PROJECT001C__016.DZT
0.12,0.08,6.241355407894566,3.1810484116948015,1.0,3,PROJECT001C__016.DZT
0.12,0.085,6.241355407894566,3.1812135696452892,1.0,3,PROJECT001C__016.DZT
0.12,0.09000000000000001,6.241355407894566,3.1815310228131124,1.0,3,PROJECT001C__016.DZT
0.12,0.09499999999999999,6.241355407894566,3.181502243754253,1.0,3,PROJECT001C__016.DZT
0.12,0.09999999999999999,6.241355407894566,3.1814580215975865,1.0,3,PROJECT001C__016.DZT
0.12,0.105,6.241355407894566,3.1814289008534686,1.0,3,PROJECT001C__016.DZT
0.12,0.11,6.241355407894566,3.1814576297524084,1.0,3,PROJECT001C__016.DZT
0.12,0.115,6.241355407894566,3.1813964461218163,1.0,3,PROJECT001C__016.DZT
0.12,0.12000000000000001,6.241355407894566,3.1813790189583844,1.0,3,PROJECT001C__016.DZT
0.12,0.125,6.241355407894566,3.1812480503490597,1.0,3,PROJECT001C__016.DZT
0.12,0.13,6.241355407894566,3.181098230367866,1.0,3,PROJECT001C__016.DZT
0.12,0.135,6.241355407894566,3.1809485512768028,1.0,3,PROJECT001C__016.DZT
0.12,0.14,6.241355407894566,3.180883938149854,1.0,3,PROJECT001C__016.DZT
0.12,0.14500000000000002,6.241355407894566,3.1809275570091256,1.0,3,PROJECT001C__016.DZT
0.12,0.15000000000000002,6.241355407894566,3.180918263155048,1.0,3,PROJECT001C__016.DZT
0.12,0.15500000000000003,6.241355407894566,3.1808077643957575,1.0,3,PROJECT001C__016.DZT
0.12,0.15999999999999998,6.241355407894566,3.1806992400630185,1.0,3,PROJECT001C__016.DZT
0.12,0.16499999999999998,6.241355407894566,3.180478257770922,1.0,3,PROJECT001C__016.DZT
0.12,0.16999999999999998,6.241355407894566,3.180266103574878,1.0,3,PROJECT001C__016.DZT
0.12,0.175,6.241355407894566,3.1799648893916017,1.0,3,PROJECT001C__016.DZT
0.12,0.18,6.241355407894566,3.179670736990516,1.0,3,PROJECT001C__016.DZT
0.12,0.185,6.241355407894566,3.179382664403787,1.0,3,PROJECT001C__016.DZT
0.12,0.19,6.241355407894566,3.178784471559572,1.0,3,PROJECT001C__016.DZT
0.12,0.195,6.241355407894566,3.178460503025732,1.0,3,PROJECT001C__016.DZT
0.12,0.2,6.241355407894566,3.177933533613045,1.0,3,PROJECT001C__016.DZT
0.12,0.20500000000000002,6.241355407894566,3.177411658295529,1.0,3,PROJECT001C__016.DZT
0.12,0.21000000000000002,6.241355407894566,3.1769718313593294,1.0,3,PROJECT001C__016.DZT
0.12,0.21500000000000002,6.241355407894566,3.17648575547839,1.0,3,PROJECT001C__016.DZT
0.12,0.22000000000000003,6.241355407894566,3.1757678271641425,1.0,3,PROJECT001C__016.DZT
0.12,0.22500000000000003,6.241355407894566,3.1747865655320346,1.0,3,PROJECT001C__016.DZT
0.12,0.23000000000000004,6.241355407894566,3.1742240253403953,1.0,3,PROJECT001C__016.DZT
0.12,0.23500000000000004,6.241355407894566,3.173655902133006,1.0,3,PROJECT001C__016.DZT
0.12,0.24,6.241355407894566,3.1729858985331227,1.0,3,PROJECT001C__016.DZT
0.12,0.245,6.241355407894566,3.171899535537469,1.0,3,PROJECT001C__016.DZT
0.12,0.25,6.241355407894566,3.170999806170482,1.0,3,PROJECT001C__016.DZT
0.122,-0.05,6.038398137172922,3.169176923097814,1.0,3,PROJECT001C__016.DZT
0.122,-0.045000000000000005,6.038398137172922,3.169560371998704,1.0,3,PROJECT001C__016.DZT
0.122,-0.04,6.038398137172922,3.170165212849966,1.0,3,PROJECT001C__016.DZT
0.122,-0.035,6.038398137172922,3.1706217953971403,1.0,3,PROJECT001C__016.DZT
0.122,-0.030000000000000002,6.038398137172922,3.1710357000073564,1.0,3,PROJECT001C__016.DZT
0.122,-0.025,6.038398137172922,3.171361526279877,1.0,3,PROJECT001C__016.DZT
0.122,-0.020000000000000004,6.038398137172922,3.1714261233362535,1.0,3,PROJECT001C__016.DZT
0.122,-0.015,6.038398137172922,3.171546606181542,1.0,3,PROJECT001C__016.DZT
0.122,-0.010000000000000002,6.038398137172922,3.171643286491289,1.0,3,PROJECT001C__016.DZT
0.122,-0.0050000000000000044,6.038398137172922,3.171853922840062,1.0,3,PROJECT001C__016.DZT
0.122,0.0,6.038398137172922,3.1720575620390448,1.0,3,PROJECT001C__016.DZT
0.122,0.0049999999999999975,6.038398137172922,3.172360215208909,1.0,3,PROJECT001C__016.DZT
0.122,0.009999999999999995,6.038398137172922,3.17280749495275,1.0,3,PROJECT001C__016.DZT
0.122,0.015,6.038398137172922,3.1733757961115803,1.0,3,PROJECT001C__016.DZT
0.122,0.020000000000000004,6.038398137172922,3.1735631688032306,1.0,3,PROJECT001C__016.DZT
0.122,0.024999999999999994,6.038398137172922,3.1737873937538716,1.0,3,PROJECT001C__016.DZT
0.122,0.03,6.038398137172922,3.1740745120633953,1.0,3,PROJECT001C__016.DZT
0.122,0.035,6.038398137172922,3.1744093742962156,1.0,3,PROJECT001C__016.DZT
0.122,0.039999999999999994,6.038398137172922,3.1746265001976397,1.0,3,PROJECT001C__016.DZT
0.122,0.045,6.038398137172922,3.174828326793733,1.0,3,PROJECT001C__016.DZT
0.122,0.05,6.038398137172922,3.174996674342729,1.0,3,PROJECT001C__016.DZT
0.122,0.05499999999999999,6.038398137172922,3.174902844072003,1.0,3,PROJECT001C__016.DZT
0.122,0.06,6.038398137172922,3.17480998119129,1.0,3,PROJECT001C__016.DZT
0.122,0.065,6.038398137172922,3.1746963382018234,1.0,3,PROJECT001C__016.DZT
0.122,0.06999999999999999,6.038398137172922,3.174753296542519,1.0,3,PROJECT001C__016.DZT
0.122,0.075,6.038398137172922,3.174955605634565,1.0,3,PROJECT001C__016.DZT
0.122,0.08,6.038398137172922,3.1751460816735246,1.0,3,PROJECT001C__016.DZT
0.122,0.085,6.038398137172922,3.175092929821696,1.0,3,PROJECT001C__016.DZT
0.122,0.09000000000000001,6.038398137172922,3.1747436665604503,1.0,3,PROJECT001C__016.DZT
0.122,0.09499999999999999,6.038398137172922,3.1741991726884997,1.0,3,PROJECT001C__016.DZT
0.122,0.09999999999999999,6.038398137172922,3.1738529783763956,1.0,3,PROJECT001C__016.DZT
0.122,0.105,6.038398137172922,3.1734882576079673,1.0,3,PROJECT001C__016.DZT
0.122,0.11,6.038398137172922,3.173308221969886,1.0,3,PROJECT001C__016.DZT
0.122,0.115,6.038398137172922,3.173484720410452,1.0,3,PROJECT001C__016.DZT
0.122,0.12000000000000001,6.038398137172922,3.1732667653107955,1.0,3,PROJECT001C__016.DZT
0.122,0.125,6.038398137172922,3.1730081642194925,1.0,3,PROJECT001C__016.DZT
0.122,0.13,6.038398137172922,3.172929080840736,1.0,3,PROJECT001C__016.DZT
0.122,0.135,6.038398137172922,3.172751136675442,1.0,3,PROJECT001C__016.DZT
0.122,0.14,6.038398137172922,3.1725765832722783,1.0,3,PROJECT001C__016.DZT
0.122,0.14500000000000002,6.038398137172922,3.1725081849445886,1.0,3,PROJECT001C__016.DZT
0.122,0.15000000000000002,6.038398137172922,3.1721147419856126,1.0,3,PROJECT001C__016.DZT
0.122,0.15500000000000003,6.038398137172922,3.1717925198667216,1.0,3,PROJECT001C__016.DZT
0.122,0.15999999999999998,6.038398137172922,3.1715286954892927,1.0,3,PROJECT001C__016.DZT
0.122,0.16499999999999998,6.038398137172922,3.171159190832766,1.0,3,PROJECT001C__016.DZT
0.122,0.16999999999999998,6.038398137172922,3.1710059809081366,1.0,3,PROJECT001C__016.DZT
0.122,0.175,6.038398137172922,3.170860350909296,1.0,3,PROJECT001C__016.DZT
0.122,0.18,6.038398137172922,3.1704697852655186,1.0,3,PROJECT001C__016.DZT
0.122,0.185,6.038398137172922,3.170132564696511,1.0,3,PROJECT001C__016.DZT
0.122,0.19,6.038398137172922,3.169653852318571,1.0,3,PROJECT001C__016.DZT
0.122,0.195,6.038398137172922,3.1692667157695276,1.0,3,PROJECT001C__016.DZT
0.122,0.2,6.038398137172922,3.1686872931686954,1.0,3,PROJECT001C__016.DZT
0.122,0.20500000000000002,6.038398137172922,3.168170924005165,1.0,3,PROJECT001C__016.DZT
0.122,0.21000000000000002,6.038398137172922,3.1674676352429985,1.0,3,PROJECT001C__016.DZT
0.122,0.21500000000000002,6.038398137172922,3.1668051358620617,1.0,3,PROJECT001C__016.DZT
0.122,0.22000000000000003,6.038398137172922,3.16623421948179,1.0,3,PROJECT001C__016.DZT
0.122,0.22500000000000003,6.038398137172922,3.1654114452761006,1.0,3,PROJECT001C__016.DZT
0.122,0.23000000000000004,6.038398137172922,3.164794688395976,1.0,3,PROJECT001C__016.DZT
0.122,0.23500000000000004,6.038398137172922,3.1641228314010674,1.0,3,PROJECT001C__016.DZT
0.122,0.24,6.038398137172922,3.1632392190589864,1.0,3,PROJECT001C__016.DZT
0.122,0.245,6.038398137172922,3.1621726544511293,1.0,3,PROJECT001C__016.DZT
0.122,0.25,6.038398137172922,3.161301054836446,1.0,3,PROJECT001C__016.DZT
0.124,-0.05,5.84518196368898,3.1602398820478736,1.0,3,PROJECT001C__016.DZT
0.124,-0.045000000000000005,5.84518196368898,3.1608438835466006,1.0,3,PROJECT001C__016.DZT
0.124,-0.04,5.84518196368898,3.1614121109716358,1.0,3,PROJECT001C__016.DZT
0.124,-0.035,5.84518196368898,3.162081108068707,1.0,3,PROJECT001C__016.DZT
0.124,-0.030000000000000002,5.84518196368898,3.1627353577639425,1.0,3,PROJECT001C__016.DZT
0.124,-0.025,5.84518196368898,3.1633978149361774,1.0,3,PROJECT001C__016.DZT
0.124,-0.020000000000000004,5.84518196368898,3.16396429318854,1.0,3,PROJECT001C__016.DZT
0.124,-0.015,5.84518196368898,3.1645798776740577,1.0,3,PROJECT001C__016.DZT
0.124,-0.010000000000000002,5.84518196368898,3.1653436488516733,1.0,3,PROJECT001C__016.DZT
0.124,-0.0050000000000000044,5.84518196368898,3.165888052145153,1.0,3,PROJECT001C__016.DZT
0.124,0.0,5.84518196368898,3.1663232707112337,1.0,3,PROJECT001C__016.DZT
0.124,0.0049999999999999975,5.84518196368898,3.166654639040692,1.0,3,PROJECT001C__016.DZT
0.124,0.009999999999999995,5.84518196368898,3.166878895289372,1.0,3,PROJECT001C__016.DZT
0.124,0.015,5.84518196368898,3.1669564549914675,1.0,3,PROJECT001C__016.DZT
0.124,0.020000000000000004,5.84518196368898,3.1670615723108475,1.0,3,PROJECT001C__016.DZT
0.124,0.024999999999999994,5.84518196368898,3.16720914608546,1.0,3,PROJECT001C__016.DZT
0.124,0.03,5.84518196368898,3.1674195524037216,1.0,3,PROJECT001C__016.DZT
0.124,0.035,5.84518196368898,3.1677411506940634,1.0,3,PROJECT001C__016.DZT
0.124,0.039999999999999994,5.84518196368898,3.1681337706606203,1.0,3,PROJECT001C__016.DZT
0.124,0.045,5.84518196368898,3.1683779572497444,1.0,3,PROJECT001C__016.DZT
0.124,0.05,5.84518196368898,3.168523572906622,1.0,3,PROJECT001C__016.DZT
0.124,0.05499999999999999,5.84518196368898,3.16871880543052,1.0,3,PROJECT001C__016.DZT
0.124,0.06,5.84518196368898,3.168929136531766,1.0,3,PROJECT001C__016.DZT
0.124,0.065,5.84518196368898,3.169043208362512,1.0,3,PROJECT001C__016.DZT
0.124,0.06999999999999999,5.84518196368898,3.169144318118763,1.0,3,PROJECT001C__016.DZT
0.124,0.075,5.84518196368898,3.169293939167051,1.0,3,PROJECT001C__016.DZT
0.124,0.08,5.84518196368898,3.169272600300696,1.0,3,PROJECT001C__016.DZT
0.124,0.085,5.84518196368898,3.16907928845136,1.0,3,PROJECT001C__016.DZT
0.124,0.09000000000000001,5.84518196368898,3.1689538400285073,1.0,3,PROJECT001C__016.DZT
0.124,0.09499999999999999,5.84518196368898,3.1690572256595915,1.0,3,PROJECT001C__016.DZT
0.124,0.09999999999999999,5.84518196368898,3.1691871125505897,1.0,3,PROJECT001C__016.DZT
0.124,0.105,5.84518196368898,3.1693867823971935,1.0,3,PROJECT001C__016.DZT
0.124,0.11,5.84518196368898,3.1691319704914456,1.0,3,PROJECT001C__016.DZT
0.124,0.115,5.84518196368898,3.1685858431447174,1.0,3,PROJECT001C__016.DZT
0.124,0.12000000000000001,5.84518196368898,3.167961087148656,1.0,3,PROJECT001C__016.DZT
0.124,0.125,5.84518196368898,3.1673353726843056,1.0,3,PROJECT001C__016.DZT
0.124,0.13,5.84518196368898,3.166697269115822,1.0,3,PROJECT001C__016.DZT
0.124,0.135,5.84518196368898,3.1663926194045438,1.0,3,PROJECT001C__016.DZT
0.124,0.14,5.84518196368898,3.166316524861612,1.0,3,PROJECT001C__016.DZT
0.124,0.14500000000000002,5.84518196368898,3.165813755887917,1.0,3,PROJECT001C__016.DZT
0.124,0.15000000000000002,5.84518196368898,3.165422941753125,1.0,3,PROJECT001C__016.DZT
0.124,0.15500000000000003,5.84518196368898,3.165217255746434,1.0,3,PROJECT001C__016.DZT
0.124,0.15999999999999998,5.84518196368898,3.164881086922905,1.0,3,PROJECT001C__016.DZT
0.124,0.16499999999999998,5.84518196368898,3.164573434453349,1.0,3,PROJECT001C__016.DZT
0.124,0.16999999999999998,5.84518196368898,3.164398337726993,1.0,3,PROJECT001C__016.DZT
0.124,0.175,5.84518196368898,3.163940003388999,1.0,3,PROJECT001C__016.DZT
0.124,0.18,5.84518196368898,3.163407961409457,1.0,3,PROJECT001C__016.DZT
0.124,0.185,5.84518196368898,3.1629475335425163,1.0,3,PROJECT001C__016.DZT
0.124,0.19,5.84518196368898,3.162530156862364,1.0,3,PROJECT001C__016.DZT
0.124,0.195,5.84518196368898,3.162198394834835,1.0,3,PROJECT001C__016.DZT
0.124,0.2,5.84518196368898,3.1617537050735613,1.0,3,PROJECT001C__016.DZT
0.124,0.20500000000000002,5.84518196368898,3.1611030709212353,1.0,3,PROJECT001C__016.DZT
0.124,0.21000000000000002,5.84518196368898,3.1603598488413547,1.0,3,PROJECT001C__016.DZT
0.124,0.21500000000000002,5.84518196368898,3.159662552300263,1.0,3,PROJECT001C__016.DZT
0.124,0.22000000000000003,5.84518196368898,3.1589089060183126,1.0,3,PROJECT001C__016.DZT
0.124,0.22500000000000003,5.84518196368898,3.1580726928602445,1.0,3,PROJECT001C__016.DZT
0.124,0.23000000000000004,5.84518196368898,3.157264263254097,1.0,3,PROJECT001C__016.DZT
0.124,0.23500000000000004,5.84518196368898,3.1563746072503016,1.0,3,PROJECT001C__016.DZT
0.124,0.24,5.84518196368898,3.155649058206688,1.0,3,PROJECT001C__016.DZT
0.124,0.245,5.84518196368898,3.1546320823478435,1.0,3,PROJECT001C__016.DZT
0.124,0.25,5.84518196368898,3.153771911046391,1.0,3,PROJECT001C__016.DZT
0.126,-0.05,5.661093340493937,3.1490741170633423,1.0,3,PROJECT001C__016.DZT
0.126,-0.045000000000000005,5.661093340493937,3.149857222103775,1.0,3,PROJECT001C__016.DZT
0.126,-0.04,5.661093340493937,3.1507167877602753,1.0,3,PROJECT001C__016.DZT
0.126,-0.035,5.661093340493937,3.151726454333396,1.0,3,PROJECT001C__016.DZT
0.126,-0.030000000000000002,5.661093340493937,3.152681240276392,1.0,3,PROJECT001C__016.DZT
0.126,-0.025,5.661093340493937,3.1533525877257063,1.0,3,PROJECT001C__016.DZT
0.126,-0.020000000000000004,5.661093340493937,3.1539808210838314,1.0,3,PROJECT001C__016.DZT
0.126,-0.015,5.661093340493937,3.154708307878746,1.0,3,PROJECT001C__016.DZT
0.126,-0.010000000000000002,5.661093340493937,3.1553556688624673,1.0,3,PROJECT001C__016.DZT
0.126,-0.0050000000000000044,5.661093340493937,3.1559332900848567,1.0,3,PROJECT001C__016.DZT
0.126,0.0,5.661093340493937,3.156676273381071,1.0,3,PROJECT001C__016.DZT
0.126,0.0049999999999999975,5.661093340493937,3.1575221559332114,1.0,3,PROJECT001C__016.DZT
0.126,0.009999999999999995,5.661093340493937,3.1580969545288116,1.0,3,PROJECT001C__016.DZT
0.126,0.015,5.661093340493937,3.1587683653438776,1.0,3,PROJECT001C__016.DZT
0.126,0.020000000000000004,5.661093340493937,3.1595795920596697,1.0,3,PROJECT001C__016.DZT
0.126,0.024999999999999994,5.661093340493937,3.160402190839213,1.0,3,PROJECT001C__016.DZT
0.126,0.03,5.661093340493937,3.1609212404301963,1.0,3,PROJECT001C__016.DZT
0.126,0.035,5.661093340493937,3.161306473168345,1.0,3,PROJECT001C__016.DZT
0.126,0.039999999999999994,5.661093340493937,3.1616993862155085,1.0,3,PROJECT001C__016.DZT
0.126,0.045,5.661093340493937,3.161958588754868,1.0,3,PROJECT001C__016.DZT
0.126,0.05,5.661093340493937,3.1622390565142044,1.0,3,PROJECT001C__016.DZT
0.126,0.05499999999999999,5.661093340493937,3.162529455046028,1.0,3,PROJECT001C__016.DZT
0.126,0.06,5.661093340493937,3.1628497065315178,1.0,3,PROJECT001C__016.DZT
0.126,0.065,5.661093340493937,3.1632370413089386,1.0,3,PROJECT001C__016.DZT
0.126,0.06999999999999999,5.661093340493937,3.163529198260351,1.0,3,PROJECT001C__016.DZT
0.126,0.075,5.661093340493937,3.1635804297469714,1.0,3,PROJECT001C__016.DZT
0.126,0.08,5.661093340493937,3.1636871665217043,1.0,3,PROJECT001C__016.DZT
0.126,0.085,5.661093340493937,3.163719463563911,1.0,3,PROJECT001C__016.DZT
0.126,0.09000000000000001,5.661093340493937,3.1637397456585084,1.0,3,PROJECT001C__016.DZT
0.126,0.09499999999999999,5.661093340493937,3.163762009878089,1.0,3,PROJECT001C__016.DZT
0.126,0.09999999999999999,5.661093340493937,3.163785239760838,1.0,3,PROJECT001C__016.DZT
0.126,0.105,5.661093340493937,3.1637071580240916,1.0,3,PROJECT001C__016.DZT
0.126,0.11,5.661093340493937,3.163510966806598,1.0,3,PROJECT001C__016.DZT
0.126,0.115,5.661093340493937,3.1634342980490353,1.0,3,PROJECT001C__016.DZT
0.126,0.12000000000000001,5.661093340493937,3.1634721426744634,1.0,3,PROJECT001C__016.DZT
0.126,0.125,5.661093340493937,3.1636165153730382,1.0,3,PROJECT001C__016.DZT
0.126,0.13,5.661093340493937,3.163753449594081,1.0,3,PROJECT001C__016.DZT
0.126,0.135,5.661093340493937,3.1633220355967624,1.0,3,PROJECT001C__016.DZT
0.126,0.14,5.661093340493937,3.1627576210989723,1.0,3,PROJECT001C__016.DZT
0.126,0.14500000000000002,5.661093340493937,3.162022638329814,1.0,3,PROJECT001C__016.DZT
0.126,0.15000000000000002,5.661093340493937,3.1612625587795513,1.0,3,PROJECT001C__016.DZT
0.126,0.15500000000000003,5.661093340493937,3.1606954157541813,1.0,3,PROJECT001C__016.DZT
0.126,0.15999999999999998,5.661093340493937,3.160239965885625,1.0,3,PROJECT001C__016.DZT
0.126,0.16499999999999998,5.661093340493937,3.159792696499322,1.0,3,PROJECT001C__016.DZT
0.126,0.16999999999999998,5.661093340493937,3.159158705226719,1.0,3,PROJECT001C__016.DZT
0.126,0.175,5.661093340493937,3.1586563268538437,1.0,3,PROJECT001C__016.DZT
0.126,0.18,5.661093340493937,3.1581803906920434,1.0,3,PROJECT001C__016.DZT
0.126,0.185,5.661093340493937,3.1575889490557842,1.0,3,PROJECT001C__016.DZT
0.126,0.19,5.661093340493937,3.157268536296126,1.0,3,PROJECT001C__016.DZT
0.126,0.195,5.661093340493937,3.1567721791471737,1.0,3,PROJECT001C__016.DZT
0.126,0.2,5.661093340493937,3.156115760358467,1.0,3,PROJECT001C__016.DZT
0.126,0.20500000000000002,5.661093340493937,3.1554730432118663,1.0,3,PROJECT001C__016.DZT
0.126,0.21000000000000002,5.661093340493937,3.15493034094304,1.0,3,PROJECT001C__016.DZT
0.126,0.21500000000000002,5.661093340493937,3.1544524906056686,1.0,3,PROJECT001C__016.DZT
0.126,0.22000000000000003,5.661093340493937,3.1539933966658436,1.0,3,PROJECT001C__016.DZT
0.126,0.22500000000000003,5.661093340493937,3.153262630647537,1.0,3,PROJECT001C__016.DZT
0.126,0.23000000000000004,5.661093340493937,3.1523546807971865,1.0,3,PROJECT001C__016.DZT
0.126,0.23500000000000004,5.661093340493937,3.151405524432139,1.0,3,PROJECT001C__016.DZT
0.126,0.24,5.661093340493937,3.1504153011779636,1.0,3,PROJECT001C__016.DZT
0.126,0.245,5.661093340493937,3.1493848837432883,1.0,3,PROJECT001C__016.DZT
0.126,0.25,5.661093340493937,3.1482914836795897,1.0,3,PROJECT001C__016.DZT
0.128,-0.05,5.485566276469832,3.137427968960999,1.0,3,PROJECT001C__016.DZT
0.128,-0.045000000000000005,5.485566276469832,3.1384397465201315,1.0,3,PROJECT001C__016.DZT
0.128,-0.04,5.485566276469832,3.139359879045653,1.0,3,PROJECT001C__016.DZT
0.128,-0.035,5.485566276469832,3.1403350708983324,1.0,3,PROJECT001C__016.DZT
0.128,-0.030000000000000002,5.485566276469832,3.141387387239162,1.0,3,PROJECT001C__016.DZT
0.128,-0.025,5.485566276469832,3.142116791485311,1.0,3,PROJECT001C__016.DZT
0.128,-0.020000000000000004,5.485566276469832,3.1429363502809373,1.0,3,PROJECT001C__016.DZT
0.128,-0.015,5.485566276469832,3.1439866232042157,1.0,3,PROJECT001C__016.DZT
0.128,-0.010000000000000002,5.485566276469832,3.144887515236196,1.0,3,PROJECT001C__016.DZT
0.128,-0.0050000000000000044,5.485566276469832,3.145803559162781,1.0,3,PROJECT001C__016.DZT
0.128,0.0,5.485566276469832,3.1465233308979546,1.0,3,PROJECT001C__016.DZT
0.128,0.0049999999999999975,5.485566276469832,3.1472146859423766,1.0,3,PROJECT001C__016.DZT
0.128,0.009999999999999995,5.485566276469832,3.147761757497488,1.0,3,PROJECT001C__016.DZT
0.128,0.015,5.485566276469832,3.1483000057445927,1.0,3,PROJECT001C__016.DZT
0.128,0.020000000000000004,5.485566276469832,3.1489648584247854,1.0,3,PROJECT001C__016.DZT
0.128,0.024999999999999994,5.485566276469832,3.1496958675267144,1.0,3,PROJECT001C__016.DZT
0.128,0.03,5.485566276469832,3.150391354461528,1.0,3,PROJECT001C__016.DZT
0.128,0.035,5.485566276469832,3.1511072742183206,1.0,3,PROJECT001C__016.DZT
0.128,0.039999999999999994,5.485566276469832,3.151852637041582,1.0,3,PROJECT001C__016.DZT
0.128,0.045,5.485566276469832,3.1527010828746973,1.0,3,PROJECT001C__016.DZT
0.128,0.05,5.485566276469832,3.1535347426876044,1.0,3,PROJECT001C__016.DZT
0.128,0.05499999999999999,5.485566276469832,3.154216625514991,1.0,3,PROJECT001C__016.DZT
0.128,0.06,5.485566276469832,3.154758508845436,1.0,3,PROJECT001C__016.DZT
0.128,0.065,5.485566276469832,3.155271712579253,1.0,3,PROJECT001C__016.DZT
0.128,0.06999999999999999,5.485566276469832,3.1556650307146246,1.0,3,PROJECT001C__016.DZT
0.128,0.075,5.485566276469832,3.156072393883115,1.0,3,PROJECT001C__016.DZT
0.128,0.08,5.485566276469832,3.156494644012884,1.0,3,PROJECT001C__016.DZT
0.128,0.085,5.485566276469832,3.157036320693971,1.0,3,PROJECT001C__016.DZT
0.128,0.09000000000000001,5.485566276469832,3.1576735219722045,1.0,3,PROJECT001C__016.DZT
0.128,0.09499999999999999,5.485566276469832,3.1581222997785243,1.0,3,PROJECT001C__016.DZT
0.128,0.09999999999999999,5.485566276469832,3.158363179378563,1.0,3,PROJECT001C__016.DZT
0.128,0.105,5.485566276469832,3.158586173984721,1.0,3,PROJECT001C__016.DZT
0.128,0.11,5.485566276469832,3.15862751443297,1.0,3,PROJECT001C__016.DZT
0.128,0.115,5.485566276469832,3.1585866333847115,1.0,3,PROJECT001C__016.DZT
0.128,0.12000000000000001,5.485566276469832,3.1585336046033454,1.0,3,PROJECT001C__016.DZT
0.128,0.125,5.485566276469832,3.1585188480751474,1.0,3,PROJECT001C__016.DZT
0.128,0.13,5.485566276469832,3.1582459577812743,1.0,3,PROJECT001C__016.DZT
0.128,0.135,5.485566276469832,3.1579223196464423,1.0,3,PROJECT001C__016.DZT
0.128,0.14,5.485566276469832,3.157899533184691,1.0,3,PROJECT001C__016.DZT
0.128,0.14500000000000002,5.485566276469832,3.157889726580416,1.0,3,PROJECT001C__016.DZT
0.128,0.15000000000000002,5.485566276469832,3.1580876868566414,1.0,3,PROJECT001C__016.DZT
0.128,0.15500000000000003,5.485566276469832,3.1580302043099953,1.0,3,PROJECT001C__016.DZT
0.128,0.15999999999999998,5.485566276469832,3.157506034351821,1.0,3,PROJECT001C__016.DZT
0.128,0.16499999999999998,5.485566276469832,3.156814948438221,1.0,3,PROJECT001C__016.DZT
0.128,0.16999999999999998,5.485566276469832,3.1560970492571165,1.0,3,PROJECT001C__016.DZT
0.128,0.175,5.485566276469832,3.155355994890066,1.0,3,PROJECT001C__016.DZT
0.128,0.18,5.485566276469832,3.1547441852244504,1.0,3,PROJECT001C__016.DZT
0.128,0.185,5.485566276469832,3.154206059065263,1.0,3,PROJECT001C__016.DZT
0.128,0.19,5.485566276469832,3.153449553483076,1.0,3,PROJECT001C__016.DZT
0.128,0.195,5.485566276469832,3.152762527234479,1.0,3,PROJECT001C__016.DZT
0.128,0.2,5.485566276469832,3.1521107019037813,1.0,3,PROJECT001C__016.DZT
0.128,0.20500000000000002,5.485566276469832,3.1514161385362662,1.0,3,PROJECT001C__016.DZT
0.128,0.21000000000000002,5.485566276469832,3.1509084115604833,1.0,3,PROJECT001C__016.DZT
0.128,0.21500000000000002,5.485566276469832,3.1503949958369897,1.0,3,PROJECT001C__016.DZT
0.128,0.22000000000000003,5.485566276469832,3.149678882489816,1.0,3,PROJECT001C__016.DZT
0.128,0.22500000000000003,5.485566276469832,3.1488386967392397,1.0,3,PROJECT001C__016.DZT
0.128,0.23000000000000004,5.485566276469832,3.148060383666003,1.0,3,PROJECT001C__016.DZT
0.128,0.23500000000000004,5.485566276469832,3.1474949024170047,1.0,3,PROJECT001C__016.DZT
0.128,0.24,5.485566276469832,3.14691942953278,1.0,3,PROJECT001C__016.DZT
0.128,0.245,5.485566276469832,3.14592804755925,1.0,3,PROJECT001C__016.DZT
0.128,0.25,5.485566276469832,3.1449056772467405,1.0,3,PROJECT001C__016.DZT
0.13,-0.05,5.318077980691228,3.1279947245873707,1.0,3,PROJECT001C__016.DZT
0.13,-0.045000000000000005,5.318077980691228,3.128757943215804,1.0,3,PROJECT001C__016.DZT
0.13,-0.04,5.318077980691228,3.129602534319252,1.0,3,PROJECT001C__016.DZT
0.13,-0.035,5.318077980691228,3.130567665149955,1.0,3,PROJECT001C__016.DZT
0.13,-0.030000000000000002,5.318077980691228,3.1313501318408137,1.0,3,PROJECT001C__016.DZT
0.13,-0.025,5.318077980691228,3.131989968527361,1.0,3,PROJECT001C__016.DZT
0.13,-0.020000000000000004,5.318077980691228,3.132698391250891,1.0,3,PROJECT001C__016.DZT
0.13,-0.015,5.318077980691228,3.1334965296306323,1.0,3,PROJECT001C__016.DZT
0.13,-0.010000000000000002,5.318077980691228,3.13419459250116,1.0,3,PROJECT001C__016.DZT
0.13,-0.0050000000000000044,5.318077980691228,3.1349380934521895,1.0,3,PROJECT001C__016.DZT
0.13,0.0,5.318077980691228,3.1357234715023754,1.0,3,PROJECT001C__016.DZT
0.13,0.0049999999999999975,5.318077980691228,3.136398577730477,1.0,3,PROJECT001C__016.DZT
0.13,0.009999999999999995,5.318077980691228,3.137144754336285,1.0,3,PROJECT001C__016.DZT
0.13,0.015,5.318077980691228,3.1380778450797115,1.0,3,PROJECT001C__016.DZT
0.13,0.020000000000000004,5.318077980691228,3.1392130717591917,1.0,3,PROJECT001C__016.DZT
0.13,0.024999999999999994,5.318077980691228,3.1402110662448166,1.0,3,PROJECT001C__016.DZT
0.13,0.03,5.318077980691228,3.14082865244408,1.0,3,PROJECT001C__016.DZT
0.13,0.035,5.318077980691228,3.1413823624512935,1.0,3,PROJECT001C__016.DZT
0.13,0.039999999999999994,5.318077980691228,3.1419739769341892,1.0,3,PROJECT001C__016.DZT
0.13,0.045,5.318077980691228,3.1425229550346625,1.0,3,PROJECT001C__016.DZT
0.13,0.05,5.318077980691228,3.143060304688794,1.0,3,PROJECT001C__016.DZT
0.13,0.05499999999999999,5.318077980691228,3.1436349845717717,1.0,3,PROJECT001C__016.DZT
0.13,0.06,5.318077980691228,3.144149192148777,1.0,3,PROJECT001C__016.DZT
0.13,0.065,5.318077980691228,3.144705783739878,1.0,3,PROJECT001C__016.DZT
0.13,0.06999999999999999,5.318077980691228,3.145469679053919,1.0,3,PROJECT001C__016.DZT
0.13,0.075,5.318077980691228,3.14631644429128,1.0,3,PROJECT001C__016.DZT
0.13,0.08,5.318077980691228,3.147082454476131,1.0,3,PROJECT001C__016.DZT
0.13,0.085,5.318077980691228,3.1477338942183244,1.0,3,PROJECT001C__016.DZT
0.13,0.09000000000000001,5.318077980691228,3.1483240610623384,1.0,3,PROJECT001C__016.DZT
0.13,0.09499999999999999,5.318077980691228,3.14870801561778,1.0,3,PROJECT001C__016.DZT
0.13,0.09999999999999999,5.318077980691228,3.149319765391485,1.0,3,PROJECT001C__016.DZT
0.13,0.105,5.318077980691228,3.149991416926813,1.0,3,PROJECT001C__016.DZT
0.13,0.11,5.318077980691228,3.150493143915669,1.0,3,PROJECT001C__016.DZT
0.13,0.115,5.318077980691228,3.1511081497957214,1.0,3,PROJECT001C__016.DZT
0.13,0.12000000000000001,5.318077980691228,3.151721008305827,1.0,3,PROJECT001C__016.DZT
0.13,0.125,5.318077980691228,3.152014075538265,1.0,3,PROJECT001C__016.DZT
0.13,0.13,5.318077980691228,3.152179286425554,1.0,3,PROJECT001C__016.DZT
0.13,0.135,5.318077980691228,3.1524123105606776,1.0,3,PROJECT001C__016.DZT
0.13,0.14,5.318077980691228,3.1525874893800183,1.0,3,PROJECT001C__016.DZT
0.13,0.14500000000000002,5.318077980691228,3.1525938107553544,1.0,3,PROJECT001C__016.DZT
0.13,0.15000000000000002,5.318077980691228,3.152640649556997,1.0,3,PROJECT001C__016.DZT
0.13,0.15500000000000003,5.318077980691228,3.152541154091036,1.0,3,PROJECT001C__016.DZT
0.13,0.15999999999999998,5.318077980691228,3.1524282334629223,1.0,3,PROJECT001C__016.DZT
0.13,0.16499999999999998,5.318077980691228,3.152387507723009,1.0,3,PROJECT001C__016.DZT
0.13,0.16999999999999998,5.318077980691228,3.1525336131272517,1.0,3,PROJECT001C__016.DZT
0.13,0.175,5.318077980691228,3.1525263398276806,1.0,3,PROJECT001C__016.DZT
0.13,0.18,5.318077980691228,3.1520136814197017,1.0,3,PROJECT001C__016.DZT
0.13,0.185,5.318077980691228,3.1514055866738637,1.0,3,PROJECT001C__016.DZT
0.13,0.19,5.318077980691228,3.150600414088627,1.0,3,PROJECT001C__016.DZT
0.13,0.195,5.318077980691228,3.1498205704414155,1.0,3,PROJECT001C__016.DZT
0.13,0.2,5.318077980691228,3.1492391152206047,1.0,3,PROJECT001C__016.DZT
0.13,0.20500000000000002,5.318077980691228,3.1486585890731043,1.0,3,PROJECT001C__016.DZT
0.13,0.21000000000000002,5.318077980691228,3.1479315853565897,1.0,3,PROJECT001C__016.DZT
0.13,0.21500000000000002,5.318077980691228,3.1472031505488256,1.0,3,PROJECT001C__016.DZT
0.13,0.22000000000000003,5.318077980691228,3.1464452894598574,1.0,3,PROJECT001C__016.DZT
0.13,0.22500000000000003,5.318077980691228,3.145637537352292,1.0,3,PROJECT001C__016.DZT
0.13,0.23000000000000004,5.318077980691228,3.145000952542159,1.0,3,PROJECT001C__016.DZT
0.13,0.23500000000000004,5.318077980691228,3.144381316960189,1.0,3,PROJECT001C__016.DZT
0.13,0.24,5.318077980691228,3.1434065389895363,1.0,3,PROJECT001C__016.DZT
0.13,0.245,5.318077980691228,3.142372669038054,1.0,3,PROJECT001C__016.DZT
0.13,0.25,5.318077980691228,3.1415887976624455,1.0,3,PROJECT001C__016.DZT
0.132,-0.05,5.158144965202121,3.119659986086226,1.0,3,PROJECT001C__016.DZT
0.132,-0.045000000000000005,5.158144965202121,3.1205232824233966,1.0,3,PROJECT001C__016.DZT
0.132,-0.04,5.158144965202121,3.1212574341235033,1.0,3,PROJECT001C__016.DZT
0.132,-0.035,5.158144965202121,3.1219499908938655,1.0,3,PROJECT001C__016.DZT
0.132,-0.030000000000000002,5.158144965202121,3.1225862791866046,1.0,3,PROJECT001C__016.DZT
0.132,-0.025,5.158144965202121,3.123167361206478,1.0,3,PROJECT001C__016.DZT
0.132,-0.020000000000000004,5.158144965202121,3.123862741058258,1.0,3,PROJECT001C__016.DZT
0.132,-0.015,5.158144965202121,3.1245156614934175,1.0,3,PROJECT001C__016.DZT
0.132,-0.010000000000000002,5.158144965202121,3.1253268804289256,1.0,3,PROJECT001C__016.DZT
0.132,-0.0050000000000000044,5.158144965202121,3.1261872983150027,1.0,3,PROJECT001C__016.DZT
0.132,0.0,5.158144965202121,3.126938849829656,1.0,3,PROJECT001C__016.DZT
0.132,0.0049999999999999975,5.158144965202121,3.127591369666254,1.0,3,PROJECT001C__016.DZT
0.132,0.009999999999999995,5.158144965202121,3.1284623356581758,1.0,3,PROJECT001C__016.DZT
0.132,0.015,5.158144965202121,3.129140140015778,1.0,3,PROJECT001C__016.DZT
0.132,0.020000000000000004,5.158144965202121,3.1297438789488594,1.0,3,PROJECT001C__016.DZT
0.132,0.024999999999999994,5.158144965202121,3.1303353712796596,1.0,3,PROJECT001C__016.DZT
0.132,0.03,5.158144965202121,3.13079223189975,1.0,3,PROJECT001C__016.DZT
0.132,0.035,5.158144965202121,3.1313499460078913,1.0,3,PROJECT001C__016.DZT
0.132,0.039999999999999994,5.158144965202121,3.1321070306377337,1.0,3,PROJECT001C__016.DZT
0.132,0.045,5.158144965202121,3.132956799333312,1.0,3,PROJECT001C__016.DZT
0.132,0.05,5.158144965202121,3.1337923547097524,1.0,3,PROJECT001C__016.DZT
0.132,0.05499999999999999,5.158144965202121,3.13441114436132,1.0,3,PROJECT001C__016.DZT
0.132,0.06,5.158144965202121,3.1351579368348155,1.0,3,PROJECT001C__016.DZT
0.132,0.065,5.158144965202121,3.135710991990379,1.0,3,PROJECT001C__016.DZT
0.132,0.06999999999999999,5.158144965202121,3.136275839706428,1.0,3,PROJECT001C__016.DZT
0.132,0.075,5.158144965202121,3.136923215860754,1.0,3,PROJECT001C__016.DZT
0.132,0.08,5.158144965202121,3.1375270800440913,1.0,3,PROJECT001C__016.DZT
0.132,0.085,5.158144965202121,3.1380503893017253,1.0,3,PROJECT001C__016.DZT
0.132,0.09000000000000001,5.158144965202121,3.1385198072036466,1.0,3,PROJECT001C__016.DZT
0.132,0.09499999999999999,5.158144965202121,3.139032419357216,1.0,3,PROJECT001C__016.DZT
0.132,0.09999999999999999,5.158144965202121,3.1395679223939723,1.0,3,PROJECT001C__016.DZT
0.132,0.105,5.158144965202121,3.140149421847894,1.0,3,PROJECT001C__016.DZT
0.132,0.11,5.158144965202121,3.1405314353925022,1.0,3,PROJECT001C__016.DZT
0.132,0.115,5.158144965202121,3.140951142234751,1.0,3,PROJECT001C__016.DZT
0.132,0.12000000000000001,5.158144965202121,3.1414275208642835,1.0,3,PROJECT001C__016.DZT
0.132,0.125,5.158144965202121,3.1420823168052383,1.0,3,PROJECT001C__016.DZT
0.132,0.13,5.158144965202121,3.1427690961535895,1.0,3,PROJECT001C__016.DZT
0.132,0.135,5.158144965202121,3.1436126876999704,1.0,3,PROJECT001C__016.DZT
0.132,0.14,5.158144965202121,3.1444242720893167,1.0,3,PROJECT001C__016.DZT
0.132,0.14500000000000002,5.158144965202121,3.144923799805183,1.0,3,PROJECT001C__016.DZT
0.132,0.15000000000000002,5.158144965202121,3.1453364731134354,1.0,3,PROJECT001C__016.DZT
0.132,0.15500000000000003,5.158144965202121,3.1455404545279895,1.0,3,PROJECT001C__016.DZT
0.132,0.15999999999999998,5.158144965202121,3.14562930435643,1.0,3,PROJECT001C__016.DZT
0.132,0.16499999999999998,5.158144965202121,3.1456653645173507,1.0,3,PROJECT001C__016.DZT
0.132,0.16999999999999998,5.158144965202121,3.145698459320567,1.0,3,PROJECT001C__016.DZT
0.132,0.175,5.158144965202121,3.1455589725397957,1.0,3,PROJECT001C__016.DZT
0.132,0.18,5.158144965202121,3.145475134608114,1.0,3,PROJECT001C__016.DZT
0.132,0.185,5.158144965202121,3.1456471665011727,1.0,3,PROJECT001C__016.DZT
0.132,0.19,5.158144965202121,3.1460229947208807,1.0,3,PROJECT001C__016.DZT
0.132,0.195,5.158144965202121,3.146158079953178,1.0,3,PROJECT001C__016.DZT
0.132,0.2,5.158144965202121,3.1460036518594094,1.0,3,PROJECT001C__016.DZT
0.132,0.20500000000000002,5.158144965202121,3.1456347454591955,1.0,3,PROJECT001C__016.DZT
0.132,0.21000000000000002,5.158144965202121,3.144978662115578,1.0,3,PROJECT001C__016.DZT
0.132,0.21500000000000002,5.158144965202121,3.1443458815242717,1.0,3,PROJECT001C__016.DZT
0.132,0.22000000000000003,5.158144965202121,3.14367883166492,1.0,3,PROJECT001C__016.DZT
0.132,0.22500000000000003,5.158144965202121,3.1430053098230375,1.0,3,PROJECT001C__016.DZT
0.132,0.23000000000000004,5.158144965202121,3.1421387982378985,1.0,3,PROJECT001C__016.DZT
0.132,0.23500000000000004,5.158144965202121,3.1411905106653006,1.0,3,PROJECT001C__016.DZT
0.132,0.24,5.158144965202121,3.1403302536902715,1.0,3,PROJECT001C__016.DZT
0.132,0.245,5.158144965202121,3.1396326271626562,1.0,3,PROJECT001C__016.DZT
0.132,0.25,5.158144965202121,3.1390562037374914,1.0,3,PROJECT001C__016.DZT
0.134,-0.05,5.005319551886932,3.1122071600400307,1.0,3,PROJECT001C__016.DZT
0.134,-0.045000000000000005,5.005319551886932,3.1126067008440272,1.0,3,PROJECT001C__016.DZT
0.134,-0.04,5.005319551886932,3.1131091508276962,1.0,3,PROJECT001C__016.DZT
0.134,-0.035,5.005319551886932,3.1136833985117653,1.0,3,PROJECT001C__016.DZT
0.134,-0.030000000000000002,5.005319551886932,3.114383014937758,1.0,3,PROJECT001C__016.DZT
0.134,-0.025,5.005319551886932,3.115120767599526,1.0,3,PROJECT001C__016.DZT
0.134,-0.020000000000000004,5.005319551886932,3.1159277447761706,1.0,3,PROJECT001C__016.DZT
0.134,-0.015,5.005319551886932,3.1167943432672676,1.0,3,PROJECT001C__016.DZT
0.134,-0.010000000000000002,5.005319551886932,3.11763466465492,1.0,3,PROJECT001C__016.DZT
0.134,-0.0050000000000000044,5.005319551886932,3.118460927075102,1.0,3,PROJECT001C__016.DZT
0.134,0.0,5.005319551886932,3.1191129550983945,1.0,3,PROJECT001C__016.DZT
0.134,0.0049999999999999975,5.005319551886932,3.1198395700077444,1.0,3,PROJECT001C__016.DZT
0.134,0.009999999999999995,5.005319551886932,3.1204487828835075,1.0,3,PROJECT001C__016.DZT
0.134,0.015,5.005319551886932,3.1211833958103377,1.0,3,PROJECT001C__016.DZT
0.134,0.020000000000000004,5.005319551886932,3.121884334699654,1.0,3,PROJECT001C__016.DZT
0.134,0.024999999999999994,5.005319551886932,3.122470350632043,1.0,3,PROJECT001C__016.DZT
0.134,0.03,5.005319551886932,3.1229434474728475,1.0,3,PROJECT001C__016.DZT
0.134,0.035,5.005319551886932,3.1235453492292984,1.0,3,PROJECT001C__016.DZT
0.134,0.039999999999999994,5.005319551886932,3.124120836522293,1.0,3,PROJECT001C__016.DZT
0.134,0.045,5.005319551886932,3.1247827520060256,1.0,3,PROJECT001C__016.DZT
0.134,0.05,5.005319551886932,3.125280021177076,1.0,3,PROJECT001C__016.DZT
0.134,0.05499999999999999,5.005319551886932,3.1256899570681114,1.0,3,PROJECT001C__016.DZT
0.134,0.06,5.005319551886932,3.126222563714332,1.0,3,PROJECT001C__016.DZT
0.134,0.065,5.005319551886932,3.1269747398804886,1.0,3,PROJECT001C__016.DZT
0.134,0.06999999999999999,5.005319551886932,3.1278194003227227,1.0,3,PROJECT001C__016.DZT
0.134,0.075,5.005319551886932,3.1284729522107018,1.0,3,PROJECT001C__016.DZT
0.134,0.08,5.005319551886932,3.1289473929682896,1.0,3,PROJECT001C__016.DZT
0.134,0.085,5.005319551886932,3.1293098299412474,1.0,3,PROJECT001C__016.DZT
0.134,0.09000000000000001,5.005319551886932,3.1297176837194804,1.0,3,PROJECT001C__016.DZT
0.134,0.09499999999999999,5.005319551886932,3.1303498918427195,1.0,3,PROJECT001C__016.DZT
0.134,0.09999999999999999,5.005319551886932,3.1308644302988786,1.0,3,PROJECT001C__016.DZT
0.134,0.105,5.005319551886932,3.1313350309316417,1.0,3,PROJECT001C__016.DZT
0.134,0.11,5.005319551886932,3.1319339433995026,1.0,3,PROJECT001C__016.DZT
0.134,0.115,5.005319551886932,3.1324665317306892,1.0,3,PROJECT001C__016.DZT
0.134,0.12000000000000001,5.005319551886932,3.1329872939900194,1.0,3,PROJECT001C__016.DZT
0.134,0.125,5.005319551886932,3.133623423192566,1.0,3,PROJECT001C__016.DZT
0.134,0.13,5.005319551886932,3.134017100603819,1.0,3,PROJECT001C__016.DZT
0.134,0.135,5.005319551886932,3.134250248946143,1.0,3,PROJECT001C__016.DZT
0.134,0.14,5.005319551886932,3.1343121623003376,1.0,3,PROJECT001C__016.DZT
0.134,0.14500000000000002,5.005319551886932,3.134653948601226,1.0,3,PROJECT001C__016.DZT
0.134,0.15000000000000002,5.005319551886932,3.1351781034662722,1.0,3,PROJECT001C__016.DZT
0.134,0.15500000000000003,5.005319551886932,3.1356645549133493,1.0,3,PROJECT001C__016.DZT
0.134,0.15999999999999998,5.005319551886932,3.1363237265588375,1.0,3,PROJECT001C__016.DZT
0.134,0.16499999999999998,5.005319551886932,3.1370868464607167,1.0,3,PROJECT001C__016.DZT
0.134,0.16999999999999998,5.005319551886932,3.1376369800789927,1.0,3,PROJECT001C__016.DZT
0.134,0.175,5.005319551886932,3.138062846759747,1.0,3,PROJECT001C__016.DZT
0.134,0.18,5.005319551886932,3.138372282426523,1.0,3,PROJECT001C__016.DZT
0.134,0.185,5.005319551886932,3.1386849547553566,1.0,3,PROJECT001C__016.DZT
0.134,0.19,5.005319551886932,3.138739936145632,1.0,3,PROJECT001C__016.DZT
0.134,0.195,5.005319551886932,3.1385826482555923,1.0,3,PROJECT001C__016.DZT
0.134,0.2,5.005319551886932,3.138500062528195,1.0,3,PROJECT001C__016.DZT
0.134,0.20500000000000002,5.005319551886932,3.138445603730291,1.0,3,PROJECT001C__016.DZT
0.134,0.21000000000000002,5.005319551886932,3.1384557898321916,1.0,3,PROJECT001C__016.DZT
0.134,0.21500000000000002,5.005319551886932,3.1384422597915944,1.0,3,PROJECT001C__016.DZT
0.134,0.22000000000000003,5.005319551886932,3.1382408537052293,1.0,3,PROJECT001C__016.DZT
0.134,0.22500000000000003,5.005319551886932,3.137967293312187,1.0,3,PROJECT001C__016.DZT
0.134,0.23000000000000004,5.005319551886932,3.1375329036127724,1.0,3,PROJECT001C__016.DZT
0.134,0.23500000000000004,5.005319551886932,3.137292774569776,1.0,3,PROJECT001C__016.DZT
0.134,0.24,5.005319551886932,3.1370939174629506,1.0,3,PROJECT001C__016.DZT
0.134,0.245,5.005319551886932,3.136650031045384,1.0,3,PROJECT001C__016.DZT
0.134,0.25,5.005319551886932,3.135955396468924,1.0,3,PROJECT001C__016.DZT
0.136,-0.05,4.859186736250094,3.1056571569186473,1.0,3,PROJECT001C__016.DZT
0.136,-0.045000000000000005,4.859186736250094,3.1064560070053866,1.0,3,PROJECT001C__016.DZT
0.136,-0.04,4.859186736250094,3.1072569232135585,1.0,3,PROJECT001C__016.DZT
0.136,-0.035,4.859186736250094,3.1080311335674273,1.0,3,PROJECT001C__016.DZT
0.136,-0.030000000000000002,4.859186736250094,3.108871606425474,1.0,3,PROJECT001C__016.DZT
0.136,-0.025,4.859186736250094,3.1095093808908785,1.0,3,PROJECT001C__016.DZT
0.136,-0.020000000000000004,4.859186736250094,3.1101447526330603,1.0,3,PROJECT001C__016.DZT
0.136,-0.015,4.859186736250094,3.1106047749193735,1.0,3,PROJECT001C__016.DZT
0.136,-0.010000000000000002,4.859186736250094,3.1109905386094496,1.0,3,PROJECT001C__016.DZT
0.136,-0.0050000000000000044,4.859186736250094,3.1114501771797585,1.0,3,PROJECT001C__016.DZT
0.136,0.0,4.859186736250094,3.1119830504625963,1.0,3,PROJECT001C__016.DZT
0.136,0.0049999999999999975,4.859186736250094,3.1123656840155376,1.0,3,PROJECT001C__016.DZT
0.136,0.009999999999999995,4.859186736250094,3.112839647935722,1.0,3,PROJECT001C__016.DZT
0.136,0.015,4.859186736250094,3.1133876395910285,1.0,3,PROJECT001C__016.DZT
0.136,0.020000000000000004,4.859186736250094,3.1140561095863695,1.0,3,PROJECT001C__016.DZT
0.136,0.024999999999999994,4.859186736250094,3.1147103868010766,1.0,3,PROJECT001C__016.DZT
0.136,0.03,4.859186736250094,3.1154660997277106,1.0,3,PROJECT001C__016.DZT
0.136,0.035,4.859186736250094,3.1162866264201674,1.0,3,PROJECT001C__016.DZT
0.136,0.039999999999999994,4.859186736250094,3.117233958849603,1.0,3,PROJECT001C__016.DZT
0.136,0.045,4.859186736250094,3.1180284127504527,1.0,3,PROJECT001C__016.DZT
0.136,0.05,4.859186736250094,3.118729528533116,1.0,3,PROJECT001C__016.DZT
0.136,0.05499999999999999,4.859186736250094,3.119281408128762,1.0,3,PROJECT001C__016.DZT
0.136,0.06,4.859186736250094,3.119826469840511,1.0,3,PROJECT001C__016.DZT
0.136,0.065,4.859186736250094,3.1201357994225276,1.0,3,PROJECT001C__016.DZT
0.136,0.06999999999999999,4.859186736250094,3.120417012920653,1.0,3,PROJECT001C__016.DZT
0.136,0.075,4.859186736250094,3.1206295386235006,1.0,3,PROJECT001C__016.DZT
0.136,0.08,4.859186736250094,3.120783737071926,1.0,3,PROJECT001C__016.DZT
0.136,0.085,4.859186736250094,3.1212417287048573,1.0,3,PROJECT001C__016.DZT
0.136,0.09000000000000001,4.859186736250094,3.1219275041820267,1.0,3,PROJECT001C__016.DZT
0.136,0.09499999999999999,4.859186736250094,3.1225911834796096,1.0,3,PROJECT001C__016.DZT
0.136,0.09999999999999999,4.859186736250094,3.123267335307631,1.0,3,PROJECT001C__016.DZT
0.136,0.105,4.859186736250094,3.123874819168677,1.0,3,PROJECT001C__016.DZT
0.136,0.11,4.859186736250094,3.1243107727788977,1.0,3,PROJECT001C__016.DZT
0.136,0.115,4.859186736250094,3.124696702930352,1.0,3,PROJECT001C__016.DZT
0.136,0.12000000000000001,4.859186736250094,3.1251201666522097,1.0,3,PROJECT001C__016.DZT
0.136,0.125,4.859186736250094,3.1255153689012585,1.0,3,PROJECT001C__016.DZT
0.136,0.13,4.859186736250094,3.1258971473419606,1.0,3,PROJECT001C__016.DZT
0.136,0.135,4.859186736250094,3.1262625188544444,1.0,3,PROJECT001C__016.DZT
0.136,0.14,4.859186736250094,3.1265358067624516,1.0,3,PROJECT001C__016.DZT
0.136,0.14500000000000002,4.859186736250094,3.1269277313926316,1.0,3,PROJECT001C__016.DZT
0.136,0.15000000000000002,4.859186736250094,3.1275099033428138,1.0,3,PROJECT001C__016.DZT
0.136,0.15500000000000003,4.859186736250094,3.1278384090830076,1.0,3,PROJECT001C__016.DZT
0.136,0.15999999999999998,4.859186736250094,3.127880180844532,1.0,3,PROJECT001C__016.DZT
0.136,0.16499999999999998,4.859186736250094,3.128152628263352,1.0,3,PROJECT001C__016.DZT
0.136,0.16999999999999998,4.859186736250094,3.128593408325576,1.0,3,PROJECT001C__016.DZT
0.136,0.175,4.859186736250094,3.128943390885647,1.0,3,PROJECT001C__016.DZT
0.136,0.18,4.859186736250094,3.1294139840093074,1.0,3,PROJECT001C__016.DZT
0.136,0.185,4.859186736250094,3.12999143259063,1.0,3,PROJECT001C__016.DZT
0.136,0.19,4.859186736250094,3.1301655759601412,1.0,3,PROJECT001C__016.DZT
0.136,0.195,4.859186736250094,3.130323044557592,1.0,3,PROJECT001C__016.DZT
0.136,0.2,4.859186736250094,3.130668071752499,1.0,3,PROJECT001C__016.DZT
0.136,0.20500000000000002,4.859186736250094,3.1308794708058296,1.0,3,PROJECT001C__016.DZT
0.136,0.21000000000000002,4.859186736250094,3.1309445751963376,1.0,3,PROJECT001C__016.DZT
0.136,0.21500000000000002,4.859186736250094,3.1310160091366015,1.0,3,PROJECT001C__016.DZT
0.136,0.22000000000000003,4.859186736250094,3.1311161999641723,1.0,3,PROJECT001C__016.DZT
0.136,0.22500000000000003,4.859186736250094,3.131212429569988,1.0,3,PROJECT001C__016.DZT
0.136,0.23000000000000004,4.859186736250094,3.1312923460201394,1.0,3,PROJECT001C__016.DZT
0.136,0.23500000000000004,4.859186736250094,3.1312196712752676,1.0,3,PROJECT001C__016.DZT
0.136,0.24,4.859186736250094,3.13075045055651,1.0,3,PROJECT001C__016.DZT
0.136,0.245,4.859186736250094,3.1302187895864435,1.0,3,PROJECT001C__016.DZT
0.136,0.25,4.859186736250094,3.1296354917326936,1.0,3,PROJECT001C__016.DZT
0.138,-0.05,4.719361367028028,3.1005304061958037,1.0,3,PROJECT001C__016.DZT
0.138,-0.045000000000000005,4.719361367028028,3.101223590404327,1.0,3,PROJECT001C__016.DZT
0.138,-0.04,4.719361367028028,3.1019369039088467,1.0,3,PROJECT001C__016.DZT
0.138,-0.035,4.719361367028028,3.102452983621388,1.0,3,PROJECT001C__016.DZT
0.138,-0.030000000000000002,4.719361367028028,3.102870176324638,1.0,3,PROJECT001C__016.DZT
0.138,-0.025,4.719361367028028,3.103451203855768,1.0,3,PROJECT001C__016.DZT
0.138,-0.020000000000000004,4.719361367028028,3.1039475365670643,1.0,3,PROJECT001C__016.DZT
0.138,-0.015,4.719361367028028,3.1044994478111003,1.0,3,PROJECT001C__016.DZT
0.138,-0.010000000000000002,4.719361367028028,3.1051241514769927,1.0,3,PROJECT001C__016.DZT
0.138,-0.0050000000000000044,4.719361367028028,3.1058375647006913,1.0,3,PROJECT001C__016.DZT
0.138,0.0,4.719361367028028,3.1064068059854004,1.0,3,PROJECT001C__016.DZT
0.138,0.0049999999999999975,4.719361367028028,3.1069773015278805,1.0,3,PROJECT001C__016.DZT
0.138,0.009999999999999995,4.719361367028028,3.107709446956996,1.0,3,PROJECT001C__016.DZT
0.138,0.015,4.719361367028028,3.1084575921655033,1.0,3,PROJECT001C__016.DZT
0.138,0.020000000000000004,4.719361367028028,3.109001958944365,1.0,3,PROJECT001C__016.DZT
0.138,0.024999999999999994,4.719361367028028,3.1095265057287165,1.0,3,PROJECT001C__016.DZT
0.138,0.03,4.719361367028028,3.1100258554368643,1.0,3,PROJECT001C__016.DZT
0.138,0.035,4.719361367028028,3.1103923903481294,1.0,3,PROJECT001C__016.DZT
0.138,0.039999999999999994,4.719361367028028,3.1106537472246507,1.0,3,PROJECT001C__016.DZT
0.138,0.045,4.719361367028028,3.1109371474081047,1.0,3,PROJECT001C__016.DZT
0.138,0.05,4.719361367028028,3.111222935660388,1.0,3,PROJECT001C__016.DZT
0.138,0.05499999999999999,4.719361367028028,3.111614010625347,1.0,3,PROJECT001C__016.DZT
0.138,0.06,4.719361367028028,3.112191484085359,1.0,3,PROJECT001C__016.DZT
0.138,0.065,4.719361367028028,3.1130251963522384,1.0,3,PROJECT001C__016.DZT
0.138,0.06999999999999999,4.719361367028028,3.1137604552354645,1.0,3,PROJECT001C__016.DZT
0.138,0.075,4.719361367028028,3.1145830998460213,1.0,3,PROJECT001C__016.DZT
0.138,0.08,4.719361367028028,3.115350266821259,1.0,3,PROJECT001C__016.DZT
0.138,0.085,4.719361367028028,3.1159981457644363,1.0,3,PROJECT001C__016.DZT
0.138,0.09000000000000001,4.719361367028028,3.116583538748763,1.0,3,PROJECT001C__016.DZT
0.138,0.09499999999999999,4.719361367028028,3.116889459310204,1.0,3,PROJECT001C__016.DZT
0.138,0.09999999999999999,4.719361367028028,3.1169097383069615,1.0,3,PROJECT001C__016.DZT
0.138,0.105,4.719361367028028,3.11692966662878,1.0,3,PROJECT001C__016.DZT
0.138,0.11,4.719361367028028,3.1172646640299457,1.0,3,PROJECT001C__016.DZT
0.138,0.115,4.719361367028028,3.1175946450747936,1.0,3,PROJECT001C__016.DZT
0.138,0.12000000000000001,4.719361367028028,3.1178532255409377,1.0,3,PROJECT001C__016.DZT
0.138,0.125,4.719361367028028,3.1181971104169244,1.0,3,PROJECT001C__016.DZT
0.138,0.13,4.719361367028028,3.1185572981238203,1.0,3,PROJECT001C__016.DZT
0.138,0.135,4.719361367028028,3.1189797687646,1.0,3,PROJECT001C__016.DZT
0.138,0.14,4.719361367028028,3.119518159864258,1.0,3,PROJECT001C__016.DZT
0.138,0.14500000000000002,4.719361367028028,3.120070155356419,1.0,3,PROJECT001C__016.DZT
0.138,0.15000000000000002,4.719361367028028,3.120547799695343,1.0,3,PROJECT001C__016.DZT
0.138,0.15500000000000003,4.719361367028028,3.121037390941375,1.0,3,PROJECT001C__016.DZT
0.138,0.15999999999999998,4.719361367028028,3.121347586893959,1.0,3,PROJECT001C__016.DZT
0.138,0.16499999999999998,4.719361367028028,3.121581153284362,1.0,3,PROJECT001C__016.DZT
0.138,0.16999999999999998,4.719361367028028,3.121814894560179,1.0,3,PROJECT001C__016.DZT
0.138,0.175,4.719361367028028,3.1218335024312576,1.0,3,PROJECT001C__016.DZT
0.138,0.18,4.719361367028028,3.1217002255567388,1.0,3,PROJECT001C__016.DZT
0.138,0.185,4.719361367028028,3.1216827446815927,1.0,3,PROJECT001C__016.DZT
0.138,0.19,4.719361367028028,3.1218631595919994,1.0,3,PROJECT001C__016.DZT
0.138,0.195,4.719361367028028,3.1222229550660754,1.0,3,PROJECT001C__016.DZT
0.138,0.2,4.719361367028028,3.12267111098393,1.0,3,PROJECT001C__016.DZT
0.138,0.20500000000000002,4.719361367028028,3.1232825198116854,1.0,3,PROJECT001C__016.DZT
0.138,0.21000000000000002,4.719361367028028,3.123560543360886,1.0,3,PROJECT001C__016.DZT
0.138,0.21500000000000002,4.719361367028028,3.1238011650803963,1.0,3,PROJECT001C__016.DZT
0.138,0.22000000000000003,4.719361367028028,3.1239592794179747,1.0,3,PROJECT001C__016.DZT
0.138,0.22500000000000003,4.719361367028028,3.1239553861409797,1.0,3,PROJECT001C__016.DZT
0.138,0.23000000000000004,4.719361367028028,3.123753387800976,1.0,3,PROJECT001C__016.DZT
0.138,0.23500000000000004,4.719361367028028,3.123588827132631,1.0,3,PROJECT001C__016.DZT
0.138,0.24,4.719361367028028,3.123455453090461,1.0,3,PROJECT001C__016.DZT
0.138,0.245,4.719361367028028,3.1233837082331255,1.0,3,PROJECT001C__016.DZT
0.138,0.25,4.719361367028028,3.123192022717555,1.0,3,PROJECT001C__016.DZT
0.14,-0.05,4.585485605800089,3.096217002977293,1.0,3,PROJECT001C__016.DZT
0.14,-0.045000000000000005,4.585485605800089,3.096533641408507,1.0,3,PROJECT001C__016.DZT
0.14,-0.04,4.585485605800089,3.0968919346697255,1.0,3,PROJECT001C__016.DZT
0.14,-0.035,4.585485605800089,3.0974152764045684,1.0,3,PROJECT001C__016.DZT
0.14,-0.030000000000000002,4.585485605800089,3.0978868998075946,1.0,3,PROJECT001C__016.DZT
0.14,-0.025,4.585485605800089,3.098481064092539,1.0,3,PROJECT001C__016.DZT
0.14,-0.020000000000000004,4.585485605800089,3.0991121626406257,1.0,3,PROJECT001C__016.DZT
0.14,-0.015,4.585485605800089,3.099812649864274,1.0,3,PROJECT001C__016.DZT
0.14,-0.010000000000000002,4.585485605800089,3.100304094856211,1.0,3,PROJECT001C__016.DZT
0.14,-0.0050000000000000044,4.585485605800089,3.1008194465174004,1.0,3,PROJECT001C__016.DZT
0.14,0.0,4.585485605800089,3.1014515003050662,1.0,3,PROJECT001C__016.DZT
0.14,0.0049999999999999975,4.585485605800089,3.102028615201087,1.0,3,PROJECT001C__016.DZT
0.14,0.009999999999999995,4.585485605800089,3.1026278335323405,1.0,3,PROJECT001C__016.DZT
0.14,0.015,4.585485605800089,3.1030520592600586,1.0,3,PROJECT001C__016.DZT
0.14,0.020000000000000004,4.585485605800089,3.103506910299141,1.0,3,PROJECT001C__016.DZT
0.14,0.024999999999999994,4.585485605800089,3.1040599538512708,1.0,3,PROJECT001C__016.DZT
0.14,0.03,4.585485605800089,3.1045558595091785,1.0,3,PROJECT001C__016.DZT
0.14,0.035,4.585485605800089,3.1049969552913415,1.0,3,PROJECT001C__016.DZT
0.14,0.039999999999999994,4.585485605800089,3.1055831771907827,1.0,3,PROJECT001C__016.DZT
0.14,0.045,4.585485605800089,3.106209038073905,1.0,3,PROJECT001C__016.DZT
0.14,0.05,4.585485605800089,3.106847914702031,1.0,3,PROJECT001C__016.DZT
0.14,0.05499999999999999,4.585485605800089,3.107379499551509,1.0,3,PROJECT001C__016.DZT
0.14,0.06,4.585485605800089,3.1078374934882564,1.0,3,PROJECT001C__016.DZT
0.14,0.065,4.585485605800089,3.1082400806912425,1.0,3,PROJECT001C__016.DZT
0.14,0.06999999999999999,4.585485605800089,3.108614855486877,1.0,3,PROJECT001C__016.DZT
0.14,0.075,4.585485605800089,3.1088400291088245,1.0,3,PROJECT001C__016.DZT
0.14,0.08,4.585485605800089,3.1090647962784193,1.0,3,PROJECT001C__016.DZT
0.14,0.085,4.585485605800089,3.1094682082266836,1.0,3,PROJECT001C__016.DZT
0.14,0.09000000000000001,4.585485605800089,3.10990052493482,1.0,3,PROJECT001C__016.DZT
0.14,0.09499999999999999,4.585485605800089,3.1102948208164833,1.0,3,PROJECT001C__016.DZT
0.14,0.09999999999999999,4.585485605800089,3.1107575988413125,1.0,3,PROJECT001C__016.DZT
0.14,0.105,4.585485605800089,3.1113384134748974,1.0,3,PROJECT001C__016.DZT
0.14,0.11,4.585485605800089,3.111934699547348,1.0,3,PROJECT001C__016.DZT
0.14,0.115,4.585485605800089,3.1122661041877446,1.0,3,PROJECT001C__016.DZT
0.14,0.12000000000000001,4.585485605800089,3.112711863197751,1.0,3,PROJECT001C__016.DZT
0.14,0.125,4.585485605800089,3.1130580161263475,1.0,3,PROJECT001C__016.DZT
0.14,0.13,4.585485605800089,3.1133455617974284,1.0,3,PROJECT001C__016.DZT
0.14,0.135,4.585485605800089,3.1137420295262466,1.0,3,PROJECT001C__016.DZT
0.14,0.14,4.585485605800089,3.113981582071935,1.0,3,PROJECT001C__016.DZT
0.14,0.14500000000000002,4.585485605800089,3.1140653945457424,1.0,3,PROJECT001C__016.DZT
0.14,0.15000000000000002,4.585485605800089,3.114136189570619,1.0,3,PROJECT001C__016.DZT
0.14,0.15500000000000003,4.585485605800089,3.1140795109691894,1.0,3,PROJECT001C__016.DZT
0.14,0.15999999999999998,4.585485605800089,3.114126269757364,1.0,3,PROJECT001C__016.DZT
0.14,0.16499999999999998,4.585485605800089,3.1143385770990535,1.0,3,PROJECT001C__016.DZT
0.14,0.16999999999999998,4.585485605800089,3.114849202293641,1.0,3,PROJECT001C__016.DZT
0.14,0.175,4.585485605800089,3.1153117658960903,1.0,3,PROJECT001C__016.DZT
0.14,0.18,4.585485605800089,3.1157115466620007,1.0,3,PROJECT001C__016.DZT
0.14,0.185,4.585485605800089,3.116219480010569,1.0,3,PROJECT001C__016.DZT
0.14,0.19,4.585485605800089,3.116680841718974,1.0,3,PROJECT001C__016.DZT
0.14,0.195,4.585485605800089,3.1169699201891152,1.0,3,PROJECT001C__016.DZT
0.14,0.2,4.585485605800089,3.1167411617229477,1.0,3,PROJECT001C__016.DZT
0.14,0.20500000000000002,4.585485605800089,3.1165213164373484,1.0,3,PROJECT001C__016.DZT
0.14,0.21000000000000002,4.585485605800089,3.1164157478428396,1.0,3,PROJECT001C__016.DZT
0.14,0.21500000000000002,4.585485605800089,3.1162956679885467,1.0,3,PROJECT001C__016.DZT
0.14,0.22000000000000003,4.585485605800089,3.116339414631341,1.0,3,PROJECT001C__016.DZT
0.14,0.22500000000000003,4.585485605800089,3.116506024822666,1.0,3,PROJECT001C__016.DZT
0.14,0.23000000000000004,4.585485605800089,3.11646959105445,1.0,3,PROJECT001C__016.DZT
0.14,0.23500000000000004,4.585485605800089,3.1166914608821163,1.0,3,PROJECT001C__016.DZT
0.14,0.24,4.585485605800089,3.117062123077219,1.0,3,PROJECT001C__016.DZT
0.14,0.245,4.585485605800089,3.117217013758238,1.0,3,PROJECT001C__016.DZT
0.14,0.25,4.585485605800089,3.1171113174439005,1.0,3,PROJECT001C__016.DZT
0.14200000000000002,-0.05,4.457226635274833,3.0936613670078725,1.0,3,PROJECT001C__016.DZT
0.14200000000000002,-0.045000000000000005,4.457226635274833,3.0941240215420045,1.0,3,PROJECT001C__016.DZT
0.14200000000000002,-0.04,4.457226635274833,3.09449879896953,1.0,3,PROJECT001C__016.DZT
0.14200000000000002,-0.035,4.457226635274833,3.0948877086647997,1.0,3,PROJECT001C__016.DZT
0.14200000000000002,-0.030000000000000002,4.457226635274833,3.0951402307771567,1.0,3,PROJECT001C__016.DZT
0.14200000000000002,-0.025,4.457226635274833,3.09529596818996,1.0,3,PROJECT001C__016.DZT
0.14200000000000002,-0.020000000000000004,4.457226635274833,3.0956575978032372,1.0,3,PROJECT001C__016.DZT
0.14200000000000002,-0.015,4.457226635274833,3.0961230822854997,1.0,3,PROJECT001C__016.DZT
0.14200000000000002,-0.010000000000000002,4.457226635274833,3.0964408860283457,1.0,3,PROJECT001C__016.DZT
0.14200000000000002,-0.0050000000000000044,4.457226635274833,3.096832979496797,1.0,3,PROJECT001C__016.DZT
0.14200000000000002,0.0,4.457226635274833,3.0975047011770402,1.0,3,PROJECT001C__016.DZT
0.14200000000000002,0.0049999999999999975,4.457226635274833,3.098001194536579,1.0,3,PROJECT001C__016.DZT
0.14200000000000002,0.009999999999999995,4.457226635274833,3.0983804570910443,1.0,3,PROJECT001C__016.DZT
0.14200000000000002,0.015,4.457226635274833,3.0987027631923376,1.0,3,PROJECT001C__016.DZT
0.14200000000000002,0.020000000000000004,4.457226635274833,3.0990822930492867,1.0,3,PROJECT001C__016.DZT
0.14200000000000002,0.024999999999999994,4.457226635274833,3.099512293776387,1.0,3,PROJECT001C__016.DZT
0.14200000000000002,0.03,4.457226635274833,3.100032725593548,1.0,3,PROJECT001C__016.DZT
0.14200000000000002,0.035,4.457226635274833,3.100477608386658,1.0,3,PROJECT001C__016.DZT
0.14200000000000002,0.039999999999999994,4.457226635274833,3.100960527863282,1.0,3,PROJECT001C__016.DZT
0.14200000000000002,0.045,4.457226635274833,3.101590290354569,1.0,3,PROJECT001C__016.DZT
0.14200000000000002,0.05,4.457226635274833,3.101977199646979,1.0,3,PROJECT001C__016.DZT
0.14200000000000002,0.05499999999999999,4.457226635274833,3.1024388626201564,1.0,3,PROJECT001C__016.DZT
0.14200000000000002,0.06,4.457226635274833,3.102988180084487,1.0,3,PROJECT001C__016.DZT
0.14200000000000002,0.065,4.457226635274833,3.103586761757189,1.0,3,PROJECT001C__016.DZT
0.14200000000000002,0.06999999999999999,4.457226635274833,3.1039241517631346,1.0,3,PROJECT001C__016.DZT
0.14200000000000002,0.075,4.457226635274833,3.1044017065728116,1.0,3,PROJECT001C__016.DZT
0.14200000000000002,0.08,4.457226635274833,3.1048309209653504,1.0,3,PROJECT001C__016.DZT
0.14200000000000002,0.085,4.457226635274833,3.105222926136564,1.0,3,PROJECT001C__016.DZT
0.14200000000000002,0.09000000000000001,4.457226635274833,3.10556928542097,1.0,3,PROJECT001C__016.DZT
0.14200000000000002,0.09499999999999999,4.457226635274833,3.1058856603595992,1.0,3,PROJECT001C__016.DZT
0.14200000000000002,0.09999999999999999,4.457226635274833,3.106228032218258,1.0,3,PROJECT001C__016.DZT
0.14200000000000002,0.105,4.457226635274833,3.1066640702828487,1.0,3,PROJECT001C__016.DZT
0.14200000000000002,0.11,4.457226635274833,3.1071418116913514,1.0,3,PROJECT001C__016.DZT
0.14200000000000002,0.115,4.457226635274833,3.1074600305221085,1.0,3,PROJECT001C__016.DZT
0.14200000000000002,0.12000000000000001,4.457226635274833,3.107812735181134,1.0,3,PROJECT001C__016.DZT
0.14200000000000002,0.125,4.457226635274833,3.108084552991313,1.0,3,PROJECT001C__016.DZT
0.14200000000000002,0.13,4.457226635274833,3.1083004444529867,1.0,3,PROJECT001C__016.DZT
0.14200000000000002,0.135,4.457226635274833,3.1083794253616994,1.0,3,PROJECT001C__016.DZT
0.14200000000000002,0.14,4.457226635274833,3.1085386730565996,1.0,3,PROJECT001C__016.DZT
0.14200000000000002,0.14500000000000002,4.457226635274833,3.1086309695414918,1.0,3,PROJECT001C__016.DZT
0.14200000000000002,0.15000000000000002,4.457226635274833,3.1088563991427627,1.0,3,PROJECT001C__016.DZT
0.14200000000000002,0.15500000000000003,4.457226635274833,3.10935845002377,1.0,3,PROJECT001C__016.DZT
0.14200000000000002,0.15999999999999998,4.457226635274833,3.1097505294862287,1.0,3,PROJECT001C__016.DZT
0.14200000000000002,0.16499999999999998,4.457226635274833,3.1099977241334114,1.0,3,PROJECT001C__016.DZT
0.14200000000000002,0.16999999999999998,4.457226635274833,3.110244572067795,1.0,3,PROJECT001C__016.DZT
0.14200000000000002,0.175,4.457226635274833,3.110308130313465,1.0,3,PROJECT001C__016.DZT
0.14200000000000002,0.18,4.457226635274833,3.110213264019761,1.0,3,PROJECT001C__016.DZT
0.14200000000000002,0.185,4.457226635274833,3.1101987337306647,1.0,3,PROJECT001C__016.DZT
0.14200000000000002,0.19,4.457226635274833,3.1102370575910077,1.0,3,PROJECT001C__016.DZT
0.14200000000000002,0.195,4.457226635274833,3.1102127457178166,1.0,3,PROJECT001C__016.DZT
0.14200000000000002,0.2,4.457226635274833,3.110401081621493,1.0,3,PROJECT001C__016.DZT
0.14200000000000002,0.20500000000000002,4.457226635274833,3.110559437295238,1.0,3,PROJECT001C__016.DZT
0.14200000000000002,0.21000000000000002,4.457226635274833,3.1108924116577596,1.0,3,PROJECT001C__016.DZT
0.14200000000000002,0.21500000000000002,4.457226635274833,3.111254191566784,1.0,3,PROJECT001C__016.DZT
0.14200000000000002,0.22000000000000003,4.457226635274833,3.1112448000025914,1.0,3,PROJECT001C__016.DZT
0.14200000000000002,0.22500000000000003,4.457226635274833,3.111331894256621,1.0,3,PROJECT001C__016.DZT
0.14200000000000002,0.23000000000000004,4.457226635274833,3.1113148241312323,1.0,3,PROJECT001C__016.DZT
0.14200000000000002,0.23500000000000004,4.457226635274833,3.111440135428881,1.0,3,PROJECT001C__016.DZT
0.14200000000000002,0.24,4.457226635274833,3.1113808992192893,1.0,3,PROJECT001C__016.DZT
0.14200000000000002,0.245,4.457226635274833,3.111088966603605,1.0,3,PROJECT001C__016.DZT
0.14200000000000002,0.25,4.457226635274833,3.110706955983952,1.0,3,PROJECT001C__016.DZT
0.14400000000000002,-0.05,4.334274588815671,3.092037321276184,1.0,3,PROJECT001C__016.DZT
0.14400000000000002,-0.045000000000000005,4.334274588815671,3.092316438282527,1.0,3,PROJECT001C__016.DZT
0.14400000000000002,-0.04,4.334274588815671,3.092734720836193,1.0,3,PROJECT001C__016.DZT
0.14400000000000002,-0.035,4.334274588815671,3.0930829778143782,1.0,3,PROJECT001C__016.DZT
0.14400000000000002,-0.030000000000000002,4.334274588815671,3.093445804465826,1.0,3,PROJECT001C__016.DZT
0.14400000000000002,-0.025,4.334274588815671,3.093970063028315,1.0,3,PROJECT001C__016.DZT
0.14400000000000002,-0.020000000000000004,4.334274588815671,3.0943276356495737,1.0,3,PROJECT001C__016.DZT
0.14400000000000002,-0.015,4.334274588815671,3.09459688442495,1.0,3,PROJECT001C__016.DZT
0.14400000000000002,-0.010000000000000002,4.334274588815671,3.094909322443952,1.0,3,PROJECT001C__016.DZT
0.14400000000000002,-0.0050000000000000044,4.334274588815671,3.095042165699457,1.0,3,PROJECT001C__016.DZT
0.14400000000000002,0.0,4.334274588815671,3.094993997119678,1.0,3,PROJECT001C__016.DZT
0.14400000000000002,0.0049999999999999975,4.334274588815671,3.0951457033518075,1.0,3,PROJECT001C__016.DZT
0.14400000000000002,0.009999999999999995,4.334274588815671,3.095430450017219,1.0,3,PROJECT001C__016.DZT
0.14400000000000002,0.015,4.334274588815671,3.095750903923653,1.0,3,PROJECT001C__016.DZT
0.14400000000000002,0.020000000000000004,4.334274588815671,3.0961978985621683,1.0,3,PROJECT001C__016.DZT
0.14400000000000002,0.024999999999999994,4.334274588815671,3.096682212042252,1.0,3,PROJECT001C__016.DZT
0.14400000000000002,0.03,4.334274588815671,3.0971842315427387,1.0,3,PROJECT001C__016.DZT
0.14400000000000002,0.035,4.334274588815671,3.09767505987203,1.0,3,PROJECT001C__016.DZT
0.14400000000000002,0.039999999999999994,4.334274588815671,3.0978160775937122,1.0,3,PROJECT001C__016.DZT
0.14400000000000002,0.045,4.334274588815671,3.098121317618981,1.0,3,PROJECT001C__016.DZT
0.14400000000000002,0.05,4.334274588815671,3.0985031243483294,1.0,3,PROJECT001C__016.DZT
0.14400000000000002,0.05499999999999999,4.334274588815671,3.0987319306854606,1.0,3,PROJECT001C__016.DZT
0.14400000000000002,0.06,4.334274588815671,3.0989113154010255,1.0,3,PROJECT001C__016.DZT
0.14400000000000002,0.065,4.334274588815671,3.0992604885119803,1.0,3,PROJECT001C__016.DZT
0.14400000000000002,0.06999999999999999,4.334274588815671,3.0995701710079366,1.0,3,PROJECT001C__016.DZT
0.14400000000000002,0.075,4.334274588815671,3.0999429234879847,1.0,3,PROJECT001C__016.DZT
0.14400000000000002,0.08,4.334274588815671,3.100392544712364,1.0,3,PROJECT001C__016.DZT
0.14400000000000002,0.085,4.334274588815671,3.1008981582956423,1.0,3,PROJECT001C__016.DZT
0.14400000000000002,0.09000000000000001,4.334274588815671,3.101530760969272,1.0,3,PROJECT001C__016.DZT
0.14400000000000002,0.09499999999999999,4.334274588815671,3.1019702999720224,1.0,3,PROJECT001C__016.DZT
0.14400000000000002,0.09999999999999999,4.334274588815671,3.102408733610069,1.0,3,PROJECT001C__016.DZT
0.14400000000000002,0.105,4.334274588815671,3.1027512540514945,1.0,3,PROJECT001C__016.DZT
0.14400000000000002,0.11,4.334274588815671,3.1030261923049616,1.0,3,PROJECT001C__016.DZT
0.14400000000000002,0.115,4.334274588815671,3.1032278470580015,1.0,3,PROJECT001C__016.DZT
0.14400000000000002,0.12000000000000001,4.334274588815671,3.10342818376361,1.0,3,PROJECT001C__016.DZT
0.14400000000000002,0.125,4.334274588815671,3.103721758887063,1.0,3,PROJECT001C__016.DZT
0.14400000000000002,0.13,4.334274588815671,3.1041073918485758,1.0,3,PROJECT001C__016.DZT
0.14400000000000002,0.135,4.334274588815671,3.1044884054247284,1.0,3,PROJECT001C__016.DZT
0.14400000000000002,0.14,4.334274588815671,3.1047858769248364,1.0,3,PROJECT001C__016.DZT
0.14400000000000002,0.14500000000000002,4.334274588815671,3.10517458042488,1.0,3,PROJECT001C__016.DZT
0.14400000000000002,0.15000000000000002,4.334274588815671,3.1054673741557575,1.0,3,PROJECT001C__016.DZT
0.14400000000000002,0.15500000000000003,4.334274588815671,3.105491444552472,1.0,3,PROJECT001C__016.DZT
0.14400000000000002,0.15999999999999998,4.334274588815671,3.10552340699547,1.0,3,PROJECT001C__016.DZT
0.14400000000000002,0.16499999999999998,4.334274588815671,3.1054448065468754,1.0,3,PROJECT001C__016.DZT
0.14400000000000002,0.16999999999999998,4.334274588815671,3.1055581126842484,1.0,3,PROJECT001C__016.DZT
0.14400000000000002,0.175,4.334274588815671,3.1055981418983367,1.0,3,PROJECT001C__016.DZT
0.14400000000000002,0.18,4.334274588815671,3.105662402823871,1.0,3,PROJECT001C__016.DZT
0.14400000000000002,0.185,4.334274588815671,3.105798808451796,1.0,3,PROJECT001C__016.DZT
0.14400000000000002,0.19,4.334274588815671,3.1059639525860767,1.0,3,PROJECT001C__016.DZT
0.14400000000000002,0.195,4.334274588815671,3.105951819867014,1.0,3,PROJECT001C__016.DZT
0.14400000000000002,0.2,4.334274588815671,3.105881074999665,1.0,3,PROJECT001C__016.DZT
0.14400000000000002,0.20500000000000002,4.334274588815671,3.106127938747449,1.0,3,PROJECT001C__016.DZT
0.14400000000000002,0.21000000000000002,4.334274588815671,3.1061813521096373,1.0,3,PROJECT001C__016.DZT
0.14400000000000002,0.21500000000000002,4.334274588815671,3.1061803865409097,1.0,3,PROJECT001C__016.DZT
0.14400000000000002,0.22000000000000003,4.334274588815671,3.1061354801579095,1.0,3,PROJECT001C__016.DZT
0.14400000000000002,0.22500000000000003,4.334274588815671,3.1061227836172134,1.0,3,PROJECT001C__016.DZT
0.14400000000000002,0.23000000000000004,4.334274588815671,3.106201145151624,1.0,3,PROJECT001C__016.DZT
0.14400000000000002,0.23500000000000004,4.334274588815671,3.1059642081467067,1.0,3,PROJECT001C__016.DZT
0.14400000000000002,0.24,4.334274588815671,3.1057252637473227,1.0,3,PROJECT001C__016.DZT
0.14400000000000002,0.245,4.334274588815671,3.1056404791420467,1.0,3,PROJECT001C__016.DZT
0.14400000000000002,0.25,4.334274588815671,3.105696734985044,1.0,3,PROJECT001C__016.DZT
0.14600000000000002,-0.05,4.216340677128999,3.0918468803160954,1.0,3,PROJECT001C__016.DZT
0.14600000000000002,-0.045000000000000005,4.216340677128999,3.092090382708881,1.0,3,PROJECT001C__016.DZT
0.14600000000000002,-0.04,4.216340677128999,3.0923854173224705,1.0,3,PROJECT001C__016.DZT
0.14600000000000002,-0.035,4.216340677128999,3.092721073716168,1.0,3,PROJECT001C__016.DZT
0.14600000000000002,-0.030000000000000002,4.216340677128999,3.092972574826375,1.0,3,PROJECT001C__016.DZT
0.14600000000000002,-0.025,4.216340677128999,3.093160208977809,1.0,3,PROJECT001C__016.DZT
0.14600000000000002,-0.020000000000000004,4.216340677128999,3.0933171091723293,1.0,3,PROJECT001C__016.DZT
0.14600000000000002,-0.015,4.216340677128999,3.09349256674859,1.0,3,PROJECT001C__016.DZT
0.14600000000000002,-0.010000000000000002,4.216340677128999,3.093648132454019,1.0,3,PROJECT001C__016.DZT
0.14600000000000002,-0.0050000000000000044,4.216340677128999,3.0939641303115653,1.0,3,PROJECT001C__016.DZT
0.14600000000000002,0.0,4.216340677128999,3.094274429718775,1.0,3,PROJECT001C__016.DZT
0.14600000000000002,0.0049999999999999975,4.216340677128999,3.0945735510882777,1.0,3,PROJECT001C__016.DZT
0.14600000000000002,0.009999999999999995,4.216340677128999,3.094955960830186,1.0,3,PROJECT001C__016.DZT
0.14600000000000002,0.015,4.216340677128999,3.095197649267147,1.0,3,PROJECT001C__016.DZT
0.14600000000000002,0.020000000000000004,4.216340677128999,3.0952393995283956,1.0,3,PROJECT001C__016.DZT
0.14600000000000002,0.024999999999999994,4.216340677128999,3.0953338149788117,1.0,3,PROJECT001C__016.DZT
0.14600000000000002,0.03,4.216340677128999,3.0954016267757183,1.0,3,PROJECT001C__016.DZT
0.14600000000000002,0.035,4.216340677128999,3.0954560734447742,1.0,3,PROJECT001C__016.DZT
0.14600000000000002,0.039999999999999994,4.216340677128999,3.09570501519554,1.0,3,PROJECT001C__016.DZT
0.14600000000000002,0.045,4.216340677128999,3.0959910003948337,1.0,3,PROJECT001C__016.DZT
0.14600000000000002,0.05,4.216340677128999,3.0963006283978483,1.0,3,PROJECT001C__016.DZT
0.14600000000000002,0.05499999999999999,4.216340677128999,3.096741998366502,1.0,3,PROJECT001C__016.DZT
0.14600000000000002,0.06,4.216340677128999,3.0968324036483756,1.0,3,PROJECT001C__016.DZT
0.14600000000000002,0.065,4.216340677128999,3.0970583868004375,1.0,3,PROJECT001C__016.DZT
0.14600000000000002,0.06999999999999999,4.216340677128999,3.0974562545757816,1.0,3,PROJECT001C__016.DZT
0.14600000000000002,0.075,4.216340677128999,3.0976776878430656,1.0,3,PROJECT001C__016.DZT
0.14600000000000002,0.08,4.216340677128999,3.097972372402946,1.0,3,PROJECT001C__016.DZT
0.14600000000000002,0.085,4.216340677128999,3.0980904087569052,1.0,3,PROJECT001C__016.DZT
0.14600000000000002,0.09000000000000001,4.216340677128999,3.0981819149029413,1.0,3,PROJECT001C__016.DZT
0.14600000000000002,0.09499999999999999,4.216340677128999,3.09832589053821,1.0,3,PROJECT001C__016.DZT
0.14600000000000002,0.09999999999999999,4.216340677128999,3.098582502923208,1.0,3,PROJECT001C__016.DZT
0.14600000000000002,0.105,4.216340677128999,3.09885998148992,1.0,3,PROJECT001C__016.DZT
0.14600000000000002,0.11,4.216340677128999,3.0991713362335296,1.0,3,PROJECT001C__016.DZT
0.14600000000000002,0.115,4.216340677128999,3.0994959203812527,1.0,3,PROJECT001C__016.DZT
0.14600000000000002,0.12000000000000001,4.216340677128999,3.0999605486271378,1.0,3,PROJECT001C__016.DZT
0.14600000000000002,0.125,4.216340677128999,3.1002803165229076,1.0,3,PROJECT001C__016.DZT
0.14600000000000002,0.13,4.216340677128999,3.1006203340042973,1.0,3,PROJECT001C__016.DZT
0.14600000000000002,0.135,4.216340677128999,3.100904822963002,1.0,3,PROJECT001C__016.DZT
0.14600000000000002,0.14,4.216340677128999,3.101092959394203,1.0,3,PROJECT001C__016.DZT
0.14600000000000002,0.14500000000000002,4.216340677128999,3.1013750713357844,1.0,3,PROJECT001C__016.DZT
0.14600000000000002,0.15000000000000002,4.216340677128999,3.1017460409911117,1.0,3,PROJECT001C__016.DZT
0.14600000000000002,0.15500000000000003,4.216340677128999,3.1018707807063834,1.0,3,PROJECT001C__016.DZT
0.14600000000000002,0.15999999999999998,4.216340677128999,3.1019815027099384,1.0,3,PROJECT001C__016.DZT
0.14600000000000002,0.16499999999999998,4.216340677128999,3.102209412139145,1.0,3,PROJECT001C__016.DZT
0.14600000000000002,0.16999999999999998,4.216340677128999,3.1022307271504377,1.0,3,PROJECT001C__016.DZT
0.14600000000000002,0.175,4.216340677128999,3.1023223124786163,1.0,3,PROJECT001C__016.DZT
0.14600000000000002,0.18,4.216340677128999,3.1023849251375997,1.0,3,PROJECT001C__016.DZT
0.14600000000000002,0.185,4.216340677128999,3.10239561091274,1.0,3,PROJECT001C__016.DZT
0.14600000000000002,0.19,4.216340677128999,3.1024948275569932,1.0,3,PROJECT001C__016.DZT
0.14600000000000002,0.195,4.216340677128999,3.1026471083920666,1.0,3,PROJECT001C__016.DZT
0.14600000000000002,0.2,4.216340677128999,3.1026850109608373,1.0,3,PROJECT001C__016.DZT
0.14600000000000002,0.20500000000000002,4.216340677128999,3.1026269102383073,1.0,3,PROJECT001C__016.DZT
0.14600000000000002,0.21000000000000002,4.216340677128999,3.1025540544031895,1.0,3,PROJECT001C__016.DZT
0.14600000000000002,0.21500000000000002,4.216340677128999,3.1022928146497057,1.0,3,PROJECT001C__016.DZT
0.14600000000000002,0.22000000000000003,4.216340677128999,3.10205257923702,1.0,3,PROJECT001C__016.DZT
0.14600000000000002,0.22500000000000003,4.216340677128999,3.101876288001374,1.0,3,PROJECT001C__016.DZT
0.14600000000000002,0.23000000000000004,4.216340677128999,3.101734120910668,1.0,3,PROJECT001C__016.DZT
0.14600000000000002,0.23500000000000004,4.216340677128999,3.1017220401941477,1.0,3,PROJECT001C__016.DZT
0.14600000000000002,0.24,4.216340677128999,3.101639282086514,1.0,3,PROJECT001C__016.DZT
0.14600000000000002,0.245,4.216340677128999,3.1017450477052466,1.0,3,PROJECT001C__016.DZT
0.14600000000000002,0.25,4.216340677128999,3.101751178329043,1.0,3,PROJECT001C__016.DZT
0.14800000000000002,-0.05,4.103155490946024,3.093239107510652,1.0,3,PROJECT001C__016.DZT
0.14800000000000002,-0.045000000000000005,4.103155490946024,3.093344687266741,1.0,3,PROJECT001C__016.DZT
0.14800000000000002,-0.04,4.103155490946024,3.0933328114014564,1.0,3,PROJECT001C__016.DZT
0.14800000000000002,-0.035,4.103155490946024,3.093294976538315,1.0,3,PROJECT001C__016.DZT
0.14800000000000002,-0.030000000000000002,4.103155490946024,3.093287341856216,1.0,3,PROJECT001C__016.DZT
0.14800000000000002,-0.025,4.103155490946024,3.0934011796787395,1.0,3,PROJECT001C__016.DZT
0.14800000000000002,-0.020000000000000004,4.103155490946024,3.0936356437397055,1.0,3,PROJECT001C__016.DZT
0.14800000000000002,-0.015,4.103155490946024,3.0938942577186315,1.0,3,PROJECT001C__016.DZT
0.14800000000000002,-0.010000000000000002,4.103155490946024,3.094253416451093,1.0,3,PROJECT001C__016.DZT
0.14800000000000002,-0.0050000000000000044,4.103155490946024,3.09459258862033,1.0,3,PROJECT001C__016.DZT
0.14800000000000002,0.0,4.103155490946024,3.0948329356619433,1.0,3,PROJECT001C__016.DZT
0.14800000000000002,0.0049999999999999975,4.103155490946024,3.0949151271853474,1.0,3,PROJECT001C__016.DZT
0.14800000000000002,0.009999999999999995,4.103155490946024,3.095047884572216,1.0,3,PROJECT001C__016.DZT
0.14800000000000002,0.015,4.103155490946024,3.0951471202374066,1.0,3,PROJECT001C__016.DZT
0.14800000000000002,0.020000000000000004,4.103155490946024,3.095206589969838,1.0,3,PROJECT001C__016.DZT
0.14800000000000002,0.024999999999999994,4.103155490946024,3.0952779549961584,1.0,3,PROJECT001C__016.DZT
0.14800000000000002,0.03,4.103155490946024,3.095341732580234,1.0,3,PROJECT001C__016.DZT
0.14800000000000002,0.035,4.103155490946024,3.095496729089497,1.0,3,PROJECT001C__016.DZT
0.14800000000000002,0.039999999999999994,4.103155490946024,3.095611851035452,1.0,3,PROJECT001C__016.DZT
0.14800000000000002,0.045,4.103155490946024,3.095589414066461,1.0,3,PROJECT001C__016.DZT
0.14800000000000002,0.05,4.103155490946024,3.0955701242090643,1.0,3,PROJECT001C__016.DZT
0.14800000000000002,0.05499999999999999,4.103155490946024,3.0957824123933264,1.0,3,PROJECT001C__016.DZT
0.14800000000000002,0.06,4.103155490946024,3.095958555111715,1.0,3,PROJECT001C__016.DZT
0.14800000000000002,0.065,4.103155490946024,3.096096333491973,1.0,3,PROJECT001C__016.DZT
0.14800000000000002,0.06999999999999999,4.103155490946024,3.0964298229219813,1.0,3,PROJECT001C__016.DZT
0.14800000000000002,0.075,4.103155490946024,3.0966250834061673,1.0,3,PROJECT001C__016.DZT
0.14800000000000002,0.08,4.103155490946024,3.0966016728803045,1.0,3,PROJECT001C__016.DZT
0.14800000000000002,0.085,4.103155490946024,3.0966360330528544,1.0,3,PROJECT001C__016.DZT
0.14800000000000002,0.09000000000000001,4.103155490946024,3.0967026862816582,1.0,3,PROJECT001C__016.DZT
0.14800000000000002,0.09499999999999999,4.103155490946024,3.0968908948268794,1.0,3,PROJECT001C__016.DZT
0.14800000000000002,0.09999999999999999,4.103155490946024,3.0970509952166885,1.0,3,PROJECT001C__016.DZT
0.14800000000000002,0.105,4.103155490946024,3.0970432516078508,1.0,3,PROJECT001C__016.DZT
0.14800000000000002,0.11,4.103155490946024,3.0972709547315245,1.0,3,PROJECT001C__016.DZT
0.14800000000000002,0.115,4.103155490946024,3.0974319685804486,1.0,3,PROJECT001C__016.DZT
0.14800000000000002,0.12000000000000001,4.103155490946024,3.097521685514165,1.0,3,PROJECT001C__016.DZT
0.14800000000000002,0.125,4.103155490946024,3.0976979933044717,1.0,3,PROJECT001C__016.DZT
0.14800000000000002,0.13,4.103155490946024,3.0979635369545484,1.0,3,PROJECT001C__016.DZT
0.14800000000000002,0.135,4.103155490946024,3.0980606189191104,1.0,3,PROJECT001C__016.DZT
0.14800000000000002,0.14,4.103155490946024,3.098178437752328,1.0,3,PROJECT001C__016.DZT
0.14800000000000002,0.14500000000000002,4.103155490946024,3.0982593155159113,1.0,3,PROJECT001C__016.DZT
0.14800000000000002,0.15000000000000002,4.103155490946024,3.098358799687656,1.0,3,PROJECT001C__016.DZT
0.14800000000000002,0.15500000000000003,4.103155490946024,3.0985352447019103,1.0,3,PROJECT001C__016.DZT
0.14800000000000002,0.15999999999999998,4.103155490946024,3.09873670498936,1.0,3,PROJECT001C__016.DZT
0.14800000000000002,0.16499999999999998,4.103155490946024,3.0990045781142856,1.0,3,PROJECT001C__016.DZT
0.14800000000000002,0.16999999999999998,4.103155490946024,3.099330106598659,1.0,3,PROJECT001C__016.DZT
0.14800000000000002,0.175,4.103155490946024,3.0995756905779692,1.0,3,PROJECT001C__016.DZT
0.14800000000000002,0.18,4.103155490946024,3.0997802199327427,1.0,3,PROJECT001C__016.DZT
0.14800000000000002,0.185,4.103155490946024,3.0997705680769756,1.0,3,PROJECT001C__016.DZT
0.14800000000000002,0.19,4.103155490946024,3.099678654167254,1.0,3,PROJECT001C__016.DZT
0.14800000000000002,0.195,4.103155490946024,3.0994599920761416,1.0,3,PROJECT001C__016.DZT
0.14800000000000002,0.2,4.103155490946024,3.0992636102308744,1.0,3,PROJECT001C__016.DZT
0.14800000000000002,0.20500000000000002,4.103155490946024,3.0991966071224932,1.0,3,PROJECT001C__016.DZT
0.14800000000000002,0.21000000000000002,4.103155490946024,3.099095068150309,1.0,3,PROJECT001C__016.DZT
0.14800000000000002,0.21500000000000002,4.103155490946024,3.099192976627917,1.0,3,PROJECT001C__016.DZT
0.14800000000000002,0.22000000000000003,4.103155490946024,3.099317723047024,1.0,3,PROJECT001C__016.DZT
0.14800000000000002,0.22500000000000003,4.103155490946024,3.099434716726025,1.0,3,PROJECT001C__016.DZT
0.14800000000000002,0.23000000000000004,4.103155490946024,3.0994521200263514,1.0,3,PROJECT001C__016.DZT
0.14800000000000002,0.23500000000000004,4.103155490946024,3.0991657768291376,1.0,3,PROJECT001C__016.DZT
0.14800000000000002,0.24,4.103155490946024,3.098980202962419,1.0,3,PROJECT001C__016.DZT
0.14800000000000002,0.245,4.103155490946024,3.0986845113583974,1.0,3,PROJECT001C__016.DZT
0.14800000000000002,0.25,4.103155490946024,3.0982066412743223,1.0,3,PROJECT001C__016.DZT
0.15000000000000002,-0.05,3.994467461052521,3.0947356458339326,1.0,3,PROJECT001C__016.DZT
0.15000000000000002,-0.045000000000000005,3.994467461052521,3.0948509710299414,1.0,3,PROJECT001C__016.DZT
0.15000000000000002,-0.04,3.994467461052521,3.095067689376034,1.0,3,PROJECT001C__016.DZT
0.15000000000000002,-0.035,3.994467461052521,3.0952187122263175,1.0,3,PROJECT001C__016.DZT
0.15000000000000002,-0.030000000000000002,3.994467461052521,3.0952728928065825,1.0,3,PROJECT001C__016.DZT
0.15000000000000002,-0.025,3.994467461052521,3.0953913156943273,1.0,3,PROJECT001C__016.DZT
0.15000000000000002,-0.020000000000000004,3.994467461052521,3.095636679427301,1.0,3,PROJECT001C__016.DZT
0.15000000000000002,-0.015,3.994467461052521,3.0957689234112062,1.0,3,PROJECT001C__016.DZT
0.15000000000000002,-0.010000000000000002,3.994467461052521,3.0956653788320003,1.0,3,PROJECT001C__016.DZT
0.15000000000000002,-0.0050000000000000044,3.994467461052521,3.0955568811593053,1.0,3,PROJECT001C__016.DZT
0.15000000000000002,0.0,3.994467461052521,3.0955069283548795,1.0,3,PROJECT001C__016.DZT
0.15000000000000002,0.0049999999999999975,3.994467461052521,3.0956729895512622,1.0,3,PROJECT001C__016.DZT
0.15000000000000002,0.009999999999999995,3.994467461052521,3.095803459773089,1.0,3,PROJECT001C__016.DZT
0.15000000000000002,0.015,3.994467461052521,3.095976160880516,1.0,3,PROJECT001C__016.DZT
0.15000000000000002,0.020000000000000004,3.994467461052521,3.096155662254219,1.0,3,PROJECT001C__016.DZT
0.15000000000000002,0.024999999999999994,3.994467461052521,3.0963617432612875,1.0,3,PROJECT001C__016.DZT
0.15000000000000002,0.03,3.994467461052521,3.0965689141679267,1.0,3,PROJECT001C__016.DZT
0.15000000000000002,0.035,3.994467461052521,3.096785201340619,1.0,3,PROJECT001C__016.DZT
0.15000000000000002,0.039999999999999994,3.994467461052521,3.096854975658163,1.0,3,PROJECT001C__016.DZT
0.15000000000000002,0.045,3.994467461052521,3.096920476749945,1.0,3,PROJECT001C__016.DZT
0.15000000000000002,0.05,3.994467461052521,3.0969272856834738,1.0,3,PROJECT001C__016.DZT
0.15000000000000002,0.05499999999999999,3.994467461052521,3.096890816749901,1.0,3,PROJECT001C__016.DZT
0.15000000000000002,0.06,3.994467461052521,3.096735785446633,1.0,3,PROJECT001C__016.DZT
0.15000000000000002,0.065,3.994467461052521,3.096552175489031,1.0,3,PROJECT001C__016.DZT
0.15000000000000002,0.06999999999999999,3.994467461052521,3.0963750786931747,1.0,3,PROJECT001C__016.DZT
0.15000000000000002,0.075,3.994467461052521,3.0962677515581163,1.0,3,PROJECT001C__016.DZT
0.15000000000000002,0.08,3.994467461052521,3.0962247046717546,1.0,3,PROJECT001C__016.DZT
0.15000000000000002,0.085,3.994467461052521,3.096446691825607,1.0,3,PROJECT001C__016.DZT
0.15000000000000002,0.09000000000000001,3.994467461052521,3.096690617428654,1.0,3,PROJECT001C__016.DZT
0.15000000000000002,0.09499999999999999,3.994467461052521,3.0968967256530573,1.0,3,PROJECT001C__016.DZT
0.15000000000000002,0.09999999999999999,3.994467461052521,3.0969965738186365,1.0,3,PROJECT001C__016.DZT
0.15000000000000002,0.105,3.994467461052521,3.096911171476139,1.0,3,PROJECT001C__016.DZT
0.15000000000000002,0.11,3.994467461052521,3.096844315598339,1.0,3,PROJECT001C__016.DZT
0.15000000000000002,0.115,3.994467461052521,3.0969082560745957,1.0,3,PROJECT001C__016.DZT
0.15000000000000002,0.12000000000000001,3.994467461052521,3.0968775709256575,1.0,3,PROJECT001C__016.DZT
0.15000000000000002,0.125,3.994467461052521,3.096694328024018,1.0,3,PROJECT001C__016.DZT
0.15000000000000002,0.13,3.994467461052521,3.09656491614925,1.0,3,PROJECT001C__016.DZT
0.15000000000000002,0.135,3.994467461052521,3.0964696528148568,1.0,3,PROJECT001C__016.DZT
0.15000000000000002,0.14,3.994467461052521,3.096659505247784,1.0,3,PROJECT001C__016.DZT
0.15000000000000002,0.14500000000000002,3.994467461052521,3.0967896226480747,1.0,3,PROJECT001C__016.DZT
0.15000000000000002,0.15000000000000002,3.994467461052521,3.096871637423892,1.0,3,PROJECT001C__016.DZT
0.15000000000000002,0.15500000000000003,3.994467461052521,3.0970744221098356,1.0,3,PROJECT001C__016.DZT
0.15000000000000002,0.15999999999999998,3.994467461052521,3.09720295231716,1.0,3,PROJECT001C__016.DZT
0.15000000000000002,0.16499999999999998,3.994467461052521,3.0971968672606516,1.0,3,PROJECT001C__016.DZT
0.15000000000000002,0.16999999999999998,3.994467461052521,3.0971126795461985,1.0,3,PROJECT001C__016.DZT
0.15000000000000002,0.175,3.994467461052521,3.096989099602981,1.0,3,PROJECT001C__016.DZT
0.15000000000000002,0.18,3.994467461052521,3.096928111510491,1.0,3,PROJECT001C__016.DZT
0.15000000000000002,0.185,3.994467461052521,3.0970360571448157,1.0,3,PROJECT001C__016.DZT
0.15000000000000002,0.19,3.994467461052521,3.0971995469734073,1.0,3,PROJECT001C__016.DZT
0.15000000000000002,0.195,3.994467461052521,3.0972072949001457,1.0,3,PROJECT001C__016.DZT
0.15000000000000002,0.2,3.994467461052521,3.097209882624186,1.0,3,PROJECT001C__016.DZT
0.15000000000000002,0.20500000000000002,3.994467461052521,3.0972843252111004,1.0,3,PROJECT001C__016.DZT
0.15000000000000002,0.21000000000000002,3.994467461052521,3.0972400589933344,1.0,3,PROJECT001C__016.DZT
0.15000000000000002,0.21500000000000002,3.994467461052521,3.096937335669052,1.0,3,PROJECT001C__016.DZT
0.15000000000000002,0.22000000000000003,3.994467461052521,3.0967726519339784,1.0,3,PROJECT001C__016.DZT
0.15000000000000002,0.22500000000000003,3.994467461052521,3.0964773409428186,1.0,3,PROJECT001C__016.DZT
0.15000000000000002,0.23000000000000004,3.994467461052521,3.0962711567798578,1.0,3,PROJECT001C__016.DZT
0.15000000000000002,0.23500000000000004,3.994467461052521,3.0961090623612146,1.0,3,PROJECT001C__016.DZT
0.15000000000000002,0.24,3.994467461052521,3.0959586415243208,1.0,3,PROJECT001C__016.DZT
0.15000000000000002,0.245,3.994467461052521,3.095859183156026,1.0,3,PROJECT001C__016.DZT
0.15000000000000002,0.25,3.994467461052521,3.095798063314217,1.0,3,PROJECT001C__016.DZT
0.15200000000000002,-0.05,3.8900414592140637,3.0954934811034334,1.0,3,PROJECT001C__016.DZT
0.15200000000000002,-0.045000000000000005,3.8900414592140637,3.0958568603920003,1.0,3,PROJECT001C__016.DZT
0.15200000000000002,-0.04,3.8900414592140637,3.096242377476664,1.0,3,PROJECT001C__016.DZT
0.15200000000000002,-0.035,3.8900414592140637,3.096631509300505,1.0,3,PROJECT001C__016.DZT
0.15200000000000002,-0.030000000000000002,3.8900414592140637,3.0969775916882103,1.0,3,PROJECT001C__016.DZT
0.15200000000000002,-0.025,3.8900414592140637,3.097094913313164,1.0,3,PROJECT001C__016.DZT
0.15200000000000002,-0.020000000000000004,3.8900414592140637,3.0971971947580257,1.0,3,PROJECT001C__016.DZT
0.15200000000000002,-0.015,3.8900414592140637,3.0972537723875777,1.0,3,PROJECT001C__016.DZT
0.15200000000000002,-0.010000000000000002,3.8900414592140637,3.0973303412383335,1.0,3,PROJECT001C__016.DZT
0.15200000000000002,-0.0050000000000000044,3.8900414592140637,3.0974030637407375,1.0,3,PROJECT001C__016.DZT
0.15200000000000002,0.0,3.8900414592140637,3.0975560070737487,1.0,3,PROJECT001C__016.DZT
0.15200000000000002,0.0049999999999999975,3.8900414592140637,3.0978210277375364,1.0,3,PROJECT001C__016.DZT
0.15200000000000002,0.009999999999999995,3.8900414592140637,3.097891479893016,1.0,3,PROJECT001C__016.DZT
0.15200000000000002,0.015,3.8900414592140637,3.09792789949585,1.0,3,PROJECT001C__016.DZT
0.15200000000000002,0.020000000000000004,3.8900414592140637,3.0979305704592695,1.0,3,PROJECT001C__016.DZT
0.15200000000000002,0.024999999999999994,3.8900414592140637,3.097950144798554,1.0,3,PROJECT001C__016.DZT
0.15200000000000002,0.03,3.8900414592140637,3.0980433220331443,1.0,3,PROJECT001C__016.DZT
0.15200000000000002,0.035,3.8900414592140637,3.0981163169266175,1.0,3,PROJECT001C__016.DZT
0.15200000000000002,0.039999999999999994,3.8900414592140637,3.098172465407822,1.0,3,PROJECT001C__016.DZT
0.15200000000000002,0.045,3.8900414592140637,3.0982626358985903,1.0,3,PROJECT001C__016.DZT
0.15200000000000002,0.05,3.8900414592140637,3.098263394783307,1.0,3,PROJECT001C__016.DZT
0.15200000000000002,0.05499999999999999,3.8900414592140637,3.0982670679918676,1.0,3,PROJECT001C__016.DZT
0.15200000000000002,0.06,3.8900414592140637,3.098454248758275,1.0,3,PROJECT001C__016.DZT
0.15200000000000002,0.065,3.8900414592140637,3.0985481852918864,1.0,3,PROJECT001C__016.DZT
0.15200000000000002,0.06999999999999999,3.8900414592140637,3.098515701321323,1.0,3,PROJECT001C__016.DZT
0.15200000000000002,0.075,3.8900414592140637,3.09857143040797,1.0,3,PROJECT001C__016.DZT
0.15200000000000002,0.08,3.8900414592140637,3.0985347159405916,1.0,3,PROJECT001C__016.DZT
0.15200000000000002,0.085,3.8900414592140637,3.0983824201257875,1.0,3,PROJECT001C__016.DZT
0.15200000000000002,0.09000000000000001,3.8900414592140637,3.0980990249716718,1.0,3,PROJECT001C__016.DZT
0.15200000000000002,0.09499999999999999,3.8900414592140637,3.097757949077487,1.0,3,PROJECT001C__016.DZT
0.15200000000000002,0.09999999999999999,3.8900414592140637,3.0975261430688086,1.0,3,PROJECT001C__016.DZT
0.15200000000000002,0.105,3.8900414592140637,3.097466404465448,1.0,3,PROJECT001C__016.DZT
0.15200000000000002,0.11,3.8900414592140637,3.09745453082127,1.0,3,PROJECT001C__016.DZT
0.15200000000000002,0.115,3.8900414592140637,3.0973681933459765,1.0,3,PROJECT001C__016.DZT
0.15200000000000002,0.12000000000000001,3.8900414592140637,3.0972913592577265,1.0,3,PROJECT001C__016.DZT
0.15200000000000002,0.125,3.8900414592140637,3.097260469521269,1.0,3,PROJECT001C__016.DZT
0.15200000000000002,0.13,3.8900414592140637,3.0972153193816276,1.0,3,PROJECT001C__016.DZT
0.15200000000000002,0.135,3.8900414592140637,3.097249032414574,1.0,3,PROJECT001C__016.DZT
0.15200000000000002,0.14,3.8900414592140637,3.097217736287748,1.0,3,PROJECT001C__016.DZT
0.15200000000000002,0.14500000000000002,3.8900414592140637,3.0969903634626657,1.0,3,PROJECT001C__016.DZT
0.15200000000000002,0.15000000000000002,3.8900414592140637,3.0967502454133924,1.0,3,PROJECT001C__016.DZT
0.15200000000000002,0.15500000000000003,3.8900414592140637,3.0965650604764576,1.0,3,PROJECT001C__016.DZT
0.15200000000000002,0.15999999999999998,3.8900414592140637,3.096280129424354,1.0,3,PROJECT001C__016.DZT
0.15200000000000002,0.16499999999999998,3.8900414592140637,3.096172269864203,1.0,3,PROJECT001C__016.DZT
0.15200000000000002,0.16999999999999998,3.8900414592140637,3.0961963358860327,1.0,3,PROJECT001C__016.DZT
0.15200000000000002,0.175,3.8900414592140637,3.0961095543364774,1.0,3,PROJECT001C__016.DZT
0.15200000000000002,0.18,3.8900414592140637,3.096089272269064,1.0,3,PROJECT001C__016.DZT
0.15200000000000002,0.185,3.8900414592140637,3.0960560299030297,1.0,3,PROJECT001C__016.DZT
0.15200000000000002,0.19,3.8900414592140637,3.09601351449045,1.0,3,PROJECT001C__016.DZT
0.15200000000000002,0.195,3.8900414592140637,3.0960406966011207,1.0,3,PROJECT001C__016.DZT
0.15200000000000002,0.2,3.8900414592140637,3.0958934156313447,1.0,3,PROJECT001C__016.DZT
0.15200000000000002,0.20500000000000002,3.8900414592140637,3.0958778505896913,1.0,3,PROJECT001C__016.DZT
0.15200000000000002,0.21000000000000002,3.8900414592140637,3.0958129898194287,1.0,3,PROJECT001C__016.DZT
0.15200000000000002,0.21500000000000002,3.8900414592140637,3.0955153593119342,1.0,3,PROJECT001C__016.DZT
0.15200000000000002,0.22000000000000003,3.8900414592140637,3.0952999990500305,1.0,3,PROJECT001C__016.DZT
0.15200000000000002,0.22500000000000003,3.8900414592140637,3.094925186919132,1.0,3,PROJECT001C__016.DZT
0.15200000000000002,0.23000000000000004,3.8900414592140637,3.0945595192462574,1.0,3,PROJECT001C__016.DZT
0.15200000000000002,0.23500000000000004,3.8900414592140637,3.094456522885204,1.0,3,PROJECT001C__016.DZT
0.15200000000000002,0.24,3.8900414592140637,3.094082407116703,1.0,3,PROJECT001C__016.DZT
0.15200000000000002,0.245,3.8900414592140637,3.093801042922326,1.0,3,PROJECT001C__016.DZT
0.15200000000000002,0.25,3.8900414592140637,3.093550828203023,1.0,3,PROJECT001C__016.DZT
0.154,-0.05,3.78965752545462,3.095934785317142,1.0,3,PROJECT001C__016.DZT
0.154,-0.045000000000000005,3.78965752545462,3.0964628351100187,1.0,3,PROJECT001C__016.DZT
0.154,-0.04,3.78965752545462,3.0966960672860537,1.0,3,PROJECT001C__016.DZT
0.154,-0.035,3.78965752545462,3.0970209471977697,1.0,3,PROJECT001C__016.DZT
0.154,-0.030000000000000002,3.78965752545462,3.097357605557877,1.0,3,PROJECT001C__016.DZT
0.154,-0.025,3.78965752545462,3.097741019718128,1.0,3,PROJECT001C__016.DZT
0.154,-0.020000000000000004,3.78965752545462,3.098075949167676,1.0,3,PROJECT001C__016.DZT
0.154,-0.015,3.78965752545462,3.0984253782383324,1.0,3,PROJECT001C__016.DZT
0.154,-0.010000000000000002,3.78965752545462,3.098947408111819,1.0,3,PROJECT001C__016.DZT
0.154,-0.0050000000000000044,3.78965752545462,3.099273105856458,1.0,3,PROJECT001C__016.DZT
0.154,0.0,3.78965752545462,3.099472098868157,1.0,3,PROJECT001C__016.DZT
0.154,0.0049999999999999975,3.78965752545462,3.09958601339272,1.0,3,PROJECT001C__016.DZT
0.154,0.009999999999999995,3.78965752545462,3.099582682344769,1.0,3,PROJECT001C__016.DZT
0.154,0.015,3.78965752545462,3.099591033883104,1.0,3,PROJECT001C__016.DZT
0.154,0.020000000000000004,3.78965752545462,3.0997945026021725,1.0,3,PROJECT001C__016.DZT
0.154,0.024999999999999994,3.78965752545462,3.1000005186062514,1.0,3,PROJECT001C__016.DZT
0.154,0.03,3.78965752545462,3.1001537157417327,1.0,3,PROJECT001C__016.DZT
0.154,0.035,3.78965752545462,3.1000517252795077,1.0,3,PROJECT001C__016.DZT
0.154,0.039999999999999994,3.78965752545462,3.1001075858359637,1.0,3,PROJECT001C__016.DZT
0.154,0.045,3.78965752545462,3.1002369112482104,1.0,3,PROJECT001C__016.DZT
0.154,0.05,3.78965752545462,3.1003329713514884,1.0,3,PROJECT001C__016.DZT
0.154,0.05499999999999999,3.78965752545462,3.100381544749155,1.0,3,PROJECT001C__016.DZT
0.154,0.06,3.78965752545462,3.100507458553103,1.0,3,PROJECT001C__016.DZT
0.154,0.065,3.78965752545462,3.100559457442051,1.0,3,PROJECT001C__016.DZT
0.154,0.06999999999999999,3.78965752545462,3.100553214054879,1.0,3,PROJECT001C__016.DZT
0.154,0.075,3.78965752545462,3.1005145220375225,1.0,3,PROJECT001C__016.DZT
0.154,0.08,3.78965752545462,3.1004819897407416,1.0,3,PROJECT001C__016.DZT
0.154,0.085,3.78965752545462,3.100386797187658,1.0,3,PROJECT001C__016.DZT
0.154,0.09000000000000001,3.78965752545462,3.100352404493014,1.0,3,PROJECT001C__016.DZT
0.154,0.09499999999999999,3.78965752545462,3.1002447426769137,1.0,3,PROJECT001C__016.DZT
0.154,0.09999999999999999,3.78965752545462,3.1001485169880674,1.0,3,PROJECT001C__016.DZT
0.154,0.105,3.78965752545462,3.1001085991394244,1.0,3,PROJECT001C__016.DZT
0.154,0.11,3.78965752545462,3.099883384988022,1.0,3,PROJECT001C__016.DZT
0.154,0.115,3.78965752545462,3.0996293808499815,1.0,3,PROJECT001C__016.DZT
0.154,0.12000000000000001,3.78965752545462,3.0994396553076218,1.0,3,PROJECT001C__016.DZT
0.154,0.125,3.78965752545462,3.0992545017969086,1.0,3,PROJECT001C__016.DZT
0.154,0.13,3.78965752545462,3.099178837868047,1.0,3,PROJECT001C__016.DZT
0.154,0.135,3.78965752545462,3.0987908675645546,1.0,3,PROJECT001C__016.DZT
0.154,0.14,3.78965752545462,3.0983958155793783,1.0,3,PROJECT001C__016.DZT
0.154,0.14500000000000002,3.78965752545462,3.0981058130169785,1.0,3,PROJECT001C__016.DZT
0.154,0.15000000000000002,3.78965752545462,3.097797613029971,1.0,3,PROJECT001C__016.DZT
0.154,0.15500000000000003,3.78965752545462,3.0976768266653547,1.0,3,PROJECT001C__016.DZT
0.154,0.15999999999999998,3.78965752545462,3.0975791041230103,1.0,3,PROJECT001C__016.DZT
0.154,0.16499999999999998,3.78965752545462,3.0972848449423895,1.0,3,PROJECT001C__016.DZT
0.154,0.16999999999999998,3.78965752545462,3.0970625930104223,1.0,3,PROJECT001C__016.DZT
0.154,0.175,3.78965752545462,3.0969395143151854,1.0,3,PROJECT001C__016.DZT
0.154,0.18,3.78965752545462,3.0967418831529496,1.0,3,PROJECT001C__016.DZT
0.154,0.185,3.78965752545462,3.096431532534009,1.0,3,PROJECT001C__016.DZT
0.154,0.19,3.78965752545462,3.096084606515529,1.0,3,PROJECT001C__016.DZT
0.154,0.195,3.78965752545462,3.0958575345891943,1.0,3,PROJECT001C__016.DZT
0.154,0.2,3.78965752545462,3.0955033789076603,1.0,3,PROJECT001C__016.DZT
0.154,0.20500000000000002,3.78965752545462,3.095175106534979,1.0,3,PROJECT001C__016.DZT
0.154,0.21000000000000002,3.78965752545462,3.094859405470514,1.0,3,PROJECT001C__016.DZT
0.154,0.21500000000000002,3.78965752545462,3.0947876830918357,1.0,3,PROJECT001C__016.DZT
0.154,0.22000000000000003,3.78965752545462,3.094848362613304,1.0,3,PROJECT001C__016.DZT
0.154,0.22500000000000003,3.78965752545462,3.0948196777481507,1.0,3,PROJECT001C__016.DZT
0.154,0.23000000000000004,3.78965752545462,3.0945838929816056,1.0,3,PROJECT001C__016.DZT
0.154,0.23500000000000004,3.78965752545462,3.0943504429093367,1.0,3,PROJECT001C__016.DZT
0.154,0.24,3.78965752545462,3.0938960448774977,1.0,3,PROJECT001C__016.DZT
0.154,0.245,3.78965752545462,3.0934103826295334,1.0,3,PROJECT001C__016.DZT
0.154,0.25,3.78965752545462,3.0927755160533574,1.0,3,PROJECT001C__016.DZT
0.156,-0.05,3.6931097088133527,3.093708651839842,1.0,3,PROJECT001C__016.DZT
0.156,-0.045000000000000005,3.6931097088133527,3.0944332435429196,1.0,3,PROJECT001C__016.DZT
0.156,-0.04,3.6931097088133527,3.095233476307238,1.0,3,PROJECT001C__016.DZT
0.156,-0.035,3.6931097088133527,3.096067239113229,1.0,3,PROJECT001C__016.DZT
0.156,-0.030000000000000002,3.6931097088133527,3.0968674061601646,1.0,3,PROJECT001C__016.DZT
0.156,-0.025,3.6931097088133527,3.0974608644472155,1.0,3,PROJECT001C__016.DZT
0.156,-0.020000000000000004,3.6931097088133527,3.0981499581702283,1.0,3,PROJECT001C__016.DZT
0.156,-0.015,3.6931097088133527,3.0985699432030778,1.0,3,PROJECT001C__016.DZT
0.156,-0.010000000000000002,3.6931097088133527,3.0989805217490782,1.0,3,PROJECT001C__016.DZT
0.156,-0.0050000000000000044,3.6931097088133527,3.099427784047377,1.0,3,PROJECT001C__016.DZT
0.156,0.0,3.6931097088133527,3.09991145200843,1.0,3,PROJECT001C__016.DZT
0.156,0.0049999999999999975,3.6931097088133527,3.100306307307268,1.0,3,PROJECT001C__016.DZT
0.156,0.009999999999999995,3.6931097088133527,3.100727105933222,1.0,3,PROJECT001C__016.DZT
0.156,0.015,3.6931097088133527,3.1011943093195993,1.0,3,PROJECT001C__016.DZT
0.156,0.020000000000000004,3.6931097088133527,3.1014805405462447,1.0,3,PROJECT001C__016.DZT
0.156,0.024999999999999994,3.6931097088133527,3.101622031608341,1.0,3,PROJECT001C__016.DZT
0.156,0.03,3.6931097088133527,3.1017102620771433,1.0,3,PROJECT001C__016.DZT
0.156,0.035,3.6931097088133527,3.10183593053633,1.0,3,PROJECT001C__016.DZT
0.156,0.039999999999999994,3.6931097088133527,3.1020035126143903,1.0,3,PROJECT001C__016.DZT
0.156,0.045,3.6931097088133527,3.1021257882203073,1.0,3,PROJECT001C__016.DZT
0.156,0.05,3.6931097088133527,3.1024620405699004,1.0,3,PROJECT001C__016.DZT
0.156,0.05499999999999999,3.6931097088133527,3.1025820158431103,1.0,3,PROJECT001C__016.DZT
0.156,0.06,3.6931097088133527,3.102544294643767,1.0,3,PROJECT001C__016.DZT
0.156,0.065,3.6931097088133527,3.1025114561091134,1.0,3,PROJECT001C__016.DZT
0.156,0.06999999999999999,3.6931097088133527,3.102619653536047,1.0,3,PROJECT001C__016.DZT
0.156,0.075,3.6931097088133527,3.1027228580441837,1.0,3,PROJECT001C__016.DZT
0.156,0.08,3.6931097088133527,3.102836310585086,1.0,3,PROJECT001C__016.DZT
0.156,0.085,3.6931097088133527,3.102843787192769,1.0,3,PROJECT001C__016.DZT
0.156,0.09000000000000001,3.6931097088133527,3.102815428732059,1.0,3,PROJECT001C__016.DZT
0.156,0.09499999999999999,3.6931097088133527,3.102797815782438,1.0,3,PROJECT001C__016.DZT
0.156,0.09999999999999999,3.6931097088133527,3.102829333221854,1.0,3,PROJECT001C__016.DZT
0.156,0.105,3.6931097088133527,3.102687374661423,1.0,3,PROJECT001C__016.DZT
0.156,0.11,3.6931097088133527,3.1024377454922267,1.0,3,PROJECT001C__016.DZT
0.156,0.115,3.6931097088133527,3.102341936394214,1.0,3,PROJECT001C__016.DZT
0.156,0.12000000000000001,3.6931097088133527,3.10217253632127,1.0,3,PROJECT001C__016.DZT
0.156,0.125,3.6931097088133527,3.101988570294776,1.0,3,PROJECT001C__016.DZT
0.156,0.13,3.6931097088133527,3.1016680800725447,1.0,3,PROJECT001C__016.DZT
0.156,0.135,3.6931097088133527,3.1013803859052462,1.0,3,PROJECT001C__016.DZT
0.156,0.14,3.6931097088133527,3.1012785749075067,1.0,3,PROJECT001C__016.DZT
0.156,0.14500000000000002,3.6931097088133527,3.1011719407809935,1.0,3,PROJECT001C__016.DZT
0.156,0.15000000000000002,3.6931097088133527,3.1009573163555775,1.0,3,PROJECT001C__016.DZT
0.156,0.15500000000000003,3.6931097088133527,3.100569640418886,1.0,3,PROJECT001C__016.DZT
0.156,0.15999999999999998,3.6931097088133527,3.100229390626824,1.0,3,PROJECT001C__016.DZT
0.156,0.16499999999999998,3.6931097088133527,3.099652771311362,1.0,3,PROJECT001C__016.DZT
0.156,0.16999999999999998,3.6931097088133527,3.0991989993995337,1.0,3,PROJECT001C__016.DZT
0.156,0.175,3.6931097088133527,3.098792495560495,1.0,3,PROJECT001C__016.DZT
0.156,0.18,3.6931097088133527,3.0983854280704275,1.0,3,PROJECT001C__016.DZT
0.156,0.185,3.6931097088133527,3.0979854566659992,1.0,3,PROJECT001C__016.DZT
0.156,0.19,3.6931097088133527,3.0975444807249146,1.0,3,PROJECT001C__016.DZT
0.156,0.195,3.6931097088133527,3.0972994139171637,1.0,3,PROJECT001C__016.DZT
0.156,0.2,3.6931097088133527,3.097112843794027,1.0,3,PROJECT001C__016.DZT
0.156,0.20500000000000002,3.6931097088133527,3.09685318772441,1.0,3,PROJECT001C__016.DZT
0.156,0.21000000000000002,3.6931097088133527,3.0965247979733093,1.0,3,PROJECT001C__016.DZT
0.156,0.21500000000000002,3.6931097088133527,3.0960406282180615,1.0,3,PROJECT001C__016.DZT
0.156,0.22000000000000003,3.6931097088133527,3.095461141985781,1.0,3,PROJECT001C__016.DZT
0.156,0.22500000000000003,3.6931097088133527,3.0950393270736036,1.0,3,PROJECT001C__016.DZT
0.156,0.23000000000000004,3.6931097088133527,3.0944205604064936,1.0,3,PROJECT001C__016.DZT
0.156,0.23500000000000004,3.6931097088133527,3.0940294942431934,1.0,3,PROJECT001C__016.DZT
0.156,0.24,3.6931097088133527,3.093822609024336,1.0,3,PROJECT001C__016.DZT
0.156,0.245,3.6931097088133527,3.0935347292415383,1.0,3,PROJECT001C__016.DZT
0.156,0.25,3.6931097088133527,3.093241512926436,1.0,3,PROJECT001C__016.DZT
0.158,-0.05,3.6002050101619036,3.0906584832252366,1.0,3,PROJECT001C__016.DZT
0.158,-0.045000000000000005,3.6002050101619036,3.0916080349183352,1.0,3,PROJECT001C__016.DZT
0.158,-0.04,3.6002050101619036,3.092544659224961,1.0,3,PROJECT001C__016.DZT
0.158,-0.035,3.6002050101619036,3.093342619716245,1.0,3,PROJECT001C__016.DZT
0.158,-0.030000000000000002,3.6002050101619036,3.0940514620065933,1.0,3,PROJECT001C__016.DZT
0.158,-0.025,3.6002050101619036,3.0947707568367995,1.0,3,PROJECT001C__016.DZT
0.158,-0.020000000000000004,3.6002050101619036,3.0955069100260477,1.0,3,PROJECT001C__016.DZT
0.158,-0.015,3.6002050101619036,3.0963150540100437,1.0,3,PROJECT001C__016.DZT
0.158,-0.010000000000000002,3.6002050101619036,3.0972840584801724,1.0,3,PROJECT001C__016.DZT
0.158,-0.0050000000000000044,3.6002050101619036,3.0981234350518103,1.0,3,PROJECT001C__016.DZT
0.158,0.0,3.6002050101619036,3.098862554484515,1.0,3,PROJECT001C__016.DZT
0.158,0.0049999999999999975,3.6002050101619036,3.0994656618897864,1.0,3,PROJECT001C__016.DZT
0.158,0.009999999999999995,3.6002050101619036,3.100153726259663,1.0,3,PROJECT001C__016.DZT
0.158,0.015,3.6002050101619036,3.1008336588022813,1.0,3,PROJECT001C__016.DZT
0.158,0.020000000000000004,3.6002050101619036,3.1014234049375795,1.0,3,PROJECT001C__016.DZT
0.158,0.024999999999999994,3.6002050101619036,3.101888337066068,1.0,3,PROJECT001C__016.DZT
0.158,0.03,3.6002050101619036,3.1024962361888533,1.0,3,PROJECT001C__016.DZT
0.158,0.035,3.6002050101619036,3.1031018112151436,1.0,3,PROJECT001C__016.DZT
0.158,0.039999999999999994,3.6002050101619036,3.103421383116949,1.0,3,PROJECT001C__016.DZT
0.158,0.045,3.6002050101619036,3.10356800646384,1.0,3,PROJECT001C__016.DZT
0.158,0.05,3.6002050101619036,3.103688159642062,1.0,3,PROJECT001C__016.DZT
0.158,0.05499999999999999,3.6002050101619036,3.1038080087588047,1.0,3,PROJECT001C__016.DZT
0.158,0.06,3.6002050101619036,3.1039579155694406,1.0,3,PROJECT001C__016.DZT
0.158,0.065,3.6002050101619036,3.1042207624326195,1.0,3,PROJECT001C__016.DZT
0.158,0.06999999999999999,3.6002050101619036,3.104589778350487,1.0,3,PROJECT001C__016.DZT
0.158,0.075,3.6002050101619036,3.104763447079348,1.0,3,PROJECT001C__016.DZT
0.158,0.08,3.6002050101619036,3.104899863004381,1.0,3,PROJECT001C__016.DZT
0.158,0.085,3.6002050101619036,3.104962377637681,1.0,3,PROJECT001C__016.DZT
0.158,0.09000000000000001,3.6002050101619036,3.105124378625389,1.0,3,PROJECT001C__016.DZT
0.158,0.09499999999999999,3.6002050101619036,3.105217164742358,1.0,3,PROJECT001C__016.DZT
0.158,0.09999999999999999,3.6002050101619036,3.1052438973966114,1.0,3,PROJECT001C__016.DZT
0.158,0.105,3.6002050101619036,3.105319362009936,1.0,3,PROJECT001C__016.DZT
0.158,0.11,3.6002050101619036,3.1053014126368708,1.0,3,PROJECT001C__016.DZT
0.158,0.115,3.6002050101619036,3.105156053589719,1.0,3,PROJECT001C__016.DZT
0.158,0.12000000000000001,3.6002050101619036,3.1050519401767573,1.0,3,PROJECT001C__016.DZT
0.158,0.125,3.6002050101619036,3.104891065714156,1.0,3,PROJECT001C__016.DZT
0.158,0.13,3.6002050101619036,3.104747584703933,1.0,3,PROJECT001C__016.DZT
0.158,0.135,3.6002050101619036,3.1045823200141123,1.0,3,PROJECT001C__016.DZT
0.158,0.14,3.6002050101619036,3.104265426219149,1.0,3,PROJECT001C__016.DZT
0.158,0.14500000000000002,3.6002050101619036,3.104075921730056,1.0,3,PROJECT001C__016.DZT
0.158,0.15000000000000002,3.6002050101619036,3.1038336010702428,1.0,3,PROJECT001C__016.DZT
0.158,0.15500000000000003,3.6002050101619036,3.103486694037849,1.0,3,PROJECT001C__016.DZT
0.158,0.15999999999999998,3.6002050101619036,3.1032474471192057,1.0,3,PROJECT001C__016.DZT
0.158,0.16499999999999998,3.6002050101619036,3.103181262463055,1.0,3,PROJECT001C__016.DZT
0.158,0.16999999999999998,3.6002050101619036,3.102749538030801,1.0,3,PROJECT001C__016.DZT
0.158,0.175,3.6002050101619036,3.1022833368683624,1.0,3,PROJECT001C__016.DZT
0.158,0.18,3.6002050101619036,3.1018939280962052,1.0,3,PROJECT001C__016.DZT
0.158,0.185,3.6002050101619036,3.1013007345756844,1.0,3,PROJECT001C__016.DZT
0.158,0.19,3.6002050101619036,3.1008401744297345,1.0,3,PROJECT001C__016.DZT
0.158,0.195,3.6002050101619036,3.1003767638216844,1.0,3,PROJECT001C__016.DZT
0.158,0.2,3.6002050101619036,3.099760184606616,1.0,3,PROJECT001C__016.DZT
0.158,0.20500000000000002,3.6002050101619036,3.0991538900380617,1.0,3,PROJECT001C__016.DZT
0.158,0.21000000000000002,3.6002050101619036,3.098664488663285,1.0,3,PROJECT001C__016.DZT
0.158,0.21500000000000002,3.6002050101619036,3.098190914079945,1.0,3,PROJECT001C__016.DZT
0.158,0.22000000000000003,3.6002050101619036,3.09778028142942,1.0,3,PROJECT001C__016.DZT
0.158,0.22500000000000003,3.6002050101619036,3.0973025521327364,1.0,3,PROJECT001C__016.DZT
0.158,0.23000000000000004,3.6002050101619036,3.096911988914499,1.0,3,PROJECT001C__016.DZT
0.158,0.23500000000000004,3.6002050101619036,3.0962475681533057,1.0,3,PROJECT001C__016.DZT
0.158,0.24,3.6002050101619036,3.095636136321854,1.0,3,PROJECT001C__016.DZT
0.158,0.245,3.6002050101619036,3.0950280216282984,1.0,3,PROJECT001C__016.DZT
0.158,0.25,3.6002050101619036,3.09451065042099,1.0,3,PROJECT001C__016.DZT
0.16,-0.05,3.5107624169406932,3.0858252110072897,1.0,3,PROJECT001C__016.DZT
0.16,-0.045000000000000005,3.5107624169406932,3.0869846200837703,1.0,3,PROJECT001C__016.DZT
0.16,-0.04,3.5107624169406932,3.088017222156999,1.0,3,PROJECT001C__016.DZT
0.16,-0.035,3.5107624169406932,3.089184833737935,1.0,3,PROJECT001C__016.DZT
0.16,-0.030000000000000002,3.5107624169406932,3.0904018717923925,1.0,3,PROJECT001C__016.DZT
0.16,-0.025,3.5107624169406932,3.091545474395865,1.0,3,PROJECT001C__016.DZT
0.16,-0.020000000000000004,3.5107624169406932,3.0925642637198827,1.0,3,PROJECT001C__016.DZT
0.16,-0.015,3.5107624169406932,3.093551051372065,1.0,3,PROJECT001C__016.DZT
0.16,-0.010000000000000002,3.5107624169406932,3.094454373523686,1.0,3,PROJECT001C__016.DZT
0.16,-0.0050000000000000044,3.5107624169406932,3.095218455727401,1.0,3,PROJECT001C__016.DZT
0.16,0.0,3.5107624169406932,3.095890968930135,1.0,3,PROJECT001C__016.DZT
0.16,0.0049999999999999975,3.5107624169406932,3.0967144702508995,1.0,3,PROJECT001C__016.DZT
0.16,0.009999999999999995,3.5107624169406932,3.09758080357337,1.0,3,PROJECT001C__016.DZT
0.16,0.015,3.5107624169406932,3.098425533858338,1.0,3,PROJECT001C__016.DZT
0.16,0.020000000000000004,3.5107624169406932,3.099266500995784,1.0,3,PROJECT001C__016.DZT
0.16,0.024999999999999994,3.5107624169406932,3.100119124729702,1.0,3,PROJECT001C__016.DZT
0.16,0.03,3.5107624169406932,3.100833268866841,1.0,3,PROJECT001C__016.DZT
0.16,0.035,3.5107624169406932,3.1015790151945617,1.0,3,PROJECT001C__016.DZT
0.16,0.039999999999999994,3.5107624169406932,3.1024665450590447,1.0,3,PROJECT001C__016.DZT
0.16,0.045,3.5107624169406932,3.103239103784112,1.0,3,PROJECT001C__016.DZT
0.16,0.05,3.5107624169406932,3.1039452281791458,1.0,3,PROJECT001C__016.DZT
0.16,0.05499999999999999,3.5107624169406932,3.1046521491287,1.0,3,PROJECT001C__016.DZT
0.16,0.06,3.5107624169406932,3.1051407781004605,1.0,3,PROJECT001C__016.DZT
0.16,0.065,3.5107624169406932,3.1053862201346027,1.0,3,PROJECT001C__016.DZT
0.16,0.06999999999999999,3.5107624169406932,3.1056099456837107,1.0,3,PROJECT001C__016.DZT
0.16,0.075,3.5107624169406932,3.105720013201966,1.0,3,PROJECT001C__016.DZT
0.16,0.08,3.5107624169406932,3.105805003029199,1.0,3,PROJECT001C__016.DZT
0.16,0.085,3.5107624169406932,3.106132522147607,1.0,3,PROJECT001C__016.DZT
0.16,0.09000000000000001,3.5107624169406932,3.1065836534662465,1.0,3,PROJECT001C__016.DZT
0.16,0.09499999999999999,3.5107624169406932,3.1067869073491026,1.0,3,PROJECT001C__016.DZT
0.16,0.09999999999999999,3.5107624169406932,3.1069211271947896,1.0,3,PROJECT001C__016.DZT
0.16,0.105,3.5107624169406932,3.1071859468892646,1.0,3,PROJECT001C__016.DZT
0.16,0.11,3.5107624169406932,3.1074286061378875,1.0,3,PROJECT001C__016.DZT
0.16,0.115,3.5107624169406932,3.107596159045728,1.0,3,PROJECT001C__016.DZT
0.16,0.12000000000000001,3.5107624169406932,3.1077773925686984,1.0,3,PROJECT001C__016.DZT
0.16,0.125,3.5107624169406932,3.107880034286884,1.0,3,PROJECT001C__016.DZT
0.16,0.13,3.5107624169406932,3.1078310159965743,1.0,3,PROJECT001C__016.DZT
0.16,0.135,3.5107624169406932,3.107697402308549,1.0,3,PROJECT001C__016.DZT
0.16,0.14,3.5107624169406932,3.107517244029735,1.0,3,PROJECT001C__016.DZT
0.16,0.14500000000000002,3.5107624169406932,3.107262614504165,1.0,3,PROJECT001C__016.DZT
0.16,0.15000000000000002,3.5107624169406932,3.107048338175465,1.0,3,PROJECT001C__016.DZT
0.16,0.15500000000000003,3.5107624169406932,3.1067495606002637,1.0,3,PROJECT001C__016.DZT
0.16,0.15999999999999998,3.5107624169406932,3.1064829885373215,1.0,3,PROJECT001C__016.DZT
0.16,0.16499999999999998,3.5107624169406932,3.106151551768947,1.0,3,PROJECT001C__016.DZT
0.16,0.16999999999999998,3.5107624169406932,3.105952862654142,1.0,3,PROJECT001C__016.DZT
0.16,0.175,3.5107624169406932,3.1056783104894516,1.0,3,PROJECT001C__016.DZT
0.16,0.18,3.5107624169406932,3.105510193790334,1.0,3,PROJECT001C__016.DZT
0.16,0.185,3.5107624169406932,3.10528445226216,1.0,3,PROJECT001C__016.DZT
0.16,0.19,3.5107624169406932,3.1047202608010096,1.0,3,PROJECT001C__016.DZT
0.16,0.195,3.5107624169406932,3.1042044406870026,1.0,3,PROJECT001C__016.DZT
0.16,0.2,3.5107624169406932,3.10361959942593,1.0,3,PROJECT001C__016.DZT
0.16,0.20500000000000002,3.5107624169406932,3.102997863501816,1.0,3,PROJECT001C__016.DZT
0.16,0.21000000000000002,3.5107624169406932,3.10241605198089,1.0,3,PROJECT001C__016.DZT
0.16,0.21500000000000002,3.5107624169406932,3.1018523487210987,1.0,3,PROJECT001C__016.DZT
0.16,0.22000000000000003,3.5107624169406932,3.101180320852368,1.0,3,PROJECT001C__016.DZT
0.16,0.22500000000000003,3.5107624169406932,3.100532912780429,1.0,3,PROJECT001C__016.DZT
0.16,0.23000000000000004,3.5107624169406932,3.100073009820926,1.0,3,PROJECT001C__016.DZT
0.16,0.23500000000000004,3.5107624169406932,3.0995037038661324,1.0,3,PROJECT001C__016.DZT
0.16,0.24,3.5107624169406932,3.0989017010624935,1.0,3,PROJECT001C__016.DZT
0.16,0.245,3.5107624169406932,3.0982494158949883,1.0,3,PROJECT001C__016.DZT
0.16,0.25,3.5107624169406932,3.09744240382143,1.0,3,PROJECT001C__016.DZT
0.162,-0.05,3.424612020792629,3.0807005504989147,1.0,3,PROJECT001C__016.DZT
0.162,-0.045000000000000005,3.424612020792629,3.0819532125234814,1.0,3,PROJECT001C__016.DZT
0.162,-0.04,3.424612020792629,3.083164317733272,1.0,3,PROJECT001C__016.DZT
0.162,-0.035,3.424612020792629,3.0843229465306217,1.0,3,PROJECT001C__016.DZT
0.162,-0.030000000000000002,3.424612020792629,3.0853613475722206,1.0,3,PROJECT001C__016.DZT
0.162,-0.025,3.424612020792629,3.086432187411054,1.0,3,PROJECT001C__016.DZT
0.162,-0.020000000000000004,3.424612020792629,3.0875947345331856,1.0,3,PROJECT001C__016.DZT
0.162,-0.015,3.424612020792629,3.088774957288201,1.0,3,PROJECT001C__016.DZT
0.162,-0.010000000000000002,3.424612020792629,3.0898117484688825,1.0,3,PROJECT001C__016.DZT
0.162,-0.0050000000000000044,3.424612020792629,3.0909531227913014,1.0,3,PROJECT001C__016.DZT
0.162,0.0,3.424612020792629,3.092284769374339,1.0,3,PROJECT001C__016.DZT
0.162,0.0049999999999999975,3.424612020792629,3.093577213988381,1.0,3,PROJECT001C__016.DZT
0.162,0.009999999999999995,3.424612020792629,3.0945692221169447,1.0,3,PROJECT001C__016.DZT
0.162,0.015,3.424612020792629,3.0954462581540625,1.0,3,PROJECT001C__016.DZT
0.162,0.020000000000000004,3.424612020792629,3.096355542755512,1.0,3,PROJECT001C__016.DZT
0.162,0.024999999999999994,3.424612020792629,3.0972571853062454,1.0,3,PROJECT001C__016.DZT
0.162,0.03,3.424612020792629,3.098120838705421,1.0,3,PROJECT001C__016.DZT
0.162,0.035,3.424612020792629,3.0989115327574512,1.0,3,PROJECT001C__016.DZT
0.162,0.039999999999999994,3.424612020792629,3.09971767176676,1.0,3,PROJECT001C__016.DZT
0.162,0.045,3.424612020792629,3.1005197900427706,1.0,3,PROJECT001C__016.DZT
0.162,0.05,3.424612020792629,3.101330422620618,1.0,3,PROJECT001C__016.DZT
0.162,0.05499999999999999,3.424612020792629,3.1021524156291616,1.0,3,PROJECT001C__016.DZT
0.162,0.06,3.424612020792629,3.1030570201178023,1.0,3,PROJECT001C__016.DZT
0.162,0.065,3.424612020792629,3.10405491396887,1.0,3,PROJECT001C__016.DZT
0.162,0.06999999999999999,3.424612020792629,3.104989815937799,1.0,3,PROJECT001C__016.DZT
0.162,0.075,3.424612020792629,3.10587883586126,1.0,3,PROJECT001C__016.DZT
0.162,0.08,3.424612020792629,3.1065696445838342,1.0,3,PROJECT001C__016.DZT
0.162,0.085,3.424612020792629,3.106963235749111,1.0,3,PROJECT001C__016.DZT
0.162,0.09000000000000001,3.424612020792629,3.1072613010979784,1.0,3,PROJECT001C__016.DZT
0.162,0.09499999999999999,3.424612020792629,3.107433250864929,1.0,3,PROJECT001C__016.DZT
0.162,0.09999999999999999,3.424612020792629,3.1076879709246534,1.0,3,PROJECT001C__016.DZT
0.162,0.105,3.424612020792629,3.1079852822455307,1.0,3,PROJECT001C__016.DZT
0.162,0.11,3.424612020792629,3.108339375515078,1.0,3,PROJECT001C__016.DZT
0.162,0.115,3.424612020792629,3.1086370550456484,1.0,3,PROJECT001C__016.DZT
0.162,0.12000000000000001,3.424612020792629,3.108860387606166,1.0,3,PROJECT001C__016.DZT
0.162,0.125,3.424612020792629,3.1091788374559037,1.0,3,PROJECT001C__016.DZT
0.162,0.13,3.424612020792629,3.1094589264306993,1.0,3,PROJECT001C__016.DZT
0.162,0.135,3.424612020792629,3.1097717168242736,1.0,3,PROJECT001C__016.DZT
0.162,0.14,3.424612020792629,3.1101079237290548,1.0,3,PROJECT001C__016.DZT
0.162,0.14500000000000002,3.424612020792629,3.110277947265278,1.0,3,PROJECT001C__016.DZT
0.162,0.15000000000000002,3.424612020792629,3.1103124424730306,1.0,3,PROJECT001C__016.DZT
0.162,0.15500000000000003,3.424612020792629,3.110155825991679,1.0,3,PROJECT001C__016.DZT
0.162,0.15999999999999998,3.424612020792629,3.1100451085304504,1.0,3,PROJECT001C__016.DZT
0.162,0.16499999999999998,3.424612020792629,3.109806572596002,1.0,3,PROJECT001C__016.DZT
0.162,0.16999999999999998,3.424612020792629,3.109461238378886,1.0,3,PROJECT001C__016.DZT
0.162,0.175,3.424612020792629,3.1090126607990256,1.0,3,PROJECT001C__016.DZT
0.162,0.18,3.424612020792629,3.108751699728803,1.0,3,PROJECT001C__016.DZT
0.162,0.185,3.424612020792629,3.1083288786851155,1.0,3,PROJECT001C__016.DZT
0.162,0.19,3.424612020792629,3.1080214510445927,1.0,3,PROJECT001C__016.DZT
0.162,0.195,3.424612020792629,3.1079161896573653,1.0,3,PROJECT001C__016.DZT
0.162,0.2,3.424612020792629,3.107671309700789,1.0,3,PROJECT001C__016.DZT
0.162,0.20500000000000002,3.424612020792629,3.1072115156599533,1.0,3,PROJECT001C__016.DZT
0.162,0.21000000000000002,3.424612020792629,3.1067476700771,1.0,3,PROJECT001C__016.DZT
0.162,0.21500000000000002,3.424612020792629,3.106237502353046,1.0,3,PROJECT001C__016.DZT
0.162,0.22000000000000003,3.424612020792629,3.105490406038975,1.0,3,PROJECT001C__016.DZT
0.162,0.22500000000000003,3.424612020792629,3.104789667837661,1.0,3,PROJECT001C__016.DZT
0.162,0.23000000000000004,3.424612020792629,3.104168099740701,1.0,3,PROJECT001C__016.DZT
0.162,0.23500000000000004,3.424612020792629,3.1034548091377645,1.0,3,PROJECT001C__016.DZT
0.162,0.24,3.424612020792629,3.102532029152391,1.0,3,PROJECT001C__016.DZT
0.162,0.245,3.424612020792629,3.101988731007944,1.0,3,PROJECT001C__016.DZT
0.162,0.25,3.424612020792629,3.1013611982182865,1.0,3,PROJECT001C__016.DZT
0.164,-0.05,3.3415942100565794,3.0746340157200858,1.0,3,PROJECT001C__016.DZT
0.164,-0.045000000000000005,3.3415942100565794,3.0759292588467453,1.0,3,PROJECT001C__016.DZT
0.164,-0.04,3.3415942100565794,3.077388181400655,1.0,3,PROJECT001C__016.DZT
0.164,-0.035,3.3415942100565794,3.078786242168672,1.0,3,PROJECT001C__016.DZT
0.164,-0.030000000000000002,3.3415942100565794,3.08009071010834,1.0,3,PROJECT001C__016.DZT
0.164,-0.025,3.3415942100565794,3.0814232323904682,1.0,3,PROJECT001C__016.DZT
0.164,-0.020000000000000004,3.3415942100565794,3.0827591902454823,1.0,3,PROJECT001C__016.DZT
0.164,-0.015,3.3415942100565794,3.0840544107745393,1.0,3,PROJECT001C__016.DZT
0.164,-0.010000000000000002,3.3415942100565794,3.0852474200494595,1.0,3,PROJECT001C__016.DZT
0.164,-0.0050000000000000044,3.3415942100565794,3.086409822724338,1.0,3,PROJECT001C__016.DZT
0.164,0.0,3.3415942100565794,3.0875016082618156,1.0,3,PROJECT001C__016.DZT
0.164,0.0049999999999999975,3.3415942100565794,3.0885248511015875,1.0,3,PROJECT001C__016.DZT
0.164,0.009999999999999995,3.3415942100565794,3.0896673473603684,1.0,3,PROJECT001C__016.DZT
0.164,0.015,3.3415942100565794,3.0908167251585503,1.0,3,PROJECT001C__016.DZT
0.164,0.020000000000000004,3.3415942100565794,3.091963054603139,1.0,3,PROJECT001C__016.DZT
0.164,0.024999999999999994,3.3415942100565794,3.0931733057300996,1.0,3,PROJECT001C__016.DZT
0.164,0.03,3.3415942100565794,3.0944081215127817,1.0,3,PROJECT001C__016.DZT
0.164,0.035,3.3415942100565794,3.0954963788854015,1.0,3,PROJECT001C__016.DZT
0.164,0.039999999999999994,3.3415942100565794,3.0965389260737077,1.0,3,PROJECT001C__016.DZT
0.164,0.045,3.3415942100565794,3.097539404138887,1.0,3,PROJECT001C__016.DZT
0.164,0.05,3.3415942100565794,3.098568302491443,1.0,3,PROJECT001C__016.DZT
0.164,0.05499999999999999,3.3415942100565794,3.099522177052071,1.0,3,PROJECT001C__016.DZT
0.164,0.06,3.3415942100565794,3.100474456466177,1.0,3,PROJECT001C__016.DZT
0.164,0.065,3.3415942100565794,3.1012128007368376,1.0,3,PROJECT001C__016.DZT
0.164,0.06999999999999999,3.3415942100565794,3.101811954335531,1.0,3,PROJECT001C__016.DZT
0.164,0.075,3.3415942100565794,3.102748508447681,1.0,3,PROJECT001C__016.DZT
0.164,0.08,3.3415942100565794,3.1037531676488483,1.0,3,PROJECT001C__016.DZT
0.164,0.085,3.3415942100565794,3.104603828501651,1.0,3,PROJECT001C__016.DZT
0.164,0.09000000000000001,3.3415942100565794,3.105587357348942,1.0,3,PROJECT001C__016.DZT
0.164,0.09499999999999999,3.3415942100565794,3.106762229201781,1.0,3,PROJECT001C__016.DZT
0.164,0.09999999999999999,3.3415942100565794,3.1075974735400234,1.0,3,PROJECT001C__016.DZT
0.164,0.105,3.3415942100565794,3.1081204619708225,1.0,3,PROJECT001C__016.DZT
0.164,0.11,3.3415942100565794,3.108611364643794,1.0,3,PROJECT001C__016.DZT
0.164,0.115,3.3415942100565794,3.108981608920216,1.0,3,PROJECT001C__016.DZT
0.164,0.12000000000000001,3.3415942100565794,3.1093687202018816,1.0,3,PROJECT001C__016.DZT
0.164,0.125,3.3415942100565794,3.1097639498711582,1.0,3,PROJECT001C__016.DZT
0.164,0.13,3.3415942100565794,3.110124748571833,1.0,3,PROJECT001C__016.DZT
0.164,0.135,3.3415942100565794,3.110359397623879,1.0,3,PROJECT001C__016.DZT
0.164,0.14,3.3415942100565794,3.1106404098530507,1.0,3,PROJECT001C__016.DZT
0.164,0.14500000000000002,3.3415942100565794,3.1109713803142145,1.0,3,PROJECT001C__016.DZT
0.164,0.15000000000000002,3.3415942100565794,3.111278634891461,1.0,3,PROJECT001C__016.DZT
0.164,0.15500000000000003,3.3415942100565794,3.111782396900114,1.0,3,PROJECT001C__016.DZT
0.164,0.15999999999999998,3.3415942100565794,3.1122488021435175,1.0,3,PROJECT001C__016.DZT
0.164,0.16499999999999998,3.3415942100565794,3.11236568752293,1.0,3,PROJECT001C__016.DZT
0.164,0.16999999999999998,3.3415942100565794,3.1125169106472197,1.0,3,PROJECT001C__016.DZT
0.164,0.175,3.3415942100565794,3.112569027745646,1.0,3,PROJECT001C__016.DZT
0.164,0.18,3.3415942100565794,3.1124340026815296,1.0,3,PROJECT001C__016.DZT
0.164,0.185,3.3415942100565794,3.112224022797044,1.0,3,PROJECT001C__016.DZT
0.164,0.19,3.3415942100565794,3.1118465272194515,1.0,3,PROJECT001C__016.DZT
0.164,0.195,3.3415942100565794,3.1114198553910692,1.0,3,PROJECT001C__016.DZT
0.164,0.2,3.3415942100565794,3.110992094123434,1.0,3,PROJECT001C__016.DZT
0.164,0.20500000000000002,3.3415942100565794,3.1106195141892576,1.0,3,PROJECT001C__016.DZT
0.164,0.21000000000000002,3.3415942100565794,3.1103178752613103,1.0,3,PROJECT001C__016.DZT
0.164,0.21500000000000002,3.3415942100565794,3.110047939636041,1.0,3,PROJECT001C__016.DZT
0.164,0.22000000000000003,3.3415942100565794,3.1096593336415945,1.0,3,PROJECT001C__016.DZT
0.164,0.22500000000000003,3.3415942100565794,3.1091420153071248,1.0,3,PROJECT001C__016.DZT
0.164,0.23000000000000004,3.3415942100565794,3.108620576058797,1.0,3,PROJECT001C__016.DZT
0.164,0.23500000000000004,3.3415942100565794,3.108039201012705,1.0,3,PROJECT001C__016.DZT
0.164,0.24,3.3415942100565794,3.107380029966036,1.0,3,PROJECT001C__016.DZT
0.164,0.245,3.3415942100565794,3.106697312543822,1.0,3,PROJECT001C__016.DZT
0.164,0.25,3.3415942100565794,3.1059120727510936,1.0,3,PROJECT001C__016.DZT
0.166,-0.05,3.261558929949258,3.0687732160817593,1.0,3,PROJECT001C__016.DZT
0.166,-0.045000000000000005,3.261558929949258,3.07020004067167,1.0,3,PROJECT001C__016.DZT
0.166,-0.04,3.261558929949258,3.0715093501466177,1.0,3,PROJECT001C__016.DZT
0.166,-0.035,3.261558929949258,3.0728757263148903,1.0,3,PROJECT001C__016.DZT
0.166,-0.030000000000000002,3.261558929949258,3.074254975181784,1.0,3,PROJECT001C__016.DZT
0.166,-0.025,3.261558929949258,3.075687436221614,1.0,3,PROJECT001C__016.DZT
0.166,-0.020000000000000004,3.261558929949258,3.077059221141965,1.0,3,PROJECT001C__016.DZT
0.166,-0.015,3.261558929949258,3.0783769154785596,1.0,3,PROJECT001C__016.DZT
0.166,-0.010000000000000002,3.261558929949258,3.079700972584561,1.0,3,PROJECT001C__016.DZT
0.166,-0.0050000000000000044,3.261558929949258,3.0811222490834713,1.0,3,PROJECT001C__016.DZT
0.166,0.0,3.261558929949258,3.08244575134141,1.0,3,PROJECT001C__016.DZT
0.166,0.0049999999999999975,3.261558929949258,3.0837527121165267,1.0,3,PROJECT001C__016.DZT
0.166,0.009999999999999995,3.261558929949258,3.0850716793400834,1.0,3,PROJECT001C__016.DZT
0.166,0.015,3.261558929949258,3.0863689438184907,1.0,3,PROJECT001C__016.DZT
0.166,0.020000000000000004,3.261558929949258,3.087585991458186,1.0,3,PROJECT001C__016.DZT
0.166,0.024999999999999994,3.261558929949258,3.0887280543751294,1.0,3,PROJECT001C__016.DZT
0.166,0.03,3.261558929949258,3.089843453883836,1.0,3,PROJECT001C__016.DZT
0.166,0.035,3.261558929949258,3.0909088890678187,1.0,3,PROJECT001C__016.DZT
0.166,0.039999999999999994,3.261558929949258,3.092099389862438,1.0,3,PROJECT001C__016.DZT
0.166,0.045,3.261558929949258,3.093286052371259,1.0,3,PROJECT001C__016.DZT
0.166,0.05,3.261558929949258,3.0943618327913875,1.0,3,PROJECT001C__016.DZT
0.166,0.05499999999999999,3.261558929949258,3.095440539696366,1.0,3,PROJECT001C__016.DZT
0.166,0.06,3.261558929949258,3.096554560353812,1.0,3,PROJECT001C__016.DZT
0.166,0.065,3.261558929949258,3.0976447207863615,1.0,3,PROJECT001C__016.DZT
0.166,0.06999999999999999,3.261558929949258,3.0988309431689998,1.0,3,PROJECT001C__016.DZT
0.166,0.075,3.261558929949258,3.0999543128121925,1.0,3,PROJECT001C__016.DZT
0.166,0.08,3.261558929949258,3.100980825118725,1.0,3,PROJECT001C__016.DZT
0.166,0.085,3.261558929949258,3.101910945386395,1.0,3,PROJECT001C__016.DZT
0.166,0.09000000000000001,3.261558929949258,3.1027692760527077,1.0,3,PROJECT001C__016.DZT
0.166,0.09499999999999999,3.261558929949258,3.1035988699237564,1.0,3,PROJECT001C__016.DZT
0.166,0.09999999999999999,3.261558929949258,3.104427772080133,1.0,3,PROJECT001C__016.DZT
0.166,0.105,3.261558929949258,3.1053844400521644,1.0,3,PROJECT001C__016.DZT
0.166,0.11,3.261558929949258,3.106430698878235,1.0,3,PROJECT001C__016.DZT
0.166,0.115,3.261558929949258,3.107402098503379,1.0,3,PROJECT001C__016.DZT
0.166,0.12000000000000001,3.261558929949258,3.1081917047585628,1.0,3,PROJECT001C__016.DZT
0.166,0.125,3.261558929949258,3.1089409170110875,1.0,3,PROJECT001C__016.DZT
0.166,0.13,3.261558929949258,3.109565171130684,1.0,3,PROJECT001C__016.DZT
0.166,0.135,3.261558929949258,3.1102153379689885,1.0,3,PROJECT001C__016.DZT
0.166,0.14,3.261558929949258,3.110786973914197,1.0,3,PROJECT001C__016.DZT
0.166,0.14500000000000002,3.261558929949258,3.1113795782942133,1.0,3,PROJECT001C__016.DZT
0.166,0.15000000000000002,3.261558929949258,3.111822163560897,1.0,3,PROJECT001C__016.DZT
0.166,0.15500000000000003,3.261558929949258,3.112095760390981,1.0,3,PROJECT001C__016.DZT
0.166,0.15999999999999998,3.261558929949258,3.1123224872034823,1.0,3,PROJECT001C__016.DZT
0.166,0.16499999999999998,3.261558929949258,3.112660923288711,1.0,3,PROJECT001C__016.DZT
0.166,0.16999999999999998,3.261558929949258,3.1130641521900713,1.0,3,PROJECT001C__016.DZT
0.166,0.175,3.261558929949258,3.113581689667013,1.0,3,PROJECT001C__016.DZT
0.166,0.18,3.261558929949258,3.1139917434209465,1.0,3,PROJECT001C__016.DZT
0.166,0.185,3.261558929949258,3.1143091473204785,1.0,3,PROJECT001C__016.DZT
0.166,0.19,3.261558929949258,3.114446575506198,1.0,3,PROJECT001C__016.DZT
0.166,0.195,3.261558929949258,3.114607063511151,1.0,3,PROJECT001C__016.DZT
0.166,0.2,3.261558929949258,3.1146891811633406,1.0,3,PROJECT001C__016.DZT
0.166,0.20500000000000002,3.261558929949258,3.1145148704040544,1.0,3,PROJECT001C__016.DZT
0.166,0.21000000000000002,3.261558929949258,3.114082542898783,1.0,3,PROJECT001C__016.DZT
0.166,0.21500000000000002,3.261558929949258,3.1137003569042143,1.0,3,PROJECT001C__016.DZT
0.166,0.22000000000000003,3.261558929949258,3.1133236680253904,1.0,3,PROJECT001C__016.DZT
0.166,0.22500000000000003,3.261558929949258,3.112982591854052,1.0,3,PROJECT001C__016.DZT
0.166,0.23000000000000004,3.261558929949258,3.1125445755238164,1.0,3,PROJECT001C__016.DZT
0.166,0.23500000000000004,3.261558929949258,3.1120001399177233,1.0,3,PROJECT001C__016.DZT
0.166,0.24,3.261558929949258,3.1115945076676677,1.0,3,PROJECT001C__016.DZT
0.166,0.245,3.261558929949258,3.1111268250935917,1.0,3,PROJECT001C__016.DZT
0.166,0.25,3.261558929949258,3.1103757298209653,1.0,3,PROJECT001C__016.DZT
0.16799999999999998,-0.05,3.184365004027841,3.0627568520440644,1.0,3,PROJECT001C__016.DZT
0.16799999999999998,-0.045000000000000005,3.184365004027841,3.0642175188246306,1.0,3,PROJECT001C__016.DZT
0.16799999999999998,-0.04,3.184365004027841,3.0656777855480204,1.0,3,PROJECT001C__016.DZT
0.16799999999999998,-0.035,3.184365004027841,3.067085252755805,1.0,3,PROJECT001C__016.DZT
0.16799999999999998,-0.030000000000000002,3.184365004027841,3.0684399810547376,1.0,3,PROJECT001C__016.DZT
0.16799999999999998,-0.025,3.184365004027841,3.0698469791847898,1.0,3,PROJECT001C__016.DZT
0.16799999999999998,-0.020000000000000004,3.184365004027841,3.071250305225044,1.0,3,PROJECT001C__016.DZT
0.16799999999999998,-0.015,3.184365004027841,3.0726770729263944,1.0,3,PROJECT001C__016.DZT
0.16799999999999998,-0.010000000000000002,3.184365004027841,3.074062000604782,1.0,3,PROJECT001C__016.DZT
0.16799999999999998,-0.0050000000000000044,3.184365004027841,3.0754968337225264,1.0,3,PROJECT001C__016.DZT
0.16799999999999998,0.0,3.184365004027841,3.0769020332135675,1.0,3,PROJECT001C__016.DZT
0.16799999999999998,0.0049999999999999975,3.184365004027841,3.078373275986822,1.0,3,PROJECT001C__016.DZT
0.16799999999999998,0.009999999999999995,3.184365004027841,3.0797488846136893,1.0,3,PROJECT001C__016.DZT
0.16799999999999998,0.015,3.184365004027841,3.0810352490799233,1.0,3,PROJECT001C__016.DZT
0.16799999999999998,0.020000000000000004,3.184365004027841,3.0823538446054304,1.0,3,PROJECT001C__016.DZT
0.16799999999999998,0.024999999999999994,3.184365004027841,3.0837648939438815,1.0,3,PROJECT001C__016.DZT
0.16799999999999998,0.03,3.184365004027841,3.0851333373492267,1.0,3,PROJECT001C__016.DZT
0.16799999999999998,0.035,3.184365004027841,3.086396210796251,1.0,3,PROJECT001C__016.DZT
0.16799999999999998,0.039999999999999994,3.184365004027841,3.0876458328297773,1.0,3,PROJECT001C__016.DZT
0.16799999999999998,0.045,3.184365004027841,3.0889155956595444,1.0,3,PROJECT001C__016.DZT
0.16799999999999998,0.05,3.184365004027841,3.0901706380104854,1.0,3,PROJECT001C__016.DZT
0.16799999999999998,0.05499999999999999,3.184365004027841,3.0912877963608216,1.0,3,PROJECT001C__016.DZT
0.16799999999999998,0.06,3.184365004027841,3.0924453504568756,1.0,3,PROJECT001C__016.DZT
0.16799999999999998,0.065,3.184365004027841,3.0936448521393416,1.0,3,PROJECT001C__016.DZT
0.16799999999999998,0.06999999999999999,3.184365004027841,3.0947840198101377,1.0,3,PROJECT001C__016.DZT
0.16799999999999998,0.075,3.184365004027841,3.0957810523904796,1.0,3,PROJECT001C__016.DZT
0.16799999999999998,0.08,3.184365004027841,3.0967560463195993,1.0,3,PROJECT001C__016.DZT
0.16799999999999998,0.085,3.184365004027841,3.0978959333487057,1.0,3,PROJECT001C__016.DZT
0.16799999999999998,0.09000000000000001,3.184365004027841,3.099073822890375,1.0,3,PROJECT001C__016.DZT
0.16799999999999998,0.09499999999999999,3.184365004027841,3.100221031422553,1.0,3,PROJECT001C__016.DZT
0.16799999999999998,0.09999999999999999,3.184365004027841,3.1014053419507412,1.0,3,PROJECT001C__016.DZT
0.16799999999999998,0.105,3.184365004027841,3.1024754340975487,1.0,3,PROJECT001C__016.DZT
0.16799999999999998,0.11,3.184365004027841,3.1034438448288526,1.0,3,PROJECT001C__016.DZT
0.16799999999999998,0.115,3.184365004027841,3.104474951948536,1.0,3,PROJECT001C__016.DZT
0.16799999999999998,0.12000000000000001,3.184365004027841,3.1054528274836257,1.0,3,PROJECT001C__016.DZT
0.16799999999999998,0.125,3.184365004027841,3.106378565648873,1.0,3,PROJECT001C__016.DZT
0.16799999999999998,0.13,3.184365004027841,3.107386126953116,1.0,3,PROJECT001C__016.DZT
0.16799999999999998,0.135,3.184365004027841,3.108231985693718,1.0,3,PROJECT001C__016.DZT
0.16799999999999998,0.14,3.184365004027841,3.108901877276029,1.0,3,PROJECT001C__016.DZT
0.16799999999999998,0.14500000000000002,3.184365004027841,3.1096258396656222,1.0,3,PROJECT001C__016.DZT
0.16799999999999998,0.15000000000000002,3.184365004027841,3.1103105689885004,1.0,3,PROJECT001C__016.DZT
0.16799999999999998,0.15500000000000003,3.184365004027841,3.1110818015567396,1.0,3,PROJECT001C__016.DZT
0.16799999999999998,0.15999999999999998,3.184365004027841,3.111965925710464,1.0,3,PROJECT001C__016.DZT
0.16799999999999998,0.16499999999999998,3.184365004027841,3.1126610984542906,1.0,3,PROJECT001C__016.DZT
0.16799999999999998,0.16999999999999998,3.184365004027841,3.113217790400357,1.0,3,PROJECT001C__016.DZT
0.16799999999999998,0.175,3.184365004027841,3.1136793291988227,1.0,3,PROJECT001C__016.DZT
0.16799999999999998,0.18,3.184365004027841,3.114070151298342,1.0,3,PROJECT001C__016.DZT
0.16799999999999998,0.185,3.184365004027841,3.1143732799156694,1.0,3,PROJECT001C__016.DZT
0.16799999999999998,0.19,3.184365004027841,3.1148709009130093,1.0,3,PROJECT001C__016.DZT
0.16799999999999998,0.195,3.184365004027841,3.115280155841466,1.0,3,PROJECT001C__016.DZT
0.16799999999999998,0.2,3.184365004027841,3.1155744952142013,1.0,3,PROJECT001C__016.DZT
0.16799999999999998,0.20500000000000002,3.184365004027841,3.115838774528942,1.0,3,PROJECT001C__016.DZT
0.16799999999999998,0.21000000000000002,3.184365004027841,3.1161955677753936,1.0,3,PROJECT001C__016.DZT
0.16799999999999998,0.21500000000000002,3.184365004027841,3.116410600498589,1.0,3,PROJECT001C__016.DZT
0.16799999999999998,0.22000000000000003,3.184365004027841,3.1165503142279753,1.0,3,PROJECT001C__016.DZT
0.16799999999999998,0.22500000000000003,3.184365004027841,3.1165041995781757,1.0,3,PROJECT001C__016.DZT
0.16799999999999998,0.23000000000000004,3.184365004027841,3.1162391633203015,1.0,3,PROJECT001C__016.DZT
0.16799999999999998,0.23500000000000004,3.184365004027841,3.1158762389947277,1.0,3,PROJECT001C__016.DZT
0.16799999999999998,0.24,3.184365004027841,3.1156027393684655,1.0,3,PROJECT001C__016.DZT
0.16799999999999998,0.245,3.184365004027841,3.1151229360672232,1.0,3,PROJECT001C__016.DZT
0.16799999999999998,0.25,3.184365004027841,3.1145822724731675,1.0,3,PROJECT001C__016.DZT
0.16999999999999998,-0.05,3.1098795112000617,3.0565119303465393,1.0,3,PROJECT001C__016.DZT
0.16999999999999998,-0.045000000000000005,3.1098795112000617,3.0580333520834113,1.0,3,PROJECT001C__016.DZT
0.16999999999999998,-0.04,3.1098795112000617,3.059481944025658,1.0,3,PROJECT001C__016.DZT
0.16999999999999998,-0.035,3.1098795112000617,3.0609520896656086,1.0,3,PROJECT001C__016.DZT
0.16999999999999998,-0.030000000000000002,3.1098795112000617,3.062458335504368,1.0,3,PROJECT001C__016.DZT
0.16999999999999998,-0.025,3.1098795112000617,3.0639397598175915,1.0,3,PROJECT001C__016.DZT
0.16999999999999998,-0.020000000000000004,3.1098795112000617,3.065421744549988,1.0,3,PROJECT001C__016.DZT
0.16999999999999998,-0.015,3.1098795112000617,3.066897380036026,1.0,3,PROJECT001C__016.DZT
0.16999999999999998,-0.010000000000000002,3.1098795112000617,3.068355735021831,1.0,3,PROJECT001C__016.DZT
0.16999999999999998,-0.0050000000000000044,3.1098795112000617,3.0698826043240004,1.0,3,PROJECT001C__016.DZT
0.16999999999999998,0.0,3.1098795112000617,3.071271345184867,1.0,3,PROJECT001C__016.DZT
0.16999999999999998,0.0049999999999999975,3.1098795112000617,3.0726766116483497,1.0,3,PROJECT001C__016.DZT
0.16999999999999998,0.009999999999999995,3.1098795112000617,3.074101501619662,1.0,3,PROJECT001C__016.DZT
0.16999999999999998,0.015,3.1098795112000617,3.0755876221502185,1.0,3,PROJECT001C__016.DZT
0.16999999999999998,0.020000000000000004,3.1098795112000617,3.077009113169188,1.0,3,PROJECT001C__016.DZT
0.16999999999999998,0.024999999999999994,3.1098795112000617,3.0784553115684368,1.0,3,PROJECT001C__016.DZT
0.16999999999999998,0.03,3.1098795112000617,3.0798603222000995,1.0,3,PROJECT001C__016.DZT
0.16999999999999998,0.035,3.1098795112000617,3.0812244431296207,1.0,3,PROJECT001C__016.DZT
0.16999999999999998,0.039999999999999994,3.1098795112000617,3.0826225624981642,1.0,3,PROJECT001C__016.DZT
0.16999999999999998,0.045,3.1098795112000617,3.0840023126221205,1.0,3,PROJECT001C__016.DZT
0.16999999999999998,0.05,3.1098795112000617,3.0853489528449956,1.0,3,PROJECT001C__016.DZT
0.16999999999999998,0.05499999999999999,3.1098795112000617,3.0867718751753803,1.0,3,PROJECT001C__016.DZT
0.16999999999999998,0.06,3.1098795112000617,3.088068274172161,1.0,3,PROJECT001C__016.DZT
0.16999999999999998,0.065,3.1098795112000617,3.089273305312679,1.0,3,PROJECT001C__016.DZT
0.16999999999999998,0.06999999999999999,3.1098795112000617,3.0905077910369845,1.0,3,PROJECT001C__016.DZT
0.16999999999999998,0.075,3.1098795112000617,3.0917651495646434,1.0,3,PROJECT001C__016.DZT
0.16999999999999998,0.08,3.1098795112000617,3.092999804420648,1.0,3,PROJECT001C__016.DZT
0.16999999999999998,0.085,3.1098795112000617,3.094188221758859,1.0,3,PROJECT001C__016.DZT
0.16999999999999998,0.09000000000000001,3.1098795112000617,3.095307737054877,1.0,3,PROJECT001C__016.DZT
0.16999999999999998,0.09499999999999999,3.1098795112000617,3.096338594246801,1.0,3,PROJECT001C__016.DZT
0.16999999999999998,0.09999999999999999,3.1098795112000617,3.097375155584634,1.0,3,PROJECT001C__016.DZT
0.16999999999999998,0.105,3.1098795112000617,3.0984613745114236,1.0,3,PROJECT001C__016.DZT
0.16999999999999998,0.11,3.1098795112000617,3.099552227925598,1.0,3,PROJECT001C__016.DZT
0.16999999999999998,0.115,3.1098795112000617,3.100745085194223,1.0,3,PROJECT001C__016.DZT
0.16999999999999998,0.12000000000000001,3.1098795112000617,3.101919769059387,1.0,3,PROJECT001C__016.DZT
0.16999999999999998,0.125,3.1098795112000617,3.103023747968828,1.0,3,PROJECT001C__016.DZT
0.16999999999999998,0.13,3.1098795112000617,3.104100224035004,1.0,3,PROJECT001C__016.DZT
0.16999999999999998,0.135,3.1098795112000617,3.1052429130399872,1.0,3,PROJECT001C__016.DZT
0.16999999999999998,0.14,3.1098795112000617,3.1063521297390295,1.0,3,PROJECT001C__016.DZT
0.16999999999999998,0.14500000000000002,3.1098795112000617,3.10740678302983,1.0,3,PROJECT001C__016.DZT
0.16999999999999998,0.15000000000000002,3.1098795112000617,3.108488205297107,1.0,3,PROJECT001C__016.DZT
0.16999999999999998,0.15500000000000003,3.1098795112000617,3.1091782709987688,1.0,3,PROJECT001C__016.DZT
0.16999999999999998,0.15999999999999998,3.1098795112000617,3.109788135101035,1.0,3,PROJECT001C__016.DZT
0.16999999999999998,0.16499999999999998,3.1098795112000617,3.1104600620128005,1.0,3,PROJECT001C__016.DZT
0.16999999999999998,0.16999999999999998,3.1098795112000617,3.1112539039567064,1.0,3,PROJECT001C__016.DZT
0.16999999999999998,0.175,3.1098795112000617,3.112042115868981,1.0,3,PROJECT001C__016.DZT
0.16999999999999998,0.18,3.1098795112000617,3.1128709796178597,1.0,3,PROJECT001C__016.DZT
0.16999999999999998,0.185,3.1098795112000617,3.1136998359645873,1.0,3,PROJECT001C__016.DZT
0.16999999999999998,0.19,3.1098795112000617,3.1144329879990824,1.0,3,PROJECT001C__016.DZT
0.16999999999999998,0.195,3.1098795112000617,3.115002158595051,1.0,3,PROJECT001C__016.DZT
0.16999999999999998,0.2,3.1098795112000617,3.115494663214662,1.0,3,PROJECT001C__016.DZT
0.16999999999999998,0.20500000000000002,3.1098795112000617,3.1161690277668215,1.0,3,PROJECT001C__016.DZT
0.16999999999999998,0.21000000000000002,3.1098795112000617,3.1166433412721424,1.0,3,PROJECT001C__016.DZT
0.16999999999999998,0.21500000000000002,3.1098795112000617,3.1168825150184034,1.0,3,PROJECT001C__016.DZT
0.16999999999999998,0.22000000000000003,3.1098795112000617,3.117066765557667,1.0,3,PROJECT001C__016.DZT
0.16999999999999998,0.22500000000000003,3.1098795112000617,3.117369137801352,1.0,3,PROJECT001C__016.DZT
0.16999999999999998,0.23000000000000004,3.1098795112000617,3.117745855755244,1.0,3,PROJECT001C__016.DZT
0.16999999999999998,0.23500000000000004,3.1098795112000617,3.1179610539004474,1.0,3,PROJECT001C__016.DZT
0.16999999999999998,0.24,3.1098795112000617,3.118072736817613,1.0,3,PROJECT001C__016.DZT
0.16999999999999998,0.245,3.1098795112000617,3.1181885370092584,1.0,3,PROJECT001C__016.DZT
0.16999999999999998,0.25,3.1098795112000617,3.1181433416270306,1.0,3,PROJECT001C__016.DZT
0.172,-0.05,3.0379772131450027,3.050408225007029,1.0,3,PROJECT001C__016.DZT
0.172,-0.045000000000000005,3.0379772131450027,3.0520070305148717,1.0,3,PROJECT001C__016.DZT
0.172,-0.04,3.0379772131450027,3.053498562382499,1.0,3,PROJECT001C__016.DZT
0.172,-0.035,3.0379772131450027,3.055028552451914,1.0,3,PROJECT001C__016.DZT
0.172,-0.030000000000000002,3.0379772131450027,3.056538939705206,1.0,3,PROJECT001C__016.DZT
0.172,-0.025,3.0379772131450027,3.058047768482167,1.0,3,PROJECT001C__016.DZT
0.172,-0.020000000000000004,3.0379772131450027,3.0595740453180156,1.0,3,PROJECT001C__016.DZT
0.172,-0.015,3.0379772131450027,3.0610700252133856,1.0,3,PROJECT001C__016.DZT
0.172,-0.010000000000000002,3.0379772131450027,3.0623985733022714,1.0,3,PROJECT001C__016.DZT
0.172,-0.0050000000000000044,3.0379772131450027,3.0638134423372705,1.0,3,PROJECT001C__016.DZT
0.172,0.0,3.0379772131450027,3.0653532685235,1.0,3,PROJECT001C__016.DZT
0.172,0.0049999999999999975,3.0379772131450027,3.066917213225569,1.0,3,PROJECT001C__016.DZT
0.172,0.009999999999999995,3.0379772131450027,3.068378293999018,1.0,3,PROJECT001C__016.DZT
0.172,0.015,3.0379772131450027,3.0699266368111027,1.0,3,PROJECT001C__016.DZT
0.172,0.020000000000000004,3.0379772131450027,3.071486663328148,1.0,3,PROJECT001C__016.DZT
0.172,0.024999999999999994,3.0379772131450027,3.073018169751253,1.0,3,PROJECT001C__016.DZT
0.172,0.03,3.0379772131450027,3.0744646462531016,1.0,3,PROJECT001C__016.DZT
0.172,0.035,3.0379772131450027,3.075917226454705,1.0,3,PROJECT001C__016.DZT
0.172,0.039999999999999994,3.0379772131450027,3.077432505180457,1.0,3,PROJECT001C__016.DZT
0.172,0.045,3.0379772131450027,3.0788512756733772,1.0,3,PROJECT001C__016.DZT
0.172,0.05,3.0379772131450027,3.080234123219118,1.0,3,PROJECT001C__016.DZT
0.172,0.05499999999999999,3.0379772131450027,3.08154172144055,1.0,3,PROJECT001C__016.DZT
0.172,0.06,3.0379772131450027,3.0829663230079496,1.0,3,PROJECT001C__016.DZT
0.172,0.065,3.0379772131450027,3.084399449936724,1.0,3,PROJECT001C__016.DZT
0.172,0.06999999999999999,3.0379772131450027,3.085869355389022,1.0,3,PROJECT001C__016.DZT
0.172,0.075,3.0379772131450027,3.087293648559685,1.0,3,PROJECT001C__016.DZT
0.172,0.08,3.0379772131450027,3.08867849265669,1.0,3,PROJECT001C__016.DZT
0.172,0.085,3.0379772131450027,3.0899587015630736,1.0,3,PROJECT001C__016.DZT
0.172,0.09000000000000001,3.0379772131450027,3.0912001002817395,1.0,3,PROJECT001C__016.DZT
0.172,0.09499999999999999,3.0379772131450027,3.0924197525408417,1.0,3,PROJECT001C__016.DZT
0.172,0.09999999999999999,3.0379772131450027,3.0936855521059403,1.0,3,PROJECT001C__016.DZT
0.172,0.105,3.0379772131450027,3.0949122724888753,1.0,3,PROJECT001C__016.DZT
0.172,0.11,3.0379772131450027,3.0959570008087316,1.0,3,PROJECT001C__016.DZT
0.172,0.115,3.0379772131450027,3.097016166321668,1.0,3,PROJECT001C__016.DZT
0.172,0.12000000000000001,3.0379772131450027,3.0981046546000397,1.0,3,PROJECT001C__016.DZT
0.172,0.125,3.0379772131450027,3.099230171541971,1.0,3,PROJECT001C__016.DZT
0.172,0.13,3.0379772131450027,3.100413783854455,1.0,3,PROJECT001C__016.DZT
0.172,0.135,3.0379772131450027,3.1015627831745056,1.0,3,PROJECT001C__016.DZT
0.172,0.14,3.0379772131450027,3.102724753162397,1.0,3,PROJECT001C__016.DZT
0.172,0.14500000000000002,3.0379772131450027,3.103826698681184,1.0,3,PROJECT001C__016.DZT
0.172,0.15000000000000002,3.0379772131450027,3.1049472448049893,1.0,3,PROJECT001C__016.DZT
0.172,0.15500000000000003,3.0379772131450027,3.106054278595314,1.0,3,PROJECT001C__016.DZT
0.172,0.15999999999999998,3.0379772131450027,3.107286202635978,1.0,3,PROJECT001C__016.DZT
0.172,0.16499999999999998,3.0379772131450027,3.1084342581089524,1.0,3,PROJECT001C__016.DZT
0.172,0.16999999999999998,3.0379772131450027,3.1092595233113465,1.0,3,PROJECT001C__016.DZT
0.172,0.175,3.0379772131450027,3.1100976690044675,1.0,3,PROJECT001C__016.DZT
0.172,0.18,3.0379772131450027,3.110778994688308,1.0,3,PROJECT001C__016.DZT
0.172,0.185,3.0379772131450027,3.1115038719037105,1.0,3,PROJECT001C__016.DZT
0.172,0.19,3.0379772131450027,3.1123228373572114,1.0,3,PROJECT001C__016.DZT
0.172,0.195,3.0379772131450027,3.113185921235606,1.0,3,PROJECT001C__016.DZT
0.172,0.2,3.0379772131450027,3.1139495398165575,1.0,3,PROJECT001C__016.DZT
0.172,0.20500000000000002,3.0379772131450027,3.114690327530928,1.0,3,PROJECT001C__016.DZT
0.172,0.21000000000000002,3.0379772131450027,3.115434703685383,1.0,3,PROJECT001C__016.DZT
0.172,0.21500000000000002,3.0379772131450027,3.1162010550508836,1.0,3,PROJECT001C__016.DZT
0.172,0.22000000000000003,3.0379772131450027,3.1169700637393145,1.0,3,PROJECT001C__016.DZT
0.172,0.22500000000000003,3.0379772131450027,3.117576600570358,1.0,3,PROJECT001C__016.DZT
0.172,0.23000000000000004,3.0379772131450027,3.118060199866983,1.0,3,PROJECT001C__016.DZT
0.172,0.23500000000000004,3.0379772131450027,3.1184186422430233,1.0,3,PROJECT001C__016.DZT
0.172,0.24,3.0379772131450027,3.1186041152444353,1.0,3,PROJECT001C__016.DZT
0.172,0.245,3.0379772131450027,3.118821087047548,1.0,3,PROJECT001C__016.DZT
0.172,0.25,3.0379772131450027,3.119220722119349,1.0,3,PROJECT001C__016.DZT
0.174,-0.05,2.9685400275360605,3.044761144528253,1.0,3,PROJECT001C__016.DZT
0.174,-0.045000000000000005,2.9685400275360605,3.046064233513557,1.0,3,PROJECT001C__016.DZT
0.174,-0.04,2.9685400275360605,3.04743532254523,1.0,3,PROJECT001C__016.DZT
0.174,-0.035,2.9685400275360605,3.0489770942838206,1.0,3,PROJECT001C__016.DZT
0.174,-0.030000000000000002,2.9685400275360605,3.0504867826702378,1.0,3,PROJECT001C__016.DZT
0.174,-0.025,2.9685400275360605,3.051954009269315,1.0,3,PROJECT001C__016.DZT
0.174,-0.020000000000000004,2.9685400275360605,3.0535050603957212,1.0,3,PROJECT001C__016.DZT
0.174,-0.015,2.9685400275360605,3.055162549585518,1.0,3,PROJECT001C__016.DZT
0.174,-0.010000000000000002,2.9685400275360605,3.0567790345280073,1.0,3,PROJECT001C__016.DZT
0.174,-0.0050000000000000044,2.9685400275360605,3.0583687237069612,1.0,3,PROJECT001C__016.DZT
0.174,0.0,2.9685400275360605,3.059952547035081,1.0,3,PROJECT001C__016.DZT
0.174,0.0049999999999999975,2.9685400275360605,3.0614099525908185,1.0,3,PROJECT001C__016.DZT
0.174,0.009999999999999995,2.9685400275360605,3.0628242432456223,1.0,3,PROJECT001C__016.DZT
0.174,0.015,2.9685400275360605,3.0642470745448414,1.0,3,PROJECT001C__016.DZT
0.174,0.020000000000000004,2.9685400275360605,3.0656220527506943,1.0,3,PROJECT001C__016.DZT
0.174,0.024999999999999994,2.9685400275360605,3.0670682734953583,1.0,3,PROJECT001C__016.DZT
0.174,0.03,2.9685400275360605,3.0686367044948386,1.0,3,PROJECT001C__016.DZT
0.174,0.035,2.9685400275360605,3.070237490337145,1.0,3,PROJECT001C__016.DZT
0.174,0.039999999999999994,2.9685400275360605,3.0717705692532866,1.0,3,PROJECT001C__016.DZT
0.174,0.045,2.9685400275360605,3.073350124007829,1.0,3,PROJECT001C__016.DZT
0.174,0.05,2.9685400275360605,3.0749824706961255,1.0,3,PROJECT001C__016.DZT
0.174,0.05499999999999999,2.9685400275360605,3.0765744103445445,1.0,3,PROJECT001C__016.DZT
0.174,0.06,2.9685400275360605,3.078108262835166,1.0,3,PROJECT001C__016.DZT
0.174,0.065,2.9685400275360605,3.0795461364307086,1.0,3,PROJECT001C__016.DZT
0.174,0.06999999999999999,2.9685400275360605,3.0808927689165544,1.0,3,PROJECT001C__016.DZT
0.174,0.075,2.9685400275360605,3.0822080160367733,1.0,3,PROJECT001C__016.DZT
0.174,0.08,2.9685400275360605,3.0835892617199647,1.0,3,PROJECT001C__016.DZT
0.174,0.085,2.9685400275360605,3.085011873743103,1.0,3,PROJECT001C__016.DZT
0.174,0.09000000000000001,2.9685400275360605,3.086493166252039,1.0,3,PROJECT001C__016.DZT
0.174,0.09499999999999999,2.9685400275360605,3.0879964553404644,1.0,3,PROJECT001C__016.DZT
0.174,0.09999999999999999,2.9685400275360605,3.0893814872067598,1.0,3,PROJECT001C__016.DZT
0.174,0.105,2.9685400275360605,3.090720877831752,1.0,3,PROJECT001C__016.DZT
0.174,0.11,2.9685400275360605,3.0921310921695095,1.0,3,PROJECT001C__016.DZT
0.174,0.115,2.9685400275360605,3.0934166644014653,1.0,3,PROJECT001C__016.DZT
0.174,0.12000000000000001,2.9685400275360605,3.0946084857038803,1.0,3,PROJECT001C__016.DZT
0.174,0.125,2.9685400275360605,3.095851759841446,1.0,3,PROJECT001C__016.DZT
0.174,0.13,2.9685400275360605,3.096879997100796,1.0,3,PROJECT001C__016.DZT
0.174,0.135,2.9685400275360605,3.09789429274517,1.0,3,PROJECT001C__016.DZT
0.174,0.14,2.9685400275360605,3.098960772358716,1.0,3,PROJECT001C__016.DZT
0.174,0.14500000000000002,2.9685400275360605,3.1001955484303223,1.0,3,PROJECT001C__016.DZT
0.174,0.15000000000000002,2.9685400275360605,3.1013726731700153,1.0,3,PROJECT001C__016.DZT
0.174,0.15500000000000003,2.9685400275360605,3.1025653601346774,1.0,3,PROJECT001C__016.DZT
0.174,0.15999999999999998,2.9685400275360605,3.1037767975474764,1.0,3,PROJECT001C__016.DZT
0.174,0.16499999999999998,2.9685400275360605,3.104904764206291,1.0,3,PROJECT001C__016.DZT
0.174,0.16999999999999998,2.9685400275360605,3.106030789941863,1.0,3,PROJECT001C__016.DZT
0.174,0.175,2.9685400275360605,3.1072350633150108,1.0,3,PROJECT001C__016.DZT
0.174,0.18,2.9685400275360605,3.108373755350428,1.0,3,PROJECT001C__016.DZT
0.174,0.185,2.9685400275360605,3.1093728385377424,1.0,3,PROJECT001C__016.DZT
0.174,0.19,2.9685400275360605,3.1101877880687145,1.0,3,PROJECT001C__016.DZT
0.174,0.195,2.9685400275360605,3.110877245883184,1.0,3,PROJECT001C__016.DZT
0.174,0.2,2.9685400275360605,3.1118211086144956,1.0,3,PROJECT001C__016.DZT
0.174,0.20500000000000002,2.9685400275360605,3.112681976711606,1.0,3,PROJECT001C__016.DZT
0.174,0.21000000000000002,2.9685400275360605,3.1134325908015636,1.0,3,PROJECT001C__016.DZT
0.174,0.21500000000000002,2.9685400275360605,3.1142916789008,1.0,3,PROJECT001C__016.DZT
0.174,0.22000000000000003,2.9685400275360605,3.1151254308068688,1.0,3,PROJECT001C__016.DZT
0.174,0.22500000000000003,2.9685400275360605,3.1158407542978845,1.0,3,PROJECT001C__016.DZT
0.174,0.23000000000000004,2.9685400275360605,3.116594075276939,1.0,3,PROJECT001C__016.DZT
0.174,0.23500000000000004,2.9685400275360605,3.1174627998907596,1.0,3,PROJECT001C__016.DZT
0.174,0.24,2.9685400275360605,3.1183502477778617,1.0,3,PROJECT001C__016.DZT
0.174,0.245,2.9685400275360605,3.1188700856033837,1.0,3,PROJECT001C__016.DZT
0.174,0.25,2.9685400275360605,3.1191676073463435,1.0,3,PROJECT001C__016.DZT
0.176,-0.05,2.9014565429261934,3.039462926761933,1.0,3,PROJECT001C__016.DZT
0.176,-0.045000000000000005,2.9014565429261934,3.040894369445121,1.0,3,PROJECT001C__016.DZT
0.176,-0.04,2.9014565429261934,3.0423025913866013,1.0,3,PROJECT001C__016.DZT
0.176,-0.035,2.9014565429261934,3.0437939752570298,1.0,3,PROJECT001C__016.DZT
0.176,-0.030000000000000002,2.9014565429261934,3.045177672668275,1.0,3,PROJECT001C__016.DZT
0.176,-0.025,2.9014565429261934,3.0465882360470293,1.0,3,PROJECT001C__016.DZT
0.176,-0.020000000000000004,2.9014565429261934,3.048044754939651,1.0,3,PROJECT001C__016.DZT
0.176,-0.015,2.9014565429261934,3.0494117964744505,1.0,3,PROJECT001C__016.DZT
0.176,-0.010000000000000002,2.9014565429261934,3.050849827259031,1.0,3,PROJECT001C__016.DZT
0.176,-0.0050000000000000044,2.9014565429261934,3.052434759941896,1.0,3,PROJECT001C__016.DZT
0.176,0.0,2.9014565429261934,3.053938846118495,1.0,3,PROJECT001C__016.DZT
0.176,0.0049999999999999975,2.9014565429261934,3.055428886720739,1.0,3,PROJECT001C__016.DZT
0.176,0.009999999999999995,2.9014565429261934,3.057147625967479,1.0,3,PROJECT001C__016.DZT
0.176,0.015,2.9014565429261934,3.0588130036766845,1.0,3,PROJECT001C__016.DZT
0.176,0.020000000000000004,2.9014565429261934,3.060512030544931,1.0,3,PROJECT001C__016.DZT
0.176,0.024999999999999994,2.9014565429261934,3.0619961852532143,1.0,3,PROJECT001C__016.DZT
0.176,0.03,2.9014565429261934,3.063449762936728,1.0,3,PROJECT001C__016.DZT
0.176,0.035,2.9014565429261934,3.0648832812453612,1.0,3,PROJECT001C__016.DZT
0.176,0.039999999999999994,2.9014565429261934,3.0663731682547586,1.0,3,PROJECT001C__016.DZT
0.176,0.045,2.9014565429261934,3.067772842197725,1.0,3,PROJECT001C__016.DZT
0.176,0.05,2.9014565429261934,3.069193085005446,1.0,3,PROJECT001C__016.DZT
0.176,0.05499999999999999,2.9014565429261934,3.0707785881528467,1.0,3,PROJECT001C__016.DZT
0.176,0.06,2.9014565429261934,3.072368260217562,1.0,3,PROJECT001C__016.DZT
0.176,0.065,2.9014565429261934,3.0739639628726203,1.0,3,PROJECT001C__016.DZT
0.176,0.06999999999999999,2.9014565429261934,3.0755484724483844,1.0,3,PROJECT001C__016.DZT
0.176,0.075,2.9014565429261934,3.0772884203248956,1.0,3,PROJECT001C__016.DZT
0.176,0.08,2.9014565429261934,3.0789709974013006,1.0,3,PROJECT001C__016.DZT
0.176,0.085,2.9014565429261934,3.0804790700531224,1.0,3,PROJECT001C__016.DZT
0.176,0.09000000000000001,2.9014565429261934,3.0817889815661736,1.0,3,PROJECT001C__016.DZT
0.176,0.09499999999999999,2.9014565429261934,3.0831726655913854,1.0,3,PROJECT001C__016.DZT
0.176,0.09999999999999999,2.9014565429261934,3.0845739808364754,1.0,3,PROJECT001C__016.DZT
0.176,0.105,2.9014565429261934,3.0859983989777184,1.0,3,PROJECT001C__016.DZT
0.176,0.11,2.9014565429261934,3.0874401195262826,1.0,3,PROJECT001C__016.DZT
0.176,0.115,2.9014565429261934,3.088842673947056,1.0,3,PROJECT001C__016.DZT
0.176,0.12000000000000001,2.9014565429261934,3.0902570700909386,1.0,3,PROJECT001C__016.DZT
0.176,0.125,2.9014565429261934,3.0916679618775267,1.0,3,PROJECT001C__016.DZT
0.176,0.13,2.9014565429261934,3.0931004995677864,1.0,3,PROJECT001C__016.DZT
0.176,0.135,2.9014565429261934,3.094467106052568,1.0,3,PROJECT001C__016.DZT
0.176,0.14,2.9014565429261934,3.0958025207167847,1.0,3,PROJECT001C__016.DZT
0.176,0.14500000000000002,2.9014565429261934,3.0969247311756902,1.0,3,PROJECT001C__016.DZT
0.176,0.15000000000000002,2.9014565429261934,3.098025377696486,1.0,3,PROJECT001C__016.DZT
0.176,0.15500000000000003,2.9014565429261934,3.099053529026867,1.0,3,PROJECT001C__016.DZT
0.176,0.15999999999999998,2.9014565429261934,3.1001397418060335,1.0,3,PROJECT001C__016.DZT
0.176,0.16499999999999998,2.9014565429261934,3.101343538632768,1.0,3,PROJECT001C__016.DZT
0.176,0.16999999999999998,2.9014565429261934,3.102583512066847,1.0,3,PROJECT001C__016.DZT
0.176,0.175,2.9014565429261934,3.103766611304509,1.0,3,PROJECT001C__016.DZT
0.176,0.18,2.9014565429261934,3.1048821152407657,1.0,3,PROJECT001C__016.DZT
0.176,0.185,2.9014565429261934,3.1061052797936175,1.0,3,PROJECT001C__016.DZT
0.176,0.19,2.9014565429261934,3.107418975715669,1.0,3,PROJECT001C__016.DZT
0.176,0.195,2.9014565429261934,3.1085923900324937,1.0,3,PROJECT001C__016.DZT
0.176,0.2,2.9014565429261934,3.1095666404419675,1.0,3,PROJECT001C__016.DZT
0.176,0.20500000000000002,2.9014565429261934,3.1104181024661,1.0,3,PROJECT001C__016.DZT
0.176,0.21000000000000002,2.9014565429261934,3.111215367616484,1.0,3,PROJECT001C__016.DZT
0.176,0.21500000000000002,2.9014565429261934,3.112012535438921,1.0,3,PROJECT001C__016.DZT
0.176,0.22000000000000003,2.9014565429261934,3.112881215804761,1.0,3,PROJECT001C__016.DZT
0.176,0.22500000000000003,2.9014565429261934,3.1138368540135453,1.0,3,PROJECT001C__016.DZT
0.176,0.23000000000000004,2.9014565429261934,3.1146281022045503,1.0,3,PROJECT001C__016.DZT
0.176,0.23500000000000004,2.9014565429261934,3.115392388867097,1.0,3,PROJECT001C__016.DZT
0.176,0.24,2.9014565429261934,3.116287598977129,1.0,3,PROJECT001C__016.DZT
0.176,0.245,2.9014565429261934,3.1171857962558054,1.0,3,PROJECT001C__016.DZT
0.176,0.25,2.9014565429261934,3.118025415768244,1.0,3,PROJECT001C__016.DZT
0.178,-0.05,2.8366215715718264,3.0340680301143395,1.0,3,PROJECT001C__016.DZT
0.178,-0.045000000000000005,2.8366215715718264,3.0354314169542733,1.0,3,PROJECT001C__016.DZT
0.178,-0.04,2.8366215715718264,3.036919261840859,1.0,3,PROJECT001C__016.DZT
0.178,-0.035,2.8366215715718264,3.0384167880101933,1.0,3,PROJECT001C__016.DZT
0.178,-0.030000000000000002,2.8366215715718264,3.0398394813001413,1.0,3,PROJECT001C__016.DZT
0.178,-0.025,2.8366215715718264,3.0414252768037073,1.0,3,PROJECT001C__016.DZT
0.178,-0.020000000000000004,2.8366215715718264,3.04290310706093,1.0,3,PROJECT001C__016.DZT
0.178,-0.015,2.8366215715718264,3.0443136422494184,1.0,3,PROJECT001C__016.DZT
0.178,-0.010000000000000002,2.8366215715718264,3.0457625838141325,1.0,3,PROJECT001C__016.DZT
0.178,-0.0050000000000000044,2.8366215715718264,3.047298983631108,1.0,3,PROJECT001C__016.DZT
0.178,0.0,2.8366215715718264,3.0487318057907338,1.0,3,PROJECT001C__016.DZT
0.178,0.0049999999999999975,2.8366215715718264,3.050203721568005,1.0,3,PROJECT001C__016.DZT
0.178,0.009999999999999995,2.8366215715718264,3.051690008790571,1.0,3,PROJECT001C__016.DZT
0.178,0.015,2.8366215715718264,3.053139277759094,1.0,3,PROJECT001C__016.DZT
0.178,0.020000000000000004,2.8366215715718264,3.054679286402026,1.0,3,PROJECT001C__016.DZT
0.178,0.024999999999999994,2.8366215715718264,3.056290002422525,1.0,3,PROJECT001C__016.DZT
0.178,0.03,2.8366215715718264,3.057851812798463,1.0,3,PROJECT001C__016.DZT
0.178,0.035,2.8366215715718264,3.0595180111990925,1.0,3,PROJECT001C__016.DZT
0.178,0.039999999999999994,2.8366215715718264,3.0612508332752753,1.0,3,PROJECT001C__016.DZT
0.178,0.045,2.8366215715718264,3.0627597004399694,1.0,3,PROJECT001C__016.DZT
0.178,0.05,2.8366215715718264,3.0642645407207216,1.0,3,PROJECT001C__016.DZT
0.178,0.05499999999999999,2.8366215715718264,3.0657647830162147,1.0,3,PROJECT001C__016.DZT
0.178,0.06,2.8366215715718264,3.067227600536435,1.0,3,PROJECT001C__016.DZT
0.178,0.065,2.8366215715718264,3.068751969122431,1.0,3,PROJECT001C__016.DZT
0.178,0.06999999999999999,2.8366215715718264,3.0702759102469095,1.0,3,PROJECT001C__016.DZT
0.178,0.075,2.8366215715718264,3.071697073622795,1.0,3,PROJECT001C__016.DZT
0.178,0.08,2.8366215715718264,3.0732377229753673,1.0,3,PROJECT001C__016.DZT
0.178,0.085,2.8366215715718264,3.0748931550044265,1.0,3,PROJECT001C__016.DZT
0.178,0.09000000000000001,2.8366215715718264,3.0765242583497234,1.0,3,PROJECT001C__016.DZT
0.178,0.09499999999999999,2.8366215715718264,3.0781979489401525,1.0,3,PROJECT001C__016.DZT
0.178,0.09999999999999999,2.8366215715718264,3.079862148049589,1.0,3,PROJECT001C__016.DZT
0.178,0.105,2.8366215715718264,3.0814592545758863,1.0,3,PROJECT001C__016.DZT
0.178,0.11,2.8366215715718264,3.082874099574012,1.0,3,PROJECT001C__016.DZT
0.178,0.115,2.8366215715718264,3.084280577280102,1.0,3,PROJECT001C__016.DZT
0.178,0.12000000000000001,2.8366215715718264,3.085830835245724,1.0,3,PROJECT001C__016.DZT
0.178,0.125,2.8366215715718264,3.0873285419758214,1.0,3,PROJECT001C__016.DZT
0.178,0.13,2.8366215715718264,3.0887218182980134,1.0,3,PROJECT001C__016.DZT
0.178,0.135,2.8366215715718264,3.0900437819450493,1.0,3,PROJECT001C__016.DZT
0.178,0.14,2.8366215715718264,3.0913891636334845,1.0,3,PROJECT001C__016.DZT
0.178,0.14500000000000002,2.8366215715718264,3.092859012005849,1.0,3,PROJECT001C__016.DZT
0.178,0.15000000000000002,2.8366215715718264,3.094235177820418,1.0,3,PROJECT001C__016.DZT
0.178,0.15500000000000003,2.8366215715718264,3.095612771742955,1.0,3,PROJECT001C__016.DZT
0.178,0.15999999999999998,2.8366215715718264,3.0969779255058607,1.0,3,PROJECT001C__016.DZT
0.178,0.16499999999999998,2.8366215715718264,3.0981850245332314,1.0,3,PROJECT001C__016.DZT
0.178,0.16999999999999998,2.8366215715718264,3.099286320416591,1.0,3,PROJECT001C__016.DZT
0.178,0.175,2.8366215715718264,3.1004936685382956,1.0,3,PROJECT001C__016.DZT
0.178,0.18,2.8366215715718264,3.101696090293455,1.0,3,PROJECT001C__016.DZT
0.178,0.185,2.8366215715718264,3.1028082148584413,1.0,3,PROJECT001C__016.DZT
0.178,0.19,2.8366215715718264,3.104011649197146,1.0,3,PROJECT001C__016.DZT
0.178,0.195,2.8366215715718264,3.1051529239930704,1.0,3,PROJECT001C__016.DZT
0.178,0.2,2.8366215715718264,3.106238822395619,1.0,3,PROJECT001C__016.DZT
0.178,0.20500000000000002,2.8366215715718264,3.107539987017525,1.0,3,PROJECT001C__016.DZT
0.178,0.21000000000000002,2.8366215715718264,3.10884582089392,1.0,3,PROJECT001C__016.DZT
0.178,0.21500000000000002,2.8366215715718264,3.109938115248547,1.0,3,PROJECT001C__016.DZT
0.178,0.22000000000000003,2.8366215715718264,3.1107613392087465,1.0,3,PROJECT001C__016.DZT
0.178,0.22500000000000003,2.8366215715718264,3.1116238976608535,1.0,3,PROJECT001C__016.DZT
0.178,0.23000000000000004,2.8366215715718264,3.112570745603735,1.0,3,PROJECT001C__016.DZT
0.178,0.23500000000000004,2.8366215715718264,3.1134188638520057,1.0,3,PROJECT001C__016.DZT
0.178,0.24,2.8366215715718264,3.114151126650993,1.0,3,PROJECT001C__016.DZT
0.178,0.245,2.8366215715718264,3.1149624243711713,1.0,3,PROJECT001C__016.DZT
0.178,0.25,2.8366215715718264,3.115867204671401,1.0,3,PROJECT001C__016.DZT
0.18,-0.05,2.7739357368420294,3.029152063112246,1.0,3,PROJECT001C__016.DZT
0.18,-0.045000000000000005,2.7739357368420294,3.0304917440502943,1.0,3,PROJECT001C__016.DZT
0.18,-0.04,2.7739357368420294,3.031993832163506,1.0,3,PROJECT001C__016.DZT
0.18,-0.035,2.7739357368420294,3.033373911257058,1.0,3,PROJECT001C__016.DZT
0.18,-0.030000000000000002,2.7739357368420294,3.034712721070941,1.0,3,PROJECT001C__016.DZT
0.18,-0.025,2.7739357368420294,3.0361950716161696,1.0,3,PROJECT001C__016.DZT
0.18,-0.020000000000000004,2.7739357368420294,3.0376856421245955,1.0,3,PROJECT001C__016.DZT
0.18,-0.015,2.7739357368420294,3.0391750952938335,1.0,3,PROJECT001C__016.DZT
0.18,-0.010000000000000002,2.7739357368420294,3.040723117181173,1.0,3,PROJECT001C__016.DZT
0.18,-0.0050000000000000044,2.7739357368420294,3.0421900933369255,1.0,3,PROJECT001C__016.DZT
0.18,0.0,2.7739357368420294,3.043666888383994,1.0,3,PROJECT001C__016.DZT
0.18,0.0049999999999999975,2.7739357368420294,3.0451972338553155,1.0,3,PROJECT001C__016.DZT
0.18,0.009999999999999995,2.7739357368420294,3.04661688413516,1.0,3,PROJECT001C__016.DZT
0.18,0.015,2.7739357368420294,3.048057383528914,1.0,3,PROJECT001C__016.DZT
0.18,0.020000000000000004,2.7739357368420294,3.0496376915843713,1.0,3,PROJECT001C__016.DZT
0.18,0.024999999999999994,2.7739357368420294,3.0511552079210253,1.0,3,PROJECT001C__016.DZT
0.18,0.03,2.7739357368420294,3.0526517066826755,1.0,3,PROJECT001C__016.DZT
0.18,0.035,2.7739357368420294,3.0542464283674184,1.0,3,PROJECT001C__016.DZT
0.18,0.039999999999999994,2.7739357368420294,3.055719075180344,1.0,3,PROJECT001C__016.DZT
0.18,0.045,2.7739357368420294,3.0573504649581973,1.0,3,PROJECT001C__016.DZT
0.18,0.05,2.7739357368420294,3.059050500993442,1.0,3,PROJECT001C__016.DZT
0.18,0.05499999999999999,2.7739357368420294,3.0606641731444046,1.0,3,PROJECT001C__016.DZT
0.18,0.06,2.7739357368420294,3.062193649900563,1.0,3,PROJECT001C__016.DZT
0.18,0.065,2.7739357368420294,3.0637991345576694,1.0,3,PROJECT001C__016.DZT
0.18,0.06999999999999999,2.7739357368420294,3.0652991834038263,1.0,3,PROJECT001C__016.DZT
0.18,0.075,2.7739357368420294,3.066786559765612,1.0,3,PROJECT001C__016.DZT
0.18,0.08,2.7739357368420294,3.0683370253111097,1.0,3,PROJECT001C__016.DZT
0.18,0.085,2.7739357368420294,3.0699197841241617,1.0,3,PROJECT001C__016.DZT
0.18,0.09000000000000001,2.7739357368420294,3.071478566171143,1.0,3,PROJECT001C__016.DZT
0.18,0.09499999999999999,2.7739357368420294,3.0729975604176283,1.0,3,PROJECT001C__016.DZT
0.18,0.09999999999999999,2.7739357368420294,3.0745517966502818,1.0,3,PROJECT001C__016.DZT
0.18,0.105,2.7739357368420294,3.0761516387130547,1.0,3,PROJECT001C__016.DZT
0.18,0.11,2.7739357368420294,3.077799272503523,1.0,3,PROJECT001C__016.DZT
0.18,0.115,2.7739357368420294,3.0794936585403168,1.0,3,PROJECT001C__016.DZT
0.18,0.12000000000000001,2.7739357368420294,3.081041286442725,1.0,3,PROJECT001C__016.DZT
0.18,0.125,2.7739357368420294,3.0824812313876997,1.0,3,PROJECT001C__016.DZT
0.18,0.13,2.7739357368420294,3.084055688175672,1.0,3,PROJECT001C__016.DZT
0.18,0.135,2.7739357368420294,3.085709158212117,1.0,3,PROJECT001C__016.DZT
0.18,0.14,2.7739357368420294,3.087239093971228,1.0,3,PROJECT001C__016.DZT
0.18,0.14500000000000002,2.7739357368420294,3.0888131777661516,1.0,3,PROJECT001C__016.DZT
0.18,0.15000000000000002,2.7739357368420294,3.0902641786028084,1.0,3,PROJECT001C__016.DZT
0.18,0.15500000000000003,2.7739357368420294,3.091523930424215,1.0,3,PROJECT001C__016.DZT
0.18,0.15999999999999998,2.7739357368420294,3.0929007098438235,1.0,3,PROJECT001C__016.DZT
0.18,0.16499999999999998,2.7739357368420294,3.094241658515646,1.0,3,PROJECT001C__016.DZT
0.18,0.16999999999999998,2.7739357368420294,3.0956047946813254,1.0,3,PROJECT001C__016.DZT
0.18,0.175,2.7739357368420294,3.097001153252075,1.0,3,PROJECT001C__016.DZT
0.18,0.18,2.7739357368420294,3.098209978333323,1.0,3,PROJECT001C__016.DZT
0.18,0.185,2.7739357368420294,3.099467520789845,1.0,3,PROJECT001C__016.DZT
0.18,0.19,2.7739357368420294,3.100805031437842,1.0,3,PROJECT001C__016.DZT
0.18,0.195,2.7739357368420294,3.102109992436013,1.0,3,PROJECT001C__016.DZT
0.18,0.2,2.7739357368420294,3.1033977577498386,1.0,3,PROJECT001C__016.DZT
0.18,0.20500000000000002,2.7739357368420294,3.104630594504286,1.0,3,PROJECT001C__016.DZT
0.18,0.21000000000000002,2.7739357368420294,3.105630247904179,1.0,3,PROJECT001C__016.DZT
0.18,0.21500000000000002,2.7739357368420294,3.1067527087459763,1.0,3,PROJECT001C__016.DZT
0.18,0.22000000000000003,2.7739357368420294,3.1080127878407673,1.0,3,PROJECT001C__016.DZT
0.18,0.22500000000000003,2.7739357368420294,3.109139474233988,1.0,3,PROJECT001C__016.DZT
0.18,0.23000000000000004,2.7739357368420294,3.1102091210391305,1.0,3,PROJECT001C__016.DZT
0.18,0.23500000000000004,2.7739357368420294,3.111191760627231,1.0,3,PROJECT001C__016.DZT
0.18,0.24,2.7739357368420294,3.1121405791586483,1.0,3,PROJECT001C__016.DZT
0.18,0.245,2.7739357368420294,3.113103760456523,1.0,3,PROJECT001C__016.DZT
0.18,0.25,2.7739357368420294,3.1140594954814325,1.0,3,PROJECT001C__016.DZT
0.182,-0.05,2.713305092189402,3.0246301562122215,1.0,3,PROJECT001C__016.DZT
0.182,-0.045000000000000005,2.713305092189402,3.0259286442252553,1.0,3,PROJECT001C__016.DZT
0.182,-0.04,2.713305092189402,3.027346850800337,1.0,3,PROJECT001C__016.DZT
0.182,-0.035,2.713305092189402,3.0287116479333895,1.0,3,PROJECT001C__016.DZT
0.182,-0.030000000000000002,2.713305092189402,3.030042973074266,1.0,3,PROJECT001C__016.DZT
0.182,-0.025,2.713305092189402,3.0313666809086617,1.0,3,PROJECT001C__016.DZT
0.182,-0.020000000000000004,2.713305092189402,3.0327797035209265,1.0,3,PROJECT001C__016.DZT
0.182,-0.015,2.713305092189402,3.0342523717228738,1.0,3,PROJECT001C__016.DZT
0.182,-0.010000000000000002,2.713305092189402,3.0357152850664186,1.0,3,PROJECT001C__016.DZT
0.182,-0.0050000000000000044,2.713305092189402,3.037077110114366,1.0,3,PROJECT001C__016.DZT
0.182,0.0,2.713305092189402,3.0386174992215302,1.0,3,PROJECT001C__016.DZT
0.182,0.0049999999999999975,2.713305092189402,3.0402491888882515,1.0,3,PROJECT001C__016.DZT
0.182,0.009999999999999995,2.713305092189402,3.041777648272442,1.0,3,PROJECT001C__016.DZT
0.182,0.015,2.713305092189402,3.0432770727959846,1.0,3,PROJECT001C__016.DZT
0.182,0.020000000000000004,2.713305092189402,3.0447947965431204,1.0,3,PROJECT001C__016.DZT
0.182,0.024999999999999994,2.713305092189402,3.046211979583982,1.0,3,PROJECT001C__016.DZT
0.182,0.03,2.713305092189402,3.04775170515008,1.0,3,PROJECT001C__016.DZT
0.182,0.035,2.713305092189402,3.0492305688657115,1.0,3,PROJECT001C__016.DZT
0.182,0.039999999999999994,2.713305092189402,3.0506863102566832,1.0,3,PROJECT001C__016.DZT
0.182,0.045,2.713305092189402,3.052288281243014,1.0,3,PROJECT001C__016.DZT
0.182,0.05,2.713305092189402,3.053899845634381,1.0,3,PROJECT001C__016.DZT
0.182,0.05499999999999999,2.713305092189402,3.055394975701741,1.0,3,PROJECT001C__016.DZT
0.182,0.06,2.713305092189402,3.0570806881950188,1.0,3,PROJECT001C__016.DZT
0.182,0.065,2.713305092189402,3.058732709986661,1.0,3,PROJECT001C__016.DZT
0.182,0.06999999999999999,2.713305092189402,3.0604077550334083,1.0,3,PROJECT001C__016.DZT
0.182,0.075,2.713305092189402,3.0621138722225325,1.0,3,PROJECT001C__016.DZT
0.182,0.08,2.713305092189402,3.0636600222991355,1.0,3,PROJECT001C__016.DZT
0.182,0.085,2.713305092189402,3.0650825238154997,1.0,3,PROJECT001C__016.DZT
0.182,0.09000000000000001,2.713305092189402,3.0666071000802617,1.0,3,PROJECT001C__016.DZT
0.182,0.09499999999999999,2.713305092189402,3.068143675149978,1.0,3,PROJECT001C__016.DZT
0.182,0.09999999999999999,2.713305092189402,3.0697130229484775,1.0,3,PROJECT001C__016.DZT
0.182,0.105,2.713305092189402,3.0712865395490483,1.0,3,PROJECT001C__016.DZT
0.182,0.11,2.713305092189402,3.0728640102816684,1.0,3,PROJECT001C__016.DZT
0.182,0.115,2.713305092189402,3.074524790969304,1.0,3,PROJECT001C__016.DZT
0.182,0.12000000000000001,2.713305092189402,3.076141832175036,1.0,3,PROJECT001C__016.DZT
0.182,0.125,2.713305092189402,3.0777259640235877,1.0,3,PROJECT001C__016.DZT
0.182,0.13,2.713305092189402,3.0794800810187843,1.0,3,PROJECT001C__016.DZT
0.182,0.135,2.713305092189402,3.0810211165818804,1.0,3,PROJECT001C__016.DZT
0.182,0.14,2.713305092189402,3.08243367443181,1.0,3,PROJECT001C__016.DZT
0.182,0.14500000000000002,2.713305092189402,3.083923075664615,1.0,3,PROJECT001C__016.DZT
0.182,0.15000000000000002,2.713305092189402,3.085542424038866,1.0,3,PROJECT001C__016.DZT
0.182,0.15500000000000003,2.713305092189402,3.0872483180291255,1.0,3,PROJECT001C__016.DZT
0.182,0.15999999999999998,2.713305092189402,3.0888916526166486,1.0,3,PROJECT001C__016.DZT
0.182,0.16499999999999998,2.713305092189402,3.090418951385827,1.0,3,PROJECT001C__016.DZT
0.182,0.16999999999999998,2.713305092189402,3.091872386673748,1.0,3,PROJECT001C__016.DZT
0.182,0.175,2.713305092189402,3.093275421361568,1.0,3,PROJECT001C__016.DZT
0.182,0.18,2.713305092189402,3.094642906868551,1.0,3,PROJECT001C__016.DZT
0.182,0.185,2.713305092189402,3.0959551787187984,1.0,3,PROJECT001C__016.DZT
0.182,0.19,2.713305092189402,3.0972375059995145,1.0,3,PROJECT001C__016.DZT
0.182,0.195,2.713305092189402,3.098466415274212,1.0,3,PROJECT001C__016.DZT
0.182,0.2,2.713305092189402,3.099713739095811,1.0,3,PROJECT001C__016.DZT
0.182,0.20500000000000002,2.713305092189402,3.1009891894494577,1.0,3,PROJECT001C__016.DZT
0.182,0.21000000000000002,2.713305092189402,3.102511156195536,1.0,3,PROJECT001C__016.DZT
0.182,0.21500000000000002,2.713305092189402,3.1039470231559627,1.0,3,PROJECT001C__016.DZT
0.182,0.22000000000000003,2.713305092189402,3.1052063776373586,1.0,3,PROJECT001C__016.DZT
0.182,0.22500000000000003,2.713305092189402,3.106428567557469,1.0,3,PROJECT001C__016.DZT
0.182,0.23000000000000004,2.713305092189402,3.1075770126283584,1.0,3,PROJECT001C__016.DZT
0.182,0.23500000000000004,2.713305092189402,3.1086954461059744,1.0,3,PROJECT001C__016.DZT
0.182,0.24,2.713305092189402,3.1098675063320513,1.0,3,PROJECT001C__016.DZT
0.182,0.245,2.713305092189402,3.110770852419396,1.0,3,PROJECT001C__016.DZT
0.182,0.25,2.713305092189402,3.1116182018270524,1.0,3,PROJECT001C__016.DZT
0.184,-0.05,2.654640768953266,3.019905672197106,1.0,3,PROJECT001C__016.DZT
0.184,-0.045000000000000005,2.654640768953266,3.0213248212090575,1.0,3,PROJECT001C__016.DZT
0.184,-0.04,2.654640768953266,3.0227268575760315,1.0,3,PROJECT001C__016.DZT
0.184,-0.035,2.654640768953266,3.0241768291393822,1.0,3,PROJECT001C__016.DZT
0.184,-0.030000000000000002,2.654640768953266,3.025649442135625,1.0,3,PROJECT001C__016.DZT
0.184,-0.025,2.654640768953266,3.02707701987698,1.0,3,PROJECT001C__016.DZT
0.184,-0.020000000000000004,2.654640768953266,3.028397526859577,1.0,3,PROJECT001C__016.DZT
0.184,-0.015,2.654640768953266,3.0297815801708565,1.0,3,PROJECT001C__016.DZT
0.184,-0.010000000000000002,2.654640768953266,3.0311628145383605,1.0,3,PROJECT001C__016.DZT
0.184,-0.0050000000000000044,2.654640768953266,3.0325774734838213,1.0,3,PROJECT001C__016.DZT
0.184,0.0,2.654640768953266,3.0339350152913114,1.0,3,PROJECT001C__016.DZT
0.184,0.0049999999999999975,2.654640768953266,3.035348634738213,1.0,3,PROJECT001C__016.DZT
0.184,0.009999999999999995,2.654640768953266,3.0368008333626264,1.0,3,PROJECT001C__016.DZT
0.184,0.015,2.654640768953266,3.038344534941574,1.0,3,PROJECT001C__016.DZT
0.184,0.020000000000000004,2.654640768953266,3.0398443678562774,1.0,3,PROJECT001C__016.DZT
0.184,0.024999999999999994,2.654640768953266,3.041403317792535,1.0,3,PROJECT001C__016.DZT
0.184,0.03,2.654640768953266,3.0430558475876546,1.0,3,PROJECT001C__016.DZT
0.184,0.035,2.654640768953266,3.044659707180887,1.0,3,PROJECT001C__016.DZT
0.184,0.039999999999999994,2.654640768953266,3.046109872717738,1.0,3,PROJECT001C__016.DZT
0.184,0.045,2.654640768953266,3.047579785501308,1.0,3,PROJECT001C__016.DZT
0.184,0.05,2.654640768953266,3.0490545136760425,1.0,3,PROJECT001C__016.DZT
0.184,0.05499999999999999,2.654640768953266,3.050646252256506,1.0,3,PROJECT001C__016.DZT
0.184,0.06,2.654640768953266,3.0521725938518647,1.0,3,PROJECT001C__016.DZT
0.184,0.065,2.654640768953266,3.053635983844988,1.0,3,PROJECT001C__016.DZT
0.184,0.06999999999999999,2.654640768953266,3.0552784506502846,1.0,3,PROJECT001C__016.DZT
0.184,0.075,2.654640768953266,3.0569629546962833,1.0,3,PROJECT001C__016.DZT
0.184,0.08,2.654640768953266,3.0585683221882305,1.0,3,PROJECT001C__016.DZT
0.184,0.085,2.654640768953266,3.060335964069006,1.0,3,PROJECT001C__016.DZT
0.184,0.09000000000000001,2.654640768953266,3.062108855041211,1.0,3,PROJECT001C__016.DZT
0.184,0.09499999999999999,2.654640768953266,3.0637142335572722,1.0,3,PROJECT001C__016.DZT
0.184,0.09999999999999999,2.654640768953266,3.0652943233746197,1.0,3,PROJECT001C__016.DZT
0.184,0.105,2.654640768953266,3.066736488055609,1.0,3,PROJECT001C__016.DZT
0.184,0.11,2.654640768953266,3.068218072165769,1.0,3,PROJECT001C__016.DZT
0.184,0.115,2.654640768953266,3.0698142203471335,1.0,3,PROJECT001C__016.DZT
0.184,0.12000000000000001,2.654640768953266,3.0713608321298516,1.0,3,PROJECT001C__016.DZT
0.184,0.125,2.654640768953266,3.0729445057459372,1.0,3,PROJECT001C__016.DZT
0.184,0.13,2.654640768953266,3.0745737893413967,1.0,3,PROJECT001C__016.DZT
0.184,0.135,2.654640768953266,3.0762216450381867,1.0,3,PROJECT001C__016.DZT
0.184,0.14,2.654640768953266,3.0779636552749445,1.0,3,PROJECT001C__016.DZT
0.184,0.14500000000000002,2.654640768953266,3.079691019397313,1.0,3,PROJECT001C__016.DZT
0.184,0.15000000000000002,2.654640768953266,3.0812113851771605,1.0,3,PROJECT001C__016.DZT
0.184,0.15500000000000003,2.654640768953266,3.082755593554026,1.0,3,PROJECT001C__016.DZT
0.184,0.15999999999999998,2.654640768953266,3.0842086758597245,1.0,3,PROJECT001C__016.DZT
0.184,0.16499999999999998,2.654640768953266,3.085716049055842,1.0,3,PROJECT001C__016.DZT
0.184,0.16999999999999998,2.654640768953266,3.087363712443793,1.0,3,PROJECT001C__016.DZT
0.184,0.175,2.654640768953266,3.0890894364070154,1.0,3,PROJECT001C__016.DZT
0.184,0.18,2.654640768953266,3.0906844811990872,1.0,3,PROJECT001C__016.DZT
0.184,0.185,2.654640768953266,3.0921580974424585,1.0,3,PROJECT001C__016.DZT
0.184,0.19,2.654640768953266,3.0936759366110067,1.0,3,PROJECT001C__016.DZT
0.184,0.195,2.654640768953266,3.0952191282086123,1.0,3,PROJECT001C__016.DZT
0.184,0.2,2.654640768953266,3.096494985323,1.0,3,PROJECT001C__016.DZT
0.184,0.20500000000000002,2.654640768953266,3.097851467068271,1.0,3,PROJECT001C__016.DZT
0.184,0.21000000000000002,2.654640768953266,3.099064130006818,1.0,3,PROJECT001C__016.DZT
0.184,0.21500000000000002,2.654640768953266,3.100190209360024,1.0,3,PROJECT001C__016.DZT
0.184,0.22000000000000003,2.654640768953266,3.1015262342801386,1.0,3,PROJECT001C__016.DZT
0.184,0.22500000000000003,2.654640768953266,3.103011005953857,1.0,3,PROJECT001C__016.DZT
0.184,0.23000000000000004,2.654640768953266,3.1044132157765794,1.0,3,PROJECT001C__016.DZT
0.184,0.23500000000000004,2.654640768953266,3.105828389080973,1.0,3,PROJECT001C__016.DZT
0.184,0.24,2.654640768953266,3.107135952490545,1.0,3,PROJECT001C__016.DZT
0.184,0.245,2.654640768953266,3.108421937094658,1.0,3,PROJECT001C__016.DZT
0.184,0.25,2.654640768953266,3.1096729815515647,1.0,3,PROJECT001C__016.DZT
0.186,-0.05,2.5978586505284356,3.0156921900304803,1.0,3,PROJECT001C__016.DZT
0.186,-0.045000000000000005,2.5978586505284356,3.017032590103318,1.0,3,PROJECT001C__016.DZT
0.186,-0.04,2.5978586505284356,3.0183969387262004,1.0,3,PROJECT001C__016.DZT
0.186,-0.035,2.5978586505284356,3.019737483598858,1.0,3,PROJECT001C__016.DZT
0.186,-0.030000000000000002,2.5978586505284356,3.02103703048174,1.0,3,PROJECT001C__016.DZT
0.186,-0.025,2.5978586505284356,3.0224355537903063,1.0,3,PROJECT001C__016.DZT
0.186,-0.020000000000000004,2.5978586505284356,3.0239395155774482,1.0,3,PROJECT001C__016.DZT
0.186,-0.015,2.5978586505284356,3.0253965310231994,1.0,3,PROJECT001C__016.DZT
0.186,-0.010000000000000002,2.5978586505284356,3.026823939895023,1.0,3,PROJECT001C__016.DZT
0.186,-0.0050000000000000044,2.5978586505284356,3.028300213579391,1.0,3,PROJECT001C__016.DZT
0.186,0.0,2.5978586505284356,3.029739001613238,1.0,3,PROJECT001C__016.DZT
0.186,0.0049999999999999975,2.5978586505284356,3.031121502009107,1.0,3,PROJECT001C__016.DZT
0.186,0.009999999999999995,2.5978586505284356,3.0324436796859318,1.0,3,PROJECT001C__016.DZT
0.186,0.015,2.5978586505284356,3.03392438091763,1.0,3,PROJECT001C__016.DZT
0.186,0.020000000000000004,2.5978586505284356,3.0353837592929733,1.0,3,PROJECT001C__016.DZT
0.186,0.024999999999999994,2.5978586505284356,3.03681644639054,1.0,3,PROJECT001C__016.DZT
0.186,0.03,2.5978586505284356,3.0381907278264664,1.0,3,PROJECT001C__016.DZT
0.186,0.035,2.5978586505284356,3.0397252299979143,1.0,3,PROJECT001C__016.DZT
0.186,0.039999999999999994,2.5978586505284356,3.0413815752052558,1.0,3,PROJECT001C__016.DZT
0.186,0.045,2.5978586505284356,3.042931389778726,1.0,3,PROJECT001C__016.DZT
0.186,0.05,2.5978586505284356,3.0445099820821926,1.0,3,PROJECT001C__016.DZT
0.186,0.05499999999999999,2.5978586505284356,3.0461763715126247,1.0,3,PROJECT001C__016.DZT
0.186,0.06,2.5978586505284356,3.047710643010978,1.0,3,PROJECT001C__016.DZT
0.186,0.065,2.5978586505284356,3.0491505203068114,1.0,3,PROJECT001C__016.DZT
0.186,0.06999999999999999,2.5978586505284356,3.050661778788681,1.0,3,PROJECT001C__016.DZT
0.186,0.075,2.5978586505284356,3.0522409090002234,1.0,3,PROJECT001C__016.DZT
0.186,0.08,2.5978586505284356,3.0538648227570326,1.0,3,PROJECT001C__016.DZT
0.186,0.085,2.5978586505284356,3.0554254405139143,1.0,3,PROJECT001C__016.DZT
0.186,0.09000000000000001,2.5978586505284356,3.0569343111680136,1.0,3,PROJECT001C__016.DZT
0.186,0.09499999999999999,2.5978586505284356,3.0586598335658963,1.0,3,PROJECT001C__016.DZT
0.186,0.09999999999999999,2.5978586505284356,3.06049792146848,1.0,3,PROJECT001C__016.DZT
0.186,0.105,2.5978586505284356,3.0622119476040637,1.0,3,PROJECT001C__016.DZT
0.186,0.11,2.5978586505284356,3.063909372858299,1.0,3,PROJECT001C__016.DZT
0.186,0.115,2.5978586505284356,3.0655683281323864,1.0,3,PROJECT001C__016.DZT
0.186,0.12000000000000001,2.5978586505284356,3.067076689999619,1.0,3,PROJECT001C__016.DZT
0.186,0.125,2.5978586505284356,3.0686272159794767,1.0,3,PROJECT001C__016.DZT
0.186,0.13,2.5978586505284356,3.0701062272250437,1.0,3,PROJECT001C__016.DZT
0.186,0.135,2.5978586505284356,3.0717450581852663,1.0,3,PROJECT001C__016.DZT
0.186,0.14,2.5978586505284356,3.0733902516098426,1.0,3,PROJECT001C__016.DZT
0.186,0.14500000000000002,2.5978586505284356,3.07490014319472,1.0,3,PROJECT001C__016.DZT
0.186,0.15000000000000002,2.5978586505284356,3.0765691942298674,1.0,3,PROJECT001C__016.DZT
0.186,0.15500000000000003,2.5978586505284356,3.0783026605653703,1.0,3,PROJECT001C__016.DZT
0.186,0.15999999999999998,2.5978586505284356,3.080054442709842,1.0,3,PROJECT001C__016.DZT
0.186,0.16499999999999998,2.5978586505284356,3.081694365140001,1.0,3,PROJECT001C__016.DZT
0.186,0.16999999999999998,2.5978586505284356,3.0831961334366498,1.0,3,PROJECT001C__016.DZT
0.186,0.175,2.5978586505284356,3.084668283515144,1.0,3,PROJECT001C__016.DZT
0.186,0.18,2.5978586505284356,3.0862866114960075,1.0,3,PROJECT001C__016.DZT
0.186,0.185,2.5978586505284356,3.0878760794702003,1.0,3,PROJECT001C__016.DZT
0.186,0.19,2.5978586505284356,3.0895402551670608,1.0,3,PROJECT001C__016.DZT
0.186,0.195,2.5978586505284356,3.0911007853696923,1.0,3,PROJECT001C__016.DZT
0.186,0.2,2.5978586505284356,3.0926572731258717,1.0,3,PROJECT001C__016.DZT
0.186,0.20500000000000002,2.5978586505284356,3.0942107384143323,1.0,3,PROJECT001C__016.DZT
0.186,0.21000000000000002,2.5978586505284356,3.0956535278150192,1.0,3,PROJECT001C__016.DZT
0.186,0.21500000000000002,2.5978586505284356,3.0971834668393883,1.0,3,PROJECT001C__016.DZT
0.186,0.22000000000000003,2.5978586505284356,3.0985983867349582,1.0,3,PROJECT001C__016.DZT
0.186,0.22500000000000003,2.5978586505284356,3.09976162131775,1.0,3,PROJECT001C__016.DZT
0.186,0.23000000000000004,2.5978586505284356,3.1010267639319893,1.0,3,PROJECT001C__016.DZT
0.186,0.23500000000000004,2.5978586505284356,3.102413473469944,1.0,3,PROJECT001C__016.DZT
0.186,0.24,2.5978586505284356,3.1037758717801442,1.0,3,PROJECT001C__016.DZT
0.186,0.245,2.5978586505284356,3.1051714243067097,1.0,3,PROJECT001C__016.DZT
0.186,0.25,2.5978586505284356,3.1065156334858095,1.0,3,PROJECT001C__016.DZT
0.188,-0.05,2.542879070667772,3.0116584994976114,1.0,3,PROJECT001C__016.DZT
0.188,-0.045000000000000005,2.542879070667772,3.0130215503575215,1.0,3,PROJECT001C__016.DZT
0.188,-0.04,2.542879070667772,3.0143303947572684,1.0,3,PROJECT001C__016.DZT
0.188,-0.035,2.542879070667772,3.0157467979660204,1.0,3,PROJECT001C__016.DZT
0.188,-0.030000000000000002,2.542879070667772,3.0170442971055116,1.0,3,PROJECT001C__016.DZT
0.188,-0.025,2.542879070667772,3.0183472494779573,1.0,3,PROJECT001C__016.DZT
0.188,-0.020000000000000004,2.542879070667772,3.0196384143046733,1.0,3,PROJECT001C__016.DZT
0.188,-0.015,2.542879070667772,3.0211013645991245,1.0,3,PROJECT001C__016.DZT
0.188,-0.010000000000000002,2.542879070667772,3.022501125088855,1.0,3,PROJECT001C__016.DZT
0.188,-0.0050000000000000044,2.542879070667772,3.0238843765756727,1.0,3,PROJECT001C__016.DZT
0.188,0.0,2.542879070667772,3.025304169296648,1.0,3,PROJECT001C__016.DZT
0.188,0.0049999999999999975,2.542879070667772,3.0268127150925594,1.0,3,PROJECT001C__016.DZT
0.188,0.009999999999999995,2.542879070667772,3.0283106330131466,1.0,3,PROJECT001C__016.DZT
0.188,0.015,2.542879070667772,3.0297624767582576,1.0,3,PROJECT001C__016.DZT
0.188,0.020000000000000004,2.542879070667772,3.0311882442522733,1.0,3,PROJECT001C__016.DZT
0.188,0.024999999999999994,2.542879070667772,3.032626623137956,1.0,3,PROJECT001C__016.DZT
0.188,0.03,2.542879070667772,3.034064288765563,1.0,3,PROJECT001C__016.DZT
0.188,0.035,2.542879070667772,3.0354634114994963,1.0,3,PROJECT001C__016.DZT
0.188,0.039999999999999994,2.542879070667772,3.036981331879305,1.0,3,PROJECT001C__016.DZT
0.188,0.045,2.542879070667772,3.038455894862029,1.0,3,PROJECT001C__016.DZT
0.188,0.05,2.542879070667772,3.039961091082013,1.0,3,PROJECT001C__016.DZT
0.188,0.05499999999999999,2.542879070667772,3.0414375275663006,1.0,3,PROJECT001C__016.DZT
0.188,0.06,2.542879070667772,3.0430631815121676,1.0,3,PROJECT001C__016.DZT
0.188,0.065,2.542879070667772,3.044742787071769,1.0,3,PROJECT001C__016.DZT
0.188,0.06999999999999999,2.542879070667772,3.046332008950888,1.0,3,PROJECT001C__016.DZT
0.188,0.075,2.542879070667772,3.047880937156132,1.0,3,PROJECT001C__016.DZT
0.188,0.08,2.542879070667772,3.049437553831993,1.0,3,PROJECT001C__016.DZT
0.188,0.085,2.542879070667772,3.0510021227517456,1.0,3,PROJECT001C__016.DZT
0.188,0.09000000000000001,2.542879070667772,3.0525401114936295,1.0,3,PROJECT001C__016.DZT
0.188,0.09499999999999999,2.542879070667772,3.0541164882597176,1.0,3,PROJECT001C__016.DZT
0.188,0.09999999999999999,2.542879070667772,3.055733156845031,1.0,3,PROJECT001C__016.DZT
0.188,0.105,2.542879070667772,3.0574020730934,1.0,3,PROJECT001C__016.DZT
0.188,0.11,2.542879070667772,3.059032009835805,1.0,3,PROJECT001C__016.DZT
0.188,0.115,2.542879070667772,3.060727985727027,1.0,3,PROJECT001C__016.DZT
0.188,0.12000000000000001,2.542879070667772,3.062584992657761,1.0,3,PROJECT001C__016.DZT
0.188,0.125,2.542879070667772,3.0643657061057747,1.0,3,PROJECT001C__016.DZT
0.188,0.13,2.542879070667772,3.0659961471927635,1.0,3,PROJECT001C__016.DZT
0.188,0.135,2.542879070667772,3.0675341459434855,1.0,3,PROJECT001C__016.DZT
0.188,0.14,2.542879070667772,3.0691301172279566,1.0,3,PROJECT001C__016.DZT
0.188,0.14500000000000002,2.542879070667772,3.0707039944992562,1.0,3,PROJECT001C__016.DZT
0.188,0.15000000000000002,2.542879070667772,3.072357087366439,1.0,3,PROJECT001C__016.DZT
0.188,0.15500000000000003,2.542879070667772,3.073912198961939,1.0,3,PROJECT001C__016.DZT
0.188,0.15999999999999998,2.542879070667772,3.0755701705079495,1.0,3,PROJECT001C__016.DZT
0.188,0.16499999999999998,2.542879070667772,3.0772817493069256,1.0,3,PROJECT001C__016.DZT
0.188,0.16999999999999998,2.542879070667772,3.078923741284816,1.0,3,PROJECT001C__016.DZT
0.188,0.175,2.542879070667772,3.0806764146352372,1.0,3,PROJECT001C__016.DZT
0.188,0.18,2.542879070667772,3.0823146046133463,1.0,3,PROJECT001C__016.DZT
0.188,0.185,2.542879070667772,3.0838783784403643,1.0,3,PROJECT001C__016.DZT
0.188,0.19,2.542879070667772,3.0853745331131512,1.0,3,PROJECT001C__016.DZT
0.188,0.195,2.542879070667772,3.0869361821464647,1.0,3,PROJECT001C__016.DZT
0.188,0.2,2.542879070667772,3.088662004942369,1.0,3,PROJECT001C__016.DZT
0.188,0.20500000000000002,2.542879070667772,3.0902933944895223,1.0,3,PROJECT001C__016.DZT
0.188,0.21000000000000002,2.542879070667772,3.09184955630443,1.0,3,PROJECT001C__016.DZT
0.188,0.21500000000000002,2.542879070667772,3.093395515149878,1.0,3,PROJECT001C__016.DZT
0.188,0.22000000000000003,2.542879070667772,3.094912812429912,1.0,3,PROJECT001C__016.DZT
0.188,0.22500000000000003,2.542879070667772,3.0964183573388393,1.0,3,PROJECT001C__016.DZT
0.188,0.23000000000000004,2.542879070667772,3.0979190077252468,1.0,3,PROJECT001C__016.DZT
0.188,0.23500000000000004,2.542879070667772,3.0993063151960905,1.0,3,PROJECT001C__016.DZT
0.188,0.24,2.542879070667772,3.1006583726490136,1.0,3,PROJECT001C__016.DZT
0.188,0.245,2.542879070667772,3.1019655845907983,1.0,3,PROJECT001C__016.DZT
0.188,0.25,2.542879070667772,3.103388601098238,1.0,3,PROJECT001C__016.DZT
0.19,-0.05,2.4896265338970016,3.0075137155520024,1.0,3,PROJECT001C__016.DZT
0.19,-0.045000000000000005,2.4896265338970016,3.008861839705452,1.0,3,PROJECT001C__016.DZT
0.19,-0.04,2.4896265338970016,3.0102073037523076,1.0,3,PROJECT001C__016.DZT
0.19,-0.035,2.4896265338970016,3.011528021738321,1.0,3,PROJECT001C__016.DZT
0.19,-0.030000000000000002,2.4896265338970016,3.0129863155111867,1.0,3,PROJECT001C__016.DZT
0.19,-0.025,2.4896265338970016,3.0144003055451427,1.0,3,PROJECT001C__016.DZT
0.19,-0.020000000000000004,2.4896265338970016,3.0157308937666945,1.0,3,PROJECT001C__016.DZT
0.19,-0.015,2.4896265338970016,3.017135786529933,1.0,3,PROJECT001C__016.DZT
0.19,-0.010000000000000002,2.4896265338970016,3.0185321963282874,1.0,3,PROJECT001C__016.DZT
0.19,-0.0050000000000000044,2.4896265338970016,3.0198935720739097,1.0,3,PROJECT001C__016.DZT
0.19,0.0,2.4896265338970016,3.021217918971781,1.0,3,PROJECT001C__016.DZT
0.19,0.0049999999999999975,2.4896265338970016,3.022598731497428,1.0,3,PROJECT001C__016.DZT
0.19,0.009999999999999995,2.4896265338970016,3.0240968980357934,1.0,3,PROJECT001C__016.DZT
0.19,0.015,2.4896265338970016,3.025562724537675,1.0,3,PROJECT001C__016.DZT
0.19,0.020000000000000004,2.4896265338970016,3.0269959859792066,1.0,3,PROJECT001C__016.DZT
0.19,0.024999999999999994,2.4896265338970016,3.0284523357528133,1.0,3,PROJECT001C__016.DZT
0.19,0.03,2.4896265338970016,3.029994270192604,1.0,3,PROJECT001C__016.DZT
0.19,0.035,2.4896265338970016,3.031461766918562,1.0,3,PROJECT001C__016.DZT
0.19,0.039999999999999994,2.4896265338970016,3.032894374916746,1.0,3,PROJECT001C__016.DZT
0.19,0.045,2.4896265338970016,3.0343305824907953,1.0,3,PROJECT001C__016.DZT
0.19,0.05,2.4896265338970016,3.035833695571693,1.0,3,PROJECT001C__016.DZT
0.19,0.05499999999999999,2.4896265338970016,3.0373243106105967,1.0,3,PROJECT001C__016.DZT
0.19,0.06,2.4896265338970016,3.0387968423957123,1.0,3,PROJECT001C__016.DZT
0.19,0.065,2.4896265338970016,3.0402972428444603,1.0,3,PROJECT001C__016.DZT
0.19,0.06999999999999999,2.4896265338970016,3.041881335114818,1.0,3,PROJECT001C__016.DZT
0.19,0.075,2.4896265338970016,3.043527514377651,1.0,3,PROJECT001C__016.DZT
0.19,0.08,2.4896265338970016,3.045059814618099,1.0,3,PROJECT001C__016.DZT
0.19,0.085,2.4896265338970016,3.046737167330758,1.0,3,PROJECT001C__016.DZT
0.19,0.09000000000000001,2.4896265338970016,3.0484230489913386,1.0,3,PROJECT001C__016.DZT
0.19,0.09499999999999999,2.4896265338970016,3.0498766150912533,1.0,3,PROJECT001C__016.DZT
0.19,0.09999999999999999,2.4896265338970016,3.0514218143921465,1.0,3,PROJECT001C__016.DZT
0.19,0.105,2.4896265338970016,3.05304852695852,1.0,3,PROJECT001C__016.DZT
0.19,0.11,2.4896265338970016,3.0546872794240785,1.0,3,PROJECT001C__016.DZT
0.19,0.115,2.4896265338970016,3.0562661950219265,1.0,3,PROJECT001C__016.DZT
0.19,0.12000000000000001,2.4896265338970016,3.057865143636308,1.0,3,PROJECT001C__016.DZT
0.19,0.125,2.4896265338970016,3.0596092203178564,1.0,3,PROJECT001C__016.DZT
0.19,0.13,2.4896265338970016,3.0614085858978086,1.0,3,PROJECT001C__016.DZT
0.19,0.135,2.4896265338970016,3.0631707318972787,1.0,3,PROJECT001C__016.DZT
0.19,0.14,2.4896265338970016,3.0649193750298127,1.0,3,PROJECT001C__016.DZT
0.19,0.14500000000000002,2.4896265338970016,3.06668896751571,1.0,3,PROJECT001C__016.DZT
0.19,0.15000000000000002,2.4896265338970016,3.0682509986655853,1.0,3,PROJECT001C__016.DZT
0.19,0.15500000000000003,2.4896265338970016,3.069804930432175,1.0,3,PROJECT001C__016.DZT
0.19,0.15999999999999998,2.4896265338970016,3.0713990500679036,1.0,3,PROJECT001C__016.DZT
0.19,0.16499999999999998,2.4896265338970016,3.073118414709036,1.0,3,PROJECT001C__016.DZT
0.19,0.16999999999999998,2.4896265338970016,3.0747901886168125,1.0,3,PROJECT001C__016.DZT
0.19,0.175,2.4896265338970016,3.0763314757358367,1.0,3,PROJECT001C__016.DZT
0.19,0.18,2.4896265338970016,3.0780889986446476,1.0,3,PROJECT001C__016.DZT
0.19,0.185,2.4896265338970016,3.0798809428356146,1.0,3,PROJECT001C__016.DZT
0.19,0.19,2.4896265338970016,3.0815906864953497,1.0,3,PROJECT001C__016.DZT
0.19,0.195,2.4896265338970016,3.0831964310747715,1.0,3,PROJECT001C__016.DZT
0.19,0.2,2.4896265338970016,3.084749379499844,1.0,3,PROJECT001C__016.DZT
0.19,0.20500000000000002,2.4896265338970016,3.086321760753192,1.0,3,PROJECT001C__016.DZT
0.19,0.21000000000000002,2.4896265338970016,3.0879030219001273,1.0,3,PROJECT001C__016.DZT
0.19,0.21500000000000002,2.4896265338970016,3.0895479340560796,1.0,3,PROJECT001C__016.DZT
0.19,0.22000000000000003,2.4896265338970016,3.091223323606556,1.0,3,PROJECT001C__016.DZT
0.19,0.22500000000000003,2.4896265338970016,3.0928437863178395,1.0,3,PROJECT001C__016.DZT
0.19,0.23000000000000004,2.4896265338970016,3.0943292961328326,1.0,3,PROJECT001C__016.DZT
0.19,0.23500000000000004,2.4896265338970016,3.0958725862659207,1.0,3,PROJECT001C__016.DZT
0.19,0.24,2.4896265338970016,3.097415082281508,1.0,3,PROJECT001C__016.DZT
0.19,0.245,2.4896265338970016,3.0989202871709796,1.0,3,PROJECT001C__016.DZT
0.19,0.25,2.4896265338970016,3.100239184474756,1.0,3,PROJECT001C__016.DZT
0.192,-0.05,2.438029456208815,3.0035918997120166,1.0,3,PROJECT001C__016.DZT
0.192,-0.045000000000000005,2.438029456208815,3.004993523099826,1.0,3,PROJECT001C__016.DZT
0.192,-0.04,2.438029456208815,3.0063212991509833,1.0,3,PROJECT001C__016.DZT
0.192,-0.035,2.438029456208815,3.007619387835104,1.0,3,PROJECT001C__016.DZT
0.192,-0.030000000000000002,2.438029456208815,3.0089347002904163,1.0,3,PROJECT001C__016.DZT
0.192,-0.025,2.438029456208815,3.010286718661328,1.0,3,PROJECT001C__016.DZT
0.192,-0.020000000000000004,2.438029456208815,3.011659296634875,1.0,3,PROJECT001C__016.DZT
0.192,-0.015,2.438029456208815,3.013082968262122,1.0,3,PROJECT001C__016.DZT
0.192,-0.010000000000000002,2.438029456208815,3.014502273755449,1.0,3,PROJECT001C__016.DZT
0.192,-0.0050000000000000044,2.438029456208815,3.0159663197665156,1.0,3,PROJECT001C__016.DZT
0.192,0.0,2.438029456208815,3.0173250538359118,1.0,3,PROJECT001C__016.DZT
0.192,0.0049999999999999975,2.438029456208815,3.0187109152456473,1.0,3,PROJECT001C__016.DZT
0.192,0.009999999999999995,2.438029456208815,3.020160101130052,1.0,3,PROJECT001C__016.DZT
0.192,0.015,2.438029456208815,3.0216087216704763,1.0,3,PROJECT001C__016.DZT
0.192,0.020000000000000004,2.438029456208815,3.0230209080649586,1.0,3,PROJECT001C__016.DZT
0.192,0.024999999999999994,2.438029456208815,3.02441756223128,1.0,3,PROJECT001C__016.DZT
0.192,0.03,2.438029456208815,3.025864953567517,1.0,3,PROJECT001C__016.DZT
0.192,0.035,2.438029456208815,3.0274037275549985,1.0,3,PROJECT001C__016.DZT
0.192,0.039999999999999994,2.438029456208815,3.0288911685305635,1.0,3,PROJECT001C__016.DZT
0.192,0.045,2.438029456208815,3.030396105260403,1.0,3,PROJECT001C__016.DZT
0.192,0.05,2.438029456208815,3.0319165559117778,1.0,3,PROJECT001C__016.DZT
0.192,0.05499999999999999,2.438029456208815,3.033389693815329,1.0,3,PROJECT001C__016.DZT
0.192,0.06,2.438029456208815,3.034801683154079,1.0,3,PROJECT001C__016.DZT
0.192,0.065,2.438029456208815,3.0362910304177078,1.0,3,PROJECT001C__016.DZT
0.192,0.06999999999999999,2.438029456208815,3.037828000869233,1.0,3,PROJECT001C__016.DZT
0.192,0.075,2.438029456208815,3.0393824439231842,1.0,3,PROJECT001C__016.DZT
0.192,0.08,2.438029456208815,3.040868120064042,1.0,3,PROJECT001C__016.DZT
0.192,0.085,2.438029456208815,3.0424131091590483,1.0,3,PROJECT001C__016.DZT
0.192,0.09000000000000001,2.438029456208815,3.0440725082320306,1.0,3,PROJECT001C__016.DZT
0.192,0.09499999999999999,2.438029456208815,3.0457245642063384,1.0,3,PROJECT001C__016.DZT
0.192,0.09999999999999999,2.438029456208815,3.0474063935518103,1.0,3,PROJECT001C__016.DZT
0.192,0.105,2.438029456208815,3.0490411148083125,1.0,3,PROJECT001C__016.DZT
0.192,0.11,2.438029456208815,3.0505865519470716,1.0,3,PROJECT001C__016.DZT
0.192,0.115,2.438029456208815,3.0521600172422017,1.0,3,PROJECT001C__016.DZT
0.192,0.12000000000000001,2.438029456208815,3.0537056390838284,1.0,3,PROJECT001C__016.DZT
0.192,0.125,2.438029456208815,3.055391731097956,1.0,3,PROJECT001C__016.DZT
0.192,0.13,2.438029456208815,3.057040059396756,1.0,3,PROJECT001C__016.DZT
0.192,0.135,2.438029456208815,3.058684129842159,1.0,3,PROJECT001C__016.DZT
0.192,0.14,2.438029456208815,3.060351213266715,1.0,3,PROJECT001C__016.DZT
0.192,0.14500000000000002,2.438029456208815,3.0621275717595764,1.0,3,PROJECT001C__016.DZT
0.192,0.15000000000000002,2.438029456208815,3.0640584733384757,1.0,3,PROJECT001C__016.DZT
0.192,0.15500000000000003,2.438029456208815,3.0658349724912406,1.0,3,PROJECT001C__016.DZT
0.192,0.15999999999999998,2.438029456208815,3.067467097240671,1.0,3,PROJECT001C__016.DZT
0.192,0.16499999999999998,2.438029456208815,3.06914704186821,1.0,3,PROJECT001C__016.DZT
0.192,0.16999999999999998,2.438029456208815,3.0707425971682922,1.0,3,PROJECT001C__016.DZT
0.192,0.175,2.438029456208815,3.0723299587494224,1.0,3,PROJECT001C__016.DZT
0.192,0.18,2.438029456208815,3.0740364880688573,1.0,3,PROJECT001C__016.DZT
0.192,0.185,2.438029456208815,3.075755295877713,1.0,3,PROJECT001C__016.DZT
0.192,0.19,2.438029456208815,3.0774084450942554,1.0,3,PROJECT001C__016.DZT
0.192,0.195,2.438029456208815,3.0791404125009816,1.0,3,PROJECT001C__016.DZT
0.192,0.2,2.438029456208815,3.080910848021384,1.0,3,PROJECT001C__016.DZT
0.192,0.20500000000000002,2.438029456208815,3.082705925131601,1.0,3,PROJECT001C__016.DZT
0.192,0.21000000000000002,2.438029456208815,3.0843957577470746,1.0,3,PROJECT001C__016.DZT
0.192,0.21500000000000002,2.438029456208815,3.0858837476045466,1.0,3,PROJECT001C__016.DZT
0.192,0.22000000000000003,2.438029456208815,3.0874741352601105,1.0,3,PROJECT001C__016.DZT
0.192,0.22500000000000003,2.438029456208815,3.08909725764089,1.0,3,PROJECT001C__016.DZT
0.192,0.23000000000000004,2.438029456208815,3.0907856256133024,1.0,3,PROJECT001C__016.DZT
0.192,0.23500000000000004,2.438029456208815,3.09234596971331,1.0,3,PROJECT001C__016.DZT
0.192,0.24,2.438029456208815,3.093967435994577,1.0,3,PROJECT001C__016.DZT
0.192,0.245,2.438029456208815,3.0955318989278418,1.0,3,PROJECT001C__016.DZT
0.192,0.25,2.438029456208815,3.0970518814512826,1.0,3,PROJECT001C__016.DZT
0.194,-0.05,2.388019924372456,2.99957406078564,1.0,3,PROJECT001C__016.DZT
0.194,-0.045000000000000005,2.388019924372456,3.000945469700662,1.0,3,PROJECT001C__016.DZT
0.194,-0.04,2.388019924372456,3.0023120388047015,1.0,3,PROJECT001C__016.DZT
0.194,-0.035,2.388019924372456,3.0036002251171667,1.0,3,PROJECT001C__016.DZT
0.194,-0.030000000000000002,2.388019924372456,3.0050159851299996,1.0,3,PROJECT001C__016.DZT
0.194,-0.025,2.388019924372456,3.006419447125454,1.0,3,PROJECT001C__016.DZT
0.194,-0.020000000000000004,2.388019924372456,3.007867217197925,1.0,3,PROJECT001C__016.DZT
0.194,-0.015,2.388019924372456,3.0092332862316655,1.0,3,PROJECT001C__016.DZT
0.194,-0.010000000000000002,2.388019924372456,3.010597896562885,1.0,3,PROJECT001C__016.DZT
0.194,-0.0050000000000000044,2.388019924372456,3.0119470944357496,1.0,3,PROJECT001C__016.DZT
0.194,0.0,2.388019924372456,3.0133298770712287,1.0,3,PROJECT001C__016.DZT
0.194,0.0049999999999999975,2.388019924372456,3.014759900830351,1.0,3,PROJECT001C__016.DZT
0.194,0.009999999999999995,2.388019924372456,3.016270177728268,1.0,3,PROJECT001C__016.DZT
0.194,0.015,2.388019924372456,3.017719910399766,1.0,3,PROJECT001C__016.DZT
0.194,0.020000000000000004,2.388019924372456,3.0191180058867033,1.0,3,PROJECT001C__016.DZT
0.194,0.024999999999999994,2.388019924372456,3.0205365018342456,1.0,3,PROJECT001C__016.DZT
0.194,0.03,2.388019924372456,3.021961648108871,1.0,3,PROJECT001C__016.DZT
0.194,0.035,2.388019924372456,3.023487317743277,1.0,3,PROJECT001C__016.DZT
0.194,0.039999999999999994,2.388019924372456,3.025016789194716,1.0,3,PROJECT001C__016.DZT
0.194,0.045,2.388019924372456,3.0264527751636403,1.0,3,PROJECT001C__016.DZT
0.194,0.05,2.388019924372456,3.027927214576321,1.0,3,PROJECT001C__016.DZT
0.194,0.05499999999999999,2.388019924372456,3.029428567133484,1.0,3,PROJECT001C__016.DZT
0.194,0.06,2.388019924372456,3.0309819695233373,1.0,3,PROJECT001C__016.DZT
0.194,0.065,2.388019924372456,3.032563784134005,1.0,3,PROJECT001C__016.DZT
0.194,0.06999999999999999,2.388019924372456,3.0340387848490527,1.0,3,PROJECT001C__016.DZT
0.194,0.075,2.388019924372456,3.0355249911632516,1.0,3,PROJECT001C__016.DZT
0.194,0.08,2.388019924372456,3.036999065203414,1.0,3,PROJECT001C__016.DZT
0.194,0.085,2.388019924372456,3.038466691932945,1.0,3,PROJECT001C__016.DZT
0.194,0.09000000000000001,2.388019924372456,3.040073071855043,1.0,3,PROJECT001C__016.DZT
0.194,0.09499999999999999,2.388019924372456,3.041668605350272,1.0,3,PROJECT001C__016.DZT
0.194,0.09999999999999999,2.388019924372456,3.0432029524213866,1.0,3,PROJECT001C__016.DZT
0.194,0.105,2.388019924372456,3.0448309670565776,1.0,3,PROJECT001C__016.DZT
0.194,0.11,2.388019924372456,3.0464845043147655,1.0,3,PROJECT001C__016.DZT
0.194,0.115,2.388019924372456,3.048207056038614,1.0,3,PROJECT001C__016.DZT
0.194,0.12000000000000001,2.388019924372456,3.049930574548501,1.0,3,PROJECT001C__016.DZT
0.194,0.125,2.388019924372456,3.0514936179638674,1.0,3,PROJECT001C__016.DZT
0.194,0.13,2.388019924372456,3.0530628327439366,1.0,3,PROJECT001C__016.DZT
0.194,0.135,2.388019924372456,3.0546564669481473,1.0,3,PROJECT001C__016.DZT
0.194,0.14,2.388019924372456,3.056309375912136,1.0,3,PROJECT001C__016.DZT
0.194,0.14500000000000002,2.388019924372456,3.057971049679505,1.0,3,PROJECT001C__016.DZT
0.194,0.15000000000000002,2.388019924372456,3.05967480073053,1.0,3,PROJECT001C__016.DZT
0.194,0.15500000000000003,2.388019924372456,3.061372144029972,1.0,3,PROJECT001C__016.DZT
0.194,0.15999999999999998,2.388019924372456,3.0631892317958624,1.0,3,PROJECT001C__016.DZT
0.194,0.16499999999999998,2.388019924372456,3.0650491108178843,1.0,3,PROJECT001C__016.DZT
0.194,0.16999999999999998,2.388019924372456,3.0668626374379317,1.0,3,PROJECT001C__016.DZT
0.194,0.175,2.388019924372456,3.0686244422259015,1.0,3,PROJECT001C__016.DZT
0.194,0.18,2.388019924372456,3.07022080140246,1.0,3,PROJECT001C__016.DZT
0.194,0.185,2.388019924372456,3.0717933762695946,1.0,3,PROJECT001C__016.DZT
0.194,0.19,2.388019924372456,3.0735214534885693,1.0,3,PROJECT001C__016.DZT
0.194,0.195,2.388019924372456,3.075231927328519,1.0,3,PROJECT001C__016.DZT
0.194,0.2,2.388019924372456,3.0768712180996753,1.0,3,PROJECT001C__016.DZT
0.194,0.20500000000000002,2.388019924372456,3.0786333238769035,1.0,3,PROJECT001C__016.DZT
0.194,0.21000000000000002,2.388019924372456,3.0804402039585503,1.0,3,PROJECT001C__016.DZT
0.194,0.21500000000000002,2.388019924372456,3.082221614489333,1.0,3,PROJECT001C__016.DZT
0.194,0.22000000000000003,2.388019924372456,3.0839168529868624,1.0,3,PROJECT001C__016.DZT
0.194,0.22500000000000003,2.388019924372456,3.085732119231389,1.0,3,PROJECT001C__016.DZT
0.194,0.23000000000000004,2.388019924372456,3.087262857348763,1.0,3,PROJECT001C__016.DZT
0.194,0.23500000000000004,2.388019924372456,3.088842049973803,1.0,3,PROJECT001C__016.DZT
0.194,0.24,2.388019924372456,3.0905054512870476,1.0,3,PROJECT001C__016.DZT
0.194,0.245,2.388019924372456,3.092193990790553,1.0,3,PROJECT001C__016.DZT
0.194,0.25,2.388019924372456,3.0937986135242905,1.0,3,PROJECT001C__016.DZT
0.196,-0.05,2.339533472346984,2.9957940402922087,1.0,3,PROJECT001C__016.DZT
0.196,-0.045000000000000005,2.339533472346984,2.9971617626944513,1.0,3,PROJECT001C__016.DZT
0.196,-0.04,2.339533472346984,2.99846571383067,1.0,3,PROJECT001C__016.DZT
0.196,-0.035,2.339533472346984,2.999739755295099,1.0,3,PROJECT001C__016.DZT
0.196,-0.030000000000000002,2.339533472346984,3.001043555693013,1.0,3,PROJECT001C__016.DZT
0.196,-0.025,2.339533472346984,3.0024254346441706,1.0,3,PROJECT001C__016.DZT
0.196,-0.020000000000000004,2.339533472346984,3.0038508024612427,1.0,3,PROJECT001C__016.DZT
0.196,-0.015,2.339533472346984,3.005246195917693,1.0,3,PROJECT001C__016.DZT
0.196,-0.010000000000000002,2.339533472346984,3.006620038932644,1.0,3,PROJECT001C__016.DZT
0.196,-0.0050000000000000044,2.339533472346984,3.008056179869579,1.0,3,PROJECT001C__016.DZT
0.196,0.0,2.339533472346984,3.009524677578749,1.0,3,PROJECT001C__016.DZT
0.196,0.0049999999999999975,2.339533472346984,3.0109824248463064,1.0,3,PROJECT001C__016.DZT
0.196,0.009999999999999995,2.339533472346984,3.0124299135902244,1.0,3,PROJECT001C__016.DZT
0.196,0.015,2.339533472346984,3.0138138492026196,1.0,3,PROJECT001C__016.DZT
0.196,0.020000000000000004,2.339533472346984,3.0152439389170147,1.0,3,PROJECT001C__016.DZT
0.196,0.024999999999999994,2.339533472346984,3.0167202695778292,1.0,3,PROJECT001C__016.DZT
0.196,0.03,2.339533472346984,3.0181535505235146,1.0,3,PROJECT001C__016.DZT
0.196,0.035,2.339533472346984,3.019666432508935,1.0,3,PROJECT001C__016.DZT
0.196,0.039999999999999994,2.339533472346984,3.0211374442627537,1.0,3,PROJECT001C__016.DZT
0.196,0.045,2.339533472346984,3.0225602345310283,1.0,3,PROJECT001C__016.DZT
0.196,0.05,2.339533472346984,3.0240132193309157,1.0,3,PROJECT001C__016.DZT
0.196,0.05499999999999999,2.339533472346984,3.0255515486172126,1.0,3,PROJECT001C__016.DZT
0.196,0.06,2.339533472346984,3.027161940814079,1.0,3,PROJECT001C__016.DZT
0.196,0.065,2.339533472346984,3.0287269709028095,1.0,3,PROJECT001C__016.DZT
0.196,0.06999999999999999,2.339533472346984,3.030195172126385,1.0,3,PROJECT001C__016.DZT
0.196,0.075,2.339533472346984,3.031732787661724,1.0,3,PROJECT001C__016.DZT
0.196,0.08,2.339533472346984,3.03332447996487,1.0,3,PROJECT001C__016.DZT
0.196,0.085,2.339533472346984,3.0348662657114307,1.0,3,PROJECT001C__016.DZT
0.196,0.09000000000000001,2.339533472346984,3.0363993148240316,1.0,3,PROJECT001C__016.DZT
0.196,0.09499999999999999,2.339533472346984,3.0378819239203523,1.0,3,PROJECT001C__016.DZT
0.196,0.09999999999999999,2.339533472346984,3.0394087790814552,1.0,3,PROJECT001C__016.DZT
0.196,0.105,2.339533472346984,3.040966430096668,1.0,3,PROJECT001C__016.DZT
0.196,0.11,2.339533472346984,3.042522493577398,1.0,3,PROJECT001C__016.DZT
0.196,0.115,2.339533472346984,3.0441877851903008,1.0,3,PROJECT001C__016.DZT
0.196,0.12000000000000001,2.339533472346984,3.045853305827786,1.0,3,PROJECT001C__016.DZT
0.196,0.125,2.339533472346984,3.047499243918661,1.0,3,PROJECT001C__016.DZT
0.196,0.13,2.339533472346984,3.049198304499057,1.0,3,PROJECT001C__016.DZT
0.196,0.135,2.339533472346984,3.050931294220204,1.0,3,PROJECT001C__016.DZT
0.196,0.14,2.339533472346984,3.052576632442147,1.0,3,PROJECT001C__016.DZT
0.196,0.14500000000000002,2.339533472346984,3.054179644004059,1.0,3,PROJECT001C__016.DZT
0.196,0.15000000000000002,2.339533472346984,3.055779892556527,1.0,3,PROJECT001C__016.DZT
0.196,0.15500000000000003,2.339533472346984,3.0574752876815947,1.0,3,PROJECT001C__016.DZT
0.196,0.15999999999999998,2.339533472346984,3.059143590346323,1.0,3,PROJECT001C__016.DZT
0.196,0.16499999999999998,2.339533472346984,3.060840754840123,1.0,3,PROJECT001C__016.DZT
0.196,0.16999999999999998,2.339533472346984,3.0626084025691007,1.0,3,PROJECT001C__016.DZT
0.196,0.175,2.339533472346984,3.0644503085943655,1.0,3,PROJECT001C__016.DZT
0.196,0.18,2.339533472346984,3.0663336407763766,1.0,3,PROJECT001C__016.DZT
0.196,0.185,2.339533472346984,3.068104699532336,1.0,3,PROJECT001C__016.DZT
0.196,0.19,2.339533472346984,3.0698706064357695,1.0,3,PROJECT001C__016.DZT
0.196,0.195,2.339533472346984,3.071556966667062,1.0,3,PROJECT001C__016.DZT
0.196,0.2,2.339533472346984,3.0731349648471764,1.0,3,PROJECT001C__016.DZT
0.196,0.20500000000000002,2.339533472346984,3.0748347055462,1.0,3,PROJECT001C__016.DZT
0.196,0.21000000000000002,2.339533472346984,3.0766047043270093,1.0,3,PROJECT001C__016.DZT
0.196,0.21500000000000002,2.339533472346984,3.078312745600645,1.0,3,PROJECT001C__016.DZT
0.196,0.22000000000000003,2.339533472346984,3.0800230464050578,1.0,3,PROJECT001C__016.DZT
0.196,0.22500000000000003,2.339533472346984,3.081912968298038,1.0,3,PROJECT001C__016.DZT
0.196,0.23000000000000004,2.339533472346984,3.083768633376481,1.0,3,PROJECT001C__016.DZT
0.196,0.23500000000000004,2.339533472346984,3.0854354993787756,1.0,3,PROJECT001C__016.DZT
0.196,0.24,2.339533472346984,3.0871619588163117,1.0,3,PROJECT001C__016.DZT
0.196,0.245,2.339533472346984,3.088823041948197,1.0,3,PROJECT001C__016.DZT
0.196,0.25,2.339533472346984,3.09041439203343,1.0,3,PROJECT001C__016.DZT
0.198,-0.05,2.2925088734231647,2.991602586750604,1.0,3,PROJECT001C__016.DZT
0.198,-0.045000000000000005,2.2925088734231647,2.992998367772709,1.0,3,PROJECT001C__016.DZT
0.198,-0.04,2.2925088734231647,2.9944218122277015,1.0,3,PROJECT001C__016.DZT
0.198,-0.035,2.2925088734231647,2.9957911860320245,1.0,3,PROJECT001C__016.DZT
0.198,-0.030000000000000002,2.2925088734231647,2.9971862755521292,1.0,3,PROJECT001C__016.DZT
0.198,-0.025,2.2925088734231647,2.998599699060366,1.0,3,PROJECT001C__016.DZT
0.198,-0.020000000000000004,2.2925088734231647,3.0000160272834595,1.0,3,PROJECT001C__016.DZT
0.198,-0.015,2.2925088734231647,3.001390032949136,1.0,3,PROJECT001C__016.DZT
0.198,-0.010000000000000002,2.2925088734231647,3.002773382593,1.0,3,PROJECT001C__016.DZT
0.198,-0.0050000000000000044,2.2925088734231647,3.0041464956815935,1.0,3,PROJECT001C__016.DZT
0.198,0.0,2.2925088734231647,3.005556354906004,1.0,3,PROJECT001C__016.DZT
0.198,0.0049999999999999975,2.2925088734231647,3.0070133982664955,1.0,3,PROJECT001C__016.DZT
0.198,0.009999999999999995,2.2925088734231647,3.0084756887998907,1.0,3,PROJECT001C__016.DZT
0.198,0.015,2.2925088734231647,3.009904492761365,1.0,3,PROJECT001C__016.DZT
0.198,0.020000000000000004,2.2925088734231647,3.0113778122604895,1.0,3,PROJECT001C__016.DZT
0.198,0.024999999999999994,2.2925088734231647,3.0128903342588274,1.0,3,PROJECT001C__016.DZT
0.198,0.03,2.2925088734231647,3.014376244931233,1.0,3,PROJECT001C__016.DZT
0.198,0.035,2.2925088734231647,3.015882869503823,1.0,3,PROJECT001C__016.DZT
0.198,0.039999999999999994,2.2925088734231647,3.0173976990436135,1.0,3,PROJECT001C__016.DZT
0.198,0.045,2.2925088734231647,3.018878091015418,1.0,3,PROJECT001C__016.DZT
0.198,0.05,2.2925088734231647,3.020353803386802,1.0,3,PROJECT001C__016.DZT
0.198,0.05499999999999999,2.2925088734231647,3.0217688181223257,1.0,3,PROJECT001C__016.DZT
0.198,0.06,2.2925088734231647,3.023319765221695,1.0,3,PROJECT001C__016.DZT
0.198,0.065,2.2925088734231647,3.024829210360785,1.0,3,PROJECT001C__016.DZT
0.198,0.06999999999999999,2.2925088734231647,3.026325157179409,1.0,3,PROJECT001C__016.DZT
0.198,0.075,2.2925088734231647,3.027863924001337,1.0,3,PROJECT001C__016.DZT
0.198,0.08,2.2925088734231647,3.0294842780515743,1.0,3,PROJECT001C__016.DZT
0.198,0.085,2.2925088734231647,3.0311309110331757,1.0,3,PROJECT001C__016.DZT
0.198,0.09000000000000001,2.2925088734231647,3.0327265280793783,1.0,3,PROJECT001C__016.DZT
0.198,0.09499999999999999,2.2925088734231647,3.034297309475818,1.0,3,PROJECT001C__016.DZT
0.198,0.09999999999999999,2.2925088734231647,3.035885488601922,1.0,3,PROJECT001C__016.DZT
0.198,0.105,2.2925088734231647,3.0374019398239454,1.0,3,PROJECT001C__016.DZT
0.198,0.11,2.2925088734231647,3.0389133840666034,1.0,3,PROJECT001C__016.DZT
0.198,0.115,2.2925088734231647,3.0404820317979193,1.0,3,PROJECT001C__016.DZT
0.198,0.12000000000000001,2.2925088734231647,3.0420901295012492,1.0,3,PROJECT001C__016.DZT
0.198,0.125,2.2925088734231647,3.0436512593920515,1.0,3,PROJECT001C__016.DZT
0.198,0.13,2.2925088734231647,3.045259203462265,1.0,3,PROJECT001C__016.DZT
0.198,0.135,2.2925088734231647,3.0469866568909043,1.0,3,PROJECT001C__016.DZT
0.198,0.14,2.2925088734231647,3.0487387759104263,1.0,3,PROJECT001C__016.DZT
0.198,0.14500000000000002,2.2925088734231647,3.0504548104407934,1.0,3,PROJECT001C__016.DZT
0.198,0.15000000000000002,2.2925088734231647,3.0521547873850623,1.0,3,PROJECT001C__016.DZT
0.198,0.15500000000000003,2.2925088734231647,3.053840764297321,1.0,3,PROJECT001C__016.DZT
0.198,0.15999999999999998,2.2925088734231647,3.0554346978308424,1.0,3,PROJECT001C__016.DZT
0.198,0.16499999999999998,2.2925088734231647,3.0571144158839902,1.0,3,PROJECT001C__016.DZT
0.198,0.16999999999999998,2.2925088734231647,3.0588139465761954,1.0,3,PROJECT001C__016.DZT
0.198,0.175,2.2925088734231647,3.0605435102459175,1.0,3,PROJECT001C__016.DZT
0.198,0.18,2.2925088734231647,3.0622543631983548,1.0,3,PROJECT001C__016.DZT
0.198,0.185,2.2925088734231647,3.0640104496205787,1.0,3,PROJECT001C__016.DZT
0.198,0.19,2.2925088734231647,3.0659585193867165,1.0,3,PROJECT001C__016.DZT
0.198,0.195,2.2925088734231647,3.0678473855389323,1.0,3,PROJECT001C__016.DZT
0.198,0.2,2.2925088734231647,3.069639436570659,1.0,3,PROJECT001C__016.DZT
0.198,0.20500000000000002,2.2925088734231647,3.0713578353847844,1.0,3,PROJECT001C__016.DZT
0.198,0.21000000000000002,2.2925088734231647,3.073022450302536,1.0,3,PROJECT001C__016.DZT
0.198,0.21500000000000002,2.2925088734231647,3.0747047511912324,1.0,3,PROJECT001C__016.DZT
0.198,0.22000000000000003,2.2925088734231647,3.076422131625678,1.0,3,PROJECT001C__016.DZT
0.198,0.22500000000000003,2.2925088734231647,3.078151108428562,1.0,3,PROJECT001C__016.DZT
0.198,0.23000000000000004,2.2925088734231647,3.0798993648291115,1.0,3,PROJECT001C__016.DZT
0.198,0.23500000000000004,2.2925088734231647,3.0817062811866145,1.0,3,PROJECT001C__016.DZT
0.198,0.24,2.2925088734231647,3.0835399282750373,1.0,3,PROJECT001C__016.DZT
0.198,0.245,2.2925088734231647,3.0854074219980774,1.0,3,PROJECT001C__016.DZT
0.198,0.25,2.2925088734231647,3.0872325608166693,1.0,3,PROJECT001C__016.DZT
0.2,-0.05,2.246887946842044,2.9875843978827583,1.0,3,PROJECT001C__016.DZT
0.2,-0.045000000000000005,2.246887946842044,2.9889542724272857,1.0,3,PROJECT001C__016.DZT
0.2,-0.04,2.246887946842044,2.990325795830602,1.0,3,PROJECT001C__016.DZT
0.2,-0.035,2.246887946842044,2.991705595718029,1.0,3,PROJECT001C__016.DZT
0.2,-0.030000000000000002,2.246887946842044,2.993043615103527,1.0,3,PROJECT001C__016.DZT
0.2,-0.025,2.246887946842044,2.9944394301514,1.0,3,PROJECT001C__016.DZT
0.2,-0.020000000000000004,2.246887946842044,2.995879144786908,1.0,3,PROJECT001C__016.DZT
0.2,-0.015,2.246887946842044,2.997351121752556,1.0,3,PROJECT001C__016.DZT
0.2,-0.010000000000000002,2.246887946842044,2.9987502852706474,1.0,3,PROJECT001C__016.DZT
0.2,-0.0050000000000000044,2.246887946842044,3.0001881060909383,1.0,3,PROJECT001C__016.DZT
0.2,0.0,2.246887946842044,3.001660275385296,1.0,3,PROJECT001C__016.DZT
0.2,0.0049999999999999975,2.246887946842044,3.0031947149458227,1.0,3,PROJECT001C__016.DZT
0.2,0.009999999999999995,2.246887946842044,3.004671085854502,1.0,3,PROJECT001C__016.DZT
0.2,0.015,2.246887946842044,3.0060955957174684,1.0,3,PROJECT001C__016.DZT
0.2,0.020000000000000004,2.246887946842044,3.0075037049019144,1.0,3,PROJECT001C__016.DZT
0.2,0.024999999999999994,2.246887946842044,3.008965608481175,1.0,3,PROJECT001C__016.DZT
0.2,0.03,2.246887946842044,3.0104688587365143,1.0,3,PROJECT001C__016.DZT
0.2,0.035,2.246887946842044,3.0119881836166402,1.0,3,PROJECT001C__016.DZT
0.2,0.039999999999999994,2.246887946842044,3.0134736134649174,1.0,3,PROJECT001C__016.DZT
0.2,0.045,2.246887946842044,3.014979905430842,1.0,3,PROJECT001C__016.DZT
0.2,0.05,2.246887946842044,3.01650689465365,1.0,3,PROJECT001C__016.DZT
0.2,0.05499999999999999,2.246887946842044,3.018118572921793,1.0,3,PROJECT001C__016.DZT
0.2,0.06,2.246887946842044,3.0197224256256088,1.0,3,PROJECT001C__016.DZT
0.2,0.065,2.246887946842044,3.021252843514411,1.0,3,PROJECT001C__016.DZT
0.2,0.06999999999999999,2.246887946842044,3.022718361593368,1.0,3,PROJECT001C__016.DZT
0.2,0.075,2.246887946842044,3.024192385090107,1.0,3,PROJECT001C__016.DZT
0.2,0.08,2.246887946842044,3.0256934723846327,1.0,3,PROJECT001C__016.DZT
0.2,0.085,2.246887946842044,3.0273062380443414,1.0,3,PROJECT001C__016.DZT
0.2,0.09000000000000001,2.246887946842044,3.028886306114608,1.0,3,PROJECT001C__016.DZT
0.2,0.09499999999999999,2.246887946842044,3.030433836596425,1.0,3,PROJECT001C__016.DZT
0.2,0.09999999999999999,2.246887946842044,3.0320528757153333,1.0,3,PROJECT001C__016.DZT
0.2,0.105,2.246887946842044,3.033748758823742,1.0,3,PROJECT001C__016.DZT
0.2,0.11,2.246887946842044,3.035460097859501,1.0,3,PROJECT001C__016.DZT
0.2,0.115,2.246887946842044,3.0370716358208885,1.0,3,PROJECT001C__016.DZT
0.2,0.12000000000000001,2.246887946842044,3.038657540199161,1.0,3,PROJECT001C__016.DZT
0.2,0.125,2.246887946842044,3.0401744234703467,1.0,3,PROJECT001C__016.DZT
0.2,0.13,2.246887946842044,3.0416954536874683,1.0,3,PROJECT001C__016.DZT
0.2,0.135,2.246887946842044,3.0433591401465243,1.0,3,PROJECT001C__016.DZT
0.2,0.14,2.246887946842044,3.044980667926201,1.0,3,PROJECT001C__016.DZT
0.2,0.14500000000000002,2.246887946842044,3.0466262384404588,1.0,3,PROJECT001C__016.DZT
0.2,0.15000000000000002,2.246887946842044,3.0483027128974793,1.0,3,PROJECT001C__016.DZT
0.2,0.15500000000000003,2.246887946842044,3.050068692255438,1.0,3,PROJECT001C__016.DZT
0.2,0.15999999999999998,2.246887946842044,3.051903277761397,1.0,3,PROJECT001C__016.DZT
0.2,0.16499999999999998,2.246887946842044,3.0536373348305634,1.0,3,PROJECT001C__016.DZT
0.2,0.16999999999999998,2.246887946842044,3.055334628636872,1.0,3,PROJECT001C__016.DZT
0.2,0.175,2.246887946842044,3.0569415868305883,1.0,3,PROJECT001C__016.DZT
0.2,0.18,2.246887946842044,3.0586039067637767,1.0,3,PROJECT001C__016.DZT
0.2,0.185,2.246887946842044,3.0603491689598137,1.0,3,PROJECT001C__016.DZT
0.2,0.19,2.246887946842044,3.062085609299332,1.0,3,PROJECT001C__016.DZT
0.2,0.195,2.246887946842044,3.0638778820798236,1.0,3,PROJECT001C__016.DZT
0.2,0.2,2.246887946842044,3.0656601426379644,1.0,3,PROJECT001C__016.DZT
0.2,0.20500000000000002,2.246887946842044,3.067612872377053,1.0,3,PROJECT001C__016.DZT
0.2,0.21000000000000002,2.246887946842044,3.06957209669512,1.0,3,PROJECT001C__016.DZT
0.2,0.21500000000000002,2.246887946842044,3.0713555596276976,1.0,3,PROJECT001C__016.DZT
0.2,0.22000000000000003,2.246887946842044,3.073107453033534,1.0,3,PROJECT001C__016.DZT
0.2,0.22500000000000003,2.246887946842044,3.0747428092053273,1.0,3,PROJECT001C__016.DZT
0.2,0.23000000000000004,2.246887946842044,3.076460453152185,1.0,3,PROJECT001C__016.DZT
0.2,0.23500000000000004,2.246887946842044,3.078209447774904,1.0,3,PROJECT001C__016.DZT
0.2,0.24,2.246887946842044,3.079937775978164,1.0,3,PROJECT001C__016.DZT
0.2,0.245,2.246887946842044,3.0817286117173617,1.0,3,PROJECT001C__016.DZT
0.2,0.25,2.246887946842044,3.08356867342389,1.0,3,PROJECT001C__016.DZT
0.202,-0.05,2.202615377749283,2.9832404351695527,1.0,3,PROJECT001C__016.DZT
0.202,-0.045000000000000005,2.202615377749283,2.9846772347504213,1.0,3,PROJECT001C__016.DZT
0.202,-0.04,2.202615377749283,2.986062425767196,1.0,3,PROJECT001C__016.DZT
0.202,-0.035,2.202615377749283,2.987486034768002,1.0,3,PROJECT001C__016.DZT
0.202,-0.030000000000000002,2.202615377749283,2.988968604460457,1.0,3,PROJECT001C__016.DZT
0.202,-0.025,2.202615377749283,2.990450953531957,1.0,3,PROJECT001C__016.DZT
0.202,-0.020000000000000004,2.202615377749283,2.9919058557219684,1.0,3,PROJECT001C__016.DZT
0.202,-0.015,2.202615377749283,2.993293574566779,1.0,3,PROJECT001C__016.DZT
0.202,-0.010000000000000002,2.202615377749283,2.994722400611549,1.0,3,PROJECT001C__016.DZT
0.202,-0.0050000000000000044,2.202615377749283,2.9960974222261627,1.0,3,PROJECT001C__016.DZT
0.202,0.0,2.202615377749283,2.9975409378596307,1.0,3,PROJECT001C__016.DZT
0.202,0.0049999999999999975,2.202615377749283,2.9990349704280503,1.0,3,PROJECT001C__016.DZT
0.202,0.009999999999999995,2.202615377749283,3.000538427018134,1.0,3,PROJECT001C__016.DZT
0.202,0.015,2.202615377749283,3.001968411763245,1.0,3,PROJECT001C__016.DZT
0.202,0.020000000000000004,2.202615377749283,3.0035118021854177,1.0,3,PROJECT001C__016.DZT
0.202,0.024999999999999994,2.202615377749283,3.0051214029471596,1.0,3,PROJECT001C__016.DZT
0.202,0.03,2.202615377749283,3.0067189294566936,1.0,3,PROJECT001C__016.DZT
0.202,0.035,2.202615377749283,3.0082214455164724,1.0,3,PROJECT001C__016.DZT
0.202,0.039999999999999994,2.202615377749283,3.009688708342129,1.0,3,PROJECT001C__016.DZT
0.202,0.045,2.202615377749283,3.0111772394392413,1.0,3,PROJECT001C__016.DZT
0.202,0.05,2.202615377749283,3.0126704865358875,1.0,3,PROJECT001C__016.DZT
0.202,0.05499999999999999,2.202615377749283,3.014238133899229,1.0,3,PROJECT001C__016.DZT
0.202,0.06,2.202615377749283,3.015772911643509,1.0,3,PROJECT001C__016.DZT
0.202,0.065,2.202615377749283,3.0172970003859567,1.0,3,PROJECT001C__016.DZT
0.202,0.06999999999999999,2.202615377749283,3.0188902696312767,1.0,3,PROJECT001C__016.DZT
0.202,0.075,2.202615377749283,3.020551204806281,1.0,3,PROJECT001C__016.DZT
0.202,0.08,2.202615377749283,3.0221898427779976,1.0,3,PROJECT001C__016.DZT
0.202,0.085,2.202615377749283,3.0238249236691552,1.0,3,PROJECT001C__016.DZT
0.202,0.09000000000000001,2.202615377749283,3.0253287007040033,1.0,3,PROJECT001C__016.DZT
0.202,0.09499999999999999,2.202615377749283,3.0268228259189,1.0,3,PROJECT001C__016.DZT
0.202,0.09999999999999999,2.202615377749283,3.0283595818957587,1.0,3,PROJECT001C__016.DZT
0.202,0.105,2.202615377749283,3.0300049611825686,1.0,3,PROJECT001C__016.DZT
0.202,0.11,2.202615377749283,3.0316376221891304,1.0,3,PROJECT001C__016.DZT
0.202,0.115,2.202615377749283,3.033242397510453,1.0,3,PROJECT001C__016.DZT
0.202,0.12000000000000001,2.202615377749283,3.0348904614338967,1.0,3,PROJECT001C__016.DZT
0.202,0.125,2.202615377749283,3.036603419475805,1.0,3,PROJECT001C__016.DZT
0.202,0.13,2.202615377749283,3.0383630147467726,1.0,3,PROJECT001C__016.DZT
0.202,0.135,2.202615377749283,3.0400656150371215,1.0,3,PROJECT001C__016.DZT
0.202,0.14,2.202615377749283,3.041620618514866,1.0,3,PROJECT001C__016.DZT
0.202,0.14500000000000002,2.202615377749283,3.043181175649656,1.0,3,PROJECT001C__016.DZT
0.202,0.15000000000000002,2.202615377749283,3.0447907291495735,1.0,3,PROJECT001C__016.DZT
0.202,0.15500000000000003,2.202615377749283,3.046436624544714,1.0,3,PROJECT001C__016.DZT
0.202,0.15999999999999998,2.202615377749283,3.0481693623744963,1.0,3,PROJECT001C__016.DZT
0.202,0.16499999999999998,2.202615377749283,3.0498751547410676,1.0,3,PROJECT001C__016.DZT
0.202,0.16999999999999998,2.202615377749283,3.0516519627435117,1.0,3,PROJECT001C__016.DZT
0.202,0.175,2.202615377749283,3.053369796322103,1.0,3,PROJECT001C__016.DZT
0.202,0.18,2.202615377749283,3.0552617298523725,1.0,3,PROJECT001C__016.DZT
0.202,0.185,2.202615377749283,3.057012789260698,1.0,3,PROJECT001C__016.DZT
0.202,0.19,2.202615377749283,3.0586611217030364,1.0,3,PROJECT001C__016.DZT
0.202,0.195,2.202615377749283,3.0603725636373373,1.0,3,PROJECT001C__016.DZT
0.202,0.2,2.202615377749283,3.062044185766299,1.0,3,PROJECT001C__016.DZT
0.202,0.20500000000000002,2.202615377749283,3.063884554209307,1.0,3,PROJECT001C__016.DZT
0.202,0.21000000000000002,2.202615377749283,3.0656576020170694,1.0,3,PROJECT001C__016.DZT
0.202,0.21500000000000002,2.202615377749283,3.067548830704473,1.0,3,PROJECT001C__016.DZT
0.202,0.22000000000000003,2.202615377749283,3.0695026259426093,1.0,3,PROJECT001C__016.DZT
0.202,0.22500000000000003,2.202615377749283,3.0713836585609453,1.0,3,PROJECT001C__016.DZT
0.202,0.23000000000000004,2.202615377749283,3.0732793784408883,1.0,3,PROJECT001C__016.DZT
0.202,0.23500000000000004,2.202615377749283,3.0750160892922267,1.0,3,PROJECT001C__016.DZT
0.202,0.24,2.202615377749283,3.0767204682160147,1.0,3,PROJECT001C__016.DZT
0.202,0.245,2.202615377749283,3.0784561818152496,1.0,3,PROJECT001C__016.DZT
0.202,0.25,2.202615377749283,3.08019479175268,1.0,3,PROJECT001C__016.DZT
0.20400000000000001,-0.05,2.1596385494444865,2.9790974151306258,1.0,3,PROJECT001C__016.DZT
0.20400000000000001,-0.045000000000000005,2.1596385494444865,2.9805222262621776,1.0,3,PROJECT001C__016.DZT
0.20400000000000001,-0.04,2.1596385494444865,2.9818707868884893,1.0,3,PROJECT001C__016.DZT
0.20400000000000001,-0.035,2.1596385494444865,2.983176256879663,1.0,3,PROJECT001C__016.DZT
0.20400000000000001,-0.030000000000000002,2.1596385494444865,2.9846167986464263,1.0,3,PROJECT001C__016.DZT
0.20400000000000001,-0.025,2.1596385494444865,2.986082779559371,1.0,3,PROJECT001C__016.DZT
0.20400000000000001,-0.020000000000000004,2.1596385494444865,2.987550269789672,1.0,3,PROJECT001C__016.DZT
0.20400000000000001,-0.015,2.1596385494444865,2.9889860069366314,1.0,3,PROJECT001C__016.DZT
0.20400000000000001,-0.010000000000000002,2.1596385494444865,2.9905328874270443,1.0,3,PROJECT001C__016.DZT
0.20400000000000001,-0.0050000000000000044,2.1596385494444865,2.9920981886683577,1.0,3,PROJECT001C__016.DZT
0.20400000000000001,0.0,2.1596385494444865,2.9935785677222526,1.0,3,PROJECT001C__016.DZT
0.20400000000000001,0.0049999999999999975,2.1596385494444865,2.9950930636863187,1.0,3,PROJECT001C__016.DZT
0.20400000000000001,0.009999999999999995,2.1596385494444865,2.9965414723387447,1.0,3,PROJECT001C__016.DZT
0.20400000000000001,0.015,2.1596385494444865,2.9979967990410934,1.0,3,PROJECT001C__016.DZT
0.20400000000000001,0.020000000000000004,2.1596385494444865,2.9994211381458515,1.0,3,PROJECT001C__016.DZT
0.20400000000000001,0.024999999999999994,2.1596385494444865,3.0009241621250067,1.0,3,PROJECT001C__016.DZT
0.20400000000000001,0.03,2.1596385494444865,3.00245696804028,1.0,3,PROJECT001C__016.DZT
0.20400000000000001,0.035,2.1596385494444865,3.004016926520498,1.0,3,PROJECT001C__016.DZT
0.20400000000000001,0.039999999999999994,2.1596385494444865,3.0056150633790018,1.0,3,PROJECT001C__016.DZT
0.20400000000000001,0.045,2.1596385494444865,3.0072555022038774,1.0,3,PROJECT001C__016.DZT
0.20400000000000001,0.05,2.1596385494444865,3.008892063384634,1.0,3,PROJECT001C__016.DZT
0.20400000000000001,0.05499999999999999,2.1596385494444865,3.010511052315349,1.0,3,PROJECT001C__016.DZT
0.20400000000000001,0.06,2.1596385494444865,3.012074442586087,1.0,3,PROJECT001C__016.DZT
0.20400000000000001,0.065,2.1596385494444865,3.013590221422833,1.0,3,PROJECT001C__016.DZT
0.20400000000000001,0.06999999999999999,2.1596385494444865,3.015131437972453,1.0,3,PROJECT001C__016.DZT
0.20400000000000001,0.075,2.1596385494444865,3.016678387367664,1.0,3,PROJECT001C__016.DZT
0.20400000000000001,0.08,2.1596385494444865,3.018260482407745,1.0,3,PROJECT001C__016.DZT
0.20400000000000001,0.085,2.1596385494444865,3.0198849264114713,1.0,3,PROJECT001C__016.DZT
0.20400000000000001,0.09000000000000001,2.1596385494444865,3.0215204621383207,1.0,3,PROJECT001C__016.DZT
0.20400000000000001,0.09499999999999999,2.1596385494444865,3.023193325951283,1.0,3,PROJECT001C__016.DZT
0.20400000000000001,0.09999999999999999,2.1596385494444865,3.024878709286805,1.0,3,PROJECT001C__016.DZT
0.20400000000000001,0.105,2.1596385494444865,3.026552534608296,1.0,3,PROJECT001C__016.DZT
0.20400000000000001,0.11,2.1596385494444865,3.028142353570935,1.0,3,PROJECT001C__016.DZT
0.20400000000000001,0.115,2.1596385494444865,3.0297246248472427,1.0,3,PROJECT001C__016.DZT
0.20400000000000001,0.12000000000000001,2.1596385494444865,3.031300542666742,1.0,3,PROJECT001C__016.DZT
0.20400000000000001,0.125,2.1596385494444865,3.0329334124317047,1.0,3,PROJECT001C__016.DZT
0.20400000000000001,0.13,2.1596385494444865,3.034612240418055,1.0,3,PROJECT001C__016.DZT
0.20400000000000001,0.135,2.1596385494444865,3.0363178949833305,1.0,3,PROJECT001C__016.DZT
0.20400000000000001,0.14,2.1596385494444865,3.037969572348002,1.0,3,PROJECT001C__016.DZT
0.20400000000000001,0.14500000000000002,2.1596385494444865,3.0397129122139877,1.0,3,PROJECT001C__016.DZT
0.20400000000000001,0.15000000000000002,2.1596385494444865,3.0415143508858278,1.0,3,PROJECT001C__016.DZT
0.20400000000000001,0.15500000000000003,2.1596385494444865,3.043190357508955,1.0,3,PROJECT001C__016.DZT
0.20400000000000001,0.15999999999999998,2.1596385494444865,3.0448510293962823,1.0,3,PROJECT001C__016.DZT
0.20400000000000001,0.16499999999999998,2.1596385494444865,3.0464852168517584,1.0,3,PROJECT001C__016.DZT
0.20400000000000001,0.16999999999999998,2.1596385494444865,3.0481358469900344,1.0,3,PROJECT001C__016.DZT
0.20400000000000001,0.175,2.1596385494444865,3.0498436451405078,1.0,3,PROJECT001C__016.DZT
0.20400000000000001,0.18,2.1596385494444865,3.0516206657637386,1.0,3,PROJECT001C__016.DZT
0.20400000000000001,0.185,2.1596385494444865,3.053430476954622,1.0,3,PROJECT001C__016.DZT
0.20400000000000001,0.19,2.1596385494444865,3.0551749090438207,1.0,3,PROJECT001C__016.DZT
0.20400000000000001,0.195,2.1596385494444865,3.0569606800218345,1.0,3,PROJECT001C__016.DZT
0.20400000000000001,0.2,2.1596385494444865,3.0588131078149936,1.0,3,PROJECT001C__016.DZT
0.20400000000000001,0.20500000000000002,2.1596385494444865,3.060592815920972,1.0,3,PROJECT001C__016.DZT
0.20400000000000001,0.21000000000000002,2.1596385494444865,3.062340986203372,1.0,3,PROJECT001C__016.DZT
0.20400000000000001,0.21500000000000002,2.1596385494444865,3.064063411549521,1.0,3,PROJECT001C__016.DZT
0.20400000000000001,0.22000000000000003,2.1596385494444865,3.0658549050517627,1.0,3,PROJECT001C__016.DZT
0.20400000000000001,0.22500000000000003,2.1596385494444865,3.067738933767231,1.0,3,PROJECT001C__016.DZT
0.20400000000000001,0.23000000000000004,2.1596385494444865,3.0696279957741357,1.0,3,PROJECT001C__016.DZT
0.20400000000000001,0.23500000000000004,2.1596385494444865,3.0715558080087155,1.0,3,PROJECT001C__016.DZT
0.20400000000000001,0.24,2.1596385494444865,3.073474474620666,1.0,3,PROJECT001C__016.DZT
0.20400000000000001,0.245,2.1596385494444865,3.075301210626456,1.0,3,PROJECT001C__016.DZT
0.20400000000000001,0.25,2.1596385494444865,3.0771108603686326,1.0,3,PROJECT001C__016.DZT
0.20600000000000002,-0.05,2.117907386975251,2.9746438122969607,1.0,3,PROJECT001C__016.DZT
0.20600000000000002,-0.045000000000000005,2.117907386975251,2.976119493470595,1.0,3,PROJECT001C__016.DZT
0.20600000000000002,-0.04,2.117907386975251,2.9776228020422395,1.0,3,PROJECT001C__016.DZT
0.20600000000000002,-0.035,2.117907386975251,2.979081781677609,1.0,3,PROJECT001C__016.DZT
0.20600000000000002,-0.030000000000000002,2.117907386975251,2.98048653095263,1.0,3,PROJECT001C__016.DZT
0.20600000000000002,-0.025,2.117907386975251,2.981971698931297,1.0,3,PROJECT001C__016.DZT
0.20600000000000002,-0.020000000000000004,2.117907386975251,2.983440804047945,1.0,3,PROJECT001C__016.DZT
0.20600000000000002,-0.015,2.117907386975251,2.984801697000958,1.0,3,PROJECT001C__016.DZT
0.20600000000000002,-0.010000000000000002,2.117907386975251,2.9862139737900972,1.0,3,PROJECT001C__016.DZT
0.20600000000000002,-0.0050000000000000044,2.117907386975251,2.98769165425594,1.0,3,PROJECT001C__016.DZT
0.20600000000000002,0.0,2.117907386975251,2.9892040496263887,1.0,3,PROJECT001C__016.DZT
0.20600000000000002,0.0049999999999999975,2.117907386975251,2.990720349647248,1.0,3,PROJECT001C__016.DZT
0.20600000000000002,0.009999999999999995,2.117907386975251,2.992310937137038,1.0,3,PROJECT001C__016.DZT
0.20600000000000002,0.015,2.117907386975251,2.9939129023561333,1.0,3,PROJECT001C__016.DZT
0.20600000000000002,0.020000000000000004,2.117907386975251,2.9954647833828685,1.0,3,PROJECT001C__016.DZT
0.20600000000000002,0.024999999999999994,2.117907386975251,2.997008082640494,1.0,3,PROJECT001C__016.DZT
0.20600000000000002,0.03,2.117907386975251,2.9985583179278508,1.0,3,PROJECT001C__016.DZT
0.20600000000000002,0.035,2.117907386975251,3.000061493958386,1.0,3,PROJECT001C__016.DZT
0.20600000000000002,0.039999999999999994,2.117907386975251,3.001525033465765,1.0,3,PROJECT001C__016.DZT
0.20600000000000002,0.045,2.117907386975251,3.0030414747528695,1.0,3,PROJECT001C__016.DZT
0.20600000000000002,0.05,2.117907386975251,3.0046182118552487,1.0,3,PROJECT001C__016.DZT
0.20600000000000002,0.05499999999999999,2.117907386975251,3.0062841148602675,1.0,3,PROJECT001C__016.DZT
0.20600000000000002,0.06,2.117907386975251,3.0079473067018605,1.0,3,PROJECT001C__016.DZT
0.20600000000000002,0.065,2.117907386975251,3.009617863334643,1.0,3,PROJECT001C__016.DZT
0.20600000000000002,0.06999999999999999,2.117907386975251,3.0112849870650273,1.0,3,PROJECT001C__016.DZT
0.20600000000000002,0.075,2.117907386975251,3.012976759941458,1.0,3,PROJECT001C__016.DZT
0.20600000000000002,0.08,2.117907386975251,3.014644798385938,1.0,3,PROJECT001C__016.DZT
0.20600000000000002,0.085,2.117907386975251,3.016225281867111,1.0,3,PROJECT001C__016.DZT
0.20600000000000002,0.09000000000000001,2.117907386975251,3.0177674105848453,1.0,3,PROJECT001C__016.DZT
0.20600000000000002,0.09499999999999999,2.117907386975251,3.01932597515312,1.0,3,PROJECT001C__016.DZT
0.20600000000000002,0.09999999999999999,2.117907386975251,3.0210149562728823,1.0,3,PROJECT001C__016.DZT
0.20600000000000002,0.105,2.117907386975251,3.022717883310614,1.0,3,PROJECT001C__016.DZT
0.20600000000000002,0.11,2.117907386975251,3.024375731792554,1.0,3,PROJECT001C__016.DZT
0.20600000000000002,0.115,2.117907386975251,3.0260750660427562,1.0,3,PROJECT001C__016.DZT
0.20600000000000002,0.12000000000000001,2.117907386975251,3.0277954207091446,1.0,3,PROJECT001C__016.DZT
0.20600000000000002,0.125,2.117907386975251,3.0294838873353913,1.0,3,PROJECT001C__016.DZT
0.20600000000000002,0.13,2.117907386975251,3.03120864265177,1.0,3,PROJECT001C__016.DZT
0.20600000000000002,0.135,2.117907386975251,3.032860160994632,1.0,3,PROJECT001C__016.DZT
0.20600000000000002,0.14,2.117907386975251,3.0344650938189623,1.0,3,PROJECT001C__016.DZT
0.20600000000000002,0.14500000000000002,2.117907386975251,3.036131437893254,1.0,3,PROJECT001C__016.DZT
0.20600000000000002,0.15000000000000002,2.117907386975251,3.0378707397422886,1.0,3,PROJECT001C__016.DZT
0.20600000000000002,0.15500000000000003,2.117907386975251,3.0396129659679008,1.0,3,PROJECT001C__016.DZT
0.20600000000000002,0.15999999999999998,2.117907386975251,3.041307887605359,1.0,3,PROJECT001C__016.DZT
0.20600000000000002,0.16499999999999998,2.117907386975251,3.043084547335518,1.0,3,PROJECT001C__016.DZT
0.20600000000000002,0.16999999999999998,2.117907386975251,3.044815687197083,1.0,3,PROJECT001C__016.DZT
0.20600000000000002,0.175,2.117907386975251,3.0465947063475123,1.0,3,PROJECT001C__016.DZT
0.20600000000000002,0.18,2.117907386975251,3.048322567265442,1.0,3,PROJECT001C__016.DZT
0.20600000000000002,0.185,2.117907386975251,3.050062696781474,1.0,3,PROJECT001C__016.DZT
0.20600000000000002,0.19,2.117907386975251,3.0517750282308653,1.0,3,PROJECT001C__016.DZT
0.20600000000000002,0.195,2.117907386975251,3.0535601413655127,1.0,3,PROJECT001C__016.DZT
0.20600000000000002,0.2,2.117907386975251,3.0553464770917045,1.0,3,PROJECT001C__016.DZT
0.20600000000000002,0.20500000000000002,2.117907386975251,3.057171445209782,1.0,3,PROJECT001C__016.DZT
0.20600000000000002,0.21000000000000002,2.117907386975251,3.0589938762865376,1.0,3,PROJECT001C__016.DZT
0.20600000000000002,0.21500000000000002,2.117907386975251,3.0607443834165564,1.0,3,PROJECT001C__016.DZT
0.20600000000000002,0.22000000000000003,2.117907386975251,3.0626258123517585,1.0,3,PROJECT001C__016.DZT
0.20600000000000002,0.22500000000000003,2.117907386975251,3.064471020259422,1.0,3,PROJECT001C__016.DZT
0.20600000000000002,0.23000000000000004,2.117907386975251,3.066307228050006,1.0,3,PROJECT001C__016.DZT
0.20600000000000002,0.23500000000000004,2.117907386975251,3.068106531333586,1.0,3,PROJECT001C__016.DZT
0.20600000000000002,0.24,2.117907386975251,3.0699977016424973,1.0,3,PROJECT001C__016.DZT
0.20600000000000002,0.245,2.117907386975251,3.071928247950582,1.0,3,PROJECT001C__016.DZT
0.20600000000000002,0.25,2.117907386975251,3.0738329986919126,1.0,3,PROJECT001C__016.DZT
0.20800000000000002,-0.05,2.0773742112075104,2.970504560251758,1.0,3,PROJECT001C__016.DZT
0.20800000000000002,-0.045000000000000005,2.0773742112075104,2.9718159756207068,1.0,3,PROJECT001C__016.DZT
0.20800000000000002,-0.04,2.0773742112075104,2.9732252271570325,1.0,3,PROJECT001C__016.DZT
0.20800000000000002,-0.035,2.0773742112075104,2.974686776331891,1.0,3,PROJECT001C__016.DZT
0.20800000000000002,-0.030000000000000002,2.0773742112075104,2.9761415061068406,1.0,3,PROJECT001C__016.DZT
0.20800000000000002,-0.025,2.0773742112075104,2.9775668522314747,1.0,3,PROJECT001C__016.DZT
0.20800000000000002,-0.020000000000000004,2.0773742112075104,2.979099106247977,1.0,3,PROJECT001C__016.DZT
0.20800000000000002,-0.015,2.0773742112075104,2.9806432457514607,1.0,3,PROJECT001C__016.DZT
0.20800000000000002,-0.010000000000000002,2.0773742112075104,2.982115943486059,1.0,3,PROJECT001C__016.DZT
0.20800000000000002,-0.0050000000000000044,2.0773742112075104,2.98359169678263,1.0,3,PROJECT001C__016.DZT
0.20800000000000002,0.0,2.0773742112075104,2.985093104875055,1.0,3,PROJECT001C__016.DZT
0.20800000000000002,0.0049999999999999975,2.0773742112075104,2.9866198573557585,1.0,3,PROJECT001C__016.DZT
0.20800000000000002,0.009999999999999995,2.0773742112075104,2.9880303768671665,1.0,3,PROJECT001C__016.DZT
0.20800000000000002,0.015,2.0773742112075104,2.9895276826720525,1.0,3,PROJECT001C__016.DZT
0.20800000000000002,0.020000000000000004,2.0773742112075104,2.991074135813895,1.0,3,PROJECT001C__016.DZT
0.20800000000000002,0.024999999999999994,2.0773742112075104,2.992680868092471,1.0,3,PROJECT001C__016.DZT
0.20800000000000002,0.03,2.0773742112075104,2.99429656751105,1.0,3,PROJECT001C__016.DZT
0.20800000000000002,0.035,2.0773742112075104,2.9959121186313156,1.0,3,PROJECT001C__016.DZT
0.20800000000000002,0.039999999999999994,2.0773742112075104,2.9975414110295446,1.0,3,PROJECT001C__016.DZT
0.20800000000000002,0.045,2.0773742112075104,2.9991088278793625,1.0,3,PROJECT001C__016.DZT
0.20800000000000002,0.05,2.0773742112075104,3.000720398088754,1.0,3,PROJECT001C__016.DZT
0.20800000000000002,0.05499999999999999,2.0773742112075104,3.0023062057615792,1.0,3,PROJECT001C__016.DZT
0.20800000000000002,0.06,2.0773742112075104,3.003849827526531,1.0,3,PROJECT001C__016.DZT
0.20800000000000002,0.065,2.0773742112075104,3.0054027182114424,1.0,3,PROJECT001C__016.DZT
0.20800000000000002,0.06999999999999999,2.0773742112075104,3.007076574778092,1.0,3,PROJECT001C__016.DZT
0.20800000000000002,0.075,2.0773742112075104,3.0087990594115044,1.0,3,PROJECT001C__016.DZT
0.20800000000000002,0.08,2.0773742112075104,3.010493200447842,1.0,3,PROJECT001C__016.DZT
0.20800000000000002,0.085,2.0773742112075104,3.0122157259664015,1.0,3,PROJECT001C__016.DZT
0.20800000000000002,0.09000000000000001,2.0773742112075104,3.013937489745215,1.0,3,PROJECT001C__016.DZT
0.20800000000000002,0.09499999999999999,2.0773742112075104,3.0156455621686065,1.0,3,PROJECT001C__016.DZT
0.20800000000000002,0.09999999999999999,2.0773742112075104,3.0173700752647554,1.0,3,PROJECT001C__016.DZT
0.20800000000000002,0.105,2.0773742112075104,3.0190529619524873,1.0,3,PROJECT001C__016.DZT
0.20800000000000002,0.11,2.0773742112075104,3.0206144182597554,1.0,3,PROJECT001C__016.DZT
0.20800000000000002,0.115,2.0773742112075104,3.0222978230960766,1.0,3,PROJECT001C__016.DZT
0.20800000000000002,0.12000000000000001,2.0773742112075104,3.0240171509596707,1.0,3,PROJECT001C__016.DZT
0.20800000000000002,0.125,2.0773742112075104,3.025752381715458,1.0,3,PROJECT001C__016.DZT
0.20800000000000002,0.13,2.0773742112075104,3.027460510526122,1.0,3,PROJECT001C__016.DZT
0.20800000000000002,0.135,2.0773742112075104,3.0291903945982437,1.0,3,PROJECT001C__016.DZT
0.20800000000000002,0.14,2.0773742112075104,3.03095255947972,1.0,3,PROJECT001C__016.DZT
0.20800000000000002,0.14500000000000002,2.0773742112075104,3.032707045425809,1.0,3,PROJECT001C__016.DZT
0.20800000000000002,0.15000000000000002,2.0773742112075104,3.0344916147909284,1.0,3,PROJECT001C__016.DZT
0.20800000000000002,0.15500000000000003,2.0773742112075104,3.0362000930444686,1.0,3,PROJECT001C__016.DZT
0.20800000000000002,0.15999999999999998,2.0773742112075104,3.037899915332027,1.0,3,PROJECT001C__016.DZT
0.20800000000000002,0.16499999999999998,2.0773742112075104,3.0395987931804065,1.0,3,PROJECT001C__016.DZT
0.20800000000000002,0.16999999999999998,2.0773742112075104,3.041355866364704,1.0,3,PROJECT001C__016.DZT
0.20800000000000002,0.175,2.0773742112075104,3.0431656596067307,1.0,3,PROJECT001C__016.DZT
0.20800000000000002,0.18,2.0773742112075104,3.044906136159186,1.0,3,PROJECT001C__016.DZT
0.20800000000000002,0.185,2.0773742112075104,3.046615766455066,1.0,3,PROJECT001C__016.DZT
0.20800000000000002,0.19,2.0773742112075104,3.04845244188191,1.0,3,PROJECT001C__016.DZT
0.20800000000000002,0.195,2.0773742112075104,3.05028725565354,1.0,3,PROJECT001C__016.DZT
0.20800000000000002,0.2,2.0773742112075104,3.0521025623650218,1.0,3,PROJECT001C__016.DZT
0.20800000000000002,0.20500000000000002,2.0773742112075104,3.0539273042790778,1.0,3,PROJECT001C__016.DZT
0.20800000000000002,0.21000000000000002,2.0773742112075104,3.0557056549211645,1.0,3,PROJECT001C__016.DZT
0.20800000000000002,0.21500000000000002,2.0773742112075104,3.057453678283652,1.0,3,PROJECT001C__016.DZT
0.20800000000000002,0.22000000000000003,2.0773742112075104,3.059346206680292,1.0,3,PROJECT001C__016.DZT
0.20800000000000002,0.22500000000000003,2.0773742112075104,3.061227148187294,1.0,3,PROJECT001C__016.DZT
0.20800000000000002,0.23000000000000004,2.0773742112075104,3.062984134415057,1.0,3,PROJECT001C__016.DZT
0.20800000000000002,0.23500000000000004,2.0773742112075104,3.064801667869648,1.0,3,PROJECT001C__016.DZT
0.20800000000000002,0.24,2.0773742112075104,3.0667579811480192,1.0,3,PROJECT001C__016.DZT
0.20800000000000002,0.245,2.0773742112075104,3.0687129922418426,1.0,3,PROJECT001C__016.DZT
0.20800000000000002,0.25,2.0773742112075104,3.070592885573119,1.0,3,PROJECT001C__016.DZT
0.21000000000000002,-0.05,2.037993602577817,2.966308184458128,1.0,3,PROJECT001C__016.DZT
0.21000000000000002,-0.045000000000000005,2.037993602577817,2.9677269452161927,1.0,3,PROJECT001C__016.DZT
0.21000000000000002,-0.04,2.037993602577817,2.9690840797736975,1.0,3,PROJECT001C__016.DZT
0.21000000000000002,-0.035,2.037993602577817,2.970547848153753,1.0,3,PROJECT001C__016.DZT
0.21000000000000002,-0.030000000000000002,2.037993602577817,2.97201024493876,1.0,3,PROJECT001C__016.DZT
0.21000000000000002,-0.025,2.037993602577817,2.9734502331416315,1.0,3,PROJECT001C__016.DZT
0.21000000000000002,-0.020000000000000004,2.037993602577817,2.9748521541575315,1.0,3,PROJECT001C__016.DZT
0.21000000000000002,-0.015,2.037993602577817,2.976354863168597,1.0,3,PROJECT001C__016.DZT
0.21000000000000002,-0.010000000000000002,2.037993602577817,2.97780215844575,1.0,3,PROJECT001C__016.DZT
0.21000000000000002,-0.0050000000000000044,2.037993602577817,2.9792631378729957,1.0,3,PROJECT001C__016.DZT
0.21000000000000002,0.0,2.037993602577817,2.9807952026565414,1.0,3,PROJECT001C__016.DZT
0.21000000000000002,0.0049999999999999975,2.037993602577817,2.9823798390383645,1.0,3,PROJECT001C__016.DZT
0.21000000000000002,0.009999999999999995,2.037993602577817,2.9839144782266467,1.0,3,PROJECT001C__016.DZT
0.21000000000000002,0.015,2.037993602577817,2.9854000781740773,1.0,3,PROJECT001C__016.DZT
0.21000000000000002,0.020000000000000004,2.037993602577817,2.9869549411002723,1.0,3,PROJECT001C__016.DZT
0.21000000000000002,0.024999999999999994,2.037993602577817,2.9885347674104494,1.0,3,PROJECT001C__016.DZT
0.21000000000000002,0.03,2.037993602577817,2.9900879184538582,1.0,3,PROJECT001C__016.DZT
0.21000000000000002,0.035,2.037993602577817,2.991603862508009,1.0,3,PROJECT001C__016.DZT
0.21000000000000002,0.039999999999999994,2.037993602577817,2.993198500168696,1.0,3,PROJECT001C__016.DZT
0.21000000000000002,0.045,2.037993602577817,2.9948529197790297,1.0,3,PROJECT001C__016.DZT
0.21000000000000002,0.05,2.037993602577817,2.996495845909568,1.0,3,PROJECT001C__016.DZT
0.21000000000000002,0.05499999999999999,2.037993602577817,2.998146201754981,1.0,3,PROJECT001C__016.DZT
0.21000000000000002,0.06,2.037993602577817,2.9997904280057077,1.0,3,PROJECT001C__016.DZT
0.21000000000000002,0.065,2.037993602577817,3.0014422527375264,1.0,3,PROJECT001C__016.DZT
0.21000000000000002,0.06999999999999999,2.037993602577817,3.0030850961909876,1.0,3,PROJECT001C__016.DZT
0.21000000000000002,0.075,2.037993602577817,3.004738903307594,1.0,3,PROJECT001C__016.DZT
0.21000000000000002,0.08,2.037993602577817,3.0063962404264726,1.0,3,PROJECT001C__016.DZT
0.21000000000000002,0.085,2.037993602577817,3.0080936833620875,1.0,3,PROJECT001C__016.DZT
0.21000000000000002,0.09000000000000001,2.037993602577817,3.0098055695478254,1.0,3,PROJECT001C__016.DZT
0.21000000000000002,0.09499999999999999,2.037993602577817,3.0115218930261993,1.0,3,PROJECT001C__016.DZT
0.21000000000000002,0.09999999999999999,2.037993602577817,3.013279375787008,1.0,3,PROJECT001C__016.DZT
0.21000000000000002,0.105,2.037993602577817,3.0150458937117794,1.0,3,PROJECT001C__016.DZT
0.21000000000000002,0.11,2.037993602577817,3.0168046940990134,1.0,3,PROJECT001C__016.DZT
0.21000000000000002,0.115,2.037993602577817,3.018548868321874,1.0,3,PROJECT001C__016.DZT
0.21000000000000002,0.12000000000000001,2.037993602577817,3.0203024482307064,1.0,3,PROJECT001C__016.DZT
0.21000000000000002,0.125,2.037993602577817,3.0220577919047504,1.0,3,PROJECT001C__016.DZT
0.21000000000000002,0.13,2.037993602577817,3.023776404067783,1.0,3,PROJECT001C__016.DZT
0.21000000000000002,0.135,2.037993602577817,3.025509412841735,1.0,3,PROJECT001C__016.DZT
0.21000000000000002,0.14,2.037993602577817,3.027264627629917,1.0,3,PROJECT001C__016.DZT
0.21000000000000002,0.14500000000000002,2.037993602577817,3.0290358545516067,1.0,3,PROJECT001C__016.DZT
0.21000000000000002,0.15000000000000002,2.037993602577817,3.030796112236684,1.0,3,PROJECT001C__016.DZT
0.21000000000000002,0.15500000000000003,2.037993602577817,3.0325786291633183,1.0,3,PROJECT001C__016.DZT
0.21000000000000002,0.15999999999999998,2.037993602577817,3.0343914497811544,1.0,3,PROJECT001C__016.DZT
0.21000000000000002,0.16499999999999998,2.037993602577817,3.036175414304752,1.0,3,PROJECT001C__016.DZT
0.21000000000000002,0.16999999999999998,2.037993602577817,3.0379992067131774,1.0,3,PROJECT001C__016.DZT
0.21000000000000002,0.175,2.037993602577817,3.0398417288419197,1.0,3,PROJECT001C__016.DZT
0.21000000000000002,0.18,2.037993602577817,3.041560019169463,1.0,3,PROJECT001C__016.DZT
0.21000000000000002,0.185,2.037993602577817,3.043307984804508,1.0,3,PROJECT001C__016.DZT
0.21000000000000002,0.19,2.037993602577817,3.045148273208939,1.0,3,PROJECT001C__016.DZT
0.21000000000000002,0.195,2.037993602577817,3.0469522294253957,1.0,3,PROJECT001C__016.DZT
0.21000000000000002,0.2,2.037993602577817,3.048673505280169,1.0,3,PROJECT001C__016.DZT
0.21000000000000002,0.20500000000000002,2.037993602577817,3.0504834072813565,1.0,3,PROJECT001C__016.DZT
0.21000000000000002,0.21000000000000002,2.037993602577817,3.052379937487602,1.0,3,PROJECT001C__016.DZT
0.21000000000000002,0.21500000000000002,2.037993602577817,3.054298014636169,1.0,3,PROJECT001C__016.DZT
0.21000000000000002,0.22000000000000003,2.037993602577817,3.056192085437376,1.0,3,PROJECT001C__016.DZT
0.21000000000000002,0.22500000000000003,2.037993602577817,3.0580214058488777,1.0,3,PROJECT001C__016.DZT
0.21000000000000002,0.23000000000000004,2.037993602577817,3.0598639589785193,1.0,3,PROJECT001C__016.DZT
0.21000000000000002,0.23500000000000004,2.037993602577817,3.0617031077832597,1.0,3,PROJECT001C__016.DZT
0.21000000000000002,0.24,2.037993602577817,3.0636328432809647,1.0,3,PROJECT001C__016.DZT
0.21000000000000002,0.245,2.037993602577817,3.0654618798508846,1.0,3,PROJECT001C__016.DZT
0.21000000000000002,0.25,2.037993602577817,3.0672449182735178,1.0,3,PROJECT001C__016.DZT
0.21200000000000002,-0.05,1.9997222738003237,2.962286018109495,1.0,3,PROJECT001C__016.DZT
0.21200000000000002,-0.045000000000000005,1.9997222738003237,2.963700737635442,1.0,3,PROJECT001C__016.DZT
0.21200000000000002,-0.04,1.9997222738003237,2.96503661676435,1.0,3,PROJECT001C__016.DZT
0.21200000000000002,-0.035,1.9997222738003237,2.9663445260812504,1.0,3,PROJECT001C__016.DZT
0.21200000000000002,-0.030000000000000002,1.9997222738003237,2.9677755674013895,1.0,3,PROJECT001C__016.DZT
0.21200000000000002,-0.025,1.9997222738003237,2.9692670191449886,1.0,3,PROJECT001C__016.DZT
0.21200000000000002,-0.020000000000000004,1.9997222738003237,2.9707044746682754,1.0,3,PROJECT001C__016.DZT
0.21200000000000002,-0.015,1.9997222738003237,2.9721531667751573,1.0,3,PROJECT001C__016.DZT
0.21200000000000002,-0.010000000000000002,1.9997222738003237,2.973697652162762,1.0,3,PROJECT001C__016.DZT
0.21200000000000002,-0.0050000000000000044,1.9997222738003237,2.9752126762171613,1.0,3,PROJECT001C__016.DZT
0.21200000000000002,0.0,1.9997222738003237,2.976713617751004,1.0,3,PROJECT001C__016.DZT
0.21200000000000002,0.0049999999999999975,1.9997222738003237,2.9781781575896615,1.0,3,PROJECT001C__016.DZT
0.21200000000000002,0.009999999999999995,1.9997222738003237,2.979673088499552,1.0,3,PROJECT001C__016.DZT
0.21200000000000002,0.015,1.9997222738003237,2.9811669984960965,1.0,3,PROJECT001C__016.DZT
0.21200000000000002,0.020000000000000004,1.9997222738003237,2.982717264768258,1.0,3,PROJECT001C__016.DZT
0.21200000000000002,0.024999999999999994,1.9997222738003237,2.9842988580086485,1.0,3,PROJECT001C__016.DZT
0.21200000000000002,0.03,1.9997222738003237,2.9858931948467284,1.0,3,PROJECT001C__016.DZT
0.21200000000000002,0.035,1.9997222738003237,2.9874246267832607,1.0,3,PROJECT001C__016.DZT
0.21200000000000002,0.039999999999999994,1.9997222738003237,2.9890431161791136,1.0,3,PROJECT001C__016.DZT
0.21200000000000002,0.045,1.9997222738003237,2.990645014168629,1.0,3,PROJECT001C__016.DZT
0.21200000000000002,0.05,1.9997222738003237,2.992310142030419,1.0,3,PROJECT001C__016.DZT
0.21200000000000002,0.05499999999999999,1.9997222738003237,2.9939272092546254,1.0,3,PROJECT001C__016.DZT
0.21200000000000002,0.06,1.9997222738003237,2.9955912139235203,1.0,3,PROJECT001C__016.DZT
0.21200000000000002,0.065,1.9997222738003237,2.997237485912225,1.0,3,PROJECT001C__016.DZT
0.21200000000000002,0.06999999999999999,1.9997222738003237,2.998912520871684,1.0,3,PROJECT001C__016.DZT
0.21200000000000002,0.075,1.9997222738003237,3.0005796050825246,1.0,3,PROJECT001C__016.DZT
0.21200000000000002,0.08,1.9997222738003237,3.0022681388055257,1.0,3,PROJECT001C__016.DZT
0.21200000000000002,0.085,1.9997222738003237,3.0039784939308416,1.0,3,PROJECT001C__016.DZT
0.21200000000000002,0.09000000000000001,1.9997222738003237,3.0056855083169705,1.0,3,PROJECT001C__016.DZT
0.21200000000000002,0.09499999999999999,1.9997222738003237,3.0074332122970024,1.0,3,PROJECT001C__016.DZT
0.21200000000000002,0.09999999999999999,1.9997222738003237,3.0092311591330954,1.0,3,PROJECT001C__016.DZT
0.21200000000000002,0.105,1.9997222738003237,3.0110137249687305,1.0,3,PROJECT001C__016.DZT
0.21200000000000002,0.11,1.9997222738003237,3.012774307882782,1.0,3,PROJECT001C__016.DZT
0.21200000000000002,0.115,1.9997222738003237,3.01450553058347,1.0,3,PROJECT001C__016.DZT
0.21200000000000002,0.12000000000000001,1.9997222738003237,3.016299010918312,1.0,3,PROJECT001C__016.DZT
0.21200000000000002,0.125,1.9997222738003237,3.018111232259173,1.0,3,PROJECT001C__016.DZT
0.21200000000000002,0.13,1.9997222738003237,3.0198836665875155,1.0,3,PROJECT001C__016.DZT
0.21200000000000002,0.135,1.9997222738003237,3.0216742170083344,1.0,3,PROJECT001C__016.DZT
0.21200000000000002,0.14,1.9997222738003237,3.023488796260139,1.0,3,PROJECT001C__016.DZT
0.21200000000000002,0.14500000000000002,1.9997222738003237,3.025392391279875,1.0,3,PROJECT001C__016.DZT
0.21200000000000002,0.15000000000000002,1.9997222738003237,3.027169817129911,1.0,3,PROJECT001C__016.DZT
0.21200000000000002,0.15500000000000003,1.9997222738003237,3.0289653400091896,1.0,3,PROJECT001C__016.DZT
0.21200000000000002,0.15999999999999998,1.9997222738003237,3.030780226847426,1.0,3,PROJECT001C__016.DZT
0.21200000000000002,0.16499999999999998,1.9997222738003237,3.0325801867055886,1.0,3,PROJECT001C__016.DZT
0.21200000000000002,0.16999999999999998,1.9997222738003237,3.0343801737147476,1.0,3,PROJECT001C__016.DZT
0.21200000000000002,0.175,1.9997222738003237,3.036237638519643,1.0,3,PROJECT001C__016.DZT
0.21200000000000002,0.18,1.9997222738003237,3.038054706503464,1.0,3,PROJECT001C__016.DZT
0.21200000000000002,0.185,1.9997222738003237,3.039919603899573,1.0,3,PROJECT001C__016.DZT
0.21200000000000002,0.19,1.9997222738003237,3.041834541155042,1.0,3,PROJECT001C__016.DZT
0.21200000000000002,0.195,1.9997222738003237,3.043702790518816,1.0,3,PROJECT001C__016.DZT
0.21200000000000002,0.2,1.9997222738003237,3.045495812617503,1.0,3,PROJECT001C__016.DZT
0.21200000000000002,0.20500000000000002,1.9997222738003237,3.047333942442499,1.0,3,PROJECT001C__016.DZT
0.21200000000000002,0.21000000000000002,1.9997222738003237,3.0491619140052126,1.0,3,PROJECT001C__016.DZT
0.21200000000000002,0.21500000000000002,1.9997222738003237,3.050971838061377,1.0,3,PROJECT001C__016.DZT
0.21200000000000002,0.22000000000000003,1.9997222738003237,3.052755778967379,1.0,3,PROJECT001C__016.DZT
0.21200000000000002,0.22500000000000003,1.9997222738003237,3.054681705442505,1.0,3,PROJECT001C__016.DZT
0.21200000000000002,0.23000000000000004,1.9997222738003237,3.056641044019996,1.0,3,PROJECT001C__016.DZT
0.21200000000000002,0.23500000000000004,1.9997222738003237,3.0585506896566343,1.0,3,PROJECT001C__016.DZT
0.21200000000000002,0.24,1.9997222738003237,3.0604958054877085,1.0,3,PROJECT001C__016.DZT
0.21200000000000002,0.245,1.9997222738003237,3.0624189057027937,1.0,3,PROJECT001C__016.DZT
0.21200000000000002,0.25,1.9997222738003237,3.0643454190115116,1.0,3,PROJECT001C__016.DZT
0.21400000000000002,-0.05,1.9625189508621221,2.9582811715456008,1.0,3,PROJECT001C__016.DZT
0.21400000000000002,-0.045000000000000005,1.9625189508621221,2.9596547316146498,1.0,3,PROJECT001C__016.DZT
0.21400000000000002,-0.04,1.9625189508621221,2.961109992922621,1.0,3,PROJECT001C__016.DZT
0.21400000000000002,-0.035,1.9625189508621221,2.96249889731166,1.0,3,PROJECT001C__016.DZT
0.21400000000000002,-0.030000000000000002,1.9625189508621221,2.963868259579597,1.0,3,PROJECT001C__016.DZT
0.21400000000000002,-0.025,1.9625189508621221,2.9652729958059685,1.0,3,PROJECT001C__016.DZT
0.21400000000000002,-0.020000000000000004,1.9625189508621221,2.9666808103706406,1.0,3,PROJECT001C__016.DZT
0.21400000000000002,-0.015,1.9625189508621221,2.9680170751067094,1.0,3,PROJECT001C__016.DZT
0.21400000000000002,-0.010000000000000002,1.9625189508621221,2.9694496895742515,1.0,3,PROJECT001C__016.DZT
0.21400000000000002,-0.0050000000000000044,1.9625189508621221,2.9709703329716084,1.0,3,PROJECT001C__016.DZT
0.21400000000000002,0.0,1.9625189508621221,2.9725140603250075,1.0,3,PROJECT001C__016.DZT
0.21400000000000002,0.0049999999999999975,1.9625189508621221,2.9740052724506683,1.0,3,PROJECT001C__016.DZT
0.21400000000000002,0.009999999999999995,1.9625189508621221,2.9755728044826975,1.0,3,PROJECT001C__016.DZT
0.21400000000000002,0.015,1.9625189508621221,2.9771726254445654,1.0,3,PROJECT001C__016.DZT
0.21400000000000002,0.020000000000000004,1.9625189508621221,2.9787093572773418,1.0,3,PROJECT001C__016.DZT
0.21400000000000002,0.024999999999999994,1.9625189508621221,2.9802083021160457,1.0,3,PROJECT001C__016.DZT
0.21400000000000002,0.03,1.9625189508621221,2.981772844822688,1.0,3,PROJECT001C__016.DZT
0.21400000000000002,0.035,1.9625189508621221,2.9832917619438617,1.0,3,PROJECT001C__016.DZT
0.21400000000000002,0.039999999999999994,1.9625189508621221,2.984834346352427,1.0,3,PROJECT001C__016.DZT
0.21400000000000002,0.045,1.9625189508621221,2.986452818457801,1.0,3,PROJECT001C__016.DZT
0.21400000000000002,0.05,1.9625189508621221,2.988070779443072,1.0,3,PROJECT001C__016.DZT
0.21400000000000002,0.05499999999999999,1.9625189508621221,2.9896688343688744,1.0,3,PROJECT001C__016.DZT
0.21400000000000002,0.06,1.9625189508621221,2.991337529669291,1.0,3,PROJECT001C__016.DZT
0.21400000000000002,0.065,1.9625189508621221,2.9930399181203153,1.0,3,PROJECT001C__016.DZT
0.21400000000000002,0.06999999999999999,1.9625189508621221,2.994752829196066,1.0,3,PROJECT001C__016.DZT
0.21400000000000002,0.075,1.9625189508621221,2.9964842044135707,1.0,3,PROJECT001C__016.DZT
0.21400000000000002,0.08,1.9625189508621221,2.9981930369207337,1.0,3,PROJECT001C__016.DZT
0.21400000000000002,0.085,1.9625189508621221,2.9998627696542637,1.0,3,PROJECT001C__016.DZT
0.21400000000000002,0.09000000000000001,1.9625189508621221,3.0015141489937176,1.0,3,PROJECT001C__016.DZT
0.21400000000000002,0.09499999999999999,1.9625189508621221,3.0032677127154135,1.0,3,PROJECT001C__016.DZT
0.21400000000000002,0.09999999999999999,1.9625189508621221,3.004997353553081,1.0,3,PROJECT001C__016.DZT
0.21400000000000002,0.105,1.9625189508621221,3.006748622867572,1.0,3,PROJECT001C__016.DZT
0.21400000000000002,0.11,1.9625189508621221,3.008608369425678,1.0,3,PROJECT001C__016.DZT
0.21400000000000002,0.115,1.9625189508621221,3.010456323847079,1.0,3,PROJECT001C__016.DZT
0.21400000000000002,0.12000000000000001,1.9625189508621221,3.0122987911871273,1.0,3,PROJECT001C__016.DZT
0.21400000000000002,0.125,1.9625189508621221,3.0141649442397913,1.0,3,PROJECT001C__016.DZT
0.21400000000000002,0.13,1.9625189508621221,3.0159952107468198,1.0,3,PROJECT001C__016.DZT
0.21400000000000002,0.135,1.9625189508621221,3.0177248305887177,1.0,3,PROJECT001C__016.DZT
0.21400000000000002,0.14,1.9625189508621221,3.01954553354611,1.0,3,PROJECT001C__016.DZT
0.21400000000000002,0.14500000000000002,1.9625189508621221,3.0214056246524312,1.0,3,PROJECT001C__016.DZT
0.21400000000000002,0.15000000000000002,1.9625189508621221,3.0231935203588827,1.0,3,PROJECT001C__016.DZT
0.21400000000000002,0.15500000000000003,1.9625189508621221,3.0250855261734118,1.0,3,PROJECT001C__016.DZT
0.21400000000000002,0.15999999999999998,1.9625189508621221,3.027038865954315,1.0,3,PROJECT001C__016.DZT
0.21400000000000002,0.16499999999999998,1.9625189508621221,3.028959384396117,1.0,3,PROJECT001C__016.DZT
0.21400000000000002,0.16999999999999998,1.9625189508621221,3.0308099919254956,1.0,3,PROJECT001C__016.DZT
0.21400000000000002,0.175,1.9625189508621221,3.0327103899372427,1.0,3,PROJECT001C__016.DZT
0.21400000000000002,0.18,1.9625189508621221,3.034564573863161,1.0,3,PROJECT001C__016.DZT
0.21400000000000002,0.185,1.9625189508621221,3.0363623967506554,1.0,3,PROJECT001C__016.DZT
0.21400000000000002,0.19,1.9625189508621221,3.0382215203332112,1.0,3,PROJECT001C__016.DZT
0.21400000000000002,0.195,1.9625189508621221,3.040124126662295,1.0,3,PROJECT001C__016.DZT
0.21400000000000002,0.2,1.9625189508621221,3.042042081308837,1.0,3,PROJECT001C__016.DZT
0.21400000000000002,0.20500000000000002,1.9625189508621221,3.0439358122169082,1.0,3,PROJECT001C__016.DZT
0.21400000000000002,0.21000000000000002,1.9625189508621221,3.0459255113316424,1.0,3,PROJECT001C__016.DZT
0.21400000000000002,0.21500000000000002,1.9625189508621221,3.047846452307388,1.0,3,PROJECT001C__016.DZT
0.21400000000000002,0.22000000000000003,1.9625189508621221,3.0497347820934984,1.0,3,PROJECT001C__016.DZT
0.21400000000000002,0.22500000000000003,1.9625189508621221,3.051585714835286,1.0,3,PROJECT001C__016.DZT
0.21400000000000002,0.23000000000000004,1.9625189508621221,3.0534321763431542,1.0,3,PROJECT001C__016.DZT
0.21400000000000002,0.23500000000000004,1.9625189508621221,3.0552875803362785,1.0,3,PROJECT001C__016.DZT
0.21400000000000002,0.24,1.9625189508621221,3.0571844063703435,1.0,3,PROJECT001C__016.DZT
0.21400000000000002,0.245,1.9625189508621221,3.0591405222337613,1.0,3,PROJECT001C__016.DZT
0.21400000000000002,0.25,1.9625189508621221,3.0611224129929853,1.0,3,PROJECT001C__016.DZT
0.21600000000000003,-0.05,1.926344261695853,2.9545316897595195,1.0,3,PROJECT001C__016.DZT
0.21600000000000003,-0.045000000000000005,1.926344261695853,2.9557954642982516,1.0,3,PROJECT001C__016.DZT
0.21600000000000003,-0.04,1.926344261695853,2.9570947520535458,1.0,3,PROJECT001C__016.DZT
0.21600000000000003,-0.035,1.926344261695853,2.9584531621998806,1.0,3,PROJECT001C__016.DZT
0.21600000000000003,-0.030000000000000002,1.926344261695853,2.9598510386387624,1.0,3,PROJECT001C__016.DZT
0.21600000000000003,-0.025,1.926344261695853,2.9612482700001297,1.0,3,PROJECT001C__016.DZT
0.21600000000000003,-0.020000000000000004,1.926344261695853,2.962727533354915,1.0,3,PROJECT001C__016.DZT
0.21600000000000003,-0.015,1.926344261695853,2.964219977473709,1.0,3,PROJECT001C__016.DZT
0.21600000000000003,-0.010000000000000002,1.926344261695853,2.9656116037673628,1.0,3,PROJECT001C__016.DZT
0.21600000000000003,-0.0050000000000000044,1.926344261695853,2.9670009571751894,1.0,3,PROJECT001C__016.DZT
0.21600000000000003,0.0,1.926344261695853,2.968478469738882,1.0,3,PROJECT001C__016.DZT
0.21600000000000003,0.0049999999999999975,1.926344261695853,2.969932838935286,1.0,3,PROJECT001C__016.DZT
0.21600000000000003,0.009999999999999995,1.926344261695853,2.971356342925322,1.0,3,PROJECT001C__016.DZT
0.21600000000000003,0.015,1.926344261695853,2.9728871753425548,1.0,3,PROJECT001C__016.DZT
0.21600000000000003,0.020000000000000004,1.926344261695853,2.9745055549825454,1.0,3,PROJECT001C__016.DZT
0.21600000000000003,0.024999999999999994,1.926344261695853,2.976049648971904,1.0,3,PROJECT001C__016.DZT
0.21600000000000003,0.03,1.926344261695853,2.977663057880193,1.0,3,PROJECT001C__016.DZT
0.21600000000000003,0.035,1.926344261695853,2.9793209130027805,1.0,3,PROJECT001C__016.DZT
0.21600000000000003,0.039999999999999994,1.926344261695853,2.9808634377061467,1.0,3,PROJECT001C__016.DZT
0.21600000000000003,0.045,1.926344261695853,2.982452243621522,1.0,3,PROJECT001C__016.DZT
0.21600000000000003,0.05,1.926344261695853,2.984070518207353,1.0,3,PROJECT001C__016.DZT
0.21600000000000003,0.05499999999999999,1.926344261695853,2.985663386573537,1.0,3,PROJECT001C__016.DZT
0.21600000000000003,0.06,1.926344261695853,2.987180365054917,1.0,3,PROJECT001C__016.DZT
0.21600000000000003,0.065,1.926344261695853,2.9888092975599765,1.0,3,PROJECT001C__016.DZT
0.21600000000000003,0.06999999999999999,1.926344261695853,2.990488641117666,1.0,3,PROJECT001C__016.DZT
0.21600000000000003,0.075,1.926344261695853,2.9921660824563205,1.0,3,PROJECT001C__016.DZT
0.21600000000000003,0.08,1.926344261695853,2.9938860877751456,1.0,3,PROJECT001C__016.DZT
0.21600000000000003,0.085,1.926344261695853,2.9956782003784834,1.0,3,PROJECT001C__016.DZT
0.21600000000000003,0.09000000000000001,1.926344261695853,2.997462972980955,1.0,3,PROJECT001C__016.DZT
0.21600000000000003,0.09499999999999999,1.926344261695853,2.999246560770961,1.0,3,PROJECT001C__016.DZT
0.21600000000000003,0.09999999999999999,1.926344261695853,3.001009931143351,1.0,3,PROJECT001C__016.DZT
0.21600000000000003,0.105,1.926344261695853,3.0026795321943514,1.0,3,PROJECT001C__016.DZT
0.21600000000000003,0.11,1.926344261695853,3.004361164764966,1.0,3,PROJECT001C__016.DZT
0.21600000000000003,0.115,1.926344261695853,3.0061698264132093,1.0,3,PROJECT001C__016.DZT
0.21600000000000003,0.12000000000000001,1.926344261695853,3.008010911654463,1.0,3,PROJECT001C__016.DZT
0.21600000000000003,0.125,1.926344261695853,3.0098806600217505,1.0,3,PROJECT001C__016.DZT
0.21600000000000003,0.13,1.926344261695853,3.011828808883919,1.0,3,PROJECT001C__016.DZT
0.21600000000000003,0.135,1.926344261695853,3.0137456285144246,1.0,3,PROJECT001C__016.DZT
0.21600000000000003,0.14,1.926344261695853,3.0156372270955547,1.0,3,PROJECT001C__016.DZT
0.21600000000000003,0.14500000000000002,1.926344261695853,3.017565781119797,1.0,3,PROJECT001C__016.DZT
0.21600000000000003,0.15000000000000002,1.926344261695853,3.019420266124454,1.0,3,PROJECT001C__016.DZT
0.21600000000000003,0.15500000000000003,1.926344261695853,3.0211866258694777,1.0,3,PROJECT001C__016.DZT
0.21600000000000003,0.15999999999999998,1.926344261695853,3.023032570235374,1.0,3,PROJECT001C__016.DZT
0.21600000000000003,0.16499999999999998,1.926344261695853,3.0249371780455765,1.0,3,PROJECT001C__016.DZT
0.21600000000000003,0.16999999999999998,1.926344261695853,3.0268666467897773,1.0,3,PROJECT001C__016.DZT
0.21600000000000003,0.175,1.926344261695853,3.028835618958564,1.0,3,PROJECT001C__016.DZT
0.21600000000000003,0.18,1.926344261695853,3.030846026153822,1.0,3,PROJECT001C__016.DZT
0.21600000000000003,0.185,1.926344261695853,3.0328012589082682,1.0,3,PROJECT001C__016.DZT
0.21600000000000003,0.19,1.926344261695853,3.034764927008806,1.0,3,PROJECT001C__016.DZT
0.21600000000000003,0.195,1.926344261695853,3.0367119547533536,1.0,3,PROJECT001C__016.DZT
0.21600000000000003,0.2,1.926344261695853,3.038596839058362,1.0,3,PROJECT001C__016.DZT
0.21600000000000003,0.20500000000000002,1.926344261695853,3.0404035734761012,1.0,3,PROJECT001C__016.DZT
0.21600000000000003,0.21000000000000002,1.926344261695853,3.042364558046341,1.0,3,PROJECT001C__016.DZT
0.21600000000000003,0.21500000000000002,1.926344261695853,3.0443473581326472,1.0,3,PROJECT001C__016.DZT
0.21600000000000003,0.22000000000000003,1.926344261695853,3.046292386594591,1.0,3,PROJECT001C__016.DZT
0.21600000000000003,0.22500000000000003,1.926344261695853,3.048276718048534,1.0,3,PROJECT001C__016.DZT
0.21600000000000003,0.23000000000000004,1.926344261695853,3.0503424050361105,1.0,3,PROJECT001C__016.DZT
0.21600000000000003,0.23500000000000004,1.926344261695853,3.0523114237805307,1.0,3,PROJECT001C__016.DZT
0.21600000000000003,0.24,1.926344261695853,3.054183581845733,1.0,3,PROJECT001C__016.DZT
0.21600000000000003,0.245,1.926344261695853,3.0561112936137307,1.0,3,PROJECT001C__016.DZT
0.21600000000000003,0.25,1.926344261695853,3.058018188584016,1.0,3,PROJECT001C__016.DZT
0.21800000000000003,-0.05,1.891160631968726,2.950822391328947,1.0,3,PROJECT001C__016.DZT
0.21800000000000003,-0.045000000000000005,1.891160631968726,2.9521544009448424,1.0,3,PROJECT001C__016.DZT
0.21800000000000003,-0.04,1.891160631968726,2.9534446955810147,1.0,3,PROJECT001C__016.DZT
0.21800000000000003,-0.035,1.891160631968726,2.954760360065308,1.0,3,PROJECT001C__016.DZT
0.21800000000000003,-0.030000000000000002,1.891160631968726,2.9560998967918906,1.0,3,PROJECT001C__016.DZT
0.21800000000000003,-0.025,1.891160631968726,2.957478849606245,1.0,3,PROJECT001C__016.DZT
0.21800000000000003,-0.020000000000000004,1.891160631968726,2.9587657068374114,1.0,3,PROJECT001C__016.DZT
0.21800000000000003,-0.015,1.891160631968726,2.9601492317356857,1.0,3,PROJECT001C__016.DZT
0.21800000000000003,-0.010000000000000002,1.891160631968726,2.9615902649303703,1.0,3,PROJECT001C__016.DZT
0.21800000000000003,-0.0050000000000000044,1.891160631968726,2.963064314126013,1.0,3,PROJECT001C__016.DZT
0.21800000000000003,0.0,1.891160631968726,2.964536297588317,1.0,3,PROJECT001C__016.DZT
0.21800000000000003,0.0049999999999999975,1.891160631968726,2.966072486172886,1.0,3,PROJECT001C__016.DZT
0.21800000000000003,0.009999999999999995,1.891160631968726,2.967527458473374,1.0,3,PROJECT001C__016.DZT
0.21800000000000003,0.015,1.891160631968726,2.9689633888435036,1.0,3,PROJECT001C__016.DZT
0.21800000000000003,0.020000000000000004,1.891160631968726,2.970469107025569,1.0,3,PROJECT001C__016.DZT
0.21800000000000003,0.024999999999999994,1.891160631968726,2.9720331925271606,1.0,3,PROJECT001C__016.DZT
0.21800000000000003,0.03,1.891160631968726,2.9734726190359475,1.0,3,PROJECT001C__016.DZT
0.21800000000000003,0.035,1.891160631968726,2.9750732889302007,1.0,3,PROJECT001C__016.DZT
0.21800000000000003,0.039999999999999994,1.891160631968726,2.9766951338883865,1.0,3,PROJECT001C__016.DZT
0.21800000000000003,0.045,1.891160631968726,2.9783538122902584,1.0,3,PROJECT001C__016.DZT
0.21800000000000003,0.05,1.891160631968726,2.979962450722587,1.0,3,PROJECT001C__016.DZT
0.21800000000000003,0.05499999999999999,1.891160631968726,2.981634133042584,1.0,3,PROJECT001C__016.DZT
0.21800000000000003,0.06,1.891160631968726,2.983269306620072,1.0,3,PROJECT001C__016.DZT
0.21800000000000003,0.065,1.891160631968726,2.984911503076636,1.0,3,PROJECT001C__016.DZT
0.21800000000000003,0.06999999999999999,1.891160631968726,2.986582454257904,1.0,3,PROJECT001C__016.DZT
0.21800000000000003,0.075,1.891160631968726,2.9882099445909263,1.0,3,PROJECT001C__016.DZT
0.21800000000000003,0.08,1.891160631968726,2.989718769546275,1.0,3,PROJECT001C__016.DZT
0.21800000000000003,0.085,1.891160631968726,2.99141811566087,1.0,3,PROJECT001C__016.DZT
0.21800000000000003,0.09000000000000001,1.891160631968726,2.9931687412176786,1.0,3,PROJECT001C__016.DZT
0.21800000000000003,0.09499999999999999,1.891160631968726,2.994922104871471,1.0,3,PROJECT001C__016.DZT
0.21800000000000003,0.09999999999999999,1.891160631968726,2.9967073444875076,1.0,3,PROJECT001C__016.DZT
0.21800000000000003,0.105,1.891160631968726,2.998586593078809,1.0,3,PROJECT001C__016.DZT
0.21800000000000003,0.11,1.891160631968726,3.0004140301583164,1.0,3,PROJECT001C__016.DZT
0.21800000000000003,0.115,1.891160631968726,3.002211330022059,1.0,3,PROJECT001C__016.DZT
0.21800000000000003,0.12000000000000001,1.891160631968726,3.0040128594677014,1.0,3,PROJECT001C__016.DZT
0.21800000000000003,0.125,1.891160631968726,3.0057357985951385,1.0,3,PROJECT001C__016.DZT
0.21800000000000003,0.13,1.891160631968726,3.0074804842259675,1.0,3,PROJECT001C__016.DZT
0.21800000000000003,0.135,1.891160631968726,3.0094109764934527,1.0,3,PROJECT001C__016.DZT
0.21800000000000003,0.14,1.891160631968726,3.011387193572928,1.0,3,PROJECT001C__016.DZT
0.21800000000000003,0.14500000000000002,1.891160631968726,3.013327902227376,1.0,3,PROJECT001C__016.DZT
0.21800000000000003,0.15000000000000002,1.891160631968726,3.015340906630539,1.0,3,PROJECT001C__016.DZT
0.21800000000000003,0.15500000000000003,1.891160631968726,3.0173007437752415,1.0,3,PROJECT001C__016.DZT
0.21800000000000003,0.15999999999999998,1.891160631968726,3.0192272611919138,1.0,3,PROJECT001C__016.DZT
0.21800000000000003,0.16499999999999998,1.891160631968726,3.02117670970104,1.0,3,PROJECT001C__016.DZT
0.21800000000000003,0.16999999999999998,1.891160631968726,3.023081675325393,1.0,3,PROJECT001C__016.DZT
0.21800000000000003,0.175,1.891160631968726,3.024867717016862,1.0,3,PROJECT001C__016.DZT
0.21800000000000003,0.18,1.891160631968726,3.0268170677636683,1.0,3,PROJECT001C__016.DZT
0.21800000000000003,0.185,1.891160631968726,3.0288698835138668,1.0,3,PROJECT001C__016.DZT
0.21800000000000003,0.19,1.891160631968726,3.030830684644507,1.0,3,PROJECT001C__016.DZT
0.21800000000000003,0.195,1.891160631968726,3.0328680510725667,1.0,3,PROJECT001C__016.DZT
0.21800000000000003,0.2,1.891160631968726,3.0349629732446526,1.0,3,PROJECT001C__016.DZT
0.21800000000000003,0.20500000000000002,1.891160631968726,3.0369834296318747,1.0,3,PROJECT001C__016.DZT
0.21800000000000003,0.21000000000000002,1.891160631968726,3.0389585457462065,1.0,3,PROJECT001C__016.DZT
0.21800000000000003,0.21500000000000002,1.891160631968726,3.040963526272932,1.0,3,PROJECT001C__016.DZT
0.21800000000000003,0.22000000000000003,1.891160631968726,3.042842011144774,1.0,3,PROJECT001C__016.DZT
0.21800000000000003,0.22500000000000003,1.891160631968726,3.044781946494107,1.0,3,PROJECT001C__016.DZT
0.21800000000000003,0.23000000000000004,1.891160631968726,3.0468051336585162,1.0,3,PROJECT001C__016.DZT
0.21800000000000003,0.23500000000000004,1.891160631968726,3.04883692569223,1.0,3,PROJECT001C__016.DZT
0.21800000000000003,0.24,1.891160631968726,3.050866111053176,1.0,3,PROJECT001C__016.DZT
0.21800000000000003,0.245,1.891160631968726,3.0530055881707683,1.0,3,PROJECT001C__016.DZT
0.21800000000000003,0.25,1.891160631968726,3.0550300917184336,1.0,3,PROJECT001C__016.DZT
0.22,-0.05,1.8569321874727633,2.947367729740364,1.0,3,PROJECT001C__016.DZT
0.22,-0.045000000000000005,1.8569321874727633,2.9485750303326483,1.0,3,PROJECT001C__016.DZT
0.22,-0.04,1.8569321874727633,2.949820907048743,1.0,3,PROJECT001C__016.DZT
0.22,-0.035,1.8569321874727633,2.9511106041627464,1.0,3,PROJECT001C__016.DZT
0.22,-0.030000000000000002,1.8569321874727633,2.95242532306893,1.0,3,PROJECT001C__016.DZT
0.22,-0.025,1.8569321874727633,2.9538011985083883,1.0,3,PROJECT001C__016.DZT
0.22,-0.020000000000000004,1.8569321874727633,2.955158101621603,1.0,3,PROJECT001C__016.DZT
0.22,-0.015,1.8569321874727633,2.9564963329628866,1.0,3,PROJECT001C__016.DZT
0.22,-0.010000000000000002,1.8569321874727633,2.9578928162252147,1.0,3,PROJECT001C__016.DZT
0.22,-0.0050000000000000044,1.8569321874727633,2.9592857295126134,1.0,3,PROJECT001C__016.DZT
0.22,0.0,1.8569321874727633,2.96066549657685,1.0,3,PROJECT001C__016.DZT
0.22,0.0049999999999999975,1.8569321874727633,2.9620491425082225,1.0,3,PROJECT001C__016.DZT
0.22,0.009999999999999995,1.8569321874727633,2.9635423273473744,1.0,3,PROJECT001C__016.DZT
0.22,0.015,1.8569321874727633,2.9650631984050975,1.0,3,PROJECT001C__016.DZT
0.22,0.020000000000000004,1.8569321874727633,2.9665542109953518,1.0,3,PROJECT001C__016.DZT
0.22,0.024999999999999994,1.8569321874727633,2.9681067510950747,1.0,3,PROJECT001C__016.DZT
0.22,0.03,1.8569321874727633,2.9696418020127227,1.0,3,PROJECT001C__016.DZT
0.22,0.035,1.8569321874727633,2.9711220492172914,1.0,3,PROJECT001C__016.DZT
0.22,0.039999999999999994,1.8569321874727633,2.972686357707207,1.0,3,PROJECT001C__016.DZT
0.22,0.045,1.8569321874727633,2.9743051993581715,1.0,3,PROJECT001C__016.DZT
0.22,0.05,1.8569321874727633,2.9758640149769757,1.0,3,PROJECT001C__016.DZT
0.22,0.05499999999999999,1.8569321874727633,2.9774593142947015,1.0,3,PROJECT001C__016.DZT
0.22,0.06,1.8569321874727633,2.9791333482149294,1.0,3,PROJECT001C__016.DZT
0.22,0.065,1.8569321874727633,2.9808330628830055,1.0,3,PROJECT001C__016.DZT
0.22,0.06999999999999999,1.8569321874727633,2.9824623129623977,1.0,3,PROJECT001C__016.DZT
0.22,0.075,1.8569321874727633,2.98420256092002,1.0,3,PROJECT001C__016.DZT
0.22,0.08,1.8569321874727633,2.985900754548434,1.0,3,PROJECT001C__016.DZT
0.22,0.085,1.8569321874727633,2.9875825282983777,1.0,3,PROJECT001C__016.DZT
0.22,0.09000000000000001,1.8569321874727633,2.9892757123579563,1.0,3,PROJECT001C__016.DZT
0.22,0.09499999999999999,1.8569321874727633,2.9909357099825864,1.0,3,PROJECT001C__016.DZT
0.22,0.09999999999999999,1.8569321874727633,2.992550998484251,1.0,3,PROJECT001C__016.DZT
0.22,0.105,1.8569321874727633,2.9942986636174713,1.0,3,PROJECT001C__016.DZT
0.22,0.11,1.8569321874727633,2.996126825912605,1.0,3,PROJECT001C__016.DZT
0.22,0.115,1.8569321874727633,2.997967465107644,1.0,3,PROJECT001C__016.DZT
0.22,0.12000000000000001,1.8569321874727633,2.999837204014586,1.0,3,PROJECT001C__016.DZT
0.22,0.125,1.8569321874727633,3.001748806860949,1.0,3,PROJECT001C__016.DZT
0.22,0.13,1.8569321874727633,3.003559704209872,1.0,3,PROJECT001C__016.DZT
0.22,0.135,1.8569321874727633,3.0053813509828715,1.0,3,PROJECT001C__016.DZT
0.22,0.14,1.8569321874727633,3.0072694680992775,1.0,3,PROJECT001C__016.DZT
0.22,0.14500000000000002,1.8569321874727633,3.00908317632527,1.0,3,PROJECT001C__016.DZT
0.22,0.15000000000000002,1.8569321874727633,3.0109892383015477,1.0,3,PROJECT001C__016.DZT
0.22,0.15500000000000003,1.8569321874727633,3.013020511673542,1.0,3,PROJECT001C__016.DZT
0.22,0.15999999999999998,1.8569321874727633,3.015066395779053,1.0,3,PROJECT001C__016.DZT
0.22,0.16499999999999998,1.8569321874727633,3.0170666933612864,1.0,3,PROJECT001C__016.DZT
0.22,0.16999999999999998,1.8569321874727633,3.019100189498768,1.0,3,PROJECT001C__016.DZT
0.22,0.175,1.8569321874727633,3.0210747963619364,1.0,3,PROJECT001C__016.DZT
0.22,0.18,1.8569321874727633,3.023037046758635,1.0,3,PROJECT001C__016.DZT
0.22,0.185,1.8569321874727633,3.0250338694631957,1.0,3,PROJECT001C__016.DZT
0.22,0.19,1.8569321874727633,3.02698611256161,1.0,3,PROJECT001C__016.DZT
0.22,0.195,1.8569321874727633,3.028942809122997,1.0,3,PROJECT001C__016.DZT
0.22,0.2,1.8569321874727633,3.030981154914181,1.0,3,PROJECT001C__016.DZT
0.22,0.20500000000000002,1.8569321874727633,3.0330766458461773,1.0,3,PROJECT001C__016.DZT
0.22,0.21000000000000002,1.8569321874727633,3.0351052404231367,1.0,3,PROJECT001C__016.DZT
0.22,0.21500000000000002,1.8569321874727633,3.0372697064717715,1.0,3,PROJECT001C__016.DZT
0.22,0.22000000000000003,1.8569321874727633,3.039373166697897,1.0,3,PROJECT001C__016.DZT
0.22,0.22500000000000003,1.8569321874727633,3.0414003532302876,1.0,3,PROJECT001C__016.DZT
0.22,0.23000000000000004,1.8569321874727633,3.043406192413872,1.0,3,PROJECT001C__016.DZT
0.22,0.23500000000000004,1.8569321874727633,3.045525233297378,1.0,3,PROJECT001C__016.DZT
0.22,0.24,1.8569321874727633,3.047432234511278,1.0,3,PROJECT001C__016.DZT
0.22,0.245,1.8569321874727633,3.0494695360662583,1.0,3,PROJECT001C__016.DZT
0.22,0.25,1.8569321874727633,3.0515929064175276,1.0,3,PROJECT001C__016.DZT
