run_number,run_dir,summary_path,status,reason,figure_path,context_summary_path,figure_notes_path,width_px,height_px,unique_colors,nonwhite_fraction
1125,outputs/experiments/1125_coordinate_optimizer_variable_depth_radius_seed365435296162_target1_sources5_txrx60_ringdown050_objectives,outputs/experiments/1125_coordinate_optimizer_variable_depth_radius_seed365435296162_target1_sources5_txrx60_ringdown050_objectives/data/multi_rebar_coordinate_optimizer_summary.json,generated,missing pulse/noise artifacts,outputs/experiments/1125_coordinate_optimizer_variable_depth_radius_seed365435296162_target1_sources5_txrx60_ringdown050_objectives/figures/source_pulse_noise_context.png,outputs/experiments/1125_coordinate_optimizer_variable_depth_radius_seed365435296162_target1_sources5_txrx60_ringdown050_objectives/data/source_pulse_noise_context_summary.json,outputs/experiments/1125_coordinate_optimizer_variable_depth_radius_seed365435296162_target1_sources5_txrx60_ringdown050_objectives/figures/FIGURE_NOTES.md,2314,1379,6412,0.12017840141948966
1124,outputs/experiments/1124_coordinate_optimizer_variable_depth_radius_seed365435296162_target2_sources5_txrx60_ringdown050_objectives,outputs/experiments/1124_coordinate_optimizer_variable_depth_radius_seed365435296162_target2_sources5_txrx60_ringdown050_objectives/data/multi_rebar_coordinate_optimizer_summary.json,skipped,existing valid pulse/noise artifacts,outputs/experiments/1124_coordinate_optimizer_variable_depth_radius_seed365435296162_target2_sources5_txrx60_ringdown050_objectives/figures/source_pulse_noise_context.png,outputs/experiments/1124_coordinate_optimizer_variable_depth_radius_seed365435296162_target2_sources5_txrx60_ringdown050_objectives/data/source_pulse_noise_context_summary.json,outputs/experiments/1124_coordinate_optimizer_variable_depth_radius_seed365435296162_target2_sources5_txrx60_ringdown050_objectives/figures/FIGURE_NOTES.md,2314,1379,6412,0.12019469722087643
1123,outputs/experiments/1123_coordinate_optimizer_variable_depth_radius_seed365435296162_target0_sources8_txrx45_ringdown050_objectives,outputs/experiments/1123_coordinate_optimizer_variable_depth_radius_seed365435296162_target0_sources8_txrx45_ringdown050_objectives/data/multi_rebar_coordinate_optimizer_summary.json,generated,missing pulse/noise artifacts,outputs/experiments/1123_coordinate_optimizer_variable_depth_radius_seed365435296162_target0_sources8_txrx45_ringdown050_objectives/figures/source_pulse_noise_context.png,outputs/experiments/1123_coordinate_optimizer_variable_depth_radius_seed365435296162_target0_sources8_txrx45_ringdown050_objectives/data/source_pulse_noise_context_summary.json,outputs/experiments/1123_coordinate_optimizer_variable_depth_radius_seed365435296162_target0_sources8_txrx45_ringdown050_objectives/figures/FIGURE_NOTES.md,2314,1379,6412,0.12029497907556426
1122,outputs/experiments/1122_coordinate_optimizer_variable_depth_radius_seed365435296162_target0_sources8_txrx50_ringdown050_objectives,outputs/experiments/1122_coordinate_optimizer_variable_depth_radius_seed365435296162_target0_sources8_txrx50_ringdown050_objectives/data/multi_rebar_coordinate_optimizer_summary.json,generated,missing pulse/noise artifacts,outputs/experiments/1122_coordinate_optimizer_variable_depth_radius_seed365435296162_target0_sources8_txrx50_ringdown050_objectives/figures/source_pulse_noise_context.png,outputs/experiments/1122_coordinate_optimizer_variable_depth_radius_seed365435296162_target0_sources8_txrx50_ringdown050_objectives/data/source_pulse_noise_context_summary.json,outputs/experiments/1122_coordinate_optimizer_variable_depth_radius_seed365435296162_target0_sources8_txrx50_ringdown050_objectives/figures/FIGURE_NOTES.md,2314,1379,6412,0.12021569373420168
1121,outputs/experiments/1121_coordinate_optimizer_variable_depth_radius_seed365435296162_target0_sources8_txrx52p5_ringdown050_objectives,outputs/experiments/1121_coordinate_optimizer_variable_depth_radius_seed365435296162_target0_sources8_txrx52p5_ringdown050_objectives/data/multi_rebar_coordinate_optimizer_summary.json,generated,missing pulse/noise artifacts,outputs/experiments/1121_coordinate_optimizer_variable_depth_radius_seed365435296162_target0_sources8_txrx52p5_ringdown050_objectives/figures/source_pulse_noise_context.png,outputs/experiments/1121_coordinate_optimizer_variable_depth_radius_seed365435296162_target0_sources8_txrx52p5_ringdown050_objectives/data/source_pulse_noise_context_summary.json,outputs/experiments/1121_coordinate_optimizer_variable_depth_radius_seed365435296162_target0_sources8_txrx52p5_ringdown050_objectives/figures/FIGURE_NOTES.md,2314,1379,6412,0.12047768007957366
1120,outputs/experiments/1120_coordinate_optimizer_variable_depth_radius_seed365435296162_target0_sources8_txrx60_ringdown050_objectives,outputs/experiments/1120_coordinate_optimizer_variable_depth_radius_seed365435296162_target0_sources8_txrx60_ringdown050_objectives/data/multi_rebar_coordinate_optimizer_summary.json,generated,missing pulse/noise artifacts,outputs/experiments/1120_coordinate_optimizer_variable_depth_radius_seed365435296162_target0_sources8_txrx60_ringdown050_objectives/figures/source_pulse_noise_context.png,outputs/experiments/1120_coordinate_optimizer_variable_depth_radius_seed365435296162_target0_sources8_txrx60_ringdown050_objectives/data/source_pulse_noise_context_summary.json,outputs/experiments/1120_coordinate_optimizer_variable_depth_radius_seed365435296162_target0_sources8_txrx60_ringdown050_objectives/figures/FIGURE_NOTES.md,2314,1379,6412,0.12029466569476836
1119,outputs/experiments/1119_gssi51600s_dzt_qc,,skipped,no compatible coordinate optimizer summary,,,,,,,
1118,outputs/experiments/1118_coordinate_optimizer_variable_depth_radius_seed225851433717_target1_sources5_txrx60_ringdown050_objectives,outputs/experiments/1118_coordinate_optimizer_variable_depth_radius_seed225851433717_target1_sources5_txrx60_ringdown050_objectives/data/multi_rebar_coordinate_optimizer_summary.json,generated,missing pulse/noise artifacts,outputs/experiments/1118_coordinate_optimizer_variable_depth_radius_seed225851433717_target1_sources5_txrx60_ringdown050_objectives/figures/source_pulse_noise_context.png,outputs/experiments/1118_coordinate_optimizer_variable_depth_radius_seed225851433717_target1_sources5_txrx60_ringdown050_objectives/data/source_pulse_noise_context_summary.json,outputs/experiments/1118_coordinate_optimizer_variable_depth_radius_seed225851433717_target1_sources5_txrx60_ringdown050_objectives/figures/FIGURE_NOTES.md,2314,1379,6451,0.12214611943694245
1117,outputs/experiments/1117_coordinate_optimizer_variable_depth_radius_seed225851433717_target2_sources5_txrx60_ringdown050_objectives,outputs/experiments/1117_coordinate_optimizer_variable_depth_radius_seed225851433717_target2_sources5_txrx60_ringdown050_objectives/data/multi_rebar_coordinate_optimizer_summary.json,generated,missing pulse/noise artifacts,outputs/experiments/1117_coordinate_optimizer_variable_depth_radius_seed225851433717_target2_sources5_txrx60_ringdown050_objectives/figures/source_pulse_noise_context.png,outputs/experiments/1117_coordinate_optimizer_variable_depth_radius_seed225851433717_target2_sources5_txrx60_ringdown050_objectives/data/source_pulse_noise_context_summary.json,outputs/experiments/1117_coordinate_optimizer_variable_depth_radius_seed225851433717_target2_sources5_txrx60_ringdown050_objectives/figures/FIGURE_NOTES.md,2314,1379,6451,0.12215802790718663
1116,outputs/experiments/1116_coordinate_optimizer_variable_depth_radius_seed225851433717_target0_sources8_txrx60_ringdown050_objectives,outputs/experiments/1116_coordinate_optimizer_variable_depth_radius_seed225851433717_target0_sources8_txrx60_ringdown050_objectives/data/multi_rebar_coordinate_optimizer_summary.json,generated,missing pulse/noise artifacts,outputs/experiments/1116_coordinate_optimizer_variable_depth_radius_seed225851433717_target0_sources8_txrx60_ringdown050_objectives/figures/source_pulse_noise_context.png,outputs/experiments/1116_coordinate_optimizer_variable_depth_radius_seed225851433717_target0_sources8_txrx60_ringdown050_objectives/data/source_pulse_noise_context_summary.json,outputs/experiments/1116_coordinate_optimizer_variable_depth_radius_seed225851433717_target0_sources8_txrx60_ringdown050_objectives/figures/FIGURE_NOTES.md,2314,1379,6451,0.12227178513609814
1115,outputs/experiments/1115_coordinate_optimizer_variable_depth_radius_seed139583862445_target1_sources9_txrx60_ringdown050_objectives,outputs/experiments/1115_coordinate_optimizer_variable_depth_radius_seed139583862445_target1_sources9_txrx60_ringdown050_objectives/data/multi_rebar_coordinate_optimizer_summary.json,generated,missing pulse/noise artifacts,outputs/experiments/1115_coordinate_optimizer_variable_depth_radius_seed139583862445_target1_sources9_txrx60_ringdown050_objectives/figures/source_pulse_noise_context.png,outputs/experiments/1115_coordinate_optimizer_variable_depth_radius_seed139583862445_target1_sources9_txrx60_ringdown050_objectives/data/source_pulse_noise_context_summary.json,outputs/experiments/1115_coordinate_optimizer_variable_depth_radius_seed139583862445_target1_sources9_txrx60_ringdown050_objectives/figures/FIGURE_NOTES.md,2314,1379,6305,0.12228275346395463
1114,outputs/experiments/1114_coordinate_optimizer_variable_depth_radius_seed139583862445_target1_sources5_txrx60_ringdown050_objectives,outputs/experiments/1114_coordinate_optimizer_variable_depth_radius_seed139583862445_target1_sources5_txrx60_ringdown050_objectives/data/multi_rebar_coordinate_optimizer_summary.json,generated,missing pulse/noise artifacts,outputs/experiments/1114_coordinate_optimizer_variable_depth_radius_seed139583862445_target1_sources5_txrx60_ringdown050_objectives/figures/source_pulse_noise_context.png,outputs/experiments/1114_coordinate_optimizer_variable_depth_radius_seed139583862445_target1_sources5_txrx60_ringdown050_objectives/data/source_pulse_noise_context_summary.json,outputs/experiments/1114_coordinate_optimizer_variable_depth_radius_seed139583862445_target1_sources5_txrx60_ringdown050_objectives/figures/FIGURE_NOTES.md,2314,1379,6305,0.12227930627519973
1113,outputs/experiments/1113_coordinate_optimizer_variable_depth_radius_seed139583862445_target2_sources5_txrx60_ringdown050_objectives,outputs/experiments/1113_coordinate_optimizer_variable_depth_radius_seed139583862445_target2_sources5_txrx60_ringdown050_objectives/data/multi_rebar_coordinate_optimizer_summary.json,generated,missing pulse/noise artifacts,outputs/experiments/1113_coordinate_optimizer_variable_depth_radius_seed139583862445_target2_sources5_txrx60_ringdown050_objectives/figures/source_pulse_noise_context.png,outputs/experiments/1113_coordinate_optimizer_variable_depth_radius_seed139583862445_target2_sources5_txrx60_ringdown050_objectives/data/source_pulse_noise_context_summary.json,outputs/experiments/1113_coordinate_optimizer_variable_depth_radius_seed139583862445_target2_sources5_txrx60_ringdown050_objectives/figures/FIGURE_NOTES.md,2314,1379,6305,0.1222956020765865
1112,outputs/experiments/1112_coordinate_optimizer_variable_depth_radius_seed139583862445_target0_sources8_txrx60_ringdown050_objectives,outputs/experiments/1112_coordinate_optimizer_variable_depth_radius_seed139583862445_target0_sources8_txrx60_ringdown050_objectives/data/multi_rebar_coordinate_optimizer_summary.json,generated,missing pulse/noise artifacts,outputs/experiments/1112_coordinate_optimizer_variable_depth_radius_seed139583862445_target0_sources8_txrx60_ringdown050_objectives/figures/source_pulse_noise_context.png,outputs/experiments/1112_coordinate_optimizer_variable_depth_radius_seed139583862445_target0_sources8_txrx60_ringdown050_objectives/data/source_pulse_noise_context_summary.json,outputs/experiments/1112_coordinate_optimizer_variable_depth_radius_seed139583862445_target0_sources8_txrx60_ringdown050_objectives/figures/FIGURE_NOTES.md,2314,1379,6305,0.12240653887833491
1111,outputs/experiments/1111_coordinate_optimizer_variable_depth_radius_seed86267571272_target1_sources5_txrx60_ringdown050_objectives,outputs/experiments/1111_coordinate_optimizer_variable_depth_radius_seed86267571272_target1_sources5_txrx60_ringdown050_objectives/data/multi_rebar_coordinate_optimizer_summary.json,generated,missing pulse/noise artifacts,outputs/experiments/1111_coordinate_optimizer_variable_depth_radius_seed86267571272_target1_sources5_txrx60_ringdown050_objectives/figures/source_pulse_noise_context.png,outputs/experiments/1111_coordinate_optimizer_variable_depth_radius_seed86267571272_target1_sources5_txrx60_ringdown050_objectives/data/source_pulse_noise_context_summary.json,outputs/experiments/1111_coordinate_optimizer_variable_depth_radius_seed86267571272_target1_sources5_txrx60_ringdown050_objectives/figures/FIGURE_NOTES.md,2314,1379,6165,0.12013609501204323
1110,outputs/experiments/1110_coordinate_optimizer_variable_depth_radius_seed86267571272_target2_sources11_txrx60_ringdown050_objectives,outputs/experiments/1110_coordinate_optimizer_variable_depth_radius_seed86267571272_target2_sources11_txrx60_ringdown050_objectives/data/multi_rebar_coordinate_optimizer_summary.json,generated,missing pulse/noise artifacts,outputs/experiments/1110_coordinate_optimizer_variable_depth_radius_seed86267571272_target2_sources11_txrx60_ringdown050_objectives/figures/source_pulse_noise_context.png,outputs/experiments/1110_coordinate_optimizer_variable_depth_radius_seed86267571272_target2_sources11_txrx60_ringdown050_objectives/data/source_pulse_noise_context_summary.json,outputs/experiments/1110_coordinate_optimizer_variable_depth_radius_seed86267571272_target2_sources11_txrx60_ringdown050_objectives/figures/FIGURE_NOTES.md,2314,1379,6165,0.12022509515807868
1109,outputs/experiments/1109_coordinate_optimizer_variable_depth_radius_seed86267571272_target2_sources9_txrx60_ringdown050_objectives,outputs/experiments/1109_coordinate_optimizer_variable_depth_radius_seed86267571272_target2_sources9_txrx60_ringdown050_objectives/data/multi_rebar_coordinate_optimizer_summary.json,generated,missing pulse/noise artifacts,outputs/experiments/1109_coordinate_optimizer_variable_depth_radius_seed86267571272_target2_sources9_txrx60_ringdown050_objectives/figures/source_pulse_noise_context.png,outputs/experiments/1109_coordinate_optimizer_variable_depth_radius_seed86267571272_target2_sources9_txrx60_ringdown050_objectives/data/source_pulse_noise_context_summary.json,outputs/experiments/1109_coordinate_optimizer_variable_depth_radius_seed86267571272_target2_sources9_txrx60_ringdown050_objectives/figures/FIGURE_NOTES.md,2314,1379,6165,0.12016805985322497
1108,outputs/experiments/1108_coordinate_optimizer_variable_depth_radius_seed86267571272_target2_sources7_txrx60_ringdown050_objectives,outputs/experiments/1108_coordinate_optimizer_variable_depth_radius_seed86267571272_target2_sources7_txrx60_ringdown050_objectives/data/multi_rebar_coordinate_optimizer_summary.json,generated,missing pulse/noise artifacts,outputs/experiments/1108_coordinate_optimizer_variable_depth_radius_seed86267571272_target2_sources7_txrx60_ringdown050_objectives/figures/source_pulse_noise_context.png,outputs/experiments/1108_coordinate_optimizer_variable_depth_radius_seed86267571272_target2_sources7_txrx60_ringdown050_objectives/data/source_pulse_noise_context_summary.json,outputs/experiments/1108_coordinate_optimizer_variable_depth_radius_seed86267571272_target2_sources7_txrx60_ringdown050_objectives/figures/FIGURE_NOTES.md,2314,1379,6165,0.12017934156187735
1107,outputs/experiments/1107_coordinate_optimizer_variable_depth_radius_seed86267571272_target2_sources5_txrx60_ringdown050_objectives,outputs/experiments/1107_coordinate_optimizer_variable_depth_radius_seed86267571272_target2_sources5_txrx60_ringdown050_objectives/data/multi_rebar_coordinate_optimizer_summary.json,generated,missing pulse/noise artifacts,outputs/experiments/1107_coordinate_optimizer_variable_depth_radius_seed86267571272_target2_sources5_txrx60_ringdown050_objectives/figures/source_pulse_noise_context.png,outputs/experiments/1107_coordinate_optimizer_variable_depth_radius_seed86267571272_target2_sources5_txrx60_ringdown050_objectives/data/source_pulse_noise_context_summary.json,outputs/experiments/1107_coordinate_optimizer_variable_depth_radius_seed86267571272_target2_sources5_txrx60_ringdown050_objectives/figures/FIGURE_NOTES.md,2314,1379,6165,0.1201470633398997
1106,outputs/experiments/1106_coordinate_optimizer_variable_depth_radius_seed86267571272_target0_sources8_txrx60_ringdown050_objectives,outputs/experiments/1106_coordinate_optimizer_variable_depth_radius_seed86267571272_target0_sources8_txrx60_ringdown050_objectives/data/multi_rebar_coordinate_optimizer_summary.json,generated,missing pulse/noise artifacts,outputs/experiments/1106_coordinate_optimizer_variable_depth_radius_seed86267571272_target0_sources8_txrx60_ringdown050_objectives/figures/source_pulse_noise_context.png,outputs/experiments/1106_coordinate_optimizer_variable_depth_radius_seed86267571272_target0_sources8_txrx60_ringdown050_objectives/data/source_pulse_noise_context_summary.json,outputs/experiments/1106_coordinate_optimizer_variable_depth_radius_seed86267571272_target0_sources8_txrx60_ringdown050_objectives/figures/FIGURE_NOTES.md,2314,1379,6165,0.12028808469805446
1105,outputs/experiments/1105_coordinate_optimizer_variable_depth_radius_seed53316291173_target1_sources5_txrx60_ringdown050_objectives,outputs/experiments/1105_coordinate_optimizer_variable_depth_radius_seed53316291173_target1_sources5_txrx60_ringdown050_objectives/data/multi_rebar_coordinate_optimizer_summary.json,generated,missing pulse/noise artifacts,outputs/experiments/1105_coordinate_optimizer_variable_depth_radius_seed53316291173_target1_sources5_txrx60_ringdown050_objectives/figures/source_pulse_noise_context.png,outputs/experiments/1105_coordinate_optimizer_variable_depth_radius_seed53316291173_target1_sources5_txrx60_ringdown050_objectives/data/source_pulse_noise_context_summary.json,outputs/experiments/1105_coordinate_optimizer_variable_depth_radius_seed53316291173_target1_sources5_txrx60_ringdown050_objectives/figures/FIGURE_NOTES.md,2314,1379,6452,0.1206337437159316
1104,outputs/experiments/1104_coordinate_optimizer_variable_depth_radius_seed53316291173_target2_sources11_txrx60_ringdown050_objectives,outputs/experiments/1104_coordinate_optimizer_variable_depth_radius_seed53316291173_target2_sources11_txrx60_ringdown050_objectives/data/multi_rebar_coordinate_optimizer_summary.json,generated,missing pulse/noise artifacts,outputs/experiments/1104_coordinate_optimizer_variable_depth_radius_seed53316291173_target2_sources11_txrx60_ringdown050_objectives/figures/source_pulse_noise_context.png,outputs/experiments/1104_coordinate_optimizer_variable_depth_radius_seed53316291173_target2_sources11_txrx60_ringdown050_objectives/data/source_pulse_noise_context_summary.json,outputs/experiments/1104_coordinate_optimizer_variable_depth_radius_seed53316291173_target2_sources11_txrx60_ringdown050_objectives/figures/FIGURE_NOTES.md,2314,1379,6452,0.12072932485868093
1103,outputs/experiments/1103_coordinate_optimizer_variable_depth_radius_seed53316291173_target2_sources9_txrx60_ringdown050_objectives,outputs/experiments/1103_coordinate_optimizer_variable_depth_radius_seed53316291173_target2_sources9_txrx60_ringdown050_objectives/data/multi_rebar_coordinate_optimizer_summary.json,generated,missing pulse/noise artifacts,outputs/experiments/1103_coordinate_optimizer_variable_depth_radius_seed53316291173_target2_sources9_txrx60_ringdown050_objectives/figures/source_pulse_noise_context.png,outputs/experiments/1103_coordinate_optimizer_variable_depth_radius_seed53316291173_target2_sources9_txrx60_ringdown050_objectives/data/source_pulse_noise_context_summary.json,outputs/experiments/1103_coordinate_optimizer_variable_depth_radius_seed53316291173_target2_sources9_txrx60_ringdown050_objectives/figures/FIGURE_NOTES.md,2314,1379,6452,0.12068043745452062
1102,outputs/experiments/1102_coordinate_optimizer_variable_depth_radius_seed53316291173_target2_sources7_txrx60_ringdown050_objectives,outputs/experiments/1102_coordinate_optimizer_variable_depth_radius_seed53316291173_target2_sources7_txrx60_ringdown050_objectives/data/multi_rebar_coordinate_optimizer_summary.json,generated,missing pulse/noise artifacts,outputs/experiments/1102_coordinate_optimizer_variable_depth_radius_seed53316291173_target2_sources7_txrx60_ringdown050_objectives/figures/source_pulse_noise_context.png,outputs/experiments/1102_coordinate_optimizer_variable_depth_radius_seed53316291173_target2_sources7_txrx60_ringdown050_objectives/data/source_pulse_noise_context_summary.json,outputs/experiments/1102_coordinate_optimizer_variable_depth_radius_seed53316291173_target2_sources7_txrx60_ringdown050_objectives/figures/FIGURE_NOTES.md,2314,1379,6452,0.12069955368307048
1101,outputs/experiments/1101_coordinate_optimizer_variable_depth_radius_seed53316291173_target2_sources5_txrx60_ringdown050_objectives,outputs/experiments/1101_coordinate_optimizer_variable_depth_radius_seed53316291173_target2_sources5_txrx60_ringdown050_objectives/data/multi_rebar_coordinate_optimizer_summary.json,generated,missing pulse/noise artifacts,outputs/experiments/1101_coordinate_optimizer_variable_depth_radius_seed53316291173_target2_sources5_txrx60_ringdown050_objectives/figures/source_pulse_noise_context.png,outputs/experiments/1101_coordinate_optimizer_variable_depth_radius_seed53316291173_target2_sources5_txrx60_ringdown050_objectives/data/source_pulse_noise_context_summary.json,outputs/experiments/1101_coordinate_optimizer_variable_depth_radius_seed53316291173_target2_sources5_txrx60_ringdown050_objectives/figures/FIGURE_NOTES.md,2314,1379,6452,0.12065066627891016
1100,outputs/experiments/1100_coordinate_optimizer_variable_depth_radius_seed53316291173_target0_sources8_txrx60_ringdown050_objectives,outputs/experiments/1100_coordinate_optimizer_variable_depth_radius_seed53316291173_target0_sources8_txrx60_ringdown050_objectives/data/multi_rebar_coordinate_optimizer_summary.json,generated,missing pulse/noise artifacts,outputs/experiments/1100_coordinate_optimizer_variable_depth_radius_seed53316291173_target0_sources8_txrx60_ringdown050_objectives/figures/source_pulse_noise_context.png,outputs/experiments/1100_coordinate_optimizer_variable_depth_radius_seed53316291173_target0_sources8_txrx60_ringdown050_objectives/data/source_pulse_noise_context_summary.json,outputs/experiments/1100_coordinate_optimizer_variable_depth_radius_seed53316291173_target0_sources8_txrx60_ringdown050_objectives/figures/FIGURE_NOTES.md,2314,1379,6452,0.12077946578602484
1099,outputs/experiments/1099_coordinate_optimizer_variable_depth_radius_seed32951280099_target1_sources5_txrx60_ringdown050_objectives,outputs/experiments/1099_coordinate_optimizer_variable_depth_radius_seed32951280099_target1_sources5_txrx60_ringdown050_objectives/data/multi_rebar_coordinate_optimizer_summary.json,generated,missing pulse/noise artifacts,outputs/experiments/1099_coordinate_optimizer_variable_depth_radius_seed32951280099_target1_sources5_txrx60_ringdown050_objectives/figures/source_pulse_noise_context.png,outputs/experiments/1099_coordinate_optimizer_variable_depth_radius_seed32951280099_target1_sources5_txrx60_ringdown050_objectives/data/source_pulse_noise_context_summary.json,outputs/experiments/1099_coordinate_optimizer_variable_depth_radius_seed32951280099_target1_sources5_txrx60_ringdown050_objectives/figures/FIGURE_NOTES.md,2314,1379,6366,0.11898003325597006
1098,outputs/experiments/1098_coordinate_optimizer_variable_depth_radius_seed32951280099_target2_sources9_txrx60_ringdown050_objectives,outputs/experiments/1098_coordinate_optimizer_variable_depth_radius_seed32951280099_target2_sources9_txrx60_ringdown050_objectives/data/multi_rebar_coordinate_optimizer_summary.json,generated,missing pulse/noise artifacts,outputs/experiments/1098_coordinate_optimizer_variable_depth_radius_seed32951280099_target2_sources9_txrx60_ringdown050_objectives/figures/source_pulse_noise_context.png,outputs/experiments/1098_coordinate_optimizer_variable_depth_radius_seed32951280099_target2_sources9_txrx60_ringdown050_objectives/data/source_pulse_noise_context_summary.json,outputs/experiments/1098_coordinate_optimizer_variable_depth_radius_seed32951280099_target2_sources9_txrx60_ringdown050_objectives/figures/FIGURE_NOTES.md,2314,1379,6366,0.1190110579547641
1097,outputs/experiments/1097_coordinate_optimizer_variable_depth_radius_seed32951280099_target2_sources7_txrx60_ringdown050_objectives,outputs/experiments/1097_coordinate_optimizer_variable_depth_radius_seed32951280099_target2_sources7_txrx60_ringdown050_objectives/data/multi_rebar_coordinate_optimizer_summary.json,generated,missing pulse/noise artifacts,outputs/experiments/1097_coordinate_optimizer_variable_depth_radius_seed32951280099_target2_sources7_txrx60_ringdown050_objectives/figures/source_pulse_noise_context.png,outputs/experiments/1097_coordinate_optimizer_variable_depth_radius_seed32951280099_target2_sources7_txrx60_ringdown050_objectives/data/source_pulse_noise_context_summary.json,outputs/experiments/1097_coordinate_optimizer_variable_depth_radius_seed32951280099_target2_sources7_txrx60_ringdown050_objectives/figures/FIGURE_NOTES.md,2314,1379,6366,0.11904020236878277
1096,outputs/experiments/1096_coordinate_optimizer_variable_depth_radius_seed32951280099_target2_sources5_txrx60_ringdown050_objectives,outputs/experiments/1096_coordinate_optimizer_variable_depth_radius_seed32951280099_target2_sources5_txrx60_ringdown050_objectives/data/multi_rebar_coordinate_optimizer_summary.json,generated,missing pulse/noise artifacts,outputs/experiments/1096_coordinate_optimizer_variable_depth_radius_seed32951280099_target2_sources5_txrx60_ringdown050_objectives/figures/source_pulse_noise_context.png,outputs/experiments/1096_coordinate_optimizer_variable_depth_radius_seed32951280099_target2_sources5_txrx60_ringdown050_objectives/data/source_pulse_noise_context_summary.json,outputs/experiments/1096_coordinate_optimizer_variable_depth_radius_seed32951280099_target2_sources5_txrx60_ringdown050_objectives/figures/FIGURE_NOTES.md,2314,1379,6366,0.11899100158382654
1095,outputs/experiments/1095_coordinate_optimizer_variable_depth_radius_seed32951280099_target0_sources8_txrx60_ringdown050_objectives,outputs/experiments/1095_coordinate_optimizer_variable_depth_radius_seed32951280099_target0_sources8_txrx60_ringdown050_objectives/data/multi_rebar_coordinate_optimizer_summary.json,generated,missing pulse/noise artifacts,outputs/experiments/1095_coordinate_optimizer_variable_depth_radius_seed32951280099_target0_sources8_txrx60_ringdown050_objectives/figures/source_pulse_noise_context.png,outputs/experiments/1095_coordinate_optimizer_variable_depth_radius_seed32951280099_target0_sources8_txrx60_ringdown050_objectives/data/source_pulse_noise_context_summary.json,outputs/experiments/1095_coordinate_optimizer_variable_depth_radius_seed32951280099_target0_sources8_txrx60_ringdown050_objectives/figures/FIGURE_NOTES.md,2314,1379,6366,0.1191370370347157
1094,outputs/experiments/1094_coordinate_optimizer_variable_depth_radius_seed20365011074_target1_sources5_txrx60_ringdown050_objectives,outputs/experiments/1094_coordinate_optimizer_variable_depth_radius_seed20365011074_target1_sources5_txrx60_ringdown050_objectives/data/multi_rebar_coordinate_optimizer_summary.json,generated,missing pulse/noise artifacts,outputs/experiments/1094_coordinate_optimizer_variable_depth_radius_seed20365011074_target1_sources5_txrx60_ringdown050_objectives/figures/source_pulse_noise_context.png,outputs/experiments/1094_coordinate_optimizer_variable_depth_radius_seed20365011074_target1_sources5_txrx60_ringdown050_objectives/data/source_pulse_noise_context_summary.json,outputs/experiments/1094_coordinate_optimizer_variable_depth_radius_seed20365011074_target1_sources5_txrx60_ringdown050_objectives/figures/FIGURE_NOTES.md,2314,1379,6193,0.11450526887132145
1093,outputs/experiments/1093_coordinate_optimizer_variable_depth_radius_seed20365011074_target2_sources11_txrx60_ringdown050_objectives,outputs/experiments/1093_coordinate_optimizer_variable_depth_radius_seed20365011074_target2_sources11_txrx60_ringdown050_objectives/data/multi_rebar_coordinate_optimizer_summary.json,generated,missing pulse/noise artifacts,outputs/experiments/1093_coordinate_optimizer_variable_depth_radius_seed20365011074_target2_sources11_txrx60_ringdown050_objectives/figures/source_pulse_noise_context.png,outputs/experiments/1093_coordinate_optimizer_variable_depth_radius_seed20365011074_target2_sources11_txrx60_ringdown050_objectives/data/source_pulse_noise_context_summary.json,outputs/experiments/1093_coordinate_optimizer_variable_depth_radius_seed20365011074_target2_sources11_txrx60_ringdown050_objectives/figures/FIGURE_NOTES.md,2314,1379,6193,0.11455885698742027
1092,outputs/experiments/1092_coordinate_optimizer_variable_depth_radius_seed20365011074_target2_sources9_txrx60_ringdown050_objectives,outputs/experiments/1092_coordinate_optimizer_variable_depth_radius_seed20365011074_target2_sources9_txrx60_ringdown050_objectives/data/multi_rebar_coordinate_optimizer_summary.json,generated,missing pulse/noise artifacts,outputs/experiments/1092_coordinate_optimizer_variable_depth_radius_seed20365011074_target2_sources9_txrx60_ringdown050_objectives/figures/source_pulse_noise_context.png,outputs/experiments/1092_coordinate_optimizer_variable_depth_radius_seed20365011074_target2_sources9_txrx60_ringdown050_objectives/data/source_pulse_noise_context_summary.json,outputs/experiments/1092_coordinate_optimizer_variable_depth_radius_seed20365011074_target2_sources9_txrx60_ringdown050_objectives/figures/FIGURE_NOTES.md,2314,1379,6193,0.11452093791111644
1091,outputs/experiments/1091_coordinate_optimizer_variable_depth_radius_seed20365011074_target2_sources7_txrx60_ringdown050_objectives,outputs/experiments/1091_coordinate_optimizer_variable_depth_radius_seed20365011074_target2_sources7_txrx60_ringdown050_objectives/data/multi_rebar_coordinate_optimizer_summary.json,generated,missing pulse/noise artifacts,outputs/experiments/1091_coordinate_optimizer_variable_depth_radius_seed20365011074_target2_sources7_txrx60_ringdown050_objectives/figures/source_pulse_noise_context.png,outputs/experiments/1091_coordinate_optimizer_variable_depth_radius_seed20365011074_target2_sources7_txrx60_ringdown050_objectives/data/source_pulse_noise_context_summary.json,outputs/experiments/1091_coordinate_optimizer_variable_depth_radius_seed20365011074_target2_sources7_txrx60_ringdown050_objectives/figures/FIGURE_NOTES.md,2314,1379,6193,0.1145391139972786
1090,outputs/experiments/1090_coordinate_optimizer_variable_depth_radius_seed20365011074_target2_sources5_txrx60_ringdown050_objectives,outputs/experiments/1090_coordinate_optimizer_variable_depth_radius_seed20365011074_target2_sources5_txrx60_ringdown050_objectives/data/multi_rebar_coordinate_optimizer_summary.json,generated,missing pulse/noise artifacts,outputs/experiments/1090_coordinate_optimizer_variable_depth_radius_seed20365011074_target2_sources5_txrx60_ringdown050_objectives/figures/source_pulse_noise_context.png,outputs/experiments/1090_coordinate_optimizer_variable_depth_radius_seed20365011074_target2_sources5_txrx60_ringdown050_objectives/data/source_pulse_noise_context_summary.json,outputs/experiments/1090_coordinate_optimizer_variable_depth_radius_seed20365011074_target2_sources5_txrx60_ringdown050_objectives/figures/FIGURE_NOTES.md,2314,1379,6193,0.11451780410315744
1089,outputs/experiments/1089_coordinate_optimizer_variable_depth_radius_seed20365011074_target0_sources8_txrx60_ringdown050_objectives,outputs/experiments/1089_coordinate_optimizer_variable_depth_radius_seed20365011074_target0_sources8_txrx60_ringdown050_objectives/data/multi_rebar_coordinate_optimizer_summary.json,generated,missing pulse/noise artifacts,outputs/experiments/1089_coordinate_optimizer_variable_depth_radius_seed20365011074_target0_sources8_txrx60_ringdown050_objectives/figures/source_pulse_noise_context.png,outputs/experiments/1089_coordinate_optimizer_variable_depth_radius_seed20365011074_target0_sources8_txrx60_ringdown050_objectives/data/source_pulse_noise_context_summary.json,outputs/experiments/1089_coordinate_optimizer_variable_depth_radius_seed20365011074_target0_sources8_txrx60_ringdown050_objectives/figures/FIGURE_NOTES.md,2314,1379,6193,0.11461056481874368
1088,outputs/experiments/1088_coordinate_optimizer_variable_depth_radius_seed12586269025_target1_sources5_txrx60_ringdown050_objectives,outputs/experiments/1088_coordinate_optimizer_variable_depth_radius_seed12586269025_target1_sources5_txrx60_ringdown050_objectives/data/multi_rebar_coordinate_optimizer_summary.json,generated,missing pulse/noise artifacts,outputs/experiments/1088_coordinate_optimizer_variable_depth_radius_seed12586269025_target1_sources5_txrx60_ringdown050_objectives/figures/source_pulse_noise_context.png,outputs/experiments/1088_coordinate_optimizer_variable_depth_radius_seed12586269025_target1_sources5_txrx60_ringdown050_objectives/data/source_pulse_noise_context_summary.json,outputs/experiments/1088_coordinate_optimizer_variable_depth_radius_seed12586269025_target1_sources5_txrx60_ringdown050_objectives/figures/FIGURE_NOTES.md,2314,1379,6442,0.12295714893673029
1087,outputs/experiments/1087_coordinate_optimizer_variable_depth_radius_seed12586269025_target2_sources5_txrx60_ringdown050_objectives,outputs/experiments/1087_coordinate_optimizer_variable_depth_radius_seed12586269025_target2_sources5_txrx60_ringdown050_objectives/data/multi_rebar_coordinate_optimizer_summary.json,generated,missing pulse/noise artifacts,outputs/experiments/1087_coordinate_optimizer_variable_depth_radius_seed12586269025_target2_sources5_txrx60_ringdown050_objectives/figures/source_pulse_noise_context.png,outputs/experiments/1087_coordinate_optimizer_variable_depth_radius_seed12586269025_target2_sources5_txrx60_ringdown050_objectives/data/source_pulse_noise_context_summary.json,outputs/experiments/1087_coordinate_optimizer_variable_depth_radius_seed12586269025_target2_sources5_txrx60_ringdown050_objectives/figures/FIGURE_NOTES.md,2314,1379,6442,0.12296811726458678
1086,outputs/experiments/1086_coordinate_optimizer_variable_depth_radius_seed12586269025_target0_sources8_txrx60_ringdown050_objectives,outputs/experiments/1086_coordinate_optimizer_variable_depth_radius_seed12586269025_target0_sources8_txrx60_ringdown050_objectives/data/multi_rebar_coordinate_optimizer_summary.json,generated,missing pulse/noise artifacts,outputs/experiments/1086_coordinate_optimizer_variable_depth_radius_seed12586269025_target0_sources8_txrx60_ringdown050_objectives/figures/source_pulse_noise_context.png,outputs/experiments/1086_coordinate_optimizer_variable_depth_radius_seed12586269025_target0_sources8_txrx60_ringdown050_objectives/data/source_pulse_noise_context_summary.json,outputs/experiments/1086_coordinate_optimizer_variable_depth_radius_seed12586269025_target0_sources8_txrx60_ringdown050_objectives/figures/FIGURE_NOTES.md,2314,1379,6442,0.12304802936754114
1085,outputs/experiments/1085_coordinate_optimizer_variable_depth_radius_seed7778742049_target1_sources5_txrx60_ringdown050_objectives,outputs/experiments/1085_coordinate_optimizer_variable_depth_radius_seed7778742049_target1_sources5_txrx60_ringdown050_objectives/data/multi_rebar_coordinate_optimizer_summary.json,generated,missing pulse/noise artifacts,outputs/experiments/1085_coordinate_optimizer_variable_depth_radius_seed7778742049_target1_sources5_txrx60_ringdown050_objectives/figures/source_pulse_noise_context.png,outputs/experiments/1085_coordinate_optimizer_variable_depth_radius_seed7778742049_target1_sources5_txrx60_ringdown050_objectives/data/source_pulse_noise_context_summary.json,outputs/experiments/1085_coordinate_optimizer_variable_depth_radius_seed7778742049_target1_sources5_txrx60_ringdown050_objectives/figures/FIGURE_NOTES.md,2314,1379,6547,0.11796091890770496
1084,outputs/experiments/1084_coordinate_optimizer_variable_depth_radius_seed7778742049_target2_sources9_txrx60_ringdown050_objectives,outputs/experiments/1084_coordinate_optimizer_variable_depth_radius_seed7778742049_target2_sources9_txrx60_ringdown050_objectives/data/multi_rebar_coordinate_optimizer_summary.json,generated,missing pulse/noise artifacts,outputs/experiments/1084_coordinate_optimizer_variable_depth_radius_seed7778742049_target2_sources9_txrx60_ringdown050_objectives/figures/source_pulse_noise_context.png,outputs/experiments/1084_coordinate_optimizer_variable_depth_radius_seed7778742049_target2_sources9_txrx60_ringdown050_objectives/data/source_pulse_noise_context_summary.json,outputs/experiments/1084_coordinate_optimizer_variable_depth_radius_seed7778742049_target2_sources9_txrx60_ringdown050_objectives/figures/FIGURE_NOTES.md,2314,1379,6547,0.11798849641774412
1083,outputs/experiments/1083_coordinate_optimizer_variable_depth_radius_seed7778742049_target2_sources7_txrx60_ringdown050_objectives,outputs/experiments/1083_coordinate_optimizer_variable_depth_radius_seed7778742049_target2_sources7_txrx60_ringdown050_objectives/data/multi_rebar_coordinate_optimizer_summary.json,generated,missing pulse/noise artifacts,outputs/experiments/1083_coordinate_optimizer_variable_depth_radius_seed7778742049_target2_sources7_txrx60_ringdown050_objectives/figures/source_pulse_noise_context.png,outputs/experiments/1083_coordinate_optimizer_variable_depth_radius_seed7778742049_target2_sources7_txrx60_ringdown050_objectives/data/source_pulse_noise_context_summary.json,outputs/experiments/1083_coordinate_optimizer_variable_depth_radius_seed7778742049_target2_sources7_txrx60_ringdown050_objectives/figures/FIGURE_NOTES.md,2314,1379,6547,0.11803236972917004
1082,outputs/experiments/1082_coordinate_optimizer_variable_depth_radius_seed7778742049_target2_sources5_txrx60_ringdown050_objectives,outputs/experiments/1082_coordinate_optimizer_variable_depth_radius_seed7778742049_target2_sources5_txrx60_ringdown050_objectives/data/multi_rebar_coordinate_optimizer_summary.json,generated,missing pulse/noise artifacts,outputs/experiments/1082_coordinate_optimizer_variable_depth_radius_seed7778742049_target2_sources5_txrx60_ringdown050_objectives/figures/source_pulse_noise_context.png,outputs/experiments/1082_coordinate_optimizer_variable_depth_radius_seed7778742049_target2_sources5_txrx60_ringdown050_objectives/data/source_pulse_noise_context_summary.json,outputs/experiments/1082_coordinate_optimizer_variable_depth_radius_seed7778742049_target2_sources5_txrx60_ringdown050_objectives/figures/FIGURE_NOTES.md,2314,1379,6547,0.11797188723556146
1081,outputs/experiments/1081_coordinate_optimizer_variable_depth_radius_seed7778742049_target0_sources9_txrx60_ringdown050_objectives,outputs/experiments/1081_coordinate_optimizer_variable_depth_radius_seed7778742049_target0_sources9_txrx60_ringdown050_objectives/data/multi_rebar_coordinate_optimizer_summary.json,generated,missing pulse/noise artifacts,outputs/experiments/1081_coordinate_optimizer_variable_depth_radius_seed7778742049_target0_sources9_txrx60_ringdown050_objectives/figures/source_pulse_noise_context.png,outputs/experiments/1081_coordinate_optimizer_variable_depth_radius_seed7778742049_target0_sources9_txrx60_ringdown050_objectives/data/source_pulse_noise_context_summary.json,outputs/experiments/1081_coordinate_optimizer_variable_depth_radius_seed7778742049_target0_sources9_txrx60_ringdown050_objectives/figures/FIGURE_NOTES.md,2314,1379,6547,0.11800761264629399
1080,outputs/experiments/1080_coordinate_optimizer_variable_depth_radius_seed7778742049_target0_sources8_txrx52p5_ringdown050_objectives,outputs/experiments/1080_coordinate_optimizer_variable_depth_radius_seed7778742049_target0_sources8_txrx52p5_ringdown050_objectives/data/multi_rebar_coordinate_optimizer_summary.json,generated,missing pulse/noise artifacts,outputs/experiments/1080_coordinate_optimizer_variable_depth_radius_seed7778742049_target0_sources8_txrx52p5_ringdown050_objectives/figures/source_pulse_noise_context.png,outputs/experiments/1080_coordinate_optimizer_variable_depth_radius_seed7778742049_target0_sources8_txrx52p5_ringdown050_objectives/data/source_pulse_noise_context_summary.json,outputs/experiments/1080_coordinate_optimizer_variable_depth_radius_seed7778742049_target0_sources8_txrx52p5_ringdown050_objectives/figures/FIGURE_NOTES.md,2314,1379,6402,0.11820786297487375
1079,outputs/experiments/1079_coordinate_optimizer_variable_depth_radius_seed7778742049_target0_sources8_txrx60_ringdown050_objectives,outputs/experiments/1079_coordinate_optimizer_variable_depth_radius_seed7778742049_target0_sources8_txrx60_ringdown050_objectives/data/multi_rebar_coordinate_optimizer_summary.json,generated,missing pulse/noise artifacts,outputs/experiments/1079_coordinate_optimizer_variable_depth_radius_seed7778742049_target0_sources8_txrx60_ringdown050_objectives/figures/source_pulse_noise_context.png,outputs/experiments/1079_coordinate_optimizer_variable_depth_radius_seed7778742049_target0_sources8_txrx60_ringdown050_objectives/data/source_pulse_noise_context_summary.json,outputs/experiments/1079_coordinate_optimizer_variable_depth_radius_seed7778742049_target0_sources8_txrx60_ringdown050_objectives/figures/FIGURE_NOTES.md,2314,1379,6547,0.1181216832560014
1078,outputs/experiments/1078_coordinate_optimizer_variable_depth_radius_seed4807526976_target1_sources5_txrx60_ringdown050_objectives,outputs/experiments/1078_coordinate_optimizer_variable_depth_radius_seed4807526976_target1_sources5_txrx60_ringdown050_objectives/data/multi_rebar_coordinate_optimizer_summary.json,generated,missing pulse/noise artifacts,outputs/experiments/1078_coordinate_optimizer_variable_depth_radius_seed4807526976_target1_sources5_txrx60_ringdown050_objectives/figures/source_pulse_noise_context.png,outputs/experiments/1078_coordinate_optimizer_variable_depth_radius_seed4807526976_target1_sources5_txrx60_ringdown050_objectives/data/source_pulse_noise_context_summary.json,outputs/experiments/1078_coordinate_optimizer_variable_depth_radius_seed4807526976_target1_sources5_txrx60_ringdown050_objectives/figures/FIGURE_NOTES.md,2314,1379,6251,0.11785154900993605
1077,outputs/experiments/1077_coordinate_optimizer_variable_depth_radius_seed4807526976_target2_sources5_txrx60_ringdown050_objectives,outputs/experiments/1077_coordinate_optimizer_variable_depth_radius_seed4807526976_target2_sources5_txrx60_ringdown050_objectives/data/multi_rebar_coordinate_optimizer_summary.json,generated,missing pulse/noise artifacts,outputs/experiments/1077_coordinate_optimizer_variable_depth_radius_seed4807526976_target2_sources5_txrx60_ringdown050_objectives/figures/source_pulse_noise_context.png,outputs/experiments/1077_coordinate_optimizer_variable_depth_radius_seed4807526976_target2_sources5_txrx60_ringdown050_objectives/data/source_pulse_noise_context_summary.json,outputs/experiments/1077_coordinate_optimizer_variable_depth_radius_seed4807526976_target2_sources5_txrx60_ringdown050_objectives/figures/FIGURE_NOTES.md,2314,1379,6251,0.11786345748018023
1076,outputs/experiments/1076_coordinate_optimizer_variable_depth_radius_seed4807526976_target0_sources8_txrx60_ringdown050_objectives,outputs/experiments/1076_coordinate_optimizer_variable_depth_radius_seed4807526976_target0_sources8_txrx60_ringdown050_objectives/data/multi_rebar_coordinate_optimizer_summary.json,generated,missing pulse/noise artifacts,outputs/experiments/1076_coordinate_optimizer_variable_depth_radius_seed4807526976_target0_sources8_txrx60_ringdown050_objectives/figures/source_pulse_noise_context.png,outputs/experiments/1076_coordinate_optimizer_variable_depth_radius_seed4807526976_target0_sources8_txrx60_ringdown050_objectives/data/source_pulse_noise_context_summary.json,outputs/experiments/1076_coordinate_optimizer_variable_depth_radius_seed4807526976_target0_sources8_txrx60_ringdown050_objectives/figures/FIGURE_NOTES.md,2314,1379,6251,0.11798097527864254
1075,outputs/experiments/1075_coordinate_optimizer_variable_depth_radius_seed2971215073_target1_sources5_txrx60_ringdown050_objectives,outputs/experiments/1075_coordinate_optimizer_variable_depth_radius_seed2971215073_target1_sources5_txrx60_ringdown050_objectives/data/multi_rebar_coordinate_optimizer_summary.json,generated,missing pulse/noise artifacts,outputs/experiments/1075_coordinate_optimizer_variable_depth_radius_seed2971215073_target1_sources5_txrx60_ringdown050_objectives/figures/source_pulse_noise_context.png,outputs/experiments/1075_coordinate_optimizer_variable_depth_radius_seed2971215073_target1_sources5_txrx60_ringdown050_objectives/data/source_pulse_noise_context_summary.json,outputs/experiments/1075_coordinate_optimizer_variable_depth_radius_seed2971215073_target1_sources5_txrx60_ringdown050_objectives/figures/FIGURE_NOTES.md,2314,1379,6326,0.11759018942615589
1074,outputs/experiments/1074_coordinate_optimizer_variable_depth_radius_seed2971215073_target2_sources5_txrx60_ringdown050_objectives,outputs/experiments/1074_coordinate_optimizer_variable_depth_radius_seed2971215073_target2_sources5_txrx60_ringdown050_objectives/data/multi_rebar_coordinate_optimizer_summary.json,generated,missing pulse/noise artifacts,outputs/experiments/1074_coordinate_optimizer_variable_depth_radius_seed2971215073_target2_sources5_txrx60_ringdown050_objectives/figures/source_pulse_noise_context.png,outputs/experiments/1074_coordinate_optimizer_variable_depth_radius_seed2971215073_target2_sources5_txrx60_ringdown050_objectives/data/source_pulse_noise_context_summary.json,outputs/experiments/1074_coordinate_optimizer_variable_depth_radius_seed2971215073_target2_sources5_txrx60_ringdown050_objectives/figures/FIGURE_NOTES.md,2314,1379,6326,0.11760115775401236
1073,outputs/experiments/1073_coordinate_optimizer_variable_depth_radius_seed2971215073_target0_sources8_txrx60_ringdown050_objectives,outputs/experiments/1073_coordinate_optimizer_variable_depth_radius_seed2971215073_target0_sources8_txrx60_ringdown050_objectives/data/multi_rebar_coordinate_optimizer_summary.json,generated,missing pulse/noise artifacts,outputs/experiments/1073_coordinate_optimizer_variable_depth_radius_seed2971215073_target0_sources8_txrx60_ringdown050_objectives/figures/source_pulse_noise_context.png,outputs/experiments/1073_coordinate_optimizer_variable_depth_radius_seed2971215073_target0_sources8_txrx60_ringdown050_objectives/data/source_pulse_noise_context_summary.json,outputs/experiments/1073_coordinate_optimizer_variable_depth_radius_seed2971215073_target0_sources8_txrx60_ringdown050_objectives/figures/FIGURE_NOTES.md,2314,1379,6326,0.11771804879088288
1072,outputs/experiments/1072_coordinate_optimizer_variable_depth_radius_seed1836311903_target1_sources5_txrx60_ringdown050_objectives,outputs/experiments/1072_coordinate_optimizer_variable_depth_radius_seed1836311903_target1_sources5_txrx60_ringdown050_objectives/data/multi_rebar_coordinate_optimizer_summary.json,generated,missing pulse/noise artifacts,outputs/experiments/1072_coordinate_optimizer_variable_depth_radius_seed1836311903_target1_sources5_txrx60_ringdown050_objectives/figures/source_pulse_noise_context.png,outputs/experiments/1072_coordinate_optimizer_variable_depth_radius_seed1836311903_target1_sources5_txrx60_ringdown050_objectives/data/source_pulse_noise_context_summary.json,outputs/experiments/1072_coordinate_optimizer_variable_depth_radius_seed1836311903_target1_sources5_txrx60_ringdown050_objectives/figures/FIGURE_NOTES.md,2314,1379,6517,0.12193114021095541
1071,outputs/experiments/1071_coordinate_optimizer_variable_depth_radius_seed1836311903_target2_sources5_txrx60_ringdown050_objectives,outputs/experiments/1071_coordinate_optimizer_variable_depth_radius_seed1836311903_target2_sources5_txrx60_ringdown050_objectives/data/multi_rebar_coordinate_optimizer_summary.json,generated,missing pulse/noise artifacts,outputs/experiments/1071_coordinate_optimizer_variable_depth_radius_seed1836311903_target2_sources5_txrx60_ringdown050_objectives/figures/source_pulse_noise_context.png,outputs/experiments/1071_coordinate_optimizer_variable_depth_radius_seed1836311903_target2_sources5_txrx60_ringdown050_objectives/data/source_pulse_noise_context_summary.json,outputs/experiments/1071_coordinate_optimizer_variable_depth_radius_seed1836311903_target2_sources5_txrx60_ringdown050_objectives/figures/FIGURE_NOTES.md,2314,1379,6517,0.12194900291632169
1070,outputs/experiments/1070_coordinate_optimizer_variable_depth_radius_seed1836311903_target0_sources8_txrx60_ringdown050_objectives,outputs/experiments/1070_coordinate_optimizer_variable_depth_radius_seed1836311903_target0_sources8_txrx60_ringdown050_objectives/data/multi_rebar_coordinate_optimizer_summary.json,generated,missing pulse/noise artifacts,outputs/experiments/1070_coordinate_optimizer_variable_depth_radius_seed1836311903_target0_sources8_txrx60_ringdown050_objectives/figures/source_pulse_noise_context.png,outputs/experiments/1070_coordinate_optimizer_variable_depth_radius_seed1836311903_target0_sources8_txrx60_ringdown050_objectives/data/source_pulse_noise_context_summary.json,outputs/experiments/1070_coordinate_optimizer_variable_depth_radius_seed1836311903_target0_sources8_txrx60_ringdown050_objectives/figures/FIGURE_NOTES.md,2314,1379,6517,0.12202170726097036
1069,outputs/experiments/1069_coordinate_optimizer_variable_depth_radius_seed1134903170_target1_sources5_txrx60_ringdown050_objectives,outputs/experiments/1069_coordinate_optimizer_variable_depth_radius_seed1134903170_target1_sources5_txrx60_ringdown050_objectives/data/multi_rebar_coordinate_optimizer_summary.json,generated,missing pulse/noise artifacts,outputs/experiments/1069_coordinate_optimizer_variable_depth_radius_seed1134903170_target1_sources5_txrx60_ringdown050_objectives/figures/source_pulse_noise_context.png,outputs/experiments/1069_coordinate_optimizer_variable_depth_radius_seed1134903170_target1_sources5_txrx60_ringdown050_objectives/data/source_pulse_noise_context_summary.json,outputs/experiments/1069_coordinate_optimizer_variable_depth_radius_seed1134903170_target1_sources5_txrx60_ringdown050_objectives/figures/FIGURE_NOTES.md,2314,1379,6478,0.12235420428541971
1068,outputs/experiments/1068_coordinate_optimizer_variable_depth_radius_seed1134903170_target2_sources5_txrx60_ringdown050_objectives,outputs/experiments/1068_coordinate_optimizer_variable_depth_radius_seed1134903170_target2_sources5_txrx60_ringdown050_objectives/data/multi_rebar_coordinate_optimizer_summary.json,generated,missing pulse/noise artifacts,outputs/experiments/1068_coordinate_optimizer_variable_depth_radius_seed1134903170_target2_sources5_txrx60_ringdown050_objectives/figures/source_pulse_noise_context.png,outputs/experiments/1068_coordinate_optimizer_variable_depth_radius_seed1134903170_target2_sources5_txrx60_ringdown050_objectives/data/source_pulse_noise_context_summary.json,outputs/experiments/1068_coordinate_optimizer_variable_depth_radius_seed1134903170_target2_sources5_txrx60_ringdown050_objectives/figures/FIGURE_NOTES.md,2314,1379,6478,0.12236861980203108
1067,outputs/experiments/1067_coordinate_optimizer_variable_depth_radius_seed1134903170_target0_sources8_txrx60_ringdown050_objectives,outputs/experiments/1067_coordinate_optimizer_variable_depth_radius_seed1134903170_target0_sources8_txrx60_ringdown050_objectives/data/multi_rebar_coordinate_optimizer_summary.json,generated,missing pulse/noise artifacts,outputs/experiments/1067_coordinate_optimizer_variable_depth_radius_seed1134903170_target0_sources8_txrx60_ringdown050_objectives/figures/source_pulse_noise_context.png,outputs/experiments/1067_coordinate_optimizer_variable_depth_radius_seed1134903170_target0_sources8_txrx60_ringdown050_objectives/data/source_pulse_noise_context_summary.json,outputs/experiments/1067_coordinate_optimizer_variable_depth_radius_seed1134903170_target0_sources8_txrx60_ringdown050_objectives/figures/FIGURE_NOTES.md,2314,1379,6478,0.1224814368885549
1066,outputs/experiments/1066_coordinate_optimizer_variable_depth_radius_seed701408733_target1_sources5_txrx60_ringdown050_objectives,outputs/experiments/1066_coordinate_optimizer_variable_depth_radius_seed701408733_target1_sources5_txrx60_ringdown050_objectives/data/multi_rebar_coordinate_optimizer_summary.json,generated,missing pulse/noise artifacts,outputs/experiments/1066_coordinate_optimizer_variable_depth_radius_seed701408733_target1_sources5_txrx60_ringdown050_objectives/figures/source_pulse_noise_context.png,outputs/experiments/1066_coordinate_optimizer_variable_depth_radius_seed701408733_target1_sources5_txrx60_ringdown050_objectives/data/source_pulse_noise_context_summary.json,outputs/experiments/1066_coordinate_optimizer_variable_depth_radius_seed701408733_target1_sources5_txrx60_ringdown050_objectives/figures/FIGURE_NOTES.md,2314,1379,6756,0.11876505402998302
1065,outputs/experiments/1065_coordinate_optimizer_variable_depth_radius_seed701408733_target2_sources5_txrx60_ringdown050_objectives,outputs/experiments/1065_coordinate_optimizer_variable_depth_radius_seed701408733_target2_sources5_txrx60_ringdown050_objectives/data/multi_rebar_coordinate_optimizer_summary.json,generated,missing pulse/noise artifacts,outputs/experiments/1065_coordinate_optimizer_variable_depth_radius_seed701408733_target2_sources5_txrx60_ringdown050_objectives/figures/source_pulse_noise_context.png,outputs/experiments/1065_coordinate_optimizer_variable_depth_radius_seed701408733_target2_sources5_txrx60_ringdown050_objectives/data/source_pulse_noise_context_summary.json,outputs/experiments/1065_coordinate_optimizer_variable_depth_radius_seed701408733_target2_sources5_txrx60_ringdown050_objectives/figures/FIGURE_NOTES.md,2314,1379,6756,0.118777589261819
1064,outputs/experiments/1064_coordinate_optimizer_variable_depth_radius_seed701408733_target0_sources8_txrx52p5_ringdown050_objectives,outputs/experiments/1064_coordinate_optimizer_variable_depth_radius_seed701408733_target0_sources8_txrx52p5_ringdown050_objectives/data/multi_rebar_coordinate_optimizer_summary.json,generated,missing pulse/noise artifacts,outputs/experiments/1064_coordinate_optimizer_variable_depth_radius_seed701408733_target0_sources8_txrx52p5_ringdown050_objectives/figures/source_pulse_noise_context.png,outputs/experiments/1064_coordinate_optimizer_variable_depth_radius_seed701408733_target0_sources8_txrx52p5_ringdown050_objectives/data/source_pulse_noise_context_summary.json,outputs/experiments/1064_coordinate_optimizer_variable_depth_radius_seed701408733_target0_sources8_txrx52p5_ringdown050_objectives/figures/FIGURE_NOTES.md,2314,1379,6641,0.11899100158382654
1063,outputs/experiments/1063_coordinate_optimizer_variable_depth_radius_seed701408733_target0_sources8_txrx60_ringdown050_objectives,outputs/experiments/1063_coordinate_optimizer_variable_depth_radius_seed701408733_target0_sources8_txrx60_ringdown050_objectives/data/multi_rebar_coordinate_optimizer_summary.json,generated,missing pulse/noise artifacts,outputs/experiments/1063_coordinate_optimizer_variable_depth_radius_seed701408733_target0_sources8_txrx60_ringdown050_objectives/figures/source_pulse_noise_context.png,outputs/experiments/1063_coordinate_optimizer_variable_depth_radius_seed701408733_target0_sources8_txrx60_ringdown050_objectives/data/source_pulse_noise_context_summary.json,outputs/experiments/1063_coordinate_optimizer_variable_depth_radius_seed701408733_target0_sources8_txrx60_ringdown050_objectives/figures/FIGURE_NOTES.md,2314,1379,6756,0.11887191688138474
1062,outputs/experiments/1062_coordinate_optimizer_variable_depth_radius_seed433494437_target1_sources5_txrx52p5_ringdown050_objectives,outputs/experiments/1062_coordinate_optimizer_variable_depth_radius_seed433494437_target1_sources5_txrx52p5_ringdown050_objectives/data/multi_rebar_coordinate_optimizer_summary.json,generated,missing pulse/noise artifacts,outputs/experiments/1062_coordinate_optimizer_variable_depth_radius_seed433494437_target1_sources5_txrx52p5_ringdown050_objectives/figures/source_pulse_noise_context.png,outputs/experiments/1062_coordinate_optimizer_variable_depth_radius_seed433494437_target1_sources5_txrx52p5_ringdown050_objectives/data/source_pulse_noise_context_summary.json,outputs/experiments/1062_coordinate_optimizer_variable_depth_radius_seed433494437_target1_sources5_txrx52p5_ringdown050_objectives/figures/FIGURE_NOTES.md,2314,1379,6043,0.12026113394960712
1061,outputs/experiments/1061_coordinate_optimizer_variable_depth_radius_seed433494437_target1_sources5_txrx60_ringdown050_objectives,outputs/experiments/1061_coordinate_optimizer_variable_depth_radius_seed433494437_target1_sources5_txrx60_ringdown050_objectives/data/multi_rebar_coordinate_optimizer_summary.json,generated,missing pulse/noise artifacts,outputs/experiments/1061_coordinate_optimizer_variable_depth_radius_seed433494437_target1_sources5_txrx60_ringdown050_objectives/figures/source_pulse_noise_context.png,outputs/experiments/1061_coordinate_optimizer_variable_depth_radius_seed433494437_target1_sources5_txrx60_ringdown050_objectives/data/source_pulse_noise_context_summary.json,outputs/experiments/1061_coordinate_optimizer_variable_depth_radius_seed433494437_target1_sources5_txrx60_ringdown050_objectives/figures/FIGURE_NOTES.md,2314,1379,6119,0.1201539577174095
1060,outputs/experiments/1060_coordinate_optimizer_variable_depth_radius_seed433494437_target2_sources5_txrx60_ringdown050_objectives,outputs/experiments/1060_coordinate_optimizer_variable_depth_radius_seed433494437_target2_sources5_txrx60_ringdown050_objectives/data/multi_rebar_coordinate_optimizer_summary.json,generated,missing pulse/noise artifacts,outputs/experiments/1060_coordinate_optimizer_variable_depth_radius_seed433494437_target2_sources5_txrx60_ringdown050_objectives/figures/source_pulse_noise_context.png,outputs/experiments/1060_coordinate_optimizer_variable_depth_radius_seed433494437_target2_sources5_txrx60_ringdown050_objectives/data/source_pulse_noise_context_summary.json,outputs/experiments/1060_coordinate_optimizer_variable_depth_radius_seed433494437_target2_sources5_txrx60_ringdown050_objectives/figures/FIGURE_NOTES.md,2314,1379,6119,0.12016492604526598
1059,outputs/experiments/1059_coordinate_optimizer_variable_depth_radius_seed433494437_target0_sources8_txrx60_ringdown050_objectives,outputs/experiments/1059_coordinate_optimizer_variable_depth_radius_seed433494437_target0_sources8_txrx60_ringdown050_objectives/data/multi_rebar_coordinate_optimizer_summary.json,generated,missing pulse/noise artifacts,outputs/experiments/1059_coordinate_optimizer_variable_depth_radius_seed433494437_target0_sources8_txrx60_ringdown050_objectives/figures/source_pulse_noise_context.png,outputs/experiments/1059_coordinate_optimizer_variable_depth_radius_seed433494437_target0_sources8_txrx60_ringdown050_objectives/data/source_pulse_noise_context_summary.json,outputs/experiments/1059_coordinate_optimizer_variable_depth_radius_seed433494437_target0_sources8_txrx60_ringdown050_objectives/figures/FIGURE_NOTES.md,2314,1379,6119,0.12029403893317656
1058,outputs/experiments/1058_coordinate_optimizer_variable_depth_radius_seed267914296_target1_sources9_txrx52p5_ringdown050_objectives,outputs/experiments/1058_coordinate_optimizer_variable_depth_radius_seed267914296_target1_sources9_txrx52p5_ringdown050_objectives/data/multi_rebar_coordinate_optimizer_summary.json,generated,missing pulse/noise artifacts,outputs/experiments/1058_coordinate_optimizer_variable_depth_radius_seed267914296_target1_sources9_txrx52p5_ringdown050_objectives/figures/source_pulse_noise_context.png,outputs/experiments/1058_coordinate_optimizer_variable_depth_radius_seed267914296_target1_sources9_txrx52p5_ringdown050_objectives/data/source_pulse_noise_context_summary.json,outputs/experiments/1058_coordinate_optimizer_variable_depth_radius_seed267914296_target1_sources9_txrx52p5_ringdown050_objectives/figures/FIGURE_NOTES.md,2314,1379,6455,0.12270017668409273
1057,outputs/experiments/1057_coordinate_optimizer_variable_depth_radius_seed267914296_target1_sources5_txrx52p5_ringdown050_objectives,outputs/experiments/1057_coordinate_optimizer_variable_depth_radius_seed267914296_target1_sources5_txrx52p5_ringdown050_objectives/data/multi_rebar_coordinate_optimizer_summary.json,generated,missing pulse/noise artifacts,outputs/experiments/1057_coordinate_optimizer_variable_depth_radius_seed267914296_target1_sources5_txrx52p5_ringdown050_objectives/figures/source_pulse_noise_context.png,outputs/experiments/1057_coordinate_optimizer_variable_depth_radius_seed267914296_target1_sources5_txrx52p5_ringdown050_objectives/data/source_pulse_noise_context_summary.json,outputs/experiments/1057_coordinate_optimizer_variable_depth_radius_seed267914296_target1_sources5_txrx52p5_ringdown050_objectives/figures/FIGURE_NOTES.md,2314,1379,6455,0.12254348628614299
1056,outputs/experiments/1056_coordinate_optimizer_variable_depth_radius_seed267914296_target1_sources5_txrx60_ringdown050_objectives,outputs/experiments/1056_coordinate_optimizer_variable_depth_radius_seed267914296_target1_sources5_txrx60_ringdown050_objectives/data/multi_rebar_coordinate_optimizer_summary.json,generated,missing pulse/noise artifacts,outputs/experiments/1056_coordinate_optimizer_variable_depth_radius_seed267914296_target1_sources5_txrx60_ringdown050_objectives/figures/source_pulse_noise_context.png,outputs/experiments/1056_coordinate_optimizer_variable_depth_radius_seed267914296_target1_sources5_txrx60_ringdown050_objectives/data/source_pulse_noise_context_summary.json,outputs/experiments/1056_coordinate_optimizer_variable_depth_radius_seed267914296_target1_sources5_txrx60_ringdown050_objectives/figures/FIGURE_NOTES.md,2314,1379,6509,0.12247203546467791
1055,outputs/experiments/1055_coordinate_optimizer_variable_depth_radius_seed267914296_target2_sources9_txrx60_ringdown050_objectives,outputs/experiments/1055_coordinate_optimizer_variable_depth_radius_seed267914296_target2_sources9_txrx60_ringdown050_objectives/data/multi_rebar_coordinate_optimizer_summary.json,generated,missing pulse/noise artifacts,outputs/experiments/1055_coordinate_optimizer_variable_depth_radius_seed267914296_target2_sources9_txrx60_ringdown050_objectives/figures/source_pulse_noise_context.png,outputs/experiments/1055_coordinate_optimizer_variable_depth_radius_seed267914296_target2_sources9_txrx60_ringdown050_objectives/data/source_pulse_noise_context_summary.json,outputs/experiments/1055_coordinate_optimizer_variable_depth_radius_seed267914296_target2_sources9_txrx60_ringdown050_objectives/figures/FIGURE_NOTES.md,2314,1379,6509,0.12246764813353532
1054,outputs/experiments/1054_coordinate_optimizer_variable_depth_radius_seed267914296_target2_sources7_txrx60_ringdown050_objectives,outputs/experiments/1054_coordinate_optimizer_variable_depth_radius_seed267914296_target2_sources7_txrx60_ringdown050_objectives/data/multi_rebar_coordinate_optimizer_summary.json,generated,missing pulse/noise artifacts,outputs/experiments/1054_coordinate_optimizer_variable_depth_radius_seed267914296_target2_sources7_txrx60_ringdown050_objectives/figures/source_pulse_noise_context.png,outputs/experiments/1054_coordinate_optimizer_variable_depth_radius_seed267914296_target2_sources7_txrx60_ringdown050_objectives/data/source_pulse_noise_context_summary.json,outputs/experiments/1054_coordinate_optimizer_variable_depth_radius_seed267914296_target2_sources7_txrx60_ringdown050_objectives/figures/FIGURE_NOTES.md,2314,1379,6509,0.12249177845481958
1053,outputs/experiments/1053_coordinate_optimizer_variable_depth_radius_seed267914296_target2_sources5_txrx60_ringdown050_objectives,outputs/experiments/1053_coordinate_optimizer_variable_depth_radius_seed267914296_target2_sources5_txrx60_ringdown050_objectives/data/multi_rebar_coordinate_optimizer_summary.json,generated,missing pulse/noise artifacts,outputs/experiments/1053_coordinate_optimizer_variable_depth_radius_seed267914296_target2_sources5_txrx60_ringdown050_objectives/figures/source_pulse_noise_context.png,outputs/experiments/1053_coordinate_optimizer_variable_depth_radius_seed267914296_target2_sources5_txrx60_ringdown050_objectives/data/source_pulse_noise_context_summary.json,outputs/experiments/1053_coordinate_optimizer_variable_depth_radius_seed267914296_target2_sources5_txrx60_ringdown050_objectives/figures/FIGURE_NOTES.md,2314,1379,6509,0.12248895802765648
1052,outputs/experiments/1052_coordinate_optimizer_variable_depth_radius_seed267914296_target0_sources9_txrx60_ringdown050_objectives,outputs/experiments/1052_coordinate_optimizer_variable_depth_radius_seed267914296_target0_sources9_txrx60_ringdown050_objectives/data/multi_rebar_coordinate_optimizer_summary.json,generated,missing pulse/noise artifacts,outputs/experiments/1052_coordinate_optimizer_variable_depth_radius_seed267914296_target0_sources9_txrx60_ringdown050_objectives/figures/source_pulse_noise_context.png,outputs/experiments/1052_coordinate_optimizer_variable_depth_radius_seed267914296_target0_sources9_txrx60_ringdown050_objectives/data/source_pulse_noise_context_summary.json,outputs/experiments/1052_coordinate_optimizer_variable_depth_radius_seed267914296_target0_sources9_txrx60_ringdown050_objectives/figures/FIGURE_NOTES.md,2314,1379,6509,0.12247046856069842
1051,outputs/experiments/1051_coordinate_optimizer_variable_depth_radius_seed267914296_target0_sources8_txrx52p5_ringdown050_objectives,outputs/experiments/1051_coordinate_optimizer_variable_depth_radius_seed267914296_target0_sources8_txrx52p5_ringdown050_objectives/data/multi_rebar_coordinate_optimizer_summary.json,generated,missing pulse/noise artifacts,outputs/experiments/1051_coordinate_optimizer_variable_depth_radius_seed267914296_target0_sources8_txrx52p5_ringdown050_objectives/figures/source_pulse_noise_context.png,outputs/experiments/1051_coordinate_optimizer_variable_depth_radius_seed267914296_target0_sources8_txrx52p5_ringdown050_objectives/data/source_pulse_noise_context_summary.json,outputs/experiments/1051_coordinate_optimizer_variable_depth_radius_seed267914296_target0_sources8_txrx52p5_ringdown050_objectives/figures/FIGURE_NOTES.md,2314,1379,6455,0.12273464857164167
1050,outputs/experiments/1050_coordinate_optimizer_variable_depth_radius_seed267914296_target0_sources8_txrx60_ringdown050_objectives,outputs/experiments/1050_coordinate_optimizer_variable_depth_radius_seed267914296_target0_sources8_txrx60_ringdown050_objectives/data/multi_rebar_coordinate_optimizer_summary.json,generated,missing pulse/noise artifacts,outputs/experiments/1050_coordinate_optimizer_variable_depth_radius_seed267914296_target0_sources8_txrx60_ringdown050_objectives/figures/source_pulse_noise_context.png,outputs/experiments/1050_coordinate_optimizer_variable_depth_radius_seed267914296_target0_sources8_txrx60_ringdown050_objectives/data/source_pulse_noise_context_summary.json,outputs/experiments/1050_coordinate_optimizer_variable_depth_radius_seed267914296_target0_sources8_txrx60_ringdown050_objectives/figures/FIGURE_NOTES.md,2314,1379,6509,0.1225948807366705
1049,outputs/experiments/1049_coordinate_optimizer_variable_depth_radius_seed165580141_target1_sources5_txrx60_ringdown050_objectives,outputs/experiments/1049_coordinate_optimizer_variable_depth_radius_seed165580141_target1_sources5_txrx60_ringdown050_objectives/data/multi_rebar_coordinate_optimizer_summary.json,generated,missing pulse/noise artifacts,outputs/experiments/1049_coordinate_optimizer_variable_depth_radius_seed165580141_target1_sources5_txrx60_ringdown050_objectives/figures/source_pulse_noise_context.png,outputs/experiments/1049_coordinate_optimizer_variable_depth_radius_seed165580141_target1_sources5_txrx60_ringdown050_objectives/data/source_pulse_noise_context_summary.json,outputs/experiments/1049_coordinate_optimizer_variable_depth_radius_seed165580141_target1_sources5_txrx60_ringdown050_objectives/figures/FIGURE_NOTES.md,2314,1379,6573,0.1160975566952867
1048,outputs/experiments/1048_coordinate_optimizer_variable_depth_radius_seed165580141_target2_sources5_txrx60_ringdown050_objectives,outputs/experiments/1048_coordinate_optimizer_variable_depth_radius_seed165580141_target2_sources5_txrx60_ringdown050_objectives/data/multi_rebar_coordinate_optimizer_summary.json,generated,missing pulse/noise artifacts,outputs/experiments/1048_coordinate_optimizer_variable_depth_radius_seed165580141_target2_sources5_txrx60_ringdown050_objectives/figures/source_pulse_noise_context.png,outputs/experiments/1048_coordinate_optimizer_variable_depth_radius_seed165580141_target2_sources5_txrx60_ringdown050_objectives/data/source_pulse_noise_context_summary.json,outputs/experiments/1048_coordinate_optimizer_variable_depth_radius_seed165580141_target2_sources5_txrx60_ringdown050_objectives/figures/FIGURE_NOTES.md,2314,1379,6573,0.11610946516553088
1047,outputs/experiments/1047_coordinate_optimizer_variable_depth_radius_seed165580141_target0_sources8_txrx60_ringdown050_objectives,outputs/experiments/1047_coordinate_optimizer_variable_depth_radius_seed165580141_target0_sources8_txrx60_ringdown050_objectives/data/multi_rebar_coordinate_optimizer_summary.json,generated,missing pulse/noise artifacts,outputs/experiments/1047_coordinate_optimizer_variable_depth_radius_seed165580141_target0_sources8_txrx60_ringdown050_objectives/figures/source_pulse_noise_context.png,outputs/experiments/1047_coordinate_optimizer_variable_depth_radius_seed165580141_target0_sources8_txrx60_ringdown050_objectives/data/source_pulse_noise_context_summary.json,outputs/experiments/1047_coordinate_optimizer_variable_depth_radius_seed165580141_target0_sources8_txrx60_ringdown050_objectives/figures/FIGURE_NOTES.md,2314,1379,6573,0.11624954638129793
1046,outputs/experiments/1046_coordinate_optimizer_variable_depth_radius_seed102334155_target1_sources5_txrx52p5_ringdown050_objectives,outputs/experiments/1046_coordinate_optimizer_variable_depth_radius_seed102334155_target1_sources5_txrx52p5_ringdown050_objectives/data/multi_rebar_coordinate_optimizer_summary.json,generated,missing pulse/noise artifacts,outputs/experiments/1046_coordinate_optimizer_variable_depth_radius_seed102334155_target1_sources5_txrx52p5_ringdown050_objectives/figures/source_pulse_noise_context.png,outputs/experiments/1046_coordinate_optimizer_variable_depth_radius_seed102334155_target1_sources5_txrx52p5_ringdown050_objectives/data/source_pulse_noise_context_summary.json,outputs/experiments/1046_coordinate_optimizer_variable_depth_radius_seed102334155_target1_sources5_txrx52p5_ringdown050_objectives/figures/FIGURE_NOTES.md,2314,1379,6386,0.11912011447173712
1045,outputs/experiments/1045_coordinate_optimizer_variable_depth_radius_seed102334155_target1_sources5_txrx60_ringdown050_objectives,outputs/experiments/1045_coordinate_optimizer_variable_depth_radius_seed102334155_target1_sources5_txrx60_ringdown050_objectives/data/multi_rebar_coordinate_optimizer_summary.json,generated,missing pulse/noise artifacts,outputs/experiments/1045_coordinate_optimizer_variable_depth_radius_seed102334155_target1_sources5_txrx60_ringdown050_objectives/figures/source_pulse_noise_context.png,outputs/experiments/1045_coordinate_optimizer_variable_depth_radius_seed102334155_target1_sources5_txrx60_ringdown050_objectives/data/source_pulse_noise_context_summary.json,outputs/experiments/1045_coordinate_optimizer_variable_depth_radius_seed102334155_target1_sources5_txrx60_ringdown050_objectives/figures/FIGURE_NOTES.md,2314,1379,6459,0.11898661425268395
1044,outputs/experiments/1044_coordinate_optimizer_variable_depth_radius_seed102334155_target2_sources9_txrx60_ringdown050_objectives,outputs/experiments/1044_coordinate_optimizer_variable_depth_radius_seed102334155_target2_sources9_txrx60_ringdown050_objectives/data/multi_rebar_coordinate_optimizer_summary.json,generated,missing pulse/noise artifacts,outputs/experiments/1044_coordinate_optimizer_variable_depth_radius_seed102334155_target2_sources9_txrx60_ringdown050_objectives/figures/source_pulse_noise_context.png,outputs/experiments/1044_coordinate_optimizer_variable_depth_radius_seed102334155_target2_sources9_txrx60_ringdown050_objectives/data/source_pulse_noise_context_summary.json,outputs/experiments/1044_coordinate_optimizer_variable_depth_radius_seed102334155_target2_sources9_txrx60_ringdown050_objectives/figures/FIGURE_NOTES.md,2314,1379,6459,0.11903706856082377
1043,outputs/experiments/1043_coordinate_optimizer_variable_depth_radius_seed102334155_target2_sources7_txrx60_ringdown050_objectives,outputs/experiments/1043_coordinate_optimizer_variable_depth_radius_seed102334155_target2_sources7_txrx60_ringdown050_objectives/data/multi_rebar_coordinate_optimizer_summary.json,generated,missing pulse/noise artifacts,outputs/experiments/1043_coordinate_optimizer_variable_depth_radius_seed102334155_target2_sources7_txrx60_ringdown050_objectives/figures/source_pulse_noise_context.png,outputs/experiments/1043_coordinate_optimizer_variable_depth_radius_seed102334155_target2_sources7_txrx60_ringdown050_objectives/data/source_pulse_noise_context_summary.json,outputs/experiments/1043_coordinate_optimizer_variable_depth_radius_seed102334155_target2_sources7_txrx60_ringdown050_objectives/figures/FIGURE_NOTES.md,2314,1379,6459,0.11905430450459824
1042,outputs/experiments/1042_coordinate_optimizer_variable_depth_radius_seed102334155_target2_sources5_txrx60_ringdown050_objectives,outputs/experiments/1042_coordinate_optimizer_variable_depth_radius_seed102334155_target2_sources5_txrx60_ringdown050_objectives/data/multi_rebar_coordinate_optimizer_summary.json,generated,missing pulse/noise artifacts,outputs/experiments/1042_coordinate_optimizer_variable_depth_radius_seed102334155_target2_sources5_txrx60_ringdown050_objectives/figures/source_pulse_noise_context.png,outputs/experiments/1042_coordinate_optimizer_variable_depth_radius_seed102334155_target2_sources5_txrx60_ringdown050_objectives/data/source_pulse_noise_context_summary.json,outputs/experiments/1042_coordinate_optimizer_variable_depth_radius_seed102334155_target2_sources5_txrx60_ringdown050_objectives/figures/FIGURE_NOTES.md,2314,1379,6459,0.11900447695805022
1041,outputs/experiments/1041_coordinate_optimizer_variable_depth_radius_seed102334155_target0_sources8_txrx60_ringdown050_objectives,outputs/experiments/1041_coordinate_optimizer_variable_depth_radius_seed102334155_target0_sources8_txrx60_ringdown050_objectives/data/multi_rebar_coordinate_optimizer_summary.json,generated,missing pulse/noise artifacts,outputs/experiments/1041_coordinate_optimizer_variable_depth_radius_seed102334155_target0_sources8_txrx60_ringdown050_objectives/figures/source_pulse_noise_context.png,outputs/experiments/1041_coordinate_optimizer_variable_depth_radius_seed102334155_target0_sources8_txrx60_ringdown050_objectives/data/source_pulse_noise_context_summary.json,outputs/experiments/1041_coordinate_optimizer_variable_depth_radius_seed102334155_target0_sources8_txrx60_ringdown050_objectives/figures/FIGURE_NOTES.md,2314,1379,6459,0.11916022721361226
1040,outputs/experiments/1040_coordinate_optimizer_variable_depth_radius_seed63245986_target1_sources5_txrx52p5_ringdown050_objectives,outputs/experiments/1040_coordinate_optimizer_variable_depth_radius_seed63245986_target1_sources5_txrx52p5_ringdown050_objectives/data/multi_rebar_coordinate_optimizer_summary.json,generated,missing pulse/noise artifacts,outputs/experiments/1040_coordinate_optimizer_variable_depth_radius_seed63245986_target1_sources5_txrx52p5_ringdown050_objectives/figures/source_pulse_noise_context.png,outputs/experiments/1040_coordinate_optimizer_variable_depth_radius_seed63245986_target1_sources5_txrx52p5_ringdown050_objectives/data/source_pulse_noise_context_summary.json,outputs/experiments/1040_coordinate_optimizer_variable_depth_radius_seed63245986_target1_sources5_txrx52p5_ringdown050_objectives/figures/FIGURE_NOTES.md,2314,1379,6400,0.11799006332172363
1039,outputs/experiments/1039_coordinate_optimizer_variable_depth_radius_seed63245986_target1_sources5_txrx60_ringdown050_objectives,outputs/experiments/1039_coordinate_optimizer_variable_depth_radius_seed63245986_target1_sources5_txrx60_ringdown050_objectives/data/multi_rebar_coordinate_optimizer_summary.json,generated,missing pulse/noise artifacts,outputs/experiments/1039_coordinate_optimizer_variable_depth_radius_seed63245986_target1_sources5_txrx60_ringdown050_objectives/figures/source_pulse_noise_context.png,outputs/experiments/1039_coordinate_optimizer_variable_depth_radius_seed63245986_target1_sources5_txrx60_ringdown050_objectives/data/source_pulse_noise_context_summary.json,outputs/experiments/1039_coordinate_optimizer_variable_depth_radius_seed63245986_target1_sources5_txrx60_ringdown050_objectives/figures/FIGURE_NOTES.md,2314,1379,6400,0.1178775596159957
1038,outputs/experiments/1038_coordinate_optimizer_variable_depth_radius_seed63245986_target2_sources5_txrx60_ringdown050_objectives,outputs/experiments/1038_coordinate_optimizer_variable_depth_radius_seed63245986_target2_sources5_txrx60_ringdown050_objectives/data/multi_rebar_coordinate_optimizer_summary.json,generated,missing pulse/noise artifacts,outputs/experiments/1038_coordinate_optimizer_variable_depth_radius_seed63245986_target2_sources5_txrx60_ringdown050_objectives/figures/source_pulse_noise_context.png,outputs/experiments/1038_coordinate_optimizer_variable_depth_radius_seed63245986_target2_sources5_txrx60_ringdown050_objectives/data/source_pulse_noise_context_summary.json,outputs/experiments/1038_coordinate_optimizer_variable_depth_radius_seed63245986_target2_sources5_txrx60_ringdown050_objectives/figures/FIGURE_NOTES.md,2314,1379,6400,0.11788852794385218
1037,outputs/experiments/1037_coordinate_optimizer_variable_depth_radius_seed63245986_target0_sources8_txrx60_ringdown050_objectives,outputs/experiments/1037_coordinate_optimizer_variable_depth_radius_seed63245986_target0_sources8_txrx60_ringdown050_objectives/data/multi_rebar_coordinate_optimizer_summary.json,generated,missing pulse/noise artifacts,outputs/experiments/1037_coordinate_optimizer_variable_depth_radius_seed63245986_target0_sources8_txrx60_ringdown050_objectives/figures/source_pulse_noise_context.png,outputs/experiments/1037_coordinate_optimizer_variable_depth_radius_seed63245986_target0_sources8_txrx60_ringdown050_objectives/data/source_pulse_noise_context_summary.json,outputs/experiments/1037_coordinate_optimizer_variable_depth_radius_seed63245986_target0_sources8_txrx60_ringdown050_objectives/figures/FIGURE_NOTES.md,2314,1379,6400,0.11797940837466303
1036,outputs/experiments/1036_coordinate_optimizer_variable_depth_radius_seed39088169_target1_sources5_txrx60_ringdown050_objectives,outputs/experiments/1036_coordinate_optimizer_variable_depth_radius_seed39088169_target1_sources5_txrx60_ringdown050_objectives/data/multi_rebar_coordinate_optimizer_summary.json,generated,missing pulse/noise artifacts,outputs/experiments/1036_coordinate_optimizer_variable_depth_radius_seed39088169_target1_sources5_txrx60_ringdown050_objectives/figures/source_pulse_noise_context.png,outputs/experiments/1036_coordinate_optimizer_variable_depth_radius_seed39088169_target1_sources5_txrx60_ringdown050_objectives/data/source_pulse_noise_context_summary.json,outputs/experiments/1036_coordinate_optimizer_variable_depth_radius_seed39088169_target1_sources5_txrx60_ringdown050_objectives/figures/FIGURE_NOTES.md,2314,1379,6420,0.11901293823953951
1035,outputs/experiments/1035_coordinate_optimizer_variable_depth_radius_seed39088169_target2_sources5_txrx60_ringdown050_objectives,outputs/experiments/1035_coordinate_optimizer_variable_depth_radius_seed39088169_target2_sources5_txrx60_ringdown050_objectives/data/multi_rebar_coordinate_optimizer_summary.json,generated,missing pulse/noise artifacts,outputs/experiments/1035_coordinate_optimizer_variable_depth_radius_seed39088169_target2_sources5_txrx60_ringdown050_objectives/figures/source_pulse_noise_context.png,outputs/experiments/1035_coordinate_optimizer_variable_depth_radius_seed39088169_target2_sources5_txrx60_ringdown050_objectives/data/source_pulse_noise_context_summary.json,outputs/experiments/1035_coordinate_optimizer_variable_depth_radius_seed39088169_target2_sources5_txrx60_ringdown050_objectives/figures/FIGURE_NOTES.md,2314,1379,6420,0.11902986080251808
1034,outputs/experiments/1034_coordinate_optimizer_variable_depth_radius_seed39088169_target0_sources8_txrx60_ringdown050_objectives,outputs/experiments/1034_coordinate_optimizer_variable_depth_radius_seed39088169_target0_sources8_txrx60_ringdown050_objectives/data/multi_rebar_coordinate_optimizer_summary.json,generated,missing pulse/noise artifacts,outputs/experiments/1034_coordinate_optimizer_variable_depth_radius_seed39088169_target0_sources8_txrx60_ringdown050_objectives/figures/source_pulse_noise_context.png,outputs/experiments/1034_coordinate_optimizer_variable_depth_radius_seed39088169_target0_sources8_txrx60_ringdown050_objectives/data/source_pulse_noise_context_summary.json,outputs/experiments/1034_coordinate_optimizer_variable_depth_radius_seed39088169_target0_sources8_txrx60_ringdown050_objectives/figures/FIGURE_NOTES.md,2314,1379,6420,0.11909786443522827
1033,outputs/experiments/1033_coordinate_optimizer_variable_depth_radius_seed24157817_target1_sources5_txrx52p5_ringdown050_objectives,outputs/experiments/1033_coordinate_optimizer_variable_depth_radius_seed24157817_target1_sources5_txrx52p5_ringdown050_objectives/data/multi_rebar_coordinate_optimizer_summary.json,generated,missing pulse/noise artifacts,outputs/experiments/1033_coordinate_optimizer_variable_depth_radius_seed24157817_target1_sources5_txrx52p5_ringdown050_objectives/figures/source_pulse_noise_context.png,outputs/experiments/1033_coordinate_optimizer_variable_depth_radius_seed24157817_target1_sources5_txrx52p5_ringdown050_objectives/data/source_pulse_noise_context_summary.json,outputs/experiments/1033_coordinate_optimizer_variable_depth_radius_seed24157817_target1_sources5_txrx52p5_ringdown050_objectives/figures/FIGURE_NOTES.md,2314,1379,6467,0.11428339526782463
1032,outputs/experiments/1032_coordinate_optimizer_variable_depth_radius_seed24157817_target1_sources5_txrx60_ringdown050_objectives,outputs/experiments/1032_coordinate_optimizer_variable_depth_radius_seed24157817_target1_sources5_txrx60_ringdown050_objectives/data/multi_rebar_coordinate_optimizer_summary.json,generated,missing pulse/noise artifacts,outputs/experiments/1032_coordinate_optimizer_variable_depth_radius_seed24157817_target1_sources5_txrx60_ringdown050_objectives/figures/source_pulse_noise_context.png,outputs/experiments/1032_coordinate_optimizer_variable_depth_radius_seed24157817_target1_sources5_txrx60_ringdown050_objectives/data/source_pulse_noise_context_summary.json,outputs/experiments/1032_coordinate_optimizer_variable_depth_radius_seed24157817_target1_sources5_txrx60_ringdown050_objectives/figures/FIGURE_NOTES.md,2314,1379,6467,0.11417089156209671
1031,outputs/experiments/1031_coordinate_optimizer_variable_depth_radius_seed24157817_target2_sources5_txrx60_ringdown050_objectives,outputs/experiments/1031_coordinate_optimizer_variable_depth_radius_seed24157817_target2_sources5_txrx60_ringdown050_objectives/data/multi_rebar_coordinate_optimizer_summary.json,generated,missing pulse/noise artifacts,outputs/experiments/1031_coordinate_optimizer_variable_depth_radius_seed24157817_target2_sources5_txrx60_ringdown050_objectives/figures/source_pulse_noise_context.png,outputs/experiments/1031_coordinate_optimizer_variable_depth_radius_seed24157817_target2_sources5_txrx60_ringdown050_objectives/data/source_pulse_noise_context_summary.json,outputs/experiments/1031_coordinate_optimizer_variable_depth_radius_seed24157817_target2_sources5_txrx60_ringdown050_objectives/figures/FIGURE_NOTES.md,2314,1379,6467,0.1141878141250753
1030,outputs/experiments/1030_coordinate_optimizer_variable_depth_radius_seed24157817_target0_sources8_txrx60_ringdown050_objectives,outputs/experiments/1030_coordinate_optimizer_variable_depth_radius_seed24157817_target0_sources8_txrx60_ringdown050_objectives/data/multi_rebar_coordinate_optimizer_summary.json,generated,missing pulse/noise artifacts,outputs/experiments/1030_coordinate_optimizer_variable_depth_radius_seed24157817_target0_sources8_txrx60_ringdown050_objectives/figures/source_pulse_noise_context.png,outputs/experiments/1030_coordinate_optimizer_variable_depth_radius_seed24157817_target0_sources8_txrx60_ringdown050_objectives/data/source_pulse_noise_context_summary.json,outputs/experiments/1030_coordinate_optimizer_variable_depth_radius_seed24157817_target0_sources8_txrx60_ringdown050_objectives/figures/FIGURE_NOTES.md,2314,1379,6467,0.11428903612215081
1029,outputs/experiments/1029_coordinate_optimizer_variable_depth_radius_seed14930352_target1_sources5_txrx60_ringdown050_objectives,outputs/experiments/1029_coordinate_optimizer_variable_depth_radius_seed14930352_target1_sources5_txrx60_ringdown050_objectives/data/multi_rebar_coordinate_optimizer_summary.json,generated,missing pulse/noise artifacts,outputs/experiments/1029_coordinate_optimizer_variable_depth_radius_seed14930352_target1_sources5_txrx60_ringdown050_objectives/figures/source_pulse_noise_context.png,outputs/experiments/1029_coordinate_optimizer_variable_depth_radius_seed14930352_target1_sources5_txrx60_ringdown050_objectives/data/source_pulse_noise_context_summary.json,outputs/experiments/1029_coordinate_optimizer_variable_depth_radius_seed14930352_target1_sources5_txrx60_ringdown050_objectives/figures/FIGURE_NOTES.md,2314,1379,6616,0.12436798927986974
1028,outputs/experiments/1028_coordinate_optimizer_variable_depth_radius_seed14930352_target2_sources7_txrx60_ringdown050_objectives,outputs/experiments/1028_coordinate_optimizer_variable_depth_radius_seed14930352_target2_sources7_txrx60_ringdown050_objectives/data/multi_rebar_coordinate_optimizer_summary.json,generated,missing pulse/noise artifacts,outputs/experiments/1028_coordinate_optimizer_variable_depth_radius_seed14930352_target2_sources7_txrx60_ringdown050_objectives/figures/source_pulse_noise_context.png,outputs/experiments/1028_coordinate_optimizer_variable_depth_radius_seed14930352_target2_sources7_txrx60_ringdown050_objectives/data/source_pulse_noise_context_summary.json,outputs/experiments/1028_coordinate_optimizer_variable_depth_radius_seed14930352_target2_sources7_txrx60_ringdown050_objectives/figures/FIGURE_NOTES.md,2314,1379,6616,0.12440998230652027
1027,outputs/experiments/1027_coordinate_optimizer_variable_depth_radius_seed14930352_target2_sources5_txrx60_ringdown050_objectives,outputs/experiments/1027_coordinate_optimizer_variable_depth_radius_seed14930352_target2_sources5_txrx60_ringdown050_objectives/data/multi_rebar_coordinate_optimizer_summary.json,generated,missing pulse/noise artifacts,outputs/experiments/1027_coordinate_optimizer_variable_depth_radius_seed14930352_target2_sources5_txrx60_ringdown050_objectives/figures/source_pulse_noise_context.png,outputs/experiments/1027_coordinate_optimizer_variable_depth_radius_seed14930352_target2_sources5_txrx60_ringdown050_objectives/data/source_pulse_noise_context_summary.json,outputs/experiments/1027_coordinate_optimizer_variable_depth_radius_seed14930352_target2_sources5_txrx60_ringdown050_objectives/figures/FIGURE_NOTES.md,2314,1379,6616,0.12437895760772621
1026,outputs/experiments/1026_coordinate_optimizer_variable_depth_radius_seed14930352_target0_sources11_txrx60_ringdown050_objectives,outputs/experiments/1026_coordinate_optimizer_variable_depth_radius_seed14930352_target0_sources11_txrx60_ringdown050_objectives/data/multi_rebar_coordinate_optimizer_summary.json,generated,missing pulse/noise artifacts,outputs/experiments/1026_coordinate_optimizer_variable_depth_radius_seed14930352_target0_sources11_txrx60_ringdown050_objectives/figures/source_pulse_noise_context.png,outputs/experiments/1026_coordinate_optimizer_variable_depth_radius_seed14930352_target0_sources11_txrx60_ringdown050_objectives/data/source_pulse_noise_context_summary.json,outputs/experiments/1026_coordinate_optimizer_variable_depth_radius_seed14930352_target0_sources11_txrx60_ringdown050_objectives/figures/FIGURE_NOTES.md,2314,1379,6616,0.12447203170410837
1025,outputs/experiments/1025_coordinate_optimizer_variable_depth_radius_seed14930352_target0_sources9_txrx60_ringdown050_objectives,outputs/experiments/1025_coordinate_optimizer_variable_depth_radius_seed14930352_target0_sources9_txrx60_ringdown050_objectives/data/multi_rebar_coordinate_optimizer_summary.json,generated,missing pulse/noise artifacts,outputs/experiments/1025_coordinate_optimizer_variable_depth_radius_seed14930352_target0_sources9_txrx60_ringdown050_objectives/figures/source_pulse_noise_context.png,outputs/experiments/1025_coordinate_optimizer_variable_depth_radius_seed14930352_target0_sources9_txrx60_ringdown050_objectives/data/source_pulse_noise_context_summary.json,outputs/experiments/1025_coordinate_optimizer_variable_depth_radius_seed14930352_target0_sources9_txrx60_ringdown050_objectives/figures/FIGURE_NOTES.md,2314,1379,6616,0.12440214778662277
1024,outputs/experiments/1024_coordinate_optimizer_variable_depth_radius_seed14930352_target0_sources8_txrx52p5_ringdown050_objectives,outputs/experiments/1024_coordinate_optimizer_variable_depth_radius_seed14930352_target0_sources8_txrx52p5_ringdown050_objectives/data/multi_rebar_coordinate_optimizer_summary.json,generated,missing pulse/noise artifacts,outputs/experiments/1024_coordinate_optimizer_variable_depth_radius_seed14930352_target0_sources8_txrx52p5_ringdown050_objectives/figures/source_pulse_noise_context.png,outputs/experiments/1024_coordinate_optimizer_variable_depth_radius_seed14930352_target0_sources8_txrx52p5_ringdown050_objectives/data/source_pulse_noise_context_summary.json,outputs/experiments/1024_coordinate_optimizer_variable_depth_radius_seed14930352_target0_sources8_txrx52p5_ringdown050_objectives/figures/FIGURE_NOTES.md,2314,1379,6616,0.12469703911556418
1023,outputs/experiments/1023_coordinate_optimizer_variable_depth_radius_seed14930352_target0_sources8_txrx60_ringdown050_objectives,outputs/experiments/1023_coordinate_optimizer_variable_depth_radius_seed14930352_target0_sources8_txrx60_ringdown050_objectives/data/multi_rebar_coordinate_optimizer_summary.json,generated,missing pulse/noise artifacts,outputs/experiments/1023_coordinate_optimizer_variable_depth_radius_seed14930352_target0_sources8_txrx60_ringdown050_objectives/figures/source_pulse_noise_context.png,outputs/experiments/1023_coordinate_optimizer_variable_depth_radius_seed14930352_target0_sources8_txrx60_ringdown050_objectives/data/source_pulse_noise_context_summary.json,outputs/experiments/1023_coordinate_optimizer_variable_depth_radius_seed14930352_target0_sources8_txrx60_ringdown050_objectives/figures/FIGURE_NOTES.md,2314,1379,6616,0.1245130845883712
1022,outputs/experiments/1022_coordinate_optimizer_variable_depth_radius_seed9227465_target1_sources5_txrx52p5_ringdown050_objectives,outputs/experiments/1022_coordinate_optimizer_variable_depth_radius_seed9227465_target1_sources5_txrx52p5_ringdown050_objectives/data/multi_rebar_coordinate_optimizer_summary.json,generated,missing pulse/noise artifacts,outputs/experiments/1022_coordinate_optimizer_variable_depth_radius_seed9227465_target1_sources5_txrx52p5_ringdown050_objectives/figures/source_pulse_noise_context.png,outputs/experiments/1022_coordinate_optimizer_variable_depth_radius_seed9227465_target1_sources5_txrx52p5_ringdown050_objectives/data/source_pulse_noise_context_summary.json,outputs/experiments/1022_coordinate_optimizer_variable_depth_radius_seed9227465_target1_sources5_txrx52p5_ringdown050_objectives/figures/FIGURE_NOTES.md,2314,1379,6573,0.11524422078805242
1021,outputs/experiments/1021_coordinate_optimizer_variable_depth_radius_seed9227465_target1_sources5_txrx60_ringdown050_objectives,outputs/experiments/1021_coordinate_optimizer_variable_depth_radius_seed9227465_target1_sources5_txrx60_ringdown050_objectives/data/multi_rebar_coordinate_optimizer_summary.json,generated,missing pulse/noise artifacts,outputs/experiments/1021_coordinate_optimizer_variable_depth_radius_seed9227465_target1_sources5_txrx60_ringdown050_objectives/figures/source_pulse_noise_context.png,outputs/experiments/1021_coordinate_optimizer_variable_depth_radius_seed9227465_target1_sources5_txrx60_ringdown050_objectives/data/source_pulse_noise_context_summary.json,outputs/experiments/1021_coordinate_optimizer_variable_depth_radius_seed9227465_target1_sources5_txrx60_ringdown050_objectives/figures/FIGURE_NOTES.md,2314,1379,6573,0.11509035081726578
1020,outputs/experiments/1020_coordinate_optimizer_variable_depth_radius_seed9227465_target2_sources5_txrx60_ringdown050_objectives,outputs/experiments/1020_coordinate_optimizer_variable_depth_radius_seed9227465_target2_sources5_txrx60_ringdown050_objectives/data/multi_rebar_coordinate_optimizer_summary.json,generated,missing pulse/noise artifacts,outputs/experiments/1020_coordinate_optimizer_variable_depth_radius_seed9227465_target2_sources5_txrx60_ringdown050_objectives/figures/source_pulse_noise_context.png,outputs/experiments/1020_coordinate_optimizer_variable_depth_radius_seed9227465_target2_sources5_txrx60_ringdown050_objectives/data/source_pulse_noise_context_summary.json,outputs/experiments/1020_coordinate_optimizer_variable_depth_radius_seed9227465_target2_sources5_txrx60_ringdown050_objectives/figures/FIGURE_NOTES.md,2314,1379,6573,0.11510727338024435
1019,outputs/experiments/1019_coordinate_optimizer_variable_depth_radius_seed9227465_target0_sources8_txrx60_ringdown050_objectives,outputs/experiments/1019_coordinate_optimizer_variable_depth_radius_seed9227465_target0_sources8_txrx60_ringdown050_objectives/data/multi_rebar_coordinate_optimizer_summary.json,generated,missing pulse/noise artifacts,outputs/experiments/1019_coordinate_optimizer_variable_depth_radius_seed9227465_target0_sources8_txrx60_ringdown050_objectives/figures/source_pulse_noise_context.png,outputs/experiments/1019_coordinate_optimizer_variable_depth_radius_seed9227465_target0_sources8_txrx60_ringdown050_objectives/data/source_pulse_noise_context_summary.json,outputs/experiments/1019_coordinate_optimizer_variable_depth_radius_seed9227465_target0_sources8_txrx60_ringdown050_objectives/figures/FIGURE_NOTES.md,2314,1379,6573,0.115195646764688
1018,outputs/experiments/1018_coordinate_optimizer_variable_depth_radius_seed5702887_target1_sources5_txrx60_ringdown050_objectives,outputs/experiments/1018_coordinate_optimizer_variable_depth_radius_seed5702887_target1_sources5_txrx60_ringdown050_objectives/data/multi_rebar_coordinate_optimizer_summary.json,generated,missing pulse/noise artifacts,outputs/experiments/1018_coordinate_optimizer_variable_depth_radius_seed5702887_target1_sources5_txrx60_ringdown050_objectives/figures/source_pulse_noise_context.png,outputs/experiments/1018_coordinate_optimizer_variable_depth_radius_seed5702887_target1_sources5_txrx60_ringdown050_objectives/data/source_pulse_noise_context_summary.json,outputs/experiments/1018_coordinate_optimizer_variable_depth_radius_seed5702887_target1_sources5_txrx60_ringdown050_objectives/figures/FIGURE_NOTES.md,2314,1379,6574,0.1206252824344423
1017,outputs/experiments/1017_coordinate_optimizer_variable_depth_radius_seed5702887_target2_sources11_txrx60_ringdown050_objectives,outputs/experiments/1017_coordinate_optimizer_variable_depth_radius_seed5702887_target2_sources11_txrx60_ringdown050_objectives/data/multi_rebar_coordinate_optimizer_summary.json,generated,missing pulse/noise artifacts,outputs/experiments/1017_coordinate_optimizer_variable_depth_radius_seed5702887_target2_sources11_txrx60_ringdown050_objectives/figures/source_pulse_noise_context.png,outputs/experiments/1017_coordinate_optimizer_variable_depth_radius_seed5702887_target2_sources11_txrx60_ringdown050_objectives/data/source_pulse_noise_context_summary.json,outputs/experiments/1017_coordinate_optimizer_variable_depth_radius_seed5702887_target2_sources11_txrx60_ringdown050_objectives/figures/FIGURE_NOTES.md,2314,1379,6574,0.12071271567649826
1016,outputs/experiments/1016_coordinate_optimizer_variable_depth_radius_seed5702887_target2_sources9_txrx65_ringdown050_objectives,outputs/experiments/1016_coordinate_optimizer_variable_depth_radius_seed5702887_target2_sources9_txrx65_ringdown050_objectives/data/multi_rebar_coordinate_optimizer_summary.json,generated,missing pulse/noise artifacts,outputs/experiments/1016_coordinate_optimizer_variable_depth_radius_seed5702887_target2_sources9_txrx65_ringdown050_objectives/figures/source_pulse_noise_context.png,outputs/experiments/1016_coordinate_optimizer_variable_depth_radius_seed5702887_target2_sources9_txrx65_ringdown050_objectives/data/source_pulse_noise_context_summary.json,outputs/experiments/1016_coordinate_optimizer_variable_depth_radius_seed5702887_target2_sources9_txrx65_ringdown050_objectives/figures/FIGURE_NOTES.md,2314,1379,6574,0.12071396919968186
1015,outputs/experiments/1015_coordinate_optimizer_variable_depth_radius_seed5702887_target2_sources9_txrx45_ringdown050_objectives,outputs/experiments/1015_coordinate_optimizer_variable_depth_radius_seed5702887_target2_sources9_txrx45_ringdown050_objectives/data/multi_rebar_coordinate_optimizer_summary.json,generated,missing pulse/noise artifacts,outputs/experiments/1015_coordinate_optimizer_variable_depth_radius_seed5702887_target2_sources9_txrx45_ringdown050_objectives/figures/source_pulse_noise_context.png,outputs/experiments/1015_coordinate_optimizer_variable_depth_radius_seed5702887_target2_sources9_txrx45_ringdown050_objectives/data/source_pulse_noise_context_summary.json,outputs/experiments/1015_coordinate_optimizer_variable_depth_radius_seed5702887_target2_sources9_txrx45_ringdown050_objectives/figures/FIGURE_NOTES.md,2314,1379,6574,0.1206801240737247
1014,outputs/experiments/1014_coordinate_optimizer_variable_depth_radius_seed5702887_target2_sources9_txrx60_ringdown050_objectives,outputs/experiments/1014_coordinate_optimizer_variable_depth_radius_seed5702887_target2_sources9_txrx60_ringdown050_objectives/data/multi_rebar_coordinate_optimizer_summary.json,generated,missing pulse/noise artifacts,outputs/experiments/1014_coordinate_optimizer_variable_depth_radius_seed5702887_target2_sources9_txrx60_ringdown050_objectives/figures/source_pulse_noise_context.png,outputs/experiments/1014_coordinate_optimizer_variable_depth_radius_seed5702887_target2_sources9_txrx60_ringdown050_objectives/data/source_pulse_noise_context_summary.json,outputs/experiments/1014_coordinate_optimizer_variable_depth_radius_seed5702887_target2_sources9_txrx60_ringdown050_objectives/figures/FIGURE_NOTES.md,2314,1379,6574,0.12064721909015527
1013,outputs/experiments/1013_coordinate_optimizer_variable_depth_radius_seed5702887_target2_sources7_txrx60_ringdown050_objectives,outputs/experiments/1013_coordinate_optimizer_variable_depth_radius_seed5702887_target2_sources7_txrx60_ringdown050_objectives/data/multi_rebar_coordinate_optimizer_summary.json,generated,missing pulse/noise artifacts,outputs/experiments/1013_coordinate_optimizer_variable_depth_radius_seed5702887_target2_sources7_txrx60_ringdown050_objectives/figures/source_pulse_noise_context.png,outputs/experiments/1013_coordinate_optimizer_variable_depth_radius_seed5702887_target2_sources7_txrx60_ringdown050_objectives/data/source_pulse_noise_context_summary.json,outputs/experiments/1013_coordinate_optimizer_variable_depth_radius_seed5702887_target2_sources7_txrx60_ringdown050_objectives/figures/FIGURE_NOTES.md,2314,1379,6574,0.12066978250746004
1012,outputs/experiments/1012_coordinate_optimizer_variable_depth_radius_seed5702887_target2_sources5_txrx60_ringdown050_objectives,outputs/experiments/1012_coordinate_optimizer_variable_depth_radius_seed5702887_target2_sources5_txrx60_ringdown050_objectives/data/multi_rebar_coordinate_optimizer_summary.json,generated,missing pulse/noise artifacts,outputs/experiments/1012_coordinate_optimizer_variable_depth_radius_seed5702887_target2_sources5_txrx60_ringdown050_objectives/figures/source_pulse_noise_context.png,outputs/experiments/1012_coordinate_optimizer_variable_depth_radius_seed5702887_target2_sources5_txrx60_ringdown050_objectives/data/source_pulse_noise_context_summary.json,outputs/experiments/1012_coordinate_optimizer_variable_depth_radius_seed5702887_target2_sources5_txrx60_ringdown050_objectives/figures/FIGURE_NOTES.md,2314,1379,6574,0.12064220499742087
1011,outputs/experiments/1011_coordinate_optimizer_variable_depth_radius_seed5702887_target0_sources8_txrx45_ringdown050_objectives,outputs/experiments/1011_coordinate_optimizer_variable_depth_radius_seed5702887_target0_sources8_txrx45_ringdown050_objectives/data/multi_rebar_coordinate_optimizer_summary.json,generated,missing pulse/noise artifacts,outputs/experiments/1011_coordinate_optimizer_variable_depth_radius_seed5702887_target0_sources8_txrx45_ringdown050_objectives/figures/source_pulse_noise_context.png,outputs/experiments/1011_coordinate_optimizer_variable_depth_radius_seed5702887_target0_sources8_txrx45_ringdown050_objectives/data/source_pulse_noise_context_summary.json,outputs/experiments/1011_coordinate_optimizer_variable_depth_radius_seed5702887_target0_sources8_txrx45_ringdown050_objectives/figures/FIGURE_NOTES.md,2314,1379,6574,0.12074530727927181
1010,outputs/experiments/1010_coordinate_optimizer_variable_depth_radius_seed5702887_target0_sources8_txrx50_ringdown050_objectives,outputs/experiments/1010_coordinate_optimizer_variable_depth_radius_seed5702887_target0_sources8_txrx50_ringdown050_objectives/data/multi_rebar_coordinate_optimizer_summary.json,generated,missing pulse/noise artifacts,outputs/experiments/1010_coordinate_optimizer_variable_depth_radius_seed5702887_target0_sources8_txrx50_ringdown050_objectives/figures/source_pulse_noise_context.png,outputs/experiments/1010_coordinate_optimizer_variable_depth_radius_seed5702887_target0_sources8_txrx50_ringdown050_objectives/data/source_pulse_noise_context_summary.json,outputs/experiments/1010_coordinate_optimizer_variable_depth_radius_seed5702887_target0_sources8_txrx50_ringdown050_objectives/figures/FIGURE_NOTES.md,2314,1379,6574,0.12067385645780672
1009,outputs/experiments/1009_coordinate_optimizer_variable_depth_radius_seed5702887_target0_sources8_txrx52p5_ringdown050_objectives,outputs/experiments/1009_coordinate_optimizer_variable_depth_radius_seed5702887_target0_sources8_txrx52p5_ringdown050_objectives/data/multi_rebar_coordinate_optimizer_summary.json,generated,missing pulse/noise artifacts,outputs/experiments/1009_coordinate_optimizer_variable_depth_radius_seed5702887_target0_sources8_txrx52p5_ringdown050_objectives/figures/source_pulse_noise_context.png,outputs/experiments/1009_coordinate_optimizer_variable_depth_radius_seed5702887_target0_sources8_txrx52p5_ringdown050_objectives/data/source_pulse_noise_context_summary.json,outputs/experiments/1009_coordinate_optimizer_variable_depth_radius_seed5702887_target0_sources8_txrx52p5_ringdown050_objectives/figures/FIGURE_NOTES.md,2314,1379,6574,0.1209273815216894
1008,outputs/experiments/1008_coordinate_optimizer_variable_depth_radius_seed5702887_target0_sources8_txrx60_ringdown050_objectives,outputs/experiments/1008_coordinate_optimizer_variable_depth_radius_seed5702887_target0_sources8_txrx60_ringdown050_objectives/data/multi_rebar_coordinate_optimizer_summary.json,generated,missing pulse/noise artifacts,outputs/experiments/1008_coordinate_optimizer_variable_depth_radius_seed5702887_target0_sources8_txrx60_ringdown050_objectives/figures/source_pulse_noise_context.png,outputs/experiments/1008_coordinate_optimizer_variable_depth_radius_seed5702887_target0_sources8_txrx60_ringdown050_objectives/data/source_pulse_noise_context_summary.json,outputs/experiments/1008_coordinate_optimizer_variable_depth_radius_seed5702887_target0_sources8_txrx60_ringdown050_objectives/figures/FIGURE_NOTES.md,2314,1379,6574,0.1207481277064349
1007,outputs/experiments/1007_coordinate_optimizer_variable_depth_radius_seed3524578_target1_sources5_txrx60_ringdown050_objectives,outputs/experiments/1007_coordinate_optimizer_variable_depth_radius_seed3524578_target1_sources5_txrx60_ringdown050_objectives/data/multi_rebar_coordinate_optimizer_summary.json,generated,missing pulse/noise artifacts,outputs/experiments/1007_coordinate_optimizer_variable_depth_radius_seed3524578_target1_sources5_txrx60_ringdown050_objectives/figures/source_pulse_noise_context.png,outputs/experiments/1007_coordinate_optimizer_variable_depth_radius_seed3524578_target1_sources5_txrx60_ringdown050_objectives/data/source_pulse_noise_context_summary.json,outputs/experiments/1007_coordinate_optimizer_variable_depth_radius_seed3524578_target1_sources5_txrx60_ringdown050_objectives/figures/FIGURE_NOTES.md,2314,1379,6232,0.11945292487698236
1006,outputs/experiments/1006_coordinate_optimizer_variable_depth_radius_seed3524578_target2_sources5_txrx60_ringdown050_objectives,outputs/experiments/1006_coordinate_optimizer_variable_depth_radius_seed3524578_target2_sources5_txrx60_ringdown050_objectives/data/multi_rebar_coordinate_optimizer_summary.json,generated,missing pulse/noise artifacts,outputs/experiments/1006_coordinate_optimizer_variable_depth_radius_seed3524578_target2_sources5_txrx60_ringdown050_objectives/figures/source_pulse_noise_context.png,outputs/experiments/1006_coordinate_optimizer_variable_depth_radius_seed3524578_target2_sources5_txrx60_ringdown050_objectives/data/source_pulse_noise_context_summary.json,outputs/experiments/1006_coordinate_optimizer_variable_depth_radius_seed3524578_target2_sources5_txrx60_ringdown050_objectives/figures/FIGURE_NOTES.md,2314,1379,6232,0.11946483334722655
1005,outputs/experiments/1005_seed1346269_revised_txrx52p5_source_policy_summary,,skipped,no compatible coordinate optimizer summary,,,,,,,
1004,outputs/experiments/1004_coordinate_optimizer_variable_depth_radius_seed3524578_target0_sources8_txrx60_ringdown050_objectives,outputs/experiments/1004_coordinate_optimizer_variable_depth_radius_seed3524578_target0_sources8_txrx60_ringdown050_objectives/data/multi_rebar_coordinate_optimizer_summary.json,generated,missing pulse/noise artifacts,outputs/experiments/1004_coordinate_optimizer_variable_depth_radius_seed3524578_target0_sources8_txrx60_ringdown050_objectives/figures/source_pulse_noise_context.png,outputs/experiments/1004_coordinate_optimizer_variable_depth_radius_seed3524578_target0_sources8_txrx60_ringdown050_objectives/data/source_pulse_noise_context_summary.json,outputs/experiments/1004_coordinate_optimizer_variable_depth_radius_seed3524578_target0_sources8_txrx60_ringdown050_objectives/figures/FIGURE_NOTES.md,2314,1379,6232,0.11959237933115764
1003,outputs/experiments/1003_coordinate_optimizer_variable_depth_radius_seed1346269_target1_sources5_txrx52p5_ringdown050_objectives,outputs/experiments/1003_coordinate_optimizer_variable_depth_radius_seed1346269_target1_sources5_txrx52p5_ringdown050_objectives/data/multi_rebar_coordinate_optimizer_summary.json,generated,missing pulse/noise artifacts,outputs/experiments/1003_coordinate_optimizer_variable_depth_radius_seed1346269_target1_sources5_txrx52p5_ringdown050_objectives/figures/source_pulse_noise_context.png,outputs/experiments/1003_coordinate_optimizer_variable_depth_radius_seed1346269_target1_sources5_txrx52p5_ringdown050_objectives/data/source_pulse_noise_context_summary.json,outputs/experiments/1003_coordinate_optimizer_variable_depth_radius_seed1346269_target1_sources5_txrx52p5_ringdown050_objectives/figures/FIGURE_NOTES.md,2314,1379,6472,0.12000478845856134
1002,outputs/experiments/1002_coordinate_optimizer_variable_depth_radius_seed1346269_target2_sources7_txrx60_ringdown050_objectives,outputs/experiments/1002_coordinate_optimizer_variable_depth_radius_seed1346269_target2_sources7_txrx60_ringdown050_objectives/data/multi_rebar_coordinate_optimizer_summary.json,generated,missing pulse/noise artifacts,outputs/experiments/1002_coordinate_optimizer_variable_depth_radius_seed1346269_target2_sources7_txrx60_ringdown050_objectives/figures/source_pulse_noise_context.png,outputs/experiments/1002_coordinate_optimizer_variable_depth_radius_seed1346269_target2_sources7_txrx60_ringdown050_objectives/data/source_pulse_noise_context_summary.json,outputs/experiments/1002_coordinate_optimizer_variable_depth_radius_seed1346269_target2_sources7_txrx60_ringdown050_objectives/figures/FIGURE_NOTES.md,2314,1379,6472,0.11990168617671042
1001,outputs/experiments/1001_coordinate_optimizer_variable_depth_radius_seed1346269_target2_sources5_txrx52p5_ringdown050_objectives,outputs/experiments/1001_coordinate_optimizer_variable_depth_radius_seed1346269_target2_sources5_txrx52p5_ringdown050_objectives/data/multi_rebar_coordinate_optimizer_summary.json,generated,missing pulse/noise artifacts,outputs/experiments/1001_coordinate_optimizer_variable_depth_radius_seed1346269_target2_sources5_txrx52p5_ringdown050_objectives/figures/source_pulse_noise_context.png,outputs/experiments/1001_coordinate_optimizer_variable_depth_radius_seed1346269_target2_sources5_txrx52p5_ringdown050_objectives/data/source_pulse_noise_context_summary.json,outputs/experiments/1001_coordinate_optimizer_variable_depth_radius_seed1346269_target2_sources5_txrx52p5_ringdown050_objectives/figures/FIGURE_NOTES.md,2314,1379,6472,0.12002171102153991
1000,outputs/experiments/1000_coordinate_optimizer_variable_depth_radius_seed1346269_target0_sources8_txrx52p5_ringdown050_objectives,outputs/experiments/1000_coordinate_optimizer_variable_depth_radius_seed1346269_target0_sources8_txrx52p5_ringdown050_objectives/data/multi_rebar_coordinate_optimizer_summary.json,generated,missing pulse/noise artifacts,outputs/experiments/1000_coordinate_optimizer_variable_depth_radius_seed1346269_target0_sources8_txrx52p5_ringdown050_objectives/figures/source_pulse_noise_context.png,outputs/experiments/1000_coordinate_optimizer_variable_depth_radius_seed1346269_target0_sources8_txrx52p5_ringdown050_objectives/data/source_pulse_noise_context_summary.json,outputs/experiments/1000_coordinate_optimizer_variable_depth_radius_seed1346269_target0_sources8_txrx52p5_ringdown050_objectives/figures/FIGURE_NOTES.md,2314,1379,6472,0.12024107757866954
999,outputs/experiments/999_coordinate_optimizer_variable_depth_radius_seed832040_target1_sources9_txrx52p5_ringdown050_objectives,outputs/experiments/999_coordinate_optimizer_variable_depth_radius_seed832040_target1_sources9_txrx52p5_ringdown050_objectives/data/multi_rebar_coordinate_optimizer_summary.json,generated,missing pulse/noise artifacts,outputs/experiments/999_coordinate_optimizer_variable_depth_radius_seed832040_target1_sources9_txrx52p5_ringdown050_objectives/figures/source_pulse_noise_context.png,outputs/experiments/999_coordinate_optimizer_variable_depth_radius_seed832040_target1_sources9_txrx52p5_ringdown050_objectives/data/source_pulse_noise_context_summary.json,outputs/experiments/999_coordinate_optimizer_variable_depth_radius_seed832040_target1_sources9_txrx52p5_ringdown050_objectives/figures/FIGURE_NOTES.md,2314,1379,6333,0.11773434459226965
998,outputs/experiments/998_coordinate_optimizer_variable_depth_radius_seed832040_target1_sources7_txrx52p5_ringdown050_objectives,outputs/experiments/998_coordinate_optimizer_variable_depth_radius_seed832040_target1_sources7_txrx52p5_ringdown050_objectives/data/multi_rebar_coordinate_optimizer_summary.json,generated,missing pulse/noise artifacts,outputs/experiments/998_coordinate_optimizer_variable_depth_radius_seed832040_target1_sources7_txrx52p5_ringdown050_objectives/figures/source_pulse_noise_context.png,outputs/experiments/998_coordinate_optimizer_variable_depth_radius_seed832040_target1_sources7_txrx52p5_ringdown050_objectives/data/source_pulse_noise_context_summary.json,outputs/experiments/998_coordinate_optimizer_variable_depth_radius_seed832040_target1_sources7_txrx52p5_ringdown050_objectives/figures/FIGURE_NOTES.md,2314,1379,6333,0.11761494650903195
997,outputs/experiments/997_coordinate_optimizer_variable_depth_radius_seed832040_target1_sources5_txrx55_ringdown050_objectives,outputs/experiments/997_coordinate_optimizer_variable_depth_radius_seed832040_target1_sources5_txrx55_ringdown050_objectives/data/multi_rebar_coordinate_optimizer_summary.json,generated,missing pulse/noise artifacts,outputs/experiments/997_coordinate_optimizer_variable_depth_radius_seed832040_target1_sources5_txrx55_ringdown050_objectives/figures/source_pulse_noise_context.png,outputs/experiments/997_coordinate_optimizer_variable_depth_radius_seed832040_target1_sources5_txrx55_ringdown050_objectives/data/source_pulse_noise_context_summary.json,outputs/experiments/997_coordinate_optimizer_variable_depth_radius_seed832040_target1_sources5_txrx55_ringdown050_objectives/figures/FIGURE_NOTES.md,2314,1379,6333,0.11755007668428076
996,outputs/experiments/996_coordinate_optimizer_variable_depth_radius_seed832040_target1_sources5_txrx50_ringdown050_objectives,outputs/experiments/996_coordinate_optimizer_variable_depth_radius_seed832040_target1_sources5_txrx50_ringdown050_objectives/data/multi_rebar_coordinate_optimizer_summary.json,generated,missing pulse/noise artifacts,outputs/experiments/996_coordinate_optimizer_variable_depth_radius_seed832040_target1_sources5_txrx50_ringdown050_objectives/figures/source_pulse_noise_context.png,outputs/experiments/996_coordinate_optimizer_variable_depth_radius_seed832040_target1_sources5_txrx50_ringdown050_objectives/data/source_pulse_noise_context_summary.json,outputs/experiments/996_coordinate_optimizer_variable_depth_radius_seed832040_target1_sources5_txrx50_ringdown050_objectives/figures/FIGURE_NOTES.md,2314,1379,6333,0.11751278436956872
995,outputs/experiments/995_coordinate_optimizer_variable_depth_radius_seed832040_target1_sources5_txrx52p5_ringdown050_objectives,outputs/experiments/995_coordinate_optimizer_variable_depth_radius_seed832040_target1_sources5_txrx52p5_ringdown050_objectives/data/multi_rebar_coordinate_optimizer_summary.json,generated,missing pulse/noise artifacts,outputs/experiments/995_coordinate_optimizer_variable_depth_radius_seed832040_target1_sources5_txrx52p5_ringdown050_objectives/figures/source_pulse_noise_context.png,outputs/experiments/995_coordinate_optimizer_variable_depth_radius_seed832040_target1_sources5_txrx52p5_ringdown050_objectives/data/source_pulse_noise_context_summary.json,outputs/experiments/995_coordinate_optimizer_variable_depth_radius_seed832040_target1_sources5_txrx52p5_ringdown050_objectives/figures/FIGURE_NOTES.md,2314,1379,6333,0.11759018942615589
994,outputs/experiments/994_seed2178309_txrx52p5_acquisition_policy_summary,,skipped,no compatible coordinate optimizer summary,,,,,,,
993,outputs/experiments/993_coordinate_optimizer_variable_depth_radius_seed2178309_target2_sources5_txrx52p5_ringdown050_objectives,outputs/experiments/993_coordinate_optimizer_variable_depth_radius_seed2178309_target2_sources5_txrx52p5_ringdown050_objectives/data/multi_rebar_coordinate_optimizer_summary.json,generated,missing pulse/noise artifacts,outputs/experiments/993_coordinate_optimizer_variable_depth_radius_seed2178309_target2_sources5_txrx52p5_ringdown050_objectives/figures/source_pulse_noise_context.png,outputs/experiments/993_coordinate_optimizer_variable_depth_radius_seed2178309_target2_sources5_txrx52p5_ringdown050_objectives/data/source_pulse_noise_context_summary.json,outputs/experiments/993_coordinate_optimizer_variable_depth_radius_seed2178309_target2_sources5_txrx52p5_ringdown050_objectives/figures/FIGURE_NOTES.md,2314,1379,6593,0.12102954366115262
992,outputs/experiments/992_coordinate_optimizer_variable_depth_radius_seed2178309_target0_sources8_txrx52p5_ringdown050_objectives,outputs/experiments/992_coordinate_optimizer_variable_depth_radius_seed2178309_target0_sources8_txrx52p5_ringdown050_objectives/data/multi_rebar_coordinate_optimizer_summary.json,generated,missing pulse/noise artifacts,outputs/experiments/992_coordinate_optimizer_variable_depth_radius_seed2178309_target0_sources8_txrx52p5_ringdown050_objectives/figures/source_pulse_noise_context.png,outputs/experiments/992_coordinate_optimizer_variable_depth_radius_seed2178309_target0_sources8_txrx52p5_ringdown050_objectives/data/source_pulse_noise_context_summary.json,outputs/experiments/992_coordinate_optimizer_variable_depth_radius_seed2178309_target0_sources8_txrx52p5_ringdown050_objectives/figures/FIGURE_NOTES.md,2314,1379,6593,0.12118748758228597
991,outputs/experiments/991_coordinate_optimizer_variable_depth_radius_seed2178309_target1_sources5_txrx52p5_ringdown050_objectives,outputs/experiments/991_coordinate_optimizer_variable_depth_radius_seed2178309_target1_sources5_txrx52p5_ringdown050_objectives/data/multi_rebar_coordinate_optimizer_summary.json,generated,missing pulse/noise artifacts,outputs/experiments/991_coordinate_optimizer_variable_depth_radius_seed2178309_target1_sources5_txrx52p5_ringdown050_objectives/figures/source_pulse_noise_context.png,outputs/experiments/991_coordinate_optimizer_variable_depth_radius_seed2178309_target1_sources5_txrx52p5_ringdown050_objectives/data/source_pulse_noise_context_summary.json,outputs/experiments/991_coordinate_optimizer_variable_depth_radius_seed2178309_target1_sources5_txrx52p5_ringdown050_objectives/figures/FIGURE_NOTES.md,2314,1379,6593,0.12101857533329614
990,outputs/experiments/990_coordinate_optimizer_variable_depth_radius_seed2178309_target1_sources5_txrx57p5_ringdown050_objectives,outputs/experiments/990_coordinate_optimizer_variable_depth_radius_seed2178309_target1_sources5_txrx57p5_ringdown050_objectives/data/multi_rebar_coordinate_optimizer_summary.json,generated,missing pulse/noise artifacts,outputs/experiments/990_coordinate_optimizer_variable_depth_radius_seed2178309_target1_sources5_txrx57p5_ringdown050_objectives/figures/source_pulse_noise_context.png,outputs/experiments/990_coordinate_optimizer_variable_depth_radius_seed2178309_target1_sources5_txrx57p5_ringdown050_objectives/data/source_pulse_noise_context_summary.json,outputs/experiments/990_coordinate_optimizer_variable_depth_radius_seed2178309_target1_sources5_txrx57p5_ringdown050_objectives/figures/FIGURE_NOTES.md,2314,1379,6593,0.12115458259871652
989,outputs/experiments/989_coordinate_optimizer_variable_depth_radius_seed2178309_target1_sources5_txrx55_ringdown050_objectives,outputs/experiments/989_coordinate_optimizer_variable_depth_radius_seed2178309_target1_sources5_txrx55_ringdown050_objectives/data/multi_rebar_coordinate_optimizer_summary.json,generated,missing pulse/noise artifacts,outputs/experiments/989_coordinate_optimizer_variable_depth_radius_seed2178309_target1_sources5_txrx55_ringdown050_objectives/figures/source_pulse_noise_context.png,outputs/experiments/989_coordinate_optimizer_variable_depth_radius_seed2178309_target1_sources5_txrx55_ringdown050_objectives/data/source_pulse_noise_context_summary.json,outputs/experiments/989_coordinate_optimizer_variable_depth_radius_seed2178309_target1_sources5_txrx55_ringdown050_objectives/figures/FIGURE_NOTES.md,2314,1379,6593,0.12096812102515633
988,outputs/experiments/988_coordinate_optimizer_variable_depth_radius_seed2178309_target1_sources5_txrx45_ringdown050_objectives,outputs/experiments/988_coordinate_optimizer_variable_depth_radius_seed2178309_target1_sources5_txrx45_ringdown050_objectives/data/multi_rebar_coordinate_optimizer_summary.json,generated,missing pulse/noise artifacts,outputs/experiments/988_coordinate_optimizer_variable_depth_radius_seed2178309_target1_sources5_txrx45_ringdown050_objectives/figures/source_pulse_noise_context.png,outputs/experiments/988_coordinate_optimizer_variable_depth_radius_seed2178309_target1_sources5_txrx45_ringdown050_objectives/data/source_pulse_noise_context_summary.json,outputs/experiments/988_coordinate_optimizer_variable_depth_radius_seed2178309_target1_sources5_txrx45_ringdown050_objectives/figures/FIGURE_NOTES.md,2314,1379,6593,0.12095997312446294
987,outputs/experiments/987_coordinate_optimizer_variable_depth_radius_seed2178309_target1_sources5_txrx50_ringdown050_objectives,outputs/experiments/987_coordinate_optimizer_variable_depth_radius_seed2178309_target1_sources5_txrx50_ringdown050_objectives/data/multi_rebar_coordinate_optimizer_summary.json,generated,missing pulse/noise artifacts,outputs/experiments/987_coordinate_optimizer_variable_depth_radius_seed2178309_target1_sources5_txrx50_ringdown050_objectives/figures/source_pulse_noise_context.png,outputs/experiments/987_coordinate_optimizer_variable_depth_radius_seed2178309_target1_sources5_txrx50_ringdown050_objectives/data/source_pulse_noise_context_summary.json,outputs/experiments/987_coordinate_optimizer_variable_depth_radius_seed2178309_target1_sources5_txrx50_ringdown050_objectives/figures/FIGURE_NOTES.md,2314,1379,6593,0.12095057170058596
986,outputs/experiments/986_coordinate_optimizer_variable_depth_radius_seed2178309_target1_sources5_txrx60_linear_receiver_ringdown050_objectives,outputs/experiments/986_coordinate_optimizer_variable_depth_radius_seed2178309_target1_sources5_txrx60_linear_receiver_ringdown050_objectives/data/multi_rebar_coordinate_optimizer_summary.json,generated,missing pulse/noise artifacts,outputs/experiments/986_coordinate_optimizer_variable_depth_radius_seed2178309_target1_sources5_txrx60_linear_receiver_ringdown050_objectives/figures/source_pulse_noise_context.png,outputs/experiments/986_coordinate_optimizer_variable_depth_radius_seed2178309_target1_sources5_txrx60_linear_receiver_ringdown050_objectives/data/source_pulse_noise_context_summary.json,outputs/experiments/986_coordinate_optimizer_variable_depth_radius_seed2178309_target1_sources5_txrx60_linear_receiver_ringdown050_objectives/figures/FIGURE_NOTES.md,2314,1379,6430,0.12189165423067208
985,outputs/experiments/985_seed2178309_ringdown050_target_specific_unresolved_summary,,skipped,no compatible coordinate optimizer summary,,,,,,,
984,outputs/experiments/984_coordinate_optimizer_variable_depth_radius_seed2178309_target1_sources11_txrx60_ringdown050_objectives,outputs/experiments/984_coordinate_optimizer_variable_depth_radius_seed2178309_target1_sources11_txrx60_ringdown050_objectives/data/multi_rebar_coordinate_optimizer_summary.json,generated,missing pulse/noise artifacts,outputs/experiments/984_coordinate_optimizer_variable_depth_radius_seed2178309_target1_sources11_txrx60_ringdown050_objectives/figures/source_pulse_noise_context.png,outputs/experiments/984_coordinate_optimizer_variable_depth_radius_seed2178309_target1_sources11_txrx60_ringdown050_objectives/data/source_pulse_noise_context_summary.json,outputs/experiments/984_coordinate_optimizer_variable_depth_radius_seed2178309_target1_sources11_txrx60_ringdown050_objectives/figures/FIGURE_NOTES.md,2314,1379,6593,0.12094023013432127
983,outputs/experiments/983_coordinate_optimizer_variable_depth_radius_seed2178309_target1_sources9_txrx60_ringdown050_objectives,outputs/experiments/983_coordinate_optimizer_variable_depth_radius_seed2178309_target1_sources9_txrx60_ringdown050_objectives/data/multi_rebar_coordinate_optimizer_summary.json,generated,missing pulse/noise artifacts,outputs/experiments/983_coordinate_optimizer_variable_depth_radius_seed2178309_target1_sources9_txrx60_ringdown050_objectives/figures/source_pulse_noise_context.png,outputs/experiments/983_coordinate_optimizer_variable_depth_radius_seed2178309_target1_sources9_txrx60_ringdown050_objectives/data/source_pulse_noise_context_summary.json,outputs/experiments/983_coordinate_optimizer_variable_depth_radius_seed2178309_target1_sources9_txrx60_ringdown050_objectives/figures/FIGURE_NOTES.md,2314,1379,6593,0.12088068778310038
982,outputs/experiments/982_coordinate_optimizer_variable_depth_radius_seed2178309_target1_sources5_txrx60_ringdown050_objectives,outputs/experiments/982_coordinate_optimizer_variable_depth_radius_seed2178309_target1_sources5_txrx60_ringdown050_objectives/data/multi_rebar_coordinate_optimizer_summary.json,generated,missing pulse/noise artifacts,outputs/experiments/982_coordinate_optimizer_variable_depth_radius_seed2178309_target1_sources5_txrx60_ringdown050_objectives/figures/source_pulse_noise_context.png,outputs/experiments/982_coordinate_optimizer_variable_depth_radius_seed2178309_target1_sources5_txrx60_ringdown050_objectives/data/source_pulse_noise_context_summary.json,outputs/experiments/982_coordinate_optimizer_variable_depth_radius_seed2178309_target1_sources5_txrx60_ringdown050_objectives/figures/FIGURE_NOTES.md,2314,1379,6593,0.12090920543552723
981,outputs/experiments/981_coordinate_optimizer_variable_depth_radius_seed2178309_target2_sources5_txrx60_ringdown050_objectives,outputs/experiments/981_coordinate_optimizer_variable_depth_radius_seed2178309_target2_sources5_txrx60_ringdown050_objectives/data/multi_rebar_coordinate_optimizer_summary.json,generated,missing pulse/noise artifacts,outputs/experiments/981_coordinate_optimizer_variable_depth_radius_seed2178309_target2_sources5_txrx60_ringdown050_objectives/figures/source_pulse_noise_context.png,outputs/experiments/981_coordinate_optimizer_variable_depth_radius_seed2178309_target2_sources5_txrx60_ringdown050_objectives/data/source_pulse_noise_context_summary.json,outputs/experiments/981_coordinate_optimizer_variable_depth_radius_seed2178309_target2_sources5_txrx60_ringdown050_objectives/figures/FIGURE_NOTES.md,2314,1379,6593,0.12092017376338371
980,outputs/experiments/980_coordinate_optimizer_variable_depth_radius_seed2178309_target0_sources8_txrx60_ringdown050_objectives,outputs/experiments/980_coordinate_optimizer_variable_depth_radius_seed2178309_target0_sources8_txrx60_ringdown050_objectives/data/multi_rebar_coordinate_optimizer_summary.json,generated,missing pulse/noise artifacts,outputs/experiments/980_coordinate_optimizer_variable_depth_radius_seed2178309_target0_sources8_txrx60_ringdown050_objectives/figures/source_pulse_noise_context.png,outputs/experiments/980_coordinate_optimizer_variable_depth_radius_seed2178309_target0_sources8_txrx60_ringdown050_objectives/data/source_pulse_noise_context_summary.json,outputs/experiments/980_coordinate_optimizer_variable_depth_radius_seed2178309_target0_sources8_txrx60_ringdown050_objectives/figures/FIGURE_NOTES.md,2314,1379,6593,0.12101450138294945
979,outputs/experiments/979_seed1346269_ringdown050_target_specific_rescue_summary,,skipped,no compatible coordinate optimizer summary,,,,,,,
978,outputs/experiments/978_coordinate_optimizer_variable_depth_radius_seed1346269_target1_sources5_txrx60_ringdown050_objectives,outputs/experiments/978_coordinate_optimizer_variable_depth_radius_seed1346269_target1_sources5_txrx60_ringdown050_objectives/data/multi_rebar_coordinate_optimizer_summary.json,generated,missing pulse/noise artifacts,outputs/experiments/978_coordinate_optimizer_variable_depth_radius_seed1346269_target1_sources5_txrx60_ringdown050_objectives/figures/source_pulse_noise_context.png,outputs/experiments/978_coordinate_optimizer_variable_depth_radius_seed1346269_target1_sources5_txrx60_ringdown050_objectives/data/source_pulse_noise_context_summary.json,outputs/experiments/978_coordinate_optimizer_variable_depth_radius_seed1346269_target1_sources5_txrx60_ringdown050_objectives/figures/FIGURE_NOTES.md,2314,1379,6472,0.11992612987879057
977,outputs/experiments/977_coordinate_optimizer_variable_depth_radius_seed1346269_target2_sources9_txrx60_ringdown050_objectives,outputs/experiments/977_coordinate_optimizer_variable_depth_radius_seed1346269_target2_sources9_txrx60_ringdown050_objectives/data/multi_rebar_coordinate_optimizer_summary.json,generated,missing pulse/noise artifacts,outputs/experiments/977_coordinate_optimizer_variable_depth_radius_seed1346269_target2_sources9_txrx60_ringdown050_objectives/figures/source_pulse_noise_context.png,outputs/experiments/977_coordinate_optimizer_variable_depth_radius_seed1346269_target2_sources9_txrx60_ringdown050_objectives/data/source_pulse_noise_context_summary.json,outputs/experiments/977_coordinate_optimizer_variable_depth_radius_seed1346269_target2_sources9_txrx60_ringdown050_objectives/figures/FIGURE_NOTES.md,2314,1379,6472,0.11993051720993317
976,outputs/experiments/976_coordinate_optimizer_variable_depth_radius_seed1346269_target2_sources5_txrx60_ringdown050_objectives,outputs/experiments/976_coordinate_optimizer_variable_depth_radius_seed1346269_target2_sources5_txrx60_ringdown050_objectives/data/multi_rebar_coordinate_optimizer_summary.json,generated,missing pulse/noise artifacts,outputs/experiments/976_coordinate_optimizer_variable_depth_radius_seed1346269_target2_sources5_txrx60_ringdown050_objectives/figures/source_pulse_noise_context.png,outputs/experiments/976_coordinate_optimizer_variable_depth_radius_seed1346269_target2_sources5_txrx60_ringdown050_objectives/data/source_pulse_noise_context_summary.json,outputs/experiments/976_coordinate_optimizer_variable_depth_radius_seed1346269_target2_sources5_txrx60_ringdown050_objectives/figures/FIGURE_NOTES.md,2314,1379,6472,0.11994305244176914
975,outputs/experiments/975_coordinate_optimizer_variable_depth_radius_seed1346269_target0_sources11_txrx60_ringdown050_objectives,outputs/experiments/975_coordinate_optimizer_variable_depth_radius_seed1346269_target0_sources11_txrx60_ringdown050_objectives/data/multi_rebar_coordinate_optimizer_summary.json,generated,missing pulse/noise artifacts,outputs/experiments/975_coordinate_optimizer_variable_depth_radius_seed1346269_target0_sources11_txrx60_ringdown050_objectives/figures/source_pulse_noise_context.png,outputs/experiments/975_coordinate_optimizer_variable_depth_radius_seed1346269_target0_sources11_txrx60_ringdown050_objectives/data/source_pulse_noise_context_summary.json,outputs/experiments/975_coordinate_optimizer_variable_depth_radius_seed1346269_target0_sources11_txrx60_ringdown050_objectives/figures/FIGURE_NOTES.md,2314,1379,6472,0.12001230959766293
974,outputs/experiments/974_coordinate_optimizer_variable_depth_radius_seed1346269_target0_sources9_txrx60_ringdown050_objectives,outputs/experiments/974_coordinate_optimizer_variable_depth_radius_seed1346269_target0_sources9_txrx60_ringdown050_objectives/data/multi_rebar_coordinate_optimizer_summary.json,generated,missing pulse/noise artifacts,outputs/experiments/974_coordinate_optimizer_variable_depth_radius_seed1346269_target0_sources9_txrx60_ringdown050_objectives/figures/source_pulse_noise_context.png,outputs/experiments/974_coordinate_optimizer_variable_depth_radius_seed1346269_target0_sources9_txrx60_ringdown050_objectives/data/source_pulse_noise_context_summary.json,outputs/experiments/974_coordinate_optimizer_variable_depth_radius_seed1346269_target0_sources9_txrx60_ringdown050_objectives/figures/FIGURE_NOTES.md,2314,1379,6472,0.11992989044834138
973,outputs/experiments/973_coordinate_optimizer_variable_depth_radius_seed1346269_target0_sources8_txrx60_ringdown050_objectives,outputs/experiments/973_coordinate_optimizer_variable_depth_radius_seed1346269_target0_sources8_txrx60_ringdown050_objectives/data/multi_rebar_coordinate_optimizer_summary.json,generated,missing pulse/noise artifacts,outputs/experiments/973_coordinate_optimizer_variable_depth_radius_seed1346269_target0_sources8_txrx60_ringdown050_objectives/figures/source_pulse_noise_context.png,outputs/experiments/973_coordinate_optimizer_variable_depth_radius_seed1346269_target0_sources8_txrx60_ringdown050_objectives/data/source_pulse_noise_context_summary.json,outputs/experiments/973_coordinate_optimizer_variable_depth_radius_seed1346269_target0_sources8_txrx60_ringdown050_objectives/figures/FIGURE_NOTES.md,2314,1379,6472,0.12004145401168158
972,outputs/experiments/972_seed832040_ringdown050_target_specific_rescue_summary,,skipped,no compatible coordinate optimizer summary,,,,,,,
971,outputs/experiments/971_coordinate_optimizer_variable_depth_radius_seed832040_target1_sources9_txrx60_ringdown050_objectives,outputs/experiments/971_coordinate_optimizer_variable_depth_radius_seed832040_target1_sources9_txrx60_ringdown050_objectives/data/multi_rebar_coordinate_optimizer_summary.json,generated,missing pulse/noise artifacts,outputs/experiments/971_coordinate_optimizer_variable_depth_radius_seed832040_target1_sources9_txrx60_ringdown050_objectives/figures/source_pulse_noise_context.png,outputs/experiments/971_coordinate_optimizer_variable_depth_radius_seed832040_target1_sources9_txrx60_ringdown050_objectives/data/source_pulse_noise_context_summary.json,outputs/experiments/971_coordinate_optimizer_variable_depth_radius_seed832040_target1_sources9_txrx60_ringdown050_objectives/figures/FIGURE_NOTES.md,2314,1379,6333,0.11748081952838697
970,outputs/experiments/970_coordinate_optimizer_variable_depth_radius_seed832040_target1_sources5_txrx60_ringdown050_objectives,outputs/experiments/970_coordinate_optimizer_variable_depth_radius_seed832040_target1_sources5_txrx60_ringdown050_objectives/data/multi_rebar_coordinate_optimizer_summary.json,generated,missing pulse/noise artifacts,outputs/experiments/970_coordinate_optimizer_variable_depth_radius_seed832040_target1_sources5_txrx60_ringdown050_objectives/figures/source_pulse_noise_context.png,outputs/experiments/970_coordinate_optimizer_variable_depth_radius_seed832040_target1_sources5_txrx60_ringdown050_objectives/data/source_pulse_noise_context_summary.json,outputs/experiments/970_coordinate_optimizer_variable_depth_radius_seed832040_target1_sources5_txrx60_ringdown050_objectives/figures/FIGURE_NOTES.md,2314,1379,6333,0.11748740052510086
969,outputs/experiments/969_coordinate_optimizer_variable_depth_radius_seed832040_target2_sources5_txrx60_ringdown050_objectives,outputs/experiments/969_coordinate_optimizer_variable_depth_radius_seed832040_target2_sources5_txrx60_ringdown050_objectives/data/multi_rebar_coordinate_optimizer_summary.json,generated,missing pulse/noise artifacts,outputs/experiments/969_coordinate_optimizer_variable_depth_radius_seed832040_target2_sources5_txrx60_ringdown050_objectives/figures/source_pulse_noise_context.png,outputs/experiments/969_coordinate_optimizer_variable_depth_radius_seed832040_target2_sources5_txrx60_ringdown050_objectives/data/source_pulse_noise_context_summary.json,outputs/experiments/969_coordinate_optimizer_variable_depth_radius_seed832040_target2_sources5_txrx60_ringdown050_objectives/figures/FIGURE_NOTES.md,2314,1379,6333,0.11749993575693685
968,outputs/experiments/968_coordinate_optimizer_variable_depth_radius_seed832040_target0_sources8_txrx60_ringdown050_objectives,outputs/experiments/968_coordinate_optimizer_variable_depth_radius_seed832040_target0_sources8_txrx60_ringdown050_objectives/data/multi_rebar_coordinate_optimizer_summary.json,generated,missing pulse/noise artifacts,outputs/experiments/968_coordinate_optimizer_variable_depth_radius_seed832040_target0_sources8_txrx60_ringdown050_objectives/figures/source_pulse_noise_context.png,outputs/experiments/968_coordinate_optimizer_variable_depth_radius_seed832040_target0_sources8_txrx60_ringdown050_objectives/data/source_pulse_noise_context_summary.json,outputs/experiments/968_coordinate_optimizer_variable_depth_radius_seed832040_target0_sources8_txrx60_ringdown050_objectives/figures/FIGURE_NOTES.md,2314,1379,6333,0.11760930565470576
967,outputs/experiments/967_seed514229_ringdown050_target_specific_rescue_summary,,skipped,no compatible coordinate optimizer summary,,,,,,,
966,outputs/experiments/966_coordinate_optimizer_variable_depth_radius_seed514229_target1_sources5_txrx60_ringdown050_objectives,outputs/experiments/966_coordinate_optimizer_variable_depth_radius_seed514229_target1_sources5_txrx60_ringdown050_objectives/data/multi_rebar_coordinate_optimizer_summary.json,generated,missing pulse/noise artifacts,outputs/experiments/966_coordinate_optimizer_variable_depth_radius_seed514229_target1_sources5_txrx60_ringdown050_objectives/figures/source_pulse_noise_context.png,outputs/experiments/966_coordinate_optimizer_variable_depth_radius_seed514229_target1_sources5_txrx60_ringdown050_objectives/data/source_pulse_noise_context_summary.json,outputs/experiments/966_coordinate_optimizer_variable_depth_radius_seed514229_target1_sources5_txrx60_ringdown050_objectives/figures/FIGURE_NOTES.md,2314,1379,6418,0.11489448781982861
965,outputs/experiments/965_coordinate_optimizer_variable_depth_radius_seed514229_target2_sources9_txrx60_ringdown050_objectives,outputs/experiments/965_coordinate_optimizer_variable_depth_radius_seed514229_target2_sources9_txrx60_ringdown050_objectives/data/multi_rebar_coordinate_optimizer_summary.json,generated,missing pulse/noise artifacts,outputs/experiments/965_coordinate_optimizer_variable_depth_radius_seed514229_target2_sources9_txrx60_ringdown050_objectives/figures/source_pulse_noise_context.png,outputs/experiments/965_coordinate_optimizer_variable_depth_radius_seed514229_target2_sources9_txrx60_ringdown050_objectives/data/source_pulse_noise_context_summary.json,outputs/experiments/965_coordinate_optimizer_variable_depth_radius_seed514229_target2_sources9_txrx60_ringdown050_objectives/figures/FIGURE_NOTES.md,2314,1379,6418,0.11488759344231882
964,outputs/experiments/964_coordinate_optimizer_variable_depth_radius_seed514229_target2_sources5_txrx60_ringdown050_objectives,outputs/experiments/964_coordinate_optimizer_variable_depth_radius_seed514229_target2_sources5_txrx60_ringdown050_objectives/data/multi_rebar_coordinate_optimizer_summary.json,generated,missing pulse/noise artifacts,outputs/experiments/964_coordinate_optimizer_variable_depth_radius_seed514229_target2_sources5_txrx60_ringdown050_objectives/figures/source_pulse_noise_context.png,outputs/experiments/964_coordinate_optimizer_variable_depth_radius_seed514229_target2_sources5_txrx60_ringdown050_objectives/data/source_pulse_noise_context_summary.json,outputs/experiments/964_coordinate_optimizer_variable_depth_radius_seed514229_target2_sources5_txrx60_ringdown050_objectives/figures/FIGURE_NOTES.md,2314,1379,6418,0.11491235052519487
963,outputs/experiments/963_coordinate_optimizer_variable_depth_radius_seed514229_target0_sources8_txrx60_ringdown050_objectives,outputs/experiments/963_coordinate_optimizer_variable_depth_radius_seed514229_target0_sources8_txrx60_ringdown050_objectives/data/multi_rebar_coordinate_optimizer_summary.json,generated,missing pulse/noise artifacts,outputs/experiments/963_coordinate_optimizer_variable_depth_radius_seed514229_target0_sources8_txrx60_ringdown050_objectives/figures/source_pulse_noise_context.png,outputs/experiments/963_coordinate_optimizer_variable_depth_radius_seed514229_target0_sources8_txrx60_ringdown050_objectives/data/source_pulse_noise_context_summary.json,outputs/experiments/963_coordinate_optimizer_variable_depth_radius_seed514229_target0_sources8_txrx60_ringdown050_objectives/figures/FIGURE_NOTES.md,2314,1379,6418,0.11501294576067861
962,outputs/experiments/962_seed317811_ringdown050_target_specific_rescue_summary,,skipped,no compatible coordinate optimizer summary,,,,,,,
961,outputs/experiments/961_coordinate_optimizer_variable_depth_radius_seed317811_target1_sources5_txrx60_ringdown050_objectives,outputs/experiments/961_coordinate_optimizer_variable_depth_radius_seed317811_target1_sources5_txrx60_ringdown050_objectives/data/multi_rebar_coordinate_optimizer_summary.json,generated,missing pulse/noise artifacts,outputs/experiments/961_coordinate_optimizer_variable_depth_radius_seed317811_target1_sources5_txrx60_ringdown050_objectives/figures/source_pulse_noise_context.png,outputs/experiments/961_coordinate_optimizer_variable_depth_radius_seed317811_target1_sources5_txrx60_ringdown050_objectives/data/source_pulse_noise_context_summary.json,outputs/experiments/961_coordinate_optimizer_variable_depth_radius_seed317811_target1_sources5_txrx60_ringdown050_objectives/figures/FIGURE_NOTES.md,2314,1379,6313,0.11589855988989052
960,outputs/experiments/960_coordinate_optimizer_variable_depth_radius_seed317811_target2_sources9_txrx60_ringdown050_objectives,outputs/experiments/960_coordinate_optimizer_variable_depth_radius_seed317811_target2_sources9_txrx60_ringdown050_objectives/data/multi_rebar_coordinate_optimizer_summary.json,generated,missing pulse/noise artifacts,outputs/experiments/960_coordinate_optimizer_variable_depth_radius_seed317811_target2_sources9_txrx60_ringdown050_objectives/figures/source_pulse_noise_context.png,outputs/experiments/960_coordinate_optimizer_variable_depth_radius_seed317811_target2_sources9_txrx60_ringdown050_objectives/data/source_pulse_noise_context_summary.json,outputs/experiments/960_coordinate_optimizer_variable_depth_radius_seed317811_target2_sources9_txrx60_ringdown050_objectives/figures/FIGURE_NOTES.md,2314,1379,6313,0.11592864444629687
959,outputs/experiments/959_coordinate_optimizer_variable_depth_radius_seed317811_target2_sources5_txrx60_ringdown050_objectives,outputs/experiments/959_coordinate_optimizer_variable_depth_radius_seed317811_target2_sources5_txrx60_ringdown050_objectives/data/multi_rebar_coordinate_optimizer_summary.json,generated,missing pulse/noise artifacts,outputs/experiments/959_coordinate_optimizer_variable_depth_radius_seed317811_target2_sources5_txrx60_ringdown050_objectives/figures/source_pulse_noise_context.png,outputs/experiments/959_coordinate_optimizer_variable_depth_radius_seed317811_target2_sources5_txrx60_ringdown050_objectives/data/source_pulse_noise_context_summary.json,outputs/experiments/959_coordinate_optimizer_variable_depth_radius_seed317811_target2_sources5_txrx60_ringdown050_objectives/figures/FIGURE_NOTES.md,2314,1379,6313,0.1159164225952568
958,outputs/experiments/958_coordinate_optimizer_variable_depth_radius_seed317811_target0_sources8_txrx60_ringdown050_objectives,outputs/experiments/958_coordinate_optimizer_variable_depth_radius_seed317811_target0_sources8_txrx60_ringdown050_objectives/data/multi_rebar_coordinate_optimizer_summary.json,generated,missing pulse/noise artifacts,outputs/experiments/958_coordinate_optimizer_variable_depth_radius_seed317811_target0_sources8_txrx60_ringdown050_objectives/figures/source_pulse_noise_context.png,outputs/experiments/958_coordinate_optimizer_variable_depth_radius_seed317811_target0_sources8_txrx60_ringdown050_objectives/data/source_pulse_noise_context_summary.json,outputs/experiments/958_coordinate_optimizer_variable_depth_radius_seed317811_target0_sources8_txrx60_ringdown050_objectives/figures/FIGURE_NOTES.md,2314,1379,6313,0.11607123270843113
957,outputs/experiments/957_seed196418_ringdown050_target_specific_rescue_summary,,skipped,no compatible coordinate optimizer summary,,,,,,,
956,outputs/experiments/956_coordinate_optimizer_variable_depth_radius_seed196418_target1_sources9_txrx60_ringdown050_objectives,outputs/experiments/956_coordinate_optimizer_variable_depth_radius_seed196418_target1_sources9_txrx60_ringdown050_objectives/data/multi_rebar_coordinate_optimizer_summary.json,generated,missing pulse/noise artifacts,outputs/experiments/956_coordinate_optimizer_variable_depth_radius_seed196418_target1_sources9_txrx60_ringdown050_objectives/figures/source_pulse_noise_context.png,outputs/experiments/956_coordinate_optimizer_variable_depth_radius_seed196418_target1_sources9_txrx60_ringdown050_objectives/data/source_pulse_noise_context_summary.json,outputs/experiments/956_coordinate_optimizer_variable_depth_radius_seed196418_target1_sources9_txrx60_ringdown050_objectives/figures/FIGURE_NOTES.md,2314,1379,6444,0.1227760148367004
955,outputs/experiments/955_coordinate_optimizer_variable_depth_radius_seed196418_target1_sources5_txrx60_ringdown050_objectives,outputs/experiments/955_coordinate_optimizer_variable_depth_radius_seed196418_target1_sources5_txrx60_ringdown050_objectives/data/multi_rebar_coordinate_optimizer_summary.json,generated,missing pulse/noise artifacts,outputs/experiments/955_coordinate_optimizer_variable_depth_radius_seed196418_target1_sources5_txrx60_ringdown050_objectives/figures/source_pulse_noise_context.png,outputs/experiments/955_coordinate_optimizer_variable_depth_radius_seed196418_target1_sources5_txrx60_ringdown050_objectives/data/source_pulse_noise_context_summary.json,outputs/experiments/955_coordinate_optimizer_variable_depth_radius_seed196418_target1_sources5_txrx60_ringdown050_objectives/figures/FIGURE_NOTES.md,2314,1379,6444,0.1227782085022717
954,outputs/experiments/954_coordinate_optimizer_variable_depth_radius_seed196418_target2_sources5_txrx60_ringdown050_objectives,outputs/experiments/954_coordinate_optimizer_variable_depth_radius_seed196418_target2_sources5_txrx60_ringdown050_objectives/data/multi_rebar_coordinate_optimizer_summary.json,generated,missing pulse/noise artifacts,outputs/experiments/954_coordinate_optimizer_variable_depth_radius_seed196418_target2_sources5_txrx60_ringdown050_objectives/figures/source_pulse_noise_context.png,outputs/experiments/954_coordinate_optimizer_variable_depth_radius_seed196418_target2_sources5_txrx60_ringdown050_objectives/data/source_pulse_noise_context_summary.json,outputs/experiments/954_coordinate_optimizer_variable_depth_radius_seed196418_target2_sources5_txrx60_ringdown050_objectives/figures/FIGURE_NOTES.md,2314,1379,6444,0.12279513106525027
953,outputs/experiments/953_coordinate_optimizer_variable_depth_radius_seed196418_target0_sources8_txrx60_ringdown050_objectives,outputs/experiments/953_coordinate_optimizer_variable_depth_radius_seed196418_target0_sources8_txrx60_ringdown050_objectives/data/multi_rebar_coordinate_optimizer_summary.json,generated,missing pulse/noise artifacts,outputs/experiments/953_coordinate_optimizer_variable_depth_radius_seed196418_target0_sources8_txrx60_ringdown050_objectives/figures/source_pulse_noise_context.png,outputs/experiments/953_coordinate_optimizer_variable_depth_radius_seed196418_target0_sources8_txrx60_ringdown050_objectives/data/source_pulse_noise_context_summary.json,outputs/experiments/953_coordinate_optimizer_variable_depth_radius_seed196418_target0_sources8_txrx60_ringdown050_objectives/figures/FIGURE_NOTES.md,2314,1379,6444,0.1228935326351627
952,outputs/experiments/952_seed121393_ringdown050_target0_unresolved_source_density_summary,,skipped,no compatible coordinate optimizer summary,,,,,,,
951,outputs/experiments/951_coordinate_optimizer_variable_depth_radius_seed121393_target0_sources11_txrx60_ringdown050_objectives,outputs/experiments/951_coordinate_optimizer_variable_depth_radius_seed121393_target0_sources11_txrx60_ringdown050_objectives/data/multi_rebar_coordinate_optimizer_summary.json,generated,missing pulse/noise artifacts,outputs/experiments/951_coordinate_optimizer_variable_depth_radius_seed121393_target0_sources11_txrx60_ringdown050_objectives/figures/source_pulse_noise_context.png,outputs/experiments/951_coordinate_optimizer_variable_depth_radius_seed121393_target0_sources11_txrx60_ringdown050_objectives/data/source_pulse_noise_context_summary.json,outputs/experiments/951_coordinate_optimizer_variable_depth_radius_seed121393_target0_sources11_txrx60_ringdown050_objectives/figures/FIGURE_NOTES.md,2314,1379,6516,0.11924201960134202
950,outputs/experiments/950_coordinate_optimizer_variable_depth_radius_seed121393_target0_sources9_txrx60_ringdown050_objectives,outputs/experiments/950_coordinate_optimizer_variable_depth_radius_seed121393_target0_sources9_txrx60_ringdown050_objectives/data/multi_rebar_coordinate_optimizer_summary.json,generated,missing pulse/noise artifacts,outputs/experiments/950_coordinate_optimizer_variable_depth_radius_seed121393_target0_sources9_txrx60_ringdown050_objectives/figures/source_pulse_noise_context.png,outputs/experiments/950_coordinate_optimizer_variable_depth_radius_seed121393_target0_sources9_txrx60_ringdown050_objectives/data/source_pulse_noise_context_summary.json,outputs/experiments/950_coordinate_optimizer_variable_depth_radius_seed121393_target0_sources9_txrx60_ringdown050_objectives/figures/FIGURE_NOTES.md,2314,1379,6516,0.11918247725012113
949,outputs/experiments/949_coordinate_optimizer_variable_depth_radius_seed121393_target0_sources8_txrx60_ringdown050_objectives,outputs/experiments/949_coordinate_optimizer_variable_depth_radius_seed121393_target0_sources8_txrx60_ringdown050_objectives/data/multi_rebar_coordinate_optimizer_summary.json,generated,missing pulse/noise artifacts,outputs/experiments/949_coordinate_optimizer_variable_depth_radius_seed121393_target0_sources8_txrx60_ringdown050_objectives/figures/source_pulse_noise_context.png,outputs/experiments/949_coordinate_optimizer_variable_depth_radius_seed121393_target0_sources8_txrx60_ringdown050_objectives/data/source_pulse_noise_context_summary.json,outputs/experiments/949_coordinate_optimizer_variable_depth_radius_seed121393_target0_sources8_txrx60_ringdown050_objectives/figures/FIGURE_NOTES.md,2314,1379,6516,0.11927179077695248
948,outputs/experiments/948_seed75025_ringdown050_target_specific_rescue_summary,,skipped,no compatible coordinate optimizer summary,,,,,,,
947,outputs/experiments/947_coordinate_optimizer_variable_depth_radius_seed75025_target1_sources5_txrx60_ringdown050_objectives,outputs/experiments/947_coordinate_optimizer_variable_depth_radius_seed75025_target1_sources5_txrx60_ringdown050_objectives/data/multi_rebar_coordinate_optimizer_summary.json,generated,missing pulse/noise artifacts,outputs/experiments/947_coordinate_optimizer_variable_depth_radius_seed75025_target1_sources5_txrx60_ringdown050_objectives/figures/source_pulse_noise_context.png,outputs/experiments/947_coordinate_optimizer_variable_depth_radius_seed75025_target1_sources5_txrx60_ringdown050_objectives/data/source_pulse_noise_context_summary.json,outputs/experiments/947_coordinate_optimizer_variable_depth_radius_seed75025_target1_sources5_txrx60_ringdown050_objectives/figures/FIGURE_NOTES.md,2314,1379,6350,0.11703111808627123
946,outputs/experiments/946_coordinate_optimizer_variable_depth_radius_seed75025_target2_sources9_txrx60_ringdown050_objectives,outputs/experiments/946_coordinate_optimizer_variable_depth_radius_seed75025_target2_sources9_txrx60_ringdown050_objectives/data/multi_rebar_coordinate_optimizer_summary.json,generated,missing pulse/noise artifacts,outputs/experiments/946_coordinate_optimizer_variable_depth_radius_seed75025_target2_sources9_txrx60_ringdown050_objectives/figures/source_pulse_noise_context.png,outputs/experiments/946_coordinate_optimizer_variable_depth_radius_seed75025_target2_sources9_txrx60_ringdown050_objectives/data/source_pulse_noise_context_summary.json,outputs/experiments/946_coordinate_optimizer_variable_depth_radius_seed75025_target2_sources9_txrx60_ringdown050_objectives/figures/FIGURE_NOTES.md,2314,1379,6350,0.11707029068575867
945,outputs/experiments/945_coordinate_optimizer_variable_depth_radius_seed75025_target2_sources5_txrx60_ringdown050_objectives,outputs/experiments/945_coordinate_optimizer_variable_depth_radius_seed75025_target2_sources5_txrx60_ringdown050_objectives/data/multi_rebar_coordinate_optimizer_summary.json,generated,missing pulse/noise artifacts,outputs/experiments/945_coordinate_optimizer_variable_depth_radius_seed75025_target2_sources5_txrx60_ringdown050_objectives/figures/source_pulse_noise_context.png,outputs/experiments/945_coordinate_optimizer_variable_depth_radius_seed75025_target2_sources5_txrx60_ringdown050_objectives/data/source_pulse_noise_context_summary.json,outputs/experiments/945_coordinate_optimizer_variable_depth_radius_seed75025_target2_sources5_txrx60_ringdown050_objectives/figures/FIGURE_NOTES.md,2314,1379,6350,0.1170489807916375
944,outputs/experiments/944_coordinate_optimizer_variable_depth_radius_seed75025_target0_sources8_txrx60_ringdown050_objectives,outputs/experiments/944_coordinate_optimizer_variable_depth_radius_seed75025_target0_sources8_txrx60_ringdown050_objectives/data/multi_rebar_coordinate_optimizer_summary.json,generated,missing pulse/noise artifacts,outputs/experiments/944_coordinate_optimizer_variable_depth_radius_seed75025_target0_sources8_txrx60_ringdown050_objectives/figures/source_pulse_noise_context.png,outputs/experiments/944_coordinate_optimizer_variable_depth_radius_seed75025_target0_sources8_txrx60_ringdown050_objectives/data/source_pulse_noise_context_summary.json,outputs/experiments/944_coordinate_optimizer_variable_depth_radius_seed75025_target0_sources8_txrx60_ringdown050_objectives/figures/FIGURE_NOTES.md,2314,1379,6350,0.11715020278871302
943,outputs/experiments/943_seed46368_ringdown050_target_specific_8_5_5_summary,,skipped,no compatible coordinate optimizer summary,,,,,,,
942,outputs/experiments/942_coordinate_optimizer_variable_depth_radius_seed46368_target1_sources5_txrx60_ringdown050_objectives,outputs/experiments/942_coordinate_optimizer_variable_depth_radius_seed46368_target1_sources5_txrx60_ringdown050_objectives/data/multi_rebar_coordinate_optimizer_summary.json,generated,missing pulse/noise artifacts,outputs/experiments/942_coordinate_optimizer_variable_depth_radius_seed46368_target1_sources5_txrx60_ringdown050_objectives/figures/source_pulse_noise_context.png,outputs/experiments/942_coordinate_optimizer_variable_depth_radius_seed46368_target1_sources5_txrx60_ringdown050_objectives/data/source_pulse_noise_context_summary.json,outputs/experiments/942_coordinate_optimizer_variable_depth_radius_seed46368_target1_sources5_txrx60_ringdown050_objectives/figures/FIGURE_NOTES.md,2314,1379,6348,0.12243380300757817
941,outputs/experiments/941_coordinate_optimizer_variable_depth_radius_seed46368_target2_sources5_txrx60_ringdown050_objectives,outputs/experiments/941_coordinate_optimizer_variable_depth_radius_seed46368_target2_sources5_txrx60_ringdown050_objectives/data/multi_rebar_coordinate_optimizer_summary.json,generated,missing pulse/noise artifacts,outputs/experiments/941_coordinate_optimizer_variable_depth_radius_seed46368_target2_sources5_txrx60_ringdown050_objectives/figures/source_pulse_noise_context.png,outputs/experiments/941_coordinate_optimizer_variable_depth_radius_seed46368_target2_sources5_txrx60_ringdown050_objectives/data/source_pulse_noise_context_summary.json,outputs/experiments/941_coordinate_optimizer_variable_depth_radius_seed46368_target2_sources5_txrx60_ringdown050_objectives/figures/FIGURE_NOTES.md,2314,1379,6348,0.12244571147782235
940,outputs/experiments/940_coordinate_optimizer_variable_depth_radius_seed46368_target0_sources8_txrx60_ringdown050_objectives,outputs/experiments/940_coordinate_optimizer_variable_depth_radius_seed46368_target0_sources8_txrx60_ringdown050_objectives/data/multi_rebar_coordinate_optimizer_summary.json,generated,missing pulse/noise artifacts,outputs/experiments/940_coordinate_optimizer_variable_depth_radius_seed46368_target0_sources8_txrx60_ringdown050_objectives/figures/source_pulse_noise_context.png,outputs/experiments/940_coordinate_optimizer_variable_depth_radius_seed46368_target0_sources8_txrx60_ringdown050_objectives/data/source_pulse_noise_context_summary.json,outputs/experiments/940_coordinate_optimizer_variable_depth_radius_seed46368_target0_sources8_txrx60_ringdown050_objectives/figures/FIGURE_NOTES.md,2314,1379,6348,0.12256103561071337
939,outputs/experiments/939_seed28657_ringdown050_target_specific_8_5_5_summary,,skipped,no compatible coordinate optimizer summary,,,,,,,
938,outputs/experiments/938_coordinate_optimizer_variable_depth_radius_seed28657_target1_sources5_txrx60_ringdown050_objectives,outputs/experiments/938_coordinate_optimizer_variable_depth_radius_seed28657_target1_sources5_txrx60_ringdown050_objectives/data/multi_rebar_coordinate_optimizer_summary.json,generated,missing pulse/noise artifacts,outputs/experiments/938_coordinate_optimizer_variable_depth_radius_seed28657_target1_sources5_txrx60_ringdown050_objectives/figures/source_pulse_noise_context.png,outputs/experiments/938_coordinate_optimizer_variable_depth_radius_seed28657_target1_sources5_txrx60_ringdown050_objectives/data/source_pulse_noise_context_summary.json,outputs/experiments/938_coordinate_optimizer_variable_depth_radius_seed28657_target1_sources5_txrx60_ringdown050_objectives/figures/FIGURE_NOTES.md,2314,1379,6329,0.11440185320867463
937,outputs/experiments/937_coordinate_optimizer_variable_depth_radius_seed28657_target2_sources5_txrx60_ringdown050_objectives,outputs/experiments/937_coordinate_optimizer_variable_depth_radius_seed28657_target2_sources5_txrx60_ringdown050_objectives/data/multi_rebar_coordinate_optimizer_summary.json,generated,missing pulse/noise artifacts,outputs/experiments/937_coordinate_optimizer_variable_depth_radius_seed28657_target2_sources5_txrx60_ringdown050_objectives/figures/source_pulse_noise_context.png,outputs/experiments/937_coordinate_optimizer_variable_depth_radius_seed28657_target2_sources5_txrx60_ringdown050_objectives/data/source_pulse_noise_context_summary.json,outputs/experiments/937_coordinate_optimizer_variable_depth_radius_seed28657_target2_sources5_txrx60_ringdown050_objectives/figures/FIGURE_NOTES.md,2314,1379,6329,0.11441376167891881
936,outputs/experiments/936_coordinate_optimizer_variable_depth_radius_seed28657_target0_sources8_txrx60_ringdown050_objectives,outputs/experiments/936_coordinate_optimizer_variable_depth_radius_seed28657_target0_sources8_txrx60_ringdown050_objectives/data/multi_rebar_coordinate_optimizer_summary.json,generated,missing pulse/noise artifacts,outputs/experiments/936_coordinate_optimizer_variable_depth_radius_seed28657_target0_sources8_txrx60_ringdown050_objectives/figures/source_pulse_noise_context.png,outputs/experiments/936_coordinate_optimizer_variable_depth_radius_seed28657_target0_sources8_txrx60_ringdown050_objectives/data/source_pulse_noise_context_summary.json,outputs/experiments/936_coordinate_optimizer_variable_depth_radius_seed28657_target0_sources8_txrx60_ringdown050_objectives/figures/FIGURE_NOTES.md,2314,1379,6329,0.11452281819589183
935,outputs/experiments/935_seed17711_ringdown050_target_specific_rescue_summary,,skipped,no compatible coordinate optimizer summary,,,,,,,
934,outputs/experiments/934_coordinate_optimizer_variable_depth_radius_seed17711_target1_sources5_txrx60_ringdown050_objectives,outputs/experiments/934_coordinate_optimizer_variable_depth_radius_seed17711_target1_sources5_txrx60_ringdown050_objectives/data/multi_rebar_coordinate_optimizer_summary.json,generated,missing pulse/noise artifacts,outputs/experiments/934_coordinate_optimizer_variable_depth_radius_seed17711_target1_sources5_txrx60_ringdown050_objectives/figures/source_pulse_noise_context.png,outputs/experiments/934_coordinate_optimizer_variable_depth_radius_seed17711_target1_sources5_txrx60_ringdown050_objectives/data/source_pulse_noise_context_summary.json,outputs/experiments/934_coordinate_optimizer_variable_depth_radius_seed17711_target1_sources5_txrx60_ringdown050_objectives/figures/FIGURE_NOTES.md,2314,1379,6617,0.12030030654909454
933,outputs/experiments/933_coordinate_optimizer_variable_depth_radius_seed17711_target2_sources5_txrx60_ringdown050_objectives,outputs/experiments/933_coordinate_optimizer_variable_depth_radius_seed17711_target2_sources5_txrx60_ringdown050_objectives/data/multi_rebar_coordinate_optimizer_summary.json,generated,missing pulse/noise artifacts,outputs/experiments/933_coordinate_optimizer_variable_depth_radius_seed17711_target2_sources5_txrx60_ringdown050_objectives/figures/source_pulse_noise_context.png,outputs/experiments/933_coordinate_optimizer_variable_depth_radius_seed17711_target2_sources5_txrx60_ringdown050_objectives/data/source_pulse_noise_context_summary.json,outputs/experiments/933_coordinate_optimizer_variable_depth_radius_seed17711_target2_sources5_txrx60_ringdown050_objectives/figures/FIGURE_NOTES.md,2314,1379,6617,0.12031127487695104
932,outputs/experiments/932_coordinate_optimizer_variable_depth_radius_seed17711_target0_sources9_txrx60_ringdown050_objectives,outputs/experiments/932_coordinate_optimizer_variable_depth_radius_seed17711_target0_sources9_txrx60_ringdown050_objectives/data/multi_rebar_coordinate_optimizer_summary.json,generated,missing pulse/noise artifacts,outputs/experiments/932_coordinate_optimizer_variable_depth_radius_seed17711_target0_sources9_txrx60_ringdown050_objectives/figures/source_pulse_noise_context.png,outputs/experiments/932_coordinate_optimizer_variable_depth_radius_seed17711_target0_sources9_txrx60_ringdown050_objectives/data/source_pulse_noise_context_summary.json,outputs/experiments/932_coordinate_optimizer_variable_depth_radius_seed17711_target0_sources9_txrx60_ringdown050_objectives/figures/FIGURE_NOTES.md,2314,1379,6617,0.12034010591017379
931,outputs/experiments/931_coordinate_optimizer_variable_depth_radius_seed17711_target0_sources8_txrx60_ringdown050_objectives,outputs/experiments/931_coordinate_optimizer_variable_depth_radius_seed17711_target0_sources8_txrx60_ringdown050_objectives/data/multi_rebar_coordinate_optimizer_summary.json,generated,missing pulse/noise artifacts,outputs/experiments/931_coordinate_optimizer_variable_depth_radius_seed17711_target0_sources8_txrx60_ringdown050_objectives/figures/source_pulse_noise_context.png,outputs/experiments/931_coordinate_optimizer_variable_depth_radius_seed17711_target0_sources8_txrx60_ringdown050_objectives/data/source_pulse_noise_context_summary.json,outputs/experiments/931_coordinate_optimizer_variable_depth_radius_seed17711_target0_sources8_txrx60_ringdown050_objectives/figures/FIGURE_NOTES.md,2314,1379,6617,0.1203930672646808
930,outputs/experiments/930_seed10946_ringdown050_target_specific_rescue_summary,,skipped,no compatible coordinate optimizer summary,,,,,,,
929,outputs/experiments/929_coordinate_optimizer_variable_depth_radius_seed10946_target1_sources5_txrx60_ringdown050_objectives,outputs/experiments/929_coordinate_optimizer_variable_depth_radius_seed10946_target1_sources5_txrx60_ringdown050_objectives/data/multi_rebar_coordinate_optimizer_summary.json,generated,missing pulse/noise artifacts,outputs/experiments/929_coordinate_optimizer_variable_depth_radius_seed10946_target1_sources5_txrx60_ringdown050_objectives/figures/source_pulse_noise_context.png,outputs/experiments/929_coordinate_optimizer_variable_depth_radius_seed10946_target1_sources5_txrx60_ringdown050_objectives/data/source_pulse_noise_context_summary.json,outputs/experiments/929_coordinate_optimizer_variable_depth_radius_seed10946_target1_sources5_txrx60_ringdown050_objectives/figures/FIGURE_NOTES.md,2314,1379,6732,0.11507060782712411
928,outputs/experiments/928_coordinate_optimizer_variable_depth_radius_seed10946_target2_sources9_txrx60_ringdown050_objectives,outputs/experiments/928_coordinate_optimizer_variable_depth_radius_seed10946_target2_sources9_txrx60_ringdown050_objectives/data/multi_rebar_coordinate_optimizer_summary.json,generated,missing pulse/noise artifacts,outputs/experiments/928_coordinate_optimizer_variable_depth_radius_seed10946_target2_sources9_txrx60_ringdown050_objectives/figures/source_pulse_noise_context.png,outputs/experiments/928_coordinate_optimizer_variable_depth_radius_seed10946_target2_sources9_txrx60_ringdown050_objectives/data/source_pulse_noise_context_summary.json,outputs/experiments/928_coordinate_optimizer_variable_depth_radius_seed10946_target2_sources9_txrx60_ringdown050_objectives/figures/FIGURE_NOTES.md,2314,1379,6732,0.11508032263179699
927,outputs/experiments/927_coordinate_optimizer_variable_depth_radius_seed10946_target2_sources5_txrx60_ringdown050_objectives,outputs/experiments/927_coordinate_optimizer_variable_depth_radius_seed10946_target2_sources5_txrx60_ringdown050_objectives/data/multi_rebar_coordinate_optimizer_summary.json,generated,missing pulse/noise artifacts,outputs/experiments/927_coordinate_optimizer_variable_depth_radius_seed10946_target2_sources5_txrx60_ringdown050_objectives/figures/source_pulse_noise_context.png,outputs/experiments/927_coordinate_optimizer_variable_depth_radius_seed10946_target2_sources5_txrx60_ringdown050_objectives/data/source_pulse_noise_context_summary.json,outputs/experiments/927_coordinate_optimizer_variable_depth_radius_seed10946_target2_sources5_txrx60_ringdown050_objectives/figures/FIGURE_NOTES.md,2314,1379,6732,0.11508157615498059
926,outputs/experiments/926_coordinate_optimizer_variable_depth_radius_seed10946_target0_sources9_txrx60_ringdown050_objectives,outputs/experiments/926_coordinate_optimizer_variable_depth_radius_seed10946_target0_sources9_txrx60_ringdown050_objectives/data/multi_rebar_coordinate_optimizer_summary.json,generated,missing pulse/noise artifacts,outputs/experiments/926_coordinate_optimizer_variable_depth_radius_seed10946_target0_sources9_txrx60_ringdown050_objectives/figures/source_pulse_noise_context.png,outputs/experiments/926_coordinate_optimizer_variable_depth_radius_seed10946_target0_sources9_txrx60_ringdown050_objectives/data/source_pulse_noise_context_summary.json,outputs/experiments/926_coordinate_optimizer_variable_depth_radius_seed10946_target0_sources9_txrx60_ringdown050_objectives/figures/FIGURE_NOTES.md,2314,1379,6732,0.11509912547955096
925,outputs/experiments/925_coordinate_optimizer_variable_depth_radius_seed10946_target0_sources8_txrx60_ringdown050_objectives,outputs/experiments/925_coordinate_optimizer_variable_depth_radius_seed10946_target0_sources8_txrx60_ringdown050_objectives/data/multi_rebar_coordinate_optimizer_summary.json,generated,missing pulse/noise artifacts,outputs/experiments/925_coordinate_optimizer_variable_depth_radius_seed10946_target0_sources8_txrx60_ringdown050_objectives/figures/source_pulse_noise_context.png,outputs/experiments/925_coordinate_optimizer_variable_depth_radius_seed10946_target0_sources8_txrx60_ringdown050_objectives/data/source_pulse_noise_context_summary.json,outputs/experiments/925_coordinate_optimizer_variable_depth_radius_seed10946_target0_sources8_txrx60_ringdown050_objectives/figures/FIGURE_NOTES.md,2314,1379,6732,0.11523669964895084
924,outputs/experiments/924_seed6765_ringdown050_target_specific_rescue_summary,,skipped,no compatible coordinate optimizer summary,,,,,,,
923,outputs/experiments/923_coordinate_optimizer_variable_depth_radius_seed6765_target1_sources5_txrx60_ringdown050_objectives,outputs/experiments/923_coordinate_optimizer_variable_depth_radius_seed6765_target1_sources5_txrx60_ringdown050_objectives/data/multi_rebar_coordinate_optimizer_summary.json,generated,missing pulse/noise artifacts,outputs/experiments/923_coordinate_optimizer_variable_depth_radius_seed6765_target1_sources5_txrx60_ringdown050_objectives/figures/source_pulse_noise_context.png,outputs/experiments/923_coordinate_optimizer_variable_depth_radius_seed6765_target1_sources5_txrx60_ringdown050_objectives/data/source_pulse_noise_context_summary.json,outputs/experiments/923_coordinate_optimizer_variable_depth_radius_seed6765_target1_sources5_txrx60_ringdown050_objectives/figures/FIGURE_NOTES.md,2314,1379,6389,0.11546828805712055
922,outputs/experiments/922_coordinate_optimizer_variable_depth_radius_seed6765_target2_sources9_txrx60_ringdown050_objectives,outputs/experiments/922_coordinate_optimizer_variable_depth_radius_seed6765_target2_sources9_txrx60_ringdown050_objectives/data/multi_rebar_coordinate_optimizer_summary.json,generated,missing pulse/noise artifacts,outputs/experiments/922_coordinate_optimizer_variable_depth_radius_seed6765_target2_sources9_txrx60_ringdown050_objectives/figures/source_pulse_noise_context.png,outputs/experiments/922_coordinate_optimizer_variable_depth_radius_seed6765_target2_sources9_txrx60_ringdown050_objectives/data/source_pulse_noise_context_summary.json,outputs/experiments/922_coordinate_optimizer_variable_depth_radius_seed6765_target2_sources9_txrx60_ringdown050_objectives/figures/FIGURE_NOTES.md,2314,1379,6389,0.11548583738169091
921,outputs/experiments/921_coordinate_optimizer_variable_depth_radius_seed6765_target2_sources5_txrx60_ringdown050_objectives,outputs/experiments/921_coordinate_optimizer_variable_depth_radius_seed6765_target2_sources5_txrx60_ringdown050_objectives/data/multi_rebar_coordinate_optimizer_summary.json,generated,missing pulse/noise artifacts,outputs/experiments/921_coordinate_optimizer_variable_depth_radius_seed6765_target2_sources5_txrx60_ringdown050_objectives/figures/source_pulse_noise_context.png,outputs/experiments/921_coordinate_optimizer_variable_depth_radius_seed6765_target2_sources5_txrx60_ringdown050_objectives/data/source_pulse_noise_context_summary.json,outputs/experiments/921_coordinate_optimizer_variable_depth_radius_seed6765_target2_sources5_txrx60_ringdown050_objectives/figures/FIGURE_NOTES.md,2314,1379,6389,0.11548019652736473
920,outputs/experiments/920_coordinate_optimizer_variable_depth_radius_seed6765_target0_sources9_txrx60_ringdown050_objectives,outputs/experiments/920_coordinate_optimizer_variable_depth_radius_seed6765_target0_sources9_txrx60_ringdown050_objectives/data/multi_rebar_coordinate_optimizer_summary.json,generated,missing pulse/noise artifacts,outputs/experiments/920_coordinate_optimizer_variable_depth_radius_seed6765_target0_sources9_txrx60_ringdown050_objectives/figures/source_pulse_noise_context.png,outputs/experiments/920_coordinate_optimizer_variable_depth_radius_seed6765_target0_sources9_txrx60_ringdown050_objectives/data/source_pulse_noise_context_summary.json,outputs/experiments/920_coordinate_optimizer_variable_depth_radius_seed6765_target0_sources9_txrx60_ringdown050_objectives/figures/FIGURE_NOTES.md,2314,1379,6389,0.11551592193809726
919,outputs/experiments/919_coordinate_optimizer_variable_depth_radius_seed6765_target0_sources8_txrx60_ringdown050_objectives,outputs/experiments/919_coordinate_optimizer_variable_depth_radius_seed6765_target0_sources8_txrx60_ringdown050_objectives/data/multi_rebar_coordinate_optimizer_summary.json,generated,missing pulse/noise artifacts,outputs/experiments/919_coordinate_optimizer_variable_depth_radius_seed6765_target0_sources8_txrx60_ringdown050_objectives/figures/source_pulse_noise_context.png,outputs/experiments/919_coordinate_optimizer_variable_depth_radius_seed6765_target0_sources8_txrx60_ringdown050_objectives/data/source_pulse_noise_context_summary.json,outputs/experiments/919_coordinate_optimizer_variable_depth_radius_seed6765_target0_sources8_txrx60_ringdown050_objectives/figures/FIGURE_NOTES.md,2314,1379,6389,0.115613383365622
918,outputs/experiments/918_seed4181_ringdown050_target_specific_8_5_5_summary,,skipped,no compatible coordinate optimizer summary,,,,,,,
917,outputs/experiments/917_coordinate_optimizer_variable_depth_radius_seed4181_target1_sources5_txrx60_ringdown050_objectives,outputs/experiments/917_coordinate_optimizer_variable_depth_radius_seed4181_target1_sources5_txrx60_ringdown050_objectives/data/multi_rebar_coordinate_optimizer_summary.json,generated,missing pulse/noise artifacts,outputs/experiments/917_coordinate_optimizer_variable_depth_radius_seed4181_target1_sources5_txrx60_ringdown050_objectives/figures/source_pulse_noise_context.png,outputs/experiments/917_coordinate_optimizer_variable_depth_radius_seed4181_target1_sources5_txrx60_ringdown050_objectives/data/source_pulse_noise_context_summary.json,outputs/experiments/917_coordinate_optimizer_variable_depth_radius_seed4181_target1_sources5_txrx60_ringdown050_objectives/figures/FIGURE_NOTES.md,2314,1379,6483,0.12615143938933365
916,outputs/experiments/916_coordinate_optimizer_variable_depth_radius_seed4181_target2_sources5_txrx60_ringdown050_objectives,outputs/experiments/916_coordinate_optimizer_variable_depth_radius_seed4181_target2_sources5_txrx60_ringdown050_objectives/data/multi_rebar_coordinate_optimizer_summary.json,generated,missing pulse/noise artifacts,outputs/experiments/916_coordinate_optimizer_variable_depth_radius_seed4181_target2_sources5_txrx60_ringdown050_objectives/figures/source_pulse_noise_context.png,outputs/experiments/916_coordinate_optimizer_variable_depth_radius_seed4181_target2_sources5_txrx60_ringdown050_objectives/data/source_pulse_noise_context_summary.json,outputs/experiments/916_coordinate_optimizer_variable_depth_radius_seed4181_target2_sources5_txrx60_ringdown050_objectives/figures/FIGURE_NOTES.md,2314,1379,6483,0.12616930209469993
915,outputs/experiments/915_coordinate_optimizer_variable_depth_radius_seed4181_target0_sources8_txrx60_ringdown050_objectives,outputs/experiments/915_coordinate_optimizer_variable_depth_radius_seed4181_target0_sources8_txrx60_ringdown050_objectives/data/multi_rebar_coordinate_optimizer_summary.json,generated,missing pulse/noise artifacts,outputs/experiments/915_coordinate_optimizer_variable_depth_radius_seed4181_target0_sources8_txrx60_ringdown050_objectives/figures/source_pulse_noise_context.png,outputs/experiments/915_coordinate_optimizer_variable_depth_radius_seed4181_target0_sources8_txrx60_ringdown050_objectives/data/source_pulse_noise_context_summary.json,outputs/experiments/915_coordinate_optimizer_variable_depth_radius_seed4181_target0_sources8_txrx60_ringdown050_objectives/figures/FIGURE_NOTES.md,2314,1379,6483,0.12627835861167294
914,outputs/experiments/914_seed2584_ringdown050_target_specific_rescue_summary,,skipped,no compatible coordinate optimizer summary,,,,,,,
913,outputs/experiments/913_coordinate_optimizer_variable_depth_radius_seed2584_target1_sources5_txrx60_ringdown050_objectives,outputs/experiments/913_coordinate_optimizer_variable_depth_radius_seed2584_target1_sources5_txrx60_ringdown050_objectives/data/multi_rebar_coordinate_optimizer_summary.json,generated,missing pulse/noise artifacts,outputs/experiments/913_coordinate_optimizer_variable_depth_radius_seed2584_target1_sources5_txrx60_ringdown050_objectives/figures/source_pulse_noise_context.png,outputs/experiments/913_coordinate_optimizer_variable_depth_radius_seed2584_target1_sources5_txrx60_ringdown050_objectives/data/source_pulse_noise_context_summary.json,outputs/experiments/913_coordinate_optimizer_variable_depth_radius_seed2584_target1_sources5_txrx60_ringdown050_objectives/figures/FIGURE_NOTES.md,2314,1379,6617,0.11632601129549741
912,outputs/experiments/912_coordinate_optimizer_variable_depth_radius_seed2584_target2_sources5_txrx60_ringdown050_objectives,outputs/experiments/912_coordinate_optimizer_variable_depth_radius_seed2584_target2_sources5_txrx60_ringdown050_objectives/data/multi_rebar_coordinate_optimizer_summary.json,generated,missing pulse/noise artifacts,outputs/experiments/912_coordinate_optimizer_variable_depth_radius_seed2584_target2_sources5_txrx60_ringdown050_objectives/figures/source_pulse_noise_context.png,outputs/experiments/912_coordinate_optimizer_variable_depth_radius_seed2584_target2_sources5_txrx60_ringdown050_objectives/data/source_pulse_noise_context_summary.json,outputs/experiments/912_coordinate_optimizer_variable_depth_radius_seed2584_target2_sources5_txrx60_ringdown050_objectives/figures/FIGURE_NOTES.md,2314,1379,6617,0.11634293385847598
911,outputs/experiments/911_coordinate_optimizer_variable_depth_radius_seed2584_target0_sources9_txrx60_ringdown050_objectives,outputs/experiments/911_coordinate_optimizer_variable_depth_radius_seed2584_target0_sources9_txrx60_ringdown050_objectives/data/multi_rebar_coordinate_optimizer_summary.json,generated,missing pulse/noise artifacts,outputs/experiments/911_coordinate_optimizer_variable_depth_radius_seed2584_target0_sources9_txrx60_ringdown050_objectives/figures/source_pulse_noise_context.png,outputs/experiments/911_coordinate_optimizer_variable_depth_radius_seed2584_target0_sources9_txrx60_ringdown050_objectives/data/source_pulse_noise_context_summary.json,outputs/experiments/911_coordinate_optimizer_variable_depth_radius_seed2584_target0_sources9_txrx60_ringdown050_objectives/figures/FIGURE_NOTES.md,2314,1379,6617,0.11636424375259714
910,outputs/experiments/910_coordinate_optimizer_variable_depth_radius_seed2584_target0_sources8_txrx60_ringdown050_objectives,outputs/experiments/910_coordinate_optimizer_variable_depth_radius_seed2584_target0_sources8_txrx60_ringdown050_objectives/data/multi_rebar_coordinate_optimizer_summary.json,generated,missing pulse/noise artifacts,outputs/experiments/910_coordinate_optimizer_variable_depth_radius_seed2584_target0_sources8_txrx60_ringdown050_objectives/figures/source_pulse_noise_context.png,outputs/experiments/910_coordinate_optimizer_variable_depth_radius_seed2584_target0_sources8_txrx60_ringdown050_objectives/data/source_pulse_noise_context_summary.json,outputs/experiments/910_coordinate_optimizer_variable_depth_radius_seed2584_target0_sources8_txrx60_ringdown050_objectives/figures/FIGURE_NOTES.md,2314,1379,6617,0.11646139179932598
909,outputs/experiments/909_seed1597_ringdown050_target_specific_rescue_summary,,skipped,no compatible coordinate optimizer summary,,,,,,,
908,outputs/experiments/908_coordinate_optimizer_variable_depth_radius_seed1597_target1_sources9_txrx60_ringdown050_objectives,outputs/experiments/908_coordinate_optimizer_variable_depth_radius_seed1597_target1_sources9_txrx60_ringdown050_objectives/data/multi_rebar_coordinate_optimizer_summary.json,generated,missing pulse/noise artifacts,outputs/experiments/908_coordinate_optimizer_variable_depth_radius_seed1597_target1_sources9_txrx60_ringdown050_objectives/figures/source_pulse_noise_context.png,outputs/experiments/908_coordinate_optimizer_variable_depth_radius_seed1597_target1_sources9_txrx60_ringdown050_objectives/data/source_pulse_noise_context_summary.json,outputs/experiments/908_coordinate_optimizer_variable_depth_radius_seed1597_target1_sources9_txrx60_ringdown050_objectives/figures/FIGURE_NOTES.md,2314,1379,6457,0.11954474545018091
907,outputs/experiments/907_coordinate_optimizer_variable_depth_radius_seed1597_target1_sources5_txrx60_ringdown050_objectives,outputs/experiments/907_coordinate_optimizer_variable_depth_radius_seed1597_target1_sources5_txrx60_ringdown050_objectives/data/multi_rebar_coordinate_optimizer_summary.json,generated,missing pulse/noise artifacts,outputs/experiments/907_coordinate_optimizer_variable_depth_radius_seed1597_target1_sources5_txrx60_ringdown050_objectives/figures/source_pulse_noise_context.png,outputs/experiments/907_coordinate_optimizer_variable_depth_radius_seed1597_target1_sources5_txrx60_ringdown050_objectives/data/source_pulse_noise_context_summary.json,outputs/experiments/907_coordinate_optimizer_variable_depth_radius_seed1597_target1_sources5_txrx60_ringdown050_objectives/figures/FIGURE_NOTES.md,2314,1379,6457,0.119550699685303
906,outputs/experiments/906_coordinate_optimizer_variable_depth_radius_seed1597_target2_sources5_txrx60_ringdown050_objectives,outputs/experiments/906_coordinate_optimizer_variable_depth_radius_seed1597_target2_sources5_txrx60_ringdown050_objectives/data/multi_rebar_coordinate_optimizer_summary.json,generated,missing pulse/noise artifacts,outputs/experiments/906_coordinate_optimizer_variable_depth_radius_seed1597_target2_sources5_txrx60_ringdown050_objectives/figures/source_pulse_noise_context.png,outputs/experiments/906_coordinate_optimizer_variable_depth_radius_seed1597_target2_sources5_txrx60_ringdown050_objectives/data/source_pulse_noise_context_summary.json,outputs/experiments/906_coordinate_optimizer_variable_depth_radius_seed1597_target2_sources5_txrx60_ringdown050_objectives/figures/FIGURE_NOTES.md,2314,1379,6457,0.11956856239066928
905,outputs/experiments/905_coordinate_optimizer_variable_depth_radius_seed1597_target0_sources8_txrx60_ringdown050_objectives,outputs/experiments/905_coordinate_optimizer_variable_depth_radius_seed1597_target0_sources8_txrx60_ringdown050_objectives/data/multi_rebar_coordinate_optimizer_summary.json,generated,missing pulse/noise artifacts,outputs/experiments/905_coordinate_optimizer_variable_depth_radius_seed1597_target0_sources8_txrx60_ringdown050_objectives/figures/source_pulse_noise_context.png,outputs/experiments/905_coordinate_optimizer_variable_depth_radius_seed1597_target0_sources8_txrx60_ringdown050_objectives/data/source_pulse_noise_context_summary.json,outputs/experiments/905_coordinate_optimizer_variable_depth_radius_seed1597_target0_sources8_txrx60_ringdown050_objectives/figures/FIGURE_NOTES.md,2314,1379,6457,0.11966289001023502
904,outputs/experiments/904_seed987_ringdown050_target_specific_8_5_5_summary,,skipped,no compatible coordinate optimizer summary,,,,,,,
903,outputs/experiments/903_coordinate_optimizer_variable_depth_radius_seed987_target1_sources5_txrx60_ringdown050_objectives,outputs/experiments/903_coordinate_optimizer_variable_depth_radius_seed987_target1_sources5_txrx60_ringdown050_objectives/data/multi_rebar_coordinate_optimizer_summary.json,generated,missing pulse/noise artifacts,outputs/experiments/903_coordinate_optimizer_variable_depth_radius_seed987_target1_sources5_txrx60_ringdown050_objectives/figures/source_pulse_noise_context.png,outputs/experiments/903_coordinate_optimizer_variable_depth_radius_seed987_target1_sources5_txrx60_ringdown050_objectives/data/source_pulse_noise_context_summary.json,outputs/experiments/903_coordinate_optimizer_variable_depth_radius_seed987_target1_sources5_txrx60_ringdown050_objectives/figures/FIGURE_NOTES.md,2314,1379,6481,0.12535670569093257
902,outputs/experiments/902_coordinate_optimizer_variable_depth_radius_seed987_target2_sources5_txrx60_ringdown050_objectives,outputs/experiments/902_coordinate_optimizer_variable_depth_radius_seed987_target2_sources5_txrx60_ringdown050_objectives/data/multi_rebar_coordinate_optimizer_summary.json,generated,missing pulse/noise artifacts,outputs/experiments/902_coordinate_optimizer_variable_depth_radius_seed987_target2_sources5_txrx60_ringdown050_objectives/figures/source_pulse_noise_context.png,outputs/experiments/902_coordinate_optimizer_variable_depth_radius_seed987_target2_sources5_txrx60_ringdown050_objectives/data/source_pulse_noise_context_summary.json,outputs/experiments/902_coordinate_optimizer_variable_depth_radius_seed987_target2_sources5_txrx60_ringdown050_objectives/figures/FIGURE_NOTES.md,2314,1379,6481,0.12537456839629885
901,outputs/experiments/901_seed610_ringdown050_unresolved_branch_summary,,skipped,no compatible coordinate optimizer summary,,,,,,,
900,outputs/experiments/900_coordinate_optimizer_variable_depth_radius_seed987_target0_sources8_txrx60_ringdown050_objectives,outputs/experiments/900_coordinate_optimizer_variable_depth_radius_seed987_target0_sources8_txrx60_ringdown050_objectives/data/multi_rebar_coordinate_optimizer_summary.json,generated,missing pulse/noise artifacts,outputs/experiments/900_coordinate_optimizer_variable_depth_radius_seed987_target0_sources8_txrx60_ringdown050_objectives/figures/source_pulse_noise_context.png,outputs/experiments/900_coordinate_optimizer_variable_depth_radius_seed987_target0_sources8_txrx60_ringdown050_objectives/data/source_pulse_noise_context_summary.json,outputs/experiments/900_coordinate_optimizer_variable_depth_radius_seed987_target0_sources8_txrx60_ringdown050_objectives/figures/FIGURE_NOTES.md,2314,1379,6481,0.12546670235029328
899,outputs/experiments/899_coordinate_optimizer_variable_depth_radius_seed610_target1_sources8_txrx60_ringdown050_objectives,outputs/experiments/899_coordinate_optimizer_variable_depth_radius_seed610_target1_sources8_txrx60_ringdown050_objectives/data/multi_rebar_coordinate_optimizer_summary.json,generated,missing pulse/noise artifacts,outputs/experiments/899_coordinate_optimizer_variable_depth_radius_seed610_target1_sources8_txrx60_ringdown050_objectives/figures/source_pulse_noise_context.png,outputs/experiments/899_coordinate_optimizer_variable_depth_radius_seed610_target1_sources8_txrx60_ringdown050_objectives/data/source_pulse_noise_context_summary.json,outputs/experiments/899_coordinate_optimizer_variable_depth_radius_seed610_target1_sources8_txrx60_ringdown050_objectives/figures/FIGURE_NOTES.md,2314,1379,6303,0.11398944408127092
898,outputs/experiments/898_coordinate_optimizer_variable_depth_radius_seed610_target1_sources9_txrx60_ringdown050_objectives,outputs/experiments/898_coordinate_optimizer_variable_depth_radius_seed610_target1_sources9_txrx60_ringdown050_objectives/data/multi_rebar_coordinate_optimizer_summary.json,generated,missing pulse/noise artifacts,outputs/experiments/898_coordinate_optimizer_variable_depth_radius_seed610_target1_sources9_txrx60_ringdown050_objectives/figures/source_pulse_noise_context.png,outputs/experiments/898_coordinate_optimizer_variable_depth_radius_seed610_target1_sources9_txrx60_ringdown050_objectives/data/source_pulse_noise_context_summary.json,outputs/experiments/898_coordinate_optimizer_variable_depth_radius_seed610_target1_sources9_txrx60_ringdown050_objectives/figures/FIGURE_NOTES.md,2314,1379,6303,0.11387913404111431
897,outputs/experiments/897_coordinate_optimizer_variable_depth_radius_seed610_target1_sources5_txrx60_ringdown050_objectives,outputs/experiments/897_coordinate_optimizer_variable_depth_radius_seed610_target1_sources5_txrx60_ringdown050_objectives/data/multi_rebar_coordinate_optimizer_summary.json,generated,missing pulse/noise artifacts,outputs/experiments/897_coordinate_optimizer_variable_depth_radius_seed610_target1_sources5_txrx60_ringdown050_objectives/figures/source_pulse_noise_context.png,outputs/experiments/897_coordinate_optimizer_variable_depth_radius_seed610_target1_sources5_txrx60_ringdown050_objectives/data/source_pulse_noise_context_summary.json,outputs/experiments/897_coordinate_optimizer_variable_depth_radius_seed610_target1_sources5_txrx60_ringdown050_objectives/figures/FIGURE_NOTES.md,2314,1379,6303,0.11391987354458123
896,outputs/experiments/896_coordinate_optimizer_variable_depth_radius_seed610_target2_sources9_txrx60_ringdown025_objectives,outputs/experiments/896_coordinate_optimizer_variable_depth_radius_seed610_target2_sources9_txrx60_ringdown025_objectives/data/multi_rebar_coordinate_optimizer_summary.json,generated,missing pulse/noise artifacts,outputs/experiments/896_coordinate_optimizer_variable_depth_radius_seed610_target2_sources9_txrx60_ringdown025_objectives/figures/source_pulse_noise_context.png,outputs/experiments/896_coordinate_optimizer_variable_depth_radius_seed610_target2_sources9_txrx60_ringdown025_objectives/data/source_pulse_noise_context_summary.json,outputs/experiments/896_coordinate_optimizer_variable_depth_radius_seed610_target2_sources9_txrx60_ringdown025_objectives/figures/FIGURE_NOTES.md,2314,1379,6206,0.11205400428579576
895,outputs/experiments/895_coordinate_optimizer_variable_depth_radius_seed610_target2_sources9_txrx60_ringdown035_objectives,outputs/experiments/895_coordinate_optimizer_variable_depth_radius_seed610_target2_sources9_txrx60_ringdown035_objectives/data/multi_rebar_coordinate_optimizer_summary.json,generated,missing pulse/noise artifacts,outputs/experiments/895_coordinate_optimizer_variable_depth_radius_seed610_target2_sources9_txrx60_ringdown035_objectives/figures/source_pulse_noise_context.png,outputs/experiments/895_coordinate_optimizer_variable_depth_radius_seed610_target2_sources9_txrx60_ringdown035_objectives/data/source_pulse_noise_context_summary.json,outputs/experiments/895_coordinate_optimizer_variable_depth_radius_seed610_target2_sources9_txrx60_ringdown035_objectives/figures/FIGURE_NOTES.md,2314,1379,6147,0.11331348170451576
894,outputs/experiments/894_coordinate_optimizer_variable_depth_radius_seed610_target2_sources9_txrx60_ringdown040_objectives,outputs/experiments/894_coordinate_optimizer_variable_depth_radius_seed610_target2_sources9_txrx60_ringdown040_objectives/data/multi_rebar_coordinate_optimizer_summary.json,generated,missing pulse/noise artifacts,outputs/experiments/894_coordinate_optimizer_variable_depth_radius_seed610_target2_sources9_txrx60_ringdown040_objectives/figures/source_pulse_noise_context.png,outputs/experiments/894_coordinate_optimizer_variable_depth_radius_seed610_target2_sources9_txrx60_ringdown040_objectives/data/source_pulse_noise_context_summary.json,outputs/experiments/894_coordinate_optimizer_variable_depth_radius_seed610_target2_sources9_txrx60_ringdown040_objectives/figures/FIGURE_NOTES.md,2314,1379,6191,0.11330188661506747
893,outputs/experiments/893_coordinate_optimizer_variable_depth_radius_seed610_target2_sources9_txrx60_ringdown0459375_objectives,outputs/experiments/893_coordinate_optimizer_variable_depth_radius_seed610_target2_sources9_txrx60_ringdown0459375_objectives/data/multi_rebar_coordinate_optimizer_summary.json,generated,missing pulse/noise artifacts,outputs/experiments/893_coordinate_optimizer_variable_depth_radius_seed610_target2_sources9_txrx60_ringdown0459375_objectives/figures/source_pulse_noise_context.png,outputs/experiments/893_coordinate_optimizer_variable_depth_radius_seed610_target2_sources9_txrx60_ringdown0459375_objectives/data/source_pulse_noise_context_summary.json,outputs/experiments/893_coordinate_optimizer_variable_depth_radius_seed610_target2_sources9_txrx60_ringdown0459375_objectives/figures/FIGURE_NOTES.md,2314,1379,6207,0.11430721220831298
892,outputs/experiments/892_coordinate_optimizer_variable_depth_radius_seed610_target2_sources9_txrx60_ringdown0475_objectives,outputs/experiments/892_coordinate_optimizer_variable_depth_radius_seed610_target2_sources9_txrx60_ringdown0475_objectives/data/multi_rebar_coordinate_optimizer_summary.json,generated,missing pulse/noise artifacts,outputs/experiments/892_coordinate_optimizer_variable_depth_radius_seed610_target2_sources9_txrx60_ringdown0475_objectives/figures/source_pulse_noise_context.png,outputs/experiments/892_coordinate_optimizer_variable_depth_radius_seed610_target2_sources9_txrx60_ringdown0475_objectives/data/source_pulse_noise_context_summary.json,outputs/experiments/892_coordinate_optimizer_variable_depth_radius_seed610_target2_sources9_txrx60_ringdown0475_objectives/figures/FIGURE_NOTES.md,2314,1379,6220,0.11399602507798481
891,outputs/experiments/891_coordinate_optimizer_variable_depth_radius_seed610_target2_sources9_txrx60_ringdown049453125_objectives,outputs/experiments/891_coordinate_optimizer_variable_depth_radius_seed610_target2_sources9_txrx60_ringdown049453125_objectives/data/multi_rebar_coordinate_optimizer_summary.json,generated,missing pulse/noise artifacts,outputs/experiments/891_coordinate_optimizer_variable_depth_radius_seed610_target2_sources9_txrx60_ringdown049453125_objectives/figures/source_pulse_noise_context.png,outputs/experiments/891_coordinate_optimizer_variable_depth_radius_seed610_target2_sources9_txrx60_ringdown049453125_objectives/data/source_pulse_noise_context_summary.json,outputs/experiments/891_coordinate_optimizer_variable_depth_radius_seed610_target2_sources9_txrx60_ringdown049453125_objectives/figures/FIGURE_NOTES.md,2314,1379,6293,0.11454914218274738
890,outputs/experiments/890_coordinate_optimizer_variable_depth_radius_seed610_target2_sources11_txrx60_ringdown050_objectives,outputs/experiments/890_coordinate_optimizer_variable_depth_radius_seed610_target2_sources11_txrx60_ringdown050_objectives/data/multi_rebar_coordinate_optimizer_summary.json,generated,missing pulse/noise artifacts,outputs/experiments/890_coordinate_optimizer_variable_depth_radius_seed610_target2_sources11_txrx60_ringdown050_objectives/figures/source_pulse_noise_context.png,outputs/experiments/890_coordinate_optimizer_variable_depth_radius_seed610_target2_sources11_txrx60_ringdown050_objectives/data/source_pulse_noise_context_summary.json,outputs/experiments/890_coordinate_optimizer_variable_depth_radius_seed610_target2_sources11_txrx60_ringdown050_objectives/figures/FIGURE_NOTES.md,2314,1379,6303,0.11398411660774063
889,outputs/experiments/889_coordinate_optimizer_variable_depth_radius_seed610_target2_sources9_txrx60_ringdown050_objectives,outputs/experiments/889_coordinate_optimizer_variable_depth_radius_seed610_target2_sources9_txrx60_ringdown050_objectives/data/multi_rebar_coordinate_optimizer_summary.json,generated,missing pulse/noise artifacts,outputs/experiments/889_coordinate_optimizer_variable_depth_radius_seed610_target2_sources9_txrx60_ringdown050_objectives/figures/source_pulse_noise_context.png,outputs/experiments/889_coordinate_optimizer_variable_depth_radius_seed610_target2_sources9_txrx60_ringdown050_objectives/data/source_pulse_noise_context_summary.json,outputs/experiments/889_coordinate_optimizer_variable_depth_radius_seed610_target2_sources9_txrx60_ringdown050_objectives/figures/FIGURE_NOTES.md,2314,1379,6303,0.11389010236897079
888,outputs/experiments/888_coordinate_optimizer_variable_depth_radius_seed610_target2_sources5_txrx60_ringdown050_objectives,outputs/experiments/888_coordinate_optimizer_variable_depth_radius_seed610_target2_sources5_txrx60_ringdown050_objectives/data/multi_rebar_coordinate_optimizer_summary.json,generated,missing pulse/noise artifacts,outputs/experiments/888_coordinate_optimizer_variable_depth_radius_seed610_target2_sources5_txrx60_ringdown050_objectives/figures/source_pulse_noise_context.png,outputs/experiments/888_coordinate_optimizer_variable_depth_radius_seed610_target2_sources5_txrx60_ringdown050_objectives/data/source_pulse_noise_context_summary.json,outputs/experiments/888_coordinate_optimizer_variable_depth_radius_seed610_target2_sources5_txrx60_ringdown050_objectives/figures/FIGURE_NOTES.md,2314,1379,6303,0.11393084187243772
887,outputs/experiments/887_coordinate_optimizer_variable_depth_radius_seed610_target0_sources8_txrx60_ringdown050_objectives,outputs/experiments/887_coordinate_optimizer_variable_depth_radius_seed610_target0_sources8_txrx60_ringdown050_objectives/data/multi_rebar_coordinate_optimizer_summary.json,generated,missing pulse/noise artifacts,outputs/experiments/887_coordinate_optimizer_variable_depth_radius_seed610_target0_sources8_txrx60_ringdown050_objectives/figures/source_pulse_noise_context.png,outputs/experiments/887_coordinate_optimizer_variable_depth_radius_seed610_target0_sources8_txrx60_ringdown050_objectives/data/source_pulse_noise_context_summary.json,outputs/experiments/887_coordinate_optimizer_variable_depth_radius_seed610_target0_sources8_txrx60_ringdown050_objectives/figures/FIGURE_NOTES.md,2314,1379,6303,0.11402328920722807
886,outputs/experiments/886_seed377_ringdown050_target_specific_8_5_5_summary,,skipped,no compatible coordinate optimizer summary,,,,,,,
885,outputs/experiments/885_coordinate_optimizer_variable_depth_radius_seed377_target1_sources5_txrx60_ringdown050_objectives,outputs/experiments/885_coordinate_optimizer_variable_depth_radius_seed377_target1_sources5_txrx60_ringdown050_objectives/data/multi_rebar_coordinate_optimizer_summary.json,generated,missing pulse/noise artifacts,outputs/experiments/885_coordinate_optimizer_variable_depth_radius_seed377_target1_sources5_txrx60_ringdown050_objectives/figures/source_pulse_noise_context.png,outputs/experiments/885_coordinate_optimizer_variable_depth_radius_seed377_target1_sources5_txrx60_ringdown050_objectives/data/source_pulse_noise_context_summary.json,outputs/experiments/885_coordinate_optimizer_variable_depth_radius_seed377_target1_sources5_txrx60_ringdown050_objectives/figures/FIGURE_NOTES.md,2314,1379,6396,0.1157979646544068
884,outputs/experiments/884_coordinate_optimizer_variable_depth_radius_seed377_target2_sources5_txrx60_ringdown050_objectives,outputs/experiments/884_coordinate_optimizer_variable_depth_radius_seed377_target2_sources5_txrx60_ringdown050_objectives/data/multi_rebar_coordinate_optimizer_summary.json,generated,missing pulse/noise artifacts,outputs/experiments/884_coordinate_optimizer_variable_depth_radius_seed377_target2_sources5_txrx60_ringdown050_objectives/figures/source_pulse_noise_context.png,outputs/experiments/884_coordinate_optimizer_variable_depth_radius_seed377_target2_sources5_txrx60_ringdown050_objectives/data/source_pulse_noise_context_summary.json,outputs/experiments/884_coordinate_optimizer_variable_depth_radius_seed377_target2_sources5_txrx60_ringdown050_objectives/figures/FIGURE_NOTES.md,2314,1379,6396,0.11580893298226327
883,outputs/experiments/883_coordinate_optimizer_variable_depth_radius_seed377_target0_sources8_txrx60_ringdown050_objectives,outputs/experiments/883_coordinate_optimizer_variable_depth_radius_seed377_target0_sources8_txrx60_ringdown050_objectives/data/multi_rebar_coordinate_optimizer_summary.json,generated,missing pulse/noise artifacts,outputs/experiments/883_coordinate_optimizer_variable_depth_radius_seed377_target0_sources8_txrx60_ringdown050_objectives/figures/source_pulse_noise_context.png,outputs/experiments/883_coordinate_optimizer_variable_depth_radius_seed377_target0_sources8_txrx60_ringdown050_objectives/data/source_pulse_noise_context_summary.json,outputs/experiments/883_coordinate_optimizer_variable_depth_radius_seed377_target0_sources8_txrx60_ringdown050_objectives/figures/FIGURE_NOTES.md,2314,1379,6396,0.11592864444629687
882,outputs/experiments/882_seed233_ringdown050_target_specific_8_5_5_summary,,skipped,no compatible coordinate optimizer summary,,,,,,,
881,outputs/experiments/881_coordinate_optimizer_variable_depth_radius_seed233_target1_sources5_txrx60_ringdown050_objectives,outputs/experiments/881_coordinate_optimizer_variable_depth_radius_seed233_target1_sources5_txrx60_ringdown050_objectives/data/multi_rebar_coordinate_optimizer_summary.json,generated,missing pulse/noise artifacts,outputs/experiments/881_coordinate_optimizer_variable_depth_radius_seed233_target1_sources5_txrx60_ringdown050_objectives/figures/source_pulse_noise_context.png,outputs/experiments/881_coordinate_optimizer_variable_depth_radius_seed233_target1_sources5_txrx60_ringdown050_objectives/data/source_pulse_noise_context_summary.json,outputs/experiments/881_coordinate_optimizer_variable_depth_radius_seed233_target1_sources5_txrx60_ringdown050_objectives/figures/FIGURE_NOTES.md,2314,1379,6525,0.12025800014164811
880,outputs/experiments/880_coordinate_optimizer_variable_depth_radius_seed233_target2_sources5_txrx60_ringdown050_objectives,outputs/experiments/880_coordinate_optimizer_variable_depth_radius_seed233_target2_sources5_txrx60_ringdown050_objectives/data/multi_rebar_coordinate_optimizer_summary.json,generated,missing pulse/noise artifacts,outputs/experiments/880_coordinate_optimizer_variable_depth_radius_seed233_target2_sources5_txrx60_ringdown050_objectives/figures/source_pulse_noise_context.png,outputs/experiments/880_coordinate_optimizer_variable_depth_radius_seed233_target2_sources5_txrx60_ringdown050_objectives/data/source_pulse_noise_context_summary.json,outputs/experiments/880_coordinate_optimizer_variable_depth_radius_seed233_target2_sources5_txrx60_ringdown050_objectives/figures/FIGURE_NOTES.md,2314,1379,6525,0.1202689684695046
879,outputs/experiments/879_cross_seed_ringdown050_target_specific_policy_synthesis_v2,,skipped,no compatible coordinate optimizer summary,,,,,,,
878,outputs/experiments/878_coordinate_optimizer_variable_depth_radius_seed233_target0_sources8_txrx60_ringdown050_objectives,outputs/experiments/878_coordinate_optimizer_variable_depth_radius_seed233_target0_sources8_txrx60_ringdown050_objectives/data/multi_rebar_coordinate_optimizer_summary.json,generated,missing pulse/noise artifacts,outputs/experiments/878_coordinate_optimizer_variable_depth_radius_seed233_target0_sources8_txrx60_ringdown050_objectives/figures/source_pulse_noise_context.png,outputs/experiments/878_coordinate_optimizer_variable_depth_radius_seed233_target0_sources8_txrx60_ringdown050_objectives/data/source_pulse_noise_context_summary.json,outputs/experiments/878_coordinate_optimizer_variable_depth_radius_seed233_target0_sources8_txrx60_ringdown050_objectives/figures/FIGURE_NOTES.md,2314,1379,6525,0.12039244050308899
877,outputs/experiments/877_seed144_ringdown050_target_specific_8_5_5_summary,,skipped,no compatible coordinate optimizer summary,,,,,,,
876,outputs/experiments/876_coordinate_optimizer_variable_depth_radius_seed144_target1_sources5_txrx60_ringdown050_objectives,outputs/experiments/876_coordinate_optimizer_variable_depth_radius_seed144_target1_sources5_txrx60_ringdown050_objectives/data/multi_rebar_coordinate_optimizer_summary.json,generated,missing pulse/noise artifacts,outputs/experiments/876_coordinate_optimizer_variable_depth_radius_seed144_target1_sources5_txrx60_ringdown050_objectives/figures/source_pulse_noise_context.png,outputs/experiments/876_coordinate_optimizer_variable_depth_radius_seed144_target1_sources5_txrx60_ringdown050_objectives/data/source_pulse_noise_context_summary.json,outputs/experiments/876_coordinate_optimizer_variable_depth_radius_seed144_target1_sources5_txrx60_ringdown050_objectives/figures/FIGURE_NOTES.md,2314,1379,6424,0.11908470244180049
875,outputs/experiments/875_coordinate_optimizer_variable_depth_radius_seed144_target2_sources5_txrx60_ringdown050_objectives,outputs/experiments/875_coordinate_optimizer_variable_depth_radius_seed144_target2_sources5_txrx60_ringdown050_objectives/data/multi_rebar_coordinate_optimizer_summary.json,generated,missing pulse/noise artifacts,outputs/experiments/875_coordinate_optimizer_variable_depth_radius_seed144_target2_sources5_txrx60_ringdown050_objectives/figures/source_pulse_noise_context.png,outputs/experiments/875_coordinate_optimizer_variable_depth_radius_seed144_target2_sources5_txrx60_ringdown050_objectives/data/source_pulse_noise_context_summary.json,outputs/experiments/875_coordinate_optimizer_variable_depth_radius_seed144_target2_sources5_txrx60_ringdown050_objectives/figures/FIGURE_NOTES.md,2314,1379,6424,0.11909567076965696
874,outputs/experiments/874_seed55_ringdown050_target_specific_8_5_5_summary,,skipped,no compatible coordinate optimizer summary,,,,,,,
873,outputs/experiments/873_coordinate_optimizer_variable_depth_radius_seed144_target0_sources8_txrx60_ringdown050_objectives,outputs/experiments/873_coordinate_optimizer_variable_depth_radius_seed144_target0_sources8_txrx60_ringdown050_objectives/data/multi_rebar_coordinate_optimizer_summary.json,generated,missing pulse/noise artifacts,outputs/experiments/873_coordinate_optimizer_variable_depth_radius_seed144_target0_sources8_txrx60_ringdown050_objectives/figures/source_pulse_noise_context.png,outputs/experiments/873_coordinate_optimizer_variable_depth_radius_seed144_target0_sources8_txrx60_ringdown050_objectives/data/source_pulse_noise_context_summary.json,outputs/experiments/873_coordinate_optimizer_variable_depth_radius_seed144_target0_sources8_txrx60_ringdown050_objectives/figures/FIGURE_NOTES.md,2314,1379,6424,0.1191965793859366
872,outputs/experiments/872_coordinate_optimizer_variable_depth_radius_seed55_target1_sources5_txrx60_ringdown050_objectives,outputs/experiments/872_coordinate_optimizer_variable_depth_radius_seed55_target1_sources5_txrx60_ringdown050_objectives/data/multi_rebar_coordinate_optimizer_summary.json,generated,missing pulse/noise artifacts,outputs/experiments/872_coordinate_optimizer_variable_depth_radius_seed55_target1_sources5_txrx60_ringdown050_objectives/figures/source_pulse_noise_context.png,outputs/experiments/872_coordinate_optimizer_variable_depth_radius_seed55_target1_sources5_txrx60_ringdown050_objectives/data/source_pulse_noise_context_summary.json,outputs/experiments/872_coordinate_optimizer_variable_depth_radius_seed55_target1_sources5_txrx60_ringdown050_objectives/figures/FIGURE_NOTES.md,2314,1379,6572,0.11874562442063726
871,outputs/experiments/871_coordinate_optimizer_variable_depth_radius_seed55_target2_sources5_txrx60_ringdown050_objectives,outputs/experiments/871_coordinate_optimizer_variable_depth_radius_seed55_target2_sources5_txrx60_ringdown050_objectives/data/multi_rebar_coordinate_optimizer_summary.json,generated,missing pulse/noise artifacts,outputs/experiments/871_coordinate_optimizer_variable_depth_radius_seed55_target2_sources5_txrx60_ringdown050_objectives/figures/source_pulse_noise_context.png,outputs/experiments/871_coordinate_optimizer_variable_depth_radius_seed55_target2_sources5_txrx60_ringdown050_objectives/data/source_pulse_noise_context_summary.json,outputs/experiments/871_coordinate_optimizer_variable_depth_radius_seed55_target2_sources5_txrx60_ringdown050_objectives/figures/FIGURE_NOTES.md,2314,1379,6572,0.11876254698361582
870,outputs/experiments/870_coordinate_optimizer_variable_depth_radius_seed55_target0_sources8_txrx60_ringdown050_objectives,outputs/experiments/870_coordinate_optimizer_variable_depth_radius_seed55_target0_sources8_txrx60_ringdown050_objectives/data/multi_rebar_coordinate_optimizer_summary.json,generated,missing pulse/noise artifacts,outputs/experiments/870_coordinate_optimizer_variable_depth_radius_seed55_target0_sources8_txrx60_ringdown050_objectives/figures/source_pulse_noise_context.png,outputs/experiments/870_coordinate_optimizer_variable_depth_radius_seed55_target0_sources8_txrx60_ringdown050_objectives/data/source_pulse_noise_context_summary.json,outputs/experiments/870_coordinate_optimizer_variable_depth_radius_seed55_target0_sources8_txrx60_ringdown050_objectives/figures/FIGURE_NOTES.md,2314,1379,6572,0.1188941669178936
869,outputs/experiments/869_coordinate_optimizer_variable_depth_radius_seed89_target2_sources8_txrx60_ringdown050_objectives,outputs/experiments/869_coordinate_optimizer_variable_depth_radius_seed89_target2_sources8_txrx60_ringdown050_objectives/data/multi_rebar_coordinate_optimizer_summary.json,generated,missing pulse/noise artifacts,outputs/experiments/869_coordinate_optimizer_variable_depth_radius_seed89_target2_sources8_txrx60_ringdown050_objectives/figures/source_pulse_noise_context.png,outputs/experiments/869_coordinate_optimizer_variable_depth_radius_seed89_target2_sources8_txrx60_ringdown050_objectives/data/source_pulse_noise_context_summary.json,outputs/experiments/869_coordinate_optimizer_variable_depth_radius_seed89_target2_sources8_txrx60_ringdown050_objectives/figures/FIGURE_NOTES.md,2314,1379,6566,0.11264911441720887
868,outputs/experiments/868_coordinate_optimizer_variable_depth_radius_seed89_target2_sources7_txrx60_ringdown050_objectives,outputs/experiments/868_coordinate_optimizer_variable_depth_radius_seed89_target2_sources7_txrx60_ringdown050_objectives/data/multi_rebar_coordinate_optimizer_summary.json,generated,missing pulse/noise artifacts,outputs/experiments/868_coordinate_optimizer_variable_depth_radius_seed89_target2_sources7_txrx60_ringdown050_objectives/figures/source_pulse_noise_context.png,outputs/experiments/868_coordinate_optimizer_variable_depth_radius_seed89_target2_sources7_txrx60_ringdown050_objectives/data/source_pulse_noise_context_summary.json,outputs/experiments/868_coordinate_optimizer_variable_depth_radius_seed89_target2_sources7_txrx60_ringdown050_objectives/figures/FIGURE_NOTES.md,2314,1379,6566,0.11257891711892738
867,outputs/experiments/867_coordinate_optimizer_variable_depth_radius_seed34_target2_sources8_txrx60_ringdown050_objectives,outputs/experiments/867_coordinate_optimizer_variable_depth_radius_seed34_target2_sources8_txrx60_ringdown050_objectives/data/multi_rebar_coordinate_optimizer_summary.json,generated,missing pulse/noise artifacts,outputs/experiments/867_coordinate_optimizer_variable_depth_radius_seed34_target2_sources8_txrx60_ringdown050_objectives/figures/source_pulse_noise_context.png,outputs/experiments/867_coordinate_optimizer_variable_depth_radius_seed34_target2_sources8_txrx60_ringdown050_objectives/data/source_pulse_noise_context_summary.json,outputs/experiments/867_coordinate_optimizer_variable_depth_radius_seed34_target2_sources8_txrx60_ringdown050_objectives/figures/FIGURE_NOTES.md,2314,1379,6336,0.11526365039739819
866,outputs/experiments/866_coordinate_optimizer_variable_depth_radius_seed34_target2_sources7_txrx60_ringdown050_objectives,outputs/experiments/866_coordinate_optimizer_variable_depth_radius_seed34_target2_sources7_txrx60_ringdown050_objectives/data/multi_rebar_coordinate_optimizer_summary.json,generated,missing pulse/noise artifacts,outputs/experiments/866_coordinate_optimizer_variable_depth_radius_seed34_target2_sources7_txrx60_ringdown050_objectives/figures/source_pulse_noise_context.png,outputs/experiments/866_coordinate_optimizer_variable_depth_radius_seed34_target2_sources7_txrx60_ringdown050_objectives/data/source_pulse_noise_context_summary.json,outputs/experiments/866_coordinate_optimizer_variable_depth_radius_seed34_target2_sources7_txrx60_ringdown050_objectives/figures/FIGURE_NOTES.md,2314,1379,6336,0.11517371010897504
865,outputs/experiments/865_cross_seed_ringdown050_target_specific_policy_synthesis,,skipped,no compatible coordinate optimizer summary,,,,,,,
864,outputs/experiments/864_coordinate_optimizer_variable_depth_radius_seed21_target2_sources9_txrx60_ringdown049453125_objectives,outputs/experiments/864_coordinate_optimizer_variable_depth_radius_seed21_target2_sources9_txrx60_ringdown049453125_objectives/data/multi_rebar_coordinate_optimizer_summary.json,generated,missing pulse/noise artifacts,outputs/experiments/864_coordinate_optimizer_variable_depth_radius_seed21_target2_sources9_txrx60_ringdown049453125_objectives/figures/source_pulse_noise_context.png,outputs/experiments/864_coordinate_optimizer_variable_depth_radius_seed21_target2_sources9_txrx60_ringdown049453125_objectives/data/source_pulse_noise_context_summary.json,outputs/experiments/864_coordinate_optimizer_variable_depth_radius_seed21_target2_sources9_txrx60_ringdown049453125_objectives/figures/FIGURE_NOTES.md,2314,1379,6699,0.12018592255859124
863,outputs/experiments/863_seed34_ringdown050_target_specific_8_5_9_summary,,skipped,no compatible coordinate optimizer summary,,,,,,,
862,outputs/experiments/862_coordinate_optimizer_variable_depth_radius_seed34_target2_sources9_txrx60_ringdown050_objectives,outputs/experiments/862_coordinate_optimizer_variable_depth_radius_seed34_target2_sources9_txrx60_ringdown050_objectives/data/multi_rebar_coordinate_optimizer_summary.json,generated,missing pulse/noise artifacts,outputs/experiments/862_coordinate_optimizer_variable_depth_radius_seed34_target2_sources9_txrx60_ringdown050_objectives/figures/source_pulse_noise_context.png,outputs/experiments/862_coordinate_optimizer_variable_depth_radius_seed34_target2_sources9_txrx60_ringdown050_objectives/data/source_pulse_noise_context_summary.json,outputs/experiments/862_coordinate_optimizer_variable_depth_radius_seed34_target2_sources9_txrx60_ringdown050_objectives/figures/FIGURE_NOTES.md,2314,1379,6336,0.11517214320499554
861,outputs/experiments/861_coordinate_optimizer_variable_depth_radius_seed34_target2_sources5_txrx60_ringdown050_objectives,outputs/experiments/861_coordinate_optimizer_variable_depth_radius_seed34_target2_sources5_txrx60_ringdown050_objectives/data/multi_rebar_coordinate_optimizer_summary.json,generated,missing pulse/noise artifacts,outputs/experiments/861_coordinate_optimizer_variable_depth_radius_seed34_target2_sources5_txrx60_ringdown050_objectives/figures/source_pulse_noise_context.png,outputs/experiments/861_coordinate_optimizer_variable_depth_radius_seed34_target2_sources5_txrx60_ringdown050_objectives/data/source_pulse_noise_context_summary.json,outputs/experiments/861_coordinate_optimizer_variable_depth_radius_seed34_target2_sources5_txrx60_ringdown050_objectives/figures/FIGURE_NOTES.md,2314,1379,6336,0.11515522064201697
860,outputs/experiments/860_coordinate_optimizer_variable_depth_radius_seed34_target1_sources5_txrx60_ringdown050_objectives,outputs/experiments/860_coordinate_optimizer_variable_depth_radius_seed34_target1_sources5_txrx60_ringdown050_objectives/data/multi_rebar_coordinate_optimizer_summary.json,generated,missing pulse/noise artifacts,outputs/experiments/860_coordinate_optimizer_variable_depth_radius_seed34_target1_sources5_txrx60_ringdown050_objectives/figures/source_pulse_noise_context.png,outputs/experiments/860_coordinate_optimizer_variable_depth_radius_seed34_target1_sources5_txrx60_ringdown050_objectives/data/source_pulse_noise_context_summary.json,outputs/experiments/860_coordinate_optimizer_variable_depth_radius_seed34_target1_sources5_txrx60_ringdown050_objectives/figures/FIGURE_NOTES.md,2314,1379,6336,0.11514425231416049
859,outputs/experiments/859_coordinate_optimizer_variable_depth_radius_seed34_target0_sources8_txrx60_ringdown050_objectives,outputs/experiments/859_coordinate_optimizer_variable_depth_radius_seed34_target0_sources8_txrx60_ringdown050_objectives/data/multi_rebar_coordinate_optimizer_summary.json,generated,missing pulse/noise artifacts,outputs/experiments/859_coordinate_optimizer_variable_depth_radius_seed34_target0_sources8_txrx60_ringdown050_objectives/figures/source_pulse_noise_context.png,outputs/experiments/859_coordinate_optimizer_variable_depth_radius_seed34_target0_sources8_txrx60_ringdown050_objectives/data/source_pulse_noise_context_summary.json,outputs/experiments/859_coordinate_optimizer_variable_depth_radius_seed34_target0_sources8_txrx60_ringdown050_objectives/figures/FIGURE_NOTES.md,2314,1379,6336,0.11528746733788654
858,outputs/experiments/858_coordinate_optimizer_variable_depth_radius_seed21_target0_sources7_txrx60_ringdown050_objectives,outputs/experiments/858_coordinate_optimizer_variable_depth_radius_seed21_target0_sources7_txrx60_ringdown050_objectives/data/multi_rebar_coordinate_optimizer_summary.json,generated,missing pulse/noise artifacts,outputs/experiments/858_coordinate_optimizer_variable_depth_radius_seed21_target0_sources7_txrx60_ringdown050_objectives/figures/source_pulse_noise_context.png,outputs/experiments/858_coordinate_optimizer_variable_depth_radius_seed21_target0_sources7_txrx60_ringdown050_objectives/data/source_pulse_noise_context_summary.json,outputs/experiments/858_coordinate_optimizer_variable_depth_radius_seed21_target0_sources7_txrx60_ringdown050_objectives/figures/FIGURE_NOTES.md,2314,1379,6699,0.11957044267544467
857,outputs/experiments/857_seed21_target0_ringdown_threshold_summary,,skipped,no compatible coordinate optimizer summary,,,,,,,
856,outputs/experiments/856_coordinate_optimizer_variable_depth_radius_seed21_target0_sources8_txrx60_ringdown04947265625_objectives,outputs/experiments/856_coordinate_optimizer_variable_depth_radius_seed21_target0_sources8_txrx60_ringdown04947265625_objectives/data/multi_rebar_coordinate_optimizer_summary.json,generated,missing pulse/noise artifacts,outputs/experiments/856_coordinate_optimizer_variable_depth_radius_seed21_target0_sources8_txrx60_ringdown04947265625_objectives/figures/source_pulse_noise_context.png,outputs/experiments/856_coordinate_optimizer_variable_depth_radius_seed21_target0_sources8_txrx60_ringdown04947265625_objectives/data/source_pulse_noise_context_summary.json,outputs/experiments/856_coordinate_optimizer_variable_depth_radius_seed21_target0_sources8_txrx60_ringdown04947265625_objectives/figures/FIGURE_NOTES.md,2314,1379,6722,0.12047423289081875
855,outputs/experiments/855_coordinate_optimizer_variable_depth_radius_seed21_target0_sources8_txrx60_ringdown0494921875_objectives,outputs/experiments/855_coordinate_optimizer_variable_depth_radius_seed21_target0_sources8_txrx60_ringdown0494921875_objectives/data/multi_rebar_coordinate_optimizer_summary.json,generated,missing pulse/noise artifacts,outputs/experiments/855_coordinate_optimizer_variable_depth_radius_seed21_target0_sources8_txrx60_ringdown0494921875_objectives/figures/source_pulse_noise_context.png,outputs/experiments/855_coordinate_optimizer_variable_depth_radius_seed21_target0_sources8_txrx60_ringdown0494921875_objectives/data/source_pulse_noise_context_summary.json,outputs/experiments/855_coordinate_optimizer_variable_depth_radius_seed21_target0_sources8_txrx60_ringdown0494921875_objectives/figures/FIGURE_NOTES.md,2314,1379,6691,0.1203294509631132
854,outputs/experiments/854_coordinate_optimizer_variable_depth_radius_seed21_target0_sources8_txrx60_ringdown049453125_objectives,outputs/experiments/854_coordinate_optimizer_variable_depth_radius_seed21_target0_sources8_txrx60_ringdown049453125_objectives/data/multi_rebar_coordinate_optimizer_summary.json,generated,missing pulse/noise artifacts,outputs/experiments/854_coordinate_optimizer_variable_depth_radius_seed21_target0_sources8_txrx60_ringdown049453125_objectives/figures/source_pulse_noise_context.png,outputs/experiments/854_coordinate_optimizer_variable_depth_radius_seed21_target0_sources8_txrx60_ringdown049453125_objectives/data/source_pulse_noise_context_summary.json,outputs/experiments/854_coordinate_optimizer_variable_depth_radius_seed21_target0_sources8_txrx60_ringdown049453125_objectives/figures/FIGURE_NOTES.md,2314,1379,6699,0.12018247536983635
853,outputs/experiments/853_coordinate_optimizer_variable_depth_radius_seed21_target0_sources8_txrx60_ringdown04953125_objectives,outputs/experiments/853_coordinate_optimizer_variable_depth_radius_seed21_target0_sources8_txrx60_ringdown04953125_objectives/data/multi_rebar_coordinate_optimizer_summary.json,generated,missing pulse/noise artifacts,outputs/experiments/853_coordinate_optimizer_variable_depth_radius_seed21_target0_sources8_txrx60_ringdown04953125_objectives/figures/source_pulse_noise_context.png,outputs/experiments/853_coordinate_optimizer_variable_depth_radius_seed21_target0_sources8_txrx60_ringdown04953125_objectives/data/source_pulse_noise_context_summary.json,outputs/experiments/853_coordinate_optimizer_variable_depth_radius_seed21_target0_sources8_txrx60_ringdown04953125_objectives/figures/FIGURE_NOTES.md,2314,1379,6705,0.1200934752238009
852,outputs/experiments/852_coordinate_optimizer_variable_depth_radius_seed21_target0_sources8_txrx60_ringdown0496875_objectives,outputs/experiments/852_coordinate_optimizer_variable_depth_radius_seed21_target0_sources8_txrx60_ringdown0496875_objectives/data/multi_rebar_coordinate_optimizer_summary.json,generated,missing pulse/noise artifacts,outputs/experiments/852_coordinate_optimizer_variable_depth_radius_seed21_target0_sources8_txrx60_ringdown0496875_objectives/figures/source_pulse_noise_context.png,outputs/experiments/852_coordinate_optimizer_variable_depth_radius_seed21_target0_sources8_txrx60_ringdown0496875_objectives/data/source_pulse_noise_context_summary.json,outputs/experiments/852_coordinate_optimizer_variable_depth_radius_seed21_target0_sources8_txrx60_ringdown0496875_objectives/figures/FIGURE_NOTES.md,2314,1379,6688,0.12016868661481676
851,outputs/experiments/851_seed21_ringdown049375_target_specific_8_5_9_summary,,skipped,no compatible coordinate optimizer summary,,,,,,,
850,outputs/experiments/850_coordinate_optimizer_variable_depth_radius_seed21_target2_sources9_txrx60_ringdown049375_objectives,outputs/experiments/850_coordinate_optimizer_variable_depth_radius_seed21_target2_sources9_txrx60_ringdown049375_objectives/data/multi_rebar_coordinate_optimizer_summary.json,generated,missing pulse/noise artifacts,outputs/experiments/850_coordinate_optimizer_variable_depth_radius_seed21_target2_sources9_txrx60_ringdown049375_objectives/figures/source_pulse_noise_context.png,outputs/experiments/850_coordinate_optimizer_variable_depth_radius_seed21_target2_sources9_txrx60_ringdown049375_objectives/data/source_pulse_noise_context_summary.json,outputs/experiments/850_coordinate_optimizer_variable_depth_radius_seed21_target2_sources9_txrx60_ringdown049375_objectives/figures/FIGURE_NOTES.md,2314,1379,6701,0.11974656268274017
849,outputs/experiments/849_coordinate_optimizer_variable_depth_radius_seed21_target0_sources8_txrx60_ringdown049375_objectives,outputs/experiments/849_coordinate_optimizer_variable_depth_radius_seed21_target0_sources8_txrx60_ringdown049375_objectives/data/multi_rebar_coordinate_optimizer_summary.json,generated,missing pulse/noise artifacts,outputs/experiments/849_coordinate_optimizer_variable_depth_radius_seed21_target0_sources8_txrx60_ringdown049375_objectives/figures/source_pulse_noise_context.png,outputs/experiments/849_coordinate_optimizer_variable_depth_radius_seed21_target0_sources8_txrx60_ringdown049375_objectives/data/source_pulse_noise_context_summary.json,outputs/experiments/849_coordinate_optimizer_variable_depth_radius_seed21_target0_sources8_txrx60_ringdown049375_objectives/figures/FIGURE_NOTES.md,2314,1379,6701,0.11982271421614375
848,outputs/experiments/848_coordinate_optimizer_variable_depth_radius_seed21_target0_sources8_txrx60_ringdown0475_objectives,outputs/experiments/848_coordinate_optimizer_variable_depth_radius_seed21_target0_sources8_txrx60_ringdown0475_objectives/data/multi_rebar_coordinate_optimizer_summary.json,generated,missing pulse/noise artifacts,outputs/experiments/848_coordinate_optimizer_variable_depth_radius_seed21_target0_sources8_txrx60_ringdown0475_objectives/figures/source_pulse_noise_context.png,outputs/experiments/848_coordinate_optimizer_variable_depth_radius_seed21_target0_sources8_txrx60_ringdown0475_objectives/data/source_pulse_noise_context_summary.json,outputs/experiments/848_coordinate_optimizer_variable_depth_radius_seed21_target0_sources8_txrx60_ringdown0475_objectives/figures/FIGURE_NOTES.md,2314,1379,6649,0.11960554132458541
847,outputs/experiments/847_coordinate_optimizer_variable_depth_radius_seed21_target0_sources9_txrx60_ringdown050_objectives,outputs/experiments/847_coordinate_optimizer_variable_depth_radius_seed21_target0_sources9_txrx60_ringdown050_objectives/data/multi_rebar_coordinate_optimizer_summary.json,generated,missing pulse/noise artifacts,outputs/experiments/847_coordinate_optimizer_variable_depth_radius_seed21_target0_sources9_txrx60_ringdown050_objectives/figures/source_pulse_noise_context.png,outputs/experiments/847_coordinate_optimizer_variable_depth_radius_seed21_target0_sources9_txrx60_ringdown050_objectives/data/source_pulse_noise_context_summary.json,outputs/experiments/847_coordinate_optimizer_variable_depth_radius_seed21_target0_sources9_txrx60_ringdown050_objectives/figures/FIGURE_NOTES.md,2314,1379,6699,0.1195575940628128
846,outputs/experiments/846_coordinate_optimizer_variable_depth_radius_seed21_target0_sources8_txrx60_ringdown050_objectives,outputs/experiments/846_coordinate_optimizer_variable_depth_radius_seed21_target0_sources8_txrx60_ringdown050_objectives/data/multi_rebar_coordinate_optimizer_summary.json,generated,missing pulse/noise artifacts,outputs/experiments/846_coordinate_optimizer_variable_depth_radius_seed21_target0_sources8_txrx60_ringdown050_objectives/figures/source_pulse_noise_context.png,outputs/experiments/846_coordinate_optimizer_variable_depth_radius_seed21_target0_sources8_txrx60_ringdown050_objectives/data/source_pulse_noise_context_summary.json,outputs/experiments/846_coordinate_optimizer_variable_depth_radius_seed21_target0_sources8_txrx60_ringdown050_objectives/figures/FIGURE_NOTES.md,2314,1379,6699,0.11959363285434123
845,outputs/experiments/845_seed89_ringdown050_target_specific_8_5_9_summary,,skipped,no compatible coordinate optimizer summary,,,,,,,
844,outputs/experiments/844_coordinate_optimizer_variable_depth_radius_seed89_target2_sources9_txrx60_ringdown050_objectives,outputs/experiments/844_coordinate_optimizer_variable_depth_radius_seed89_target2_sources9_txrx60_ringdown050_objectives/data/multi_rebar_coordinate_optimizer_summary.json,generated,missing pulse/noise artifacts,outputs/experiments/844_coordinate_optimizer_variable_depth_radius_seed89_target2_sources9_txrx60_ringdown050_objectives/figures/source_pulse_noise_context.png,outputs/experiments/844_coordinate_optimizer_variable_depth_radius_seed89_target2_sources9_txrx60_ringdown050_objectives/data/source_pulse_noise_context_summary.json,outputs/experiments/844_coordinate_optimizer_variable_depth_radius_seed89_target2_sources9_txrx60_ringdown050_objectives/figures/FIGURE_NOTES.md,2314,1379,6566,0.11254099804262355
843,outputs/experiments/843_coordinate_optimizer_variable_depth_radius_seed89_target2_sources5_txrx60_ringdown050_objectives,outputs/experiments/843_coordinate_optimizer_variable_depth_radius_seed89_target2_sources5_txrx60_ringdown050_objectives/data/multi_rebar_coordinate_optimizer_summary.json,generated,missing pulse/noise artifacts,outputs/experiments/843_coordinate_optimizer_variable_depth_radius_seed89_target2_sources5_txrx60_ringdown050_objectives/figures/source_pulse_noise_context.png,outputs/experiments/843_coordinate_optimizer_variable_depth_radius_seed89_target2_sources5_txrx60_ringdown050_objectives/data/source_pulse_noise_context_summary.json,outputs/experiments/843_coordinate_optimizer_variable_depth_radius_seed89_target2_sources5_txrx60_ringdown050_objectives/figures/FIGURE_NOTES.md,2314,1379,6566,0.11256356145992831
842,outputs/experiments/842_coordinate_optimizer_variable_depth_radius_seed89_target0_sources8_txrx60_ringdown050_objectives,outputs/experiments/842_coordinate_optimizer_variable_depth_radius_seed89_target0_sources8_txrx60_ringdown050_objectives/data/multi_rebar_coordinate_optimizer_summary.json,generated,missing pulse/noise artifacts,outputs/experiments/842_coordinate_optimizer_variable_depth_radius_seed89_target0_sources8_txrx60_ringdown050_objectives/figures/source_pulse_noise_context.png,outputs/experiments/842_coordinate_optimizer_variable_depth_radius_seed89_target0_sources8_txrx60_ringdown050_objectives/data/source_pulse_noise_context_summary.json,outputs/experiments/842_coordinate_optimizer_variable_depth_radius_seed89_target0_sources8_txrx60_ringdown050_objectives/figures/FIGURE_NOTES.md,2314,1379,6566,0.11264441370527037
841,outputs/experiments/841_seed13_ringdown050_target_specific_8_5_5_summary,,skipped,no compatible coordinate optimizer summary,,,,,,,
840,outputs/experiments/840_coordinate_optimizer_variable_depth_radius_seed13_target0_sources8_txrx60_ringdown050_objectives,outputs/experiments/840_coordinate_optimizer_variable_depth_radius_seed13_target0_sources8_txrx60_ringdown050_objectives/data/multi_rebar_coordinate_optimizer_summary.json,generated,missing pulse/noise artifacts,outputs/experiments/840_coordinate_optimizer_variable_depth_radius_seed13_target0_sources8_txrx60_ringdown050_objectives/figures/source_pulse_noise_context.png,outputs/experiments/840_coordinate_optimizer_variable_depth_radius_seed13_target0_sources8_txrx60_ringdown050_objectives/data/source_pulse_noise_context_summary.json,outputs/experiments/840_coordinate_optimizer_variable_depth_radius_seed13_target0_sources8_txrx60_ringdown050_objectives/figures/FIGURE_NOTES.md,2314,1379,6590,0.11736392849151647
839,outputs/experiments/839_coordinate_optimizer_variable_depth_radius_seed13_target0_sources5_txrx60_ringdown050_objectives,outputs/experiments/839_coordinate_optimizer_variable_depth_radius_seed13_target0_sources5_txrx60_ringdown050_objectives/data/multi_rebar_coordinate_optimizer_summary.json,generated,missing pulse/noise artifacts,outputs/experiments/839_coordinate_optimizer_variable_depth_radius_seed13_target0_sources5_txrx60_ringdown050_objectives/figures/source_pulse_noise_context.png,outputs/experiments/839_coordinate_optimizer_variable_depth_radius_seed13_target0_sources5_txrx60_ringdown050_objectives/data/source_pulse_noise_context_summary.json,outputs/experiments/839_coordinate_optimizer_variable_depth_radius_seed13_target0_sources5_txrx60_ringdown050_objectives/figures/FIGURE_NOTES.md,2314,1379,6590,0.1172263543221166
838,outputs/experiments/838_coordinate_optimizer_variable_depth_radius_seed13_target2_sources5_txrx60_ringdown050_objectives,outputs/experiments/838_coordinate_optimizer_variable_depth_radius_seed13_target2_sources5_txrx60_ringdown050_objectives/data/multi_rebar_coordinate_optimizer_summary.json,generated,missing pulse/noise artifacts,outputs/experiments/838_coordinate_optimizer_variable_depth_radius_seed13_target2_sources5_txrx60_ringdown050_objectives/figures/source_pulse_noise_context.png,outputs/experiments/838_coordinate_optimizer_variable_depth_radius_seed13_target2_sources5_txrx60_ringdown050_objectives/data/source_pulse_noise_context_summary.json,outputs/experiments/838_coordinate_optimizer_variable_depth_radius_seed13_target2_sources5_txrx60_ringdown050_objectives/figures/FIGURE_NOTES.md,2314,1379,6590,0.11720379090481184
837,outputs/experiments/837_three_seed_target1_5source_ringdown050_transfer_summary,,skipped,no compatible coordinate optimizer summary,,,,,,,
836,outputs/experiments/836_coordinate_optimizer_variable_depth_radius_seed21_target1_sources5_txrx60_ringdown050_objectives,outputs/experiments/836_coordinate_optimizer_variable_depth_radius_seed21_target1_sources5_txrx60_ringdown050_objectives/data/multi_rebar_coordinate_optimizer_summary.json,generated,missing pulse/noise artifacts,outputs/experiments/836_coordinate_optimizer_variable_depth_radius_seed21_target1_sources5_txrx60_ringdown050_objectives/figures/source_pulse_noise_context.png,outputs/experiments/836_coordinate_optimizer_variable_depth_radius_seed21_target1_sources5_txrx60_ringdown050_objectives/data/source_pulse_noise_context_summary.json,outputs/experiments/836_coordinate_optimizer_variable_depth_radius_seed21_target1_sources5_txrx60_ringdown050_objectives/figures/FIGURE_NOTES.md,2314,1379,6699,0.11948018900622562
835,outputs/experiments/835_coordinate_optimizer_variable_depth_radius_seed89_target1_sources5_txrx60_ringdown050_objectives,outputs/experiments/835_coordinate_optimizer_variable_depth_radius_seed89_target1_sources5_txrx60_ringdown050_objectives/data/multi_rebar_coordinate_optimizer_summary.json,generated,missing pulse/noise artifacts,outputs/experiments/835_coordinate_optimizer_variable_depth_radius_seed89_target1_sources5_txrx60_ringdown050_objectives/figures/source_pulse_noise_context.png,outputs/experiments/835_coordinate_optimizer_variable_depth_radius_seed89_target1_sources5_txrx60_ringdown050_objectives/data/source_pulse_noise_context_summary.json,outputs/experiments/835_coordinate_optimizer_variable_depth_radius_seed89_target1_sources5_txrx60_ringdown050_objectives/figures/FIGURE_NOTES.md,2314,1379,6566,0.11254569875456204
834,outputs/experiments/834_coordinate_optimizer_variable_depth_radius_seed13_target1_sources5_txrx60_ringdown050_objectives,outputs/experiments/834_coordinate_optimizer_variable_depth_radius_seed13_target1_sources5_txrx60_ringdown050_objectives/data/multi_rebar_coordinate_optimizer_summary.json,generated,missing pulse/noise artifacts,outputs/experiments/834_coordinate_optimizer_variable_depth_radius_seed13_target1_sources5_txrx60_ringdown050_objectives/figures/source_pulse_noise_context.png,outputs/experiments/834_coordinate_optimizer_variable_depth_radius_seed13_target1_sources5_txrx60_ringdown050_objectives/data/source_pulse_noise_context_summary.json,outputs/experiments/834_coordinate_optimizer_variable_depth_radius_seed13_target1_sources5_txrx60_ringdown050_objectives/figures/FIGURE_NOTES.md,2314,1379,6590,0.11719282257695536
833,outputs/experiments/833_seed13_target1_5source_acquisition_boundary_summary,,skipped,no compatible coordinate optimizer summary,,,,,,,
832,outputs/experiments/832_coordinate_optimizer_variable_depth_radius_seed13_target1_sources5_txrx60_ringdown0475_objectives,outputs/experiments/832_coordinate_optimizer_variable_depth_radius_seed13_target1_sources5_txrx60_ringdown0475_objectives/data/multi_rebar_coordinate_optimizer_summary.json,generated,missing pulse/noise artifacts,outputs/experiments/832_coordinate_optimizer_variable_depth_radius_seed13_target1_sources5_txrx60_ringdown0475_objectives/figures/source_pulse_noise_context.png,outputs/experiments/832_coordinate_optimizer_variable_depth_radius_seed13_target1_sources5_txrx60_ringdown0475_objectives/data/source_pulse_noise_context_summary.json,outputs/experiments/832_coordinate_optimizer_variable_depth_radius_seed13_target1_sources5_txrx60_ringdown0475_objectives/figures/FIGURE_NOTES.md,2314,1379,6539,0.11730877347143816
831,outputs/experiments/831_coordinate_optimizer_variable_depth_radius_seed13_target1_sources5_txrx60_ringdown046875_objectives,outputs/experiments/831_coordinate_optimizer_variable_depth_radius_seed13_target1_sources5_txrx60_ringdown046875_objectives/data/multi_rebar_coordinate_optimizer_summary.json,generated,missing pulse/noise artifacts,outputs/experiments/831_coordinate_optimizer_variable_depth_radius_seed13_target1_sources5_txrx60_ringdown046875_objectives/figures/source_pulse_noise_context.png,outputs/experiments/831_coordinate_optimizer_variable_depth_radius_seed13_target1_sources5_txrx60_ringdown046875_objectives/data/source_pulse_noise_context_summary.json,outputs/experiments/831_coordinate_optimizer_variable_depth_radius_seed13_target1_sources5_txrx60_ringdown046875_objectives/figures/FIGURE_NOTES.md,2314,1379,6563,0.1173419918358035
830,outputs/experiments/830_coordinate_optimizer_variable_depth_radius_seed13_target1_sources5_txrx60_ringdown04625_objectives,outputs/experiments/830_coordinate_optimizer_variable_depth_radius_seed13_target1_sources5_txrx60_ringdown04625_objectives/data/multi_rebar_coordinate_optimizer_summary.json,generated,missing pulse/noise artifacts,outputs/experiments/830_coordinate_optimizer_variable_depth_radius_seed13_target1_sources5_txrx60_ringdown04625_objectives/figures/source_pulse_noise_context.png,outputs/experiments/830_coordinate_optimizer_variable_depth_radius_seed13_target1_sources5_txrx60_ringdown04625_objectives/data/source_pulse_noise_context_summary.json,outputs/experiments/830_coordinate_optimizer_variable_depth_radius_seed13_target1_sources5_txrx60_ringdown04625_objectives/figures/FIGURE_NOTES.md,2314,1379,6558,0.11717809367954808
829,outputs/experiments/829_coordinate_optimizer_variable_depth_radius_seed13_target1_sources5_txrx60_ringdown0459375_objectives,outputs/experiments/829_coordinate_optimizer_variable_depth_radius_seed13_target1_sources5_txrx60_ringdown0459375_objectives/data/multi_rebar_coordinate_optimizer_summary.json,generated,missing pulse/noise artifacts,outputs/experiments/829_coordinate_optimizer_variable_depth_radius_seed13_target1_sources5_txrx60_ringdown0459375_objectives/figures/source_pulse_noise_context.png,outputs/experiments/829_coordinate_optimizer_variable_depth_radius_seed13_target1_sources5_txrx60_ringdown0459375_objectives/data/source_pulse_noise_context_summary.json,outputs/experiments/829_coordinate_optimizer_variable_depth_radius_seed13_target1_sources5_txrx60_ringdown0459375_objectives/figures/FIGURE_NOTES.md,2314,1379,6513,0.11758956266456409
828,outputs/experiments/828_three_seed_alltargets_ringdown0459375_transfer_summary,,skipped,no compatible coordinate optimizer summary,,,,,,,
827,outputs/experiments/827_seed21_alltargets_ringdown0459375_transfer_summary,,skipped,no compatible coordinate optimizer summary,,,,,,,
826,outputs/experiments/826_coordinate_optimizer_variable_depth_radius_seed21_target0_sources8_txrx60_ringdown0459375_objectives,outputs/experiments/826_coordinate_optimizer_variable_depth_radius_seed21_target0_sources8_txrx60_ringdown0459375_objectives/data/multi_rebar_coordinate_optimizer_summary.json,generated,missing pulse/noise artifacts,outputs/experiments/826_coordinate_optimizer_variable_depth_radius_seed21_target0_sources8_txrx60_ringdown0459375_objectives/figures/source_pulse_noise_context.png,outputs/experiments/826_coordinate_optimizer_variable_depth_radius_seed21_target0_sources8_txrx60_ringdown0459375_objectives/data/source_pulse_noise_context_summary.json,outputs/experiments/826_coordinate_optimizer_variable_depth_radius_seed21_target0_sources8_txrx60_ringdown0459375_objectives/figures/FIGURE_NOTES.md,2314,1379,6628,0.11990325308068991
825,outputs/experiments/825_coordinate_optimizer_variable_depth_radius_seed21_target2_sources9_txrx60_ringdown0459375_objectives,outputs/experiments/825_coordinate_optimizer_variable_depth_radius_seed21_target2_sources9_txrx60_ringdown0459375_objectives/data/multi_rebar_coordinate_optimizer_summary.json,generated,missing pulse/noise artifacts,outputs/experiments/825_coordinate_optimizer_variable_depth_radius_seed21_target2_sources9_txrx60_ringdown0459375_objectives/figures/source_pulse_noise_context.png,outputs/experiments/825_coordinate_optimizer_variable_depth_radius_seed21_target2_sources9_txrx60_ringdown0459375_objectives/data/source_pulse_noise_context_summary.json,outputs/experiments/825_coordinate_optimizer_variable_depth_radius_seed21_target2_sources9_txrx60_ringdown0459375_objectives/figures/FIGURE_NOTES.md,2314,1379,6628,0.1199151615509341
824,outputs/experiments/824_seed89_alltargets_ringdown0459375_transfer_summary,,skipped,no compatible coordinate optimizer summary,,,,,,,
823,outputs/experiments/823_coordinate_optimizer_variable_depth_radius_seed89_target0_sources8_txrx60_ringdown0459375_objectives,outputs/experiments/823_coordinate_optimizer_variable_depth_radius_seed89_target0_sources8_txrx60_ringdown0459375_objectives/data/multi_rebar_coordinate_optimizer_summary.json,generated,missing pulse/noise artifacts,outputs/experiments/823_coordinate_optimizer_variable_depth_radius_seed89_target0_sources8_txrx60_ringdown0459375_objectives/figures/source_pulse_noise_context.png,outputs/experiments/823_coordinate_optimizer_variable_depth_radius_seed89_target0_sources8_txrx60_ringdown0459375_objectives/data/source_pulse_noise_context_summary.json,outputs/experiments/823_coordinate_optimizer_variable_depth_radius_seed89_target0_sources8_txrx60_ringdown0459375_objectives/figures/FIGURE_NOTES.md,2314,1379,6448,0.11285500560011483
822,outputs/experiments/822_coordinate_optimizer_variable_depth_radius_seed89_target2_sources9_txrx60_ringdown0459375_objectives,outputs/experiments/822_coordinate_optimizer_variable_depth_radius_seed89_target2_sources9_txrx60_ringdown0459375_objectives/data/multi_rebar_coordinate_optimizer_summary.json,generated,missing pulse/noise artifacts,outputs/experiments/822_coordinate_optimizer_variable_depth_radius_seed89_target2_sources9_txrx60_ringdown0459375_objectives/figures/source_pulse_noise_context.png,outputs/experiments/822_coordinate_optimizer_variable_depth_radius_seed89_target2_sources9_txrx60_ringdown0459375_objectives/data/source_pulse_noise_context_summary.json,outputs/experiments/822_coordinate_optimizer_variable_depth_radius_seed89_target2_sources9_txrx60_ringdown0459375_objectives/figures/FIGURE_NOTES.md,2314,1379,6448,0.11288791058368426
821,outputs/experiments/821_target1_three_seed_ringdown0459375_transfer_summary,,skipped,no compatible coordinate optimizer summary,,,,,,,
820,outputs/experiments/820_coordinate_optimizer_variable_depth_radius_seed21_target1_sources9_txrx60_ringdown0459375_objectives,outputs/experiments/820_coordinate_optimizer_variable_depth_radius_seed21_target1_sources9_txrx60_ringdown0459375_objectives/data/multi_rebar_coordinate_optimizer_summary.json,generated,missing pulse/noise artifacts,outputs/experiments/820_coordinate_optimizer_variable_depth_radius_seed21_target1_sources9_txrx60_ringdown0459375_objectives/figures/source_pulse_noise_context.png,outputs/experiments/820_coordinate_optimizer_variable_depth_radius_seed21_target1_sources9_txrx60_ringdown0459375_objectives/data/source_pulse_noise_context_summary.json,outputs/experiments/820_coordinate_optimizer_variable_depth_radius_seed21_target1_sources9_txrx60_ringdown0459375_objectives/figures/FIGURE_NOTES.md,2314,1379,6628,0.11990419322307762
819,outputs/experiments/819_coordinate_optimizer_variable_depth_radius_seed89_target1_sources9_txrx60_ringdown0459375_objectives,outputs/experiments/819_coordinate_optimizer_variable_depth_radius_seed89_target1_sources9_txrx60_ringdown0459375_objectives/data/multi_rebar_coordinate_optimizer_summary.json,generated,missing pulse/noise artifacts,outputs/experiments/819_coordinate_optimizer_variable_depth_radius_seed89_target1_sources9_txrx60_ringdown0459375_objectives/figures/source_pulse_noise_context.png,outputs/experiments/819_coordinate_optimizer_variable_depth_radius_seed89_target1_sources9_txrx60_ringdown0459375_objectives/data/source_pulse_noise_context_summary.json,outputs/experiments/819_coordinate_optimizer_variable_depth_radius_seed89_target1_sources9_txrx60_ringdown0459375_objectives/figures/FIGURE_NOTES.md,2314,1379,6448,0.112870047878318
818,outputs/experiments/818_seed13_alltargets_ringdown0459375_policy_summary,,skipped,no compatible coordinate optimizer summary,,,,,,,
817,outputs/experiments/817_coordinate_optimizer_variable_depth_radius_seed13_target0_sources8_txrx60_ringdown0459375_objectives,outputs/experiments/817_coordinate_optimizer_variable_depth_radius_seed13_target0_sources8_txrx60_ringdown0459375_objectives/data/multi_rebar_coordinate_optimizer_summary.json,generated,missing pulse/noise artifacts,outputs/experiments/817_coordinate_optimizer_variable_depth_radius_seed13_target0_sources8_txrx60_ringdown0459375_objectives/figures/source_pulse_noise_context.png,outputs/experiments/817_coordinate_optimizer_variable_depth_radius_seed13_target0_sources8_txrx60_ringdown0459375_objectives/data/source_pulse_noise_context_summary.json,outputs/experiments/817_coordinate_optimizer_variable_depth_radius_seed13_target0_sources8_txrx60_ringdown0459375_objectives/figures/FIGURE_NOTES.md,2314,1379,6513,0.11763124231041872
816,outputs/experiments/816_coordinate_optimizer_variable_depth_radius_seed13_target2_sources9_txrx60_ringdown0459375_objectives,outputs/experiments/816_coordinate_optimizer_variable_depth_radius_seed13_target2_sources9_txrx60_ringdown0459375_objectives/data/multi_rebar_coordinate_optimizer_summary.json,generated,missing pulse/noise artifacts,outputs/experiments/816_coordinate_optimizer_variable_depth_radius_seed13_target2_sources9_txrx60_ringdown0459375_objectives/figures/source_pulse_noise_context.png,outputs/experiments/816_coordinate_optimizer_variable_depth_radius_seed13_target2_sources9_txrx60_ringdown0459375_objectives/data/source_pulse_noise_context_summary.json,outputs/experiments/816_coordinate_optimizer_variable_depth_radius_seed13_target2_sources9_txrx60_ringdown0459375_objectives/figures/FIGURE_NOTES.md,2314,1379,6513,0.11765474587011118
815,outputs/experiments/815_stronger_ringdown_seed13_target1_threshold_summary,,skipped,no compatible coordinate optimizer summary,,,,,,,
814,outputs/experiments/814_coordinate_optimizer_variable_depth_radius_seed13_target1_sources9_txrx60_ringdown0459375_objectives,outputs/experiments/814_coordinate_optimizer_variable_depth_radius_seed13_target1_sources9_txrx60_ringdown0459375_objectives/data/multi_rebar_coordinate_optimizer_summary.json,generated,missing pulse/noise artifacts,outputs/experiments/814_coordinate_optimizer_variable_depth_radius_seed13_target1_sources9_txrx60_ringdown0459375_objectives/figures/source_pulse_noise_context.png,outputs/experiments/814_coordinate_optimizer_variable_depth_radius_seed13_target1_sources9_txrx60_ringdown0459375_objectives/data/source_pulse_noise_context_summary.json,outputs/experiments/814_coordinate_optimizer_variable_depth_radius_seed13_target1_sources9_txrx60_ringdown0459375_objectives/figures/FIGURE_NOTES.md,2314,1379,6513,0.1176437775422547
813,outputs/experiments/813_coordinate_optimizer_variable_depth_radius_seed13_target1_sources9_txrx60_ringdown045625_objectives,outputs/experiments/813_coordinate_optimizer_variable_depth_radius_seed13_target1_sources9_txrx60_ringdown045625_objectives/data/multi_rebar_coordinate_optimizer_summary.json,generated,missing pulse/noise artifacts,outputs/experiments/813_coordinate_optimizer_variable_depth_radius_seed13_target1_sources9_txrx60_ringdown045625_objectives/figures/source_pulse_noise_context.png,outputs/experiments/813_coordinate_optimizer_variable_depth_radius_seed13_target1_sources9_txrx60_ringdown045625_objectives/data/source_pulse_noise_context_summary.json,outputs/experiments/813_coordinate_optimizer_variable_depth_radius_seed13_target1_sources9_txrx60_ringdown045625_objectives/figures/FIGURE_NOTES.md,2314,1379,6584,0.11752688650538419
812,outputs/experiments/812_coordinate_optimizer_variable_depth_radius_seed13_target1_sources9_txrx60_ringdown04625_objectives,outputs/experiments/812_coordinate_optimizer_variable_depth_radius_seed13_target1_sources9_txrx60_ringdown04625_objectives/data/multi_rebar_coordinate_optimizer_summary.json,generated,missing pulse/noise artifacts,outputs/experiments/812_coordinate_optimizer_variable_depth_radius_seed13_target1_sources9_txrx60_ringdown04625_objectives/figures/source_pulse_noise_context.png,outputs/experiments/812_coordinate_optimizer_variable_depth_radius_seed13_target1_sources9_txrx60_ringdown04625_objectives/data/source_pulse_noise_context_summary.json,outputs/experiments/812_coordinate_optimizer_variable_depth_radius_seed13_target1_sources9_txrx60_ringdown04625_objectives/figures/FIGURE_NOTES.md,2314,1379,6558,0.11721851980221912
811,outputs/experiments/811_coordinate_optimizer_variable_depth_radius_seed13_target1_sources9_txrx60_ringdown0475_objectives,outputs/experiments/811_coordinate_optimizer_variable_depth_radius_seed13_target1_sources9_txrx60_ringdown0475_objectives/data/multi_rebar_coordinate_optimizer_summary.json,generated,missing pulse/noise artifacts,outputs/experiments/811_coordinate_optimizer_variable_depth_radius_seed13_target1_sources9_txrx60_ringdown0475_objectives/figures/source_pulse_noise_context.png,outputs/experiments/811_coordinate_optimizer_variable_depth_radius_seed13_target1_sources9_txrx60_ringdown0475_objectives/data/source_pulse_noise_context_summary.json,outputs/experiments/811_coordinate_optimizer_variable_depth_radius_seed13_target1_sources9_txrx60_ringdown0475_objectives/figures/FIGURE_NOTES.md,2314,1379,6539,0.11732130870327415
810,outputs/experiments/810_coordinate_optimizer_variable_depth_radius_seed13_target1_sources9_txrx60_ringdown050_objectives,outputs/experiments/810_coordinate_optimizer_variable_depth_radius_seed13_target1_sources9_txrx60_ringdown050_objectives/data/multi_rebar_coordinate_optimizer_summary.json,generated,missing pulse/noise artifacts,outputs/experiments/810_coordinate_optimizer_variable_depth_radius_seed13_target1_sources9_txrx60_ringdown050_objectives/figures/source_pulse_noise_context.png,outputs/experiments/810_coordinate_optimizer_variable_depth_radius_seed13_target1_sources9_txrx60_ringdown050_objectives/data/source_pulse_noise_context_summary.json,outputs/experiments/810_coordinate_optimizer_variable_depth_radius_seed13_target1_sources9_txrx60_ringdown050_objectives/figures/FIGURE_NOTES.md,2314,1379,6590,0.11723888955395258
809,outputs/experiments/809_coordinate_optimizer_variable_depth_radius_seed13_target1_sources9_txrx60_ringdown045_objectives,outputs/experiments/809_coordinate_optimizer_variable_depth_radius_seed13_target1_sources9_txrx60_ringdown045_objectives/data/multi_rebar_coordinate_optimizer_summary.json,generated,missing pulse/noise artifacts,outputs/experiments/809_coordinate_optimizer_variable_depth_radius_seed13_target1_sources9_txrx60_ringdown045_objectives/figures/source_pulse_noise_context.png,outputs/experiments/809_coordinate_optimizer_variable_depth_radius_seed13_target1_sources9_txrx60_ringdown045_objectives/data/source_pulse_noise_context_summary.json,outputs/experiments/809_coordinate_optimizer_variable_depth_radius_seed13_target1_sources9_txrx60_ringdown045_objectives/figures/FIGURE_NOTES.md,2314,1379,6572,0.11688508263538207
808,outputs/experiments/808_three_seed_target_specific_txrx60_ringdown035_policy_summary,,skipped,no compatible coordinate optimizer summary,,,,,,,
807,outputs/experiments/807_coordinate_optimizer_variable_depth_radius_seed13_target2_sources9_txrx60_ringdown035_objectives,outputs/experiments/807_coordinate_optimizer_variable_depth_radius_seed13_target2_sources9_txrx60_ringdown035_objectives/data/multi_rebar_coordinate_optimizer_summary.json,generated,missing pulse/noise artifacts,outputs/experiments/807_coordinate_optimizer_variable_depth_radius_seed13_target2_sources9_txrx60_ringdown035_objectives/figures/source_pulse_noise_context.png,outputs/experiments/807_coordinate_optimizer_variable_depth_radius_seed13_target2_sources9_txrx60_ringdown035_objectives/data/source_pulse_noise_context_summary.json,outputs/experiments/807_coordinate_optimizer_variable_depth_radius_seed13_target2_sources9_txrx60_ringdown035_objectives/figures/FIGURE_NOTES.md,2314,1379,6452,0.11654193066387214
806,outputs/experiments/806_coordinate_optimizer_variable_depth_radius_seed13_target1_sources9_txrx60_ringdown035_objectives,outputs/experiments/806_coordinate_optimizer_variable_depth_radius_seed13_target1_sources9_txrx60_ringdown035_objectives/data/multi_rebar_coordinate_optimizer_summary.json,generated,missing pulse/noise artifacts,outputs/experiments/806_coordinate_optimizer_variable_depth_radius_seed13_target1_sources9_txrx60_ringdown035_objectives/figures/source_pulse_noise_context.png,outputs/experiments/806_coordinate_optimizer_variable_depth_radius_seed13_target1_sources9_txrx60_ringdown035_objectives/data/source_pulse_noise_context_summary.json,outputs/experiments/806_coordinate_optimizer_variable_depth_radius_seed13_target1_sources9_txrx60_ringdown035_objectives/figures/FIGURE_NOTES.md,2314,1379,6452,0.11653096233601566
805,outputs/experiments/805_coordinate_optimizer_variable_depth_radius_seed13_target0_sources8_txrx60_ringdown035_objectives,outputs/experiments/805_coordinate_optimizer_variable_depth_radius_seed13_target0_sources8_txrx60_ringdown035_objectives/data/multi_rebar_coordinate_optimizer_summary.json,generated,missing pulse/noise artifacts,outputs/experiments/805_coordinate_optimizer_variable_depth_radius_seed13_target0_sources8_txrx60_ringdown035_objectives/figures/source_pulse_noise_context.png,outputs/experiments/805_coordinate_optimizer_variable_depth_radius_seed13_target0_sources8_txrx60_ringdown035_objectives/data/source_pulse_noise_context_summary.json,outputs/experiments/805_coordinate_optimizer_variable_depth_radius_seed13_target0_sources8_txrx60_ringdown035_objectives/figures/FIGURE_NOTES.md,2314,1379,6452,0.11659426525678736
804,outputs/experiments/804_coordinate_optimizer_variable_depth_radius_seed21_target2_sources9_txrx60_ringdown035_objectives,outputs/experiments/804_coordinate_optimizer_variable_depth_radius_seed21_target2_sources9_txrx60_ringdown035_objectives/data/multi_rebar_coordinate_optimizer_summary.json,generated,missing pulse/noise artifacts,outputs/experiments/804_coordinate_optimizer_variable_depth_radius_seed21_target2_sources9_txrx60_ringdown035_objectives/figures/source_pulse_noise_context.png,outputs/experiments/804_coordinate_optimizer_variable_depth_radius_seed21_target2_sources9_txrx60_ringdown035_objectives/data/source_pulse_noise_context_summary.json,outputs/experiments/804_coordinate_optimizer_variable_depth_radius_seed21_target2_sources9_txrx60_ringdown035_objectives/figures/FIGURE_NOTES.md,2314,1379,6571,0.11891453666962708
803,outputs/experiments/803_coordinate_optimizer_variable_depth_radius_seed21_target1_sources9_txrx60_ringdown035_objectives,outputs/experiments/803_coordinate_optimizer_variable_depth_radius_seed21_target1_sources9_txrx60_ringdown035_objectives/data/multi_rebar_coordinate_optimizer_summary.json,generated,missing pulse/noise artifacts,outputs/experiments/803_coordinate_optimizer_variable_depth_radius_seed21_target1_sources9_txrx60_ringdown035_objectives/figures/source_pulse_noise_context.png,outputs/experiments/803_coordinate_optimizer_variable_depth_radius_seed21_target1_sources9_txrx60_ringdown035_objectives/data/source_pulse_noise_context_summary.json,outputs/experiments/803_coordinate_optimizer_variable_depth_radius_seed21_target1_sources9_txrx60_ringdown035_objectives/figures/FIGURE_NOTES.md,2314,1379,6571,0.11890356834177059
802,outputs/experiments/802_coordinate_optimizer_variable_depth_radius_seed21_target0_sources8_txrx60_ringdown035_objectives,outputs/experiments/802_coordinate_optimizer_variable_depth_radius_seed21_target0_sources8_txrx60_ringdown035_objectives/data/multi_rebar_coordinate_optimizer_summary.json,generated,missing pulse/noise artifacts,outputs/experiments/802_coordinate_optimizer_variable_depth_radius_seed21_target0_sources8_txrx60_ringdown035_objectives/figures/source_pulse_noise_context.png,outputs/experiments/802_coordinate_optimizer_variable_depth_radius_seed21_target0_sources8_txrx60_ringdown035_objectives/data/source_pulse_noise_context_summary.json,outputs/experiments/802_coordinate_optimizer_variable_depth_radius_seed21_target0_sources8_txrx60_ringdown035_objectives/figures/FIGURE_NOTES.md,2314,1379,6571,0.1189555895538899
801,outputs/experiments/801_coordinate_optimizer_variable_depth_radius_seed89_alltargets_union15_txrx60_ringdown035_objectives,outputs/experiments/801_coordinate_optimizer_variable_depth_radius_seed89_alltargets_union15_txrx60_ringdown035_objectives/data/multi_rebar_coordinate_optimizer_summary.json,generated,missing pulse/noise artifacts,outputs/experiments/801_coordinate_optimizer_variable_depth_radius_seed89_alltargets_union15_txrx60_ringdown035_objectives/figures/source_pulse_noise_context.png,outputs/experiments/801_coordinate_optimizer_variable_depth_radius_seed89_alltargets_union15_txrx60_ringdown035_objectives/data/source_pulse_noise_context_summary.json,outputs/experiments/801_coordinate_optimizer_variable_depth_radius_seed89_alltargets_union15_txrx60_ringdown035_objectives/figures/FIGURE_NOTES.md,2314,1379,6319,0.11195716961986282
800,outputs/experiments/800_coordinate_optimizer_variable_depth_radius_seed89_target0_sources9_txrx60p5_linear_receiver_ringdown035_objectives,outputs/experiments/800_coordinate_optimizer_variable_depth_radius_seed89_target0_sources9_txrx60p5_linear_receiver_ringdown035_objectives/data/multi_rebar_coordinate_optimizer_summary.json,generated,missing pulse/noise artifacts,outputs/experiments/800_coordinate_optimizer_variable_depth_radius_seed89_target0_sources9_txrx60p5_linear_receiver_ringdown035_objectives/figures/source_pulse_noise_context.png,outputs/experiments/800_coordinate_optimizer_variable_depth_radius_seed89_target0_sources9_txrx60p5_linear_receiver_ringdown035_objectives/data/source_pulse_noise_context_summary.json,outputs/experiments/800_coordinate_optimizer_variable_depth_radius_seed89_target0_sources9_txrx60p5_linear_receiver_ringdown035_objectives/figures/FIGURE_NOTES.md,2314,1379,6360,0.11290357962347924
799,outputs/experiments/799_coordinate_optimizer_variable_depth_radius_seed89_target0_sources9_txrx60_linear_receiver_ringdown035_objectives,outputs/experiments/799_coordinate_optimizer_variable_depth_radius_seed89_target0_sources9_txrx60_linear_receiver_ringdown035_objectives/data/multi_rebar_coordinate_optimizer_summary.json,generated,missing pulse/noise artifacts,outputs/experiments/799_coordinate_optimizer_variable_depth_radius_seed89_target0_sources9_txrx60_linear_receiver_ringdown035_objectives/figures/source_pulse_noise_context.png,outputs/experiments/799_coordinate_optimizer_variable_depth_radius_seed89_target0_sources9_txrx60_linear_receiver_ringdown035_objectives/data/source_pulse_noise_context_summary.json,outputs/experiments/799_coordinate_optimizer_variable_depth_radius_seed89_target0_sources9_txrx60_linear_receiver_ringdown035_objectives/figures/FIGURE_NOTES.md,2314,1379,6360,0.11262216366876152
798,outputs/experiments/798_coordinate_optimizer_variable_depth_radius_seed89_target1_sources8_txrx60_ringdown035_objectives,outputs/experiments/798_coordinate_optimizer_variable_depth_radius_seed89_target1_sources8_txrx60_ringdown035_objectives/data/multi_rebar_coordinate_optimizer_summary.json,generated,missing pulse/noise artifacts,outputs/experiments/798_coordinate_optimizer_variable_depth_radius_seed89_target1_sources8_txrx60_ringdown035_objectives/figures/source_pulse_noise_context.png,outputs/experiments/798_coordinate_optimizer_variable_depth_radius_seed89_target1_sources8_txrx60_ringdown035_objectives/data/source_pulse_noise_context_summary.json,outputs/experiments/798_coordinate_optimizer_variable_depth_radius_seed89_target1_sources8_txrx60_ringdown035_objectives/figures/FIGURE_NOTES.md,2314,1379,6319,0.11183275744389073
797,outputs/experiments/797_coordinate_optimizer_variable_depth_radius_seed89_target0_sources9_txrx60_ringdown035_objectives,outputs/experiments/797_coordinate_optimizer_variable_depth_radius_seed89_target0_sources9_txrx60_ringdown035_objectives/data/multi_rebar_coordinate_optimizer_summary.json,generated,missing pulse/noise artifacts,outputs/experiments/797_coordinate_optimizer_variable_depth_radius_seed89_target0_sources9_txrx60_ringdown035_objectives/figures/source_pulse_noise_context.png,outputs/experiments/797_coordinate_optimizer_variable_depth_radius_seed89_target0_sources9_txrx60_ringdown035_objectives/data/source_pulse_noise_context_summary.json,outputs/experiments/797_coordinate_optimizer_variable_depth_radius_seed89_target0_sources9_txrx60_ringdown035_objectives/figures/FIGURE_NOTES.md,2314,1379,6319,0.11182178911603426
796,outputs/experiments/796_coordinate_optimizer_variable_depth_radius_seed89_target2_sources9_txrx60_ringdown035_objectives,outputs/experiments/796_coordinate_optimizer_variable_depth_radius_seed89_target2_sources9_txrx60_ringdown035_objectives/data/multi_rebar_coordinate_optimizer_summary.json,generated,missing pulse/noise artifacts,outputs/experiments/796_coordinate_optimizer_variable_depth_radius_seed89_target2_sources9_txrx60_ringdown035_objectives/figures/source_pulse_noise_context.png,outputs/experiments/796_coordinate_optimizer_variable_depth_radius_seed89_target2_sources9_txrx60_ringdown035_objectives/data/source_pulse_noise_context_summary.json,outputs/experiments/796_coordinate_optimizer_variable_depth_radius_seed89_target2_sources9_txrx60_ringdown035_objectives/figures/FIGURE_NOTES.md,2314,1379,6319,0.11179922569872949
795,outputs/experiments/795_coordinate_optimizer_variable_depth_radius_seed89_target0_sources8_txrx60_ringdown035_objectives,outputs/experiments/795_coordinate_optimizer_variable_depth_radius_seed89_target0_sources8_txrx60_ringdown035_objectives/data/multi_rebar_coordinate_optimizer_summary.json,generated,missing pulse/noise artifacts,outputs/experiments/795_coordinate_optimizer_variable_depth_radius_seed89_target0_sources8_txrx60_ringdown035_objectives/figures/source_pulse_noise_context.png,outputs/experiments/795_coordinate_optimizer_variable_depth_radius_seed89_target0_sources8_txrx60_ringdown035_objectives/data/source_pulse_noise_context_summary.json,outputs/experiments/795_coordinate_optimizer_variable_depth_radius_seed89_target0_sources8_txrx60_ringdown035_objectives/figures/FIGURE_NOTES.md,2314,1379,6319,0.1118578279075627
794,outputs/experiments/794_coordinate_optimizer_variable_depth_radius_seed89_target1_sources9_txrx60_ringdown035_objectives,outputs/experiments/794_coordinate_optimizer_variable_depth_radius_seed89_target1_sources9_txrx60_ringdown035_objectives/data/multi_rebar_coordinate_optimizer_summary.json,generated,missing pulse/noise artifacts,outputs/experiments/794_coordinate_optimizer_variable_depth_radius_seed89_target1_sources9_txrx60_ringdown035_objectives/figures/source_pulse_noise_context.png,outputs/experiments/794_coordinate_optimizer_variable_depth_radius_seed89_target1_sources9_txrx60_ringdown035_objectives/data/source_pulse_noise_context_summary.json,outputs/experiments/794_coordinate_optimizer_variable_depth_radius_seed89_target1_sources9_txrx60_ringdown035_objectives/figures/FIGURE_NOTES.md,2314,1379,6319,0.11178136299336322
793,outputs/experiments/793_coordinate_optimizer_variable_depth_radius_seed89_target1_custom_widecenter_txrx60_ringdown025_objectives,outputs/experiments/793_coordinate_optimizer_variable_depth_radius_seed89_target1_custom_widecenter_txrx60_ringdown025_objectives/data/multi_rebar_coordinate_optimizer_summary.json,generated,missing pulse/noise artifacts,outputs/experiments/793_coordinate_optimizer_variable_depth_radius_seed89_target1_custom_widecenter_txrx60_ringdown025_objectives/figures/source_pulse_noise_context.png,outputs/experiments/793_coordinate_optimizer_variable_depth_radius_seed89_target1_custom_widecenter_txrx60_ringdown025_objectives/data/source_pulse_noise_context_summary.json,outputs/experiments/793_coordinate_optimizer_variable_depth_radius_seed89_target1_custom_widecenter_txrx60_ringdown025_objectives/figures/FIGURE_NOTES.md,2314,1379,6376,0.11143131664434351
792,outputs/experiments/792_coordinate_optimizer_variable_depth_radius_seed89_target1_custom8pluscenter_txrx60_ringdown025_objectives,outputs/experiments/792_coordinate_optimizer_variable_depth_radius_seed89_target1_custom8pluscenter_txrx60_ringdown025_objectives/data/multi_rebar_coordinate_optimizer_summary.json,generated,missing pulse/noise artifacts,outputs/experiments/792_coordinate_optimizer_variable_depth_radius_seed89_target1_custom8pluscenter_txrx60_ringdown025_objectives/figures/source_pulse_noise_context.png,outputs/experiments/792_coordinate_optimizer_variable_depth_radius_seed89_target1_custom8pluscenter_txrx60_ringdown025_objectives/data/source_pulse_noise_context_summary.json,outputs/experiments/792_coordinate_optimizer_variable_depth_radius_seed89_target1_custom8pluscenter_txrx60_ringdown025_objectives/figures/FIGURE_NOTES.md,2314,1379,6376,0.1114908589955644
791,outputs/experiments/791_coordinate_optimizer_variable_depth_radius_seed89_target2_sources8_txrx60_ringdown025_objectives,outputs/experiments/791_coordinate_optimizer_variable_depth_radius_seed89_target2_sources8_txrx60_ringdown025_objectives/data/multi_rebar_coordinate_optimizer_summary.json,generated,missing pulse/noise artifacts,outputs/experiments/791_coordinate_optimizer_variable_depth_radius_seed89_target2_sources8_txrx60_ringdown025_objectives/figures/source_pulse_noise_context.png,outputs/experiments/791_coordinate_optimizer_variable_depth_radius_seed89_target2_sources8_txrx60_ringdown025_objectives/data/source_pulse_noise_context_summary.json,outputs/experiments/791_coordinate_optimizer_variable_depth_radius_seed89_target2_sources8_txrx60_ringdown025_objectives/figures/FIGURE_NOTES.md,2314,1379,6347,0.1106585196016554
790,outputs/experiments/790_coordinate_optimizer_variable_depth_radius_seed89_target1_sources8_txrx60_ringdown025_objectives,outputs/experiments/790_coordinate_optimizer_variable_depth_radius_seed89_target1_sources8_txrx60_ringdown025_objectives/data/multi_rebar_coordinate_optimizer_summary.json,generated,missing pulse/noise artifacts,outputs/experiments/790_coordinate_optimizer_variable_depth_radius_seed89_target1_sources8_txrx60_ringdown025_objectives/figures/source_pulse_noise_context.png,outputs/experiments/790_coordinate_optimizer_variable_depth_radius_seed89_target1_sources8_txrx60_ringdown025_objectives/data/source_pulse_noise_context_summary.json,outputs/experiments/790_coordinate_optimizer_variable_depth_radius_seed89_target1_sources8_txrx60_ringdown025_objectives/figures/FIGURE_NOTES.md,2314,1379,6347,0.11064065689628913
789,outputs/experiments/789_coordinate_optimizer_variable_depth_radius_seed89_target0_sources8_txrx60_ringdown025_objectives,outputs/experiments/789_coordinate_optimizer_variable_depth_radius_seed89_target0_sources8_txrx60_ringdown025_objectives/data/multi_rebar_coordinate_optimizer_summary.json,generated,missing pulse/noise artifacts,outputs/experiments/789_coordinate_optimizer_variable_depth_radius_seed89_target0_sources8_txrx60_ringdown025_objectives/figures/source_pulse_noise_context.png,outputs/experiments/789_coordinate_optimizer_variable_depth_radius_seed89_target0_sources8_txrx60_ringdown025_objectives/data/source_pulse_noise_context_summary.json,outputs/experiments/789_coordinate_optimizer_variable_depth_radius_seed89_target0_sources8_txrx60_ringdown025_objectives/figures/FIGURE_NOTES.md,2314,1379,6347,0.11066666750234878
788,outputs/experiments/788_coordinate_optimizer_variable_depth_radius_seed89_target0_sources9_txrx60_ringdown025_objectives,outputs/experiments/788_coordinate_optimizer_variable_depth_radius_seed89_target0_sources9_txrx60_ringdown025_objectives/data/multi_rebar_coordinate_optimizer_summary.json,generated,missing pulse/noise artifacts,outputs/experiments/788_coordinate_optimizer_variable_depth_radius_seed89_target0_sources9_txrx60_ringdown025_objectives/figures/source_pulse_noise_context.png,outputs/experiments/788_coordinate_optimizer_variable_depth_radius_seed89_target0_sources9_txrx60_ringdown025_objectives/data/source_pulse_noise_context_summary.json,outputs/experiments/788_coordinate_optimizer_variable_depth_radius_seed89_target0_sources9_txrx60_ringdown025_objectives/figures/FIGURE_NOTES.md,2314,1379,6347,0.11057265326357894
787,outputs/experiments/787_coordinate_optimizer_variable_depth_radius_seed89_target2_sources9_txrx60_ringdown025_objectives,outputs/experiments/787_coordinate_optimizer_variable_depth_radius_seed89_target2_sources9_txrx60_ringdown025_objectives/data/multi_rebar_coordinate_optimizer_summary.json,generated,missing pulse/noise artifacts,outputs/experiments/787_coordinate_optimizer_variable_depth_radius_seed89_target2_sources9_txrx60_ringdown025_objectives/figures/source_pulse_noise_context.png,outputs/experiments/787_coordinate_optimizer_variable_depth_radius_seed89_target2_sources9_txrx60_ringdown025_objectives/data/source_pulse_noise_context_summary.json,outputs/experiments/787_coordinate_optimizer_variable_depth_radius_seed89_target2_sources9_txrx60_ringdown025_objectives/figures/FIGURE_NOTES.md,2314,1379,6347,0.11054883632309058
786,outputs/experiments/786_coordinate_optimizer_variable_depth_radius_seed89_target1_sources9_txrx60_ringdown025_objectives,outputs/experiments/786_coordinate_optimizer_variable_depth_radius_seed89_target1_sources9_txrx60_ringdown025_objectives/data/multi_rebar_coordinate_optimizer_summary.json,generated,missing pulse/noise artifacts,outputs/experiments/786_coordinate_optimizer_variable_depth_radius_seed89_target1_sources9_txrx60_ringdown025_objectives/figures/source_pulse_noise_context.png,outputs/experiments/786_coordinate_optimizer_variable_depth_radius_seed89_target1_sources9_txrx60_ringdown025_objectives/data/source_pulse_noise_context_summary.json,outputs/experiments/786_coordinate_optimizer_variable_depth_radius_seed89_target1_sources9_txrx60_ringdown025_objectives/figures/FIGURE_NOTES.md,2314,1379,6347,0.11053097361772432
785,outputs/experiments/785_coordinate_optimizer_variable_depth_radius_seed89_target1_sources7_txrx60_ringdown025_objectives,outputs/experiments/785_coordinate_optimizer_variable_depth_radius_seed89_target1_sources7_txrx60_ringdown025_objectives/data/multi_rebar_coordinate_optimizer_summary.json,generated,missing pulse/noise artifacts,outputs/experiments/785_coordinate_optimizer_variable_depth_radius_seed89_target1_sources7_txrx60_ringdown025_objectives/figures/source_pulse_noise_context.png,outputs/experiments/785_coordinate_optimizer_variable_depth_radius_seed89_target1_sources7_txrx60_ringdown025_objectives/data/source_pulse_noise_context_summary.json,outputs/experiments/785_coordinate_optimizer_variable_depth_radius_seed89_target1_sources7_txrx60_ringdown025_objectives/figures/FIGURE_NOTES.md,2314,1379,6347,0.11051561795872525
784,outputs/experiments/784_coordinate_optimizer_variable_depth_radius_seed89_target0_sources7_txrx60_ringdown025_objectives,outputs/experiments/784_coordinate_optimizer_variable_depth_radius_seed89_target0_sources7_txrx60_ringdown025_objectives/data/multi_rebar_coordinate_optimizer_summary.json,generated,missing pulse/noise artifacts,outputs/experiments/784_coordinate_optimizer_variable_depth_radius_seed89_target0_sources7_txrx60_ringdown025_objectives/figures/source_pulse_noise_context.png,outputs/experiments/784_coordinate_optimizer_variable_depth_radius_seed89_target0_sources7_txrx60_ringdown025_objectives/data/source_pulse_noise_context_summary.json,outputs/experiments/784_coordinate_optimizer_variable_depth_radius_seed89_target0_sources7_txrx60_ringdown025_objectives/figures/FIGURE_NOTES.md,2314,1379,6347,0.11055792436617168
783,outputs/experiments/783_coordinate_optimizer_variable_depth_radius_seed89_target2_sources7_txrx60_ringdown025_objectives,outputs/experiments/783_coordinate_optimizer_variable_depth_radius_seed89_target2_sources7_txrx60_ringdown025_objectives/data/multi_rebar_coordinate_optimizer_summary.json,generated,missing pulse/noise artifacts,outputs/experiments/783_coordinate_optimizer_variable_depth_radius_seed89_target2_sources7_txrx60_ringdown025_objectives/figures/source_pulse_noise_context.png,outputs/experiments/783_coordinate_optimizer_variable_depth_radius_seed89_target2_sources7_txrx60_ringdown025_objectives/data/source_pulse_noise_context_summary.json,outputs/experiments/783_coordinate_optimizer_variable_depth_radius_seed89_target2_sources7_txrx60_ringdown025_objectives/figures/FIGURE_NOTES.md,2314,1379,6347,0.11053348066409151
782,outputs/experiments/782_coordinate_optimizer_variable_depth_radius_seed89_target2_sources7_txrx50p3125_linear_receiver_ringdown035_objectives,outputs/experiments/782_coordinate_optimizer_variable_depth_radius_seed89_target2_sources7_txrx50p3125_linear_receiver_ringdown035_objectives/data/multi_rebar_coordinate_optimizer_summary.json,generated,missing pulse/noise artifacts,outputs/experiments/782_coordinate_optimizer_variable_depth_radius_seed89_target2_sources7_txrx50p3125_linear_receiver_ringdown035_objectives/figures/source_pulse_noise_context.png,outputs/experiments/782_coordinate_optimizer_variable_depth_radius_seed89_target2_sources7_txrx50p3125_linear_receiver_ringdown035_objectives/data/source_pulse_noise_context_summary.json,outputs/experiments/782_coordinate_optimizer_variable_depth_radius_seed89_target2_sources7_txrx50p3125_linear_receiver_ringdown035_objectives/figures/FIGURE_NOTES.md,2314,1379,6360,0.11311291799514009
781,outputs/experiments/781_coordinate_optimizer_variable_depth_radius_seed89_target2_sources9_txrx50p3125_linear_receiver_ringdown025_objectives,outputs/experiments/781_coordinate_optimizer_variable_depth_radius_seed89_target2_sources9_txrx50p3125_linear_receiver_ringdown025_objectives/data/multi_rebar_coordinate_optimizer_summary.json,generated,missing pulse/noise artifacts,outputs/experiments/781_coordinate_optimizer_variable_depth_radius_seed89_target2_sources9_txrx50p3125_linear_receiver_ringdown025_objectives/figures/source_pulse_noise_context.png,outputs/experiments/781_coordinate_optimizer_variable_depth_radius_seed89_target2_sources9_txrx50p3125_linear_receiver_ringdown025_objectives/data/source_pulse_noise_context_summary.json,outputs/experiments/781_coordinate_optimizer_variable_depth_radius_seed89_target2_sources9_txrx50p3125_linear_receiver_ringdown025_objectives/figures/FIGURE_NOTES.md,2314,1379,6376,0.11229436735625066
780,outputs/experiments/780_coordinate_optimizer_variable_depth_radius_seed89_target2_sources7_txrx50p3125_linear_receiver_ringdown025_objectives,outputs/experiments/780_coordinate_optimizer_variable_depth_radius_seed89_target2_sources7_txrx50p3125_linear_receiver_ringdown025_objectives/data/multi_rebar_coordinate_optimizer_summary.json,generated,missing pulse/noise artifacts,outputs/experiments/780_coordinate_optimizer_variable_depth_radius_seed89_target2_sources7_txrx50p3125_linear_receiver_ringdown025_objectives/figures/source_pulse_noise_context.png,outputs/experiments/780_coordinate_optimizer_variable_depth_radius_seed89_target2_sources7_txrx50p3125_linear_receiver_ringdown025_objectives/data/source_pulse_noise_context_summary.json,outputs/experiments/780_coordinate_optimizer_variable_depth_radius_seed89_target2_sources7_txrx50p3125_linear_receiver_ringdown025_objectives/figures/FIGURE_NOTES.md,2314,1379,6376,0.11223043767388717
779,outputs/experiments/779_coordinate_optimizer_variable_depth_radius_seed89_target2_txrx50p3125_linear_receiver_ringdown035_objectives,outputs/experiments/779_coordinate_optimizer_variable_depth_radius_seed89_target2_txrx50p3125_linear_receiver_ringdown035_objectives/data/multi_rebar_coordinate_optimizer_summary.json,generated,missing pulse/noise artifacts,outputs/experiments/779_coordinate_optimizer_variable_depth_radius_seed89_target2_txrx50p3125_linear_receiver_ringdown035_objectives/figures/source_pulse_noise_context.png,outputs/experiments/779_coordinate_optimizer_variable_depth_radius_seed89_target2_txrx50p3125_linear_receiver_ringdown035_objectives/data/source_pulse_noise_context_summary.json,outputs/experiments/779_coordinate_optimizer_variable_depth_radius_seed89_target2_txrx50p3125_linear_receiver_ringdown035_objectives/figures/FIGURE_NOTES.md,2314,1379,6360,0.11241877953222275
778,outputs/experiments/778_seed89_target_linear_receiver_summary,,skipped,no compatible coordinate optimizer summary,,,,,,,
777,outputs/experiments/777_coordinate_optimizer_variable_depth_radius_seed89_target0_txrx50p3125_linear_receiver_ringdown025_objectives,outputs/experiments/777_coordinate_optimizer_variable_depth_radius_seed89_target0_txrx50p3125_linear_receiver_ringdown025_objectives/data/multi_rebar_coordinate_optimizer_summary.json,generated,missing pulse/noise artifacts,outputs/experiments/777_coordinate_optimizer_variable_depth_radius_seed89_target0_txrx50p3125_linear_receiver_ringdown025_objectives/figures/source_pulse_noise_context.png,outputs/experiments/777_coordinate_optimizer_variable_depth_radius_seed89_target0_txrx50p3125_linear_receiver_ringdown025_objectives/data/source_pulse_noise_context_summary.json,outputs/experiments/777_coordinate_optimizer_variable_depth_radius_seed89_target0_txrx50p3125_linear_receiver_ringdown025_objectives/figures/FIGURE_NOTES.md,2314,1379,6376,0.11163720782724947
776,outputs/experiments/776_coordinate_optimizer_variable_depth_radius_seed89_target1_txrx50p3125_linear_receiver_ringdown025_objectives,outputs/experiments/776_coordinate_optimizer_variable_depth_radius_seed89_target1_txrx50p3125_linear_receiver_ringdown025_objectives/data/multi_rebar_coordinate_optimizer_summary.json,generated,missing pulse/noise artifacts,outputs/experiments/776_coordinate_optimizer_variable_depth_radius_seed89_target1_txrx50p3125_linear_receiver_ringdown025_objectives/figures/source_pulse_noise_context.png,outputs/experiments/776_coordinate_optimizer_variable_depth_radius_seed89_target1_txrx50p3125_linear_receiver_ringdown025_objectives/data/source_pulse_noise_context_summary.json,outputs/experiments/776_coordinate_optimizer_variable_depth_radius_seed89_target1_txrx50p3125_linear_receiver_ringdown025_objectives/figures/FIGURE_NOTES.md,2314,1379,6376,0.11159646832378253
775,outputs/experiments/775_three_seed_cross_seed_linear_receiver_summary,,skipped,no compatible coordinate optimizer summary,,,,,,,
774,outputs/experiments/774_coordinate_optimizer_variable_depth_radius_seed13_target2_txrx50p3125_linear_receiver_ringdown025_objectives,outputs/experiments/774_coordinate_optimizer_variable_depth_radius_seed13_target2_txrx50p3125_linear_receiver_ringdown025_objectives/data/multi_rebar_coordinate_optimizer_summary.json,generated,missing pulse/noise artifacts,outputs/experiments/774_coordinate_optimizer_variable_depth_radius_seed13_target2_txrx50p3125_linear_receiver_ringdown025_objectives/figures/source_pulse_noise_context.png,outputs/experiments/774_coordinate_optimizer_variable_depth_radius_seed13_target2_txrx50p3125_linear_receiver_ringdown025_objectives/data/source_pulse_noise_context_summary.json,outputs/experiments/774_coordinate_optimizer_variable_depth_radius_seed13_target2_txrx50p3125_linear_receiver_ringdown025_objectives/figures/FIGURE_NOTES.md,2314,1379,6442,0.11625268018925693
773,outputs/experiments/773_cross_seed_linear_receiver_summary,,skipped,no compatible coordinate optimizer summary,,,,,,,
772,outputs/experiments/772_coordinate_optimizer_variable_depth_radius_seed21_target2_txrx50p3125_linear_receiver_ringdown025_objectives,outputs/experiments/772_coordinate_optimizer_variable_depth_radius_seed21_target2_txrx50p3125_linear_receiver_ringdown025_objectives/data/multi_rebar_coordinate_optimizer_summary.json,generated,missing pulse/noise artifacts,outputs/experiments/772_coordinate_optimizer_variable_depth_radius_seed21_target2_txrx50p3125_linear_receiver_ringdown025_objectives/figures/source_pulse_noise_context.png,outputs/experiments/772_coordinate_optimizer_variable_depth_radius_seed21_target2_txrx50p3125_linear_receiver_ringdown025_objectives/data/source_pulse_noise_context_summary.json,outputs/experiments/772_coordinate_optimizer_variable_depth_radius_seed21_target2_txrx50p3125_linear_receiver_ringdown025_objectives/figures/FIGURE_NOTES.md,2314,1379,6577,0.1186017826353194
771,outputs/experiments/771_coordinate_optimizer_variable_depth_radius_seed21_target2_txrx50p0390625_linear_receiver_ringdown025_objectives,outputs/experiments/771_coordinate_optimizer_variable_depth_radius_seed21_target2_txrx50p0390625_linear_receiver_ringdown025_objectives/data/multi_rebar_coordinate_optimizer_summary.json,generated,missing pulse/noise artifacts,outputs/experiments/771_coordinate_optimizer_variable_depth_radius_seed21_target2_txrx50p0390625_linear_receiver_ringdown025_objectives/figures/source_pulse_noise_context.png,outputs/experiments/771_coordinate_optimizer_variable_depth_radius_seed21_target2_txrx50p0390625_linear_receiver_ringdown025_objectives/data/source_pulse_noise_context_summary.json,outputs/experiments/771_coordinate_optimizer_variable_depth_radius_seed21_target2_txrx50p0390625_linear_receiver_ringdown025_objectives/figures/FIGURE_NOTES.md,2314,1379,6577,0.11891077610007628
770,outputs/experiments/770_linear_receiver_threshold_final_summary,,skipped,no compatible coordinate optimizer summary,,,,,,,
769,outputs/experiments/769_coordinate_optimizer_variable_depth_radius_seed89_target2_txrx50p0390625_linear_receiver_ringdown025_objectives,outputs/experiments/769_coordinate_optimizer_variable_depth_radius_seed89_target2_txrx50p0390625_linear_receiver_ringdown025_objectives/data/multi_rebar_coordinate_optimizer_summary.json,generated,missing pulse/noise artifacts,outputs/experiments/769_coordinate_optimizer_variable_depth_radius_seed89_target2_txrx50p0390625_linear_receiver_ringdown025_objectives/figures/source_pulse_noise_context.png,outputs/experiments/769_coordinate_optimizer_variable_depth_radius_seed89_target2_txrx50p0390625_linear_receiver_ringdown025_objectives/data/source_pulse_noise_context_summary.json,outputs/experiments/769_coordinate_optimizer_variable_depth_radius_seed89_target2_txrx50p0390625_linear_receiver_ringdown025_objectives/figures/FIGURE_NOTES.md,2314,1379,6376,0.11196594428214801
768,outputs/experiments/768_linear_receiver_threshold_summary,,skipped,no compatible coordinate optimizer summary,,,,,,,
767,outputs/experiments/767_coordinate_optimizer_variable_depth_radius_seed89_target2_txrx50p078125_linear_receiver_ringdown025_objectives,outputs/experiments/767_coordinate_optimizer_variable_depth_radius_seed89_target2_txrx50p078125_linear_receiver_ringdown025_objectives/data/multi_rebar_coordinate_optimizer_summary.json,generated,missing pulse/noise artifacts,outputs/experiments/767_coordinate_optimizer_variable_depth_radius_seed89_target2_txrx50p078125_linear_receiver_ringdown025_objectives/figures/source_pulse_noise_context.png,outputs/experiments/767_coordinate_optimizer_variable_depth_radius_seed89_target2_txrx50p078125_linear_receiver_ringdown025_objectives/data/source_pulse_noise_context_summary.json,outputs/experiments/767_coordinate_optimizer_variable_depth_radius_seed89_target2_txrx50p078125_linear_receiver_ringdown025_objectives/figures/FIGURE_NOTES.md,2314,1379,6376,0.11175127843695687
766,outputs/experiments/766_coordinate_optimizer_variable_depth_radius_seed89_target2_txrx50p15625_linear_receiver_ringdown025_objectives,outputs/experiments/766_coordinate_optimizer_variable_depth_radius_seed89_target2_txrx50p15625_linear_receiver_ringdown025_objectives/data/multi_rebar_coordinate_optimizer_summary.json,generated,missing pulse/noise artifacts,outputs/experiments/766_coordinate_optimizer_variable_depth_radius_seed89_target2_txrx50p15625_linear_receiver_ringdown025_objectives/figures/source_pulse_noise_context.png,outputs/experiments/766_coordinate_optimizer_variable_depth_radius_seed89_target2_txrx50p15625_linear_receiver_ringdown025_objectives/data/source_pulse_noise_context_summary.json,outputs/experiments/766_coordinate_optimizer_variable_depth_radius_seed89_target2_txrx50p15625_linear_receiver_ringdown025_objectives/figures/FIGURE_NOTES.md,2314,1379,6376,0.11171774669179563
765,outputs/experiments/765_coordinate_optimizer_variable_depth_radius_seed89_target2_txrx50p3125_linear_receiver_ringdown025_objectives,outputs/experiments/765_coordinate_optimizer_variable_depth_radius_seed89_target2_txrx50p3125_linear_receiver_ringdown025_objectives/data/multi_rebar_coordinate_optimizer_summary.json,generated,missing pulse/noise artifacts,outputs/experiments/765_coordinate_optimizer_variable_depth_radius_seed89_target2_txrx50p3125_linear_receiver_ringdown025_objectives/figures/source_pulse_noise_context.png,outputs/experiments/765_coordinate_optimizer_variable_depth_radius_seed89_target2_txrx50p3125_linear_receiver_ringdown025_objectives/data/source_pulse_noise_context_summary.json,outputs/experiments/765_coordinate_optimizer_variable_depth_radius_seed89_target2_txrx50p3125_linear_receiver_ringdown025_objectives/figures/FIGURE_NOTES.md,2314,1379,6376,0.1116143310291488
764,outputs/experiments/764_txrx_target2_threshold_summary,,skipped,no compatible coordinate optimizer summary,,,,,,,
763,outputs/experiments/763_coordinate_optimizer_variable_depth_radius_seed89_target2_txrx50p625_ringdown025_objectives,outputs/experiments/763_coordinate_optimizer_variable_depth_radius_seed89_target2_txrx50p625_ringdown025_objectives/data/multi_rebar_coordinate_optimizer_summary.json,generated,missing pulse/noise artifacts,outputs/experiments/763_coordinate_optimizer_variable_depth_radius_seed89_target2_txrx50p625_ringdown025_objectives/figures/source_pulse_noise_context.png,outputs/experiments/763_coordinate_optimizer_variable_depth_radius_seed89_target2_txrx50p625_ringdown025_objectives/data/source_pulse_noise_context_summary.json,outputs/experiments/763_coordinate_optimizer_variable_depth_radius_seed89_target2_txrx50p625_ringdown025_objectives/figures/FIGURE_NOTES.md,2314,1379,6377,0.11259834672827315
762,outputs/experiments/762_coordinate_optimizer_variable_depth_radius_seed89_target2_txrx51p25_ringdown025_objectives,outputs/experiments/762_coordinate_optimizer_variable_depth_radius_seed89_target2_txrx51p25_ringdown025_objectives/data/multi_rebar_coordinate_optimizer_summary.json,generated,missing pulse/noise artifacts,outputs/experiments/762_coordinate_optimizer_variable_depth_radius_seed89_target2_txrx51p25_ringdown025_objectives/figures/source_pulse_noise_context.png,outputs/experiments/762_coordinate_optimizer_variable_depth_radius_seed89_target2_txrx51p25_ringdown025_objectives/data/source_pulse_noise_context_summary.json,outputs/experiments/762_coordinate_optimizer_variable_depth_radius_seed89_target2_txrx51p25_ringdown025_objectives/figures/FIGURE_NOTES.md,2314,1379,6377,0.1124504309926086
761,outputs/experiments/761_coordinate_optimizer_variable_depth_radius_seed89_target2_txrx52p5_ringdown025_objectives,outputs/experiments/761_coordinate_optimizer_variable_depth_radius_seed89_target2_txrx52p5_ringdown025_objectives/data/multi_rebar_coordinate_optimizer_summary.json,generated,missing pulse/noise artifacts,outputs/experiments/761_coordinate_optimizer_variable_depth_radius_seed89_target2_txrx52p5_ringdown025_objectives/figures/source_pulse_noise_context.png,outputs/experiments/761_coordinate_optimizer_variable_depth_radius_seed89_target2_txrx52p5_ringdown025_objectives/data/source_pulse_noise_context_summary.json,outputs/experiments/761_coordinate_optimizer_variable_depth_radius_seed89_target2_txrx52p5_ringdown025_objectives/figures/FIGURE_NOTES.md,2314,1379,6377,0.11229687440261786
760,outputs/experiments/760_coordinate_optimizer_variable_depth_radius_seed89_target2_txrx55_ringdown025_objectives,outputs/experiments/760_coordinate_optimizer_variable_depth_radius_seed89_target2_txrx55_ringdown025_objectives/data/multi_rebar_coordinate_optimizer_summary.json,generated,missing pulse/noise artifacts,outputs/experiments/760_coordinate_optimizer_variable_depth_radius_seed89_target2_txrx55_ringdown025_objectives/figures/source_pulse_noise_context.png,outputs/experiments/760_coordinate_optimizer_variable_depth_radius_seed89_target2_txrx55_ringdown025_objectives/data/source_pulse_noise_context_summary.json,outputs/experiments/760_coordinate_optimizer_variable_depth_radius_seed89_target2_txrx55_ringdown025_objectives/figures/FIGURE_NOTES.md,2314,1379,6377,0.11216494108754418
759,outputs/experiments/759_coordinate_optimizer_variable_depth_radius_seed89_target2_txrx60_ringdown025_fine_radius_objectives,outputs/experiments/759_coordinate_optimizer_variable_depth_radius_seed89_target2_txrx60_ringdown025_fine_radius_objectives/data/multi_rebar_coordinate_optimizer_summary.json,generated,missing pulse/noise artifacts,outputs/experiments/759_coordinate_optimizer_variable_depth_radius_seed89_target2_txrx60_ringdown025_fine_radius_objectives/figures/source_pulse_noise_context.png,outputs/experiments/759_coordinate_optimizer_variable_depth_radius_seed89_target2_txrx60_ringdown025_fine_radius_objectives/data/source_pulse_noise_context_summary.json,outputs/experiments/759_coordinate_optimizer_variable_depth_radius_seed89_target2_txrx60_ringdown025_fine_radius_objectives/figures/FIGURE_NOTES.md,2314,1379,6347,0.11069894572432644
758,outputs/experiments/758_cross_txrx_condition_fitted_ringdown_summary,,skipped,no compatible coordinate optimizer summary,,,,,,,
757,outputs/experiments/757_txrx60_fitted_ringdown_all_target_summary,,skipped,no compatible coordinate optimizer summary,,,,,,,
756,outputs/experiments/756_coordinate_optimizer_variable_depth_radius_seed89_target0_txrx60_ringdown025_objectives,outputs/experiments/756_coordinate_optimizer_variable_depth_radius_seed89_target0_txrx60_ringdown025_objectives/data/multi_rebar_coordinate_optimizer_summary.json,generated,missing pulse/noise artifacts,outputs/experiments/756_coordinate_optimizer_variable_depth_radius_seed89_target0_txrx60_ringdown025_objectives/figures/source_pulse_noise_context.png,outputs/experiments/756_coordinate_optimizer_variable_depth_radius_seed89_target0_txrx60_ringdown025_objectives/data/source_pulse_noise_context_summary.json,outputs/experiments/756_coordinate_optimizer_variable_depth_radius_seed89_target0_txrx60_ringdown025_objectives/figures/FIGURE_NOTES.md,2314,1379,6377,0.1121502121901369
755,outputs/experiments/755_coordinate_optimizer_variable_depth_radius_seed89_target2_txrx60_ringdown025_objectives,outputs/experiments/755_coordinate_optimizer_variable_depth_radius_seed89_target2_txrx60_ringdown025_objectives/data/multi_rebar_coordinate_optimizer_summary.json,generated,missing pulse/noise artifacts,outputs/experiments/755_coordinate_optimizer_variable_depth_radius_seed89_target2_txrx60_ringdown025_objectives/figures/source_pulse_noise_context.png,outputs/experiments/755_coordinate_optimizer_variable_depth_radius_seed89_target2_txrx60_ringdown025_objectives/data/source_pulse_noise_context_summary.json,outputs/experiments/755_coordinate_optimizer_variable_depth_radius_seed89_target2_txrx60_ringdown025_objectives/figures/FIGURE_NOTES.md,2314,1379,6377,0.11213046919999524
754,outputs/experiments/754_coordinate_optimizer_variable_depth_radius_seed89_target1_txrx60_ringdown025_objectives,outputs/experiments/754_coordinate_optimizer_variable_depth_radius_seed89_target1_txrx60_ringdown025_objectives/data/multi_rebar_coordinate_optimizer_summary.json,generated,missing pulse/noise artifacts,outputs/experiments/754_coordinate_optimizer_variable_depth_radius_seed89_target1_txrx60_ringdown025_objectives/figures/source_pulse_noise_context.png,outputs/experiments/754_coordinate_optimizer_variable_depth_radius_seed89_target1_txrx60_ringdown025_objectives/data/source_pulse_noise_context_summary.json,outputs/experiments/754_coordinate_optimizer_variable_depth_radius_seed89_target1_txrx60_ringdown025_objectives/figures/FIGURE_NOTES.md,2314,1379,6377,0.11211260649462897
753,outputs/experiments/753_cross_condition_fitted_ringdown_summary,,skipped,no compatible coordinate optimizer summary,,,,,,,
752,outputs/experiments/752_ringdown035_fitted_ringdown_all_target_summary,,skipped,no compatible coordinate optimizer summary,,,,,,,
751,outputs/experiments/751_coordinate_optimizer_variable_depth_radius_seed89_target0_txrx50_ringdown035_objectives,outputs/experiments/751_coordinate_optimizer_variable_depth_radius_seed89_target0_txrx50_ringdown035_objectives/data/multi_rebar_coordinate_optimizer_summary.json,generated,missing pulse/noise artifacts,outputs/experiments/751_coordinate_optimizer_variable_depth_radius_seed89_target0_txrx50_ringdown035_objectives/figures/source_pulse_noise_context.png,outputs/experiments/751_coordinate_optimizer_variable_depth_radius_seed89_target0_txrx50_ringdown035_objectives/data/source_pulse_noise_context_summary.json,outputs/experiments/751_coordinate_optimizer_variable_depth_radius_seed89_target0_txrx50_ringdown035_objectives/figures/FIGURE_NOTES.md,2314,1379,6401,0.11302924532263493
750,outputs/experiments/750_coordinate_optimizer_variable_depth_radius_seed89_target2_txrx50_ringdown035_objectives,outputs/experiments/750_coordinate_optimizer_variable_depth_radius_seed89_target2_txrx50_ringdown035_objectives/data/multi_rebar_coordinate_optimizer_summary.json,generated,missing pulse/noise artifacts,outputs/experiments/750_coordinate_optimizer_variable_depth_radius_seed89_target2_txrx50_ringdown035_objectives/figures/source_pulse_noise_context.png,outputs/experiments/750_coordinate_optimizer_variable_depth_radius_seed89_target2_txrx50_ringdown035_objectives/data/source_pulse_noise_context_summary.json,outputs/experiments/750_coordinate_optimizer_variable_depth_radius_seed89_target2_txrx50_ringdown035_objectives/figures/FIGURE_NOTES.md,2314,1379,6401,0.11300292133577937
749,outputs/experiments/749_coordinate_optimizer_variable_depth_radius_seed89_target1_txrx50_ringdown035_objectives,outputs/experiments/749_coordinate_optimizer_variable_depth_radius_seed89_target1_txrx50_ringdown035_objectives/data/multi_rebar_coordinate_optimizer_summary.json,generated,missing pulse/noise artifacts,outputs/experiments/749_coordinate_optimizer_variable_depth_radius_seed89_target1_txrx50_ringdown035_objectives/figures/source_pulse_noise_context.png,outputs/experiments/749_coordinate_optimizer_variable_depth_radius_seed89_target1_txrx50_ringdown035_objectives/data/source_pulse_noise_context_summary.json,outputs/experiments/749_coordinate_optimizer_variable_depth_radius_seed89_target1_txrx50_ringdown035_objectives/figures/FIGURE_NOTES.md,2314,1379,6401,0.11298505863041311
748,outputs/experiments/748_cross_seed_fitted_ringdown_summary,,skipped,no compatible coordinate optimizer summary,,,,,,,
747,outputs/experiments/747_seed89_fitted_ringdown_all_target_summary,,skipped,no compatible coordinate optimizer summary,,,,,,,
746,outputs/experiments/746_coordinate_optimizer_variable_depth_radius_seed89_target1_txrx50_ringdown025_objectives,outputs/experiments/746_coordinate_optimizer_variable_depth_radius_seed89_target1_txrx50_ringdown025_objectives/data/multi_rebar_coordinate_optimizer_summary.json,generated,missing pulse/noise artifacts,outputs/experiments/746_coordinate_optimizer_variable_depth_radius_seed89_target1_txrx50_ringdown025_objectives/figures/source_pulse_noise_context.png,outputs/experiments/746_coordinate_optimizer_variable_depth_radius_seed89_target1_txrx50_ringdown025_objectives/data/source_pulse_noise_context_summary.json,outputs/experiments/746_coordinate_optimizer_variable_depth_radius_seed89_target1_txrx50_ringdown025_objectives/figures/FIGURE_NOTES.md,2314,1379,6377,0.11212514172646494
745,outputs/experiments/745_coordinate_optimizer_variable_depth_radius_seed89_target2_txrx50_ringdown025_objectives,outputs/experiments/745_coordinate_optimizer_variable_depth_radius_seed89_target2_txrx50_ringdown025_objectives/data/multi_rebar_coordinate_optimizer_summary.json,generated,missing pulse/noise artifacts,outputs/experiments/745_coordinate_optimizer_variable_depth_radius_seed89_target2_txrx50_ringdown025_objectives/figures/source_pulse_noise_context.png,outputs/experiments/745_coordinate_optimizer_variable_depth_radius_seed89_target2_txrx50_ringdown025_objectives/data/source_pulse_noise_context_summary.json,outputs/experiments/745_coordinate_optimizer_variable_depth_radius_seed89_target2_txrx50_ringdown025_objectives/figures/FIGURE_NOTES.md,2314,1379,6377,0.11214300443183121
744,outputs/experiments/744_coordinate_optimizer_variable_depth_radius_seed89_target0_txrx50_ringdown025_objectives,outputs/experiments/744_coordinate_optimizer_variable_depth_radius_seed89_target0_txrx50_ringdown025_objectives/data/multi_rebar_coordinate_optimizer_summary.json,generated,missing pulse/noise artifacts,outputs/experiments/744_coordinate_optimizer_variable_depth_radius_seed89_target0_txrx50_ringdown025_objectives/figures/source_pulse_noise_context.png,outputs/experiments/744_coordinate_optimizer_variable_depth_radius_seed89_target0_txrx50_ringdown025_objectives/data/source_pulse_noise_context_summary.json,outputs/experiments/744_coordinate_optimizer_variable_depth_radius_seed89_target0_txrx50_ringdown025_objectives/figures/FIGURE_NOTES.md,2314,1379,6377,0.11216400094515648
743,outputs/experiments/743_seed21_fitted_ringdown_all_target_summary,,skipped,no compatible coordinate optimizer summary,,,,,,,
742,outputs/experiments/742_coordinate_optimizer_variable_depth_radius_seed21_target1_txrx50_ringdown025_objectives,outputs/experiments/742_coordinate_optimizer_variable_depth_radius_seed21_target1_txrx50_ringdown025_objectives/data/multi_rebar_coordinate_optimizer_summary.json,generated,missing pulse/noise artifacts,outputs/experiments/742_coordinate_optimizer_variable_depth_radius_seed21_target1_txrx50_ringdown025_objectives/figures/source_pulse_noise_context.png,outputs/experiments/742_coordinate_optimizer_variable_depth_radius_seed21_target1_txrx50_ringdown025_objectives/data/source_pulse_noise_context_summary.json,outputs/experiments/742_coordinate_optimizer_variable_depth_radius_seed21_target1_txrx50_ringdown025_objectives/figures/FIGURE_NOTES.md,2314,1379,6659,0.11942001989341293
741,outputs/experiments/741_coordinate_optimizer_variable_depth_radius_seed21_target2_txrx50_ringdown025_objectives,outputs/experiments/741_coordinate_optimizer_variable_depth_radius_seed21_target2_txrx50_ringdown025_objectives/data/multi_rebar_coordinate_optimizer_summary.json,generated,missing pulse/noise artifacts,outputs/experiments/741_coordinate_optimizer_variable_depth_radius_seed21_target2_txrx50_ringdown025_objectives/figures/source_pulse_noise_context.png,outputs/experiments/741_coordinate_optimizer_variable_depth_radius_seed21_target2_txrx50_ringdown025_objectives/data/source_pulse_noise_context_summary.json,outputs/experiments/741_coordinate_optimizer_variable_depth_radius_seed21_target2_txrx50_ringdown025_objectives/figures/FIGURE_NOTES.md,2314,1379,6659,0.11943098822126941
740,outputs/experiments/740_coordinate_optimizer_variable_depth_radius_seed21_target0_txrx50_ringdown025_objectives,outputs/experiments/740_coordinate_optimizer_variable_depth_radius_seed21_target0_txrx50_ringdown025_objectives/data/multi_rebar_coordinate_optimizer_summary.json,generated,missing pulse/noise artifacts,outputs/experiments/740_coordinate_optimizer_variable_depth_radius_seed21_target0_txrx50_ringdown025_objectives/figures/source_pulse_noise_context.png,outputs/experiments/740_coordinate_optimizer_variable_depth_radius_seed21_target0_txrx50_ringdown025_objectives/data/source_pulse_noise_context_summary.json,outputs/experiments/740_coordinate_optimizer_variable_depth_radius_seed21_target0_txrx50_ringdown025_objectives/figures/FIGURE_NOTES.md,2314,1379,6659,0.11944603049947258
739,outputs/experiments/739_experiment_archive_health_report_current,,skipped,no compatible coordinate optimizer summary,,,,,,,
738,outputs/experiments/738_post_archive_coverage_audit_resume_checkpoint,,skipped,no compatible coordinate optimizer summary,,,,,,,
737,outputs/experiments/737_current_archive_coverage_refresh_state_audit,,skipped,no compatible coordinate optimizer summary,,,,,,,
736,outputs/experiments/736_next_action_queue_current_archive_coverage_refresh,,skipped,no compatible coordinate optimizer summary,,,,,,,
735,outputs/experiments/735_commit_pr_summary_current_archive_coverage_refresh,,skipped,no compatible coordinate optimizer summary,,,,,,,
734,outputs/experiments/734_current_state_archive_coverage_audit_refresh,,skipped,no compatible coordinate optimizer summary,,,,,,,
733,outputs/experiments/733_current_manuscript_validation_refresh_state_audit,,skipped,no compatible coordinate optimizer summary,,,,,,,
732,outputs/experiments/732_next_action_queue_current_manuscript_validation_refresh,,skipped,no compatible coordinate optimizer summary,,,,,,,
731,outputs/experiments/731_commit_pr_summary_current_manuscript_validation_refresh,,skipped,no compatible coordinate optimizer summary,,,,,,,
730,outputs/experiments/730_imrad_manuscript_current_validation_refresh,,skipped,no compatible coordinate optimizer summary,,,,,,,
729,outputs/experiments/729_current_validation_refresh_state_audit,,skipped,no compatible coordinate optimizer summary,,,,,,,
728,outputs/experiments/728_next_action_queue_current_validation_refresh,,skipped,no compatible coordinate optimizer summary,,,,,,,
727,outputs/experiments/727_commit_pr_summary_current_validation_refresh,,skipped,no compatible coordinate optimizer summary,,,,,,,
726,outputs/experiments/726_current_precommit_validation_after_archive_coverage_audit_refresh,,skipped,no compatible coordinate optimizer summary,,,,,,,
725,outputs/experiments/725_current_archive_coverage_refresh_state_audit,,skipped,no compatible coordinate optimizer summary,,,,,,,
724,outputs/experiments/724_next_action_queue_current_archive_coverage_refresh,,skipped,no compatible coordinate optimizer summary,,,,,,,
723,outputs/experiments/723_commit_pr_summary_current_archive_coverage_refresh,,skipped,no compatible coordinate optimizer summary,,,,,,,
722,outputs/experiments/722_current_state_archive_coverage_audit_refresh,,skipped,no compatible coordinate optimizer summary,,,,,,,
721,outputs/experiments/721_current_review_refresh_state_audit,,skipped,no compatible coordinate optimizer summary,,,,,,,
720,outputs/experiments/720_next_action_queue_current_review_refresh,,skipped,no compatible coordinate optimizer summary,,,,,,,
719,outputs/experiments/719_commit_pr_summary_current_review_refresh,,skipped,no compatible coordinate optimizer summary,,,,,,,
718,outputs/experiments/718_code_self_review_current_validation_refresh,,skipped,no compatible coordinate optimizer summary,,,,,,,
717,outputs/experiments/717_current_validation_refresh_state_audit,,skipped,no compatible coordinate optimizer summary,,,,,,,
716,outputs/experiments/716_next_action_queue_current_validation_refresh,,skipped,no compatible coordinate optimizer summary,,,,,,,
715,outputs/experiments/715_commit_pr_summary_current_validation_refresh,,skipped,no compatible coordinate optimizer summary,,,,,,,
714,outputs/experiments/714_current_precommit_validation_after_archive_coverage_refresh,,skipped,no compatible coordinate optimizer summary,,,,,,,
713,outputs/experiments/713_current_archive_coverage_refresh_state_audit,,skipped,no compatible coordinate optimizer summary,,,,,,,
712,outputs/experiments/712_next_action_queue_current_archive_coverage_refresh,,skipped,no compatible coordinate optimizer summary,,,,,,,
711,outputs/experiments/711_commit_pr_summary_current_archive_coverage_refresh,,skipped,no compatible coordinate optimizer summary,,,,,,,
710,outputs/experiments/710_current_state_archive_coverage_audit_refresh,,skipped,no compatible coordinate optimizer summary,,,,,,,
709,outputs/experiments/709_current_review_refresh_state_audit,,skipped,no compatible coordinate optimizer summary,,,,,,,
708,outputs/experiments/708_next_action_queue_current_review_refresh,,skipped,no compatible coordinate optimizer summary,,,,,,,
707,outputs/experiments/707_commit_pr_summary_current_review_refresh,,skipped,no compatible coordinate optimizer summary,,,,,,,
706,outputs/experiments/706_code_self_review_current_validation_checkpoint,,skipped,no compatible coordinate optimizer summary,,,,,,,
705,outputs/experiments/705_current_validation_after_coordinate_default_audit_state_audit,,skipped,no compatible coordinate optimizer summary,,,,,,,
704,outputs/experiments/704_next_action_queue_current_validation_after_coordinate_default_audit_refresh,,skipped,no compatible coordinate optimizer summary,,,,,,,
703,outputs/experiments/703_commit_pr_summary_current_validation_after_coordinate_default_audit_refresh,,skipped,no compatible coordinate optimizer summary,,,,,,,
702,outputs/experiments/702_current_precommit_validation_after_coordinate_default_audit_refresh,,skipped,no compatible coordinate optimizer summary,,,,,,,
701,outputs/experiments/701_current_coordinate_default_audit_refresh_state_audit,,skipped,no compatible coordinate optimizer summary,,,,,,,
700,outputs/experiments/700_next_action_queue_coordinate_default_audit_refresh,,skipped,no compatible coordinate optimizer summary,,,,,,,
699,outputs/experiments/699_commit_pr_summary_coordinate_default_audit_refresh,,skipped,no compatible coordinate optimizer summary,,,,,,,
698,outputs/experiments/698_current_coordinate_default_smoke_state_audit,,skipped,no compatible coordinate optimizer summary,,,,,,,
697,outputs/experiments/697_next_action_queue_coordinate_default_smoke_refresh,,skipped,no compatible coordinate optimizer summary,,,,,,,
696,outputs/experiments/696_commit_pr_summary_coordinate_default_smoke_refresh,,skipped,no compatible coordinate optimizer summary,,,,,,,
695,outputs/experiments/695_coordinate_aggregate_invalid_default_smoke,,skipped,no compatible coordinate optimizer summary,,,,,,,
694,outputs/experiments/694_coordinate_confidence_metadata_default_hardening,,skipped,no compatible coordinate optimizer summary,,,,,,,
693,outputs/experiments/693_next_action_queue_current_validation_refresh,,skipped,no compatible coordinate optimizer summary,,,,,,,
692,outputs/experiments/692_commit_pr_summary_current_validation_refresh,,skipped,no compatible coordinate optimizer summary,,,,,,,
691,outputs/experiments/691_current_precommit_validation_after_manuscript_archive_refresh,,skipped,no compatible coordinate optimizer summary,,,,,,,
690,outputs/experiments/690_next_action_queue_current_manuscript_archive_audit_refresh,,skipped,no compatible coordinate optimizer summary,,,,,,,
689,outputs/experiments/689_commit_pr_summary_current_manuscript_archive_audit_refresh,,skipped,no compatible coordinate optimizer summary,,,,,,,
688,outputs/experiments/688_current_manuscript_archive_state_audit,,skipped,no compatible coordinate optimizer summary,,,,,,,
687,outputs/experiments/687_next_action_queue_current_manuscript_validation_refresh,,skipped,no compatible coordinate optimizer summary,,,,,,,
686,outputs/experiments/686_commit_pr_summary_current_manuscript_validation_refresh,,skipped,no compatible coordinate optimizer summary,,,,,,,
685,outputs/experiments/685_imrad_manuscript_current_archive_coverage_validation_refresh,,skipped,no compatible coordinate optimizer summary,,,,,,,
684,outputs/experiments/684_next_action_queue_current_archive_coverage_refresh,,skipped,no compatible coordinate optimizer summary,,,,,,,
683,outputs/experiments/683_commit_pr_summary_current_archive_coverage_refresh,,skipped,no compatible coordinate optimizer summary,,,,,,,
682,outputs/experiments/682_current_state_archive_coverage_audit_refresh,,skipped,no compatible coordinate optimizer summary,,,,,,,
681,outputs/experiments/681_next_action_queue_coordinate_aggregate_audit_refresh,,skipped,no compatible coordinate optimizer summary,,,,,,,
680,outputs/experiments/680_commit_pr_summary_coordinate_aggregate_audit_refresh,,skipped,no compatible coordinate optimizer summary,,,,,,,
679,outputs/experiments/679_current_coordinate_aggregate_smoke_state_audit,,skipped,no compatible coordinate optimizer summary,,,,,,,
678,outputs/experiments/678_next_action_queue_coordinate_aggregate_smoke_refresh,,skipped,no compatible coordinate optimizer summary,,,,,,,
677,outputs/experiments/677_commit_pr_summary_coordinate_aggregate_smoke_refresh,,skipped,no compatible coordinate optimizer summary,,,,,,,
676,outputs/experiments/676_coordinate_aggregate_nonfinite_row_smoke,,skipped,no compatible coordinate optimizer summary,,,,,,,
675,outputs/experiments/675_coordinate_aggregate_row_sanitization_hardening,,skipped,no compatible coordinate optimizer summary,,,,,,,
674,outputs/experiments/674_next_action_queue_nonfinite_confidence_audit_refresh,,skipped,no compatible coordinate optimizer summary,,,,,,,
673,outputs/experiments/673_commit_pr_summary_nonfinite_confidence_audit_refresh,,skipped,no compatible coordinate optimizer summary,,,,,,,
672,outputs/experiments/672_current_nonfinite_confidence_smoke_state_audit,,skipped,no compatible coordinate optimizer summary,,,,,,,
671,outputs/experiments/671_next_action_queue_nonfinite_confidence_smoke_refresh,,skipped,no compatible coordinate optimizer summary,,,,,,,
670,outputs/experiments/670_commit_pr_summary_nonfinite_confidence_smoke_refresh,,skipped,no compatible coordinate optimizer summary,,,,,,,
669,outputs/experiments/669_objective_diagnostic_nonfinite_confidence_smoke,,skipped,no compatible coordinate optimizer summary,,,,,,,
668,outputs/experiments/668_next_action_queue_candidate_row_sanitization_audit_refresh,,skipped,no compatible coordinate optimizer summary,,,,,,,
667,outputs/experiments/667_commit_pr_summary_candidate_row_sanitization_audit_refresh,,skipped,no compatible coordinate optimizer summary,,,,,,,
666,outputs/experiments/666_current_candidate_row_sanitization_state_audit,,skipped,no compatible coordinate optimizer summary,,,,,,,
665,outputs/experiments/665_next_action_queue_candidate_row_sanitization_refresh,,skipped,no compatible coordinate optimizer summary,,,,,,,
664,outputs/experiments/664_commit_pr_summary_candidate_row_sanitization_refresh,,skipped,no compatible coordinate optimizer summary,,,,,,,
663,outputs/experiments/663_candidate_confidence_row_sanitization_hardening,,skipped,no compatible coordinate optimizer summary,,,,,,,
662,outputs/experiments/662_next_action_queue_candidate_confidence_audit_refresh,,skipped,no compatible coordinate optimizer summary,,,,,,,
661,outputs/experiments/661_commit_pr_summary_candidate_confidence_audit_refresh,,skipped,no compatible coordinate optimizer summary,,,,,,,
660,outputs/experiments/660_current_candidate_confidence_state_audit,,skipped,no compatible coordinate optimizer summary,,,,,,,
659,outputs/experiments/659_next_action_queue_candidate_confidence_refresh,,skipped,no compatible coordinate optimizer summary,,,,,,,
658,outputs/experiments/658_commit_pr_summary_candidate_confidence_refresh,,skipped,no compatible coordinate optimizer summary,,,,,,,
657,outputs/experiments/657_candidate_confidence_nonfinite_hardening,,skipped,no compatible coordinate optimizer summary,,,,,,,
656,outputs/experiments/656_next_action_queue_archive_coverage_refresh,,skipped,no compatible coordinate optimizer summary,,,,,,,
655,outputs/experiments/655_commit_pr_summary_current_archive_coverage_refresh,,skipped,no compatible coordinate optimizer summary,,,,,,,
654,outputs/experiments/654_current_state_archive_coverage_audit,,skipped,no compatible coordinate optimizer summary,,,,,,,
653,outputs/experiments/653_next_action_queue_state_audit_refresh,,skipped,no compatible coordinate optimizer summary,,,,,,,
652,outputs/experiments/652_commit_pr_summary_current_state_audit_refresh,,skipped,no compatible coordinate optimizer summary,,,,,,,
651,outputs/experiments/651_current_resume_checkpoint_state_audit,,skipped,no compatible coordinate optimizer summary,,,,,,,
650,outputs/experiments/650_next_action_queue_resume_checkpoint_refresh,,skipped,no compatible coordinate optimizer summary,,,,,,,
649,outputs/experiments/649_commit_pr_summary_current_resume_checkpoint_refresh,,skipped,no compatible coordinate optimizer summary,,,,,,,
648,outputs/experiments/648_post_manifest_audit_resume_checkpoint,,skipped,no compatible coordinate optimizer summary,,,,,,,
647,outputs/experiments/647_next_action_queue_manifest_audit_refresh,,skipped,no compatible coordinate optimizer summary,,,,,,,
646,outputs/experiments/646_commit_pr_summary_current_manifest_audit_refresh,,skipped,no compatible coordinate optimizer summary,,,,,,,
645,outputs/experiments/645_current_manifest_smoke_state_audit,,skipped,no compatible coordinate optimizer summary,,,,,,,
644,outputs/experiments/644_next_action_queue_manifest_smoke_refresh,,skipped,no compatible coordinate optimizer summary,,,,,,,
643,outputs/experiments/643_commit_pr_summary_current_manifest_smoke_refresh,,skipped,no compatible coordinate optimizer summary,,,,,,,
642,outputs/experiments/642_objective_diagnostic_no_confidence_manifest_smoke,,skipped,no compatible coordinate optimizer summary,,,,,,,
641,outputs/experiments/641_next_action_queue_manifest_validation_refresh,,skipped,no compatible coordinate optimizer summary,,,,,,,
640,outputs/experiments/640_commit_pr_summary_current_manifest_validation_refresh,,skipped,no compatible coordinate optimizer summary,,,,,,,
639,outputs/experiments/639_objective_diagnostic_manifest_artifact_hardening,,skipped,no compatible coordinate optimizer summary,,,,,,,
638,outputs/experiments/638_next_action_queue_manuscript_resume_archive_refresh,,skipped,no compatible coordinate optimizer summary,,,,,,,
637,outputs/experiments/637_commit_pr_summary_current_manuscript_resume_archive_refresh,,skipped,no compatible coordinate optimizer summary,,,,,,,
636,outputs/experiments/636_imrad_manuscript_current_resume_archive_validation_refresh,,skipped,no compatible coordinate optimizer summary,,,,,,,
635,outputs/experiments/635_next_action_queue_archive_resume_refresh,,skipped,no compatible coordinate optimizer summary,,,,,,,
634,outputs/experiments/634_commit_pr_summary_current_archive_resume_refresh,,skipped,no compatible coordinate optimizer summary,,,,,,,
633,outputs/experiments/633_current_handoff_archive_resume_refresh,,skipped,no compatible coordinate optimizer summary,,,,,,,
632,outputs/experiments/632_current_resume_archive_size_audit,,skipped,no compatible coordinate optimizer summary,,,,,,,
631,outputs/experiments/631_next_action_queue_resume_audit_refresh,,skipped,no compatible coordinate optimizer summary,,,,,,,
630,outputs/experiments/630_commit_pr_summary_current_resume_audit_refresh,,skipped,no compatible coordinate optimizer summary,,,,,,,
629,outputs/experiments/629_current_resume_state_audit,,skipped,no compatible coordinate optimizer summary,,,,,,,
628,outputs/experiments/628_next_action_queue_resume_refresh,,skipped,no compatible coordinate optimizer summary,,,,,,,
627,outputs/experiments/627_commit_pr_summary_current_resume_refresh,,skipped,no compatible coordinate optimizer summary,,,,,,,
626,outputs/experiments/626_post_manuscript_archive_resume_checkpoint,,skipped,no compatible coordinate optimizer summary,,,,,,,
625,outputs/experiments/625_next_action_queue_manuscript_archive_handoff_refresh,,skipped,no compatible coordinate optimizer summary,,,,,,,
624,outputs/experiments/624_commit_pr_summary_current_manuscript_archive_handoff_refresh,,skipped,no compatible coordinate optimizer summary,,,,,,,
623,outputs/experiments/623_current_handoff_archive_manuscript_refresh,,skipped,no compatible coordinate optimizer summary,,,,,,,
622,outputs/experiments/622_current_manuscript_archive_size_audit,,skipped,no compatible coordinate optimizer summary,,,,,,,
621,outputs/experiments/621_next_action_queue_manuscript_archive_refresh,,skipped,no compatible coordinate optimizer summary,,,,,,,
620,outputs/experiments/620_commit_pr_summary_current_manuscript_archive_refresh,,skipped,no compatible coordinate optimizer summary,,,,,,,
619,outputs/experiments/619_imrad_manuscript_current_archive_validation_refresh,,skipped,no compatible coordinate optimizer summary,,,,,,,
618,outputs/experiments/618_next_action_queue_archive_smoke_audit_refresh,,skipped,no compatible coordinate optimizer summary,,,,,,,
617,outputs/experiments/617_commit_pr_summary_current_archive_smoke_audit_refresh,,skipped,no compatible coordinate optimizer summary,,,,,,,
616,outputs/experiments/616_current_handoff_archive_smoke_audit_refresh,,skipped,no compatible coordinate optimizer summary,,,,,,,
615,outputs/experiments/615_current_smoke_audit_archive_size_audit,,skipped,no compatible coordinate optimizer summary,,,,,,,
614,outputs/experiments/614_next_action_queue_smoke_audit_refresh,,skipped,no compatible coordinate optimizer summary,,,,,,,
613,outputs/experiments/613_commit_pr_summary_current_smoke_audit_refresh,,skipped,no compatible coordinate optimizer summary,,,,,,,
612,outputs/experiments/612_current_nonfinite_hardening_state_audit,,skipped,no compatible coordinate optimizer summary,,,,,,,
611,outputs/experiments/611_objective_cli_sparse_nonfinite_smoke,,skipped,no compatible coordinate optimizer summary,,,,,,,
610,outputs/experiments/610_objective_ratio_null_serialization_hardening,,skipped,no compatible coordinate optimizer summary,,,,,,,
609,outputs/experiments/609_reporting_cli_nonfinite_smoke,,skipped,no compatible coordinate optimizer summary,,,,,,,
608,outputs/experiments/608_next_action_queue_nonfinite_hardening_refresh,,skipped,no compatible coordinate optimizer summary,,,,,,,
607,outputs/experiments/607_commit_pr_summary_current_nonfinite_hardening_refresh,,skipped,no compatible coordinate optimizer summary,,,,,,,
606,outputs/experiments/606_optional_numeric_nonfinite_reporting_hardening,,skipped,no compatible coordinate optimizer summary,,,,,,,
605,outputs/experiments/605_current_diagnostic_hardening_state_audit,,skipped,no compatible coordinate optimizer summary,,,,,,,
604,outputs/experiments/604_next_action_queue_diagnostic_hardening_refresh,,skipped,no compatible coordinate optimizer summary,,,,,,,
603,outputs/experiments/603_commit_pr_summary_current_diagnostic_hardening_refresh,,skipped,no compatible coordinate optimizer summary,,,,,,,
602,outputs/experiments/602_objective_diagnostic_sparse_geometry_hardening,,skipped,no compatible coordinate optimizer summary,,,,,,,
601,outputs/experiments/601_next_action_queue_commit_summary_validation_refresh,,skipped,no compatible coordinate optimizer summary,,,,,,,
600,outputs/experiments/600_commit_pr_summary_current_validation_refresh,,skipped,no compatible coordinate optimizer summary,,,,,,,
599,outputs/experiments/599_next_action_queue_current_validation_refresh,,skipped,no compatible coordinate optimizer summary,,,,,,,
598,outputs/experiments/598_current_precommit_validation_after_archive_refresh,,skipped,no compatible coordinate optimizer summary,,,,,,,
597,outputs/experiments/597_next_action_queue_current_archive_refresh,,skipped,no compatible coordinate optimizer summary,,,,,,,
596,outputs/experiments/596_commit_pr_summary_current_archive_refresh,,skipped,no compatible coordinate optimizer summary,,,,,,,
595,outputs/experiments/595_current_handoff_archive_refresh,,skipped,no compatible coordinate optimizer summary,,,,,,,
594,outputs/experiments/594_current_handoff_archive_refresh_size_audit,,skipped,no compatible coordinate optimizer summary,,,,,,,
593,outputs/experiments/593_next_action_queue_current_manuscript_validation_refresh,,skipped,no compatible coordinate optimizer summary,,,,,,,
592,outputs/experiments/592_commit_pr_summary_current_manuscript_validation_refresh,,skipped,no compatible coordinate optimizer summary,,,,,,,
591,outputs/experiments/591_imrad_manuscript_current_validation_refresh,,skipped,no compatible coordinate optimizer summary,,,,,,,
590,outputs/experiments/590_current_artifact_consistency_audit,,skipped,no compatible coordinate optimizer summary,,,,,,,
589,outputs/experiments/589_next_action_queue_post_sparse_hardening_resume_refresh,,skipped,no compatible coordinate optimizer summary,,,,,,,
588,outputs/experiments/588_post_sparse_hardening_resume_checkpoint,,skipped,no compatible coordinate optimizer summary,,,,,,,
587,outputs/experiments/587_next_action_queue_commit_summary_sparse_hardening_refresh,,skipped,no compatible coordinate optimizer summary,,,,,,,
586,outputs/experiments/586_commit_pr_summary_sparse_hardening_refresh,,skipped,no compatible coordinate optimizer summary,,,,,,,
585,outputs/experiments/585_next_action_queue_objective_sparse_hardening_refresh,,skipped,no compatible coordinate optimizer summary,,,,,,,
584,outputs/experiments/584_objective_confidence_sparse_result_hardening,,skipped,no compatible coordinate optimizer summary,,,,,,,
583,outputs/experiments/583_next_action_queue_precommit_validation_refresh,,skipped,no compatible coordinate optimizer summary,,,,,,,
582,outputs/experiments/582_current_precommit_validation_checkpoint,,skipped,no compatible coordinate optimizer summary,,,,,,,
581,outputs/experiments/581_next_action_queue_current_archive_refresh,,skipped,no compatible coordinate optimizer summary,,,,,,,
580,outputs/experiments/580_current_handoff_archive,,skipped,no compatible coordinate optimizer summary,,,,,,,
579,outputs/experiments/579_current_handoff_archive_size_audit,,skipped,no compatible coordinate optimizer summary,,,,,,,
578,outputs/experiments/578_next_action_queue_commit_summary_refresh,,skipped,no compatible coordinate optimizer summary,,,,,,,
577,outputs/experiments/577_commit_pr_summary_current_refresh,,skipped,no compatible coordinate optimizer summary,,,,,,,
576,outputs/experiments/576_next_action_queue_manuscript_validation_refresh,,skipped,no compatible coordinate optimizer summary,,,,,,,
575,outputs/experiments/575_imrad_manuscript_validation_refresh,,skipped,no compatible coordinate optimizer summary,,,,,,,
574,outputs/experiments/574_next_action_queue_post_hardening,,skipped,no compatible coordinate optimizer summary,,,,,,,
573,outputs/experiments/573_post_hardening_resume_checkpoint,,skipped,no compatible coordinate optimizer summary,,,,,,,
572,outputs/experiments/572_commit_pr_summary_post_hardening,,skipped,no compatible coordinate optimizer summary,,,,,,,
571,outputs/experiments/571_coordinate_aggregate_note_hardening,,skipped,no compatible coordinate optimizer summary,,,,,,,
570,outputs/experiments/570_commit_pr_summary_refresh,,skipped,no compatible coordinate optimizer summary,,,,,,,
569,outputs/experiments/569_next_action_queue_post_polish,,skipped,no compatible coordinate optimizer summary,,,,,,,
568,outputs/experiments/568_post_manuscript_polish_checkpoint,,skipped,no compatible coordinate optimizer summary,,,,,,,
567,outputs/experiments/567_manuscript_guardrail_prose_polish,,skipped,no compatible coordinate optimizer summary,,,,,,,
566,outputs/experiments/566_next_action_queue_manuscript_refresh,,skipped,no compatible coordinate optimizer summary,,,,,,,
565,outputs/experiments/565_manuscript_balance_audit,,skipped,no compatible coordinate optimizer summary,,,,,,,
564,outputs/experiments/564_post_imrad_resume_checkpoint,,skipped,no compatible coordinate optimizer summary,,,,,,,
563,outputs/experiments/563_imrad_manuscript_lint,,skipped,no compatible coordinate optimizer summary,,,,,,,
562,outputs/experiments/562_imrad_manuscript_draft,,skipped,no compatible coordinate optimizer summary,,,,,,,
561,outputs/experiments/561_next_action_queue_refresh,,skipped,no compatible coordinate optimizer summary,,,,,,,
560,outputs/experiments/560_revised_final_report_lint,,skipped,no compatible coordinate optimizer summary,,,,,,,
559,outputs/experiments/559_final_report_reproducibility_refresh,,skipped,no compatible coordinate optimizer summary,,,,,,,
558,outputs/experiments/558_next_action_queue,,skipped,no compatible coordinate optimizer summary,,,,,,,
557,outputs/experiments/557_commit_pr_summary_draft,,skipped,no compatible coordinate optimizer summary,,,,,,,
556,outputs/experiments/556_post_archive_resume_checkpoint,,skipped,no compatible coordinate optimizer summary,,,,,,,
555,outputs/experiments/555_report_dependency_archive,,skipped,no compatible coordinate optimizer summary,,,,,,,
554,outputs/experiments/554_report_dependency_size_audit,,skipped,no compatible coordinate optimizer summary,,,,,,,
553,outputs/experiments/553_post_hardening_resume_checkpoint,,skipped,no compatible coordinate optimizer summary,,,,,,,
552,outputs/experiments/552_code_self_review_objective_notes_hardening,,skipped,no compatible coordinate optimizer summary,,,,,,,
551,outputs/experiments/551_commit_archive_inventory,,skipped,no compatible coordinate optimizer summary,,,,,,,
550,outputs/experiments/550_archive_status_checkpoint,,skipped,no compatible coordinate optimizer summary,,,,,,,
549,outputs/experiments/549_final_report_editorial_lint,,skipped,no compatible coordinate optimizer summary,,,,,,,
548,outputs/experiments/548_final_report_markdown,,skipped,no compatible coordinate optimizer summary,,,,,,,
547,outputs/experiments/547_reporting_reproducibility_bundle,,skipped,no compatible coordinate optimizer summary,,,,,,,
546,outputs/experiments/546_report_claim_consistency_audit,,skipped,no compatible coordinate optimizer summary,,,,,,,
545,outputs/experiments/545_report_figure_caption_package,,skipped,no compatible coordinate optimizer summary,,,,,,,
544,outputs/experiments/544_decision_figure_readiness_audit,,skipped,no compatible coordinate optimizer summary,,,,,,,
543,outputs/experiments/543_compact_objective_summary_figure,,skipped,no compatible coordinate optimizer summary,,,,,,,
542,outputs/experiments/542_decision_figure_map,,skipped,no compatible coordinate optimizer summary,,,,,,,
541,outputs/experiments/541_combined_report_draft,,skipped,no compatible coordinate optimizer summary,,,,,,,
540,outputs/experiments/540_results_methods_evidence_table,,skipped,no compatible coordinate optimizer summary,,,,,,,
539,outputs/experiments/539_results_section_draft,,skipped,no compatible coordinate optimizer summary,,,,,,,
538,outputs/experiments/538_current_evidence_synthesis,,skipped,no compatible coordinate optimizer summary,,,,,,,
537,outputs/experiments/537_marathon_checkpoint_reporting_handoff,,skipped,no compatible coordinate optimizer summary,,,,,,,
536,outputs/experiments/536_single_rebar_shallow_r4_reporting_handoff,,skipped,no compatible coordinate optimizer summary,,,,,,,
535,outputs/experiments/535_source_shape_center_interval_reporting_handoff,,skipped,no compatible coordinate optimizer summary,,,,,,,
534,outputs/experiments/534_coordinate_confidence_aggregate_close50_txrx20_vs_txrx40_sources5_metadata_repair,,skipped,no compatible coordinate optimizer summary,,,,,,,
533,outputs/experiments/533_variable_depth_radius_txrx50_objective_reporting_handoff,,skipped,no compatible coordinate optimizer summary,,,,,,,
532,outputs/experiments/532_variable_depth_radius_txrx50_all_condition_objective_confidence_report,,skipped,no compatible coordinate optimizer summary,,,,,,,
531,outputs/experiments/531_variable_depth_radius_all_targets_three_seed_txrx50_ringdown025_objective_confidence_report,,skipped,no compatible coordinate optimizer summary,,,,,,,
530,outputs/experiments/530_variable_depth_radius_target1_three_seed_txrx50_ringdown025_objective_confidence_report,,skipped,no compatible coordinate optimizer summary,,,,,,,
529,outputs/experiments/529_variable_depth_radius_seed34_target1_txrx50_ringdown025_objective_confidence_report,,skipped,no compatible coordinate optimizer summary,,,,,,,
528,outputs/experiments/528_coordinate_optimizer_variable_depth_radius_seed34_target1_txrx50_ringdown025_objectives,outputs/experiments/528_coordinate_optimizer_variable_depth_radius_seed34_target1_txrx50_ringdown025_objectives/data/multi_rebar_coordinate_optimizer_summary.json,generated,missing pulse/noise artifacts,outputs/experiments/528_coordinate_optimizer_variable_depth_radius_seed34_target1_txrx50_ringdown025_objectives/figures/source_pulse_noise_context.png,outputs/experiments/528_coordinate_optimizer_variable_depth_radius_seed34_target1_txrx50_ringdown025_objectives/data/source_pulse_noise_context_summary.json,outputs/experiments/528_coordinate_optimizer_variable_depth_radius_seed34_target1_txrx50_ringdown025_objectives/figures/FIGURE_NOTES.md,2314,1379,6241,0.11497816049233377
527,outputs/experiments/527_variable_depth_radius_seed13_target1_txrx50_ringdown025_objective_confidence_report,,skipped,no compatible coordinate optimizer summary,,,,,,,
526,outputs/experiments/526_coordinate_optimizer_variable_depth_radius_seed13_target1_txrx50_ringdown025_objectives,outputs/experiments/526_coordinate_optimizer_variable_depth_radius_seed13_target1_txrx50_ringdown025_objectives/data/multi_rebar_coordinate_optimizer_summary.json,generated,missing pulse/noise artifacts,outputs/experiments/526_coordinate_optimizer_variable_depth_radius_seed13_target1_txrx50_ringdown025_objectives/figures/source_pulse_noise_context.png,outputs/experiments/526_coordinate_optimizer_variable_depth_radius_seed13_target1_txrx50_ringdown025_objectives/data/source_pulse_noise_context_summary.json,outputs/experiments/526_coordinate_optimizer_variable_depth_radius_seed13_target1_txrx50_ringdown025_objectives/figures/FIGURE_NOTES.md,2314,1379,6463,0.11702516385114914
525,outputs/experiments/525_variable_depth_radius_target2_three_seed_txrx50_ringdown025_objective_confidence_report,,skipped,no compatible coordinate optimizer summary,,,,,,,
524,outputs/experiments/524_variable_depth_radius_seed34_target2_txrx50_ringdown025_objective_confidence_report,,skipped,no compatible coordinate optimizer summary,,,,,,,
523,outputs/experiments/523_coordinate_optimizer_variable_depth_radius_seed34_target2_txrx50_ringdown025_objectives,outputs/experiments/523_coordinate_optimizer_variable_depth_radius_seed34_target2_txrx50_ringdown025_objectives/data/multi_rebar_coordinate_optimizer_summary.json,generated,missing pulse/noise artifacts,outputs/experiments/523_coordinate_optimizer_variable_depth_radius_seed34_target2_txrx50_ringdown025_objectives/figures/source_pulse_noise_context.png,outputs/experiments/523_coordinate_optimizer_variable_depth_radius_seed34_target2_txrx50_ringdown025_objectives/data/source_pulse_noise_context_summary.json,outputs/experiments/523_coordinate_optimizer_variable_depth_radius_seed34_target2_txrx50_ringdown025_objectives/figures/FIGURE_NOTES.md,2314,1379,6241,0.11498912882019025
522,outputs/experiments/522_variable_depth_radius_seed13_target2_txrx50_ringdown025_objective_confidence_report,,skipped,no compatible coordinate optimizer summary,,,,,,,
521,outputs/experiments/521_coordinate_optimizer_variable_depth_radius_seed13_target2_txrx50_ringdown025_objectives,outputs/experiments/521_coordinate_optimizer_variable_depth_radius_seed13_target2_txrx50_ringdown025_objectives/data/multi_rebar_coordinate_optimizer_summary.json,generated,missing pulse/noise artifacts,outputs/experiments/521_coordinate_optimizer_variable_depth_radius_seed13_target2_txrx50_ringdown025_objectives/figures/source_pulse_noise_context.png,outputs/experiments/521_coordinate_optimizer_variable_depth_radius_seed13_target2_txrx50_ringdown025_objectives/data/source_pulse_noise_context_summary.json,outputs/experiments/521_coordinate_optimizer_variable_depth_radius_seed13_target2_txrx50_ringdown025_objectives/figures/FIGURE_NOTES.md,2314,1379,6463,0.11703613217900562
520,outputs/experiments/520_variable_depth_radius_target0_three_seed_txrx50_ringdown025_objective_confidence_report,,skipped,no compatible coordinate optimizer summary,,,,,,,
519,outputs/experiments/519_variable_depth_radius_seed34_target0_txrx50_ringdown025_objective_confidence_report,,skipped,no compatible coordinate optimizer summary,,,,,,,
518,outputs/experiments/518_coordinate_optimizer_variable_depth_radius_seed34_target0_txrx50_ringdown025_objectives,outputs/experiments/518_coordinate_optimizer_variable_depth_radius_seed34_target0_txrx50_ringdown025_objectives/data/multi_rebar_coordinate_optimizer_summary.json,generated,missing pulse/noise artifacts,outputs/experiments/518_coordinate_optimizer_variable_depth_radius_seed34_target0_txrx50_ringdown025_objectives/figures/source_pulse_noise_context.png,outputs/experiments/518_coordinate_optimizer_variable_depth_radius_seed34_target0_txrx50_ringdown025_objectives/data/source_pulse_noise_context_summary.json,outputs/experiments/518_coordinate_optimizer_variable_depth_radius_seed34_target0_txrx50_ringdown025_objectives/figures/FIGURE_NOTES.md,2314,1379,6241,0.11500417109839342
517,outputs/experiments/517_variable_depth_radius_target0_seed13_seed55_txrx50_ringdown025_objective_confidence_report,,skipped,no compatible coordinate optimizer summary,,,,,,,
516,outputs/experiments/516_variable_depth_radius_seed13_target0_txrx50_ringdown025_objective_confidence_report,,skipped,no compatible coordinate optimizer summary,,,,,,,
515,outputs/experiments/515_coordinate_optimizer_variable_depth_radius_seed13_target0_txrx50_ringdown025_objectives,outputs/experiments/515_coordinate_optimizer_variable_depth_radius_seed13_target0_txrx50_ringdown025_objectives/data/multi_rebar_coordinate_optimizer_summary.json,generated,missing pulse/noise artifacts,outputs/experiments/515_coordinate_optimizer_variable_depth_radius_seed13_target0_txrx50_ringdown025_objectives/figures/source_pulse_noise_context.png,outputs/experiments/515_coordinate_optimizer_variable_depth_radius_seed13_target0_txrx50_ringdown025_objectives/data/source_pulse_noise_context_summary.json,outputs/experiments/515_coordinate_optimizer_variable_depth_radius_seed13_target0_txrx50_ringdown025_objectives/figures/FIGURE_NOTES.md,2314,1379,6463,0.11705117445720879
514,outputs/experiments/514_variable_depth_radius_all_targets_txrx50_ringdown025_objective_confidence_report,,skipped,no compatible coordinate optimizer summary,,,,,,,
513,outputs/experiments/513_variable_depth_radius_target1_txrx50_ringdown025_objective_confidence_report,,skipped,no compatible coordinate optimizer summary,,,,,,,
512,outputs/experiments/512_coordinate_optimizer_variable_depth_radius_target1_txrx50_ringdown025_objectives,outputs/experiments/512_coordinate_optimizer_variable_depth_radius_target1_txrx50_ringdown025_objectives/data/multi_rebar_coordinate_optimizer_summary.json,generated,missing pulse/noise artifacts,outputs/experiments/512_coordinate_optimizer_variable_depth_radius_target1_txrx50_ringdown025_objectives/figures/source_pulse_noise_context.png,outputs/experiments/512_coordinate_optimizer_variable_depth_radius_target1_txrx50_ringdown025_objectives/data/source_pulse_noise_context_summary.json,outputs/experiments/512_coordinate_optimizer_variable_depth_radius_target1_txrx50_ringdown025_objectives/figures/FIGURE_NOTES.md,2314,1379,6479,0.11790889769558566
511,outputs/experiments/511_variable_depth_radius_target2_txrx50_ringdown025_objective_confidence_report,,skipped,no compatible coordinate optimizer summary,,,,,,,
510,outputs/experiments/510_coordinate_optimizer_variable_depth_radius_target2_txrx50_ringdown025_objectives,outputs/experiments/510_coordinate_optimizer_variable_depth_radius_target2_txrx50_ringdown025_objectives/data/multi_rebar_coordinate_optimizer_summary.json,generated,missing pulse/noise artifacts,outputs/experiments/510_coordinate_optimizer_variable_depth_radius_target2_txrx50_ringdown025_objectives/figures/source_pulse_noise_context.png,outputs/experiments/510_coordinate_optimizer_variable_depth_radius_target2_txrx50_ringdown025_objectives/data/source_pulse_noise_context_summary.json,outputs/experiments/510_coordinate_optimizer_variable_depth_radius_target2_txrx50_ringdown025_objectives/figures/FIGURE_NOTES.md,2314,1379,6479,0.11792519349697243
509,outputs/experiments/509_variable_depth_radius_target0_txrx50_ringdown025_objective_confidence_report,,skipped,no compatible coordinate optimizer summary,,,,,,,
508,outputs/experiments/508_coordinate_optimizer_variable_depth_radius_target0_txrx50_ringdown025_objectives,outputs/experiments/508_coordinate_optimizer_variable_depth_radius_target0_txrx50_ringdown025_objectives/data/multi_rebar_coordinate_optimizer_summary.json,generated,missing pulse/noise artifacts,outputs/experiments/508_coordinate_optimizer_variable_depth_radius_target0_txrx50_ringdown025_objectives/figures/source_pulse_noise_context.png,outputs/experiments/508_coordinate_optimizer_variable_depth_radius_target0_txrx50_ringdown025_objectives/data/source_pulse_noise_context_summary.json,outputs/experiments/508_coordinate_optimizer_variable_depth_radius_target0_txrx50_ringdown025_objectives/figures/FIGURE_NOTES.md,2314,1379,6479,0.11793772872880841
507,outputs/experiments/507_source_shape_center_true_state_veryhigh_objective_confidence_report,,skipped,no compatible coordinate optimizer summary,,,,,,,
506,outputs/experiments/506_multi_rebar_coupled_source_shape_true_state_radius_veryhigh_objectives,outputs/experiments/506_multi_rebar_coupled_source_shape_true_state_radius_veryhigh_objectives/data/multi_rebar_coordinate_optimizer_summary.json,generated,missing pulse/noise artifacts,outputs/experiments/506_multi_rebar_coupled_source_shape_true_state_radius_veryhigh_objectives/figures/source_pulse_noise_context.png,outputs/experiments/506_multi_rebar_coupled_source_shape_true_state_radius_veryhigh_objectives/data/source_pulse_noise_context_summary.json,outputs/experiments/506_multi_rebar_coupled_source_shape_true_state_radius_veryhigh_objectives/figures/FIGURE_NOTES.md,2314,1379,6479,0.11697533630460112
505,outputs/experiments/505_variable_depth_radius_all_targets_txrx50_objective_confidence_report,,skipped,no compatible coordinate optimizer summary,,,,,,,
504,outputs/experiments/504_coordinate_optimizer_variable_depth_radius_target1_txrx50_three_seed_objective_variants,outputs/experiments/504_coordinate_optimizer_variable_depth_radius_target1_txrx50_three_seed_objective_variants/data/multi_rebar_coordinate_optimizer_summary.json,generated,missing pulse/noise artifacts,outputs/experiments/504_coordinate_optimizer_variable_depth_radius_target1_txrx50_three_seed_objective_variants/figures/source_pulse_noise_context.png,outputs/experiments/504_coordinate_optimizer_variable_depth_radius_target1_txrx50_three_seed_objective_variants/data/source_pulse_noise_context_summary.json,outputs/experiments/504_coordinate_optimizer_variable_depth_radius_target1_txrx50_three_seed_objective_variants/figures/FIGURE_NOTES.md,2314,1379,5164,0.1094046830372616
503,outputs/experiments/503_variable_depth_radius_target0_target2_txrx50_objective_confidence_report,,skipped,no compatible coordinate optimizer summary,,,,,,,
502,outputs/experiments/502_variable_depth_radius_target0_target2_txrx50_three_seed_objective_variant_report,,skipped,no compatible coordinate optimizer summary,,,,,,,
501,outputs/experiments/501_coordinate_optimizer_variable_depth_radius_target2_txrx50_three_seed_objective_variants,outputs/experiments/501_coordinate_optimizer_variable_depth_radius_target2_txrx50_three_seed_objective_variants/data/multi_rebar_coordinate_optimizer_summary.json,generated,missing pulse/noise artifacts,outputs/experiments/501_coordinate_optimizer_variable_depth_radius_target2_txrx50_three_seed_objective_variants/figures/source_pulse_noise_context.png,outputs/experiments/501_coordinate_optimizer_variable_depth_radius_target2_txrx50_three_seed_objective_variants/data/source_pulse_noise_context_summary.json,outputs/experiments/501_coordinate_optimizer_variable_depth_radius_target2_txrx50_three_seed_objective_variants/figures/FIGURE_NOTES.md,2314,1379,5164,0.10942097883864838
500,outputs/experiments/500_variable_depth_radius_target0_txrx50_three_seed_objective_variant_report,,skipped,no compatible coordinate optimizer summary,,,,,,,
499,outputs/experiments/499_coordinate_optimizer_variable_depth_radius_target0_txrx50_three_seed_objective_variants,outputs/experiments/499_coordinate_optimizer_variable_depth_radius_target0_txrx50_three_seed_objective_variants/data/multi_rebar_coordinate_optimizer_summary.json,generated,missing pulse/noise artifacts,outputs/experiments/499_coordinate_optimizer_variable_depth_radius_target0_txrx50_three_seed_objective_variants/figures/source_pulse_noise_context.png,outputs/experiments/499_coordinate_optimizer_variable_depth_radius_target0_txrx50_three_seed_objective_variants/data/source_pulse_noise_context_summary.json,outputs/experiments/499_coordinate_optimizer_variable_depth_radius_target0_txrx50_three_seed_objective_variants/figures/FIGURE_NOTES.md,2314,1379,5164,0.10944855634868753
498,outputs/experiments/498_variable_depth_radius_seed13_seed34_seed55_txrx50_final_interval_summary,,skipped,no compatible coordinate optimizer summary,,,,,,,
497,outputs/experiments/497_variable_depth_radius_seed13_txrx50_final_interval_summary,,skipped,no compatible coordinate optimizer summary,,,,,,,
496,outputs/experiments/496_coordinate_optimizer_variable_depth_radius_seed13_target2_final_zr_txrx50,outputs/experiments/496_coordinate_optimizer_variable_depth_radius_seed13_target2_final_zr_txrx50/data/multi_rebar_coordinate_optimizer_summary.json,generated,missing pulse/noise artifacts,outputs/experiments/496_coordinate_optimizer_variable_depth_radius_seed13_target2_final_zr_txrx50/figures/source_pulse_noise_context.png,outputs/experiments/496_coordinate_optimizer_variable_depth_radius_seed13_target2_final_zr_txrx50/data/source_pulse_noise_context_summary.json,outputs/experiments/496_coordinate_optimizer_variable_depth_radius_seed13_target2_final_zr_txrx50/figures/FIGURE_NOTES.md,2314,1379,5164,0.10836801936442614
495,outputs/experiments/495_coordinate_optimizer_variable_depth_radius_seed13_target0_final_zr_txrx50,outputs/experiments/495_coordinate_optimizer_variable_depth_radius_seed13_target0_final_zr_txrx50/data/multi_rebar_coordinate_optimizer_summary.json,generated,missing pulse/noise artifacts,outputs/experiments/495_coordinate_optimizer_variable_depth_radius_seed13_target0_final_zr_txrx50/figures/source_pulse_noise_context.png,outputs/experiments/495_coordinate_optimizer_variable_depth_radius_seed13_target0_final_zr_txrx50/data/source_pulse_noise_context_summary.json,outputs/experiments/495_coordinate_optimizer_variable_depth_radius_seed13_target0_final_zr_txrx50/figures/FIGURE_NOTES.md,2314,1379,5164,0.10838431516581291
494,outputs/experiments/494_variable_depth_radius_seed34_seed55_txrx50_final_interval_summary,,skipped,no compatible coordinate optimizer summary,,,,,,,
493,outputs/experiments/493_variable_depth_radius_seed34_txrx50_final_interval_summary,,skipped,no compatible coordinate optimizer summary,,,,,,,
492,outputs/experiments/492_coordinate_optimizer_variable_depth_radius_seed34_target2_final_zr_txrx50,outputs/experiments/492_coordinate_optimizer_variable_depth_radius_seed34_target2_final_zr_txrx50/data/multi_rebar_coordinate_optimizer_summary.json,generated,missing pulse/noise artifacts,outputs/experiments/492_coordinate_optimizer_variable_depth_radius_seed34_target2_final_zr_txrx50/figures/source_pulse_noise_context.png,outputs/experiments/492_coordinate_optimizer_variable_depth_radius_seed34_target2_final_zr_txrx50/data/source_pulse_noise_context_summary.json,outputs/experiments/492_coordinate_optimizer_variable_depth_radius_seed34_target2_final_zr_txrx50/figures/FIGURE_NOTES.md,2314,1379,4819,0.10640782248607493
491,outputs/experiments/491_coordinate_optimizer_variable_depth_radius_seed34_target0_final_zr_txrx50,outputs/experiments/491_coordinate_optimizer_variable_depth_radius_seed34_target0_final_zr_txrx50/data/multi_rebar_coordinate_optimizer_summary.json,generated,missing pulse/noise artifacts,outputs/experiments/491_coordinate_optimizer_variable_depth_radius_seed34_target0_final_zr_txrx50/figures/source_pulse_noise_context.png,outputs/experiments/491_coordinate_optimizer_variable_depth_radius_seed34_target0_final_zr_txrx50/data/source_pulse_noise_context_summary.json,outputs/experiments/491_coordinate_optimizer_variable_depth_radius_seed34_target0_final_zr_txrx50/figures/FIGURE_NOTES.md,2314,1379,4819,0.10642411828746169
490,outputs/experiments/490_variable_depth_radius_seed55_txrx50_final_interval_summary,,skipped,no compatible coordinate optimizer summary,,,,,,,
489,outputs/experiments/489_coordinate_optimizer_variable_depth_radius_seed55_target2_final_zr_txrx50,outputs/experiments/489_coordinate_optimizer_variable_depth_radius_seed55_target2_final_zr_txrx50/data/multi_rebar_coordinate_optimizer_summary.json,generated,missing pulse/noise artifacts,outputs/experiments/489_coordinate_optimizer_variable_depth_radius_seed55_target2_final_zr_txrx50/figures/source_pulse_noise_context.png,outputs/experiments/489_coordinate_optimizer_variable_depth_radius_seed55_target2_final_zr_txrx50/data/source_pulse_noise_context_summary.json,outputs/experiments/489_coordinate_optimizer_variable_depth_radius_seed55_target2_final_zr_txrx50/figures/FIGURE_NOTES.md,2314,1379,5078,0.10997566284739045
488,outputs/experiments/488_coordinate_optimizer_variable_depth_radius_seed55_target0_final_zr_txrx50,outputs/experiments/488_coordinate_optimizer_variable_depth_radius_seed55_target0_final_zr_txrx50/data/multi_rebar_coordinate_optimizer_summary.json,generated,missing pulse/noise artifacts,outputs/experiments/488_coordinate_optimizer_variable_depth_radius_seed55_target0_final_zr_txrx50/figures/source_pulse_noise_context.png,outputs/experiments/488_coordinate_optimizer_variable_depth_radius_seed55_target0_final_zr_txrx50/data/source_pulse_noise_context_summary.json,outputs/experiments/488_coordinate_optimizer_variable_depth_radius_seed55_target0_final_zr_txrx50/figures/FIGURE_NOTES.md,2314,1379,5078,0.11001295516210248
487,outputs/experiments/487_variable_depth_radius_seed55_txrx35_final_interval_summary,,skipped,no compatible coordinate optimizer summary,,,,,,,
486,outputs/experiments/486_coordinate_optimizer_variable_depth_radius_seed55_target2_final_zr_txrx35,outputs/experiments/486_coordinate_optimizer_variable_depth_radius_seed55_target2_final_zr_txrx35/data/multi_rebar_coordinate_optimizer_summary.json,generated,missing pulse/noise artifacts,outputs/experiments/486_coordinate_optimizer_variable_depth_radius_seed55_target2_final_zr_txrx35/figures/source_pulse_noise_context.png,outputs/experiments/486_coordinate_optimizer_variable_depth_radius_seed55_target2_final_zr_txrx35/data/source_pulse_noise_context_summary.json,outputs/experiments/486_coordinate_optimizer_variable_depth_radius_seed55_target2_final_zr_txrx35/figures/FIGURE_NOTES.md,2314,1379,5078,0.11003959252975394
485,outputs/experiments/485_coordinate_optimizer_variable_depth_radius_seed55_target0_final_zr_txrx35,outputs/experiments/485_coordinate_optimizer_variable_depth_radius_seed55_target0_final_zr_txrx35/data/multi_rebar_coordinate_optimizer_summary.json,generated,missing pulse/noise artifacts,outputs/experiments/485_coordinate_optimizer_variable_depth_radius_seed55_target0_final_zr_txrx35/figures/source_pulse_noise_context.png,outputs/experiments/485_coordinate_optimizer_variable_depth_radius_seed55_target0_final_zr_txrx35/data/source_pulse_noise_context_summary.json,outputs/experiments/485_coordinate_optimizer_variable_depth_radius_seed55_target0_final_zr_txrx35/figures/FIGURE_NOTES.md,2314,1379,5078,0.11007657146367007
484,outputs/experiments/484_variable_depth_radius_seed55_sources7_final_interval_summary,,skipped,no compatible coordinate optimizer summary,,,,,,,
483,outputs/experiments/483_coordinate_optimizer_variable_depth_radius_seed55_target2_final_zr_sources7,outputs/experiments/483_coordinate_optimizer_variable_depth_radius_seed55_target2_final_zr_sources7/data/multi_rebar_coordinate_optimizer_summary.json,generated,missing pulse/noise artifacts,outputs/experiments/483_coordinate_optimizer_variable_depth_radius_seed55_target2_final_zr_sources7/figures/source_pulse_noise_context.png,outputs/experiments/483_coordinate_optimizer_variable_depth_radius_seed55_target2_final_zr_sources7/data/source_pulse_noise_context_summary.json,outputs/experiments/483_coordinate_optimizer_variable_depth_radius_seed55_target2_final_zr_sources7/figures/FIGURE_NOTES.md,2314,1379,5078,0.11020129702043807
482,outputs/experiments/482_coordinate_optimizer_variable_depth_radius_seed55_target0_final_zr_sources7,outputs/experiments/482_coordinate_optimizer_variable_depth_radius_seed55_target0_final_zr_sources7/data/multi_rebar_coordinate_optimizer_summary.json,generated,missing pulse/noise artifacts,outputs/experiments/482_coordinate_optimizer_variable_depth_radius_seed55_target0_final_zr_sources7/figures/source_pulse_noise_context.png,outputs/experiments/482_coordinate_optimizer_variable_depth_radius_seed55_target0_final_zr_sources7/data/source_pulse_noise_context_summary.json,outputs/experiments/482_coordinate_optimizer_variable_depth_radius_seed55_target0_final_zr_sources7/figures/FIGURE_NOTES.md,2314,1379,5078,0.11023075481525262
481,outputs/experiments/481_variable_depth_radius_seed13_seed34_seed55_coordinate_confidence_summary,,skipped,no compatible coordinate optimizer summary,,,,,,,
480,outputs/experiments/480_variable_depth_radius_seed55_staged_coordinate_confidence_summary,,skipped,no compatible coordinate optimizer summary,,,,,,,
479,outputs/experiments/479_coordinate_optimizer_variable_depth_radius_seed55_target0_z_radius_coupled,outputs/experiments/479_coordinate_optimizer_variable_depth_radius_seed55_target0_z_radius_coupled/data/multi_rebar_coordinate_optimizer_summary.json,generated,missing pulse/noise artifacts,outputs/experiments/479_coordinate_optimizer_variable_depth_radius_seed55_target0_z_radius_coupled/figures/source_pulse_noise_context.png,outputs/experiments/479_coordinate_optimizer_variable_depth_radius_seed55_target0_z_radius_coupled/data/source_pulse_noise_context_summary.json,outputs/experiments/479_coordinate_optimizer_variable_depth_radius_seed55_target0_z_radius_coupled/figures/FIGURE_NOTES.md,2314,1379,5078,0.11025613865972048
478,outputs/experiments/478_coordinate_optimizer_variable_depth_radius_seed55_target2_xzr_coupled,outputs/experiments/478_coordinate_optimizer_variable_depth_radius_seed55_target2_xzr_coupled/data/multi_rebar_coordinate_optimizer_summary.json,generated,missing pulse/noise artifacts,outputs/experiments/478_coordinate_optimizer_variable_depth_radius_seed55_target2_xzr_coupled/figures/source_pulse_noise_context.png,outputs/experiments/478_coordinate_optimizer_variable_depth_radius_seed55_target2_xzr_coupled/data/source_pulse_noise_context_summary.json,outputs/experiments/478_coordinate_optimizer_variable_depth_radius_seed55_target2_xzr_coupled/figures/FIGURE_NOTES.md,2314,1379,5078,0.10989543736364019
477,outputs/experiments/477_coordinate_optimizer_variable_depth_radius_seed55_radius_only_pass,outputs/experiments/477_coordinate_optimizer_variable_depth_radius_seed55_radius_only_pass/data/multi_rebar_coordinate_optimizer_summary.json,generated,missing pulse/noise artifacts,outputs/experiments/477_coordinate_optimizer_variable_depth_radius_seed55_radius_only_pass/figures/source_pulse_noise_context.png,outputs/experiments/477_coordinate_optimizer_variable_depth_radius_seed55_radius_only_pass/data/source_pulse_noise_context_summary.json,outputs/experiments/477_coordinate_optimizer_variable_depth_radius_seed55_radius_only_pass/figures/FIGURE_NOTES.md,2314,1379,5078,0.10962530311757483
476,outputs/experiments/476_coordinate_optimizer_variable_depth_radius_seed55_target2_location,outputs/experiments/476_coordinate_optimizer_variable_depth_radius_seed55_target2_location/data/multi_rebar_coordinate_optimizer_summary.json,generated,missing pulse/noise artifacts,outputs/experiments/476_coordinate_optimizer_variable_depth_radius_seed55_target2_location/figures/source_pulse_noise_context.png,outputs/experiments/476_coordinate_optimizer_variable_depth_radius_seed55_target2_location/data/source_pulse_noise_context_summary.json,outputs/experiments/476_coordinate_optimizer_variable_depth_radius_seed55_target2_location/figures/FIGURE_NOTES.md,2314,1379,5078,0.10964943343885909
475,outputs/experiments/475_coordinate_optimizer_variable_depth_radius_seed55_target0_location,outputs/experiments/475_coordinate_optimizer_variable_depth_radius_seed55_target0_location/data/multi_rebar_coordinate_optimizer_summary.json,generated,missing pulse/noise artifacts,outputs/experiments/475_coordinate_optimizer_variable_depth_radius_seed55_target0_location/figures/source_pulse_noise_context.png,outputs/experiments/475_coordinate_optimizer_variable_depth_radius_seed55_target0_location/data/source_pulse_noise_context_summary.json,outputs/experiments/475_coordinate_optimizer_variable_depth_radius_seed55_target0_location/figures/FIGURE_NOTES.md,2314,1379,5078,0.10966729614422537
474,outputs/experiments/474_coordinate_optimizer_variable_depth_radius_seed55_target1_location,outputs/experiments/474_coordinate_optimizer_variable_depth_radius_seed55_target1_location/data/multi_rebar_coordinate_optimizer_summary.json,generated,missing pulse/noise artifacts,outputs/experiments/474_coordinate_optimizer_variable_depth_radius_seed55_target1_location/figures/source_pulse_noise_context.png,outputs/experiments/474_coordinate_optimizer_variable_depth_radius_seed55_target1_location/data/source_pulse_noise_context_summary.json,outputs/experiments/474_coordinate_optimizer_variable_depth_radius_seed55_target1_location/figures/FIGURE_NOTES.md,2314,1379,5078,0.10963251087588052
473,outputs/experiments/473_detection_assignment_variable_depth_radius_472,,skipped,no compatible coordinate optimizer summary,,,,,,,
472,outputs/experiments/472_detection_multi_rebar_variable_depth_radius_source_mismatch_noise10_seed55,,skipped,no compatible coordinate optimizer summary,,,,,,,
471,outputs/experiments/471_variable_depth_radius_seed13_seed34_coordinate_confidence_summary,,skipped,no compatible coordinate optimizer summary,,,,,,,
470,outputs/experiments/470_variable_depth_radius_seed34_staged_coordinate_confidence_summary,,skipped,no compatible coordinate optimizer summary,,,,,,,
469,outputs/experiments/469_coordinate_optimizer_variable_depth_radius_seed34_target0_z_radius_coupled,outputs/experiments/469_coordinate_optimizer_variable_depth_radius_seed34_target0_z_radius_coupled/data/multi_rebar_coordinate_optimizer_summary.json,generated,missing pulse/noise artifacts,outputs/experiments/469_coordinate_optimizer_variable_depth_radius_seed34_target0_z_radius_coupled/figures/source_pulse_noise_context.png,outputs/experiments/469_coordinate_optimizer_variable_depth_radius_seed34_target0_z_radius_coupled/data/source_pulse_noise_context_summary.json,outputs/experiments/469_coordinate_optimizer_variable_depth_radius_seed34_target0_z_radius_coupled/figures/FIGURE_NOTES.md,2314,1379,4819,0.10677228435170602
468,outputs/experiments/468_coordinate_optimizer_variable_depth_radius_seed34_target2_z_radius_coupled,outputs/experiments/468_coordinate_optimizer_variable_depth_radius_seed34_target2_z_radius_coupled/data/multi_rebar_coordinate_optimizer_summary.json,generated,missing pulse/noise artifacts,outputs/experiments/468_coordinate_optimizer_variable_depth_radius_seed34_target2_z_radius_coupled/figures/source_pulse_noise_context.png,outputs/experiments/468_coordinate_optimizer_variable_depth_radius_seed34_target2_z_radius_coupled/data/source_pulse_noise_context_summary.json,outputs/experiments/468_coordinate_optimizer_variable_depth_radius_seed34_target2_z_radius_coupled/figures/FIGURE_NOTES.md,2314,1379,4819,0.10673467865619808
467,outputs/experiments/467_coordinate_optimizer_variable_depth_radius_seed34_radius_only_pass,outputs/experiments/467_coordinate_optimizer_variable_depth_radius_seed34_radius_only_pass/data/multi_rebar_coordinate_optimizer_summary.json,generated,missing pulse/noise artifacts,outputs/experiments/467_coordinate_optimizer_variable_depth_radius_seed34_radius_only_pass/figures/source_pulse_noise_context.png,outputs/experiments/467_coordinate_optimizer_variable_depth_radius_seed34_radius_only_pass/data/source_pulse_noise_context_summary.json,outputs/experiments/467_coordinate_optimizer_variable_depth_radius_seed34_radius_only_pass/figures/FIGURE_NOTES.md,2314,1379,4819,0.10613298752807108
466,outputs/experiments/466_coordinate_optimizer_variable_depth_radius_seed34_target2_location,outputs/experiments/466_coordinate_optimizer_variable_depth_radius_seed34_target2_location/data/multi_rebar_coordinate_optimizer_summary.json,generated,missing pulse/noise artifacts,outputs/experiments/466_coordinate_optimizer_variable_depth_radius_seed34_target2_location/figures/source_pulse_noise_context.png,outputs/experiments/466_coordinate_optimizer_variable_depth_radius_seed34_target2_location/data/source_pulse_noise_context_summary.json,outputs/experiments/466_coordinate_optimizer_variable_depth_radius_seed34_target2_location/figures/FIGURE_NOTES.md,2314,1379,4819,0.10615461080298814
465,outputs/experiments/465_coordinate_optimizer_variable_depth_radius_seed34_target1_location,outputs/experiments/465_coordinate_optimizer_variable_depth_radius_seed34_target1_location/data/multi_rebar_coordinate_optimizer_summary.json,generated,missing pulse/noise artifacts,outputs/experiments/465_coordinate_optimizer_variable_depth_radius_seed34_target1_location/figures/source_pulse_noise_context.png,outputs/experiments/465_coordinate_optimizer_variable_depth_radius_seed34_target1_location/data/source_pulse_noise_context_summary.json,outputs/experiments/465_coordinate_optimizer_variable_depth_radius_seed34_target1_location/figures/FIGURE_NOTES.md,2314,1379,4819,0.10614364247513167
464,outputs/experiments/464_coordinate_optimizer_variable_depth_radius_seed34_target0_location,outputs/experiments/464_coordinate_optimizer_variable_depth_radius_seed34_target0_location/data/multi_rebar_coordinate_optimizer_summary.json,generated,missing pulse/noise artifacts,outputs/experiments/464_coordinate_optimizer_variable_depth_radius_seed34_target0_location/figures/source_pulse_noise_context.png,outputs/experiments/464_coordinate_optimizer_variable_depth_radius_seed34_target0_location/data/source_pulse_noise_context_summary.json,outputs/experiments/464_coordinate_optimizer_variable_depth_radius_seed34_target0_location/figures/FIGURE_NOTES.md,2314,1379,4819,0.10617842774347651
463,outputs/experiments/463_detection_assignment_variable_depth_radius_462,,skipped,no compatible coordinate optimizer summary,,,,,,,
462,outputs/experiments/462_detection_multi_rebar_variable_depth_radius_source_mismatch_noise10_seed34,,skipped,no compatible coordinate optimizer summary,,,,,,,
461,outputs/experiments/461_variable_depth_radius_staged_coordinate_confidence_summary,,skipped,no compatible coordinate optimizer summary,,,,,,,
460,outputs/experiments/460_coordinate_optimizer_variable_depth_radius_target2_x_polish_seed13,outputs/experiments/460_coordinate_optimizer_variable_depth_radius_target2_x_polish_seed13/data/multi_rebar_coordinate_optimizer_summary.json,generated,missing pulse/noise artifacts,outputs/experiments/460_coordinate_optimizer_variable_depth_radius_target2_x_polish_seed13/figures/source_pulse_noise_context.png,outputs/experiments/460_coordinate_optimizer_variable_depth_radius_target2_x_polish_seed13/data/source_pulse_noise_context_summary.json,outputs/experiments/460_coordinate_optimizer_variable_depth_radius_target2_x_polish_seed13/figures/FIGURE_NOTES.md,2314,1379,5164,0.10802737443928341
459,outputs/experiments/459_coordinate_optimizer_variable_depth_radius_target0_xz_radius_coupled_seed13,outputs/experiments/459_coordinate_optimizer_variable_depth_radius_target0_xz_radius_coupled_seed13/data/multi_rebar_coordinate_optimizer_summary.json,generated,missing pulse/noise artifacts,outputs/experiments/459_coordinate_optimizer_variable_depth_radius_target0_xz_radius_coupled_seed13/figures/source_pulse_noise_context.png,outputs/experiments/459_coordinate_optimizer_variable_depth_radius_target0_xz_radius_coupled_seed13/data/source_pulse_noise_context_summary.json,outputs/experiments/459_coordinate_optimizer_variable_depth_radius_target0_xz_radius_coupled_seed13/figures/FIGURE_NOTES.md,2314,1379,5164,0.10872746713732284
458,outputs/experiments/458_coordinate_optimizer_variable_depth_radius_target0_radius_7source_seed13,outputs/experiments/458_coordinate_optimizer_variable_depth_radius_target0_radius_7source_seed13/data/multi_rebar_coordinate_optimizer_summary.json,generated,missing pulse/noise artifacts,outputs/experiments/458_coordinate_optimizer_variable_depth_radius_target0_radius_7source_seed13/figures/source_pulse_noise_context.png,outputs/experiments/458_coordinate_optimizer_variable_depth_radius_target0_radius_7source_seed13/data/source_pulse_noise_context_summary.json,outputs/experiments/458_coordinate_optimizer_variable_depth_radius_target0_radius_7source_seed13/figures/FIGURE_NOTES.md,2314,1379,5164,0.10849744563313263
457,outputs/experiments/457_coordinate_optimizer_variable_depth_radius_radius_second_pass_seed13,outputs/experiments/457_coordinate_optimizer_variable_depth_radius_radius_second_pass_seed13/data/multi_rebar_coordinate_optimizer_summary.json,generated,missing pulse/noise artifacts,outputs/experiments/457_coordinate_optimizer_variable_depth_radius_radius_second_pass_seed13/figures/source_pulse_noise_context.png,outputs/experiments/457_coordinate_optimizer_variable_depth_radius_radius_second_pass_seed13/data/source_pulse_noise_context_summary.json,outputs/experiments/457_coordinate_optimizer_variable_depth_radius_radius_second_pass_seed13/figures/FIGURE_NOTES.md,2314,1379,5164,0.10820850853931331
456,outputs/experiments/456_coordinate_optimizer_variable_depth_radius_radius_only_seed13,outputs/experiments/456_coordinate_optimizer_variable_depth_radius_radius_only_seed13/data/multi_rebar_coordinate_optimizer_summary.json,generated,missing pulse/noise artifacts,outputs/experiments/456_coordinate_optimizer_variable_depth_radius_radius_only_seed13/figures/source_pulse_noise_context.png,outputs/experiments/456_coordinate_optimizer_variable_depth_radius_radius_only_seed13/data/source_pulse_noise_context_summary.json,outputs/experiments/456_coordinate_optimizer_variable_depth_radius_radius_only_seed13/figures/FIGURE_NOTES.md,2314,1379,5164,0.10763188787485828
455,outputs/experiments/455_coordinate_optimizer_variable_depth_radius_location_only_seed13,outputs/experiments/455_coordinate_optimizer_variable_depth_radius_location_only_seed13/data/multi_rebar_coordinate_optimizer_summary.json,generated,missing pulse/noise artifacts,outputs/experiments/455_coordinate_optimizer_variable_depth_radius_location_only_seed13/figures/source_pulse_noise_context.png,outputs/experiments/455_coordinate_optimizer_variable_depth_radius_location_only_seed13/data/source_pulse_noise_context_summary.json,outputs/experiments/455_coordinate_optimizer_variable_depth_radius_location_only_seed13/figures/FIGURE_NOTES.md,2314,1379,5164,0.10776350780913606
454,outputs/experiments/454_assigned_coordinate_command_variable_depth_radius_location_only_451,,skipped,no compatible coordinate optimizer summary,,,,,,,
453,outputs/experiments/453_assigned_coordinate_command_variable_depth_radius_451,,skipped,no compatible coordinate optimizer summary,,,,,,,
452,outputs/experiments/452_detection_assignment_variable_depth_radius_451,,skipped,no compatible coordinate optimizer summary,,,,,,,
451,outputs/experiments/451_detection_multi_rebar_variable_depth_radius_source_mismatch_noise10,,skipped,no compatible coordinate optimizer summary,,,,,,,
450,outputs/experiments/450_multi_rebar_center_material_radius_profile_seed55_true_state,,skipped,no compatible coordinate optimizer summary,,,,,,,
449,outputs/experiments/449_multi_rebar_material_radius_cpu_smoke,,skipped,no compatible coordinate optimizer summary,,,,,,,
448,outputs/experiments/448_coordinate_objective_diagnostic_report_447,,skipped,no compatible coordinate optimizer summary,,,,,,,
447,outputs/experiments/447_multi_rebar_coupled_source_shape_true_state_radius_objectives,outputs/experiments/447_multi_rebar_coupled_source_shape_true_state_radius_objectives/data/multi_rebar_coordinate_optimizer_summary.json,generated,missing pulse/noise artifacts,outputs/experiments/447_multi_rebar_coupled_source_shape_true_state_radius_objectives/figures/source_pulse_noise_context.png,outputs/experiments/447_multi_rebar_coupled_source_shape_true_state_radius_objectives/data/source_pulse_noise_context_summary.json,outputs/experiments/447_multi_rebar_coupled_source_shape_true_state_radius_objectives/figures/FIGURE_NOTES.md,2314,1379,6479,0.116277437272133
446,outputs/experiments/446_multi_rebar_coupled_source_shape_seed55_coordinate_aggregate_v3,,skipped,no compatible coordinate optimizer summary,,,,,,,
445,outputs/experiments/445_multi_rebar_coupled_source_shape_seed55_xzr_order_two_pass,outputs/experiments/445_multi_rebar_coupled_source_shape_seed55_xzr_order_two_pass/data/multi_rebar_coordinate_optimizer_summary.json,generated,missing pulse/noise artifacts,outputs/experiments/445_multi_rebar_coupled_source_shape_seed55_xzr_order_two_pass/figures/source_pulse_noise_context.png,outputs/experiments/445_multi_rebar_coupled_source_shape_seed55_xzr_order_two_pass/data/source_pulse_noise_context_summary.json,outputs/experiments/445_multi_rebar_coupled_source_shape_seed55_xzr_order_two_pass/figures/FIGURE_NOTES.md,2314,1379,6479,0.11614331029148801
444,outputs/experiments/444_multi_rebar_coupled_source_shape_seed55_coordinate_aggregate_v2,,skipped,no compatible coordinate optimizer summary,,,,,,,
443,outputs/experiments/443_multi_rebar_coupled_source_shape_seed55_xzr_order_replication,outputs/experiments/443_multi_rebar_coupled_source_shape_seed55_xzr_order_replication/data/multi_rebar_coordinate_optimizer_summary.json,generated,missing pulse/noise artifacts,outputs/experiments/443_multi_rebar_coupled_source_shape_seed55_xzr_order_replication/figures/source_pulse_noise_context.png,outputs/experiments/443_multi_rebar_coupled_source_shape_seed55_xzr_order_replication/data/source_pulse_noise_context_summary.json,outputs/experiments/443_multi_rebar_coupled_source_shape_seed55_xzr_order_replication/figures/FIGURE_NOTES.md,2314,1379,6479,0.11630908873251884
442,outputs/experiments/442_multi_rebar_coupled_source_shape_seed55_coordinate_aggregate,,skipped,no compatible coordinate optimizer summary,,,,,,,
441,outputs/experiments/441_multi_rebar_coupled_source_shape_seed55_xzr_perturbed_pass,outputs/experiments/441_multi_rebar_coupled_source_shape_seed55_xzr_perturbed_pass/data/multi_rebar_coordinate_optimizer_summary.json,generated,missing pulse/noise artifacts,outputs/experiments/441_multi_rebar_coupled_source_shape_seed55_xzr_perturbed_pass/figures/source_pulse_noise_context.png,outputs/experiments/441_multi_rebar_coupled_source_shape_seed55_xzr_perturbed_pass/data/source_pulse_noise_context_summary.json,outputs/experiments/441_multi_rebar_coupled_source_shape_seed55_xzr_perturbed_pass/figures/FIGURE_NOTES.md,2314,1379,6479,0.11623544424548246
440,outputs/experiments/440_multi_rebar_coupled_source_shape_seed55_compact_pass,outputs/experiments/440_multi_rebar_coupled_source_shape_seed55_compact_pass/data/multi_rebar_coordinate_optimizer_summary.json,generated,missing pulse/noise artifacts,outputs/experiments/440_multi_rebar_coupled_source_shape_seed55_compact_pass/figures/source_pulse_noise_context.png,outputs/experiments/440_multi_rebar_coupled_source_shape_seed55_compact_pass/data/source_pulse_noise_context_summary.json,outputs/experiments/440_multi_rebar_coupled_source_shape_seed55_compact_pass/figures/FIGURE_NOTES.md,2314,1379,6479,0.11586064081358668
439,outputs/experiments/439_multi_rebar_source_shape_seed_synthesis,,skipped,no compatible coordinate optimizer summary,,,,,,,
438,outputs/experiments/438_multi_rebar_center_source_shape_seed55_stage4c_dense_radius,,skipped,no compatible coordinate optimizer summary,,,,,,,
437,outputs/experiments/437_multi_rebar_center_source_shape_seed55_high_radius_wide_xz,,skipped,no compatible coordinate optimizer summary,,,,,,,
436,outputs/experiments/436_multi_rebar_center_source_shape_seed_replication_compact_xzr,,skipped,no compatible coordinate optimizer summary,,,,,,,
435,outputs/experiments/435_multi_rebar_source_shape_dense_synthesis,,skipped,no compatible coordinate optimizer summary,,,,,,,
434,outputs/experiments/434_multi_rebar_right_source_shape_basis_fit_stage4c_dense_radius,,skipped,no compatible coordinate optimizer summary,,,,,,,
433,outputs/experiments/433_multi_rebar_left_source_shape_basis_fit_stage4c_dense_radius,,skipped,no compatible coordinate optimizer summary,,,,,,,
432,outputs/experiments/432_multi_rebar_center_source_shape_basis_fit_stage4c_dense_radius,,skipped,no compatible coordinate optimizer summary,,,,,,,
431,outputs/experiments/431_multi_rebar_center_source_shape_basis_fit_high_radius_wide_xz,,skipped,no compatible coordinate optimizer summary,,,,,,,
430,outputs/experiments/430_multi_rebar_center_source_shape_basis_fit_high_radius_compact_xzr,,skipped,no compatible coordinate optimizer summary,,,,,,,
429,outputs/experiments/429_multi_rebar_center_source_shape_basis_fit_hard_noise_compact_xzr,,skipped,no compatible coordinate optimizer summary,,,,,,,
428,outputs/experiments/428_multi_rebar_right_source_shape_basis_fit_compact_xzr,,skipped,no compatible coordinate optimizer summary,,,,,,,
427,outputs/experiments/427_multi_rebar_center_source_shape_basis_fit_compact_xzr,,skipped,no compatible coordinate optimizer summary,,,,,,,
426,outputs/experiments/426_multi_rebar_left_source_shape_basis_fit_compact_xzr,,skipped,no compatible coordinate optimizer summary,,,,,,,
425,outputs/experiments/425_multi_rebar_left_source_shape_basis_fit_narrow,,skipped,no compatible coordinate optimizer summary,,,,,,,
424,outputs/experiments/424_source_shape_ringdown_basis_fit_matrix,,skipped,no compatible coordinate optimizer summary,,,,,,,
423,outputs/experiments/423_source_shape_ringdown_modeled_seed_amplitude_matrix,,skipped,no compatible coordinate optimizer summary,,,,,,,
422,outputs/experiments/422_source_shape_ringdown_modeled_profile_replication,,skipped,no compatible coordinate optimizer summary,,,,,,,
421,outputs/experiments/421_source_shape_ringdown_profiled_replication,,skipped,no compatible coordinate optimizer summary,,,,,,,
420,outputs/experiments/420_material_source_branch_animation_summary,,skipped,no compatible coordinate optimizer summary,,,,,,,
419,outputs/experiments/419_variable_radius_staged_pipeline_seed13_21_34_sources7_replay_plan,,skipped,no compatible coordinate optimizer summary,,,,,,,
418,outputs/experiments/418_coordinate_confidence_close14_txrx50_noise_boundary_summary,,skipped,no compatible coordinate optimizer summary,,,,,,,
417,outputs/experiments/417_coordinate_optimizer_close14_seed34_sources4_txrx50_noise19p64237213134765625_objectives,outputs/experiments/417_coordinate_optimizer_close14_seed34_sources4_txrx50_noise19p64237213134765625_objectives/data/multi_rebar_coordinate_optimizer_summary.json,generated,missing pulse/noise artifacts,outputs/experiments/417_coordinate_optimizer_close14_seed34_sources4_txrx50_noise19p64237213134765625_objectives/figures/source_pulse_noise_context.png,outputs/experiments/417_coordinate_optimizer_close14_seed34_sources4_txrx50_noise19p64237213134765625_objectives/data/source_pulse_noise_context_summary.json,outputs/experiments/417_coordinate_optimizer_close14_seed34_sources4_txrx50_noise19p64237213134765625_objectives/figures/FIGURE_NOTES.md,2314,1379,5069,0.10907939377111794
416,outputs/experiments/416_coordinate_optimizer_close14_seed34_sources4_txrx50_noise19p6424102783203125_objectives,outputs/experiments/416_coordinate_optimizer_close14_seed34_sources4_txrx50_noise19p6424102783203125_objectives/data/multi_rebar_coordinate_optimizer_summary.json,generated,missing pulse/noise artifacts,outputs/experiments/416_coordinate_optimizer_close14_seed34_sources4_txrx50_noise19p6424102783203125_objectives/figures/source_pulse_noise_context.png,outputs/experiments/416_coordinate_optimizer_close14_seed34_sources4_txrx50_noise19p6424102783203125_objectives/data/source_pulse_noise_context_summary.json,outputs/experiments/416_coordinate_optimizer_close14_seed34_sources4_txrx50_noise19p6424102783203125_objectives/figures/FIGURE_NOTES.md,2314,1379,5069,0.10901233028079546
415,outputs/experiments/415_coordinate_optimizer_close14_seed34_sources4_txrx50_noise19p642486572265625_objectives,outputs/experiments/415_coordinate_optimizer_close14_seed34_sources4_txrx50_noise19p642486572265625_objectives/data/multi_rebar_coordinate_optimizer_summary.json,generated,missing pulse/noise artifacts,outputs/experiments/415_coordinate_optimizer_close14_seed34_sources4_txrx50_noise19p642486572265625_objectives/figures/source_pulse_noise_context.png,outputs/experiments/415_coordinate_optimizer_close14_seed34_sources4_txrx50_noise19p642486572265625_objectives/data/source_pulse_noise_context_summary.json,outputs/experiments/415_coordinate_optimizer_close14_seed34_sources4_txrx50_noise19p642486572265625_objectives/figures/FIGURE_NOTES.md,2314,1379,5068,0.10895560835673766
414,outputs/experiments/414_coordinate_optimizer_close14_seed34_sources4_txrx50_noise19p64263916015625_objectives,outputs/experiments/414_coordinate_optimizer_close14_seed34_sources4_txrx50_noise19p64263916015625_objectives/data/multi_rebar_coordinate_optimizer_summary.json,generated,missing pulse/noise artifacts,outputs/experiments/414_coordinate_optimizer_close14_seed34_sources4_txrx50_noise19p64263916015625_objectives/figures/source_pulse_noise_context.png,outputs/experiments/414_coordinate_optimizer_close14_seed34_sources4_txrx50_noise19p64263916015625_objectives/data/source_pulse_noise_context_summary.json,outputs/experiments/414_coordinate_optimizer_close14_seed34_sources4_txrx50_noise19p64263916015625_objectives/figures/FIGURE_NOTES.md,2314,1379,5068,0.10882085461450088
413,outputs/experiments/413_coordinate_optimizer_close14_seed34_sources4_txrx50_noise19p6429443359375_objectives,outputs/experiments/413_coordinate_optimizer_close14_seed34_sources4_txrx50_noise19p6429443359375_objectives/data/multi_rebar_coordinate_optimizer_summary.json,generated,missing pulse/noise artifacts,outputs/experiments/413_coordinate_optimizer_close14_seed34_sources4_txrx50_noise19p6429443359375_objectives/figures/source_pulse_noise_context.png,outputs/experiments/413_coordinate_optimizer_close14_seed34_sources4_txrx50_noise19p6429443359375_objectives/data/source_pulse_noise_context_summary.json,outputs/experiments/413_coordinate_optimizer_close14_seed34_sources4_txrx50_noise19p6429443359375_objectives/figures/FIGURE_NOTES.md,2314,1379,5065,0.1086300057097981
412,outputs/experiments/412_coordinate_confidence_close14_sources4_txrx50_noise19p642333984375_seed_replicates,,skipped,no compatible coordinate optimizer summary,,,,,,,
411,outputs/experiments/411_coordinate_optimizer_close14_seed21_sources4_txrx50_noise19p642333984375_objectives,outputs/experiments/411_coordinate_optimizer_close14_seed21_sources4_txrx50_noise19p642333984375_objectives/data/multi_rebar_coordinate_optimizer_summary.json,generated,missing pulse/noise artifacts,outputs/experiments/411_coordinate_optimizer_close14_seed21_sources4_txrx50_noise19p642333984375_objectives/figures/source_pulse_noise_context.png,outputs/experiments/411_coordinate_optimizer_close14_seed21_sources4_txrx50_noise19p642333984375_objectives/data/source_pulse_noise_context_summary.json,outputs/experiments/411_coordinate_optimizer_close14_seed21_sources4_txrx50_noise19p642333984375_objectives/figures/FIGURE_NOTES.md,2314,1379,5736,0.11289480496119406
410,outputs/experiments/410_coordinate_optimizer_close14_seed13_sources4_txrx50_noise19p642333984375_objectives,outputs/experiments/410_coordinate_optimizer_close14_seed13_sources4_txrx50_noise19p642333984375_objectives/data/multi_rebar_coordinate_optimizer_summary.json,generated,missing pulse/noise artifacts,outputs/experiments/410_coordinate_optimizer_close14_seed13_sources4_txrx50_noise19p642333984375_objectives/figures/source_pulse_noise_context.png,outputs/experiments/410_coordinate_optimizer_close14_seed13_sources4_txrx50_noise19p642333984375_objectives/data/source_pulse_noise_context_summary.json,outputs/experiments/410_coordinate_optimizer_close14_seed13_sources4_txrx50_noise19p642333984375_objectives/figures/FIGURE_NOTES.md,2314,1379,5700,0.11054883632309058
409,outputs/experiments/409_coordinate_optimizer_close14_seed34_sources4_txrx50_noise19p642333984375_objectives,outputs/experiments/409_coordinate_optimizer_close14_seed34_sources4_txrx50_noise19p642333984375_objectives/data/multi_rebar_coordinate_optimizer_summary.json,generated,missing pulse/noise artifacts,outputs/experiments/409_coordinate_optimizer_close14_seed34_sources4_txrx50_noise19p642333984375_objectives/figures/source_pulse_noise_context.png,outputs/experiments/409_coordinate_optimizer_close14_seed34_sources4_txrx50_noise19p642333984375_objectives/data/source_pulse_noise_context_summary.json,outputs/experiments/409_coordinate_optimizer_close14_seed34_sources4_txrx50_noise19p642333984375_objectives/figures/FIGURE_NOTES.md,2314,1379,5069,0.10855510769957813
408,outputs/experiments/408_coordinate_confidence_close14_sources4_txrx50_noise19p64111328125_seed_replicates,,skipped,no compatible coordinate optimizer summary,,,,,,,
407,outputs/experiments/407_coordinate_optimizer_close14_seed21_sources4_txrx50_noise19p64111328125_objectives,outputs/experiments/407_coordinate_optimizer_close14_seed21_sources4_txrx50_noise19p64111328125_objectives/data/multi_rebar_coordinate_optimizer_summary.json,generated,missing pulse/noise artifacts,outputs/experiments/407_coordinate_optimizer_close14_seed21_sources4_txrx50_noise19p64111328125_objectives/figures/source_pulse_noise_context.png,outputs/experiments/407_coordinate_optimizer_close14_seed21_sources4_txrx50_noise19p64111328125_objectives/data/source_pulse_noise_context_summary.json,outputs/experiments/407_coordinate_optimizer_close14_seed21_sources4_txrx50_noise19p64111328125_objectives/figures/FIGURE_NOTES.md,2314,1379,5738,0.11267637854645213
406,outputs/experiments/406_coordinate_optimizer_close14_seed13_sources4_txrx50_noise19p64111328125_objectives,outputs/experiments/406_coordinate_optimizer_close14_seed13_sources4_txrx50_noise19p64111328125_objectives/data/multi_rebar_coordinate_optimizer_summary.json,generated,missing pulse/noise artifacts,outputs/experiments/406_coordinate_optimizer_close14_seed13_sources4_txrx50_noise19p64111328125_objectives/figures/source_pulse_noise_context.png,outputs/experiments/406_coordinate_optimizer_close14_seed13_sources4_txrx50_noise19p64111328125_objectives/data/source_pulse_noise_context_summary.json,outputs/experiments/406_coordinate_optimizer_close14_seed13_sources4_txrx50_noise19p64111328125_objectives/figures/FIGURE_NOTES.md,2314,1379,5699,0.11032445567322656
405,outputs/experiments/405_coordinate_optimizer_close14_seed34_sources4_txrx50_noise19p64111328125_objectives,outputs/experiments/405_coordinate_optimizer_close14_seed34_sources4_txrx50_noise19p64111328125_objectives/data/multi_rebar_coordinate_optimizer_summary.json,generated,missing pulse/noise artifacts,outputs/experiments/405_coordinate_optimizer_close14_seed34_sources4_txrx50_noise19p64111328125_objectives/figures/source_pulse_noise_context.png,outputs/experiments/405_coordinate_optimizer_close14_seed34_sources4_txrx50_noise19p64111328125_objectives/data/source_pulse_noise_context_summary.json,outputs/experiments/405_coordinate_optimizer_close14_seed34_sources4_txrx50_noise19p64111328125_objectives/figures/FIGURE_NOTES.md,2314,1379,5065,0.10831944534106172
404,outputs/experiments/404_coordinate_optimizer_close14_seed34_sources4_txrx50_noise19p6435546875_objectives,outputs/experiments/404_coordinate_optimizer_close14_seed34_sources4_txrx50_noise19p6435546875_objectives/data/multi_rebar_coordinate_optimizer_summary.json,generated,missing pulse/noise artifacts,outputs/experiments/404_coordinate_optimizer_close14_seed34_sources4_txrx50_noise19p6435546875_objectives/figures/source_pulse_noise_context.png,outputs/experiments/404_coordinate_optimizer_close14_seed34_sources4_txrx50_noise19p6435546875_objectives/data/source_pulse_noise_context_summary.json,outputs/experiments/404_coordinate_optimizer_close14_seed34_sources4_txrx50_noise19p6435546875_objectives/figures/FIGURE_NOTES.md,2314,1379,5064,0.10829876220853235
403,outputs/experiments/403_coordinate_confidence_close14_sources4_txrx50_noise19p638671875_seed_replicates,,skipped,no compatible coordinate optimizer summary,,,,,,,
402,outputs/experiments/402_coordinate_optimizer_close14_seed21_sources4_txrx50_noise19p638671875_objectives,outputs/experiments/402_coordinate_optimizer_close14_seed21_sources4_txrx50_noise19p638671875_objectives/data/multi_rebar_coordinate_optimizer_summary.json,generated,missing pulse/noise artifacts,outputs/experiments/402_coordinate_optimizer_close14_seed21_sources4_txrx50_noise19p638671875_objectives/figures/source_pulse_noise_context.png,outputs/experiments/402_coordinate_optimizer_close14_seed21_sources4_txrx50_noise19p638671875_objectives/data/source_pulse_noise_context_summary.json,outputs/experiments/402_coordinate_optimizer_close14_seed21_sources4_txrx50_noise19p638671875_objectives/figures/FIGURE_NOTES.md,2314,1379,5723,0.11248709654572885
401,outputs/experiments/401_coordinate_optimizer_close14_seed13_sources4_txrx50_noise19p638671875_objectives,outputs/experiments/401_coordinate_optimizer_close14_seed13_sources4_txrx50_noise19p638671875_objectives/data/multi_rebar_coordinate_optimizer_summary.json,generated,missing pulse/noise artifacts,outputs/experiments/401_coordinate_optimizer_close14_seed13_sources4_txrx50_noise19p638671875_objectives/figures/source_pulse_noise_context.png,outputs/experiments/401_coordinate_optimizer_close14_seed13_sources4_txrx50_noise19p638671875_objectives/data/source_pulse_noise_context_summary.json,outputs/experiments/401_coordinate_optimizer_close14_seed13_sources4_txrx50_noise19p638671875_objectives/figures/FIGURE_NOTES.md,2314,1379,5698,0.11014833566593106
400,outputs/experiments/400_coordinate_optimizer_close14_seed34_sources4_txrx50_noise19p638671875_objectives,outputs/experiments/400_coordinate_optimizer_close14_seed34_sources4_txrx50_noise19p638671875_objectives/data/multi_rebar_coordinate_optimizer_summary.json,generated,missing pulse/noise artifacts,outputs/experiments/400_coordinate_optimizer_close14_seed34_sources4_txrx50_noise19p638671875_objectives/figures/source_pulse_noise_context.png,outputs/experiments/400_coordinate_optimizer_close14_seed34_sources4_txrx50_noise19p638671875_objectives/data/source_pulse_noise_context_summary.json,outputs/experiments/400_coordinate_optimizer_close14_seed34_sources4_txrx50_noise19p638671875_objectives/figures/FIGURE_NOTES.md,2314,1379,5065,0.10814959294968421
399,outputs/experiments/399_coordinate_confidence_close14_sources4_txrx50_noise19p62890625_seed_replicates,,skipped,no compatible coordinate optimizer summary,,,,,,,
398,outputs/experiments/398_coordinate_optimizer_close14_seed21_sources4_txrx50_noise19p62890625_objectives,outputs/experiments/398_coordinate_optimizer_close14_seed21_sources4_txrx50_noise19p62890625_objectives/data/multi_rebar_coordinate_optimizer_summary.json,generated,missing pulse/noise artifacts,outputs/experiments/398_coordinate_optimizer_close14_seed21_sources4_txrx50_noise19p62890625_objectives/figures/source_pulse_noise_context.png,outputs/experiments/398_coordinate_optimizer_close14_seed21_sources4_txrx50_noise19p62890625_objectives/data/source_pulse_noise_context_summary.json,outputs/experiments/398_coordinate_optimizer_close14_seed21_sources4_txrx50_noise19p62890625_objectives/figures/FIGURE_NOTES.md,2314,1379,5711,0.11243946266475212
397,outputs/experiments/397_coordinate_optimizer_close14_seed13_sources4_txrx50_noise19p62890625_objectives,outputs/experiments/397_coordinate_optimizer_close14_seed13_sources4_txrx50_noise19p62890625_objectives/data/multi_rebar_coordinate_optimizer_summary.json,generated,missing pulse/noise artifacts,outputs/experiments/397_coordinate_optimizer_close14_seed13_sources4_txrx50_noise19p62890625_objectives/figures/source_pulse_noise_context.png,outputs/experiments/397_coordinate_optimizer_close14_seed13_sources4_txrx50_noise19p62890625_objectives/data/source_pulse_noise_context_summary.json,outputs/experiments/397_coordinate_optimizer_close14_seed13_sources4_txrx50_noise19p62890625_objectives/figures/FIGURE_NOTES.md,2314,1379,5695,0.11009725459619944
396,outputs/experiments/396_coordinate_optimizer_close14_seed34_sources4_txrx50_noise19p62890625_objectives,outputs/experiments/396_coordinate_optimizer_close14_seed34_sources4_txrx50_noise19p62890625_objectives/data/multi_rebar_coordinate_optimizer_summary.json,generated,missing pulse/noise artifacts,outputs/experiments/396_coordinate_optimizer_close14_seed34_sources4_txrx50_noise19p62890625_objectives/figures/source_pulse_noise_context.png,outputs/experiments/396_coordinate_optimizer_close14_seed34_sources4_txrx50_noise19p62890625_objectives/data/source_pulse_noise_context_summary.json,outputs/experiments/396_coordinate_optimizer_close14_seed34_sources4_txrx50_noise19p62890625_objectives/figures/FIGURE_NOTES.md,2314,1379,5069,0.1080966315951772
395,outputs/experiments/395_coordinate_optimizer_close14_seed34_sources4_txrx50_noise19p6484375_objectives,outputs/experiments/395_coordinate_optimizer_close14_seed34_sources4_txrx50_noise19p6484375_objectives/data/multi_rebar_coordinate_optimizer_summary.json,generated,missing pulse/noise artifacts,outputs/experiments/395_coordinate_optimizer_close14_seed34_sources4_txrx50_noise19p6484375_objectives/figures/source_pulse_noise_context.png,outputs/experiments/395_coordinate_optimizer_close14_seed34_sources4_txrx50_noise19p6484375_objectives/data/source_pulse_noise_context_summary.json,outputs/experiments/395_coordinate_optimizer_close14_seed34_sources4_txrx50_noise19p6484375_objectives/figures/FIGURE_NOTES.md,2314,1379,5062,0.10780644097817428
394,outputs/experiments/394_coordinate_confidence_close14_sources4_txrx50_noise19p609375_seed_replicates,,skipped,no compatible coordinate optimizer summary,,,,,,,
393,outputs/experiments/393_coordinate_optimizer_close14_seed21_sources4_txrx50_noise19p609375_objectives,outputs/experiments/393_coordinate_optimizer_close14_seed21_sources4_txrx50_noise19p609375_objectives/data/multi_rebar_coordinate_optimizer_summary.json,generated,missing pulse/noise artifacts,outputs/experiments/393_coordinate_optimizer_close14_seed21_sources4_txrx50_noise19p609375_objectives/figures/source_pulse_noise_context.png,outputs/experiments/393_coordinate_optimizer_close14_seed21_sources4_txrx50_noise19p609375_objectives/data/source_pulse_noise_context_summary.json,outputs/experiments/393_coordinate_optimizer_close14_seed21_sources4_txrx50_noise19p609375_objectives/figures/FIGURE_NOTES.md,2314,1379,5715,0.11212576848805675
392,outputs/experiments/392_coordinate_optimizer_close14_seed13_sources4_txrx50_noise19p609375_objectives,outputs/experiments/392_coordinate_optimizer_close14_seed13_sources4_txrx50_noise19p609375_objectives/data/multi_rebar_coordinate_optimizer_summary.json,generated,missing pulse/noise artifacts,outputs/experiments/392_coordinate_optimizer_close14_seed13_sources4_txrx50_noise19p609375_objectives/figures/source_pulse_noise_context.png,outputs/experiments/392_coordinate_optimizer_close14_seed13_sources4_txrx50_noise19p609375_objectives/data/source_pulse_noise_context_summary.json,outputs/experiments/392_coordinate_optimizer_close14_seed13_sources4_txrx50_noise19p609375_objectives/figures/FIGURE_NOTES.md,2314,1379,5704,0.10977541251881068
391,outputs/experiments/391_coordinate_optimizer_close14_seed34_sources4_txrx50_noise19p609375_objectives,outputs/experiments/391_coordinate_optimizer_close14_seed34_sources4_txrx50_noise19p609375_objectives/data/multi_rebar_coordinate_optimizer_summary.json,generated,missing pulse/noise artifacts,outputs/experiments/391_coordinate_optimizer_close14_seed34_sources4_txrx50_noise19p609375_objectives/figures/source_pulse_noise_context.png,outputs/experiments/391_coordinate_optimizer_close14_seed34_sources4_txrx50_noise19p609375_objectives/data/source_pulse_noise_context_summary.json,outputs/experiments/391_coordinate_optimizer_close14_seed34_sources4_txrx50_noise19p609375_objectives/figures/FIGURE_NOTES.md,2314,1379,5051,0.10778419094166541
390,outputs/experiments/390_coordinate_confidence_close14_sources4_txrx50_noise19p53125_seed_replicates,,skipped,no compatible coordinate optimizer summary,,,,,,,
389,outputs/experiments/389_coordinate_optimizer_close14_seed21_sources4_txrx50_noise19p53125_objectives,outputs/experiments/389_coordinate_optimizer_close14_seed21_sources4_txrx50_noise19p53125_objectives/data/multi_rebar_coordinate_optimizer_summary.json,generated,missing pulse/noise artifacts,outputs/experiments/389_coordinate_optimizer_close14_seed21_sources4_txrx50_noise19p53125_objectives/figures/source_pulse_noise_context.png,outputs/experiments/389_coordinate_optimizer_close14_seed21_sources4_txrx50_noise19p53125_objectives/data/source_pulse_noise_context_summary.json,outputs/experiments/389_coordinate_optimizer_close14_seed21_sources4_txrx50_noise19p53125_objectives/figures/FIGURE_NOTES.md,2314,1379,5725,0.11193366606017037
388,outputs/experiments/388_coordinate_optimizer_close14_seed13_sources4_txrx50_noise19p53125_objectives,outputs/experiments/388_coordinate_optimizer_close14_seed13_sources4_txrx50_noise19p53125_objectives/data/multi_rebar_coordinate_optimizer_summary.json,generated,missing pulse/noise artifacts,outputs/experiments/388_coordinate_optimizer_close14_seed13_sources4_txrx50_noise19p53125_objectives/figures/source_pulse_noise_context.png,outputs/experiments/388_coordinate_optimizer_close14_seed13_sources4_txrx50_noise19p53125_objectives/data/source_pulse_noise_context_summary.json,outputs/experiments/388_coordinate_optimizer_close14_seed13_sources4_txrx50_noise19p53125_objectives/figures/FIGURE_NOTES.md,2314,1379,5684,0.10959866574992339
387,outputs/experiments/387_coordinate_optimizer_close14_seed34_sources4_txrx50_noise19p53125_objectives,outputs/experiments/387_coordinate_optimizer_close14_seed34_sources4_txrx50_noise19p53125_objectives/data/multi_rebar_coordinate_optimizer_summary.json,generated,missing pulse/noise artifacts,outputs/experiments/387_coordinate_optimizer_close14_seed34_sources4_txrx50_noise19p53125_objectives/figures/source_pulse_noise_context.png,outputs/experiments/387_coordinate_optimizer_close14_seed34_sources4_txrx50_noise19p53125_objectives/data/source_pulse_noise_context_summary.json,outputs/experiments/387_coordinate_optimizer_close14_seed34_sources4_txrx50_noise19p53125_objectives/figures/FIGURE_NOTES.md,2314,1379,5047,0.10757422580841278
386,outputs/experiments/386_coordinate_optimizer_close14_seed34_sources4_txrx50_noise19p6875_objectives,outputs/experiments/386_coordinate_optimizer_close14_seed34_sources4_txrx50_noise19p6875_objectives/data/multi_rebar_coordinate_optimizer_summary.json,generated,missing pulse/noise artifacts,outputs/experiments/386_coordinate_optimizer_close14_seed34_sources4_txrx50_noise19p6875_objectives/figures/source_pulse_noise_context.png,outputs/experiments/386_coordinate_optimizer_close14_seed34_sources4_txrx50_noise19p6875_objectives/data/source_pulse_noise_context_summary.json,outputs/experiments/386_coordinate_optimizer_close14_seed34_sources4_txrx50_noise19p6875_objectives/figures/FIGURE_NOTES.md,2314,1379,5080,0.10751750388435496
385,outputs/experiments/385_coordinate_confidence_close14_sources4_txrx50_noise19p375_seed_replicates,,skipped,no compatible coordinate optimizer summary,,,,,,,
384,outputs/experiments/384_coordinate_optimizer_close14_seed21_sources4_txrx50_noise19p375_objectives,outputs/experiments/384_coordinate_optimizer_close14_seed21_sources4_txrx50_noise19p375_objectives/data/multi_rebar_coordinate_optimizer_summary.json,generated,missing pulse/noise artifacts,outputs/experiments/384_coordinate_optimizer_close14_seed21_sources4_txrx50_noise19p375_objectives/figures/source_pulse_noise_context.png,outputs/experiments/384_coordinate_optimizer_close14_seed21_sources4_txrx50_noise19p375_objectives/data/source_pulse_noise_context_summary.json,outputs/experiments/384_coordinate_optimizer_close14_seed21_sources4_txrx50_noise19p375_objectives/figures/FIGURE_NOTES.md,2314,1379,5718,0.1116792008539
383,outputs/experiments/383_coordinate_optimizer_close14_seed13_sources4_txrx50_noise19p375_objectives,outputs/experiments/383_coordinate_optimizer_close14_seed13_sources4_txrx50_noise19p375_objectives/data/multi_rebar_coordinate_optimizer_summary.json,generated,missing pulse/noise artifacts,outputs/experiments/383_coordinate_optimizer_close14_seed13_sources4_txrx50_noise19p375_objectives/figures/source_pulse_noise_context.png,outputs/experiments/383_coordinate_optimizer_close14_seed13_sources4_txrx50_noise19p375_objectives/data/source_pulse_noise_context_summary.json,outputs/experiments/383_coordinate_optimizer_close14_seed13_sources4_txrx50_noise19p375_objectives/figures/FIGURE_NOTES.md,2314,1379,5686,0.10932289064953184
382,outputs/experiments/382_coordinate_optimizer_close14_seed34_sources4_txrx50_noise19p375_objectives,outputs/experiments/382_coordinate_optimizer_close14_seed34_sources4_txrx50_noise19p375_objectives/data/multi_rebar_coordinate_optimizer_summary.json,generated,missing pulse/noise artifacts,outputs/experiments/382_coordinate_optimizer_close14_seed34_sources4_txrx50_noise19p375_objectives/figures/source_pulse_noise_context.png,outputs/experiments/382_coordinate_optimizer_close14_seed34_sources4_txrx50_noise19p375_objectives/data/source_pulse_noise_context_summary.json,outputs/experiments/382_coordinate_optimizer_close14_seed34_sources4_txrx50_noise19p375_objectives/figures/FIGURE_NOTES.md,2314,1379,5056,0.10732634159885629
381,outputs/experiments/381_coordinate_confidence_close14_sources4_txrx50_noise18p75_seed_replicates,,skipped,no compatible coordinate optimizer summary,,,,,,,
380,outputs/experiments/380_coordinate_optimizer_close14_seed21_sources4_txrx50_noise18p75_objectives,outputs/experiments/380_coordinate_optimizer_close14_seed21_sources4_txrx50_noise18p75_objectives/data/multi_rebar_coordinate_optimizer_summary.json,generated,missing pulse/noise artifacts,outputs/experiments/380_coordinate_optimizer_close14_seed21_sources4_txrx50_noise18p75_objectives/figures/source_pulse_noise_context.png,outputs/experiments/380_coordinate_optimizer_close14_seed21_sources4_txrx50_noise18p75_objectives/data/source_pulse_noise_context_summary.json,outputs/experiments/380_coordinate_optimizer_close14_seed21_sources4_txrx50_noise18p75_objectives/figures/FIGURE_NOTES.md,2314,1379,5714,0.11153034497584774
379,outputs/experiments/379_coordinate_optimizer_close14_seed13_sources4_txrx50_noise18p75_objectives,outputs/experiments/379_coordinate_optimizer_close14_seed13_sources4_txrx50_noise18p75_objectives/data/multi_rebar_coordinate_optimizer_summary.json,generated,missing pulse/noise artifacts,outputs/experiments/379_coordinate_optimizer_close14_seed13_sources4_txrx50_noise18p75_objectives/figures/source_pulse_noise_context.png,outputs/experiments/379_coordinate_optimizer_close14_seed13_sources4_txrx50_noise18p75_objectives/data/source_pulse_noise_context_summary.json,outputs/experiments/379_coordinate_optimizer_close14_seed13_sources4_txrx50_noise18p75_objectives/figures/FIGURE_NOTES.md,2314,1379,5642,0.10918970381127456
378,outputs/experiments/378_coordinate_optimizer_close14_seed34_sources4_txrx50_noise18p75_objectives,outputs/experiments/378_coordinate_optimizer_close14_seed34_sources4_txrx50_noise18p75_objectives/data/multi_rebar_coordinate_optimizer_summary.json,generated,missing pulse/noise artifacts,outputs/experiments/378_coordinate_optimizer_close14_seed34_sources4_txrx50_noise18p75_objectives/figures/source_pulse_noise_context.png,outputs/experiments/378_coordinate_optimizer_close14_seed34_sources4_txrx50_noise18p75_objectives/data/source_pulse_noise_context_summary.json,outputs/experiments/378_coordinate_optimizer_close14_seed34_sources4_txrx50_noise18p75_objectives/figures/FIGURE_NOTES.md,2314,1379,5053,0.10716965120090655
377,outputs/experiments/377_coordinate_optimizer_close14_seed34_sources4_txrx50_noise20_objectives,outputs/experiments/377_coordinate_optimizer_close14_seed34_sources4_txrx50_noise20_objectives/data/multi_rebar_coordinate_optimizer_summary.json,generated,missing pulse/noise artifacts,outputs/experiments/377_coordinate_optimizer_close14_seed34_sources4_txrx50_noise20_objectives/figures/source_pulse_noise_context.png,outputs/experiments/377_coordinate_optimizer_close14_seed34_sources4_txrx50_noise20_objectives/data/source_pulse_noise_context_summary.json,outputs/experiments/377_coordinate_optimizer_close14_seed34_sources4_txrx50_noise20_objectives/figures/FIGURE_NOTES.md,2314,1379,5074,0.10683339360690641
376,outputs/experiments/376_coordinate_confidence_close14_sources4_txrx50_noise17p5_seed_replicates,,skipped,no compatible coordinate optimizer summary,,,,,,,
375,outputs/experiments/375_coordinate_optimizer_close14_seed21_sources4_txrx50_noise17p5_objectives,outputs/experiments/375_coordinate_optimizer_close14_seed21_sources4_txrx50_noise17p5_objectives/data/multi_rebar_coordinate_optimizer_summary.json,generated,missing pulse/noise artifacts,outputs/experiments/375_coordinate_optimizer_close14_seed21_sources4_txrx50_noise17p5_objectives/figures/source_pulse_noise_context.png,outputs/experiments/375_coordinate_optimizer_close14_seed21_sources4_txrx50_noise17p5_objectives/data/source_pulse_noise_context_summary.json,outputs/experiments/375_coordinate_optimizer_close14_seed21_sources4_txrx50_noise17p5_objectives/figures/FIGURE_NOTES.md,2314,1379,5612,0.11131160518030991
374,outputs/experiments/374_coordinate_optimizer_close14_seed13_sources4_txrx50_noise17p5_objectives,outputs/experiments/374_coordinate_optimizer_close14_seed13_sources4_txrx50_noise17p5_objectives/data/multi_rebar_coordinate_optimizer_summary.json,generated,missing pulse/noise artifacts,outputs/experiments/374_coordinate_optimizer_close14_seed13_sources4_txrx50_noise17p5_objectives/figures/source_pulse_noise_context.png,outputs/experiments/374_coordinate_optimizer_close14_seed13_sources4_txrx50_noise17p5_objectives/data/source_pulse_noise_context_summary.json,outputs/experiments/374_coordinate_optimizer_close14_seed13_sources4_txrx50_noise17p5_objectives/figures/FIGURE_NOTES.md,2314,1379,5577,0.1089925872906538
373,outputs/experiments/373_coordinate_optimizer_close14_seed34_sources4_txrx50_noise17p5_objectives,outputs/experiments/373_coordinate_optimizer_close14_seed34_sources4_txrx50_noise17p5_objectives/data/multi_rebar_coordinate_optimizer_summary.json,generated,missing pulse/noise artifacts,outputs/experiments/373_coordinate_optimizer_close14_seed34_sources4_txrx50_noise17p5_objectives/figures/source_pulse_noise_context.png,outputs/experiments/373_coordinate_optimizer_close14_seed34_sources4_txrx50_noise17p5_objectives/data/source_pulse_noise_context_summary.json,outputs/experiments/373_coordinate_optimizer_close14_seed34_sources4_txrx50_noise17p5_objectives/figures/FIGURE_NOTES.md,2314,1379,5023,0.10699729176316183
372,outputs/experiments/372_coordinate_confidence_close14_sources4_txrx50_noise16p25_seed_replicates,,skipped,no compatible coordinate optimizer summary,,,,,,,
371,outputs/experiments/371_coordinate_optimizer_close14_seed21_sources4_txrx50_noise16p25_objectives,outputs/experiments/371_coordinate_optimizer_close14_seed21_sources4_txrx50_noise16p25_objectives/data/multi_rebar_coordinate_optimizer_summary.json,generated,missing pulse/noise artifacts,outputs/experiments/371_coordinate_optimizer_close14_seed21_sources4_txrx50_noise16p25_objectives/figures/source_pulse_noise_context.png,outputs/experiments/371_coordinate_optimizer_close14_seed21_sources4_txrx50_noise16p25_objectives/data/source_pulse_noise_context_summary.json,outputs/experiments/371_coordinate_optimizer_close14_seed21_sources4_txrx50_noise16p25_objectives/figures/FIGURE_NOTES.md,2314,1379,5578,0.11150840832013478
370,outputs/experiments/370_coordinate_optimizer_close14_seed13_sources4_txrx50_noise16p25_objectives,outputs/experiments/370_coordinate_optimizer_close14_seed13_sources4_txrx50_noise16p25_objectives/data/multi_rebar_coordinate_optimizer_summary.json,generated,missing pulse/noise artifacts,outputs/experiments/370_coordinate_optimizer_close14_seed13_sources4_txrx50_noise16p25_objectives/figures/source_pulse_noise_context.png,outputs/experiments/370_coordinate_optimizer_close14_seed13_sources4_txrx50_noise16p25_objectives/data/source_pulse_noise_context_summary.json,outputs/experiments/370_coordinate_optimizer_close14_seed13_sources4_txrx50_noise16p25_objectives/figures/FIGURE_NOTES.md,2314,1379,5492,0.10912640089050286
369,outputs/experiments/369_coordinate_optimizer_close14_seed34_sources4_txrx50_noise16p25_objectives,outputs/experiments/369_coordinate_optimizer_close14_seed34_sources4_txrx50_noise16p25_objectives/data/multi_rebar_coordinate_optimizer_summary.json,generated,missing pulse/noise artifacts,outputs/experiments/369_coordinate_optimizer_close14_seed34_sources4_txrx50_noise16p25_objectives/figures/source_pulse_noise_context.png,outputs/experiments/369_coordinate_optimizer_close14_seed34_sources4_txrx50_noise16p25_objectives/data/source_pulse_noise_context_summary.json,outputs/experiments/369_coordinate_optimizer_close14_seed34_sources4_txrx50_noise16p25_objectives/figures/FIGURE_NOTES.md,2314,1379,4977,0.10713455255176581
368,outputs/experiments/368_coordinate_confidence_close14_sources4_txrx50_noise15p625_seed_replicates,,skipped,no compatible coordinate optimizer summary,,,,,,,
367,outputs/experiments/367_coordinate_optimizer_close14_seed21_sources4_txrx50_noise15p625_objectives,outputs/experiments/367_coordinate_optimizer_close14_seed21_sources4_txrx50_noise15p625_objectives/data/multi_rebar_coordinate_optimizer_summary.json,generated,missing pulse/noise artifacts,outputs/experiments/367_coordinate_optimizer_close14_seed21_sources4_txrx50_noise15p625_objectives/figures/source_pulse_noise_context.png,outputs/experiments/367_coordinate_optimizer_close14_seed21_sources4_txrx50_noise15p625_objectives/data/source_pulse_noise_context_summary.json,outputs/experiments/367_coordinate_optimizer_close14_seed21_sources4_txrx50_noise15p625_objectives/figures/FIGURE_NOTES.md,2314,1379,5518,0.11157923238000805
366,outputs/experiments/366_coordinate_optimizer_close14_seed13_sources4_txrx50_noise15p625_objectives,outputs/experiments/366_coordinate_optimizer_close14_seed13_sources4_txrx50_noise15p625_objectives/data/multi_rebar_coordinate_optimizer_summary.json,generated,missing pulse/noise artifacts,outputs/experiments/366_coordinate_optimizer_close14_seed13_sources4_txrx50_noise15p625_objectives/figures/source_pulse_noise_context.png,outputs/experiments/366_coordinate_optimizer_close14_seed13_sources4_txrx50_noise15p625_objectives/data/source_pulse_noise_context_summary.json,outputs/experiments/366_coordinate_optimizer_close14_seed13_sources4_txrx50_noise15p625_objectives/figures/FIGURE_NOTES.md,2314,1379,5462,0.10918249605296887
365,outputs/experiments/365_coordinate_optimizer_close14_seed34_sources4_txrx50_noise15p625_objectives,outputs/experiments/365_coordinate_optimizer_close14_seed34_sources4_txrx50_noise15p625_objectives/data/multi_rebar_coordinate_optimizer_summary.json,generated,missing pulse/noise artifacts,outputs/experiments/365_coordinate_optimizer_close14_seed34_sources4_txrx50_noise15p625_objectives/figures/source_pulse_noise_context.png,outputs/experiments/365_coordinate_optimizer_close14_seed34_sources4_txrx50_noise15p625_objectives/data/source_pulse_noise_context_summary.json,outputs/experiments/365_coordinate_optimizer_close14_seed34_sources4_txrx50_noise15p625_objectives/figures/FIGURE_NOTES.md,2314,1379,4941,0.10721979212825046
364,outputs/experiments/364_coordinate_confidence_close14_sources4_txrx50_noise15p46875_seed_replicates,,skipped,no compatible coordinate optimizer summary,,,,,,,
363,outputs/experiments/363_coordinate_optimizer_close14_seed21_sources4_txrx50_noise15p46875_objectives,outputs/experiments/363_coordinate_optimizer_close14_seed21_sources4_txrx50_noise15p46875_objectives/data/multi_rebar_coordinate_optimizer_summary.json,generated,missing pulse/noise artifacts,outputs/experiments/363_coordinate_optimizer_close14_seed21_sources4_txrx50_noise15p46875_objectives/figures/source_pulse_noise_context.png,outputs/experiments/363_coordinate_optimizer_close14_seed21_sources4_txrx50_noise15p46875_objectives/data/source_pulse_noise_context_summary.json,outputs/experiments/363_coordinate_optimizer_close14_seed21_sources4_txrx50_noise15p46875_objectives/figures/FIGURE_NOTES.md,2314,1379,5524,0.1117948383675869
362,outputs/experiments/362_coordinate_optimizer_close14_seed13_sources4_txrx50_noise15p46875_objectives,outputs/experiments/362_coordinate_optimizer_close14_seed13_sources4_txrx50_noise15p46875_objectives/data/multi_rebar_coordinate_optimizer_summary.json,generated,missing pulse/noise artifacts,outputs/experiments/362_coordinate_optimizer_close14_seed13_sources4_txrx50_noise15p46875_objectives/figures/source_pulse_noise_context.png,outputs/experiments/362_coordinate_optimizer_close14_seed13_sources4_txrx50_noise15p46875_objectives/data/source_pulse_noise_context_summary.json,outputs/experiments/362_coordinate_optimizer_close14_seed13_sources4_txrx50_noise15p46875_objectives/figures/FIGURE_NOTES.md,2314,1379,5451,0.10933949983171451
361,outputs/experiments/361_coordinate_optimizer_close14_seed34_sources4_txrx50_noise15p46875_objectives,outputs/experiments/361_coordinate_optimizer_close14_seed34_sources4_txrx50_noise15p46875_objectives/data/multi_rebar_coordinate_optimizer_summary.json,generated,missing pulse/noise artifacts,outputs/experiments/361_coordinate_optimizer_close14_seed34_sources4_txrx50_noise15p46875_objectives/figures/source_pulse_noise_context.png,outputs/experiments/361_coordinate_optimizer_close14_seed34_sources4_txrx50_noise15p46875_objectives/data/source_pulse_noise_context_summary.json,outputs/experiments/361_coordinate_optimizer_close14_seed34_sources4_txrx50_noise15p46875_objectives/figures/FIGURE_NOTES.md,2314,1379,4954,0.1074319509270744
360,outputs/experiments/360_coordinate_confidence_close14_sources4_txrx50_noise15p361328125_seed_replicates,,skipped,no compatible coordinate optimizer summary,,,,,,,
359,outputs/experiments/359_coordinate_optimizer_close14_seed21_sources4_txrx50_noise15p361328125_objectives,outputs/experiments/359_coordinate_optimizer_close14_seed21_sources4_txrx50_noise15p361328125_objectives/data/multi_rebar_coordinate_optimizer_summary.json,generated,missing pulse/noise artifacts,outputs/experiments/359_coordinate_optimizer_close14_seed21_sources4_txrx50_noise15p361328125_objectives/figures/source_pulse_noise_context.png,outputs/experiments/359_coordinate_optimizer_close14_seed21_sources4_txrx50_noise15p361328125_objectives/data/source_pulse_noise_context_summary.json,outputs/experiments/359_coordinate_optimizer_close14_seed21_sources4_txrx50_noise15p361328125_objectives/figures/FIGURE_NOTES.md,2314,1379,5536,0.11228057860123108
358,outputs/experiments/358_coordinate_optimizer_close14_seed13_sources4_txrx50_noise15p361328125_objectives,outputs/experiments/358_coordinate_optimizer_close14_seed13_sources4_txrx50_noise15p361328125_objectives/data/multi_rebar_coordinate_optimizer_summary.json,generated,missing pulse/noise artifacts,outputs/experiments/358_coordinate_optimizer_close14_seed13_sources4_txrx50_noise15p361328125_objectives/figures/source_pulse_noise_context.png,outputs/experiments/358_coordinate_optimizer_close14_seed13_sources4_txrx50_noise15p361328125_objectives/data/source_pulse_noise_context_summary.json,outputs/experiments/358_coordinate_optimizer_close14_seed13_sources4_txrx50_noise15p361328125_objectives/figures/FIGURE_NOTES.md,2314,1379,5464,0.10991800078094495
357,outputs/experiments/357_coordinate_optimizer_close14_seed34_sources4_txrx50_noise15p361328125_objectives,outputs/experiments/357_coordinate_optimizer_close14_seed34_sources4_txrx50_noise15p361328125_objectives/data/multi_rebar_coordinate_optimizer_summary.json,generated,missing pulse/noise artifacts,outputs/experiments/357_coordinate_optimizer_close14_seed34_sources4_txrx50_noise15p361328125_objectives/figures/source_pulse_noise_context.png,outputs/experiments/357_coordinate_optimizer_close14_seed34_sources4_txrx50_noise15p361328125_objectives/data/source_pulse_noise_context_summary.json,outputs/experiments/357_coordinate_optimizer_close14_seed34_sources4_txrx50_noise15p361328125_objectives/figures/FIGURE_NOTES.md,2314,1379,4957,0.10793555386608486
356,outputs/experiments/356_coordinate_confidence_close14_seed34_noise15p361328125_sources4_5_7_aggregate,,skipped,no compatible coordinate optimizer summary,,,,,,,
355,outputs/experiments/355_coordinate_optimizer_close14_seed34_sources7_txrx45_noise15p361328125_objectives,outputs/experiments/355_coordinate_optimizer_close14_seed34_sources7_txrx45_noise15p361328125_objectives/data/multi_rebar_coordinate_optimizer_summary.json,generated,missing pulse/noise artifacts,outputs/experiments/355_coordinate_optimizer_close14_seed34_sources7_txrx45_noise15p361328125_objectives/figures/source_pulse_noise_context.png,outputs/experiments/355_coordinate_optimizer_close14_seed34_sources7_txrx45_noise15p361328125_objectives/data/source_pulse_noise_context_summary.json,outputs/experiments/355_coordinate_optimizer_close14_seed34_sources7_txrx45_noise15p361328125_objectives/figures/FIGURE_NOTES.md,2314,1379,4957,0.10792583906141198
354,outputs/experiments/354_coordinate_optimizer_close14_seed34_sources5_txrx45_noise15p361328125_objectives,outputs/experiments/354_coordinate_optimizer_close14_seed34_sources5_txrx45_noise15p361328125_objectives/data/multi_rebar_coordinate_optimizer_summary.json,generated,missing pulse/noise artifacts,outputs/experiments/354_coordinate_optimizer_close14_seed34_sources5_txrx45_noise15p361328125_objectives/figures/source_pulse_noise_context.png,outputs/experiments/354_coordinate_optimizer_close14_seed34_sources5_txrx45_noise15p361328125_objectives/data/source_pulse_noise_context_summary.json,outputs/experiments/354_coordinate_optimizer_close14_seed34_sources5_txrx45_noise15p361328125_objectives/figures/FIGURE_NOTES.md,2314,1379,4957,0.10792019820708579
353,outputs/experiments/353_coordinate_optimizer_close14_seed34_sources4_txrx45_noise15p361328125_objectives,outputs/experiments/353_coordinate_optimizer_close14_seed34_sources4_txrx45_noise15p361328125_objectives/data/multi_rebar_coordinate_optimizer_summary.json,generated,missing pulse/noise artifacts,outputs/experiments/353_coordinate_optimizer_close14_seed34_sources4_txrx45_noise15p361328125_objectives/figures/source_pulse_noise_context.png,outputs/experiments/353_coordinate_optimizer_close14_seed34_sources4_txrx45_noise15p361328125_objectives/data/source_pulse_noise_context_summary.json,outputs/experiments/353_coordinate_optimizer_close14_seed34_sources4_txrx45_noise15p361328125_objectives/figures/FIGURE_NOTES.md,2314,1379,4957,0.10796783208806252
352,outputs/experiments/352_coordinate_optimizer_close14_seed34_sources4_txrx45_noise15p37109375_objectives,outputs/experiments/352_coordinate_optimizer_close14_seed34_sources4_txrx45_noise15p37109375_objectives/data/multi_rebar_coordinate_optimizer_summary.json,generated,missing pulse/noise artifacts,outputs/experiments/352_coordinate_optimizer_close14_seed34_sources4_txrx45_noise15p37109375_objectives/figures/source_pulse_noise_context.png,outputs/experiments/352_coordinate_optimizer_close14_seed34_sources4_txrx45_noise15p37109375_objectives/data/source_pulse_noise_context_summary.json,outputs/experiments/352_coordinate_optimizer_close14_seed34_sources4_txrx45_noise15p37109375_objectives/figures/FIGURE_NOTES.md,2314,1379,4947,0.1077920254615629
351,outputs/experiments/351_coordinate_optimizer_close14_seed34_sources4_txrx45_noise15p3515625_objectives,outputs/experiments/351_coordinate_optimizer_close14_seed34_sources4_txrx45_noise15p3515625_objectives/data/multi_rebar_coordinate_optimizer_summary.json,generated,missing pulse/noise artifacts,outputs/experiments/351_coordinate_optimizer_close14_seed34_sources4_txrx45_noise15p3515625_objectives/figures/source_pulse_noise_context.png,outputs/experiments/351_coordinate_optimizer_close14_seed34_sources4_txrx45_noise15p3515625_objectives/data/source_pulse_noise_context_summary.json,outputs/experiments/351_coordinate_optimizer_close14_seed34_sources4_txrx45_noise15p3515625_objectives/figures/FIGURE_NOTES.md,2314,1379,4953,0.10768422246777348
350,outputs/experiments/350_coordinate_optimizer_close14_seed34_sources4_txrx45_noise15p390625_objectives,outputs/experiments/350_coordinate_optimizer_close14_seed34_sources4_txrx45_noise15p390625_objectives/data/multi_rebar_coordinate_optimizer_summary.json,generated,missing pulse/noise artifacts,outputs/experiments/350_coordinate_optimizer_close14_seed34_sources4_txrx45_noise15p390625_objectives/figures/source_pulse_noise_context.png,outputs/experiments/350_coordinate_optimizer_close14_seed34_sources4_txrx45_noise15p390625_objectives/data/source_pulse_noise_context_summary.json,outputs/experiments/350_coordinate_optimizer_close14_seed34_sources4_txrx45_noise15p390625_objectives/figures/FIGURE_NOTES.md,2314,1379,4960,0.10763157449406237
349,outputs/experiments/349_coordinate_confidence_close14_sources4_txrx45_noise15p3125_seed_replicates,,skipped,no compatible coordinate optimizer summary,,,,,,,
348,outputs/experiments/348_coordinate_optimizer_close14_seed21_sources4_txrx45_noise15p3125_objectives,outputs/experiments/348_coordinate_optimizer_close14_seed21_sources4_txrx45_noise15p3125_objectives/data/multi_rebar_coordinate_optimizer_summary.json,generated,missing pulse/noise artifacts,outputs/experiments/348_coordinate_optimizer_close14_seed21_sources4_txrx45_noise15p3125_objectives/figures/source_pulse_noise_context.png,outputs/experiments/348_coordinate_optimizer_close14_seed21_sources4_txrx45_noise15p3125_objectives/data/source_pulse_noise_context_summary.json,outputs/experiments/348_coordinate_optimizer_close14_seed21_sources4_txrx45_noise15p3125_objectives/figures/FIGURE_NOTES.md,2314,1379,5528,0.11165350362863624
347,outputs/experiments/347_coordinate_optimizer_close14_seed13_sources4_txrx45_noise15p3125_objectives,outputs/experiments/347_coordinate_optimizer_close14_seed13_sources4_txrx45_noise15p3125_objectives/data/multi_rebar_coordinate_optimizer_summary.json,generated,missing pulse/noise artifacts,outputs/experiments/347_coordinate_optimizer_close14_seed13_sources4_txrx45_noise15p3125_objectives/figures/source_pulse_noise_context.png,outputs/experiments/347_coordinate_optimizer_close14_seed13_sources4_txrx45_noise15p3125_objectives/data/source_pulse_noise_context_summary.json,outputs/experiments/347_coordinate_optimizer_close14_seed13_sources4_txrx45_noise15p3125_objectives/figures/FIGURE_NOTES.md,2314,1379,5445,0.10924266516578157
346,outputs/experiments/346_coordinate_optimizer_close14_seed34_sources4_txrx45_noise15p46875_objectives,outputs/experiments/346_coordinate_optimizer_close14_seed34_sources4_txrx45_noise15p46875_objectives/data/multi_rebar_coordinate_optimizer_summary.json,generated,missing pulse/noise artifacts,outputs/experiments/346_coordinate_optimizer_close14_seed34_sources4_txrx45_noise15p46875_objectives/figures/source_pulse_noise_context.png,outputs/experiments/346_coordinate_optimizer_close14_seed34_sources4_txrx45_noise15p46875_objectives/data/source_pulse_noise_context_summary.json,outputs/experiments/346_coordinate_optimizer_close14_seed34_sources4_txrx45_noise15p46875_objectives/figures/FIGURE_NOTES.md,2314,1379,4954,0.10744229249333909
345,outputs/experiments/345_coordinate_optimizer_close14_seed34_sources4_txrx45_noise15p3125_objectives,outputs/experiments/345_coordinate_optimizer_close14_seed34_sources4_txrx45_noise15p3125_objectives/data/multi_rebar_coordinate_optimizer_summary.json,generated,missing pulse/noise artifacts,outputs/experiments/345_coordinate_optimizer_close14_seed34_sources4_txrx45_noise15p3125_objectives/figures/source_pulse_noise_context.png,outputs/experiments/345_coordinate_optimizer_close14_seed34_sources4_txrx45_noise15p3125_objectives/data/source_pulse_noise_context_summary.json,outputs/experiments/345_coordinate_optimizer_close14_seed34_sources4_txrx45_noise15p3125_objectives/figures/FIGURE_NOTES.md,2314,1379,4936,0.10727244010196157
344,outputs/experiments/344_coordinate_optimizer_close14_seed34_sources4_txrx45_noise15p625_objectives,outputs/experiments/344_coordinate_optimizer_close14_seed34_sources4_txrx45_noise15p625_objectives/data/multi_rebar_coordinate_optimizer_summary.json,generated,missing pulse/noise artifacts,outputs/experiments/344_coordinate_optimizer_close14_seed34_sources4_txrx45_noise15p625_objectives/figures/source_pulse_noise_context.png,outputs/experiments/344_coordinate_optimizer_close14_seed34_sources4_txrx45_noise15p625_objectives/data/source_pulse_noise_context_summary.json,outputs/experiments/344_coordinate_optimizer_close14_seed34_sources4_txrx45_noise15p625_objectives/figures/FIGURE_NOTES.md,2314,1379,4941,0.10723076045610695
343,outputs/experiments/343_coordinate_optimizer_close14_seed34_sources4_txrx45_noise16p25_objectives,outputs/experiments/343_coordinate_optimizer_close14_seed34_sources4_txrx45_noise16p25_objectives/data/multi_rebar_coordinate_optimizer_summary.json,generated,missing pulse/noise artifacts,outputs/experiments/343_coordinate_optimizer_close14_seed34_sources4_txrx45_noise16p25_objectives/figures/source_pulse_noise_context.png,outputs/experiments/343_coordinate_optimizer_close14_seed34_sources4_txrx45_noise16p25_objectives/data/source_pulse_noise_context_summary.json,outputs/experiments/343_coordinate_optimizer_close14_seed34_sources4_txrx45_noise16p25_objectives/figures/FIGURE_NOTES.md,2314,1379,4977,0.10709945390262507
342,outputs/experiments/342_coordinate_optimizer_close14_seed34_sources4_txrx45_noise17p5_objectives,outputs/experiments/342_coordinate_optimizer_close14_seed34_sources4_txrx45_noise17p5_objectives/data/multi_rebar_coordinate_optimizer_summary.json,generated,missing pulse/noise artifacts,outputs/experiments/342_coordinate_optimizer_close14_seed34_sources4_txrx45_noise17p5_objectives/figures/source_pulse_noise_context.png,outputs/experiments/342_coordinate_optimizer_close14_seed34_sources4_txrx45_noise17p5_objectives/data/source_pulse_noise_context_summary.json,outputs/experiments/342_coordinate_optimizer_close14_seed34_sources4_txrx45_noise17p5_objectives/figures/FIGURE_NOTES.md,2314,1379,5023,0.10696877411073498
341,outputs/experiments/341_coordinate_confidence_close14_sources4_txrx45_noise15_seed_replicates,,skipped,no compatible coordinate optimizer summary,,,,,,,
340,outputs/experiments/340_coordinate_optimizer_close14_seed21_sources4_txrx45_noise15_objectives,outputs/experiments/340_coordinate_optimizer_close14_seed21_sources4_txrx45_noise15_objectives/data/multi_rebar_coordinate_optimizer_summary.json,generated,missing pulse/noise artifacts,outputs/experiments/340_coordinate_optimizer_close14_seed21_sources4_txrx45_noise15_objectives/figures/source_pulse_noise_context.png,outputs/experiments/340_coordinate_optimizer_close14_seed21_sources4_txrx45_noise15_objectives/data/source_pulse_noise_context_summary.json,outputs/experiments/340_coordinate_optimizer_close14_seed21_sources4_txrx45_noise15_objectives/figures/FIGURE_NOTES.md,2314,1379,5516,0.11095497783457631
339,outputs/experiments/339_coordinate_optimizer_close14_seed13_sources4_txrx45_noise15_objectives,outputs/experiments/339_coordinate_optimizer_close14_seed13_sources4_txrx45_noise15_objectives/data/multi_rebar_coordinate_optimizer_summary.json,generated,missing pulse/noise artifacts,outputs/experiments/339_coordinate_optimizer_close14_seed13_sources4_txrx45_noise15_objectives/figures/source_pulse_noise_context.png,outputs/experiments/339_coordinate_optimizer_close14_seed13_sources4_txrx45_noise15_objectives/data/source_pulse_noise_context_summary.json,outputs/experiments/339_coordinate_optimizer_close14_seed13_sources4_txrx45_noise15_objectives/figures/FIGURE_NOTES.md,2314,1379,5434,0.10858957958712707
338,outputs/experiments/338_coordinate_optimizer_close14_seed34_sources4_txrx45_noise15_objectives,outputs/experiments/338_coordinate_optimizer_close14_seed34_sources4_txrx45_noise15_objectives/data/multi_rebar_coordinate_optimizer_summary.json,generated,missing pulse/noise artifacts,outputs/experiments/338_coordinate_optimizer_close14_seed34_sources4_txrx45_noise15_objectives/figures/source_pulse_noise_context.png,outputs/experiments/338_coordinate_optimizer_close14_seed34_sources4_txrx45_noise15_objectives/data/source_pulse_noise_context_summary.json,outputs/experiments/338_coordinate_optimizer_close14_seed34_sources4_txrx45_noise15_objectives/figures/FIGURE_NOTES.md,2314,1379,4946,0.10660556576828749
337,outputs/experiments/337_coordinate_optimizer_close14_seed34_sources4_txrx45_noise20_objectives,outputs/experiments/337_coordinate_optimizer_close14_seed34_sources4_txrx45_noise20_objectives/data/multi_rebar_coordinate_optimizer_summary.json,generated,missing pulse/noise artifacts,outputs/experiments/337_coordinate_optimizer_close14_seed34_sources4_txrx45_noise20_objectives/figures/source_pulse_noise_context.png,outputs/experiments/337_coordinate_optimizer_close14_seed34_sources4_txrx45_noise20_objectives/data/source_pulse_noise_context_summary.json,outputs/experiments/337_coordinate_optimizer_close14_seed34_sources4_txrx45_noise20_objectives/figures/FIGURE_NOTES.md,2314,1379,5074,0.1067829392987666
336,outputs/experiments/336_coordinate_optimizer_close14_seed34_sources3_txrx45_objectives,outputs/experiments/336_coordinate_optimizer_close14_seed34_sources3_txrx45_objectives/data/multi_rebar_coordinate_optimizer_summary.json,generated,missing pulse/noise artifacts,outputs/experiments/336_coordinate_optimizer_close14_seed34_sources3_txrx45_objectives/figures/source_pulse_noise_context.png,outputs/experiments/336_coordinate_optimizer_close14_seed34_sources3_txrx45_objectives/data/source_pulse_noise_context_summary.json,outputs/experiments/336_coordinate_optimizer_close14_seed34_sources3_txrx45_objectives/figures/FIGURE_NOTES.md,2314,1379,4819,0.10572778615897306
335,outputs/experiments/335_coordinate_confidence_close14_sources4_txrx45_seed_replicates,,skipped,no compatible coordinate optimizer summary,,,,,,,
334,outputs/experiments/334_coordinate_optimizer_close14_seed21_sources4_txrx45_objectives,outputs/experiments/334_coordinate_optimizer_close14_seed21_sources4_txrx45_objectives/data/multi_rebar_coordinate_optimizer_summary.json,generated,missing pulse/noise artifacts,outputs/experiments/334_coordinate_optimizer_close14_seed21_sources4_txrx45_objectives/figures/source_pulse_noise_context.png,outputs/experiments/334_coordinate_optimizer_close14_seed21_sources4_txrx45_objectives/data/source_pulse_noise_context_summary.json,outputs/experiments/334_coordinate_optimizer_close14_seed21_sources4_txrx45_objectives/figures/FIGURE_NOTES.md,2314,1379,5292,0.11016337794413424
333,outputs/experiments/333_coordinate_optimizer_close14_seed13_sources4_txrx45_objectives,outputs/experiments/333_coordinate_optimizer_close14_seed13_sources4_txrx45_objectives/data/multi_rebar_coordinate_optimizer_summary.json,generated,missing pulse/noise artifacts,outputs/experiments/333_coordinate_optimizer_close14_seed13_sources4_txrx45_objectives/figures/source_pulse_noise_context.png,outputs/experiments/333_coordinate_optimizer_close14_seed13_sources4_txrx45_objectives/data/source_pulse_noise_context_summary.json,outputs/experiments/333_coordinate_optimizer_close14_seed13_sources4_txrx45_objectives/figures/FIGURE_NOTES.md,2314,1379,5164,0.10769080346448738
332,outputs/experiments/332_coordinate_optimizer_close14_seed34_sources4_txrx45_objectives,outputs/experiments/332_coordinate_optimizer_close14_seed34_sources4_txrx45_objectives/data/multi_rebar_coordinate_optimizer_summary.json,generated,missing pulse/noise artifacts,outputs/experiments/332_coordinate_optimizer_close14_seed34_sources4_txrx45_objectives/figures/source_pulse_noise_context.png,outputs/experiments/332_coordinate_optimizer_close14_seed34_sources4_txrx45_objectives/data/source_pulse_noise_context_summary.json,outputs/experiments/332_coordinate_optimizer_close14_seed34_sources4_txrx45_objectives/figures/FIGURE_NOTES.md,2314,1379,4819,0.105765391854481
331,outputs/experiments/331_coordinate_confidence_close15_sources4_txrx45_seed_replicates,,skipped,no compatible coordinate optimizer summary,,,,,,,
330,outputs/experiments/330_coordinate_optimizer_close15_seed21_sources4_txrx45_objectives,outputs/experiments/330_coordinate_optimizer_close15_seed21_sources4_txrx45_objectives/data/multi_rebar_coordinate_optimizer_summary.json,generated,missing pulse/noise artifacts,outputs/experiments/330_coordinate_optimizer_close15_seed21_sources4_txrx45_objectives/figures/source_pulse_noise_context.png,outputs/experiments/330_coordinate_optimizer_close15_seed21_sources4_txrx45_objectives/data/source_pulse_noise_context_summary.json,outputs/experiments/330_coordinate_optimizer_close15_seed21_sources4_txrx45_objectives/figures/FIGURE_NOTES.md,2314,1379,5292,0.1101806138879087
329,outputs/experiments/329_coordinate_optimizer_close15_seed13_sources4_txrx45_objectives,outputs/experiments/329_coordinate_optimizer_close15_seed13_sources4_txrx45_objectives/data/multi_rebar_coordinate_optimizer_summary.json,generated,missing pulse/noise artifacts,outputs/experiments/329_coordinate_optimizer_close15_seed13_sources4_txrx45_objectives/figures/source_pulse_noise_context.png,outputs/experiments/329_coordinate_optimizer_close15_seed13_sources4_txrx45_objectives/data/source_pulse_noise_context_summary.json,outputs/experiments/329_coordinate_optimizer_close15_seed13_sources4_txrx45_objectives/figures/FIGURE_NOTES.md,2314,1379,5164,0.10769581755722177
328,outputs/experiments/328_coordinate_optimizer_close15_seed34_sources4_txrx45_objectives,outputs/experiments/328_coordinate_optimizer_close15_seed34_sources4_txrx45_objectives/data/multi_rebar_coordinate_optimizer_summary.json,generated,missing pulse/noise artifacts,outputs/experiments/328_coordinate_optimizer_close15_seed34_sources4_txrx45_objectives/figures/source_pulse_noise_context.png,outputs/experiments/328_coordinate_optimizer_close15_seed34_sources4_txrx45_objectives/data/source_pulse_noise_context_summary.json,outputs/experiments/328_coordinate_optimizer_close15_seed34_sources4_txrx45_objectives/figures/FIGURE_NOTES.md,2314,1379,4819,0.1057691524240318
327,outputs/experiments/327_coordinate_confidence_close20_sources4_txrx45_seed_replicates,,skipped,no compatible coordinate optimizer summary,,,,,,,
326,outputs/experiments/326_coordinate_optimizer_close20_seed21_sources4_txrx45_objectives,outputs/experiments/326_coordinate_optimizer_close20_seed21_sources4_txrx45_objectives/data/multi_rebar_coordinate_optimizer_summary.json,generated,missing pulse/noise artifacts,outputs/experiments/326_coordinate_optimizer_close20_seed21_sources4_txrx45_objectives/figures/source_pulse_noise_context.png,outputs/experiments/326_coordinate_optimizer_close20_seed21_sources4_txrx45_objectives/data/source_pulse_noise_context_summary.json,outputs/experiments/326_coordinate_optimizer_close20_seed21_sources4_txrx45_objectives/figures/FIGURE_NOTES.md,2314,1379,5292,0.11014927580831875
325,outputs/experiments/325_coordinate_optimizer_close20_seed13_sources4_txrx45_objectives,outputs/experiments/325_coordinate_optimizer_close20_seed13_sources4_txrx45_objectives/data/multi_rebar_coordinate_optimizer_summary.json,generated,missing pulse/noise artifacts,outputs/experiments/325_coordinate_optimizer_close20_seed13_sources4_txrx45_objectives/figures/source_pulse_noise_context.png,outputs/experiments/325_coordinate_optimizer_close20_seed13_sources4_txrx45_objectives/data/source_pulse_noise_context_summary.json,outputs/experiments/325_coordinate_optimizer_close20_seed13_sources4_txrx45_objectives/figures/FIGURE_NOTES.md,2314,1379,5164,0.10766855342797851
324,outputs/experiments/324_coordinate_optimizer_close20_seed34_sources4_txrx45_objectives,outputs/experiments/324_coordinate_optimizer_close20_seed34_sources4_txrx45_objectives/data/multi_rebar_coordinate_optimizer_summary.json,generated,missing pulse/noise artifacts,outputs/experiments/324_coordinate_optimizer_close20_seed34_sources4_txrx45_objectives/figures/source_pulse_noise_context.png,outputs/experiments/324_coordinate_optimizer_close20_seed34_sources4_txrx45_objectives/data/source_pulse_noise_context_summary.json,outputs/experiments/324_coordinate_optimizer_close20_seed34_sources4_txrx45_objectives/figures/FIGURE_NOTES.md,2314,1379,4819,0.10574439534115573
323,outputs/experiments/323_coordinate_confidence_close25_sources4_txrx45_seed_replicates,,skipped,no compatible coordinate optimizer summary,,,,,,,
322,outputs/experiments/322_coordinate_optimizer_close25_seed21_sources4_txrx45_objectives,outputs/experiments/322_coordinate_optimizer_close25_seed21_sources4_txrx45_objectives/data/multi_rebar_coordinate_optimizer_summary.json,generated,missing pulse/noise artifacts,outputs/experiments/322_coordinate_optimizer_close25_seed21_sources4_txrx45_objectives/figures/source_pulse_noise_context.png,outputs/experiments/322_coordinate_optimizer_close25_seed21_sources4_txrx45_objectives/data/source_pulse_noise_context_summary.json,outputs/experiments/322_coordinate_optimizer_close25_seed21_sources4_txrx45_objectives/figures/FIGURE_NOTES.md,2314,1379,5292,0.11011574406315751
321,outputs/experiments/321_coordinate_optimizer_close25_seed13_sources4_txrx45_objectives,outputs/experiments/321_coordinate_optimizer_close25_seed13_sources4_txrx45_objectives/data/multi_rebar_coordinate_optimizer_summary.json,generated,missing pulse/noise artifacts,outputs/experiments/321_coordinate_optimizer_close25_seed13_sources4_txrx45_objectives/figures/source_pulse_noise_context.png,outputs/experiments/321_coordinate_optimizer_close25_seed13_sources4_txrx45_objectives/data/source_pulse_noise_context_summary.json,outputs/experiments/321_coordinate_optimizer_close25_seed13_sources4_txrx45_objectives/figures/FIGURE_NOTES.md,2314,1379,5164,0.10770271193473155
320,outputs/experiments/320_coordinate_optimizer_close25_seed34_sources4_txrx45_objectives,outputs/experiments/320_coordinate_optimizer_close25_seed34_sources4_txrx45_objectives/data/multi_rebar_coordinate_optimizer_summary.json,generated,missing pulse/noise artifacts,outputs/experiments/320_coordinate_optimizer_close25_seed34_sources4_txrx45_objectives/figures/source_pulse_noise_context.png,outputs/experiments/320_coordinate_optimizer_close25_seed34_sources4_txrx45_objectives/data/source_pulse_noise_context_summary.json,outputs/experiments/320_coordinate_optimizer_close25_seed34_sources4_txrx45_objectives/figures/FIGURE_NOTES.md,2314,1379,4819,0.10572151854305507
319,outputs/experiments/319_coordinate_confidence_close28_sources4_txrx45_seed_replicates,,skipped,no compatible coordinate optimizer summary,,,,,,,
318,outputs/experiments/318_coordinate_optimizer_close28_seed21_sources4_txrx45_objectives,outputs/experiments/318_coordinate_optimizer_close28_seed21_sources4_txrx45_objectives/data/multi_rebar_coordinate_optimizer_summary.json,generated,missing pulse/noise artifacts,outputs/experiments/318_coordinate_optimizer_close28_seed21_sources4_txrx45_objectives/figures/source_pulse_noise_context.png,outputs/experiments/318_coordinate_optimizer_close28_seed21_sources4_txrx45_objectives/data/source_pulse_noise_context_summary.json,outputs/experiments/318_coordinate_optimizer_close28_seed21_sources4_txrx45_objectives/figures/FIGURE_NOTES.md,2314,1379,5292,0.11011041658962722
317,outputs/experiments/317_coordinate_optimizer_close28_seed13_sources4_txrx45_objectives,outputs/experiments/317_coordinate_optimizer_close28_seed13_sources4_txrx45_objectives/data/multi_rebar_coordinate_optimizer_summary.json,generated,missing pulse/noise artifacts,outputs/experiments/317_coordinate_optimizer_close28_seed13_sources4_txrx45_objectives/figures/source_pulse_noise_context.png,outputs/experiments/317_coordinate_optimizer_close28_seed13_sources4_txrx45_objectives/data/source_pulse_noise_context_summary.json,outputs/experiments/317_coordinate_optimizer_close28_seed13_sources4_txrx45_objectives/figures/FIGURE_NOTES.md,2314,1379,5164,0.10768108865981449
316,outputs/experiments/316_coordinate_optimizer_close28_seed34_sources4_txrx45_objectives,outputs/experiments/316_coordinate_optimizer_close28_seed34_sources4_txrx45_objectives/data/multi_rebar_coordinate_optimizer_summary.json,generated,missing pulse/noise artifacts,outputs/experiments/316_coordinate_optimizer_close28_seed34_sources4_txrx45_objectives/figures/source_pulse_noise_context.png,outputs/experiments/316_coordinate_optimizer_close28_seed34_sources4_txrx45_objectives/data/source_pulse_noise_context_summary.json,outputs/experiments/316_coordinate_optimizer_close28_seed34_sources4_txrx45_objectives/figures/FIGURE_NOTES.md,2314,1379,4819,0.10573844110603364
315,outputs/experiments/315_coordinate_optimizer_close28_seed34_sources4_txrx40_objectives,outputs/experiments/315_coordinate_optimizer_close28_seed34_sources4_txrx40_objectives/data/multi_rebar_coordinate_optimizer_summary.json,generated,missing pulse/noise artifacts,outputs/experiments/315_coordinate_optimizer_close28_seed34_sources4_txrx40_objectives/figures/source_pulse_noise_context.png,outputs/experiments/315_coordinate_optimizer_close28_seed34_sources4_txrx40_objectives/data/source_pulse_noise_context_summary.json,outputs/experiments/315_coordinate_optimizer_close28_seed34_sources4_txrx40_objectives/figures/FIGURE_NOTES.md,2314,1379,4819,0.10581584616262081
314,outputs/experiments/314_coordinate_confidence_close28_sources4_txrx35_seed_replicates,,skipped,no compatible coordinate optimizer summary,,,,,,,
313,outputs/experiments/313_coordinate_optimizer_close28_seed21_sources4_txrx35_objectives,outputs/experiments/313_coordinate_optimizer_close28_seed21_sources4_txrx35_objectives/data/multi_rebar_coordinate_optimizer_summary.json,generated,missing pulse/noise artifacts,outputs/experiments/313_coordinate_optimizer_close28_seed21_sources4_txrx35_objectives/figures/source_pulse_noise_context.png,outputs/experiments/313_coordinate_optimizer_close28_seed21_sources4_txrx35_objectives/data/source_pulse_noise_context_summary.json,outputs/experiments/313_coordinate_optimizer_close28_seed21_sources4_txrx35_objectives/figures/FIGURE_NOTES.md,2314,1379,5292,0.11020537097078476
312,outputs/experiments/312_coordinate_optimizer_close28_seed13_sources4_txrx35_objectives,outputs/experiments/312_coordinate_optimizer_close28_seed13_sources4_txrx35_objectives/data/multi_rebar_coordinate_optimizer_summary.json,generated,missing pulse/noise artifacts,outputs/experiments/312_coordinate_optimizer_close28_seed13_sources4_txrx35_objectives/figures/source_pulse_noise_context.png,outputs/experiments/312_coordinate_optimizer_close28_seed13_sources4_txrx35_objectives/data/source_pulse_noise_context_summary.json,outputs/experiments/312_coordinate_optimizer_close28_seed13_sources4_txrx35_objectives/figures/FIGURE_NOTES.md,2314,1379,5164,0.10774282467660669
311,outputs/experiments/311_coordinate_optimizer_close28_seed34_sources4_txrx35_objectives,outputs/experiments/311_coordinate_optimizer_close28_seed34_sources4_txrx35_objectives/data/multi_rebar_coordinate_optimizer_summary.json,generated,missing pulse/noise artifacts,outputs/experiments/311_coordinate_optimizer_close28_seed34_sources4_txrx35_objectives/figures/source_pulse_noise_context.png,outputs/experiments/311_coordinate_optimizer_close28_seed34_sources4_txrx35_objectives/data/source_pulse_noise_context_summary.json,outputs/experiments/311_coordinate_optimizer_close28_seed34_sources4_txrx35_objectives/figures/FIGURE_NOTES.md,2314,1379,4819,0.10578858203337756
310,outputs/experiments/310_coordinate_confidence_close25_sources4_txrx40_seed_replicates,,skipped,no compatible coordinate optimizer summary,,,,,,,
309,outputs/experiments/309_coordinate_optimizer_close25_seed21_sources4_txrx40_objectives,outputs/experiments/309_coordinate_optimizer_close25_seed21_sources4_txrx40_objectives/data/multi_rebar_coordinate_optimizer_summary.json,generated,missing pulse/noise artifacts,outputs/experiments/309_coordinate_optimizer_close25_seed21_sources4_txrx40_objectives/figures/source_pulse_noise_context.png,outputs/experiments/309_coordinate_optimizer_close25_seed21_sources4_txrx40_objectives/data/source_pulse_noise_context_summary.json,outputs/experiments/309_coordinate_optimizer_close25_seed21_sources4_txrx40_objectives/figures/FIGURE_NOTES.md,2314,1379,5292,0.11019753645088727
308,outputs/experiments/308_coordinate_optimizer_close25_seed13_sources4_txrx40_objectives,outputs/experiments/308_coordinate_optimizer_close25_seed13_sources4_txrx40_objectives/data/multi_rebar_coordinate_optimizer_summary.json,generated,missing pulse/noise artifacts,outputs/experiments/308_coordinate_optimizer_close25_seed13_sources4_txrx40_objectives/figures/source_pulse_noise_context.png,outputs/experiments/308_coordinate_optimizer_close25_seed13_sources4_txrx40_objectives/data/source_pulse_noise_context_summary.json,outputs/experiments/308_coordinate_optimizer_close25_seed13_sources4_txrx40_objectives/figures/FIGURE_NOTES.md,2314,1379,5164,0.10774909229252468
307,outputs/experiments/307_coordinate_optimizer_close25_seed34_sources4_txrx40_objectives,outputs/experiments/307_coordinate_optimizer_close25_seed34_sources4_txrx40_objectives/data/multi_rebar_coordinate_optimizer_summary.json,generated,missing pulse/noise artifacts,outputs/experiments/307_coordinate_optimizer_close25_seed34_sources4_txrx40_objectives/figures/source_pulse_noise_context.png,outputs/experiments/307_coordinate_optimizer_close25_seed34_sources4_txrx40_objectives/data/source_pulse_noise_context_summary.json,outputs/experiments/307_coordinate_optimizer_close25_seed34_sources4_txrx40_objectives/figures/FIGURE_NOTES.md,2314,1379,4819,0.10578482146382677
306,outputs/experiments/306_coordinate_optimizer_close25_seed34_sources4_txrx35_objectives,outputs/experiments/306_coordinate_optimizer_close25_seed34_sources4_txrx35_objectives/data/multi_rebar_coordinate_optimizer_summary.json,generated,missing pulse/noise artifacts,outputs/experiments/306_coordinate_optimizer_close25_seed34_sources4_txrx35_objectives/figures/source_pulse_noise_context.png,outputs/experiments/306_coordinate_optimizer_close25_seed34_sources4_txrx35_objectives/data/source_pulse_noise_context_summary.json,outputs/experiments/306_coordinate_optimizer_close25_seed34_sources4_txrx35_objectives/figures/FIGURE_NOTES.md,2314,1379,4819,0.10578983555656116
305,outputs/experiments/305_coordinate_confidence_close30_sources4_txrx35_seed_replicates,,skipped,no compatible coordinate optimizer summary,,,,,,,
304,outputs/experiments/304_coordinate_optimizer_close30_seed21_sources4_txrx35_objectives,outputs/experiments/304_coordinate_optimizer_close30_seed21_sources4_txrx35_objectives/data/multi_rebar_coordinate_optimizer_summary.json,generated,missing pulse/noise artifacts,outputs/experiments/304_coordinate_optimizer_close30_seed21_sources4_txrx35_objectives/figures/source_pulse_noise_context.png,outputs/experiments/304_coordinate_optimizer_close30_seed21_sources4_txrx35_objectives/data/source_pulse_noise_context_summary.json,outputs/experiments/304_coordinate_optimizer_close30_seed21_sources4_txrx35_objectives/figures/FIGURE_NOTES.md,2314,1379,5292,0.11021132520590685
303,outputs/experiments/303_coordinate_optimizer_close30_seed13_sources4_txrx35_objectives,outputs/experiments/303_coordinate_optimizer_close30_seed13_sources4_txrx35_objectives/data/multi_rebar_coordinate_optimizer_summary.json,generated,missing pulse/noise artifacts,outputs/experiments/303_coordinate_optimizer_close30_seed13_sources4_txrx35_objectives/figures/source_pulse_noise_context.png,outputs/experiments/303_coordinate_optimizer_close30_seed13_sources4_txrx35_objectives/data/source_pulse_noise_context_summary.json,outputs/experiments/303_coordinate_optimizer_close30_seed13_sources4_txrx35_objectives/figures/FIGURE_NOTES.md,2314,1379,5164,0.10774470496138208
302,outputs/experiments/302_coordinate_optimizer_close30_seed34_sources4_txrx35_objectives,outputs/experiments/302_coordinate_optimizer_close30_seed34_sources4_txrx35_objectives/data/multi_rebar_coordinate_optimizer_summary.json,generated,missing pulse/noise artifacts,outputs/experiments/302_coordinate_optimizer_close30_seed34_sources4_txrx35_objectives/figures/source_pulse_noise_context.png,outputs/experiments/302_coordinate_optimizer_close30_seed34_sources4_txrx35_objectives/data/source_pulse_noise_context_summary.json,outputs/experiments/302_coordinate_optimizer_close30_seed34_sources4_txrx35_objectives/figures/FIGURE_NOTES.md,2314,1379,4819,0.10581584616262081
301,outputs/experiments/301_coordinate_confidence_close35_sources4_txrx35_seed_replicates,,skipped,no compatible coordinate optimizer summary,,,,,,,
300,outputs/experiments/300_coordinate_optimizer_close35_seed21_sources4_txrx35_objectives,outputs/experiments/300_coordinate_optimizer_close35_seed21_sources4_txrx35_objectives/data/multi_rebar_coordinate_optimizer_summary.json,generated,missing pulse/noise artifacts,outputs/experiments/300_coordinate_optimizer_close35_seed21_sources4_txrx35_objectives/figures/source_pulse_noise_context.png,outputs/experiments/300_coordinate_optimizer_close35_seed21_sources4_txrx35_objectives/data/source_pulse_noise_context_summary.json,outputs/experiments/300_coordinate_optimizer_close35_seed21_sources4_txrx35_objectives/figures/FIGURE_NOTES.md,2314,1379,5292,0.11017465965278661
299,outputs/experiments/299_coordinate_optimizer_close35_seed13_sources4_txrx35_objectives,outputs/experiments/299_coordinate_optimizer_close35_seed13_sources4_txrx35_objectives/data/multi_rebar_coordinate_optimizer_summary.json,generated,missing pulse/noise artifacts,outputs/experiments/299_coordinate_optimizer_close35_seed13_sources4_txrx35_objectives/figures/source_pulse_noise_context.png,outputs/experiments/299_coordinate_optimizer_close35_seed13_sources4_txrx35_objectives/data/source_pulse_noise_context_summary.json,outputs/experiments/299_coordinate_optimizer_close35_seed13_sources4_txrx35_objectives/figures/FIGURE_NOTES.md,2314,1379,5164,0.1077371838222805
298,outputs/experiments/298_coordinate_optimizer_close35_seed34_sources4_txrx35_objectives,outputs/experiments/298_coordinate_optimizer_close35_seed34_sources4_txrx35_objectives/data/multi_rebar_coordinate_optimizer_summary.json,generated,missing pulse/noise artifacts,outputs/experiments/298_coordinate_optimizer_close35_seed34_sources4_txrx35_objectives/figures/source_pulse_noise_context.png,outputs/experiments/298_coordinate_optimizer_close35_seed34_sources4_txrx35_objectives/data/source_pulse_noise_context_summary.json,outputs/experiments/298_coordinate_optimizer_close35_seed34_sources4_txrx35_objectives/figures/FIGURE_NOTES.md,2314,1379,4819,0.10577134608960309
297,outputs/experiments/297_coordinate_confidence_close40_sources4_txrx35_seed_replicates,,skipped,no compatible coordinate optimizer summary,,,,,,,
296,outputs/experiments/296_coordinate_optimizer_close40_seed21_sources4_txrx35_objectives,outputs/experiments/296_coordinate_optimizer_close40_seed21_sources4_txrx35_objectives/data/multi_rebar_coordinate_optimizer_summary.json,generated,missing pulse/noise artifacts,outputs/experiments/296_coordinate_optimizer_close40_seed21_sources4_txrx35_objectives/figures/source_pulse_noise_context.png,outputs/experiments/296_coordinate_optimizer_close40_seed21_sources4_txrx35_objectives/data/source_pulse_noise_context_summary.json,outputs/experiments/296_coordinate_optimizer_close40_seed21_sources4_txrx35_objectives/figures/FIGURE_NOTES.md,2314,1379,5292,0.11014833566593106
295,outputs/experiments/295_coordinate_optimizer_close40_seed13_sources4_txrx35_objectives,outputs/experiments/295_coordinate_optimizer_close40_seed13_sources4_txrx35_objectives/data/multi_rebar_coordinate_optimizer_summary.json,generated,missing pulse/noise artifacts,outputs/experiments/295_coordinate_optimizer_close40_seed13_sources4_txrx35_objectives/figures/source_pulse_noise_context.png,outputs/experiments/295_coordinate_optimizer_close40_seed13_sources4_txrx35_objectives/data/source_pulse_noise_context_summary.json,outputs/experiments/295_coordinate_optimizer_close40_seed13_sources4_txrx35_objectives/figures/FIGURE_NOTES.md,2314,1379,5164,0.10769957812677255
294,outputs/experiments/294_coordinate_optimizer_close40_seed34_sources4_txrx35_objectives,outputs/experiments/294_coordinate_optimizer_close40_seed34_sources4_txrx35_objectives/data/multi_rebar_coordinate_optimizer_summary.json,generated,missing pulse/noise artifacts,outputs/experiments/294_coordinate_optimizer_close40_seed34_sources4_txrx35_objectives/figures/source_pulse_noise_context.png,outputs/experiments/294_coordinate_optimizer_close40_seed34_sources4_txrx35_objectives/data/source_pulse_noise_context_summary.json,outputs/experiments/294_coordinate_optimizer_close40_seed34_sources4_txrx35_objectives/figures/FIGURE_NOTES.md,2314,1379,4819,0.1057682122816441
293,outputs/experiments/293_coordinate_confidence_close45_sources4_txrx35_seed_replicates,,skipped,no compatible coordinate optimizer summary,,,,,,,
292,outputs/experiments/292_coordinate_optimizer_close45_seed21_sources4_txrx35_objectives,outputs/experiments/292_coordinate_optimizer_close45_seed21_sources4_txrx35_objectives/data/multi_rebar_coordinate_optimizer_summary.json,generated,missing pulse/noise artifacts,outputs/experiments/292_coordinate_optimizer_close45_seed21_sources4_txrx35_objectives/figures/source_pulse_noise_context.png,outputs/experiments/292_coordinate_optimizer_close45_seed21_sources4_txrx35_objectives/data/source_pulse_noise_context_summary.json,outputs/experiments/292_coordinate_optimizer_close45_seed21_sources4_txrx35_objectives/figures/FIGURE_NOTES.md,2314,1379,5292,0.11021007168272326
291,outputs/experiments/291_coordinate_optimizer_close45_seed13_sources4_txrx35_objectives,outputs/experiments/291_coordinate_optimizer_close45_seed13_sources4_txrx35_objectives/data/multi_rebar_coordinate_optimizer_summary.json,generated,missing pulse/noise artifacts,outputs/experiments/291_coordinate_optimizer_close45_seed13_sources4_txrx35_objectives/figures/source_pulse_noise_context.png,outputs/experiments/291_coordinate_optimizer_close45_seed13_sources4_txrx35_objectives/data/source_pulse_noise_context_summary.json,outputs/experiments/291_coordinate_optimizer_close45_seed13_sources4_txrx35_objectives/figures/FIGURE_NOTES.md,2314,1379,5164,0.1077381239646682
290,outputs/experiments/290_coordinate_optimizer_close45_seed34_sources4_txrx35_objectives,outputs/experiments/290_coordinate_optimizer_close45_seed34_sources4_txrx35_objectives/data/multi_rebar_coordinate_optimizer_summary.json,generated,missing pulse/noise artifacts,outputs/experiments/290_coordinate_optimizer_close45_seed34_sources4_txrx35_objectives/figures/source_pulse_noise_context.png,outputs/experiments/290_coordinate_optimizer_close45_seed34_sources4_txrx35_objectives/data/source_pulse_noise_context_summary.json,outputs/experiments/290_coordinate_optimizer_close45_seed34_sources4_txrx35_objectives/figures/FIGURE_NOTES.md,2314,1379,4819,0.10578795527178576
289,outputs/experiments/289_coordinate_confidence_close50_sources4_txrx35_seed_replicates,,skipped,no compatible coordinate optimizer summary,,,,,,,
288,outputs/experiments/288_coordinate_optimizer_close50_seed21_sources4_txrx35_objectives,outputs/experiments/288_coordinate_optimizer_close50_seed21_sources4_txrx35_objectives/data/multi_rebar_coordinate_optimizer_summary.json,generated,missing pulse/noise artifacts,outputs/experiments/288_coordinate_optimizer_close50_seed21_sources4_txrx35_objectives/figures/source_pulse_noise_context.png,outputs/experiments/288_coordinate_optimizer_close50_seed21_sources4_txrx35_objectives/data/source_pulse_noise_context_summary.json,outputs/experiments/288_coordinate_optimizer_close50_seed21_sources4_txrx35_objectives/figures/FIGURE_NOTES.md,2314,1379,5292,0.11014645538115567
287,outputs/experiments/287_coordinate_optimizer_close50_seed13_sources4_txrx35_objectives,outputs/experiments/287_coordinate_optimizer_close50_seed13_sources4_txrx35_objectives/data/multi_rebar_coordinate_optimizer_summary.json,generated,missing pulse/noise artifacts,outputs/experiments/287_coordinate_optimizer_close50_seed13_sources4_txrx35_objectives/figures/source_pulse_noise_context.png,outputs/experiments/287_coordinate_optimizer_close50_seed13_sources4_txrx35_objectives/data/source_pulse_noise_context_summary.json,outputs/experiments/287_coordinate_optimizer_close50_seed13_sources4_txrx35_objectives/figures/FIGURE_NOTES.md,2314,1379,5164,0.10769331051085457
286,outputs/experiments/286_coordinate_optimizer_close50_seed34_sources4_txrx35_objectives,outputs/experiments/286_coordinate_optimizer_close50_seed34_sources4_txrx35_objectives/data/multi_rebar_coordinate_optimizer_summary.json,generated,missing pulse/noise artifacts,outputs/experiments/286_coordinate_optimizer_close50_seed34_sources4_txrx35_objectives/figures/source_pulse_noise_context.png,outputs/experiments/286_coordinate_optimizer_close50_seed34_sources4_txrx35_objectives/data/source_pulse_noise_context_summary.json,outputs/experiments/286_coordinate_optimizer_close50_seed34_sources4_txrx35_objectives/figures/FIGURE_NOTES.md,2314,1379,4819,0.1057641383312974
285,outputs/experiments/285_coordinate_optimizer_close50_seed34_sources4_txrx25_objectives,outputs/experiments/285_coordinate_optimizer_close50_seed34_sources4_txrx25_objectives/data/multi_rebar_coordinate_optimizer_summary.json,generated,missing pulse/noise artifacts,outputs/experiments/285_coordinate_optimizer_close50_seed34_sources4_txrx25_objectives/figures/source_pulse_noise_context.png,outputs/experiments/285_coordinate_optimizer_close50_seed34_sources4_txrx25_objectives/data/source_pulse_noise_context_summary.json,outputs/experiments/285_coordinate_optimizer_close50_seed34_sources4_txrx25_objectives/figures/FIGURE_NOTES.md,2314,1379,4819,0.10575536366901221
284,outputs/experiments/284_coordinate_confidence_close50_sources4_txrx30_seed_replicates,,skipped,no compatible coordinate optimizer summary,,,,,,,
283,outputs/experiments/283_coordinate_optimizer_close50_seed21_sources4_txrx30_objectives,outputs/experiments/283_coordinate_optimizer_close50_seed21_sources4_txrx30_objectives/data/multi_rebar_coordinate_optimizer_summary.json,generated,missing pulse/noise artifacts,outputs/experiments/283_coordinate_optimizer_close50_seed21_sources4_txrx30_objectives/figures/source_pulse_noise_context.png,outputs/experiments/283_coordinate_optimizer_close50_seed21_sources4_txrx30_objectives/data/source_pulse_noise_context_summary.json,outputs/experiments/283_coordinate_optimizer_close50_seed21_sources4_txrx30_objectives/figures/FIGURE_NOTES.md,2314,1379,5292,0.11028935702408582
282,outputs/experiments/282_coordinate_optimizer_close50_seed13_sources4_txrx30_objectives,outputs/experiments/282_coordinate_optimizer_close50_seed13_sources4_txrx30_objectives/data/multi_rebar_coordinate_optimizer_summary.json,generated,missing pulse/noise artifacts,outputs/experiments/282_coordinate_optimizer_close50_seed13_sources4_txrx30_objectives/figures/source_pulse_noise_context.png,outputs/experiments/282_coordinate_optimizer_close50_seed13_sources4_txrx30_objectives/data/source_pulse_noise_context_summary.json,outputs/experiments/282_coordinate_optimizer_close50_seed13_sources4_txrx30_objectives/figures/FIGURE_NOTES.md,2314,1379,5164,0.10782775087229544
281,outputs/experiments/281_coordinate_optimizer_close50_seed34_sources4_txrx30_objectives,outputs/experiments/281_coordinate_optimizer_close50_seed34_sources4_txrx30_objectives/data/multi_rebar_coordinate_optimizer_summary.json,generated,missing pulse/noise artifacts,outputs/experiments/281_coordinate_optimizer_close50_seed34_sources4_txrx30_objectives/figures/source_pulse_noise_context.png,outputs/experiments/281_coordinate_optimizer_close50_seed34_sources4_txrx30_objectives/data/source_pulse_noise_context_summary.json,outputs/experiments/281_coordinate_optimizer_close50_seed34_sources4_txrx30_objectives/figures/FIGURE_NOTES.md,2314,1379,4819,0.10584687086141487
280,outputs/experiments/280_coordinate_confidence_close50_sources4_txrx40_seed_replicates,,skipped,no compatible coordinate optimizer summary,,,,,,,
279,outputs/experiments/279_coordinate_optimizer_close50_seed21_sources4_txrx40_objectives,outputs/experiments/279_coordinate_optimizer_close50_seed21_sources4_txrx40_objectives/data/multi_rebar_coordinate_optimizer_summary.json,generated,missing pulse/noise artifacts,outputs/experiments/279_coordinate_optimizer_close50_seed21_sources4_txrx40_objectives/figures/source_pulse_noise_context.png,outputs/experiments/279_coordinate_optimizer_close50_seed21_sources4_txrx40_objectives/data/source_pulse_noise_context_summary.json,outputs/experiments/279_coordinate_optimizer_close50_seed21_sources4_txrx40_objectives/figures/FIGURE_NOTES.md,2314,1379,5292,0.1101843744574595
278,outputs/experiments/278_coordinate_optimizer_close50_seed13_sources4_txrx40_objectives,outputs/experiments/278_coordinate_optimizer_close50_seed13_sources4_txrx40_objectives/data/multi_rebar_coordinate_optimizer_summary.json,generated,missing pulse/noise artifacts,outputs/experiments/278_coordinate_optimizer_close50_seed13_sources4_txrx40_objectives/figures/source_pulse_noise_context.png,outputs/experiments/278_coordinate_optimizer_close50_seed13_sources4_txrx40_objectives/data/source_pulse_noise_context_summary.json,outputs/experiments/278_coordinate_optimizer_close50_seed13_sources4_txrx40_objectives/figures/FIGURE_NOTES.md,2314,1379,5164,0.10767012033195801
277,outputs/experiments/277_coordinate_confidence_aggregate_close50_txrx40_sources3_4_5_seed34,,skipped,no compatible coordinate optimizer summary,,,,,,,
276,outputs/experiments/276_coordinate_optimizer_close50_seed34_sources4_txrx40_objectives,outputs/experiments/276_coordinate_optimizer_close50_seed34_sources4_txrx40_objectives/data/multi_rebar_coordinate_optimizer_summary.json,generated,missing pulse/noise artifacts,outputs/experiments/276_coordinate_optimizer_close50_seed34_sources4_txrx40_objectives/figures/source_pulse_noise_context.png,outputs/experiments/276_coordinate_optimizer_close50_seed34_sources4_txrx40_objectives/data/source_pulse_noise_context_summary.json,outputs/experiments/276_coordinate_optimizer_close50_seed34_sources4_txrx40_objectives/figures/FIGURE_NOTES.md,2314,1379,4819,0.10579453626849965
275,outputs/experiments/275_coordinate_confidence_aggregate_close50_txrx40_sources3_vs5_seed34,,skipped,no compatible coordinate optimizer summary,,,,,,,
274,outputs/experiments/274_coordinate_optimizer_close50_seed34_sources3_txrx40_objectives,outputs/experiments/274_coordinate_optimizer_close50_seed34_sources3_txrx40_objectives/data/multi_rebar_coordinate_optimizer_summary.json,generated,missing pulse/noise artifacts,outputs/experiments/274_coordinate_optimizer_close50_seed34_sources3_txrx40_objectives/figures/source_pulse_noise_context.png,outputs/experiments/274_coordinate_optimizer_close50_seed34_sources3_txrx40_objectives/data/source_pulse_noise_context_summary.json,outputs/experiments/274_coordinate_optimizer_close50_seed34_sources3_txrx40_objectives/figures/FIGURE_NOTES.md,2314,1379,4819,0.10580895178511103
273,outputs/experiments/273_coordinate_confidence_aggregate_close50_txrx20_vs_txrx40_sources5,,skipped,no compatible coordinate optimizer summary,,,,,,,
272,outputs/experiments/272_variable_radius_staged_pipeline_acquisition_metadata_smoke,,skipped,no compatible coordinate optimizer summary,,,,,,,
271,outputs/experiments/271_close50_txrx40_seed_replication_summary,,skipped,no compatible coordinate optimizer summary,,,,,,,
270,outputs/experiments/270_coordinate_optimizer_close50_seed21_sources5_txrx40_objectives,outputs/experiments/270_coordinate_optimizer_close50_seed21_sources5_txrx40_objectives/data/multi_rebar_coordinate_optimizer_summary.json,generated,missing pulse/noise artifacts,outputs/experiments/270_coordinate_optimizer_close50_seed21_sources5_txrx40_objectives/figures/source_pulse_noise_context.png,outputs/experiments/270_coordinate_optimizer_close50_seed21_sources5_txrx40_objectives/data/source_pulse_noise_context_summary.json,outputs/experiments/270_coordinate_optimizer_close50_seed21_sources5_txrx40_objectives/figures/FIGURE_NOTES.md,2314,1379,5292,0.11022981467286493
269,outputs/experiments/269_coordinate_optimizer_close50_seed13_sources5_txrx40_objectives,outputs/experiments/269_coordinate_optimizer_close50_seed13_sources5_txrx40_objectives/data/multi_rebar_coordinate_optimizer_summary.json,generated,missing pulse/noise artifacts,outputs/experiments/269_coordinate_optimizer_close50_seed13_sources5_txrx40_objectives/figures/source_pulse_noise_context.png,outputs/experiments/269_coordinate_optimizer_close50_seed13_sources5_txrx40_objectives/data/source_pulse_noise_context_summary.json,outputs/experiments/269_coordinate_optimizer_close50_seed13_sources5_txrx40_objectives/figures/FIGURE_NOTES.md,2314,1379,5164,0.10778325079927772
268,outputs/experiments/268_close50_txrx_offset_objective_gap_summary,,skipped,no compatible coordinate optimizer summary,,,,,,,
267,outputs/experiments/267_coordinate_optimizer_close50_seed34_sources5_txrx40_objectives,outputs/experiments/267_coordinate_optimizer_close50_seed34_sources5_txrx40_objectives/data/multi_rebar_coordinate_optimizer_summary.json,generated,missing pulse/noise artifacts,outputs/experiments/267_coordinate_optimizer_close50_seed34_sources5_txrx40_objectives/figures/source_pulse_noise_context.png,outputs/experiments/267_coordinate_optimizer_close50_seed34_sources5_txrx40_objectives/data/source_pulse_noise_context_summary.json,outputs/experiments/267_coordinate_optimizer_close50_seed34_sources5_txrx40_objectives/figures/FIGURE_NOTES.md,2314,1379,4819,0.10584123000708867
266,outputs/experiments/266_coordinate_optimizer_txrx_offset_reporting_smoke,outputs/experiments/266_coordinate_optimizer_txrx_offset_reporting_smoke/data/multi_rebar_coordinate_optimizer_summary.json,generated,missing pulse/noise artifacts,outputs/experiments/266_coordinate_optimizer_txrx_offset_reporting_smoke/figures/source_pulse_noise_context.png,outputs/experiments/266_coordinate_optimizer_txrx_offset_reporting_smoke/data/source_pulse_noise_context_summary.json,outputs/experiments/266_coordinate_optimizer_txrx_offset_reporting_smoke/figures/FIGURE_NOTES.md,2314,1379,2495,0.06566925916153088
265,outputs/experiments/265_coordinate_optimizer_close50_seed34_sources5_topcandidate_objectives,outputs/experiments/265_coordinate_optimizer_close50_seed34_sources5_topcandidate_objectives/data/multi_rebar_coordinate_optimizer_summary.json,generated,missing pulse/noise artifacts,outputs/experiments/265_coordinate_optimizer_close50_seed34_sources5_topcandidate_objectives/figures/source_pulse_noise_context.png,outputs/experiments/265_coordinate_optimizer_close50_seed34_sources5_topcandidate_objectives/data/source_pulse_noise_context_summary.json,outputs/experiments/265_coordinate_optimizer_close50_seed34_sources5_topcandidate_objectives/figures/FIGURE_NOTES.md,2314,1379,4819,0.1064244316682576
264,outputs/experiments/264_coordinate_objective_top_candidate_reporting_smoke,outputs/experiments/264_coordinate_objective_top_candidate_reporting_smoke/data/multi_rebar_coordinate_optimizer_summary.json,generated,missing pulse/noise artifacts,outputs/experiments/264_coordinate_objective_top_candidate_reporting_smoke/figures/source_pulse_noise_context.png,outputs/experiments/264_coordinate_objective_top_candidate_reporting_smoke/data/source_pulse_noise_context_summary.json,outputs/experiments/264_coordinate_objective_top_candidate_reporting_smoke/figures/FIGURE_NOTES.md,2314,1379,2495,0.06593970678839213
263,outputs/experiments/263_lateral_gap_threshold_close50_vs_close60_summary,,skipped,no compatible coordinate optimizer summary,,,,,,,
262,outputs/experiments/262_coordinate_confidence_aggregate_close50_seed34_sources5_7_9,,skipped,no compatible coordinate optimizer summary,,,,,,,
261,outputs/experiments/261_coordinate_optimizer_variable_radius_target2_close50_seed34_sources9,outputs/experiments/261_coordinate_optimizer_variable_radius_target2_close50_seed34_sources9/data/multi_rebar_coordinate_optimizer_summary.json,generated,missing pulse/noise artifacts,outputs/experiments/261_coordinate_optimizer_variable_radius_target2_close50_seed34_sources9/figures/source_pulse_noise_context.png,outputs/experiments/261_coordinate_optimizer_variable_radius_target2_close50_seed34_sources9/data/source_pulse_noise_context_summary.json,outputs/experiments/261_coordinate_optimizer_variable_radius_target2_close50_seed34_sources9/figures/FIGURE_NOTES.md,2314,1379,4819,0.10626993493587916
260,outputs/experiments/260_coordinate_confidence_aggregate_close50_seed34_sources5_vs7,,skipped,no compatible coordinate optimizer summary,,,,,,,
259,outputs/experiments/259_coordinate_optimizer_variable_radius_target2_close50_seed34_sources7,outputs/experiments/259_coordinate_optimizer_variable_radius_target2_close50_seed34_sources7/data/multi_rebar_coordinate_optimizer_summary.json,generated,missing pulse/noise artifacts,outputs/experiments/259_coordinate_optimizer_variable_radius_target2_close50_seed34_sources7/figures/source_pulse_noise_context.png,outputs/experiments/259_coordinate_optimizer_variable_radius_target2_close50_seed34_sources7/data/source_pulse_noise_context_summary.json,outputs/experiments/259_coordinate_optimizer_variable_radius_target2_close50_seed34_sources7/figures/FIGURE_NOTES.md,2314,1379,4819,0.10628466383328643
258,outputs/experiments/258_coordinate_optimizer_variable_radius_target2_close50_seed34_sources5,outputs/experiments/258_coordinate_optimizer_variable_radius_target2_close50_seed34_sources5/data/multi_rebar_coordinate_optimizer_summary.json,generated,missing pulse/noise artifacts,outputs/experiments/258_coordinate_optimizer_variable_radius_target2_close50_seed34_sources5/figures/source_pulse_noise_context.png,outputs/experiments/258_coordinate_optimizer_variable_radius_target2_close50_seed34_sources5/data/source_pulse_noise_context_summary.json,outputs/experiments/258_coordinate_optimizer_variable_radius_target2_close50_seed34_sources5/figures/FIGURE_NOTES.md,2314,1379,4819,0.10627996312134794
257,outputs/experiments/257_variable_radius_staged_pipeline_seed13_21_34_sources7_refinement_summary,,skipped,no compatible coordinate optimizer summary,,,,,,,
256,outputs/experiments/256_coordinate_confidence_aggregate_variable_radius_target2_seeds13_21_34_sources5_vs7,,skipped,no compatible coordinate optimizer summary,,,,,,,
255,outputs/experiments/255_coordinate_optimizer_variable_radius_target2_seed21_sources7,outputs/experiments/255_coordinate_optimizer_variable_radius_target2_seed21_sources7/data/multi_rebar_coordinate_optimizer_summary.json,generated,missing pulse/noise artifacts,outputs/experiments/255_coordinate_optimizer_variable_radius_target2_seed21_sources7/figures/source_pulse_noise_context.png,outputs/experiments/255_coordinate_optimizer_variable_radius_target2_seed21_sources7/data/source_pulse_noise_context_summary.json,outputs/experiments/255_coordinate_optimizer_variable_radius_target2_seed21_sources7/figures/FIGURE_NOTES.md,2314,1379,5292,0.1100681101821808
254,outputs/experiments/254_coordinate_optimizer_variable_radius_target2_seed13_sources7,outputs/experiments/254_coordinate_optimizer_variable_radius_target2_seed13_sources7/data/multi_rebar_coordinate_optimizer_summary.json,generated,missing pulse/noise artifacts,outputs/experiments/254_coordinate_optimizer_variable_radius_target2_seed13_sources7/figures/source_pulse_noise_context.png,outputs/experiments/254_coordinate_optimizer_variable_radius_target2_seed13_sources7/data/source_pulse_noise_context_summary.json,outputs/experiments/254_coordinate_optimizer_variable_radius_target2_seed13_sources7/figures/FIGURE_NOTES.md,2314,1379,5164,0.10761935264302229
253,outputs/experiments/253_coordinate_confidence_aggregate_seed34_target2_sources5_7_9,,skipped,no compatible coordinate optimizer summary,,,,,,,
252,outputs/experiments/252_coordinate_optimizer_variable_radius_target2_seed34_sources7,outputs/experiments/252_coordinate_optimizer_variable_radius_target2_seed34_sources7/data/multi_rebar_coordinate_optimizer_summary.json,generated,missing pulse/noise artifacts,outputs/experiments/252_coordinate_optimizer_variable_radius_target2_seed34_sources7/figures/source_pulse_noise_context.png,outputs/experiments/252_coordinate_optimizer_variable_radius_target2_seed34_sources7/data/source_pulse_noise_context_summary.json,outputs/experiments/252_coordinate_optimizer_variable_radius_target2_seed34_sources7/figures/FIGURE_NOTES.md,2314,1379,4819,0.10565915576467108
251,outputs/experiments/251_coordinate_confidence_aggregate_seed34_target2_sources5_vs_sources9,,skipped,no compatible coordinate optimizer summary,,,,,,,
250,outputs/experiments/250_coordinate_optimizer_variable_radius_target2_seed34_sources9,outputs/experiments/250_coordinate_optimizer_variable_radius_target2_seed34_sources9/data/multi_rebar_coordinate_optimizer_summary.json,generated,missing pulse/noise artifacts,outputs/experiments/250_coordinate_optimizer_variable_radius_target2_seed34_sources9/figures/source_pulse_noise_context.png,outputs/experiments/250_coordinate_optimizer_variable_radius_target2_seed34_sources9/data/source_pulse_noise_context_summary.json,outputs/experiments/250_coordinate_optimizer_variable_radius_target2_seed34_sources9/figures/FIGURE_NOTES.md,2314,1379,4819,0.1057102368344027
249,outputs/experiments/249_coordinate_confidence_aggregate_variable_radius_target2_seed13_21_34_xambiguity,,skipped,no compatible coordinate optimizer summary,,,,,,,
248,outputs/experiments/248_variable_radius_staged_pipeline_seed13_21_34_summary,,skipped,no compatible coordinate optimizer summary,,,,,,,
247,outputs/experiments/247_joint_radius_variable_radius_staged_xz_seed34_x310,,skipped,no compatible coordinate optimizer summary,,,,,,,
246,outputs/experiments/246_coordinate_objective_diagnostic_target2_focus_seed13_21_34,,skipped,no compatible coordinate optimizer summary,,,,,,,
245,outputs/experiments/245_coordinate_confidence_aggregate_variable_radius_target2_seed13_21_34,,skipped,no compatible coordinate optimizer summary,,,,,,,
244,outputs/experiments/244_joint_radius_variable_radius_staged_xz_seed34_x309,,skipped,no compatible coordinate optimizer summary,,,,,,,
243,outputs/experiments/243_coordinate_optimizer_variable_radius_target2_after_location_polish_seed34,outputs/experiments/243_coordinate_optimizer_variable_radius_target2_after_location_polish_seed34/data/multi_rebar_coordinate_optimizer_summary.json,generated,missing pulse/noise artifacts,outputs/experiments/243_coordinate_optimizer_variable_radius_target2_after_location_polish_seed34/figures/source_pulse_noise_context.png,outputs/experiments/243_coordinate_optimizer_variable_radius_target2_after_location_polish_seed34/data/source_pulse_noise_context_summary.json,outputs/experiments/243_coordinate_optimizer_variable_radius_target2_after_location_polish_seed34/figures/FIGURE_NOTES.md,2314,1379,4819,0.10650716419837505
242,outputs/experiments/242_coordinate_optimizer_variable_radius_location_only_seed34,outputs/experiments/242_coordinate_optimizer_variable_radius_location_only_seed34/data/multi_rebar_coordinate_optimizer_summary.json,generated,missing pulse/noise artifacts,outputs/experiments/242_coordinate_optimizer_variable_radius_location_only_seed34/figures/source_pulse_noise_context.png,outputs/experiments/242_coordinate_optimizer_variable_radius_location_only_seed34/data/source_pulse_noise_context_summary.json,outputs/experiments/242_coordinate_optimizer_variable_radius_location_only_seed34/figures/FIGURE_NOTES.md,2314,1379,4819,0.10532446507465044
241,outputs/experiments/241_assigned_coordinate_command_variable_radius_location_only_seed34_239,,skipped,no compatible coordinate optimizer summary,,,,,,,
240,outputs/experiments/240_detection_assignment_variable_radius_close_spacing_seed34_239,,skipped,no compatible coordinate optimizer summary,,,,,,,
239,outputs/experiments/239_detection_multi_rebar_variable_radius_close_spacing_source_mismatch_noise10_seed34,,skipped,no compatible coordinate optimizer summary,,,,,,,
238,outputs/experiments/238_variable_radius_staged_pipeline_seed13_21_summary,,skipped,no compatible coordinate optimizer summary,,,,,,,
237,outputs/experiments/237_coordinate_objective_diagnostic_target2_focus_seed13_21,,skipped,no compatible coordinate optimizer summary,,,,,,,
236,outputs/experiments/236_coordinate_confidence_aggregate_variable_radius_target2_seed13_21,,skipped,no compatible coordinate optimizer summary,,,,,,,
235,outputs/experiments/235_joint_radius_variable_radius_staged_xz_seed21,,skipped,no compatible coordinate optimizer summary,,,,,,,
234,outputs/experiments/234_coordinate_optimizer_variable_radius_target2_after_location_polish_seed21,outputs/experiments/234_coordinate_optimizer_variable_radius_target2_after_location_polish_seed21/data/multi_rebar_coordinate_optimizer_summary.json,generated,missing pulse/noise artifacts,outputs/experiments/234_coordinate_optimizer_variable_radius_target2_after_location_polish_seed21/figures/source_pulse_noise_context.png,outputs/experiments/234_coordinate_optimizer_variable_radius_target2_after_location_polish_seed21/data/source_pulse_noise_context_summary.json,outputs/experiments/234_coordinate_optimizer_variable_radius_target2_after_location_polish_seed21/figures/FIGURE_NOTES.md,2314,1379,5292,0.110902956622457
233,outputs/experiments/233_coordinate_optimizer_variable_radius_location_only_seed21,outputs/experiments/233_coordinate_optimizer_variable_radius_location_only_seed21/data/multi_rebar_coordinate_optimizer_summary.json,generated,missing pulse/noise artifacts,outputs/experiments/233_coordinate_optimizer_variable_radius_location_only_seed21/figures/source_pulse_noise_context.png,outputs/experiments/233_coordinate_optimizer_variable_radius_location_only_seed21/data/source_pulse_noise_context_summary.json,outputs/experiments/233_coordinate_optimizer_variable_radius_location_only_seed21/figures/FIGURE_NOTES.md,2314,1379,5292,0.10971712369077338
232,outputs/experiments/232_assigned_coordinate_command_variable_radius_location_only_seed21_230,,skipped,no compatible coordinate optimizer summary,,,,,,,
231,outputs/experiments/231_detection_assignment_variable_radius_close_spacing_seed21_230,,skipped,no compatible coordinate optimizer summary,,,,,,,
230,outputs/experiments/230_detection_multi_rebar_variable_radius_close_spacing_source_mismatch_noise10_seed21,,skipped,no compatible coordinate optimizer summary,,,,,,,
229,outputs/experiments/229_coordinate_objective_diagnostic_variable_radius_219_221_225,,skipped,no compatible coordinate optimizer summary,,,,,,,
228,outputs/experiments/228_two_stage_refinement_aggregate_118_128_nan_notice_plotfix,,skipped,no compatible coordinate optimizer summary,,,,,,,
227,outputs/experiments/227_coordinate_optimizer_variable_radius_target2_after_location_polish_seed13,outputs/experiments/227_coordinate_optimizer_variable_radius_target2_after_location_polish_seed13/data/multi_rebar_coordinate_optimizer_summary.json,generated,missing pulse/noise artifacts,outputs/experiments/227_coordinate_optimizer_variable_radius_target2_after_location_polish_seed13/figures/source_pulse_noise_context.png,outputs/experiments/227_coordinate_optimizer_variable_radius_target2_after_location_polish_seed13/data/source_pulse_noise_context_summary.json,outputs/experiments/227_coordinate_optimizer_variable_radius_target2_after_location_polish_seed13/figures/FIGURE_NOTES.md,2314,1379,5164,0.10844260399385021
226,outputs/experiments/226_joint_radius_variable_radius_location_only_xz_seed13,,skipped,no compatible coordinate optimizer summary,,,,,,,
225,outputs/experiments/225_coordinate_optimizer_variable_radius_location_only_seed13,outputs/experiments/225_coordinate_optimizer_variable_radius_location_only_seed13/data/multi_rebar_coordinate_optimizer_summary.json,generated,missing pulse/noise artifacts,outputs/experiments/225_coordinate_optimizer_variable_radius_location_only_seed13/figures/source_pulse_noise_context.png,outputs/experiments/225_coordinate_optimizer_variable_radius_location_only_seed13/data/source_pulse_noise_context_summary.json,outputs/experiments/225_coordinate_optimizer_variable_radius_location_only_seed13/figures/FIGURE_NOTES.md,2314,1379,5164,0.1072595914893297
224,outputs/experiments/224_assigned_coordinate_command_variable_radius_location_only_216,,skipped,no compatible coordinate optimizer summary,,,,,,,
223,outputs/experiments/223_joint_radius_variable_radius_assigned_xz_seed13,,skipped,no compatible coordinate optimizer summary,,,,,,,
222,outputs/experiments/222_joint_radius_variable_radius_true_xz_seed13,,skipped,no compatible coordinate optimizer summary,,,,,,,
221,outputs/experiments/221_coordinate_optimizer_variable_radius_target_order_210_seed13,outputs/experiments/221_coordinate_optimizer_variable_radius_target_order_210_seed13/data/multi_rebar_coordinate_optimizer_summary.json,generated,missing pulse/noise artifacts,outputs/experiments/221_coordinate_optimizer_variable_radius_target_order_210_seed13/figures/source_pulse_noise_context.png,outputs/experiments/221_coordinate_optimizer_variable_radius_target_order_210_seed13/data/source_pulse_noise_context_summary.json,outputs/experiments/221_coordinate_optimizer_variable_radius_target_order_210_seed13/figures/FIGURE_NOTES.md,2314,1379,5164,0.10755887014941369
220,outputs/experiments/220_assigned_coordinate_command_variable_radius_order210_216,,skipped,no compatible coordinate optimizer summary,,,,,,,
219,outputs/experiments/219_coordinate_optimizer_variable_radius_close_spacing_from_assignment_seed13,outputs/experiments/219_coordinate_optimizer_variable_radius_close_spacing_from_assignment_seed13/data/multi_rebar_coordinate_optimizer_summary.json,generated,missing pulse/noise artifacts,outputs/experiments/219_coordinate_optimizer_variable_radius_close_spacing_from_assignment_seed13/figures/source_pulse_noise_context.png,outputs/experiments/219_coordinate_optimizer_variable_radius_close_spacing_from_assignment_seed13/data/source_pulse_noise_context_summary.json,outputs/experiments/219_coordinate_optimizer_variable_radius_close_spacing_from_assignment_seed13/figures/FIGURE_NOTES.md,2314,1379,5164,0.10861308314681953
218,outputs/experiments/218_assigned_coordinate_command_variable_radius_216,,skipped,no compatible coordinate optimizer summary,,,,,,,
217,outputs/experiments/217_detection_assignment_variable_radius_close_spacing_216,,skipped,no compatible coordinate optimizer summary,,,,,,,
216,outputs/experiments/216_detection_multi_rebar_variable_radius_close_spacing_source_mismatch_noise10,,skipped,no compatible coordinate optimizer summary,,,,,,,
215,outputs/experiments/215_assigned_coordinate_command_close_spacing_114,,skipped,no compatible coordinate optimizer summary,,,,,,,
214,outputs/experiments/214_assigned_coordinate_command_variable_depth_115,,skipped,no compatible coordinate optimizer summary,,,,,,,
213,outputs/experiments/213_detection_assignment_close_spacing_114,,skipped,no compatible coordinate optimizer summary,,,,,,,
212,outputs/experiments/212_detection_assignment_variable_depth_115,,skipped,no compatible coordinate optimizer summary,,,,,,,
211,outputs/experiments/211_coordinate_objective_diagnostic_report_210,,skipped,no compatible coordinate optimizer summary,,,,,,,
210,outputs/experiments/210_coordinate_optimizer_variable_depth_broad_ambiguity_revisit_seed13,outputs/experiments/210_coordinate_optimizer_variable_depth_broad_ambiguity_revisit_seed13/data/multi_rebar_coordinate_optimizer_summary.json,generated,missing pulse/noise artifacts,outputs/experiments/210_coordinate_optimizer_variable_depth_broad_ambiguity_revisit_seed13/figures/source_pulse_noise_context.png,outputs/experiments/210_coordinate_optimizer_variable_depth_broad_ambiguity_revisit_seed13/data/source_pulse_noise_context_summary.json,outputs/experiments/210_coordinate_optimizer_variable_depth_broad_ambiguity_revisit_seed13/figures/FIGURE_NOTES.md,2314,1379,5164,0.10814207181058262
209,outputs/experiments/209_coordinate_objective_diagnostic_report_208,,skipped,no compatible coordinate optimizer summary,,,,,,,
208,outputs/experiments/208_coordinate_optimizer_close_spacing_broad_ambiguity_revisit_seed13,outputs/experiments/208_coordinate_optimizer_close_spacing_broad_ambiguity_revisit_seed13/data/multi_rebar_coordinate_optimizer_summary.json,generated,missing pulse/noise artifacts,outputs/experiments/208_coordinate_optimizer_close_spacing_broad_ambiguity_revisit_seed13/figures/source_pulse_noise_context.png,outputs/experiments/208_coordinate_optimizer_close_spacing_broad_ambiguity_revisit_seed13/data/source_pulse_noise_context_summary.json,outputs/experiments/208_coordinate_optimizer_close_spacing_broad_ambiguity_revisit_seed13/figures/FIGURE_NOTES.md,2314,1379,5164,0.10802424063132442
207,outputs/experiments/207_coordinate_objective_diagnostic_report_206,,skipped,no compatible coordinate optimizer summary,,,,,,,
206,outputs/experiments/206_coordinate_optimizer_close_spacing_detector_seeded_highband_diag_seed13,outputs/experiments/206_coordinate_optimizer_close_spacing_detector_seeded_highband_diag_seed13/data/multi_rebar_coordinate_optimizer_summary.json,generated,missing pulse/noise artifacts,outputs/experiments/206_coordinate_optimizer_close_spacing_detector_seeded_highband_diag_seed13/figures/source_pulse_noise_context.png,outputs/experiments/206_coordinate_optimizer_close_spacing_detector_seeded_highband_diag_seed13/data/source_pulse_noise_context_summary.json,outputs/experiments/206_coordinate_optimizer_close_spacing_detector_seeded_highband_diag_seed13/figures/FIGURE_NOTES.md,2314,1379,5164,0.10867043183246913
205,outputs/experiments/205_coordinate_objective_diagnostic_report_106_203,,skipped,no compatible coordinate optimizer summary,,,,,,,
204,outputs/experiments/204_coordinate_objective_diagnostic_report_203,,skipped,no compatible coordinate optimizer summary,,,,,,,
203,outputs/experiments/203_coordinate_optimizer_seed_offset2mm_guarded_highband_diag_seed34,outputs/experiments/203_coordinate_optimizer_seed_offset2mm_guarded_highband_diag_seed34/data/multi_rebar_coordinate_optimizer_summary.json,generated,missing pulse/noise artifacts,outputs/experiments/203_coordinate_optimizer_seed_offset2mm_guarded_highband_diag_seed34/figures/source_pulse_noise_context.png,outputs/experiments/203_coordinate_optimizer_seed_offset2mm_guarded_highband_diag_seed34/data/source_pulse_noise_context_summary.json,outputs/experiments/203_coordinate_optimizer_seed_offset2mm_guarded_highband_diag_seed34/figures/FIGURE_NOTES.md,2314,1379,4819,0.10631318148571328
202,outputs/experiments/202_coordinate_objective_diagnostic_report_106,,skipped,no compatible coordinate optimizer summary,,,,,,,
201,outputs/experiments/201_packaged_highband_material_uncertainty_r4_r8_178_200,,skipped,no compatible coordinate optimizer summary,,,,,,,
200,outputs/experiments/200_detection_seeded_highband_material_uncertainty_smoke_depth110_r8_seed13,,skipped,no compatible coordinate optimizer summary,,,,,,,
199,outputs/experiments/199_packaged_highband_material_uncertainty_aggregate_178_198,,skipped,no compatible coordinate optimizer summary,,,,,,,
198,outputs/experiments/198_detection_seeded_highband_material_uncertainty_smoke_depth70_r4_seed13,,skipped,no compatible coordinate optimizer summary,,,,,,,
197,outputs/experiments/197_radius_uncertainty_report_r4_r8_material_source_191_196,,skipped,no compatible coordinate optimizer summary,,,,,,,
196,outputs/experiments/196_single_rebar_r8_highband25ghz_subcell13_fine_radius005_seed13,,skipped,no compatible coordinate optimizer summary,,,,,,,
195,outputs/experiments/195_single_rebar_r8_material_source_tradeoff_highband_subcell13_seed13,,skipped,no compatible coordinate optimizer summary,,,,,,,
194,outputs/experiments/194_single_rebar_r4_material_source_tradeoff_highband_subcell13_seed13,,skipped,no compatible coordinate optimizer summary,,,,,,,
193,outputs/experiments/193_shallow_r4_highband_subcell_radius_source_aggregate_167_192,,skipped,no compatible coordinate optimizer summary,,,,,,,
192,outputs/experiments/192_single_rebar_r4_highband25ghz_subcell13_fine_radius0025_seed13_noamp,,skipped,no compatible coordinate optimizer summary,,,,,,,
191,outputs/experiments/191_single_rebar_r4_highband25ghz_subcell13_fine_radius0025_seed13,,skipped,no compatible coordinate optimizer summary,,,,,,,
190,outputs/experiments/190_single_rebar_r4_highband25ghz_subcell13_src9_seed13,,skipped,no compatible coordinate optimizer summary,,,,,,,
189,outputs/experiments/189_single_rebar_r4_subcell13_geometry_quantization_005mm,,skipped,no compatible coordinate optimizer summary,,,,,,,
188,outputs/experiments/188_packaged_highband_r8_seed_aggregate_120_187,,skipped,no compatible coordinate optimizer summary,,,,,,,
187,outputs/experiments/187_detection_seeded_highband_polish_depth110_r8_noise10_seed34,,skipped,no compatible coordinate optimizer summary,,,,,,,
186,outputs/experiments/186_detection_seeded_highband_polish_depth110_r8_noise10_seed21,,skipped,no compatible coordinate optimizer summary,,,,,,,
185,outputs/experiments/185_packaged_highband_r8_comparison_120_184,,skipped,no compatible coordinate optimizer summary,,,,,,,
184,outputs/experiments/184_detection_seeded_highband_polish_depth110_r8_noise10_seed13,,skipped,no compatible coordinate optimizer summary,,,,,,,
183,outputs/experiments/183_packaged_highband_seed_aggregate_148_182,,skipped,no compatible coordinate optimizer summary,,,,,,,
182,outputs/experiments/182_detection_seeded_highband_polish_depth70_r4_noise10_seed34,,skipped,no compatible coordinate optimizer summary,,,,,,,
181,outputs/experiments/181_detection_seeded_highband_polish_depth70_r4_noise10_seed21,,skipped,no compatible coordinate optimizer summary,,,,,,,
180,outputs/experiments/180_packaged_highband_comparison_148_178_notes_v2,,skipped,no compatible coordinate optimizer summary,,,,,,,
179,outputs/experiments/179_packaged_highband_comparison_148_178,,skipped,no compatible coordinate optimizer summary,,,,,,,
178,outputs/experiments/178_detection_seeded_highband_polish_depth70_r4_noise10_seed13,,skipped,no compatible coordinate optimizer summary,,,,,,,
177,outputs/experiments/177_r8_highband25_seed_aggregate_153_176,,skipped,no compatible coordinate optimizer summary,,,,,,,
176,outputs/experiments/176_single_rebar_r8_highband25ghz_subcell9_src9_seed34,,skipped,no compatible coordinate optimizer summary,,,,,,,
175,outputs/experiments/175_single_rebar_r8_highband25ghz_subcell9_src9_seed21,,skipped,no compatible coordinate optimizer summary,,,,,,,
174,outputs/experiments/174_r4_highband25_seed_aggregate_148_173,,skipped,no compatible coordinate optimizer summary,,,,,,,
173,outputs/experiments/173_single_rebar_r4_highband25ghz_subcell9_src9_seed34,,skipped,no compatible coordinate optimizer summary,,,,,,,
172,outputs/experiments/172_single_rebar_r4_highband25ghz_subcell9_src9_seed21,,skipped,no compatible coordinate optimizer summary,,,,,,,
171,outputs/experiments/171_highband25_acquisition_diagnostic_r4_r8_labeled,,skipped,no compatible coordinate optimizer summary,,,,,,,
170,outputs/experiments/170_highband25_acquisition_diagnostic_r4_r8,,skipped,no compatible coordinate optimizer summary,,,,,,,
169,outputs/experiments/169_single_rebar_r8_highband25ghz_subcell9_src9_seed13,,skipped,no compatible coordinate optimizer summary,,,,,,,
168,outputs/experiments/168_r4_highband_acquisition_diagnostic_148_167,,skipped,no compatible coordinate optimizer summary,,,,,,,
167,outputs/experiments/167_single_rebar_r4_highband25ghz_subcell9_src9_seed13,,skipped,no compatible coordinate optimizer summary,,,,,,,
166,outputs/experiments/166_single_rebar_r4_highband2ghz_subcell9_src9_seed13,,skipped,no compatible coordinate optimizer summary,,,,,,,
165,outputs/experiments/165_r4_guarded_weighting_diagnostic_148_164,,skipped,no compatible coordinate optimizer summary,,,,,,,
164,outputs/experiments/164_single_rebar_r4_guarded_subcell9_src9_weighted025_1_seed13,,skipped,no compatible coordinate optimizer summary,,,,,,,
163,outputs/experiments/163_r8_guarded_objective_design_diagnostic_153_162_with_weights,,skipped,no compatible coordinate optimizer summary,,,,,,,
162,outputs/experiments/162_single_rebar_r8_guarded_subcell9_src9_weighted025_1,,skipped,no compatible coordinate optimizer summary,,,,,,,
161,outputs/experiments/161_r8_guarded_objective_design_diagnostic_153_159_with_amp_mode,,skipped,no compatible coordinate optimizer summary,,,,,,,
160,outputs/experiments/160_r8_guarded_objective_design_diagnostic_153_159,,skipped,no compatible coordinate optimizer summary,,,,,,,
159,outputs/experiments/159_single_rebar_r8_guarded_subcell9_src9_multifreq_no_amp_fit,,skipped,no compatible coordinate optimizer summary,,,,,,,
158,outputs/experiments/158_r8_guarded_frequency_geometry_diagnostic_153_157,,skipped,no compatible coordinate optimizer summary,,,,,,,
157,outputs/experiments/157_single_rebar_r8_guarded_subcell9_src9_10ghz_only,,skipped,no compatible coordinate optimizer summary,,,,,,,
156,outputs/experiments/156_single_rebar_r8_guarded_subcell9_src9_15ghz_only,,skipped,no compatible coordinate optimizer summary,,,,,,,
155,outputs/experiments/155_single_rebar_r8_guarded_hard_local_multifreq,,skipped,no compatible coordinate optimizer summary,,,,,,,
154,outputs/experiments/154_guarded_stage_confidence_120_153,,skipped,no compatible coordinate optimizer summary,,,,,,,
153,outputs/experiments/153_detection_seeded_guarded_polish_depth110_r8_noise10_seed13,,skipped,no compatible coordinate optimizer summary,,,,,,,
152,outputs/experiments/152_guarded_pipeline_seed_aggregate_148_151,,skipped,no compatible coordinate optimizer summary,,,,,,,
151,outputs/experiments/151_detection_seeded_guarded_polish_depth70_r4_noise10_seed34,,skipped,no compatible coordinate optimizer summary,,,,,,,
150,outputs/experiments/150_detection_seeded_guarded_polish_depth70_r4_noise10_seed21,,skipped,no compatible coordinate optimizer summary,,,,,,,
149,outputs/experiments/149_two_stage_refinement_aggregate_118_148_guarded,,skipped,no compatible coordinate optimizer summary,,,,,,,
148,outputs/experiments/148_detection_seeded_guarded_polish_depth70_r4_noise10_seed13,,skipped,no compatible coordinate optimizer summary,,,,,,,
147,outputs/experiments/147_single_rebar_source_profiled_multifreq_subcell9_src9_z69_71_r39_41,,skipped,no compatible coordinate optimizer summary,,,,,,,
146,outputs/experiments/146_single_rebar_source_profiled_multifreq_grid05_hard_tie_smoke,,skipped,no compatible coordinate optimizer summary,,,,,,,
145,outputs/experiments/145_single_rebar_geometry_quantization_radius37_43_grid05,,skipped,no compatible coordinate optimizer summary,,,,,,,
144,outputs/experiments/144_source_profiled_polish_aggregate_subcell9_src9_noise_seeds,,skipped,no compatible coordinate optimizer summary,,,,,,,
143,outputs/experiments/143_single_rebar_source_profiled_multifreq_subcell9_radius37_43_src9_seed34,,skipped,no compatible coordinate optimizer summary,,,,,,,
142,outputs/experiments/142_single_rebar_source_profiled_multifreq_subcell9_radius37_43_src9_seed21,,skipped,no compatible coordinate optimizer summary,,,,,,,
141,outputs/experiments/141_frequency_reweight_diagnostic_exp140_subcell9_src9,,skipped,no compatible coordinate optimizer summary,,,,,,,
140,outputs/experiments/140_single_rebar_source_profiled_multifreq_subcell9_radius37_43_src9,,skipped,no compatible coordinate optimizer summary,,,,,,,
139,outputs/experiments/139_single_rebar_source_profiled_multifreq_subcell9_radius37_43,,skipped,no compatible coordinate optimizer summary,,,,,,,
138,outputs/experiments/138_single_rebar_source_profiled_multifreq_subcell9_tie_smoke,,skipped,no compatible coordinate optimizer summary,,,,,,,
137,outputs/experiments/137_single_rebar_source_profiled_multifreq_subcell_tie_smoke,,skipped,no compatible coordinate optimizer summary,,,,,,,
136,outputs/experiments/136_single_rebar_geometry_quantization_radius37_43,,skipped,no compatible coordinate optimizer summary,,,,,,,
135,outputs/experiments/135_single_rebar_source_profiled_multifreq_csv_plot_smoke,,skipped,no compatible coordinate optimizer summary,,,,,,,
134,outputs/experiments/134_two_stage_refinement_aggregate_118_132_interval_runtime,,skipped,no compatible coordinate optimizer summary,,,,,,,
133,outputs/experiments/133_two_stage_refinement_aggregate_118_132_multifreq,,skipped,no compatible coordinate optimizer summary,,,,,,,
132,outputs/experiments/132_detection_seeded_two_stage_refinement_depth70_r4_mismatch_noise10_fine01_highfreq,,skipped,no compatible coordinate optimizer summary,,,,,,,
131,outputs/experiments/131_detection_seeded_two_stage_refinement_depth70_r4_mismatch_noise10_fine01_multifreq,,skipped,no compatible coordinate optimizer summary,,,,,,,
130,outputs/experiments/130_two_stage_refinement_aggregate_118_128_geometry_plotfix,,skipped,no compatible coordinate optimizer summary,,,,,,,
129,outputs/experiments/129_two_stage_refinement_aggregate_118_128_geometry,,skipped,no compatible coordinate optimizer summary,,,,,,,
128,outputs/experiments/128_detection_seeded_two_stage_refinement_depth70_r4_mismatch_noise10_fine01_subcell,,skipped,no compatible coordinate optimizer summary,,,,,,,
127,outputs/experiments/127_two_stage_refinement_aggregate_118_126_intervals,,skipped,no compatible coordinate optimizer summary,,,,,,,
126,outputs/experiments/126_detection_seeded_two_stage_refinement_depth70_r4_mismatch_noise10_fine01,,skipped,no compatible coordinate optimizer summary,,,,,,,
125,outputs/experiments/125_two_stage_refinement_aggregate_118_124,,skipped,no compatible coordinate optimizer summary,,,,,,,
124,outputs/experiments/124_detection_seeded_two_stage_refinement_depth70_r4_mismatch_noise10_seed34,,skipped,no compatible coordinate optimizer summary,,,,,,,
123,outputs/experiments/123_detection_seeded_two_stage_refinement_depth70_r4_mismatch_noise10_seed21,,skipped,no compatible coordinate optimizer summary,,,,,,,
122,outputs/experiments/122_two_stage_refinement_aggregate_118_121,,skipped,no compatible coordinate optimizer summary,,,,,,,
121,outputs/experiments/121_detection_seeded_two_stage_refinement_depth70_r4_mismatch_noise10,,skipped,no compatible coordinate optimizer summary,,,,,,,
120,outputs/experiments/120_detection_seeded_two_stage_refinement_depth110_r8_mismatch_noise10,,skipped,no compatible coordinate optimizer summary,,,,,,,
119,outputs/experiments/119_detection_seeded_two_stage_refinement_depth110_r8_smoke,,skipped,no compatible coordinate optimizer summary,,,,,,,
118,outputs/experiments/118_detection_seeded_two_stage_refinement_smoke,,skipped,no compatible coordinate optimizer summary,,,,,,,
117,outputs/experiments/117_detection_seeded_narrow_1mm_polish_smoke,,skipped,no compatible coordinate optimizer summary,,,,,,,
116,outputs/experiments/116_detection_seeded_coarse_2mm_screen_smoke,,skipped,no compatible coordinate optimizer summary,,,,,,,
115,outputs/experiments/115_detection_multi_rebar_variable_depth_source_mismatch_noise10,,skipped,no compatible coordinate optimizer summary,,,,,,,
114,outputs/experiments/114_detection_multi_rebar_close_spacing_source_mismatch_noise10,,skipped,no compatible coordinate optimizer summary,,,,,,,
113,outputs/experiments/113_single_rebar_detection_source_mismatch_benchmark,,skipped,no compatible coordinate optimizer summary,,,,,,,
112,outputs/experiments/112_single_rebar_detection_depth_radius_noise_benchmark,,skipped,no compatible coordinate optimizer summary,,,,,,,
111,outputs/experiments/111_detection_seeded_source_profiled_polish_smoke,,skipped,no compatible coordinate optimizer summary,,,,,,,
110,outputs/experiments/110_detection_multi_rebar_same_depth_smoke,,skipped,no compatible coordinate optimizer summary,,,,,,,
109,outputs/experiments/109_detection_single_rebar_offset_grid_smoke,,skipped,no compatible coordinate optimizer summary,,,,,,,
108,outputs/experiments/108_detection_single_rebar_source_delay_smoke,,skipped,no compatible coordinate optimizer summary,,,,,,,
107,outputs/experiments/107_detection_single_rebar_default_smoke,,skipped,no compatible coordinate optimizer summary,,,,,,,
106,outputs/experiments/106_coordinate_optimizer_seed_offset2mm_guarded_diag_seed55,outputs/experiments/106_coordinate_optimizer_seed_offset2mm_guarded_diag_seed55/data/multi_rebar_coordinate_optimizer_summary.json,generated,missing pulse/noise artifacts,outputs/experiments/106_coordinate_optimizer_seed_offset2mm_guarded_diag_seed55/figures/source_pulse_noise_context.png,outputs/experiments/106_coordinate_optimizer_seed_offset2mm_guarded_diag_seed55/data/source_pulse_noise_context_summary.json,outputs/experiments/106_coordinate_optimizer_seed_offset2mm_guarded_diag_seed55/figures/FIGURE_NOTES.md,2314,1379,5078,0.10907187263201636
105,outputs/experiments/105_coordinate_optimizer_diagnostic_objective_cpu_smoke,outputs/experiments/105_coordinate_optimizer_diagnostic_objective_cpu_smoke/data/multi_rebar_coordinate_optimizer_summary.json,generated,missing pulse/noise artifacts,outputs/experiments/105_coordinate_optimizer_diagnostic_objective_cpu_smoke/figures/source_pulse_noise_context.png,outputs/experiments/105_coordinate_optimizer_diagnostic_objective_cpu_smoke/data/source_pulse_noise_context_summary.json,outputs/experiments/105_coordinate_optimizer_diagnostic_objective_cpu_smoke/figures/FIGURE_NOTES.md,2314,1379,2495,0.06602996045761117
104,outputs/experiments/104_multi_rebar_target0_radius_objective_matrix_seed13,,skipped,no compatible coordinate optimizer summary,,,,,,,
103,outputs/experiments/103_multi_rebar_target2_radius_objective_matrix_seed13,,skipped,no compatible coordinate optimizer summary,,,,,,,
102,outputs/experiments/102_multi_rebar_target0_radius_objective_matrix_seed34,,skipped,no compatible coordinate optimizer summary,,,,,,,
101,outputs/experiments/101_multi_rebar_target0_branch_objective_matrix_seed34,,skipped,no compatible coordinate optimizer summary,,,,,,,
100,outputs/experiments/100_multi_rebar_target2_radius_objective_matrix_seed34,,skipped,no compatible coordinate optimizer summary,,,,,,,
99,outputs/experiments/099_objective_variant_cli_cpu_smoke,,skipped,no compatible coordinate optimizer summary,,,,,,,
98,outputs/experiments/098_coordinate_optimizer_seed_offset2mm_guarded_seed13_21_34_aggregate,,skipped,no compatible coordinate optimizer summary,,,,,,,
97,outputs/experiments/097_coordinate_optimizer_seed_offset2mm_guarded_revisit_seed34,outputs/experiments/097_coordinate_optimizer_seed_offset2mm_guarded_revisit_seed34/data/multi_rebar_coordinate_optimizer_summary.json,generated,missing pulse/noise artifacts,outputs/experiments/097_coordinate_optimizer_seed_offset2mm_guarded_revisit_seed34/figures/source_pulse_noise_context.png,outputs/experiments/097_coordinate_optimizer_seed_offset2mm_guarded_revisit_seed34/data/source_pulse_noise_context_summary.json,outputs/experiments/097_coordinate_optimizer_seed_offset2mm_guarded_revisit_seed34/figures/FIGURE_NOTES.md,2314,1379,4819,0.10559585284389938
96,outputs/experiments/096_coordinate_optimizer_seed_offset2mm_guarded_seed13_21_aggregate,,skipped,no compatible coordinate optimizer summary,,,,,,,
95,outputs/experiments/095_coordinate_optimizer_seed_offset2mm_guarded_revisit_seed21,outputs/experiments/095_coordinate_optimizer_seed_offset2mm_guarded_revisit_seed21/data/multi_rebar_coordinate_optimizer_summary.json,generated,missing pulse/noise artifacts,outputs/experiments/095_coordinate_optimizer_seed_offset2mm_guarded_revisit_seed21/figures/source_pulse_noise_context.png,outputs/experiments/095_coordinate_optimizer_seed_offset2mm_guarded_revisit_seed21/data/source_pulse_noise_context_summary.json,outputs/experiments/095_coordinate_optimizer_seed_offset2mm_guarded_revisit_seed21/figures/FIGURE_NOTES.md,2314,1379,5292,0.1100038671190214
94,outputs/experiments/094_coordinate_optimizer_seed_offset2mm_guarded_revisit_seed13,outputs/experiments/094_coordinate_optimizer_seed_offset2mm_guarded_revisit_seed13/data/multi_rebar_coordinate_optimizer_summary.json,generated,missing pulse/noise artifacts,outputs/experiments/094_coordinate_optimizer_seed_offset2mm_guarded_revisit_seed13/figures/source_pulse_noise_context.png,outputs/experiments/094_coordinate_optimizer_seed_offset2mm_guarded_revisit_seed13/data/source_pulse_noise_context_summary.json,outputs/experiments/094_coordinate_optimizer_seed_offset2mm_guarded_revisit_seed13/figures/FIGURE_NOTES.md,2314,1379,5164,0.10757046523886198
93,outputs/experiments/093_coordinate_optimizer_seed_offset2mm_target2_revisit_seed13,outputs/experiments/093_coordinate_optimizer_seed_offset2mm_target2_revisit_seed13/data/multi_rebar_coordinate_optimizer_summary.json,generated,missing pulse/noise artifacts,outputs/experiments/093_coordinate_optimizer_seed_offset2mm_target2_revisit_seed13/figures/source_pulse_noise_context.png,outputs/experiments/093_coordinate_optimizer_seed_offset2mm_target2_revisit_seed13/data/source_pulse_noise_context_summary.json,outputs/experiments/093_coordinate_optimizer_seed_offset2mm_target2_revisit_seed13/figures/FIGURE_NOTES.md,2314,1379,5164,0.10750778907968209
92,outputs/experiments/092_coordinate_optimizer_seed_offset2mm_order120_noise10_seed13,outputs/experiments/092_coordinate_optimizer_seed_offset2mm_order120_noise10_seed13/data/multi_rebar_coordinate_optimizer_summary.json,generated,missing pulse/noise artifacts,outputs/experiments/092_coordinate_optimizer_seed_offset2mm_order120_noise10_seed13/figures/source_pulse_noise_context.png,outputs/experiments/092_coordinate_optimizer_seed_offset2mm_order120_noise10_seed13/data/source_pulse_noise_context_summary.json,outputs/experiments/092_coordinate_optimizer_seed_offset2mm_order120_noise10_seed13/figures/FIGURE_NOTES.md,2314,1379,5164,0.10769299713005867
91,outputs/experiments/091_coordinate_optimizer_seed_offset2mm_target0_revisit_seed13,outputs/experiments/091_coordinate_optimizer_seed_offset2mm_target0_revisit_seed13/data/multi_rebar_coordinate_optimizer_summary.json,generated,missing pulse/noise artifacts,outputs/experiments/091_coordinate_optimizer_seed_offset2mm_target0_revisit_seed13/figures/source_pulse_noise_context.png,outputs/experiments/091_coordinate_optimizer_seed_offset2mm_target0_revisit_seed13/data/source_pulse_noise_context_summary.json,outputs/experiments/091_coordinate_optimizer_seed_offset2mm_target0_revisit_seed13/figures/FIGURE_NOTES.md,2314,1379,5164,0.10751938416913036
90,outputs/experiments/090_coordinate_optimizer_seed_offset2mm_noise10_seed13,outputs/experiments/090_coordinate_optimizer_seed_offset2mm_noise10_seed13/data/multi_rebar_coordinate_optimizer_summary.json,generated,missing pulse/noise artifacts,outputs/experiments/090_coordinate_optimizer_seed_offset2mm_noise10_seed13/figures/source_pulse_noise_context.png,outputs/experiments/090_coordinate_optimizer_seed_offset2mm_noise10_seed13/data/source_pulse_noise_context_summary.json,outputs/experiments/090_coordinate_optimizer_seed_offset2mm_noise10_seed13/figures/FIGURE_NOTES.md,2314,1379,5164,0.10702298898842559
89,outputs/experiments/089_coordinate_optimizer_noise_seed13_21_34_55_aggregate,,skipped,no compatible coordinate optimizer summary,,,,,,,
88,outputs/experiments/088_coordinate_optimizer_noise10_seed55,outputs/experiments/088_coordinate_optimizer_noise10_seed55/data/multi_rebar_coordinate_optimizer_summary.json,generated,missing pulse/noise artifacts,outputs/experiments/088_coordinate_optimizer_noise10_seed55/figures/source_pulse_noise_context.png,outputs/experiments/088_coordinate_optimizer_noise10_seed55/data/source_pulse_noise_context_summary.json,outputs/experiments/088_coordinate_optimizer_noise10_seed55/figures/FIGURE_NOTES.md,2314,1379,5078,0.10734357754263076
87,outputs/experiments/087_coordinate_optimizer_noise_seed13_21_34_aggregate,,skipped,no compatible coordinate optimizer summary,,,,,,,
86,outputs/experiments/086_coordinate_optimizer_noise10_seed34,outputs/experiments/086_coordinate_optimizer_noise10_seed34/data/multi_rebar_coordinate_optimizer_summary.json,generated,missing pulse/noise artifacts,outputs/experiments/086_coordinate_optimizer_noise10_seed34/figures/source_pulse_noise_context.png,outputs/experiments/086_coordinate_optimizer_noise10_seed34/data/source_pulse_noise_context_summary.json,outputs/experiments/086_coordinate_optimizer_noise10_seed34/figures/FIGURE_NOTES.md,2314,1379,4819,0.103795166790661
85,outputs/experiments/085_coordinate_optimizer_noise_seed13_21_aggregate,,skipped,no compatible coordinate optimizer summary,,,,,,,
84,outputs/experiments/084_coordinate_optimizer_noise10_seed21,outputs/experiments/084_coordinate_optimizer_noise10_seed21/data/multi_rebar_coordinate_optimizer_summary.json,generated,missing pulse/noise artifacts,outputs/experiments/084_coordinate_optimizer_noise10_seed21/figures/source_pulse_noise_context.png,outputs/experiments/084_coordinate_optimizer_noise10_seed21/data/source_pulse_noise_context_summary.json,outputs/experiments/084_coordinate_optimizer_noise10_seed21/figures/FIGURE_NOTES.md,2314,1379,5292,0.10820036063861992
83,outputs/experiments/083_coordinate_optimizer_noise10_seed13,outputs/experiments/083_coordinate_optimizer_noise10_seed13/data/multi_rebar_coordinate_optimizer_summary.json,generated,missing pulse/noise artifacts,outputs/experiments/083_coordinate_optimizer_noise10_seed13/figures/source_pulse_noise_context.png,outputs/experiments/083_coordinate_optimizer_noise10_seed13/data/source_pulse_noise_context_summary.json,outputs/experiments/083_coordinate_optimizer_noise10_seed13/figures/FIGURE_NOTES.md,2314,1379,5164,0.1057669587584605
82,outputs/experiments/082_coordinate_optimizer_gpu_compact_perturbed_seed,outputs/experiments/082_coordinate_optimizer_gpu_compact_perturbed_seed/data/multi_rebar_coordinate_optimizer_summary.json,generated,missing pulse/noise artifacts,outputs/experiments/082_coordinate_optimizer_gpu_compact_perturbed_seed/figures/source_pulse_noise_context.png,outputs/experiments/082_coordinate_optimizer_gpu_compact_perturbed_seed/data/source_pulse_noise_context_summary.json,outputs/experiments/082_coordinate_optimizer_gpu_compact_perturbed_seed/figures/FIGURE_NOTES.md,2314,1379,2495,0.06587828415239583
81,outputs/experiments/081_coordinate_optimizer_cpu_smoke,outputs/experiments/081_coordinate_optimizer_cpu_smoke/data/multi_rebar_coordinate_optimizer_summary.json,generated,missing pulse/noise artifacts,outputs/experiments/081_coordinate_optimizer_cpu_smoke/figures/source_pulse_noise_context.png,outputs/experiments/081_coordinate_optimizer_cpu_smoke/data/source_pulse_noise_context_summary.json,outputs/experiments/081_coordinate_optimizer_cpu_smoke/figures/FIGURE_NOTES.md,2314,1379,2495,0.06436214786183417
80,outputs/experiments/080_multi_rebar_stage7_ambiguity_interval_report,,skipped,no compatible coordinate optimizer summary,,,,,,,
79,outputs/experiments/079_multi_rebar_stage6_all_targets_confidence_report,,skipped,no compatible coordinate optimizer summary,,,,,,,
78,outputs/experiments/078_multi_rebar_right_seed13_21_34_55_confidence_report,,skipped,no compatible coordinate optimizer summary,,,,,,,
77,outputs/experiments/077_multi_rebar_right_local_geometry_noise10_seeds21_34_55,,skipped,no compatible coordinate optimizer summary,,,,,,,
76,outputs/experiments/076_multi_rebar_center_seed13_21_34_55_confidence_report,,skipped,no compatible coordinate optimizer summary,,,,,,,
75,outputs/experiments/075_multi_rebar_center_local_geometry_noise10_seeds21_34_55,,skipped,no compatible coordinate optimizer summary,,,,,,,
74,outputs/experiments/074_multi_rebar_left_seed13_21_34_55_confidence_report,,skipped,no compatible coordinate optimizer summary,,,,,,,
73,outputs/experiments/073_multi_rebar_left_local_geometry_noise10_seeds34_55,,skipped,no compatible coordinate optimizer summary,,,,,,,
72,outputs/experiments/072_multi_rebar_left_seed_confidence_report,,skipped,no compatible coordinate optimizer summary,,,,,,,
71,outputs/experiments/071_multi_rebar_left_local_geometry_noise10_seed21,,skipped,no compatible coordinate optimizer summary,,,,,,,
70,outputs/experiments/070_multi_rebar_stage4c_confidence_report,,skipped,no compatible coordinate optimizer summary,,,,,,,
69,outputs/experiments/069_multi_rebar_right_local_geometry_noise10,,skipped,no compatible coordinate optimizer summary,,,,,,,
68,outputs/experiments/068_multi_rebar_center_local_geometry_noise10,,skipped,no compatible coordinate optimizer summary,,,,,,,
67,outputs/experiments/067_multi_rebar_left_local_geometry_noise10,,skipped,no compatible coordinate optimizer summary,,,,,,,
66,outputs/experiments/066_multi_rebar_right_radius_profile,,skipped,no compatible coordinate optimizer summary,,,,,,,
65,outputs/experiments/065_multi_rebar_left_radius_profile,,skipped,no compatible coordinate optimizer summary,,,,,,,
64,outputs/experiments/064_multi_rebar_center_radius_profile,,skipped,no compatible coordinate optimizer summary,,,,,,,
63,outputs/experiments/063_multi_rebar_common_radius_profile,,skipped,no compatible coordinate optimizer summary,,,,,,,
62,outputs/experiments/062_source_profiled_geometry_window_noise10,,skipped,no compatible coordinate optimizer summary,,,,,,,
61,outputs/experiments/061_source_profiled_geometry_window_exact_mismatch,,skipped,no compatible coordinate optimizer summary,,,,,,,
60,outputs/experiments/060_source_profiled_replication_seed_matrix,,skipped,no compatible coordinate optimizer summary,,,,,,,
59,outputs/experiments/059_source_profiled_replication_compact,,skipped,no compatible coordinate optimizer summary,,,,,,,
58,outputs/experiments/058_source_profiled_polish_combined_mismatch,,skipped,no compatible coordinate optimizer summary,,,,,,,
57,outputs/experiments/057_source_profiled_polish_nominal_smoke,,skipped,no compatible coordinate optimizer summary,,,,,,,
56,outputs/experiments/056_material_tradeoff_fixed_xz_exact,,skipped,no compatible coordinate optimizer summary,,,,,,,
55,outputs/experiments/055_wavelet_mismatch_radius_amp_time_freqfit,,skipped,no compatible coordinate optimizer summary,,,,,,,
54,outputs/experiments/054_wavelet_mismatch_radius_amp_timefit,,skipped,no compatible coordinate optimizer summary,,,,,,,
53,outputs/experiments/053_wavelet_mismatch_radius_amplitude_fit,,skipped,no compatible coordinate optimizer summary,,,,,,,
52,outputs/experiments/052_wavelet_mismatch_radius_exact,,skipped,no compatible coordinate optimizer summary,,,,,,,
51,outputs/experiments/051_w2_landscape_exact_beta8_ds8,,skipped,no compatible coordinate optimizer summary,,,,,,,
50,outputs/experiments/050_w2_landscape_exact_beta8_ds16,,skipped,no compatible coordinate optimizer summary,,,,,,,
49,outputs/experiments/049_frequency_weight_radius_margin_noise05_seed13,,skipped,no compatible coordinate optimizer summary,,,,,,,
48,outputs/experiments/048_trace_wasserstein_convexity_smoke,,skipped,no compatible coordinate optimizer summary,,,,,,,
47,outputs/experiments/047_frequency_weight_radius_margin_noise10_seed13,,skipped,no compatible coordinate optimizer summary,,,,,,,
46,outputs/experiments/046_frequency_weight_radius_margin_exact,,skipped,no compatible coordinate optimizer summary,,,,,,,
45,outputs/experiments/045_pebd_spectrum_bands_exact,,skipped,no compatible coordinate optimizer summary,,,,,,,
44,outputs/experiments/044_pebd_spectrum_design_noise10_seed13,,skipped,no compatible coordinate optimizer summary,,,,,,,
43,outputs/experiments/043_pebd_spectrum_design_exact,,skipped,no compatible coordinate optimizer summary,,,,,,,
42,outputs/experiments/042_plotting_template_validation_smoke,,skipped,no compatible coordinate optimizer summary,,,,,,,
41,outputs/experiments/041_cumulative_frequency_weighted_objective_smoke,,skipped,no compatible coordinate optimizer summary,,,,,,,
40,outputs/experiments/040_cumulative_frequency_10_15_coarsepolish_from_highradius,,skipped,no compatible coordinate optimizer summary,,,,,,,
39,outputs/experiments/039_cumulative_frequency_gridpolish_topk_smoke,,skipped,no compatible coordinate optimizer summary,,,,,,,
38,outputs/experiments/038_cumulative_frequency_misfit_summary_smoke,,skipped,no compatible coordinate optimizer summary,,,,,,,
37,outputs/experiments/037_bandwidth_noise10_full_coarsepolish_from_lowband_seed13,,skipped,no compatible coordinate optimizer summary,,,,,,,
36,outputs/experiments/036_bandwidth_noise10_stage1_020_080_seed13,,skipped,no compatible coordinate optimizer summary,,,,,,,
35,outputs/experiments/035_bandwidth_noise05_full_coarsepolish_from_lowband_seed13,,skipped,no compatible coordinate optimizer summary,,,,,,,
34,outputs/experiments/034_bandwidth_noise05_stage1_020_080_seed13,,skipped,no compatible coordinate optimizer summary,,,,,,,
33,outputs/experiments/033_bandwidth_stage1_then_full_coarsepolish,,skipped,no compatible coordinate optimizer summary,,,,,,,
32,outputs/experiments/032_bandwidth_full_from_stage1_no_polish,,skipped,no compatible coordinate optimizer summary,,,,,,,
31,outputs/experiments/031_bandwidth_stage3_full_from_stage2_coarsepolish,,skipped,no compatible coordinate optimizer summary,,,,,,,
30,outputs/experiments/030_bandwidth_stage2_020_110_from_stage1,,skipped,no compatible coordinate optimizer summary,,,,,,,
29,outputs/experiments/029_bandwidth_stage1_020_080_from_2mm,,skipped,no compatible coordinate optimizer summary,,,,,,,
28,outputs/experiments/028_bandpass_objective_summary_smoke,,skipped,no compatible coordinate optimizer summary,,,,,,,
27,outputs/experiments/027_trace_shift_summary_smoke,,skipped,no compatible coordinate optimizer summary,,,,,,,
26,outputs/experiments/026_trace_shift_noise05_optimizer_vs_recovered,,skipped,no compatible coordinate optimizer summary,,,,,,,
25,outputs/experiments/025_trace_shift_noise10_top_candidates,,skipped,no compatible coordinate optimizer summary,,,,,,,
24,outputs/experiments/024_trace_shift_exact_powell_vs_polish,,skipped,no compatible coordinate optimizer summary,,,,,,,
23,outputs/experiments/023_single_rebar_grid1mm_noise10_coarsepolish_topk,,skipped,no compatible coordinate optimizer summary,,,,,,,
22,outputs/experiments/022_single_rebar_grid1mm_noise10_coarsepolish,,skipped,no compatible coordinate optimizer summary,,,,,,,
21,outputs/experiments/021_single_rebar_grid1mm_noise05_seed21_coarsepolish,,skipped,no compatible coordinate optimizer summary,,,,,,,
20,outputs/experiments/020_single_rebar_grid1mm_noise05_coarsepolish,,skipped,no compatible coordinate optimizer summary,,,,,,,
19,outputs/experiments/019_single_rebar_grid1mm_noise05_gridpolish_stop006,,skipped,no compatible coordinate optimizer summary,,,,,,,
18,outputs/experiments/018_single_rebar_grid1mm_noise05_gridpolish,,skipped,no compatible coordinate optimizer summary,,,,,,,
17,outputs/experiments/017_single_rebar_grid1mm_noise01_gridpolish,,skipped,no compatible coordinate optimizer summary,,,,,,,
16,outputs/experiments/016_single_rebar_grid1mm_gridpolish_earlystop_from_run009,,skipped,no compatible coordinate optimizer summary,,,,,,,
15,outputs/experiments/015_single_rebar_grid1mm_powell_gridpolish_from_2mm,,skipped,no compatible coordinate optimizer summary,,,,,,,
14,outputs/experiments/014_single_rebar_grid1mm_gridpolish_from_run009,,skipped,no compatible coordinate optimizer summary,,,,,,,
13,outputs/experiments/013_radius_profile_grid1mm_9src_at_run009,,skipped,no compatible coordinate optimizer summary,,,,,,,
12,outputs/experiments/012_z_radius_grid1mm_5src_run009x,,skipped,no compatible coordinate optimizer summary,,,,,,,
11,outputs/experiments/011_radius_profile_grid1mm_5src_run009x_truez,,skipped,no compatible coordinate optimizer summary,,,,,,,
10,outputs/experiments/010_radius_profile_grid1mm_5src_at_run009,,skipped,no compatible coordinate optimizer summary,,,,,,,
9,outputs/experiments/009_single_rebar_grid1mm_powell_refine_from_2mm,,skipped,no compatible coordinate optimizer summary,,,,,,,
8,outputs/experiments/008_single_rebar_grid1mm_de_5src_60eval_bounded,,skipped,no compatible coordinate optimizer summary,,,,,,,
7,outputs/experiments/007_single_rebar_grid1mm_cli_smoke,,skipped,no compatible coordinate optimizer summary,,,,,,,
6,outputs/experiments/006_radius_subcell2mm_s9_logsigma_probe,,skipped,no compatible coordinate optimizer summary,,,,,,,
5,outputs/experiments/005_radius_subcell2mm_s9_probe,,skipped,no compatible coordinate optimizer summary,,,,,,,
4,outputs/experiments/004_radius_subcell2mm_probe,,skipped,no compatible coordinate optimizer summary,,,,,,,
3,outputs/experiments/003_radius_grid1mm_probe,,skipped,no compatible coordinate optimizer summary,,,,,,,
2,outputs/experiments/002_radius_grid2mm_probe,,skipped,no compatible coordinate optimizer summary,,,,,,,
1,outputs/experiments/001_landscape_numbering_smoke,,skipped,no compatible coordinate optimizer summary,,,,,,,
