run_number,run_dir,summary_path,status,reason,figure_path,context_summary_path,figure_notes_path,width_px,height_px,unique_colors,nonwhite_fraction,validation_pixel_stride,validation_sample_pixels
1133,outputs/experiments/1133_coordinate_optimizer_variable_depth_radius_seed1548008755920_target2_sources5_txrx60_ringdown050_objectives,outputs/experiments/1133_coordinate_optimizer_variable_depth_radius_seed1548008755920_target2_sources5_txrx60_ringdown050_objectives/data/multi_rebar_coordinate_optimizer_summary.json,skipped,existing valid pulse/noise artifacts,outputs/experiments/1133_coordinate_optimizer_variable_depth_radius_seed1548008755920_target2_sources5_txrx60_ringdown050_objectives/figures/source_pulse_noise_context.png,outputs/experiments/1133_coordinate_optimizer_variable_depth_radius_seed1548008755920_target2_sources5_txrx60_ringdown050_objectives/data/source_pulse_noise_context_summary.json,outputs/experiments/1133_coordinate_optimizer_variable_depth_radius_seed1548008755920_target2_sources5_txrx60_ringdown050_objectives/figures/FIGURE_NOTES.md,2484,1892,1317,0.10724505343406084,5,188363
1132,outputs/experiments/1132_coordinate_optimizer_variable_depth_radius_seed1548008755920_target0_sources8_txrx60_ringdown050_objectives,outputs/experiments/1132_coordinate_optimizer_variable_depth_radius_seed1548008755920_target0_sources8_txrx60_ringdown050_objectives/data/multi_rebar_coordinate_optimizer_summary.json,skipped,existing valid pulse/noise artifacts,outputs/experiments/1132_coordinate_optimizer_variable_depth_radius_seed1548008755920_target0_sources8_txrx60_ringdown050_objectives/figures/source_pulse_noise_context.png,outputs/experiments/1132_coordinate_optimizer_variable_depth_radius_seed1548008755920_target0_sources8_txrx60_ringdown050_objectives/data/source_pulse_noise_context_summary.json,outputs/experiments/1132_coordinate_optimizer_variable_depth_radius_seed1548008755920_target0_sources8_txrx60_ringdown050_objectives/figures/FIGURE_NOTES.md,2484,1892,1317,0.10735654029719212,5,188363
1131,outputs/experiments/1131_coordinate_optimizer_variable_depth_radius_seed956722026041_target1_sources5_txrx60_ringdown050_objectives,outputs/experiments/1131_coordinate_optimizer_variable_depth_radius_seed956722026041_target1_sources5_txrx60_ringdown050_objectives/data/multi_rebar_coordinate_optimizer_summary.json,skipped,existing valid pulse/noise artifacts,outputs/experiments/1131_coordinate_optimizer_variable_depth_radius_seed956722026041_target1_sources5_txrx60_ringdown050_objectives/figures/source_pulse_noise_context.png,outputs/experiments/1131_coordinate_optimizer_variable_depth_radius_seed956722026041_target1_sources5_txrx60_ringdown050_objectives/data/source_pulse_noise_context_summary.json,outputs/experiments/1131_coordinate_optimizer_variable_depth_radius_seed956722026041_target1_sources5_txrx60_ringdown050_objectives/figures/FIGURE_NOTES.md,2484,1892,1347,0.11204960634519519,5,188363
1130,outputs/experiments/1130_coordinate_optimizer_variable_depth_radius_seed956722026041_target2_sources5_txrx60_ringdown050_objectives,outputs/experiments/1130_coordinate_optimizer_variable_depth_radius_seed956722026041_target2_sources5_txrx60_ringdown050_objectives/data/multi_rebar_coordinate_optimizer_summary.json,skipped,existing valid pulse/noise artifacts,outputs/experiments/1130_coordinate_optimizer_variable_depth_radius_seed956722026041_target2_sources5_txrx60_ringdown050_objectives/figures/source_pulse_noise_context.png,outputs/experiments/1130_coordinate_optimizer_variable_depth_radius_seed956722026041_target2_sources5_txrx60_ringdown050_objectives/data/source_pulse_noise_context_summary.json,outputs/experiments/1130_coordinate_optimizer_variable_depth_radius_seed956722026041_target2_sources5_txrx60_ringdown050_objectives/figures/FIGURE_NOTES.md,2484,1892,1347,0.11207615083641692,5,188363
1129,outputs/experiments/1129_coordinate_optimizer_variable_depth_radius_seed956722026041_target0_sources8_txrx60_ringdown050_objectives,outputs/experiments/1129_coordinate_optimizer_variable_depth_radius_seed956722026041_target0_sources8_txrx60_ringdown050_objectives/data/multi_rebar_coordinate_optimizer_summary.json,skipped,existing valid pulse/noise artifacts,outputs/experiments/1129_coordinate_optimizer_variable_depth_radius_seed956722026041_target0_sources8_txrx60_ringdown050_objectives/figures/source_pulse_noise_context.png,outputs/experiments/1129_coordinate_optimizer_variable_depth_radius_seed956722026041_target0_sources8_txrx60_ringdown050_objectives/data/source_pulse_noise_context_summary.json,outputs/experiments/1129_coordinate_optimizer_variable_depth_radius_seed956722026041_target0_sources8_txrx60_ringdown050_objectives/figures/FIGURE_NOTES.md,2484,1892,1347,0.11215578431008214,5,188363
1128,outputs/experiments/1128_coordinate_optimizer_variable_depth_radius_seed591286729879_target1_sources5_txrx60_ringdown050_objectives,outputs/experiments/1128_coordinate_optimizer_variable_depth_radius_seed591286729879_target1_sources5_txrx60_ringdown050_objectives/data/multi_rebar_coordinate_optimizer_summary.json,skipped,existing valid pulse/noise artifacts,outputs/experiments/1128_coordinate_optimizer_variable_depth_radius_seed591286729879_target1_sources5_txrx60_ringdown050_objectives/figures/source_pulse_noise_context.png,outputs/experiments/1128_coordinate_optimizer_variable_depth_radius_seed591286729879_target1_sources5_txrx60_ringdown050_objectives/data/source_pulse_noise_context_summary.json,outputs/experiments/1128_coordinate_optimizer_variable_depth_radius_seed591286729879_target1_sources5_txrx60_ringdown050_objectives/figures/FIGURE_NOTES.md,2484,1892,1341,0.11186379490664303,5,188363
1127,outputs/experiments/1127_coordinate_optimizer_variable_depth_radius_seed591286729879_target2_sources5_txrx60_ringdown050_objectives,outputs/experiments/1127_coordinate_optimizer_variable_depth_radius_seed591286729879_target2_sources5_txrx60_ringdown050_objectives/data/multi_rebar_coordinate_optimizer_summary.json,skipped,existing valid pulse/noise artifacts,outputs/experiments/1127_coordinate_optimizer_variable_depth_radius_seed591286729879_target2_sources5_txrx60_ringdown050_objectives/figures/source_pulse_noise_context.png,outputs/experiments/1127_coordinate_optimizer_variable_depth_radius_seed591286729879_target2_sources5_txrx60_ringdown050_objectives/data/source_pulse_noise_context_summary.json,outputs/experiments/1127_coordinate_optimizer_variable_depth_radius_seed591286729879_target2_sources5_txrx60_ringdown050_objectives/figures/FIGURE_NOTES.md,2484,1892,1341,0.11189033939786476,5,188363
1126,outputs/experiments/1126_coordinate_optimizer_variable_depth_radius_seed591286729879_target0_sources8_txrx60_ringdown050_objectives,outputs/experiments/1126_coordinate_optimizer_variable_depth_radius_seed591286729879_target0_sources8_txrx60_ringdown050_objectives/data/multi_rebar_coordinate_optimizer_summary.json,skipped,existing valid pulse/noise artifacts,outputs/experiments/1126_coordinate_optimizer_variable_depth_radius_seed591286729879_target0_sources8_txrx60_ringdown050_objectives/figures/source_pulse_noise_context.png,outputs/experiments/1126_coordinate_optimizer_variable_depth_radius_seed591286729879_target0_sources8_txrx60_ringdown050_objectives/data/source_pulse_noise_context_summary.json,outputs/experiments/1126_coordinate_optimizer_variable_depth_radius_seed591286729879_target0_sources8_txrx60_ringdown050_objectives/figures/FIGURE_NOTES.md,2484,1892,1342,0.11202837075221779,5,188363
1125,outputs/experiments/1125_coordinate_optimizer_variable_depth_radius_seed365435296162_target1_sources5_txrx60_ringdown050_objectives,outputs/experiments/1125_coordinate_optimizer_variable_depth_radius_seed365435296162_target1_sources5_txrx60_ringdown050_objectives/data/multi_rebar_coordinate_optimizer_summary.json,skipped,existing valid pulse/noise artifacts,outputs/experiments/1125_coordinate_optimizer_variable_depth_radius_seed365435296162_target1_sources5_txrx60_ringdown050_objectives/figures/source_pulse_noise_context.png,outputs/experiments/1125_coordinate_optimizer_variable_depth_radius_seed365435296162_target1_sources5_txrx60_ringdown050_objectives/data/source_pulse_noise_context_summary.json,outputs/experiments/1125_coordinate_optimizer_variable_depth_radius_seed365435296162_target1_sources5_txrx60_ringdown050_objectives/figures/FIGURE_NOTES.md,2484,1892,1333,0.10960220425455106,5,188363
1124,outputs/experiments/1124_coordinate_optimizer_variable_depth_radius_seed365435296162_target2_sources5_txrx60_ringdown050_objectives,outputs/experiments/1124_coordinate_optimizer_variable_depth_radius_seed365435296162_target2_sources5_txrx60_ringdown050_objectives/data/multi_rebar_coordinate_optimizer_summary.json,skipped,existing valid pulse/noise artifacts,outputs/experiments/1124_coordinate_optimizer_variable_depth_radius_seed365435296162_target2_sources5_txrx60_ringdown050_objectives/figures/source_pulse_noise_context.png,outputs/experiments/1124_coordinate_optimizer_variable_depth_radius_seed365435296162_target2_sources5_txrx60_ringdown050_objectives/data/source_pulse_noise_context_summary.json,outputs/experiments/1124_coordinate_optimizer_variable_depth_radius_seed365435296162_target2_sources5_txrx60_ringdown050_objectives/figures/FIGURE_NOTES.md,2484,1892,1333,0.10963405764401714,5,188363
1123,outputs/experiments/1123_coordinate_optimizer_variable_depth_radius_seed365435296162_target0_sources8_txrx45_ringdown050_objectives,outputs/experiments/1123_coordinate_optimizer_variable_depth_radius_seed365435296162_target0_sources8_txrx45_ringdown050_objectives/data/multi_rebar_coordinate_optimizer_summary.json,skipped,existing valid pulse/noise artifacts,outputs/experiments/1123_coordinate_optimizer_variable_depth_radius_seed365435296162_target0_sources8_txrx45_ringdown050_objectives/figures/source_pulse_noise_context.png,outputs/experiments/1123_coordinate_optimizer_variable_depth_radius_seed365435296162_target0_sources8_txrx45_ringdown050_objectives/data/source_pulse_noise_context_summary.json,outputs/experiments/1123_coordinate_optimizer_variable_depth_radius_seed365435296162_target0_sources8_txrx45_ringdown050_objectives/figures/FIGURE_NOTES.md,2484,1892,1332,0.10974554450714843,5,188363
1122,outputs/experiments/1122_coordinate_optimizer_variable_depth_radius_seed365435296162_target0_sources8_txrx50_ringdown050_objectives,outputs/experiments/1122_coordinate_optimizer_variable_depth_radius_seed365435296162_target0_sources8_txrx50_ringdown050_objectives/data/multi_rebar_coordinate_optimizer_summary.json,skipped,existing valid pulse/noise artifacts,outputs/experiments/1122_coordinate_optimizer_variable_depth_radius_seed365435296162_target0_sources8_txrx50_ringdown050_objectives/figures/source_pulse_noise_context.png,outputs/experiments/1122_coordinate_optimizer_variable_depth_radius_seed365435296162_target0_sources8_txrx50_ringdown050_objectives/data/source_pulse_noise_context_summary.json,outputs/experiments/1122_coordinate_optimizer_variable_depth_radius_seed365435296162_target0_sources8_txrx50_ringdown050_objectives/figures/FIGURE_NOTES.md,2484,1892,1333,0.10966060213523887,5,188363
1121,outputs/experiments/1121_coordinate_optimizer_variable_depth_radius_seed365435296162_target0_sources8_txrx52p5_ringdown050_objectives,outputs/experiments/1121_coordinate_optimizer_variable_depth_radius_seed365435296162_target0_sources8_txrx52p5_ringdown050_objectives/data/multi_rebar_coordinate_optimizer_summary.json,skipped,existing valid pulse/noise artifacts,outputs/experiments/1121_coordinate_optimizer_variable_depth_radius_seed365435296162_target0_sources8_txrx52p5_ringdown050_objectives/figures/source_pulse_noise_context.png,outputs/experiments/1121_coordinate_optimizer_variable_depth_radius_seed365435296162_target0_sources8_txrx52p5_ringdown050_objectives/data/source_pulse_noise_context_summary.json,outputs/experiments/1121_coordinate_optimizer_variable_depth_radius_seed365435296162_target0_sources8_txrx52p5_ringdown050_objectives/figures/FIGURE_NOTES.md,2484,1892,1332,0.10979332459134755,5,188363
1120,outputs/experiments/1120_coordinate_optimizer_variable_depth_radius_seed365435296162_target0_sources8_txrx60_ringdown050_objectives,outputs/experiments/1120_coordinate_optimizer_variable_depth_radius_seed365435296162_target0_sources8_txrx60_ringdown050_objectives/data/multi_rebar_coordinate_optimizer_summary.json,skipped,existing valid pulse/noise artifacts,outputs/experiments/1120_coordinate_optimizer_variable_depth_radius_seed365435296162_target0_sources8_txrx60_ringdown050_objectives/figures/source_pulse_noise_context.png,outputs/experiments/1120_coordinate_optimizer_variable_depth_radius_seed365435296162_target0_sources8_txrx60_ringdown050_objectives/data/source_pulse_noise_context_summary.json,outputs/experiments/1120_coordinate_optimizer_variable_depth_radius_seed365435296162_target0_sources8_txrx60_ringdown050_objectives/figures/FIGURE_NOTES.md,2484,1892,1332,0.1097190000159267,5,188363
1119,outputs/experiments/1119_gssi51600s_dzt_qc,,skipped,no compatible coordinate optimizer summary,,,,,,,,,
1118,outputs/experiments/1118_coordinate_optimizer_variable_depth_radius_seed225851433717_target1_sources5_txrx60_ringdown050_objectives,outputs/experiments/1118_coordinate_optimizer_variable_depth_radius_seed225851433717_target1_sources5_txrx60_ringdown050_objectives/data/multi_rebar_coordinate_optimizer_summary.json,skipped,existing valid pulse/noise artifacts,outputs/experiments/1118_coordinate_optimizer_variable_depth_radius_seed225851433717_target1_sources5_txrx60_ringdown050_objectives/figures/source_pulse_noise_context.png,outputs/experiments/1118_coordinate_optimizer_variable_depth_radius_seed225851433717_target1_sources5_txrx60_ringdown050_objectives/data/source_pulse_noise_context_summary.json,outputs/experiments/1118_coordinate_optimizer_variable_depth_radius_seed225851433717_target1_sources5_txrx60_ringdown050_objectives/figures/FIGURE_NOTES.md,2484,1892,1344,0.10999506272463276,5,188363
1117,outputs/experiments/1117_coordinate_optimizer_variable_depth_radius_seed225851433717_target2_sources5_txrx60_ringdown050_objectives,outputs/experiments/1117_coordinate_optimizer_variable_depth_radius_seed225851433717_target2_sources5_txrx60_ringdown050_objectives/data/multi_rebar_coordinate_optimizer_summary.json,skipped,existing valid pulse/noise artifacts,outputs/experiments/1117_coordinate_optimizer_variable_depth_radius_seed225851433717_target2_sources5_txrx60_ringdown050_objectives/figures/source_pulse_noise_context.png,outputs/experiments/1117_coordinate_optimizer_variable_depth_radius_seed225851433717_target2_sources5_txrx60_ringdown050_objectives/data/source_pulse_noise_context_summary.json,outputs/experiments/1117_coordinate_optimizer_variable_depth_radius_seed225851433717_target2_sources5_txrx60_ringdown050_objectives/figures/FIGURE_NOTES.md,2484,1892,1344,0.1100216072158545,5,188363
1116,outputs/experiments/1116_coordinate_optimizer_variable_depth_radius_seed225851433717_target0_sources8_txrx60_ringdown050_objectives,outputs/experiments/1116_coordinate_optimizer_variable_depth_radius_seed225851433717_target0_sources8_txrx60_ringdown050_objectives/data/multi_rebar_coordinate_optimizer_summary.json,skipped,existing valid pulse/noise artifacts,outputs/experiments/1116_coordinate_optimizer_variable_depth_radius_seed225851433717_target0_sources8_txrx60_ringdown050_objectives/figures/source_pulse_noise_context.png,outputs/experiments/1116_coordinate_optimizer_variable_depth_radius_seed225851433717_target0_sources8_txrx60_ringdown050_objectives/data/source_pulse_noise_context_summary.json,outputs/experiments/1116_coordinate_optimizer_variable_depth_radius_seed225851433717_target0_sources8_txrx60_ringdown050_objectives/figures/FIGURE_NOTES.md,2484,1892,1344,0.11014371187547448,5,188363
1115,outputs/experiments/1115_coordinate_optimizer_variable_depth_radius_seed139583862445_target1_sources9_txrx60_ringdown050_objectives,outputs/experiments/1115_coordinate_optimizer_variable_depth_radius_seed139583862445_target1_sources9_txrx60_ringdown050_objectives/data/multi_rebar_coordinate_optimizer_summary.json,skipped,existing valid pulse/noise artifacts,outputs/experiments/1115_coordinate_optimizer_variable_depth_radius_seed139583862445_target1_sources9_txrx60_ringdown050_objectives/figures/source_pulse_noise_context.png,outputs/experiments/1115_coordinate_optimizer_variable_depth_radius_seed139583862445_target1_sources9_txrx60_ringdown050_objectives/data/source_pulse_noise_context_summary.json,outputs/experiments/1115_coordinate_optimizer_variable_depth_radius_seed139583862445_target1_sources9_txrx60_ringdown050_objectives/figures/FIGURE_NOTES.md,2484,1892,1346,0.11177885253473346,5,188363
1114,outputs/experiments/1114_coordinate_optimizer_variable_depth_radius_seed139583862445_target1_sources5_txrx60_ringdown050_objectives,outputs/experiments/1114_coordinate_optimizer_variable_depth_radius_seed139583862445_target1_sources5_txrx60_ringdown050_objectives/data/multi_rebar_coordinate_optimizer_summary.json,skipped,existing valid pulse/noise artifacts,outputs/experiments/1114_coordinate_optimizer_variable_depth_radius_seed139583862445_target1_sources5_txrx60_ringdown050_objectives/figures/source_pulse_noise_context.png,outputs/experiments/1114_coordinate_optimizer_variable_depth_radius_seed139583862445_target1_sources5_txrx60_ringdown050_objectives/data/source_pulse_noise_context_summary.json,outputs/experiments/1114_coordinate_optimizer_variable_depth_radius_seed139583862445_target1_sources5_txrx60_ringdown050_objectives/figures/FIGURE_NOTES.md,2484,1892,1347,0.11179477922946651,5,188363
1113,outputs/experiments/1113_coordinate_optimizer_variable_depth_radius_seed139583862445_target2_sources5_txrx60_ringdown050_objectives,outputs/experiments/1113_coordinate_optimizer_variable_depth_radius_seed139583862445_target2_sources5_txrx60_ringdown050_objectives/data/multi_rebar_coordinate_optimizer_summary.json,skipped,existing valid pulse/noise artifacts,outputs/experiments/1113_coordinate_optimizer_variable_depth_radius_seed139583862445_target2_sources5_txrx60_ringdown050_objectives/figures/source_pulse_noise_context.png,outputs/experiments/1113_coordinate_optimizer_variable_depth_radius_seed139583862445_target2_sources5_txrx60_ringdown050_objectives/data/source_pulse_noise_context_summary.json,outputs/experiments/1113_coordinate_optimizer_variable_depth_radius_seed139583862445_target2_sources5_txrx60_ringdown050_objectives/figures/FIGURE_NOTES.md,2484,1892,1347,0.1118266326189326,5,188363
1112,outputs/experiments/1112_coordinate_optimizer_variable_depth_radius_seed139583862445_target0_sources8_txrx60_ringdown050_objectives,outputs/experiments/1112_coordinate_optimizer_variable_depth_radius_seed139583862445_target0_sources8_txrx60_ringdown050_objectives/data/multi_rebar_coordinate_optimizer_summary.json,skipped,existing valid pulse/noise artifacts,outputs/experiments/1112_coordinate_optimizer_variable_depth_radius_seed139583862445_target0_sources8_txrx60_ringdown050_objectives/figures/source_pulse_noise_context.png,outputs/experiments/1112_coordinate_optimizer_variable_depth_radius_seed139583862445_target0_sources8_txrx60_ringdown050_objectives/data/source_pulse_noise_context_summary.json,outputs/experiments/1112_coordinate_optimizer_variable_depth_radius_seed139583862445_target0_sources8_txrx60_ringdown050_objectives/figures/FIGURE_NOTES.md,2484,1892,1346,0.11187972160137606,5,188363
1111,outputs/experiments/1111_coordinate_optimizer_variable_depth_radius_seed86267571272_target1_sources5_txrx60_ringdown050_objectives,outputs/experiments/1111_coordinate_optimizer_variable_depth_radius_seed86267571272_target1_sources5_txrx60_ringdown050_objectives/data/multi_rebar_coordinate_optimizer_summary.json,skipped,existing valid pulse/noise artifacts,outputs/experiments/1111_coordinate_optimizer_variable_depth_radius_seed86267571272_target1_sources5_txrx60_ringdown050_objectives/figures/source_pulse_noise_context.png,outputs/experiments/1111_coordinate_optimizer_variable_depth_radius_seed86267571272_target1_sources5_txrx60_ringdown050_objectives/data/source_pulse_noise_context_summary.json,outputs/experiments/1111_coordinate_optimizer_variable_depth_radius_seed86267571272_target1_sources5_txrx60_ringdown050_objectives/figures/FIGURE_NOTES.md,2484,1892,1339,0.11319101946772986,5,188363
1110,outputs/experiments/1110_coordinate_optimizer_variable_depth_radius_seed86267571272_target2_sources11_txrx60_ringdown050_objectives,outputs/experiments/1110_coordinate_optimizer_variable_depth_radius_seed86267571272_target2_sources11_txrx60_ringdown050_objectives/data/multi_rebar_coordinate_optimizer_summary.json,skipped,existing valid pulse/noise artifacts,outputs/experiments/1110_coordinate_optimizer_variable_depth_radius_seed86267571272_target2_sources11_txrx60_ringdown050_objectives/figures/source_pulse_noise_context.png,outputs/experiments/1110_coordinate_optimizer_variable_depth_radius_seed86267571272_target2_sources11_txrx60_ringdown050_objectives/data/source_pulse_noise_context_summary.json,outputs/experiments/1110_coordinate_optimizer_variable_depth_radius_seed86267571272_target2_sources11_txrx60_ringdown050_objectives/figures/FIGURE_NOTES.md,2484,1892,1339,0.1133078152291055,5,188363
1109,outputs/experiments/1109_coordinate_optimizer_variable_depth_radius_seed86267571272_target2_sources9_txrx60_ringdown050_objectives,outputs/experiments/1109_coordinate_optimizer_variable_depth_radius_seed86267571272_target2_sources9_txrx60_ringdown050_objectives/data/multi_rebar_coordinate_optimizer_summary.json,skipped,existing valid pulse/noise artifacts,outputs/experiments/1109_coordinate_optimizer_variable_depth_radius_seed86267571272_target2_sources9_txrx60_ringdown050_objectives/figures/source_pulse_noise_context.png,outputs/experiments/1109_coordinate_optimizer_variable_depth_radius_seed86267571272_target2_sources9_txrx60_ringdown050_objectives/data/source_pulse_noise_context_summary.json,outputs/experiments/1109_coordinate_optimizer_variable_depth_radius_seed86267571272_target2_sources9_txrx60_ringdown050_objectives/figures/FIGURE_NOTES.md,2484,1892,1339,0.11324941734841769,5,188363
1108,outputs/experiments/1108_coordinate_optimizer_variable_depth_radius_seed86267571272_target2_sources7_txrx60_ringdown050_objectives,outputs/experiments/1108_coordinate_optimizer_variable_depth_radius_seed86267571272_target2_sources7_txrx60_ringdown050_objectives/data/multi_rebar_coordinate_optimizer_summary.json,skipped,existing valid pulse/noise artifacts,outputs/experiments/1108_coordinate_optimizer_variable_depth_radius_seed86267571272_target2_sources7_txrx60_ringdown050_objectives/figures/source_pulse_noise_context.png,outputs/experiments/1108_coordinate_optimizer_variable_depth_radius_seed86267571272_target2_sources7_txrx60_ringdown050_objectives/data/source_pulse_noise_context_summary.json,outputs/experiments/1108_coordinate_optimizer_variable_depth_radius_seed86267571272_target2_sources7_txrx60_ringdown050_objectives/figures/FIGURE_NOTES.md,2484,1892,1339,0.11324410845017334,5,188363
1107,outputs/experiments/1107_coordinate_optimizer_variable_depth_radius_seed86267571272_target2_sources5_txrx60_ringdown050_objectives,outputs/experiments/1107_coordinate_optimizer_variable_depth_radius_seed86267571272_target2_sources5_txrx60_ringdown050_objectives/data/multi_rebar_coordinate_optimizer_summary.json,skipped,existing valid pulse/noise artifacts,outputs/experiments/1107_coordinate_optimizer_variable_depth_radius_seed86267571272_target2_sources5_txrx60_ringdown050_objectives/figures/source_pulse_noise_context.png,outputs/experiments/1107_coordinate_optimizer_variable_depth_radius_seed86267571272_target2_sources5_txrx60_ringdown050_objectives/data/source_pulse_noise_context_summary.json,outputs/experiments/1107_coordinate_optimizer_variable_depth_radius_seed86267571272_target2_sources5_txrx60_ringdown050_objectives/figures/FIGURE_NOTES.md,2484,1892,1339,0.11320163726421856,5,188363
1106,outputs/experiments/1106_coordinate_optimizer_variable_depth_radius_seed86267571272_target0_sources8_txrx60_ringdown050_objectives,outputs/experiments/1106_coordinate_optimizer_variable_depth_radius_seed86267571272_target0_sources8_txrx60_ringdown050_objectives/data/multi_rebar_coordinate_optimizer_summary.json,skipped,existing valid pulse/noise artifacts,outputs/experiments/1106_coordinate_optimizer_variable_depth_radius_seed86267571272_target0_sources8_txrx60_ringdown050_objectives/figures/source_pulse_noise_context.png,outputs/experiments/1106_coordinate_optimizer_variable_depth_radius_seed86267571272_target0_sources8_txrx60_ringdown050_objectives/data/source_pulse_noise_context_summary.json,outputs/experiments/1106_coordinate_optimizer_variable_depth_radius_seed86267571272_target0_sources8_txrx60_ringdown050_objectives/figures/FIGURE_NOTES.md,2484,1892,1339,0.11332374192383854,5,188363
1105,outputs/experiments/1105_coordinate_optimizer_variable_depth_radius_seed53316291173_target1_sources5_txrx60_ringdown050_objectives,outputs/experiments/1105_coordinate_optimizer_variable_depth_radius_seed53316291173_target1_sources5_txrx60_ringdown050_objectives/data/multi_rebar_coordinate_optimizer_summary.json,skipped,existing valid pulse/noise artifacts,outputs/experiments/1105_coordinate_optimizer_variable_depth_radius_seed53316291173_target1_sources5_txrx60_ringdown050_objectives/figures/source_pulse_noise_context.png,outputs/experiments/1105_coordinate_optimizer_variable_depth_radius_seed53316291173_target1_sources5_txrx60_ringdown050_objectives/data/source_pulse_noise_context_summary.json,outputs/experiments/1105_coordinate_optimizer_variable_depth_radius_seed53316291173_target1_sources5_txrx60_ringdown050_objectives/figures/FIGURE_NOTES.md,2484,1892,1334,0.1100216072158545,5,188363
1104,outputs/experiments/1104_coordinate_optimizer_variable_depth_radius_seed53316291173_target2_sources11_txrx60_ringdown050_objectives,outputs/experiments/1104_coordinate_optimizer_variable_depth_radius_seed53316291173_target2_sources11_txrx60_ringdown050_objectives/data/multi_rebar_coordinate_optimizer_summary.json,skipped,existing valid pulse/noise artifacts,outputs/experiments/1104_coordinate_optimizer_variable_depth_radius_seed53316291173_target2_sources11_txrx60_ringdown050_objectives/figures/source_pulse_noise_context.png,outputs/experiments/1104_coordinate_optimizer_variable_depth_radius_seed53316291173_target2_sources11_txrx60_ringdown050_objectives/data/source_pulse_noise_context_summary.json,outputs/experiments/1104_coordinate_optimizer_variable_depth_radius_seed53316291173_target2_sources11_txrx60_ringdown050_objectives/figures/FIGURE_NOTES.md,2484,1892,1334,0.11010124068951971,5,188363
1103,outputs/experiments/1103_coordinate_optimizer_variable_depth_radius_seed53316291173_target2_sources9_txrx60_ringdown050_objectives,outputs/experiments/1103_coordinate_optimizer_variable_depth_radius_seed53316291173_target2_sources9_txrx60_ringdown050_objectives/data/multi_rebar_coordinate_optimizer_summary.json,skipped,existing valid pulse/noise artifacts,outputs/experiments/1103_coordinate_optimizer_variable_depth_radius_seed53316291173_target2_sources9_txrx60_ringdown050_objectives/figures/source_pulse_noise_context.png,outputs/experiments/1103_coordinate_optimizer_variable_depth_radius_seed53316291173_target2_sources9_txrx60_ringdown050_objectives/data/source_pulse_noise_context_summary.json,outputs/experiments/1103_coordinate_optimizer_variable_depth_radius_seed53316291173_target2_sources9_txrx60_ringdown050_objectives/figures/FIGURE_NOTES.md,2484,1892,1334,0.11009062289303101,5,188363
1102,outputs/experiments/1102_coordinate_optimizer_variable_depth_radius_seed53316291173_target2_sources7_txrx60_ringdown050_objectives,outputs/experiments/1102_coordinate_optimizer_variable_depth_radius_seed53316291173_target2_sources7_txrx60_ringdown050_objectives/data/multi_rebar_coordinate_optimizer_summary.json,skipped,existing valid pulse/noise artifacts,outputs/experiments/1102_coordinate_optimizer_variable_depth_radius_seed53316291173_target2_sources7_txrx60_ringdown050_objectives/figures/source_pulse_noise_context.png,outputs/experiments/1102_coordinate_optimizer_variable_depth_radius_seed53316291173_target2_sources7_txrx60_ringdown050_objectives/data/source_pulse_noise_context_summary.json,outputs/experiments/1102_coordinate_optimizer_variable_depth_radius_seed53316291173_target2_sources7_txrx60_ringdown050_objectives/figures/FIGURE_NOTES.md,2484,1892,1334,0.11006938730005363,5,188363
1101,outputs/experiments/1101_coordinate_optimizer_variable_depth_radius_seed53316291173_target2_sources5_txrx60_ringdown050_objectives,outputs/experiments/1101_coordinate_optimizer_variable_depth_radius_seed53316291173_target2_sources5_txrx60_ringdown050_objectives/data/multi_rebar_coordinate_optimizer_summary.json,skipped,existing valid pulse/noise artifacts,outputs/experiments/1101_coordinate_optimizer_variable_depth_radius_seed53316291173_target2_sources5_txrx60_ringdown050_objectives/figures/source_pulse_noise_context.png,outputs/experiments/1101_coordinate_optimizer_variable_depth_radius_seed53316291173_target2_sources5_txrx60_ringdown050_objectives/data/source_pulse_noise_context_summary.json,outputs/experiments/1101_coordinate_optimizer_variable_depth_radius_seed53316291173_target2_sources5_txrx60_ringdown050_objectives/figures/FIGURE_NOTES.md,2484,1892,1334,0.1100322250123432,5,188363
1100,outputs/experiments/1100_coordinate_optimizer_variable_depth_radius_seed53316291173_target0_sources8_txrx60_ringdown050_objectives,outputs/experiments/1100_coordinate_optimizer_variable_depth_radius_seed53316291173_target0_sources8_txrx60_ringdown050_objectives/data/multi_rebar_coordinate_optimizer_summary.json,skipped,existing valid pulse/noise artifacts,outputs/experiments/1100_coordinate_optimizer_variable_depth_radius_seed53316291173_target0_sources8_txrx60_ringdown050_objectives/figures/source_pulse_noise_context.png,outputs/experiments/1100_coordinate_optimizer_variable_depth_radius_seed53316291173_target0_sources8_txrx60_ringdown050_objectives/data/source_pulse_noise_context_summary.json,outputs/experiments/1100_coordinate_optimizer_variable_depth_radius_seed53316291173_target0_sources8_txrx60_ringdown050_objectives/figures/FIGURE_NOTES.md,2484,1892,1334,0.11015963857020752,5,188363
1099,outputs/experiments/1099_coordinate_optimizer_variable_depth_radius_seed32951280099_target1_sources5_txrx60_ringdown050_objectives,outputs/experiments/1099_coordinate_optimizer_variable_depth_radius_seed32951280099_target1_sources5_txrx60_ringdown050_objectives/data/multi_rebar_coordinate_optimizer_summary.json,skipped,existing valid pulse/noise artifacts,outputs/experiments/1099_coordinate_optimizer_variable_depth_radius_seed32951280099_target1_sources5_txrx60_ringdown050_objectives/figures/source_pulse_noise_context.png,outputs/experiments/1099_coordinate_optimizer_variable_depth_radius_seed32951280099_target1_sources5_txrx60_ringdown050_objectives/data/source_pulse_noise_context_summary.json,outputs/experiments/1099_coordinate_optimizer_variable_depth_radius_seed32951280099_target1_sources5_txrx60_ringdown050_objectives/figures/FIGURE_NOTES.md,2484,1892,1330,0.11086041313846137,5,188363
1098,outputs/experiments/1098_coordinate_optimizer_variable_depth_radius_seed32951280099_target2_sources9_txrx60_ringdown050_objectives,outputs/experiments/1098_coordinate_optimizer_variable_depth_radius_seed32951280099_target2_sources9_txrx60_ringdown050_objectives/data/multi_rebar_coordinate_optimizer_summary.json,skipped,existing valid pulse/noise artifacts,outputs/experiments/1098_coordinate_optimizer_variable_depth_radius_seed32951280099_target2_sources9_txrx60_ringdown050_objectives/figures/source_pulse_noise_context.png,outputs/experiments/1098_coordinate_optimizer_variable_depth_radius_seed32951280099_target2_sources9_txrx60_ringdown050_objectives/data/source_pulse_noise_context_summary.json,outputs/experiments/1098_coordinate_optimizer_variable_depth_radius_seed32951280099_target2_sources9_txrx60_ringdown050_objectives/figures/FIGURE_NOTES.md,2484,1892,1330,0.11100375339105875,5,188363
1097,outputs/experiments/1097_coordinate_optimizer_variable_depth_radius_seed32951280099_target2_sources7_txrx60_ringdown050_objectives,outputs/experiments/1097_coordinate_optimizer_variable_depth_radius_seed32951280099_target2_sources7_txrx60_ringdown050_objectives/data/multi_rebar_coordinate_optimizer_summary.json,skipped,existing valid pulse/noise artifacts,outputs/experiments/1097_coordinate_optimizer_variable_depth_radius_seed32951280099_target2_sources7_txrx60_ringdown050_objectives/figures/source_pulse_noise_context.png,outputs/experiments/1097_coordinate_optimizer_variable_depth_radius_seed32951280099_target2_sources7_txrx60_ringdown050_objectives/data/source_pulse_noise_context_summary.json,outputs/experiments/1097_coordinate_optimizer_variable_depth_radius_seed32951280099_target2_sources7_txrx60_ringdown050_objectives/figures/FIGURE_NOTES.md,2484,1892,1330,0.1109984444928144,5,188363
1096,outputs/experiments/1096_coordinate_optimizer_variable_depth_radius_seed32951280099_target2_sources5_txrx60_ringdown050_objectives,outputs/experiments/1096_coordinate_optimizer_variable_depth_radius_seed32951280099_target2_sources5_txrx60_ringdown050_objectives/data/multi_rebar_coordinate_optimizer_summary.json,skipped,existing valid pulse/noise artifacts,outputs/experiments/1096_coordinate_optimizer_variable_depth_radius_seed32951280099_target2_sources5_txrx60_ringdown050_objectives/figures/source_pulse_noise_context.png,outputs/experiments/1096_coordinate_optimizer_variable_depth_radius_seed32951280099_target2_sources5_txrx60_ringdown050_objectives/data/source_pulse_noise_context_summary.json,outputs/experiments/1096_coordinate_optimizer_variable_depth_radius_seed32951280099_target2_sources5_txrx60_ringdown050_objectives/figures/FIGURE_NOTES.md,2484,1892,1330,0.11084448644372834,5,188363
1095,outputs/experiments/1095_coordinate_optimizer_variable_depth_radius_seed32951280099_target0_sources8_txrx60_ringdown050_objectives,outputs/experiments/1095_coordinate_optimizer_variable_depth_radius_seed32951280099_target0_sources8_txrx60_ringdown050_objectives/data/multi_rebar_coordinate_optimizer_summary.json,skipped,existing valid pulse/noise artifacts,outputs/experiments/1095_coordinate_optimizer_variable_depth_radius_seed32951280099_target0_sources8_txrx60_ringdown050_objectives/figures/source_pulse_noise_context.png,outputs/experiments/1095_coordinate_optimizer_variable_depth_radius_seed32951280099_target0_sources8_txrx60_ringdown050_objectives/data/source_pulse_noise_context_summary.json,outputs/experiments/1095_coordinate_optimizer_variable_depth_radius_seed32951280099_target0_sources8_txrx60_ringdown050_objectives/figures/FIGURE_NOTES.md,2484,1892,1330,0.11108869576296831,5,188363
1094,outputs/experiments/1094_coordinate_optimizer_variable_depth_radius_seed20365011074_target1_sources5_txrx60_ringdown050_objectives,outputs/experiments/1094_coordinate_optimizer_variable_depth_radius_seed20365011074_target1_sources5_txrx60_ringdown050_objectives/data/multi_rebar_coordinate_optimizer_summary.json,skipped,existing valid pulse/noise artifacts,outputs/experiments/1094_coordinate_optimizer_variable_depth_radius_seed20365011074_target1_sources5_txrx60_ringdown050_objectives/figures/source_pulse_noise_context.png,outputs/experiments/1094_coordinate_optimizer_variable_depth_radius_seed20365011074_target1_sources5_txrx60_ringdown050_objectives/data/source_pulse_noise_context_summary.json,outputs/experiments/1094_coordinate_optimizer_variable_depth_radius_seed20365011074_target1_sources5_txrx60_ringdown050_objectives/figures/FIGURE_NOTES.md,2484,1892,1337,0.10990481145447885,5,188363
1093,outputs/experiments/1093_coordinate_optimizer_variable_depth_radius_seed20365011074_target2_sources11_txrx60_ringdown050_objectives,outputs/experiments/1093_coordinate_optimizer_variable_depth_radius_seed20365011074_target2_sources11_txrx60_ringdown050_objectives/data/multi_rebar_coordinate_optimizer_summary.json,skipped,existing valid pulse/noise artifacts,outputs/experiments/1093_coordinate_optimizer_variable_depth_radius_seed20365011074_target2_sources11_txrx60_ringdown050_objectives/figures/source_pulse_noise_context.png,outputs/experiments/1093_coordinate_optimizer_variable_depth_radius_seed20365011074_target2_sources11_txrx60_ringdown050_objectives/data/source_pulse_noise_context_summary.json,outputs/experiments/1093_coordinate_optimizer_variable_depth_radius_seed20365011074_target2_sources11_txrx60_ringdown050_objectives/figures/FIGURE_NOTES.md,2484,1892,1337,0.11001629831761014,5,188363
1092,outputs/experiments/1092_coordinate_optimizer_variable_depth_radius_seed20365011074_target2_sources9_txrx60_ringdown050_objectives,outputs/experiments/1092_coordinate_optimizer_variable_depth_radius_seed20365011074_target2_sources9_txrx60_ringdown050_objectives/data/multi_rebar_coordinate_optimizer_summary.json,skipped,existing valid pulse/noise artifacts,outputs/experiments/1092_coordinate_optimizer_variable_depth_radius_seed20365011074_target2_sources9_txrx60_ringdown050_objectives/figures/source_pulse_noise_context.png,outputs/experiments/1092_coordinate_optimizer_variable_depth_radius_seed20365011074_target2_sources9_txrx60_ringdown050_objectives/data/source_pulse_noise_context_summary.json,outputs/experiments/1092_coordinate_optimizer_variable_depth_radius_seed20365011074_target2_sources9_txrx60_ringdown050_objectives/figures/FIGURE_NOTES.md,2484,1892,1337,0.10996320933516668,5,188363
1091,outputs/experiments/1091_coordinate_optimizer_variable_depth_radius_seed20365011074_target2_sources7_txrx60_ringdown050_objectives,outputs/experiments/1091_coordinate_optimizer_variable_depth_radius_seed20365011074_target2_sources7_txrx60_ringdown050_objectives/data/multi_rebar_coordinate_optimizer_summary.json,skipped,existing valid pulse/noise artifacts,outputs/experiments/1091_coordinate_optimizer_variable_depth_radius_seed20365011074_target2_sources7_txrx60_ringdown050_objectives/figures/source_pulse_noise_context.png,outputs/experiments/1091_coordinate_optimizer_variable_depth_radius_seed20365011074_target2_sources7_txrx60_ringdown050_objectives/data/source_pulse_noise_context_summary.json,outputs/experiments/1091_coordinate_optimizer_variable_depth_radius_seed20365011074_target2_sources7_txrx60_ringdown050_objectives/figures/FIGURE_NOTES.md,2484,1892,1337,0.10995259153867798,5,188363
1090,outputs/experiments/1090_coordinate_optimizer_variable_depth_radius_seed20365011074_target2_sources5_txrx60_ringdown050_objectives,outputs/experiments/1090_coordinate_optimizer_variable_depth_radius_seed20365011074_target2_sources5_txrx60_ringdown050_objectives/data/multi_rebar_coordinate_optimizer_summary.json,skipped,existing valid pulse/noise artifacts,outputs/experiments/1090_coordinate_optimizer_variable_depth_radius_seed20365011074_target2_sources5_txrx60_ringdown050_objectives/figures/source_pulse_noise_context.png,outputs/experiments/1090_coordinate_optimizer_variable_depth_radius_seed20365011074_target2_sources5_txrx60_ringdown050_objectives/data/source_pulse_noise_context_summary.json,outputs/experiments/1090_coordinate_optimizer_variable_depth_radius_seed20365011074_target2_sources5_txrx60_ringdown050_objectives/figures/FIGURE_NOTES.md,2484,1892,1337,0.1099207381492119,5,188363
1089,outputs/experiments/1089_coordinate_optimizer_variable_depth_radius_seed20365011074_target0_sources8_txrx60_ringdown050_objectives,outputs/experiments/1089_coordinate_optimizer_variable_depth_radius_seed20365011074_target0_sources8_txrx60_ringdown050_objectives/data/multi_rebar_coordinate_optimizer_summary.json,skipped,existing valid pulse/noise artifacts,outputs/experiments/1089_coordinate_optimizer_variable_depth_radius_seed20365011074_target0_sources8_txrx60_ringdown050_objectives/figures/source_pulse_noise_context.png,outputs/experiments/1089_coordinate_optimizer_variable_depth_radius_seed20365011074_target0_sources8_txrx60_ringdown050_objectives/data/source_pulse_noise_context_summary.json,outputs/experiments/1089_coordinate_optimizer_variable_depth_radius_seed20365011074_target0_sources8_txrx60_ringdown050_objectives/figures/FIGURE_NOTES.md,2484,1892,1337,0.11003753391058753,5,188363
1088,outputs/experiments/1088_coordinate_optimizer_variable_depth_radius_seed12586269025_target1_sources5_txrx60_ringdown050_objectives,outputs/experiments/1088_coordinate_optimizer_variable_depth_radius_seed12586269025_target1_sources5_txrx60_ringdown050_objectives/data/multi_rebar_coordinate_optimizer_summary.json,skipped,existing valid pulse/noise artifacts,outputs/experiments/1088_coordinate_optimizer_variable_depth_radius_seed12586269025_target1_sources5_txrx60_ringdown050_objectives/figures/source_pulse_noise_context.png,outputs/experiments/1088_coordinate_optimizer_variable_depth_radius_seed12586269025_target1_sources5_txrx60_ringdown050_objectives/data/source_pulse_noise_context_summary.json,outputs/experiments/1088_coordinate_optimizer_variable_depth_radius_seed12586269025_target1_sources5_txrx60_ringdown050_objectives/figures/FIGURE_NOTES.md,2484,1892,1300,0.11004284280883188,5,188363
1087,outputs/experiments/1087_coordinate_optimizer_variable_depth_radius_seed12586269025_target2_sources5_txrx60_ringdown050_objectives,outputs/experiments/1087_coordinate_optimizer_variable_depth_radius_seed12586269025_target2_sources5_txrx60_ringdown050_objectives/data/multi_rebar_coordinate_optimizer_summary.json,skipped,existing valid pulse/noise artifacts,outputs/experiments/1087_coordinate_optimizer_variable_depth_radius_seed12586269025_target2_sources5_txrx60_ringdown050_objectives/figures/source_pulse_noise_context.png,outputs/experiments/1087_coordinate_optimizer_variable_depth_radius_seed12586269025_target2_sources5_txrx60_ringdown050_objectives/data/source_pulse_noise_context_summary.json,outputs/experiments/1087_coordinate_optimizer_variable_depth_radius_seed12586269025_target2_sources5_txrx60_ringdown050_objectives/figures/FIGURE_NOTES.md,2484,1892,1300,0.11005346060532058,5,188363
1086,outputs/experiments/1086_coordinate_optimizer_variable_depth_radius_seed12586269025_target0_sources8_txrx60_ringdown050_objectives,outputs/experiments/1086_coordinate_optimizer_variable_depth_radius_seed12586269025_target0_sources8_txrx60_ringdown050_objectives/data/multi_rebar_coordinate_optimizer_summary.json,skipped,existing valid pulse/noise artifacts,outputs/experiments/1086_coordinate_optimizer_variable_depth_radius_seed12586269025_target0_sources8_txrx60_ringdown050_objectives/figures/source_pulse_noise_context.png,outputs/experiments/1086_coordinate_optimizer_variable_depth_radius_seed12586269025_target0_sources8_txrx60_ringdown050_objectives/data/source_pulse_noise_context_summary.json,outputs/experiments/1086_coordinate_optimizer_variable_depth_radius_seed12586269025_target0_sources8_txrx60_ringdown050_objectives/figures/FIGURE_NOTES.md,2484,1892,1300,0.11015432967196317,5,188363
1085,outputs/experiments/1085_coordinate_optimizer_variable_depth_radius_seed7778742049_target1_sources5_txrx60_ringdown050_objectives,outputs/experiments/1085_coordinate_optimizer_variable_depth_radius_seed7778742049_target1_sources5_txrx60_ringdown050_objectives/data/multi_rebar_coordinate_optimizer_summary.json,skipped,existing valid pulse/noise artifacts,outputs/experiments/1085_coordinate_optimizer_variable_depth_radius_seed7778742049_target1_sources5_txrx60_ringdown050_objectives/figures/source_pulse_noise_context.png,outputs/experiments/1085_coordinate_optimizer_variable_depth_radius_seed7778742049_target1_sources5_txrx60_ringdown050_objectives/data/source_pulse_noise_context_summary.json,outputs/experiments/1085_coordinate_optimizer_variable_depth_radius_seed7778742049_target1_sources5_txrx60_ringdown050_objectives/figures/FIGURE_NOTES.md,2484,1892,1358,0.10817411062682161,5,188363
1084,outputs/experiments/1084_coordinate_optimizer_variable_depth_radius_seed7778742049_target2_sources9_txrx60_ringdown050_objectives,outputs/experiments/1084_coordinate_optimizer_variable_depth_radius_seed7778742049_target2_sources9_txrx60_ringdown050_objectives/data/multi_rebar_coordinate_optimizer_summary.json,skipped,existing valid pulse/noise artifacts,outputs/experiments/1084_coordinate_optimizer_variable_depth_radius_seed7778742049_target2_sources9_txrx60_ringdown050_objectives/figures/source_pulse_noise_context.png,outputs/experiments/1084_coordinate_optimizer_variable_depth_radius_seed7778742049_target2_sources9_txrx60_ringdown050_objectives/data/source_pulse_noise_context_summary.json,outputs/experiments/1084_coordinate_optimizer_variable_depth_radius_seed7778742049_target2_sources9_txrx60_ringdown050_objectives/figures/FIGURE_NOTES.md,2484,1892,1358,0.1082059640162877,5,188363
1083,outputs/experiments/1083_coordinate_optimizer_variable_depth_radius_seed7778742049_target2_sources7_txrx60_ringdown050_objectives,outputs/experiments/1083_coordinate_optimizer_variable_depth_radius_seed7778742049_target2_sources7_txrx60_ringdown050_objectives/data/multi_rebar_coordinate_optimizer_summary.json,skipped,existing valid pulse/noise artifacts,outputs/experiments/1083_coordinate_optimizer_variable_depth_radius_seed7778742049_target2_sources7_txrx60_ringdown050_objectives/figures/source_pulse_noise_context.png,outputs/experiments/1083_coordinate_optimizer_variable_depth_radius_seed7778742049_target2_sources7_txrx60_ringdown050_objectives/data/source_pulse_noise_context_summary.json,outputs/experiments/1083_coordinate_optimizer_variable_depth_radius_seed7778742049_target2_sources7_txrx60_ringdown050_objectives/figures/FIGURE_NOTES.md,2484,1892,1358,0.1082165818127764,5,188363
1082,outputs/experiments/1082_coordinate_optimizer_variable_depth_radius_seed7778742049_target2_sources5_txrx60_ringdown050_objectives,outputs/experiments/1082_coordinate_optimizer_variable_depth_radius_seed7778742049_target2_sources5_txrx60_ringdown050_objectives/data/multi_rebar_coordinate_optimizer_summary.json,skipped,existing valid pulse/noise artifacts,outputs/experiments/1082_coordinate_optimizer_variable_depth_radius_seed7778742049_target2_sources5_txrx60_ringdown050_objectives/figures/source_pulse_noise_context.png,outputs/experiments/1082_coordinate_optimizer_variable_depth_radius_seed7778742049_target2_sources5_txrx60_ringdown050_objectives/data/source_pulse_noise_context_summary.json,outputs/experiments/1082_coordinate_optimizer_variable_depth_radius_seed7778742049_target2_sources5_txrx60_ringdown050_objectives/figures/FIGURE_NOTES.md,2484,1892,1358,0.10815818393208858,5,188363
1081,outputs/experiments/1081_coordinate_optimizer_variable_depth_radius_seed7778742049_target0_sources9_txrx60_ringdown050_objectives,outputs/experiments/1081_coordinate_optimizer_variable_depth_radius_seed7778742049_target0_sources9_txrx60_ringdown050_objectives/data/multi_rebar_coordinate_optimizer_summary.json,skipped,existing valid pulse/noise artifacts,outputs/experiments/1081_coordinate_optimizer_variable_depth_radius_seed7778742049_target0_sources9_txrx60_ringdown050_objectives/figures/source_pulse_noise_context.png,outputs/experiments/1081_coordinate_optimizer_variable_depth_radius_seed7778742049_target0_sources9_txrx60_ringdown050_objectives/data/source_pulse_noise_context_summary.json,outputs/experiments/1081_coordinate_optimizer_variable_depth_radius_seed7778742049_target0_sources9_txrx60_ringdown050_objectives/figures/FIGURE_NOTES.md,2484,1892,1358,0.1082059640162877,5,188363
1080,outputs/experiments/1080_coordinate_optimizer_variable_depth_radius_seed7778742049_target0_sources8_txrx52p5_ringdown050_objectives,outputs/experiments/1080_coordinate_optimizer_variable_depth_radius_seed7778742049_target0_sources8_txrx52p5_ringdown050_objectives/data/multi_rebar_coordinate_optimizer_summary.json,skipped,existing valid pulse/noise artifacts,outputs/experiments/1080_coordinate_optimizer_variable_depth_radius_seed7778742049_target0_sources8_txrx52p5_ringdown050_objectives/figures/source_pulse_noise_context.png,outputs/experiments/1080_coordinate_optimizer_variable_depth_radius_seed7778742049_target0_sources8_txrx52p5_ringdown050_objectives/data/source_pulse_noise_context_summary.json,outputs/experiments/1080_coordinate_optimizer_variable_depth_radius_seed7778742049_target0_sources8_txrx52p5_ringdown050_objectives/figures/FIGURE_NOTES.md,2484,1892,1331,0.10817941952506596,5,188363
1079,outputs/experiments/1079_coordinate_optimizer_variable_depth_radius_seed7778742049_target0_sources8_txrx60_ringdown050_objectives,outputs/experiments/1079_coordinate_optimizer_variable_depth_radius_seed7778742049_target0_sources8_txrx60_ringdown050_objectives/data/multi_rebar_coordinate_optimizer_summary.json,skipped,existing valid pulse/noise artifacts,outputs/experiments/1079_coordinate_optimizer_variable_depth_radius_seed7778742049_target0_sources8_txrx60_ringdown050_objectives/figures/source_pulse_noise_context.png,outputs/experiments/1079_coordinate_optimizer_variable_depth_radius_seed7778742049_target0_sources8_txrx60_ringdown050_objectives/data/source_pulse_noise_context_summary.json,outputs/experiments/1079_coordinate_optimizer_variable_depth_radius_seed7778742049_target0_sources8_txrx60_ringdown050_objectives/figures/FIGURE_NOTES.md,2484,1892,1358,0.10830683308293029,5,188363
1078,outputs/experiments/1078_coordinate_optimizer_variable_depth_radius_seed4807526976_target1_sources5_txrx60_ringdown050_objectives,outputs/experiments/1078_coordinate_optimizer_variable_depth_radius_seed4807526976_target1_sources5_txrx60_ringdown050_objectives/data/multi_rebar_coordinate_optimizer_summary.json,skipped,existing valid pulse/noise artifacts,outputs/experiments/1078_coordinate_optimizer_variable_depth_radius_seed4807526976_target1_sources5_txrx60_ringdown050_objectives/figures/source_pulse_noise_context.png,outputs/experiments/1078_coordinate_optimizer_variable_depth_radius_seed4807526976_target1_sources5_txrx60_ringdown050_objectives/data/source_pulse_noise_context_summary.json,outputs/experiments/1078_coordinate_optimizer_variable_depth_radius_seed4807526976_target1_sources5_txrx60_ringdown050_objectives/figures/FIGURE_NOTES.md,2484,1892,1360,0.11365289361498808,5,188363
1077,outputs/experiments/1077_coordinate_optimizer_variable_depth_radius_seed4807526976_target2_sources5_txrx60_ringdown050_objectives,outputs/experiments/1077_coordinate_optimizer_variable_depth_radius_seed4807526976_target2_sources5_txrx60_ringdown050_objectives/data/multi_rebar_coordinate_optimizer_summary.json,skipped,existing valid pulse/noise artifacts,outputs/experiments/1077_coordinate_optimizer_variable_depth_radius_seed4807526976_target2_sources5_txrx60_ringdown050_objectives/figures/source_pulse_noise_context.png,outputs/experiments/1077_coordinate_optimizer_variable_depth_radius_seed4807526976_target2_sources5_txrx60_ringdown050_objectives/data/source_pulse_noise_context_summary.json,outputs/experiments/1077_coordinate_optimizer_variable_depth_radius_seed4807526976_target2_sources5_txrx60_ringdown050_objectives/figures/FIGURE_NOTES.md,2314,1379,1366,0.11123125829140697,4,199755
1076,outputs/experiments/1076_coordinate_optimizer_variable_depth_radius_seed4807526976_target0_sources8_txrx60_ringdown050_objectives,outputs/experiments/1076_coordinate_optimizer_variable_depth_radius_seed4807526976_target0_sources8_txrx60_ringdown050_objectives/data/multi_rebar_coordinate_optimizer_summary.json,skipped,existing valid pulse/noise artifacts,outputs/experiments/1076_coordinate_optimizer_variable_depth_radius_seed4807526976_target0_sources8_txrx60_ringdown050_objectives/figures/source_pulse_noise_context.png,outputs/experiments/1076_coordinate_optimizer_variable_depth_radius_seed4807526976_target0_sources8_txrx60_ringdown050_objectives/data/source_pulse_noise_context_summary.json,outputs/experiments/1076_coordinate_optimizer_variable_depth_radius_seed4807526976_target0_sources8_txrx60_ringdown050_objectives/figures/FIGURE_NOTES.md,2314,1379,1366,0.11134639933919051,4,199755
1075,outputs/experiments/1075_coordinate_optimizer_variable_depth_radius_seed2971215073_target1_sources5_txrx60_ringdown050_objectives,outputs/experiments/1075_coordinate_optimizer_variable_depth_radius_seed2971215073_target1_sources5_txrx60_ringdown050_objectives/data/multi_rebar_coordinate_optimizer_summary.json,skipped,existing valid pulse/noise artifacts,outputs/experiments/1075_coordinate_optimizer_variable_depth_radius_seed2971215073_target1_sources5_txrx60_ringdown050_objectives/figures/source_pulse_noise_context.png,outputs/experiments/1075_coordinate_optimizer_variable_depth_radius_seed2971215073_target1_sources5_txrx60_ringdown050_objectives/data/source_pulse_noise_context_summary.json,outputs/experiments/1075_coordinate_optimizer_variable_depth_radius_seed2971215073_target1_sources5_txrx60_ringdown050_objectives/figures/FIGURE_NOTES.md,2314,1379,1384,0.11178193286776301,4,199755
1074,outputs/experiments/1074_coordinate_optimizer_variable_depth_radius_seed2971215073_target2_sources5_txrx60_ringdown050_objectives,outputs/experiments/1074_coordinate_optimizer_variable_depth_radius_seed2971215073_target2_sources5_txrx60_ringdown050_objectives/data/multi_rebar_coordinate_optimizer_summary.json,skipped,existing valid pulse/noise artifacts,outputs/experiments/1074_coordinate_optimizer_variable_depth_radius_seed2971215073_target2_sources5_txrx60_ringdown050_objectives/figures/source_pulse_noise_context.png,outputs/experiments/1074_coordinate_optimizer_variable_depth_radius_seed2971215073_target2_sources5_txrx60_ringdown050_objectives/data/source_pulse_noise_context_summary.json,outputs/experiments/1074_coordinate_optimizer_variable_depth_radius_seed2971215073_target2_sources5_txrx60_ringdown050_objectives/figures/FIGURE_NOTES.md,2314,1379,1384,0.11180195739781232,4,199755
1073,outputs/experiments/1073_coordinate_optimizer_variable_depth_radius_seed2971215073_target0_sources8_txrx60_ringdown050_objectives,outputs/experiments/1073_coordinate_optimizer_variable_depth_radius_seed2971215073_target0_sources8_txrx60_ringdown050_objectives/data/multi_rebar_coordinate_optimizer_summary.json,skipped,existing valid pulse/noise artifacts,outputs/experiments/1073_coordinate_optimizer_variable_depth_radius_seed2971215073_target0_sources8_txrx60_ringdown050_objectives/figures/source_pulse_noise_context.png,outputs/experiments/1073_coordinate_optimizer_variable_depth_radius_seed2971215073_target0_sources8_txrx60_ringdown050_objectives/data/source_pulse_noise_context_summary.json,outputs/experiments/1073_coordinate_optimizer_variable_depth_radius_seed2971215073_target0_sources8_txrx60_ringdown050_objectives/figures/FIGURE_NOTES.md,2314,1379,1384,0.11190208004805888,4,199755
1072,outputs/experiments/1072_coordinate_optimizer_variable_depth_radius_seed1836311903_target1_sources5_txrx60_ringdown050_objectives,outputs/experiments/1072_coordinate_optimizer_variable_depth_radius_seed1836311903_target1_sources5_txrx60_ringdown050_objectives/data/multi_rebar_coordinate_optimizer_summary.json,skipped,existing valid pulse/noise artifacts,outputs/experiments/1072_coordinate_optimizer_variable_depth_radius_seed1836311903_target1_sources5_txrx60_ringdown050_objectives/figures/source_pulse_noise_context.png,outputs/experiments/1072_coordinate_optimizer_variable_depth_radius_seed1836311903_target1_sources5_txrx60_ringdown050_objectives/data/source_pulse_noise_context_summary.json,outputs/experiments/1072_coordinate_optimizer_variable_depth_radius_seed1836311903_target1_sources5_txrx60_ringdown050_objectives/figures/FIGURE_NOTES.md,2314,1379,1458,0.11580185727516207,4,199755
1071,outputs/experiments/1071_coordinate_optimizer_variable_depth_radius_seed1836311903_target2_sources5_txrx60_ringdown050_objectives,outputs/experiments/1071_coordinate_optimizer_variable_depth_radius_seed1836311903_target2_sources5_txrx60_ringdown050_objectives/data/multi_rebar_coordinate_optimizer_summary.json,skipped,existing valid pulse/noise artifacts,outputs/experiments/1071_coordinate_optimizer_variable_depth_radius_seed1836311903_target2_sources5_txrx60_ringdown050_objectives/figures/source_pulse_noise_context.png,outputs/experiments/1071_coordinate_optimizer_variable_depth_radius_seed1836311903_target2_sources5_txrx60_ringdown050_objectives/data/source_pulse_noise_context_summary.json,outputs/experiments/1071_coordinate_optimizer_variable_depth_radius_seed1836311903_target2_sources5_txrx60_ringdown050_objectives/figures/FIGURE_NOTES.md,2314,1379,1458,0.11582188180521139,4,199755
1070,outputs/experiments/1070_coordinate_optimizer_variable_depth_radius_seed1836311903_target0_sources8_txrx60_ringdown050_objectives,outputs/experiments/1070_coordinate_optimizer_variable_depth_radius_seed1836311903_target0_sources8_txrx60_ringdown050_objectives/data/multi_rebar_coordinate_optimizer_summary.json,skipped,existing valid pulse/noise artifacts,outputs/experiments/1070_coordinate_optimizer_variable_depth_radius_seed1836311903_target0_sources8_txrx60_ringdown050_objectives/figures/source_pulse_noise_context.png,outputs/experiments/1070_coordinate_optimizer_variable_depth_radius_seed1836311903_target0_sources8_txrx60_ringdown050_objectives/data/source_pulse_noise_context_summary.json,outputs/experiments/1070_coordinate_optimizer_variable_depth_radius_seed1836311903_target0_sources8_txrx60_ringdown050_objectives/figures/FIGURE_NOTES.md,2314,1379,1458,0.11589196766038397,4,199755
1069,outputs/experiments/1069_coordinate_optimizer_variable_depth_radius_seed1134903170_target1_sources5_txrx60_ringdown050_objectives,outputs/experiments/1069_coordinate_optimizer_variable_depth_radius_seed1134903170_target1_sources5_txrx60_ringdown050_objectives/data/multi_rebar_coordinate_optimizer_summary.json,skipped,existing valid pulse/noise artifacts,outputs/experiments/1069_coordinate_optimizer_variable_depth_radius_seed1134903170_target1_sources5_txrx60_ringdown050_objectives/figures/source_pulse_noise_context.png,outputs/experiments/1069_coordinate_optimizer_variable_depth_radius_seed1134903170_target1_sources5_txrx60_ringdown050_objectives/data/source_pulse_noise_context_summary.json,outputs/experiments/1069_coordinate_optimizer_variable_depth_radius_seed1134903170_target1_sources5_txrx60_ringdown050_objectives/figures/FIGURE_NOTES.md,2314,1379,1429,0.11792946359290131,4,199755
1068,outputs/experiments/1068_coordinate_optimizer_variable_depth_radius_seed1134903170_target2_sources5_txrx60_ringdown050_objectives,outputs/experiments/1068_coordinate_optimizer_variable_depth_radius_seed1134903170_target2_sources5_txrx60_ringdown050_objectives/data/multi_rebar_coordinate_optimizer_summary.json,skipped,existing valid pulse/noise artifacts,outputs/experiments/1068_coordinate_optimizer_variable_depth_radius_seed1134903170_target2_sources5_txrx60_ringdown050_objectives/figures/source_pulse_noise_context.png,outputs/experiments/1068_coordinate_optimizer_variable_depth_radius_seed1134903170_target2_sources5_txrx60_ringdown050_objectives/data/source_pulse_noise_context_summary.json,outputs/experiments/1068_coordinate_optimizer_variable_depth_radius_seed1134903170_target2_sources5_txrx60_ringdown050_objectives/figures/FIGURE_NOTES.md,2314,1379,1429,0.11794948812295061,4,199755
1067,outputs/experiments/1067_coordinate_optimizer_variable_depth_radius_seed1134903170_target0_sources8_txrx60_ringdown050_objectives,outputs/experiments/1067_coordinate_optimizer_variable_depth_radius_seed1134903170_target0_sources8_txrx60_ringdown050_objectives/data/multi_rebar_coordinate_optimizer_summary.json,skipped,existing valid pulse/noise artifacts,outputs/experiments/1067_coordinate_optimizer_variable_depth_radius_seed1134903170_target0_sources8_txrx60_ringdown050_objectives/figures/source_pulse_noise_context.png,outputs/experiments/1067_coordinate_optimizer_variable_depth_radius_seed1134903170_target0_sources8_txrx60_ringdown050_objectives/data/source_pulse_noise_context_summary.json,outputs/experiments/1067_coordinate_optimizer_variable_depth_radius_seed1134903170_target0_sources8_txrx60_ringdown050_objectives/figures/FIGURE_NOTES.md,2314,1379,1429,0.11806963530324648,4,199755
1066,outputs/experiments/1066_coordinate_optimizer_variable_depth_radius_seed701408733_target1_sources5_txrx60_ringdown050_objectives,outputs/experiments/1066_coordinate_optimizer_variable_depth_radius_seed701408733_target1_sources5_txrx60_ringdown050_objectives/data/multi_rebar_coordinate_optimizer_summary.json,skipped,existing valid pulse/noise artifacts,outputs/experiments/1066_coordinate_optimizer_variable_depth_radius_seed701408733_target1_sources5_txrx60_ringdown050_objectives/figures/source_pulse_noise_context.png,outputs/experiments/1066_coordinate_optimizer_variable_depth_radius_seed701408733_target1_sources5_txrx60_ringdown050_objectives/data/source_pulse_noise_context_summary.json,outputs/experiments/1066_coordinate_optimizer_variable_depth_radius_seed701408733_target1_sources5_txrx60_ringdown050_objectives/figures/FIGURE_NOTES.md,2314,1379,1436,0.11239268103426697,4,199755
1065,outputs/experiments/1065_coordinate_optimizer_variable_depth_radius_seed701408733_target2_sources5_txrx60_ringdown050_objectives,outputs/experiments/1065_coordinate_optimizer_variable_depth_radius_seed701408733_target2_sources5_txrx60_ringdown050_objectives/data/multi_rebar_coordinate_optimizer_summary.json,skipped,existing valid pulse/noise artifacts,outputs/experiments/1065_coordinate_optimizer_variable_depth_radius_seed701408733_target2_sources5_txrx60_ringdown050_objectives/figures/source_pulse_noise_context.png,outputs/experiments/1065_coordinate_optimizer_variable_depth_radius_seed701408733_target2_sources5_txrx60_ringdown050_objectives/data/source_pulse_noise_context_summary.json,outputs/experiments/1065_coordinate_optimizer_variable_depth_radius_seed701408733_target2_sources5_txrx60_ringdown050_objectives/figures/FIGURE_NOTES.md,2314,1379,1436,0.11239768716677931,4,199755
1064,outputs/experiments/1064_coordinate_optimizer_variable_depth_radius_seed701408733_target0_sources8_txrx52p5_ringdown050_objectives,outputs/experiments/1064_coordinate_optimizer_variable_depth_radius_seed701408733_target0_sources8_txrx52p5_ringdown050_objectives/data/multi_rebar_coordinate_optimizer_summary.json,skipped,existing valid pulse/noise artifacts,outputs/experiments/1064_coordinate_optimizer_variable_depth_radius_seed701408733_target0_sources8_txrx52p5_ringdown050_objectives/figures/source_pulse_noise_context.png,outputs/experiments/1064_coordinate_optimizer_variable_depth_radius_seed701408733_target0_sources8_txrx52p5_ringdown050_objectives/data/source_pulse_noise_context_summary.json,outputs/experiments/1064_coordinate_optimizer_variable_depth_radius_seed701408733_target0_sources8_txrx52p5_ringdown050_objectives/figures/FIGURE_NOTES.md,2314,1379,1404,0.12100322895547046,4,199755
1063,outputs/experiments/1063_coordinate_optimizer_variable_depth_radius_seed701408733_target0_sources8_txrx60_ringdown050_objectives,outputs/experiments/1063_coordinate_optimizer_variable_depth_radius_seed701408733_target0_sources8_txrx60_ringdown050_objectives/data/multi_rebar_coordinate_optimizer_summary.json,skipped,existing valid pulse/noise artifacts,outputs/experiments/1063_coordinate_optimizer_variable_depth_radius_seed701408733_target0_sources8_txrx60_ringdown050_objectives/figures/source_pulse_noise_context.png,outputs/experiments/1063_coordinate_optimizer_variable_depth_radius_seed701408733_target0_sources8_txrx60_ringdown050_objectives/data/source_pulse_noise_context_summary.json,outputs/experiments/1063_coordinate_optimizer_variable_depth_radius_seed701408733_target0_sources8_txrx60_ringdown050_objectives/figures/FIGURE_NOTES.md,2314,1379,1436,0.11241771169682861,4,199755
1062,outputs/experiments/1062_coordinate_optimizer_variable_depth_radius_seed433494437_target1_sources5_txrx52p5_ringdown050_objectives,outputs/experiments/1062_coordinate_optimizer_variable_depth_radius_seed433494437_target1_sources5_txrx52p5_ringdown050_objectives/data/multi_rebar_coordinate_optimizer_summary.json,skipped,existing valid pulse/noise artifacts,outputs/experiments/1062_coordinate_optimizer_variable_depth_radius_seed433494437_target1_sources5_txrx52p5_ringdown050_objectives/figures/source_pulse_noise_context.png,outputs/experiments/1062_coordinate_optimizer_variable_depth_radius_seed433494437_target1_sources5_txrx52p5_ringdown050_objectives/data/source_pulse_noise_context_summary.json,outputs/experiments/1062_coordinate_optimizer_variable_depth_radius_seed433494437_target1_sources5_txrx52p5_ringdown050_objectives/figures/FIGURE_NOTES.md,2314,1379,1345,0.12457760756927236,4,199755
1061,outputs/experiments/1061_coordinate_optimizer_variable_depth_radius_seed433494437_target1_sources5_txrx60_ringdown050_objectives,outputs/experiments/1061_coordinate_optimizer_variable_depth_radius_seed433494437_target1_sources5_txrx60_ringdown050_objectives/data/multi_rebar_coordinate_optimizer_summary.json,skipped,existing valid pulse/noise artifacts,outputs/experiments/1061_coordinate_optimizer_variable_depth_radius_seed433494437_target1_sources5_txrx60_ringdown050_objectives/figures/source_pulse_noise_context.png,outputs/experiments/1061_coordinate_optimizer_variable_depth_radius_seed433494437_target1_sources5_txrx60_ringdown050_objectives/data/source_pulse_noise_context_summary.json,outputs/experiments/1061_coordinate_optimizer_variable_depth_radius_seed433494437_target1_sources5_txrx60_ringdown050_objectives/figures/FIGURE_NOTES.md,2314,1379,1388,0.11434507271407474,4,199755
1060,outputs/experiments/1060_coordinate_optimizer_variable_depth_radius_seed433494437_target2_sources5_txrx60_ringdown050_objectives,outputs/experiments/1060_coordinate_optimizer_variable_depth_radius_seed433494437_target2_sources5_txrx60_ringdown050_objectives/data/multi_rebar_coordinate_optimizer_summary.json,skipped,existing valid pulse/noise artifacts,outputs/experiments/1060_coordinate_optimizer_variable_depth_radius_seed433494437_target2_sources5_txrx60_ringdown050_objectives/figures/source_pulse_noise_context.png,outputs/experiments/1060_coordinate_optimizer_variable_depth_radius_seed433494437_target2_sources5_txrx60_ringdown050_objectives/data/source_pulse_noise_context_summary.json,outputs/experiments/1060_coordinate_optimizer_variable_depth_radius_seed433494437_target2_sources5_txrx60_ringdown050_objectives/figures/FIGURE_NOTES.md,2314,1379,1388,0.11435007884658707,4,199755
1059,outputs/experiments/1059_coordinate_optimizer_variable_depth_radius_seed433494437_target0_sources8_txrx60_ringdown050_objectives,outputs/experiments/1059_coordinate_optimizer_variable_depth_radius_seed433494437_target0_sources8_txrx60_ringdown050_objectives/data/multi_rebar_coordinate_optimizer_summary.json,skipped,existing valid pulse/noise artifacts,outputs/experiments/1059_coordinate_optimizer_variable_depth_radius_seed433494437_target0_sources8_txrx60_ringdown050_objectives/figures/source_pulse_noise_context.png,outputs/experiments/1059_coordinate_optimizer_variable_depth_radius_seed433494437_target0_sources8_txrx60_ringdown050_objectives/data/source_pulse_noise_context_summary.json,outputs/experiments/1059_coordinate_optimizer_variable_depth_radius_seed433494437_target0_sources8_txrx60_ringdown050_objectives/figures/FIGURE_NOTES.md,2314,1379,1388,0.1144652198943706,4,199755
1058,outputs/experiments/1058_coordinate_optimizer_variable_depth_radius_seed267914296_target1_sources9_txrx52p5_ringdown050_objectives,outputs/experiments/1058_coordinate_optimizer_variable_depth_radius_seed267914296_target1_sources9_txrx52p5_ringdown050_objectives/data/multi_rebar_coordinate_optimizer_summary.json,skipped,existing valid pulse/noise artifacts,outputs/experiments/1058_coordinate_optimizer_variable_depth_radius_seed267914296_target1_sources9_txrx52p5_ringdown050_objectives/figures/source_pulse_noise_context.png,outputs/experiments/1058_coordinate_optimizer_variable_depth_radius_seed267914296_target1_sources9_txrx52p5_ringdown050_objectives/data/source_pulse_noise_context_summary.json,outputs/experiments/1058_coordinate_optimizer_variable_depth_radius_seed267914296_target1_sources9_txrx52p5_ringdown050_objectives/figures/FIGURE_NOTES.md,2314,1379,1376,0.12620460063577882,4,199755
1057,outputs/experiments/1057_coordinate_optimizer_variable_depth_radius_seed267914296_target1_sources5_txrx52p5_ringdown050_objectives,outputs/experiments/1057_coordinate_optimizer_variable_depth_radius_seed267914296_target1_sources5_txrx52p5_ringdown050_objectives/data/multi_rebar_coordinate_optimizer_summary.json,skipped,existing valid pulse/noise artifacts,outputs/experiments/1057_coordinate_optimizer_variable_depth_radius_seed267914296_target1_sources5_txrx52p5_ringdown050_objectives/figures/source_pulse_noise_context.png,outputs/experiments/1057_coordinate_optimizer_variable_depth_radius_seed267914296_target1_sources5_txrx52p5_ringdown050_objectives/data/source_pulse_noise_context_summary.json,outputs/experiments/1057_coordinate_optimizer_variable_depth_radius_seed267914296_target1_sources5_txrx52p5_ringdown050_objectives/figures/FIGURE_NOTES.md,2314,1379,1376,0.12605942279292132,4,199755
1056,outputs/experiments/1056_coordinate_optimizer_variable_depth_radius_seed267914296_target1_sources5_txrx60_ringdown050_objectives,outputs/experiments/1056_coordinate_optimizer_variable_depth_radius_seed267914296_target1_sources5_txrx60_ringdown050_objectives/data/multi_rebar_coordinate_optimizer_summary.json,skipped,existing valid pulse/noise artifacts,outputs/experiments/1056_coordinate_optimizer_variable_depth_radius_seed267914296_target1_sources5_txrx60_ringdown050_objectives/figures/source_pulse_noise_context.png,outputs/experiments/1056_coordinate_optimizer_variable_depth_radius_seed267914296_target1_sources5_txrx60_ringdown050_objectives/data/source_pulse_noise_context_summary.json,outputs/experiments/1056_coordinate_optimizer_variable_depth_radius_seed267914296_target1_sources5_txrx60_ringdown050_objectives/figures/FIGURE_NOTES.md,2314,1379,1414,0.11597206578058121,4,199755
1055,outputs/experiments/1055_coordinate_optimizer_variable_depth_radius_seed267914296_target2_sources9_txrx60_ringdown050_objectives,outputs/experiments/1055_coordinate_optimizer_variable_depth_radius_seed267914296_target2_sources9_txrx60_ringdown050_objectives/data/multi_rebar_coordinate_optimizer_summary.json,skipped,existing valid pulse/noise artifacts,outputs/experiments/1055_coordinate_optimizer_variable_depth_radius_seed267914296_target2_sources9_txrx60_ringdown050_objectives/figures/source_pulse_noise_context.png,outputs/experiments/1055_coordinate_optimizer_variable_depth_radius_seed267914296_target2_sources9_txrx60_ringdown050_objectives/data/source_pulse_noise_context_summary.json,outputs/experiments/1055_coordinate_optimizer_variable_depth_radius_seed267914296_target2_sources9_txrx60_ringdown050_objectives/figures/FIGURE_NOTES.md,2314,1379,1414,0.11590698605792095,4,199755
1054,outputs/experiments/1054_coordinate_optimizer_variable_depth_radius_seed267914296_target2_sources7_txrx60_ringdown050_objectives,outputs/experiments/1054_coordinate_optimizer_variable_depth_radius_seed267914296_target2_sources7_txrx60_ringdown050_objectives/data/multi_rebar_coordinate_optimizer_summary.json,skipped,existing valid pulse/noise artifacts,outputs/experiments/1054_coordinate_optimizer_variable_depth_radius_seed267914296_target2_sources7_txrx60_ringdown050_objectives/figures/source_pulse_noise_context.png,outputs/experiments/1054_coordinate_optimizer_variable_depth_radius_seed267914296_target2_sources7_txrx60_ringdown050_objectives/data/source_pulse_noise_context_summary.json,outputs/experiments/1054_coordinate_optimizer_variable_depth_radius_seed267914296_target2_sources7_txrx60_ringdown050_objectives/figures/FIGURE_NOTES.md,2314,1379,1414,0.11593201672048259,4,199755
1053,outputs/experiments/1053_coordinate_optimizer_variable_depth_radius_seed267914296_target2_sources5_txrx60_ringdown050_objectives,outputs/experiments/1053_coordinate_optimizer_variable_depth_radius_seed267914296_target2_sources5_txrx60_ringdown050_objectives/data/multi_rebar_coordinate_optimizer_summary.json,skipped,existing valid pulse/noise artifacts,outputs/experiments/1053_coordinate_optimizer_variable_depth_radius_seed267914296_target2_sources5_txrx60_ringdown050_objectives/figures/source_pulse_noise_context.png,outputs/experiments/1053_coordinate_optimizer_variable_depth_radius_seed267914296_target2_sources5_txrx60_ringdown050_objectives/data/source_pulse_noise_context_summary.json,outputs/experiments/1053_coordinate_optimizer_variable_depth_radius_seed267914296_target2_sources5_txrx60_ringdown050_objectives/figures/FIGURE_NOTES.md,2314,1379,1414,0.11597707191309355,4,199755
1052,outputs/experiments/1052_coordinate_optimizer_variable_depth_radius_seed267914296_target0_sources9_txrx60_ringdown050_objectives,outputs/experiments/1052_coordinate_optimizer_variable_depth_radius_seed267914296_target0_sources9_txrx60_ringdown050_objectives/data/multi_rebar_coordinate_optimizer_summary.json,skipped,existing valid pulse/noise artifacts,outputs/experiments/1052_coordinate_optimizer_variable_depth_radius_seed267914296_target0_sources9_txrx60_ringdown050_objectives/figures/source_pulse_noise_context.png,outputs/experiments/1052_coordinate_optimizer_variable_depth_radius_seed267914296_target0_sources9_txrx60_ringdown050_objectives/data/source_pulse_noise_context_summary.json,outputs/experiments/1052_coordinate_optimizer_variable_depth_radius_seed267914296_target0_sources9_txrx60_ringdown050_objectives/figures/FIGURE_NOTES.md,2314,1379,1414,0.1158969737928963,4,199755
1051,outputs/experiments/1051_coordinate_optimizer_variable_depth_radius_seed267914296_target0_sources8_txrx52p5_ringdown050_objectives,outputs/experiments/1051_coordinate_optimizer_variable_depth_radius_seed267914296_target0_sources8_txrx52p5_ringdown050_objectives/data/multi_rebar_coordinate_optimizer_summary.json,skipped,existing valid pulse/noise artifacts,outputs/experiments/1051_coordinate_optimizer_variable_depth_radius_seed267914296_target0_sources8_txrx52p5_ringdown050_objectives/figures/source_pulse_noise_context.png,outputs/experiments/1051_coordinate_optimizer_variable_depth_radius_seed267914296_target0_sources8_txrx52p5_ringdown050_objectives/data/source_pulse_noise_context_summary.json,outputs/experiments/1051_coordinate_optimizer_variable_depth_radius_seed267914296_target0_sources8_txrx52p5_ringdown050_objectives/figures/FIGURE_NOTES.md,2314,1379,1376,0.12622462516582814,4,199755
1050,outputs/experiments/1050_coordinate_optimizer_variable_depth_radius_seed267914296_target0_sources8_txrx60_ringdown050_objectives,outputs/experiments/1050_coordinate_optimizer_variable_depth_radius_seed267914296_target0_sources8_txrx60_ringdown050_objectives/data/multi_rebar_coordinate_optimizer_summary.json,skipped,existing valid pulse/noise artifacts,outputs/experiments/1050_coordinate_optimizer_variable_depth_radius_seed267914296_target0_sources8_txrx60_ringdown050_objectives/figures/source_pulse_noise_context.png,outputs/experiments/1050_coordinate_optimizer_variable_depth_radius_seed267914296_target0_sources8_txrx60_ringdown050_objectives/data/source_pulse_noise_context_summary.json,outputs/experiments/1050_coordinate_optimizer_variable_depth_radius_seed267914296_target0_sources8_txrx60_ringdown050_objectives/figures/FIGURE_NOTES.md,2314,1379,1414,0.11606217616580311,4,199755
1049,outputs/experiments/1049_coordinate_optimizer_variable_depth_radius_seed165580141_target1_sources5_txrx60_ringdown050_objectives,outputs/experiments/1049_coordinate_optimizer_variable_depth_radius_seed165580141_target1_sources5_txrx60_ringdown050_objectives/data/multi_rebar_coordinate_optimizer_summary.json,skipped,existing valid pulse/noise artifacts,outputs/experiments/1049_coordinate_optimizer_variable_depth_radius_seed165580141_target1_sources5_txrx60_ringdown050_objectives/figures/source_pulse_noise_context.png,outputs/experiments/1049_coordinate_optimizer_variable_depth_radius_seed165580141_target1_sources5_txrx60_ringdown050_objectives/data/source_pulse_noise_context_summary.json,outputs/experiments/1049_coordinate_optimizer_variable_depth_radius_seed165580141_target1_sources5_txrx60_ringdown050_objectives/figures/FIGURE_NOTES.md,2314,1379,1421,0.10979950439288128,4,199755
1048,outputs/experiments/1048_coordinate_optimizer_variable_depth_radius_seed165580141_target2_sources5_txrx60_ringdown050_objectives,outputs/experiments/1048_coordinate_optimizer_variable_depth_radius_seed165580141_target2_sources5_txrx60_ringdown050_objectives/data/multi_rebar_coordinate_optimizer_summary.json,skipped,existing valid pulse/noise artifacts,outputs/experiments/1048_coordinate_optimizer_variable_depth_radius_seed165580141_target2_sources5_txrx60_ringdown050_objectives/figures/source_pulse_noise_context.png,outputs/experiments/1048_coordinate_optimizer_variable_depth_radius_seed165580141_target2_sources5_txrx60_ringdown050_objectives/data/source_pulse_noise_context_summary.json,outputs/experiments/1048_coordinate_optimizer_variable_depth_radius_seed165580141_target2_sources5_txrx60_ringdown050_objectives/figures/FIGURE_NOTES.md,2314,1379,1421,0.10980451052539361,4,199755
1047,outputs/experiments/1047_coordinate_optimizer_variable_depth_radius_seed165580141_target0_sources8_txrx60_ringdown050_objectives,outputs/experiments/1047_coordinate_optimizer_variable_depth_radius_seed165580141_target0_sources8_txrx60_ringdown050_objectives/data/multi_rebar_coordinate_optimizer_summary.json,skipped,existing valid pulse/noise artifacts,outputs/experiments/1047_coordinate_optimizer_variable_depth_radius_seed165580141_target0_sources8_txrx60_ringdown050_objectives/figures/source_pulse_noise_context.png,outputs/experiments/1047_coordinate_optimizer_variable_depth_radius_seed165580141_target0_sources8_txrx60_ringdown050_objectives/data/source_pulse_noise_context_summary.json,outputs/experiments/1047_coordinate_optimizer_variable_depth_radius_seed165580141_target0_sources8_txrx60_ringdown050_objectives/figures/FIGURE_NOTES.md,2314,1379,1421,0.10982954118795525,4,199755
1046,outputs/experiments/1046_coordinate_optimizer_variable_depth_radius_seed102334155_target1_sources5_txrx52p5_ringdown050_objectives,outputs/experiments/1046_coordinate_optimizer_variable_depth_radius_seed102334155_target1_sources5_txrx52p5_ringdown050_objectives/data/multi_rebar_coordinate_optimizer_summary.json,skipped,existing valid pulse/noise artifacts,outputs/experiments/1046_coordinate_optimizer_variable_depth_radius_seed102334155_target1_sources5_txrx52p5_ringdown050_objectives/figures/source_pulse_noise_context.png,outputs/experiments/1046_coordinate_optimizer_variable_depth_radius_seed102334155_target1_sources5_txrx52p5_ringdown050_objectives/data/source_pulse_noise_context_summary.json,outputs/experiments/1046_coordinate_optimizer_variable_depth_radius_seed102334155_target1_sources5_txrx52p5_ringdown050_objectives/figures/FIGURE_NOTES.md,2314,1379,1376,0.12241996445645917,4,199755
1045,outputs/experiments/1045_coordinate_optimizer_variable_depth_radius_seed102334155_target1_sources5_txrx60_ringdown050_objectives,outputs/experiments/1045_coordinate_optimizer_variable_depth_radius_seed102334155_target1_sources5_txrx60_ringdown050_objectives/data/multi_rebar_coordinate_optimizer_summary.json,skipped,existing valid pulse/noise artifacts,outputs/experiments/1045_coordinate_optimizer_variable_depth_radius_seed102334155_target1_sources5_txrx60_ringdown050_objectives/figures/source_pulse_noise_context.png,outputs/experiments/1045_coordinate_optimizer_variable_depth_radius_seed102334155_target1_sources5_txrx60_ringdown050_objectives/data/source_pulse_noise_context_summary.json,outputs/experiments/1045_coordinate_optimizer_variable_depth_radius_seed102334155_target1_sources5_txrx60_ringdown050_objectives/figures/FIGURE_NOTES.md,2314,1379,1406,0.11217741733623689,4,199755
1044,outputs/experiments/1044_coordinate_optimizer_variable_depth_radius_seed102334155_target2_sources9_txrx60_ringdown050_objectives,outputs/experiments/1044_coordinate_optimizer_variable_depth_radius_seed102334155_target2_sources9_txrx60_ringdown050_objectives/data/multi_rebar_coordinate_optimizer_summary.json,skipped,existing valid pulse/noise artifacts,outputs/experiments/1044_coordinate_optimizer_variable_depth_radius_seed102334155_target2_sources9_txrx60_ringdown050_objectives/figures/source_pulse_noise_context.png,outputs/experiments/1044_coordinate_optimizer_variable_depth_radius_seed102334155_target2_sources9_txrx60_ringdown050_objectives/data/source_pulse_noise_context_summary.json,outputs/experiments/1044_coordinate_optimizer_variable_depth_radius_seed102334155_target2_sources9_txrx60_ringdown050_objectives/figures/FIGURE_NOTES.md,2314,1379,1406,0.11218742960126155,4,199755
1043,outputs/experiments/1043_coordinate_optimizer_variable_depth_radius_seed102334155_target2_sources7_txrx60_ringdown050_objectives,outputs/experiments/1043_coordinate_optimizer_variable_depth_radius_seed102334155_target2_sources7_txrx60_ringdown050_objectives/data/multi_rebar_coordinate_optimizer_summary.json,skipped,existing valid pulse/noise artifacts,outputs/experiments/1043_coordinate_optimizer_variable_depth_radius_seed102334155_target2_sources7_txrx60_ringdown050_objectives/figures/source_pulse_noise_context.png,outputs/experiments/1043_coordinate_optimizer_variable_depth_radius_seed102334155_target2_sources7_txrx60_ringdown050_objectives/data/source_pulse_noise_context_summary.json,outputs/experiments/1043_coordinate_optimizer_variable_depth_radius_seed102334155_target2_sources7_txrx60_ringdown050_objectives/figures/FIGURE_NOTES.md,2314,1379,1406,0.11219243573377387,4,199755
1042,outputs/experiments/1042_coordinate_optimizer_variable_depth_radius_seed102334155_target2_sources5_txrx60_ringdown050_objectives,outputs/experiments/1042_coordinate_optimizer_variable_depth_radius_seed102334155_target2_sources5_txrx60_ringdown050_objectives/data/multi_rebar_coordinate_optimizer_summary.json,skipped,existing valid pulse/noise artifacts,outputs/experiments/1042_coordinate_optimizer_variable_depth_radius_seed102334155_target2_sources5_txrx60_ringdown050_objectives/figures/source_pulse_noise_context.png,outputs/experiments/1042_coordinate_optimizer_variable_depth_radius_seed102334155_target2_sources5_txrx60_ringdown050_objectives/data/source_pulse_noise_context_summary.json,outputs/experiments/1042_coordinate_optimizer_variable_depth_radius_seed102334155_target2_sources5_txrx60_ringdown050_objectives/figures/FIGURE_NOTES.md,2314,1379,1406,0.11218242346874922,4,199755
1041,outputs/experiments/1041_coordinate_optimizer_variable_depth_radius_seed102334155_target0_sources8_txrx60_ringdown050_objectives,outputs/experiments/1041_coordinate_optimizer_variable_depth_radius_seed102334155_target0_sources8_txrx60_ringdown050_objectives/data/multi_rebar_coordinate_optimizer_summary.json,skipped,existing valid pulse/noise artifacts,outputs/experiments/1041_coordinate_optimizer_variable_depth_radius_seed102334155_target0_sources8_txrx60_ringdown050_objectives/figures/source_pulse_noise_context.png,outputs/experiments/1041_coordinate_optimizer_variable_depth_radius_seed102334155_target0_sources8_txrx60_ringdown050_objectives/data/source_pulse_noise_context_summary.json,outputs/experiments/1041_coordinate_optimizer_variable_depth_radius_seed102334155_target0_sources8_txrx60_ringdown050_objectives/figures/FIGURE_NOTES.md,2314,1379,1406,0.11231758904658207,4,199755
1040,outputs/experiments/1040_coordinate_optimizer_variable_depth_radius_seed63245986_target1_sources5_txrx52p5_ringdown050_objectives,outputs/experiments/1040_coordinate_optimizer_variable_depth_radius_seed63245986_target1_sources5_txrx52p5_ringdown050_objectives/data/multi_rebar_coordinate_optimizer_summary.json,skipped,existing valid pulse/noise artifacts,outputs/experiments/1040_coordinate_optimizer_variable_depth_radius_seed63245986_target1_sources5_txrx52p5_ringdown050_objectives/figures/source_pulse_noise_context.png,outputs/experiments/1040_coordinate_optimizer_variable_depth_radius_seed63245986_target1_sources5_txrx52p5_ringdown050_objectives/data/source_pulse_noise_context_summary.json,outputs/experiments/1040_coordinate_optimizer_variable_depth_radius_seed63245986_target1_sources5_txrx52p5_ringdown050_objectives/figures/FIGURE_NOTES.md,2314,1379,1423,0.11162173662736853,4,199755
1039,outputs/experiments/1039_coordinate_optimizer_variable_depth_radius_seed63245986_target1_sources5_txrx60_ringdown050_objectives,outputs/experiments/1039_coordinate_optimizer_variable_depth_radius_seed63245986_target1_sources5_txrx60_ringdown050_objectives/data/multi_rebar_coordinate_optimizer_summary.json,skipped,existing valid pulse/noise artifacts,outputs/experiments/1039_coordinate_optimizer_variable_depth_radius_seed63245986_target1_sources5_txrx60_ringdown050_objectives/figures/source_pulse_noise_context.png,outputs/experiments/1039_coordinate_optimizer_variable_depth_radius_seed63245986_target1_sources5_txrx60_ringdown050_objectives/data/source_pulse_noise_context_summary.json,outputs/experiments/1039_coordinate_optimizer_variable_depth_radius_seed63245986_target1_sources5_txrx60_ringdown050_objectives/figures/FIGURE_NOTES.md,2314,1379,1424,0.11133638707416585,4,199755
1038,outputs/experiments/1038_coordinate_optimizer_variable_depth_radius_seed63245986_target2_sources5_txrx60_ringdown050_objectives,outputs/experiments/1038_coordinate_optimizer_variable_depth_radius_seed63245986_target2_sources5_txrx60_ringdown050_objectives/data/multi_rebar_coordinate_optimizer_summary.json,skipped,existing valid pulse/noise artifacts,outputs/experiments/1038_coordinate_optimizer_variable_depth_radius_seed63245986_target2_sources5_txrx60_ringdown050_objectives/figures/source_pulse_noise_context.png,outputs/experiments/1038_coordinate_optimizer_variable_depth_radius_seed63245986_target2_sources5_txrx60_ringdown050_objectives/data/source_pulse_noise_context_summary.json,outputs/experiments/1038_coordinate_optimizer_variable_depth_radius_seed63245986_target2_sources5_txrx60_ringdown050_objectives/figures/FIGURE_NOTES.md,2314,1379,1424,0.11133638707416585,4,199755
1037,outputs/experiments/1037_coordinate_optimizer_variable_depth_radius_seed63245986_target0_sources8_txrx60_ringdown050_objectives,outputs/experiments/1037_coordinate_optimizer_variable_depth_radius_seed63245986_target0_sources8_txrx60_ringdown050_objectives/data/multi_rebar_coordinate_optimizer_summary.json,skipped,existing valid pulse/noise artifacts,outputs/experiments/1037_coordinate_optimizer_variable_depth_radius_seed63245986_target0_sources8_txrx60_ringdown050_objectives/figures/source_pulse_noise_context.png,outputs/experiments/1037_coordinate_optimizer_variable_depth_radius_seed63245986_target0_sources8_txrx60_ringdown050_objectives/data/source_pulse_noise_context_summary.json,outputs/experiments/1037_coordinate_optimizer_variable_depth_radius_seed63245986_target0_sources8_txrx60_ringdown050_objectives/figures/FIGURE_NOTES.md,2314,1379,1423,0.11137143000175215,4,199755
1036,outputs/experiments/1036_coordinate_optimizer_variable_depth_radius_seed39088169_target1_sources5_txrx60_ringdown050_objectives,outputs/experiments/1036_coordinate_optimizer_variable_depth_radius_seed39088169_target1_sources5_txrx60_ringdown050_objectives/data/multi_rebar_coordinate_optimizer_summary.json,skipped,existing valid pulse/noise artifacts,outputs/experiments/1036_coordinate_optimizer_variable_depth_radius_seed39088169_target1_sources5_txrx60_ringdown050_objectives/figures/source_pulse_noise_context.png,outputs/experiments/1036_coordinate_optimizer_variable_depth_radius_seed39088169_target1_sources5_txrx60_ringdown050_objectives/data/source_pulse_noise_context_summary.json,outputs/experiments/1036_coordinate_optimizer_variable_depth_radius_seed39088169_target1_sources5_txrx60_ringdown050_objectives/figures/FIGURE_NOTES.md,2314,1379,1417,0.11397962504067483,4,199755
1035,outputs/experiments/1035_coordinate_optimizer_variable_depth_radius_seed39088169_target2_sources5_txrx60_ringdown050_objectives,outputs/experiments/1035_coordinate_optimizer_variable_depth_radius_seed39088169_target2_sources5_txrx60_ringdown050_objectives/data/multi_rebar_coordinate_optimizer_summary.json,skipped,existing valid pulse/noise artifacts,outputs/experiments/1035_coordinate_optimizer_variable_depth_radius_seed39088169_target2_sources5_txrx60_ringdown050_objectives/figures/source_pulse_noise_context.png,outputs/experiments/1035_coordinate_optimizer_variable_depth_radius_seed39088169_target2_sources5_txrx60_ringdown050_objectives/data/source_pulse_noise_context_summary.json,outputs/experiments/1035_coordinate_optimizer_variable_depth_radius_seed39088169_target2_sources5_txrx60_ringdown050_objectives/figures/FIGURE_NOTES.md,2314,1379,1417,0.11400465570323647,4,199755
1034,outputs/experiments/1034_coordinate_optimizer_variable_depth_radius_seed39088169_target0_sources8_txrx60_ringdown050_objectives,outputs/experiments/1034_coordinate_optimizer_variable_depth_radius_seed39088169_target0_sources8_txrx60_ringdown050_objectives/data/multi_rebar_coordinate_optimizer_summary.json,skipped,existing valid pulse/noise artifacts,outputs/experiments/1034_coordinate_optimizer_variable_depth_radius_seed39088169_target0_sources8_txrx60_ringdown050_objectives/figures/source_pulse_noise_context.png,outputs/experiments/1034_coordinate_optimizer_variable_depth_radius_seed39088169_target0_sources8_txrx60_ringdown050_objectives/data/source_pulse_noise_context_summary.json,outputs/experiments/1034_coordinate_optimizer_variable_depth_radius_seed39088169_target0_sources8_txrx60_ringdown050_objectives/figures/FIGURE_NOTES.md,2314,1379,1417,0.11409476608845837,4,199755
1033,outputs/experiments/1033_coordinate_optimizer_variable_depth_radius_seed24157817_target1_sources5_txrx52p5_ringdown050_objectives,outputs/experiments/1033_coordinate_optimizer_variable_depth_radius_seed24157817_target1_sources5_txrx52p5_ringdown050_objectives/data/multi_rebar_coordinate_optimizer_summary.json,skipped,existing valid pulse/noise artifacts,outputs/experiments/1033_coordinate_optimizer_variable_depth_radius_seed24157817_target1_sources5_txrx52p5_ringdown050_objectives/figures/source_pulse_noise_context.png,outputs/experiments/1033_coordinate_optimizer_variable_depth_radius_seed24157817_target1_sources5_txrx52p5_ringdown050_objectives/data/source_pulse_noise_context_summary.json,outputs/experiments/1033_coordinate_optimizer_variable_depth_radius_seed24157817_target1_sources5_txrx52p5_ringdown050_objectives/figures/FIGURE_NOTES.md,2314,1379,1401,0.107426597582038,4,199755
1032,outputs/experiments/1032_coordinate_optimizer_variable_depth_radius_seed24157817_target1_sources5_txrx60_ringdown050_objectives,outputs/experiments/1032_coordinate_optimizer_variable_depth_radius_seed24157817_target1_sources5_txrx60_ringdown050_objectives/data/multi_rebar_coordinate_optimizer_summary.json,skipped,existing valid pulse/noise artifacts,outputs/experiments/1032_coordinate_optimizer_variable_depth_radius_seed24157817_target1_sources5_txrx60_ringdown050_objectives/figures/source_pulse_noise_context.png,outputs/experiments/1032_coordinate_optimizer_variable_depth_radius_seed24157817_target1_sources5_txrx60_ringdown050_objectives/data/source_pulse_noise_context_summary.json,outputs/experiments/1032_coordinate_optimizer_variable_depth_radius_seed24157817_target1_sources5_txrx60_ringdown050_objectives/figures/FIGURE_NOTES.md,2314,1379,1400,0.107136241896323,4,199755
1031,outputs/experiments/1031_coordinate_optimizer_variable_depth_radius_seed24157817_target2_sources5_txrx60_ringdown050_objectives,outputs/experiments/1031_coordinate_optimizer_variable_depth_radius_seed24157817_target2_sources5_txrx60_ringdown050_objectives/data/multi_rebar_coordinate_optimizer_summary.json,skipped,existing valid pulse/noise artifacts,outputs/experiments/1031_coordinate_optimizer_variable_depth_radius_seed24157817_target2_sources5_txrx60_ringdown050_objectives/figures/source_pulse_noise_context.png,outputs/experiments/1031_coordinate_optimizer_variable_depth_radius_seed24157817_target2_sources5_txrx60_ringdown050_objectives/data/source_pulse_noise_context_summary.json,outputs/experiments/1031_coordinate_optimizer_variable_depth_radius_seed24157817_target2_sources5_txrx60_ringdown050_objectives/figures/FIGURE_NOTES.md,2314,1379,1400,0.10716127255888463,4,199755
1030,outputs/experiments/1030_coordinate_optimizer_variable_depth_radius_seed24157817_target0_sources8_txrx60_ringdown050_objectives,outputs/experiments/1030_coordinate_optimizer_variable_depth_radius_seed24157817_target0_sources8_txrx60_ringdown050_objectives/data/multi_rebar_coordinate_optimizer_summary.json,skipped,existing valid pulse/noise artifacts,outputs/experiments/1030_coordinate_optimizer_variable_depth_radius_seed24157817_target0_sources8_txrx60_ringdown050_objectives/figures/source_pulse_noise_context.png,outputs/experiments/1030_coordinate_optimizer_variable_depth_radius_seed24157817_target0_sources8_txrx60_ringdown050_objectives/data/source_pulse_noise_context_summary.json,outputs/experiments/1030_coordinate_optimizer_variable_depth_radius_seed24157817_target0_sources8_txrx60_ringdown050_objectives/figures/FIGURE_NOTES.md,2314,1379,1400,0.10726640134164352,4,199755
1029,outputs/experiments/1029_coordinate_optimizer_variable_depth_radius_seed14930352_target1_sources5_txrx60_ringdown050_objectives,outputs/experiments/1029_coordinate_optimizer_variable_depth_radius_seed14930352_target1_sources5_txrx60_ringdown050_objectives/data/multi_rebar_coordinate_optimizer_summary.json,skipped,existing valid pulse/noise artifacts,outputs/experiments/1029_coordinate_optimizer_variable_depth_radius_seed14930352_target1_sources5_txrx60_ringdown050_objectives/figures/source_pulse_noise_context.png,outputs/experiments/1029_coordinate_optimizer_variable_depth_radius_seed14930352_target1_sources5_txrx60_ringdown050_objectives/data/source_pulse_noise_context_summary.json,outputs/experiments/1029_coordinate_optimizer_variable_depth_radius_seed14930352_target1_sources5_txrx60_ringdown050_objectives/figures/FIGURE_NOTES.md,2314,1379,1466,0.11918600285349554,4,199755
1028,outputs/experiments/1028_coordinate_optimizer_variable_depth_radius_seed14930352_target2_sources7_txrx60_ringdown050_objectives,outputs/experiments/1028_coordinate_optimizer_variable_depth_radius_seed14930352_target2_sources7_txrx60_ringdown050_objectives/data/multi_rebar_coordinate_optimizer_summary.json,skipped,existing valid pulse/noise artifacts,outputs/experiments/1028_coordinate_optimizer_variable_depth_radius_seed14930352_target2_sources7_txrx60_ringdown050_objectives/figures/source_pulse_noise_context.png,outputs/experiments/1028_coordinate_optimizer_variable_depth_radius_seed14930352_target2_sources7_txrx60_ringdown050_objectives/data/source_pulse_noise_context_summary.json,outputs/experiments/1028_coordinate_optimizer_variable_depth_radius_seed14930352_target2_sources7_txrx60_ringdown050_objectives/figures/FIGURE_NOTES.md,2314,1379,1466,0.1192160396485695,4,199755
1027,outputs/experiments/1027_coordinate_optimizer_variable_depth_radius_seed14930352_target2_sources5_txrx60_ringdown050_objectives,outputs/experiments/1027_coordinate_optimizer_variable_depth_radius_seed14930352_target2_sources5_txrx60_ringdown050_objectives/data/multi_rebar_coordinate_optimizer_summary.json,skipped,existing valid pulse/noise artifacts,outputs/experiments/1027_coordinate_optimizer_variable_depth_radius_seed14930352_target2_sources5_txrx60_ringdown050_objectives/figures/source_pulse_noise_context.png,outputs/experiments/1027_coordinate_optimizer_variable_depth_radius_seed14930352_target2_sources5_txrx60_ringdown050_objectives/data/source_pulse_noise_context_summary.json,outputs/experiments/1027_coordinate_optimizer_variable_depth_radius_seed14930352_target2_sources5_txrx60_ringdown050_objectives/figures/FIGURE_NOTES.md,2314,1379,1466,0.11921103351605716,4,199755
1026,outputs/experiments/1026_coordinate_optimizer_variable_depth_radius_seed14930352_target0_sources11_txrx60_ringdown050_objectives,outputs/experiments/1026_coordinate_optimizer_variable_depth_radius_seed14930352_target0_sources11_txrx60_ringdown050_objectives/data/multi_rebar_coordinate_optimizer_summary.json,skipped,existing valid pulse/noise artifacts,outputs/experiments/1026_coordinate_optimizer_variable_depth_radius_seed14930352_target0_sources11_txrx60_ringdown050_objectives/figures/source_pulse_noise_context.png,outputs/experiments/1026_coordinate_optimizer_variable_depth_radius_seed14930352_target0_sources11_txrx60_ringdown050_objectives/data/source_pulse_noise_context_summary.json,outputs/experiments/1026_coordinate_optimizer_variable_depth_radius_seed14930352_target0_sources11_txrx60_ringdown050_objectives/figures/FIGURE_NOTES.md,2314,1379,1467,0.11934619909389002,4,199755
1025,outputs/experiments/1025_coordinate_optimizer_variable_depth_radius_seed14930352_target0_sources9_txrx60_ringdown050_objectives,outputs/experiments/1025_coordinate_optimizer_variable_depth_radius_seed14930352_target0_sources9_txrx60_ringdown050_objectives/data/multi_rebar_coordinate_optimizer_summary.json,skipped,existing valid pulse/noise artifacts,outputs/experiments/1025_coordinate_optimizer_variable_depth_radius_seed14930352_target0_sources9_txrx60_ringdown050_objectives/figures/source_pulse_noise_context.png,outputs/experiments/1025_coordinate_optimizer_variable_depth_radius_seed14930352_target0_sources9_txrx60_ringdown050_objectives/data/source_pulse_noise_context_summary.json,outputs/experiments/1025_coordinate_optimizer_variable_depth_radius_seed14930352_target0_sources9_txrx60_ringdown050_objectives/figures/FIGURE_NOTES.md,2314,1379,1467,0.11924107031113114,4,199755
1024,outputs/experiments/1024_coordinate_optimizer_variable_depth_radius_seed14930352_target0_sources8_txrx52p5_ringdown050_objectives,outputs/experiments/1024_coordinate_optimizer_variable_depth_radius_seed14930352_target0_sources8_txrx52p5_ringdown050_objectives/data/multi_rebar_coordinate_optimizer_summary.json,skipped,existing valid pulse/noise artifacts,outputs/experiments/1024_coordinate_optimizer_variable_depth_radius_seed14930352_target0_sources8_txrx52p5_ringdown050_objectives/figures/source_pulse_noise_context.png,outputs/experiments/1024_coordinate_optimizer_variable_depth_radius_seed14930352_target0_sources8_txrx52p5_ringdown050_objectives/data/source_pulse_noise_context_summary.json,outputs/experiments/1024_coordinate_optimizer_variable_depth_radius_seed14930352_target0_sources8_txrx52p5_ringdown050_objectives/figures/FIGURE_NOTES.md,2314,1379,1467,0.11963655477960501,4,199755
1023,outputs/experiments/1023_coordinate_optimizer_variable_depth_radius_seed14930352_target0_sources8_txrx60_ringdown050_objectives,outputs/experiments/1023_coordinate_optimizer_variable_depth_radius_seed14930352_target0_sources8_txrx60_ringdown050_objectives/data/multi_rebar_coordinate_optimizer_summary.json,skipped,existing valid pulse/noise artifacts,outputs/experiments/1023_coordinate_optimizer_variable_depth_radius_seed14930352_target0_sources8_txrx60_ringdown050_objectives/figures/source_pulse_noise_context.png,outputs/experiments/1023_coordinate_optimizer_variable_depth_radius_seed14930352_target0_sources8_txrx60_ringdown050_objectives/data/source_pulse_noise_context_summary.json,outputs/experiments/1023_coordinate_optimizer_variable_depth_radius_seed14930352_target0_sources8_txrx60_ringdown050_objectives/figures/FIGURE_NOTES.md,2314,1379,1466,0.11933118069635303,4,199755
1022,outputs/experiments/1022_coordinate_optimizer_variable_depth_radius_seed9227465_target1_sources5_txrx52p5_ringdown050_objectives,outputs/experiments/1022_coordinate_optimizer_variable_depth_radius_seed9227465_target1_sources5_txrx52p5_ringdown050_objectives/data/multi_rebar_coordinate_optimizer_summary.json,skipped,existing valid pulse/noise artifacts,outputs/experiments/1022_coordinate_optimizer_variable_depth_radius_seed9227465_target1_sources5_txrx52p5_ringdown050_objectives/figures/source_pulse_noise_context.png,outputs/experiments/1022_coordinate_optimizer_variable_depth_radius_seed9227465_target1_sources5_txrx52p5_ringdown050_objectives/data/source_pulse_noise_context_summary.json,outputs/experiments/1022_coordinate_optimizer_variable_depth_radius_seed9227465_target1_sources5_txrx52p5_ringdown050_objectives/figures/FIGURE_NOTES.md,2314,1379,1414,0.10968436334509775,4,199755
1021,outputs/experiments/1021_coordinate_optimizer_variable_depth_radius_seed9227465_target1_sources5_txrx60_ringdown050_objectives,outputs/experiments/1021_coordinate_optimizer_variable_depth_radius_seed9227465_target1_sources5_txrx60_ringdown050_objectives/data/multi_rebar_coordinate_optimizer_summary.json,skipped,existing valid pulse/noise artifacts,outputs/experiments/1021_coordinate_optimizer_variable_depth_radius_seed9227465_target1_sources5_txrx60_ringdown050_objectives/figures/source_pulse_noise_context.png,outputs/experiments/1021_coordinate_optimizer_variable_depth_radius_seed9227465_target1_sources5_txrx60_ringdown050_objectives/data/source_pulse_noise_context_summary.json,outputs/experiments/1021_coordinate_optimizer_variable_depth_radius_seed9227465_target1_sources5_txrx60_ringdown050_objectives/figures/FIGURE_NOTES.md,2314,1379,1414,0.10940902605691973,4,199755
1020,outputs/experiments/1020_coordinate_optimizer_variable_depth_radius_seed9227465_target2_sources5_txrx60_ringdown050_objectives,outputs/experiments/1020_coordinate_optimizer_variable_depth_radius_seed9227465_target2_sources5_txrx60_ringdown050_objectives/data/multi_rebar_coordinate_optimizer_summary.json,skipped,existing valid pulse/noise artifacts,outputs/experiments/1020_coordinate_optimizer_variable_depth_radius_seed9227465_target2_sources5_txrx60_ringdown050_objectives/figures/source_pulse_noise_context.png,outputs/experiments/1020_coordinate_optimizer_variable_depth_radius_seed9227465_target2_sources5_txrx60_ringdown050_objectives/data/source_pulse_noise_context_summary.json,outputs/experiments/1020_coordinate_optimizer_variable_depth_radius_seed9227465_target2_sources5_txrx60_ringdown050_objectives/figures/FIGURE_NOTES.md,2314,1379,1414,0.10941403218943205,4,199755
1019,outputs/experiments/1019_coordinate_optimizer_variable_depth_radius_seed9227465_target0_sources8_txrx60_ringdown050_objectives,outputs/experiments/1019_coordinate_optimizer_variable_depth_radius_seed9227465_target0_sources8_txrx60_ringdown050_objectives/data/multi_rebar_coordinate_optimizer_summary.json,skipped,existing valid pulse/noise artifacts,outputs/experiments/1019_coordinate_optimizer_variable_depth_radius_seed9227465_target0_sources8_txrx60_ringdown050_objectives/figures/source_pulse_noise_context.png,outputs/experiments/1019_coordinate_optimizer_variable_depth_radius_seed9227465_target0_sources8_txrx60_ringdown050_objectives/data/source_pulse_noise_context_summary.json,outputs/experiments/1019_coordinate_optimizer_variable_depth_radius_seed9227465_target0_sources8_txrx60_ringdown050_objectives/figures/FIGURE_NOTES.md,2314,1379,1414,0.10947911191209231,4,199755
1018,outputs/experiments/1018_coordinate_optimizer_variable_depth_radius_seed5702887_target1_sources5_txrx60_ringdown050_objectives,outputs/experiments/1018_coordinate_optimizer_variable_depth_radius_seed5702887_target1_sources5_txrx60_ringdown050_objectives/data/multi_rebar_coordinate_optimizer_summary.json,skipped,existing valid pulse/noise artifacts,outputs/experiments/1018_coordinate_optimizer_variable_depth_radius_seed5702887_target1_sources5_txrx60_ringdown050_objectives/figures/source_pulse_noise_context.png,outputs/experiments/1018_coordinate_optimizer_variable_depth_radius_seed5702887_target1_sources5_txrx60_ringdown050_objectives/data/source_pulse_noise_context_summary.json,outputs/experiments/1018_coordinate_optimizer_variable_depth_radius_seed5702887_target1_sources5_txrx60_ringdown050_objectives/figures/FIGURE_NOTES.md,2314,1379,1409,0.11423493779880353,4,199755
1017,outputs/experiments/1017_coordinate_optimizer_variable_depth_radius_seed5702887_target2_sources11_txrx60_ringdown050_objectives,outputs/experiments/1017_coordinate_optimizer_variable_depth_radius_seed5702887_target2_sources11_txrx60_ringdown050_objectives/data/multi_rebar_coordinate_optimizer_summary.json,skipped,existing valid pulse/noise artifacts,outputs/experiments/1017_coordinate_optimizer_variable_depth_radius_seed5702887_target2_sources11_txrx60_ringdown050_objectives/figures/source_pulse_noise_context.png,outputs/experiments/1017_coordinate_optimizer_variable_depth_radius_seed5702887_target2_sources11_txrx60_ringdown050_objectives/data/source_pulse_noise_context_summary.json,outputs/experiments/1017_coordinate_optimizer_variable_depth_radius_seed5702887_target2_sources11_txrx60_ringdown050_objectives/figures/FIGURE_NOTES.md,2314,1379,1408,0.11427498685890215,4,199755
1016,outputs/experiments/1016_coordinate_optimizer_variable_depth_radius_seed5702887_target2_sources9_txrx65_ringdown050_objectives,outputs/experiments/1016_coordinate_optimizer_variable_depth_radius_seed5702887_target2_sources9_txrx65_ringdown050_objectives/data/multi_rebar_coordinate_optimizer_summary.json,skipped,existing valid pulse/noise artifacts,outputs/experiments/1016_coordinate_optimizer_variable_depth_radius_seed5702887_target2_sources9_txrx65_ringdown050_objectives/figures/source_pulse_noise_context.png,outputs/experiments/1016_coordinate_optimizer_variable_depth_radius_seed5702887_target2_sources9_txrx65_ringdown050_objectives/data/source_pulse_noise_context_summary.json,outputs/experiments/1016_coordinate_optimizer_variable_depth_radius_seed5702887_target2_sources9_txrx65_ringdown050_objectives/figures/FIGURE_NOTES.md,2314,1379,1409,0.11430502365397611,4,199755
1015,outputs/experiments/1015_coordinate_optimizer_variable_depth_radius_seed5702887_target2_sources9_txrx45_ringdown050_objectives,outputs/experiments/1015_coordinate_optimizer_variable_depth_radius_seed5702887_target2_sources9_txrx45_ringdown050_objectives/data/multi_rebar_coordinate_optimizer_summary.json,skipped,existing valid pulse/noise artifacts,outputs/experiments/1015_coordinate_optimizer_variable_depth_radius_seed5702887_target2_sources9_txrx45_ringdown050_objectives/figures/source_pulse_noise_context.png,outputs/experiments/1015_coordinate_optimizer_variable_depth_radius_seed5702887_target2_sources9_txrx45_ringdown050_objectives/data/source_pulse_noise_context_summary.json,outputs/experiments/1015_coordinate_optimizer_variable_depth_radius_seed5702887_target2_sources9_txrx45_ringdown050_objectives/figures/FIGURE_NOTES.md,2314,1379,1409,0.1142649745938775,4,199755
1014,outputs/experiments/1014_coordinate_optimizer_variable_depth_radius_seed5702887_target2_sources9_txrx60_ringdown050_objectives,outputs/experiments/1014_coordinate_optimizer_variable_depth_radius_seed5702887_target2_sources9_txrx60_ringdown050_objectives/data/multi_rebar_coordinate_optimizer_summary.json,skipped,existing valid pulse/noise artifacts,outputs/experiments/1014_coordinate_optimizer_variable_depth_radius_seed5702887_target2_sources9_txrx60_ringdown050_objectives/figures/source_pulse_noise_context.png,outputs/experiments/1014_coordinate_optimizer_variable_depth_radius_seed5702887_target2_sources9_txrx60_ringdown050_objectives/data/source_pulse_noise_context_summary.json,outputs/experiments/1014_coordinate_optimizer_variable_depth_radius_seed5702887_target2_sources9_txrx60_ringdown050_objectives/figures/FIGURE_NOTES.md,2314,1379,1409,0.11420490100372957,4,199755
1013,outputs/experiments/1013_coordinate_optimizer_variable_depth_radius_seed5702887_target2_sources7_txrx60_ringdown050_objectives,outputs/experiments/1013_coordinate_optimizer_variable_depth_radius_seed5702887_target2_sources7_txrx60_ringdown050_objectives/data/multi_rebar_coordinate_optimizer_summary.json,skipped,existing valid pulse/noise artifacts,outputs/experiments/1013_coordinate_optimizer_variable_depth_radius_seed5702887_target2_sources7_txrx60_ringdown050_objectives/figures/source_pulse_noise_context.png,outputs/experiments/1013_coordinate_optimizer_variable_depth_radius_seed5702887_target2_sources7_txrx60_ringdown050_objectives/data/source_pulse_noise_context_summary.json,outputs/experiments/1013_coordinate_optimizer_variable_depth_radius_seed5702887_target2_sources7_txrx60_ringdown050_objectives/figures/FIGURE_NOTES.md,2314,1379,1409,0.11420990713624189,4,199755
1012,outputs/experiments/1012_coordinate_optimizer_variable_depth_radius_seed5702887_target2_sources5_txrx60_ringdown050_objectives,outputs/experiments/1012_coordinate_optimizer_variable_depth_radius_seed5702887_target2_sources5_txrx60_ringdown050_objectives/data/multi_rebar_coordinate_optimizer_summary.json,skipped,existing valid pulse/noise artifacts,outputs/experiments/1012_coordinate_optimizer_variable_depth_radius_seed5702887_target2_sources5_txrx60_ringdown050_objectives/figures/source_pulse_noise_context.png,outputs/experiments/1012_coordinate_optimizer_variable_depth_radius_seed5702887_target2_sources5_txrx60_ringdown050_objectives/data/source_pulse_noise_context_summary.json,outputs/experiments/1012_coordinate_optimizer_variable_depth_radius_seed5702887_target2_sources5_txrx60_ringdown050_objectives/figures/FIGURE_NOTES.md,2314,1379,1409,0.11423994393131587,4,199755
1011,outputs/experiments/1011_coordinate_optimizer_variable_depth_radius_seed5702887_target0_sources8_txrx45_ringdown050_objectives,outputs/experiments/1011_coordinate_optimizer_variable_depth_radius_seed5702887_target0_sources8_txrx45_ringdown050_objectives/data/multi_rebar_coordinate_optimizer_summary.json,skipped,existing valid pulse/noise artifacts,outputs/experiments/1011_coordinate_optimizer_variable_depth_radius_seed5702887_target0_sources8_txrx45_ringdown050_objectives/figures/source_pulse_noise_context.png,outputs/experiments/1011_coordinate_optimizer_variable_depth_radius_seed5702887_target0_sources8_txrx45_ringdown050_objectives/data/source_pulse_noise_context_summary.json,outputs/experiments/1011_coordinate_optimizer_variable_depth_radius_seed5702887_target0_sources8_txrx45_ringdown050_objectives/figures/FIGURE_NOTES.md,2314,1379,1409,0.1142649745938775,4,199755
1010,outputs/experiments/1010_coordinate_optimizer_variable_depth_radius_seed5702887_target0_sources8_txrx50_ringdown050_objectives,outputs/experiments/1010_coordinate_optimizer_variable_depth_radius_seed5702887_target0_sources8_txrx50_ringdown050_objectives/data/multi_rebar_coordinate_optimizer_summary.json,skipped,existing valid pulse/noise artifacts,outputs/experiments/1010_coordinate_optimizer_variable_depth_radius_seed5702887_target0_sources8_txrx50_ringdown050_objectives/figures/source_pulse_noise_context.png,outputs/experiments/1010_coordinate_optimizer_variable_depth_radius_seed5702887_target0_sources8_txrx50_ringdown050_objectives/data/source_pulse_noise_context_summary.json,outputs/experiments/1010_coordinate_optimizer_variable_depth_radius_seed5702887_target0_sources8_txrx50_ringdown050_objectives/figures/FIGURE_NOTES.md,2314,1379,1409,0.11425496232885285,4,199755
1009,outputs/experiments/1009_coordinate_optimizer_variable_depth_radius_seed5702887_target0_sources8_txrx52p5_ringdown050_objectives,outputs/experiments/1009_coordinate_optimizer_variable_depth_radius_seed5702887_target0_sources8_txrx52p5_ringdown050_objectives/data/multi_rebar_coordinate_optimizer_summary.json,skipped,existing valid pulse/noise artifacts,outputs/experiments/1009_coordinate_optimizer_variable_depth_radius_seed5702887_target0_sources8_txrx52p5_ringdown050_objectives/figures/source_pulse_noise_context.png,outputs/experiments/1009_coordinate_optimizer_variable_depth_radius_seed5702887_target0_sources8_txrx52p5_ringdown050_objectives/data/source_pulse_noise_context_summary.json,outputs/experiments/1009_coordinate_optimizer_variable_depth_radius_seed5702887_target0_sources8_txrx52p5_ringdown050_objectives/figures/FIGURE_NOTES.md,2314,1379,1409,0.11455032414708018,4,199755
1008,outputs/experiments/1008_coordinate_optimizer_variable_depth_radius_seed5702887_target0_sources8_txrx60_ringdown050_objectives,outputs/experiments/1008_coordinate_optimizer_variable_depth_radius_seed5702887_target0_sources8_txrx60_ringdown050_objectives/data/multi_rebar_coordinate_optimizer_summary.json,skipped,existing valid pulse/noise artifacts,outputs/experiments/1008_coordinate_optimizer_variable_depth_radius_seed5702887_target0_sources8_txrx60_ringdown050_objectives/figures/source_pulse_noise_context.png,outputs/experiments/1008_coordinate_optimizer_variable_depth_radius_seed5702887_target0_sources8_txrx60_ringdown050_objectives/data/source_pulse_noise_context_summary.json,outputs/experiments/1008_coordinate_optimizer_variable_depth_radius_seed5702887_target0_sources8_txrx60_ringdown050_objectives/figures/FIGURE_NOTES.md,2314,1379,1409,0.11430502365397611,4,199755
1007,outputs/experiments/1007_coordinate_optimizer_variable_depth_radius_seed3524578_target1_sources5_txrx60_ringdown050_objectives,outputs/experiments/1007_coordinate_optimizer_variable_depth_radius_seed3524578_target1_sources5_txrx60_ringdown050_objectives/data/multi_rebar_coordinate_optimizer_summary.json,skipped,existing valid pulse/noise artifacts,outputs/experiments/1007_coordinate_optimizer_variable_depth_radius_seed3524578_target1_sources5_txrx60_ringdown050_objectives/figures/source_pulse_noise_context.png,outputs/experiments/1007_coordinate_optimizer_variable_depth_radius_seed3524578_target1_sources5_txrx60_ringdown050_objectives/data/source_pulse_noise_context_summary.json,outputs/experiments/1007_coordinate_optimizer_variable_depth_radius_seed3524578_target1_sources5_txrx60_ringdown050_objectives/figures/FIGURE_NOTES.md,2314,1379,1405,0.11366423869239818,4,199755
1006,outputs/experiments/1006_coordinate_optimizer_variable_depth_radius_seed3524578_target2_sources5_txrx60_ringdown050_objectives,outputs/experiments/1006_coordinate_optimizer_variable_depth_radius_seed3524578_target2_sources5_txrx60_ringdown050_objectives/data/multi_rebar_coordinate_optimizer_summary.json,skipped,existing valid pulse/noise artifacts,outputs/experiments/1006_coordinate_optimizer_variable_depth_radius_seed3524578_target2_sources5_txrx60_ringdown050_objectives/figures/source_pulse_noise_context.png,outputs/experiments/1006_coordinate_optimizer_variable_depth_radius_seed3524578_target2_sources5_txrx60_ringdown050_objectives/data/source_pulse_noise_context_summary.json,outputs/experiments/1006_coordinate_optimizer_variable_depth_radius_seed3524578_target2_sources5_txrx60_ringdown050_objectives/figures/FIGURE_NOTES.md,2314,1379,1405,0.11366924482491052,4,199755
1005,outputs/experiments/1005_seed1346269_revised_txrx52p5_source_policy_summary,,skipped,no compatible coordinate optimizer summary,,,,,,,,,
1004,outputs/experiments/1004_coordinate_optimizer_variable_depth_radius_seed3524578_target0_sources8_txrx60_ringdown050_objectives,outputs/experiments/1004_coordinate_optimizer_variable_depth_radius_seed3524578_target0_sources8_txrx60_ringdown050_objectives/data/multi_rebar_coordinate_optimizer_summary.json,skipped,existing valid pulse/noise artifacts,outputs/experiments/1004_coordinate_optimizer_variable_depth_radius_seed3524578_target0_sources8_txrx60_ringdown050_objectives/figures/source_pulse_noise_context.png,outputs/experiments/1004_coordinate_optimizer_variable_depth_radius_seed3524578_target0_sources8_txrx60_ringdown050_objectives/data/source_pulse_noise_context_summary.json,outputs/experiments/1004_coordinate_optimizer_variable_depth_radius_seed3524578_target0_sources8_txrx60_ringdown050_objectives/figures/FIGURE_NOTES.md,2314,1379,1406,0.11369928161998448,4,199755
1003,outputs/experiments/1003_coordinate_optimizer_variable_depth_radius_seed1346269_target1_sources5_txrx52p5_ringdown050_objectives,outputs/experiments/1003_coordinate_optimizer_variable_depth_radius_seed1346269_target1_sources5_txrx52p5_ringdown050_objectives/data/multi_rebar_coordinate_optimizer_summary.json,skipped,existing valid pulse/noise artifacts,outputs/experiments/1003_coordinate_optimizer_variable_depth_radius_seed1346269_target1_sources5_txrx52p5_ringdown050_objectives/figures/source_pulse_noise_context.png,outputs/experiments/1003_coordinate_optimizer_variable_depth_radius_seed1346269_target1_sources5_txrx52p5_ringdown050_objectives/data/source_pulse_noise_context_summary.json,outputs/experiments/1003_coordinate_optimizer_variable_depth_radius_seed1346269_target1_sources5_txrx52p5_ringdown050_objectives/figures/FIGURE_NOTES.md,2314,1379,1406,0.11369928161998448,4,199755
1002,outputs/experiments/1002_coordinate_optimizer_variable_depth_radius_seed1346269_target2_sources7_txrx60_ringdown050_objectives,outputs/experiments/1002_coordinate_optimizer_variable_depth_radius_seed1346269_target2_sources7_txrx60_ringdown050_objectives/data/multi_rebar_coordinate_optimizer_summary.json,skipped,existing valid pulse/noise artifacts,outputs/experiments/1002_coordinate_optimizer_variable_depth_radius_seed1346269_target2_sources7_txrx60_ringdown050_objectives/figures/source_pulse_noise_context.png,outputs/experiments/1002_coordinate_optimizer_variable_depth_radius_seed1346269_target2_sources7_txrx60_ringdown050_objectives/data/source_pulse_noise_context_summary.json,outputs/experiments/1002_coordinate_optimizer_variable_depth_radius_seed1346269_target2_sources7_txrx60_ringdown050_objectives/figures/FIGURE_NOTES.md,2314,1379,1406,0.1134840179219544,4,199755
1001,outputs/experiments/1001_coordinate_optimizer_variable_depth_radius_seed1346269_target2_sources5_txrx52p5_ringdown050_objectives,outputs/experiments/1001_coordinate_optimizer_variable_depth_radius_seed1346269_target2_sources5_txrx52p5_ringdown050_objectives/data/multi_rebar_coordinate_optimizer_summary.json,skipped,existing valid pulse/noise artifacts,outputs/experiments/1001_coordinate_optimizer_variable_depth_radius_seed1346269_target2_sources5_txrx52p5_ringdown050_objectives/figures/source_pulse_noise_context.png,outputs/experiments/1001_coordinate_optimizer_variable_depth_radius_seed1346269_target2_sources5_txrx52p5_ringdown050_objectives/data/source_pulse_noise_context_summary.json,outputs/experiments/1001_coordinate_optimizer_variable_depth_radius_seed1346269_target2_sources5_txrx52p5_ringdown050_objectives/figures/FIGURE_NOTES.md,2314,1379,1406,0.11372931841505844,4,199755
1000,outputs/experiments/1000_coordinate_optimizer_variable_depth_radius_seed1346269_target0_sources8_txrx52p5_ringdown050_objectives,outputs/experiments/1000_coordinate_optimizer_variable_depth_radius_seed1346269_target0_sources8_txrx52p5_ringdown050_objectives/data/multi_rebar_coordinate_optimizer_summary.json,skipped,existing valid pulse/noise artifacts,outputs/experiments/1000_coordinate_optimizer_variable_depth_radius_seed1346269_target0_sources8_txrx52p5_ringdown050_objectives/figures/source_pulse_noise_context.png,outputs/experiments/1000_coordinate_optimizer_variable_depth_radius_seed1346269_target0_sources8_txrx52p5_ringdown050_objectives/data/source_pulse_noise_context_summary.json,outputs/experiments/1000_coordinate_optimizer_variable_depth_radius_seed1346269_target0_sources8_txrx52p5_ringdown050_objectives/figures/FIGURE_NOTES.md,2314,1379,1406,0.11387449625791594,4,199755
999,outputs/experiments/999_coordinate_optimizer_variable_depth_radius_seed832040_target1_sources9_txrx52p5_ringdown050_objectives,outputs/experiments/999_coordinate_optimizer_variable_depth_radius_seed832040_target1_sources9_txrx52p5_ringdown050_objectives/data/multi_rebar_coordinate_optimizer_summary.json,skipped,existing valid pulse/noise artifacts,outputs/experiments/999_coordinate_optimizer_variable_depth_radius_seed832040_target1_sources9_txrx52p5_ringdown050_objectives/figures/source_pulse_noise_context.png,outputs/experiments/999_coordinate_optimizer_variable_depth_radius_seed832040_target1_sources9_txrx52p5_ringdown050_objectives/data/source_pulse_noise_context_summary.json,outputs/experiments/999_coordinate_optimizer_variable_depth_radius_seed832040_target1_sources9_txrx52p5_ringdown050_objectives/figures/FIGURE_NOTES.md,2314,1379,1433,0.11151160171209731,4,199755
998,outputs/experiments/998_coordinate_optimizer_variable_depth_radius_seed832040_target1_sources7_txrx52p5_ringdown050_objectives,outputs/experiments/998_coordinate_optimizer_variable_depth_radius_seed832040_target1_sources7_txrx52p5_ringdown050_objectives/data/multi_rebar_coordinate_optimizer_summary.json,skipped,existing valid pulse/noise artifacts,outputs/experiments/998_coordinate_optimizer_variable_depth_radius_seed832040_target1_sources7_txrx52p5_ringdown050_objectives/figures/source_pulse_noise_context.png,outputs/experiments/998_coordinate_optimizer_variable_depth_radius_seed832040_target1_sources7_txrx52p5_ringdown050_objectives/data/source_pulse_noise_context_summary.json,outputs/experiments/998_coordinate_optimizer_variable_depth_radius_seed832040_target1_sources7_txrx52p5_ringdown050_objectives/figures/FIGURE_NOTES.md,2314,1379,1432,0.11141147906185077,4,199755
997,outputs/experiments/997_coordinate_optimizer_variable_depth_radius_seed832040_target1_sources5_txrx55_ringdown050_objectives,outputs/experiments/997_coordinate_optimizer_variable_depth_radius_seed832040_target1_sources5_txrx55_ringdown050_objectives/data/multi_rebar_coordinate_optimizer_summary.json,skipped,existing valid pulse/noise artifacts,outputs/experiments/997_coordinate_optimizer_variable_depth_radius_seed832040_target1_sources5_txrx55_ringdown050_objectives/figures/source_pulse_noise_context.png,outputs/experiments/997_coordinate_optimizer_variable_depth_radius_seed832040_target1_sources5_txrx55_ringdown050_objectives/data/source_pulse_noise_context_summary.json,outputs/experiments/997_coordinate_optimizer_variable_depth_radius_seed832040_target1_sources5_txrx55_ringdown050_objectives/figures/FIGURE_NOTES.md,2314,1379,1433,0.11127130735150559,4,199755
996,outputs/experiments/996_coordinate_optimizer_variable_depth_radius_seed832040_target1_sources5_txrx50_ringdown050_objectives,outputs/experiments/996_coordinate_optimizer_variable_depth_radius_seed832040_target1_sources5_txrx50_ringdown050_objectives/data/multi_rebar_coordinate_optimizer_summary.json,skipped,existing valid pulse/noise artifacts,outputs/experiments/996_coordinate_optimizer_variable_depth_radius_seed832040_target1_sources5_txrx50_ringdown050_objectives/figures/source_pulse_noise_context.png,outputs/experiments/996_coordinate_optimizer_variable_depth_radius_seed832040_target1_sources5_txrx50_ringdown050_objectives/data/source_pulse_noise_context_summary.json,outputs/experiments/996_coordinate_optimizer_variable_depth_radius_seed832040_target1_sources5_txrx50_ringdown050_objectives/figures/FIGURE_NOTES.md,2314,1379,1434,0.11121623989386999,4,199755
995,outputs/experiments/995_coordinate_optimizer_variable_depth_radius_seed832040_target1_sources5_txrx52p5_ringdown050_objectives,outputs/experiments/995_coordinate_optimizer_variable_depth_radius_seed832040_target1_sources5_txrx52p5_ringdown050_objectives/data/multi_rebar_coordinate_optimizer_summary.json,skipped,existing valid pulse/noise artifacts,outputs/experiments/995_coordinate_optimizer_variable_depth_radius_seed832040_target1_sources5_txrx52p5_ringdown050_objectives/figures/source_pulse_noise_context.png,outputs/experiments/995_coordinate_optimizer_variable_depth_radius_seed832040_target1_sources5_txrx52p5_ringdown050_objectives/data/source_pulse_noise_context_summary.json,outputs/experiments/995_coordinate_optimizer_variable_depth_radius_seed832040_target1_sources5_txrx52p5_ringdown050_objectives/figures/FIGURE_NOTES.md,2314,1379,1434,0.11141648519436309,4,199755
994,outputs/experiments/994_seed2178309_txrx52p5_acquisition_policy_summary,,skipped,no compatible coordinate optimizer summary,,,,,,,,,
993,outputs/experiments/993_coordinate_optimizer_variable_depth_radius_seed2178309_target2_sources5_txrx52p5_ringdown050_objectives,outputs/experiments/993_coordinate_optimizer_variable_depth_radius_seed2178309_target2_sources5_txrx52p5_ringdown050_objectives/data/multi_rebar_coordinate_optimizer_summary.json,skipped,existing valid pulse/noise artifacts,outputs/experiments/993_coordinate_optimizer_variable_depth_radius_seed2178309_target2_sources5_txrx52p5_ringdown050_objectives/figures/source_pulse_noise_context.png,outputs/experiments/993_coordinate_optimizer_variable_depth_radius_seed2178309_target2_sources5_txrx52p5_ringdown050_objectives/data/source_pulse_noise_context_summary.json,outputs/experiments/993_coordinate_optimizer_variable_depth_radius_seed2178309_target2_sources5_txrx52p5_ringdown050_objectives/figures/FIGURE_NOTES.md,2314,1379,1415,0.11571174688994018,4,199755
992,outputs/experiments/992_coordinate_optimizer_variable_depth_radius_seed2178309_target0_sources8_txrx52p5_ringdown050_objectives,outputs/experiments/992_coordinate_optimizer_variable_depth_radius_seed2178309_target0_sources8_txrx52p5_ringdown050_objectives/data/multi_rebar_coordinate_optimizer_summary.json,skipped,existing valid pulse/noise artifacts,outputs/experiments/992_coordinate_optimizer_variable_depth_radius_seed2178309_target0_sources8_txrx52p5_ringdown050_objectives/figures/source_pulse_noise_context.png,outputs/experiments/992_coordinate_optimizer_variable_depth_radius_seed2178309_target0_sources8_txrx52p5_ringdown050_objectives/data/source_pulse_noise_context_summary.json,outputs/experiments/992_coordinate_optimizer_variable_depth_radius_seed2178309_target0_sources8_txrx52p5_ringdown050_objectives/figures/FIGURE_NOTES.md,2314,1379,1415,0.11582188180521139,4,199755
991,outputs/experiments/991_coordinate_optimizer_variable_depth_radius_seed2178309_target1_sources5_txrx52p5_ringdown050_objectives,outputs/experiments/991_coordinate_optimizer_variable_depth_radius_seed2178309_target1_sources5_txrx52p5_ringdown050_objectives/data/multi_rebar_coordinate_optimizer_summary.json,skipped,existing valid pulse/noise artifacts,outputs/experiments/991_coordinate_optimizer_variable_depth_radius_seed2178309_target1_sources5_txrx52p5_ringdown050_objectives/figures/source_pulse_noise_context.png,outputs/experiments/991_coordinate_optimizer_variable_depth_radius_seed2178309_target1_sources5_txrx52p5_ringdown050_objectives/data/source_pulse_noise_context_summary.json,outputs/experiments/991_coordinate_optimizer_variable_depth_radius_seed2178309_target1_sources5_txrx52p5_ringdown050_objectives/figures/FIGURE_NOTES.md,2314,1379,1415,0.11570674075742785,4,199755
990,outputs/experiments/990_coordinate_optimizer_variable_depth_radius_seed2178309_target1_sources5_txrx57p5_ringdown050_objectives,outputs/experiments/990_coordinate_optimizer_variable_depth_radius_seed2178309_target1_sources5_txrx57p5_ringdown050_objectives/data/multi_rebar_coordinate_optimizer_summary.json,skipped,existing valid pulse/noise artifacts,outputs/experiments/990_coordinate_optimizer_variable_depth_radius_seed2178309_target1_sources5_txrx57p5_ringdown050_objectives/figures/source_pulse_noise_context.png,outputs/experiments/990_coordinate_optimizer_variable_depth_radius_seed2178309_target1_sources5_txrx57p5_ringdown050_objectives/data/source_pulse_noise_context_summary.json,outputs/experiments/990_coordinate_optimizer_variable_depth_radius_seed2178309_target1_sources5_txrx57p5_ringdown050_objectives/figures/FIGURE_NOTES.md,2314,1379,1415,0.11574678981752647,4,199755
989,outputs/experiments/989_coordinate_optimizer_variable_depth_radius_seed2178309_target1_sources5_txrx55_ringdown050_objectives,outputs/experiments/989_coordinate_optimizer_variable_depth_radius_seed2178309_target1_sources5_txrx55_ringdown050_objectives/data/multi_rebar_coordinate_optimizer_summary.json,skipped,existing valid pulse/noise artifacts,outputs/experiments/989_coordinate_optimizer_variable_depth_radius_seed2178309_target1_sources5_txrx55_ringdown050_objectives/figures/source_pulse_noise_context.png,outputs/experiments/989_coordinate_optimizer_variable_depth_radius_seed2178309_target1_sources5_txrx55_ringdown050_objectives/data/source_pulse_noise_context_summary.json,outputs/experiments/989_coordinate_optimizer_variable_depth_radius_seed2178309_target1_sources5_txrx55_ringdown050_objectives/figures/FIGURE_NOTES.md,2314,1379,1415,0.11558659357713198,4,199755
988,outputs/experiments/988_coordinate_optimizer_variable_depth_radius_seed2178309_target1_sources5_txrx45_ringdown050_objectives,outputs/experiments/988_coordinate_optimizer_variable_depth_radius_seed2178309_target1_sources5_txrx45_ringdown050_objectives/data/multi_rebar_coordinate_optimizer_summary.json,skipped,existing valid pulse/noise artifacts,outputs/experiments/988_coordinate_optimizer_variable_depth_radius_seed2178309_target1_sources5_txrx45_ringdown050_objectives/figures/source_pulse_noise_context.png,outputs/experiments/988_coordinate_optimizer_variable_depth_radius_seed2178309_target1_sources5_txrx45_ringdown050_objectives/data/source_pulse_noise_context_summary.json,outputs/experiments/988_coordinate_optimizer_variable_depth_radius_seed2178309_target1_sources5_txrx45_ringdown050_objectives/figures/FIGURE_NOTES.md,2314,1379,1415,0.1155515506495457,4,199755
987,outputs/experiments/987_coordinate_optimizer_variable_depth_radius_seed2178309_target1_sources5_txrx50_ringdown050_objectives,outputs/experiments/987_coordinate_optimizer_variable_depth_radius_seed2178309_target1_sources5_txrx50_ringdown050_objectives/data/multi_rebar_coordinate_optimizer_summary.json,skipped,existing valid pulse/noise artifacts,outputs/experiments/987_coordinate_optimizer_variable_depth_radius_seed2178309_target1_sources5_txrx50_ringdown050_objectives/figures/source_pulse_noise_context.png,outputs/experiments/987_coordinate_optimizer_variable_depth_radius_seed2178309_target1_sources5_txrx50_ringdown050_objectives/data/source_pulse_noise_context_summary.json,outputs/experiments/987_coordinate_optimizer_variable_depth_radius_seed2178309_target1_sources5_txrx50_ringdown050_objectives/figures/FIGURE_NOTES.md,2314,1379,1414,0.11556156291457034,4,199755
986,outputs/experiments/986_coordinate_optimizer_variable_depth_radius_seed2178309_target1_sources5_txrx60_linear_receiver_ringdown050_objectives,outputs/experiments/986_coordinate_optimizer_variable_depth_radius_seed2178309_target1_sources5_txrx60_linear_receiver_ringdown050_objectives/data/multi_rebar_coordinate_optimizer_summary.json,skipped,existing valid pulse/noise artifacts,outputs/experiments/986_coordinate_optimizer_variable_depth_radius_seed2178309_target1_sources5_txrx60_linear_receiver_ringdown050_objectives/figures/source_pulse_noise_context.png,outputs/experiments/986_coordinate_optimizer_variable_depth_radius_seed2178309_target1_sources5_txrx60_linear_receiver_ringdown050_objectives/data/source_pulse_noise_context_summary.json,outputs/experiments/986_coordinate_optimizer_variable_depth_radius_seed2178309_target1_sources5_txrx60_linear_receiver_ringdown050_objectives/figures/FIGURE_NOTES.md,2314,1379,1377,0.12555380340917624,4,199755
985,outputs/experiments/985_seed2178309_ringdown050_target_specific_unresolved_summary,,skipped,no compatible coordinate optimizer summary,,,,,,,,,
984,outputs/experiments/984_coordinate_optimizer_variable_depth_radius_seed2178309_target1_sources11_txrx60_ringdown050_objectives,outputs/experiments/984_coordinate_optimizer_variable_depth_radius_seed2178309_target1_sources11_txrx60_ringdown050_objectives/data/multi_rebar_coordinate_optimizer_summary.json,skipped,existing valid pulse/noise artifacts,outputs/experiments/984_coordinate_optimizer_variable_depth_radius_seed2178309_target1_sources11_txrx60_ringdown050_objectives/figures/source_pulse_noise_context.png,outputs/experiments/984_coordinate_optimizer_variable_depth_radius_seed2178309_target1_sources11_txrx60_ringdown050_objectives/data/source_pulse_noise_context_summary.json,outputs/experiments/984_coordinate_optimizer_variable_depth_radius_seed2178309_target1_sources11_txrx60_ringdown050_objectives/figures/FIGURE_NOTES.md,2314,1379,1415,0.11554654451703336,4,199755
983,outputs/experiments/983_coordinate_optimizer_variable_depth_radius_seed2178309_target1_sources9_txrx60_ringdown050_objectives,outputs/experiments/983_coordinate_optimizer_variable_depth_radius_seed2178309_target1_sources9_txrx60_ringdown050_objectives/data/multi_rebar_coordinate_optimizer_summary.json,skipped,existing valid pulse/noise artifacts,outputs/experiments/983_coordinate_optimizer_variable_depth_radius_seed2178309_target1_sources9_txrx60_ringdown050_objectives/figures/source_pulse_noise_context.png,outputs/experiments/983_coordinate_optimizer_variable_depth_radius_seed2178309_target1_sources9_txrx60_ringdown050_objectives/data/source_pulse_noise_context_summary.json,outputs/experiments/983_coordinate_optimizer_variable_depth_radius_seed2178309_target1_sources9_txrx60_ringdown050_objectives/figures/FIGURE_NOTES.md,2314,1379,1415,0.11561663037220596,4,199755
982,outputs/experiments/982_coordinate_optimizer_variable_depth_radius_seed2178309_target1_sources5_txrx60_ringdown050_objectives,outputs/experiments/982_coordinate_optimizer_variable_depth_radius_seed2178309_target1_sources5_txrx60_ringdown050_objectives/data/multi_rebar_coordinate_optimizer_summary.json,skipped,existing valid pulse/noise artifacts,outputs/experiments/982_coordinate_optimizer_variable_depth_radius_seed2178309_target1_sources5_txrx60_ringdown050_objectives/figures/source_pulse_noise_context.png,outputs/experiments/982_coordinate_optimizer_variable_depth_radius_seed2178309_target1_sources5_txrx60_ringdown050_objectives/data/source_pulse_noise_context_summary.json,outputs/experiments/982_coordinate_optimizer_variable_depth_radius_seed2178309_target1_sources5_txrx60_ringdown050_objectives/figures/FIGURE_NOTES.md,2314,1379,1414,0.11554654451703336,4,199755
981,outputs/experiments/981_coordinate_optimizer_variable_depth_radius_seed2178309_target2_sources5_txrx60_ringdown050_objectives,outputs/experiments/981_coordinate_optimizer_variable_depth_radius_seed2178309_target2_sources5_txrx60_ringdown050_objectives/data/multi_rebar_coordinate_optimizer_summary.json,skipped,existing valid pulse/noise artifacts,outputs/experiments/981_coordinate_optimizer_variable_depth_radius_seed2178309_target2_sources5_txrx60_ringdown050_objectives/figures/source_pulse_noise_context.png,outputs/experiments/981_coordinate_optimizer_variable_depth_radius_seed2178309_target2_sources5_txrx60_ringdown050_objectives/data/source_pulse_noise_context_summary.json,outputs/experiments/981_coordinate_optimizer_variable_depth_radius_seed2178309_target2_sources5_txrx60_ringdown050_objectives/figures/FIGURE_NOTES.md,2314,1379,1414,0.1155515506495457,4,199755
980,outputs/experiments/980_coordinate_optimizer_variable_depth_radius_seed2178309_target0_sources8_txrx60_ringdown050_objectives,outputs/experiments/980_coordinate_optimizer_variable_depth_radius_seed2178309_target0_sources8_txrx60_ringdown050_objectives/data/multi_rebar_coordinate_optimizer_summary.json,skipped,existing valid pulse/noise artifacts,outputs/experiments/980_coordinate_optimizer_variable_depth_radius_seed2178309_target0_sources8_txrx60_ringdown050_objectives/figures/source_pulse_noise_context.png,outputs/experiments/980_coordinate_optimizer_variable_depth_radius_seed2178309_target0_sources8_txrx60_ringdown050_objectives/data/source_pulse_noise_context_summary.json,outputs/experiments/980_coordinate_optimizer_variable_depth_radius_seed2178309_target0_sources8_txrx60_ringdown050_objectives/figures/FIGURE_NOTES.md,2314,1379,1415,0.11573677755250182,4,199755
979,outputs/experiments/979_seed1346269_ringdown050_target_specific_rescue_summary,,skipped,no compatible coordinate optimizer summary,,,,,,,,,
978,outputs/experiments/978_coordinate_optimizer_variable_depth_radius_seed1346269_target1_sources5_txrx60_ringdown050_objectives,outputs/experiments/978_coordinate_optimizer_variable_depth_radius_seed1346269_target1_sources5_txrx60_ringdown050_objectives/data/multi_rebar_coordinate_optimizer_summary.json,skipped,existing valid pulse/noise artifacts,outputs/experiments/978_coordinate_optimizer_variable_depth_radius_seed1346269_target1_sources5_txrx60_ringdown050_objectives/figures/source_pulse_noise_context.png,outputs/experiments/978_coordinate_optimizer_variable_depth_radius_seed1346269_target1_sources5_txrx60_ringdown050_objectives/data/source_pulse_noise_context_summary.json,outputs/experiments/978_coordinate_optimizer_variable_depth_radius_seed1346269_target1_sources5_txrx60_ringdown050_objectives/figures/FIGURE_NOTES.md,2314,1379,1406,0.11356912217466396,4,199755
977,outputs/experiments/977_coordinate_optimizer_variable_depth_radius_seed1346269_target2_sources9_txrx60_ringdown050_objectives,outputs/experiments/977_coordinate_optimizer_variable_depth_radius_seed1346269_target2_sources9_txrx60_ringdown050_objectives/data/multi_rebar_coordinate_optimizer_summary.json,skipped,existing valid pulse/noise artifacts,outputs/experiments/977_coordinate_optimizer_variable_depth_radius_seed1346269_target2_sources9_txrx60_ringdown050_objectives/figures/source_pulse_noise_context.png,outputs/experiments/977_coordinate_optimizer_variable_depth_radius_seed1346269_target2_sources9_txrx60_ringdown050_objectives/data/source_pulse_noise_context_summary.json,outputs/experiments/977_coordinate_optimizer_variable_depth_radius_seed1346269_target2_sources9_txrx60_ringdown050_objectives/figures/FIGURE_NOTES.md,2314,1379,1406,0.1135040424520037,4,199755
976,outputs/experiments/976_coordinate_optimizer_variable_depth_radius_seed1346269_target2_sources5_txrx60_ringdown050_objectives,outputs/experiments/976_coordinate_optimizer_variable_depth_radius_seed1346269_target2_sources5_txrx60_ringdown050_objectives/data/multi_rebar_coordinate_optimizer_summary.json,skipped,existing valid pulse/noise artifacts,outputs/experiments/976_coordinate_optimizer_variable_depth_radius_seed1346269_target2_sources5_txrx60_ringdown050_objectives/figures/source_pulse_noise_context.png,outputs/experiments/976_coordinate_optimizer_variable_depth_radius_seed1346269_target2_sources5_txrx60_ringdown050_objectives/data/source_pulse_noise_context_summary.json,outputs/experiments/976_coordinate_optimizer_variable_depth_radius_seed1346269_target2_sources5_txrx60_ringdown050_objectives/figures/FIGURE_NOTES.md,2314,1379,1406,0.1135741283071763,4,199755
975,outputs/experiments/975_coordinate_optimizer_variable_depth_radius_seed1346269_target0_sources11_txrx60_ringdown050_objectives,outputs/experiments/975_coordinate_optimizer_variable_depth_radius_seed1346269_target0_sources11_txrx60_ringdown050_objectives/data/multi_rebar_coordinate_optimizer_summary.json,skipped,existing valid pulse/noise artifacts,outputs/experiments/975_coordinate_optimizer_variable_depth_radius_seed1346269_target0_sources11_txrx60_ringdown050_objectives/figures/source_pulse_noise_context.png,outputs/experiments/975_coordinate_optimizer_variable_depth_radius_seed1346269_target0_sources11_txrx60_ringdown050_objectives/data/source_pulse_noise_context_summary.json,outputs/experiments/975_coordinate_optimizer_variable_depth_radius_seed1346269_target0_sources11_txrx60_ringdown050_objectives/figures/FIGURE_NOTES.md,2314,1379,1405,0.1135741283071763,4,199755
974,outputs/experiments/974_coordinate_optimizer_variable_depth_radius_seed1346269_target0_sources9_txrx60_ringdown050_objectives,outputs/experiments/974_coordinate_optimizer_variable_depth_radius_seed1346269_target0_sources9_txrx60_ringdown050_objectives/data/multi_rebar_coordinate_optimizer_summary.json,skipped,existing valid pulse/noise artifacts,outputs/experiments/974_coordinate_optimizer_variable_depth_radius_seed1346269_target0_sources9_txrx60_ringdown050_objectives/figures/source_pulse_noise_context.png,outputs/experiments/974_coordinate_optimizer_variable_depth_radius_seed1346269_target0_sources9_txrx60_ringdown050_objectives/data/source_pulse_noise_context_summary.json,outputs/experiments/974_coordinate_optimizer_variable_depth_radius_seed1346269_target0_sources9_txrx60_ringdown050_objectives/figures/FIGURE_NOTES.md,2314,1379,1406,0.11349403018697905,4,199755
973,outputs/experiments/973_coordinate_optimizer_variable_depth_radius_seed1346269_target0_sources8_txrx60_ringdown050_objectives,outputs/experiments/973_coordinate_optimizer_variable_depth_radius_seed1346269_target0_sources8_txrx60_ringdown050_objectives/data/multi_rebar_coordinate_optimizer_summary.json,skipped,existing valid pulse/noise artifacts,outputs/experiments/973_coordinate_optimizer_variable_depth_radius_seed1346269_target0_sources8_txrx60_ringdown050_objectives/figures/source_pulse_noise_context.png,outputs/experiments/973_coordinate_optimizer_variable_depth_radius_seed1346269_target0_sources8_txrx60_ringdown050_objectives/data/source_pulse_noise_context_summary.json,outputs/experiments/973_coordinate_optimizer_variable_depth_radius_seed1346269_target0_sources8_txrx60_ringdown050_objectives/figures/FIGURE_NOTES.md,2314,1379,1406,0.11361918349978724,4,199755
972,outputs/experiments/972_seed832040_ringdown050_target_specific_rescue_summary,,skipped,no compatible coordinate optimizer summary,,,,,,,,,
971,outputs/experiments/971_coordinate_optimizer_variable_depth_radius_seed832040_target1_sources9_txrx60_ringdown050_objectives,outputs/experiments/971_coordinate_optimizer_variable_depth_radius_seed832040_target1_sources9_txrx60_ringdown050_objectives/data/multi_rebar_coordinate_optimizer_summary.json,skipped,existing valid pulse/noise artifacts,outputs/experiments/971_coordinate_optimizer_variable_depth_radius_seed832040_target1_sources9_txrx60_ringdown050_objectives/figures/source_pulse_noise_context.png,outputs/experiments/971_coordinate_optimizer_variable_depth_radius_seed832040_target1_sources9_txrx60_ringdown050_objectives/data/source_pulse_noise_context_summary.json,outputs/experiments/971_coordinate_optimizer_variable_depth_radius_seed832040_target1_sources9_txrx60_ringdown050_objectives/figures/FIGURE_NOTES.md,2314,1379,1433,0.11121623989386999,4,199755
970,outputs/experiments/970_coordinate_optimizer_variable_depth_radius_seed832040_target1_sources5_txrx60_ringdown050_objectives,outputs/experiments/970_coordinate_optimizer_variable_depth_radius_seed832040_target1_sources5_txrx60_ringdown050_objectives/data/multi_rebar_coordinate_optimizer_summary.json,skipped,existing valid pulse/noise artifacts,outputs/experiments/970_coordinate_optimizer_variable_depth_radius_seed832040_target1_sources5_txrx60_ringdown050_objectives/figures/source_pulse_noise_context.png,outputs/experiments/970_coordinate_optimizer_variable_depth_radius_seed832040_target1_sources5_txrx60_ringdown050_objectives/data/source_pulse_noise_context_summary.json,outputs/experiments/970_coordinate_optimizer_variable_depth_radius_seed832040_target1_sources5_txrx60_ringdown050_objectives/figures/FIGURE_NOTES.md,2314,1379,1434,0.11122124602638232,4,199755
969,outputs/experiments/969_coordinate_optimizer_variable_depth_radius_seed832040_target2_sources5_txrx60_ringdown050_objectives,outputs/experiments/969_coordinate_optimizer_variable_depth_radius_seed832040_target2_sources5_txrx60_ringdown050_objectives/data/multi_rebar_coordinate_optimizer_summary.json,skipped,existing valid pulse/noise artifacts,outputs/experiments/969_coordinate_optimizer_variable_depth_radius_seed832040_target2_sources5_txrx60_ringdown050_objectives/figures/source_pulse_noise_context.png,outputs/experiments/969_coordinate_optimizer_variable_depth_radius_seed832040_target2_sources5_txrx60_ringdown050_objectives/data/source_pulse_noise_context_summary.json,outputs/experiments/969_coordinate_optimizer_variable_depth_radius_seed832040_target2_sources5_txrx60_ringdown050_objectives/figures/FIGURE_NOTES.md,2314,1379,1434,0.11124627668894396,4,199755
968,outputs/experiments/968_coordinate_optimizer_variable_depth_radius_seed832040_target0_sources8_txrx60_ringdown050_objectives,outputs/experiments/968_coordinate_optimizer_variable_depth_radius_seed832040_target0_sources8_txrx60_ringdown050_objectives/data/multi_rebar_coordinate_optimizer_summary.json,skipped,existing valid pulse/noise artifacts,outputs/experiments/968_coordinate_optimizer_variable_depth_radius_seed832040_target0_sources8_txrx60_ringdown050_objectives/figures/source_pulse_noise_context.png,outputs/experiments/968_coordinate_optimizer_variable_depth_radius_seed832040_target0_sources8_txrx60_ringdown050_objectives/data/source_pulse_noise_context_summary.json,outputs/experiments/968_coordinate_optimizer_variable_depth_radius_seed832040_target0_sources8_txrx60_ringdown050_objectives/figures/FIGURE_NOTES.md,2314,1379,1434,0.11135641160421517,4,199755
967,outputs/experiments/967_seed514229_ringdown050_target_specific_rescue_summary,,skipped,no compatible coordinate optimizer summary,,,,,,,,,
966,outputs/experiments/966_coordinate_optimizer_variable_depth_radius_seed514229_target1_sources5_txrx60_ringdown050_objectives,outputs/experiments/966_coordinate_optimizer_variable_depth_radius_seed514229_target1_sources5_txrx60_ringdown050_objectives/data/multi_rebar_coordinate_optimizer_summary.json,skipped,existing valid pulse/noise artifacts,outputs/experiments/966_coordinate_optimizer_variable_depth_radius_seed514229_target1_sources5_txrx60_ringdown050_objectives/figures/source_pulse_noise_context.png,outputs/experiments/966_coordinate_optimizer_variable_depth_radius_seed514229_target1_sources5_txrx60_ringdown050_objectives/data/source_pulse_noise_context_summary.json,outputs/experiments/966_coordinate_optimizer_variable_depth_radius_seed514229_target1_sources5_txrx60_ringdown050_objectives/figures/FIGURE_NOTES.md,2314,1379,1407,0.10877324722785413,4,199755
965,outputs/experiments/965_coordinate_optimizer_variable_depth_radius_seed514229_target2_sources9_txrx60_ringdown050_objectives,outputs/experiments/965_coordinate_optimizer_variable_depth_radius_seed514229_target2_sources9_txrx60_ringdown050_objectives/data/multi_rebar_coordinate_optimizer_summary.json,skipped,existing valid pulse/noise artifacts,outputs/experiments/965_coordinate_optimizer_variable_depth_radius_seed514229_target2_sources9_txrx60_ringdown050_objectives/figures/source_pulse_noise_context.png,outputs/experiments/965_coordinate_optimizer_variable_depth_radius_seed514229_target2_sources9_txrx60_ringdown050_objectives/data/source_pulse_noise_context_summary.json,outputs/experiments/965_coordinate_optimizer_variable_depth_radius_seed514229_target2_sources9_txrx60_ringdown050_objectives/figures/FIGURE_NOTES.md,2314,1379,1407,0.10871817977021851,4,199755
964,outputs/experiments/964_coordinate_optimizer_variable_depth_radius_seed514229_target2_sources5_txrx60_ringdown050_objectives,outputs/experiments/964_coordinate_optimizer_variable_depth_radius_seed514229_target2_sources5_txrx60_ringdown050_objectives/data/multi_rebar_coordinate_optimizer_summary.json,skipped,existing valid pulse/noise artifacts,outputs/experiments/964_coordinate_optimizer_variable_depth_radius_seed514229_target2_sources5_txrx60_ringdown050_objectives/figures/source_pulse_noise_context.png,outputs/experiments/964_coordinate_optimizer_variable_depth_radius_seed514229_target2_sources5_txrx60_ringdown050_objectives/data/source_pulse_noise_context_summary.json,outputs/experiments/964_coordinate_optimizer_variable_depth_radius_seed514229_target2_sources5_txrx60_ringdown050_objectives/figures/FIGURE_NOTES.md,2314,1379,1407,0.10879827789041575,4,199755
963,outputs/experiments/963_coordinate_optimizer_variable_depth_radius_seed514229_target0_sources8_txrx60_ringdown050_objectives,outputs/experiments/963_coordinate_optimizer_variable_depth_radius_seed514229_target0_sources8_txrx60_ringdown050_objectives/data/multi_rebar_coordinate_optimizer_summary.json,skipped,existing valid pulse/noise artifacts,outputs/experiments/963_coordinate_optimizer_variable_depth_radius_seed514229_target0_sources8_txrx60_ringdown050_objectives/figures/source_pulse_noise_context.png,outputs/experiments/963_coordinate_optimizer_variable_depth_radius_seed514229_target0_sources8_txrx60_ringdown050_objectives/data/source_pulse_noise_context_summary.json,outputs/experiments/963_coordinate_optimizer_variable_depth_radius_seed514229_target0_sources8_txrx60_ringdown050_objectives/figures/FIGURE_NOTES.md,2314,1379,1407,0.10882831468548973,4,199755
962,outputs/experiments/962_seed317811_ringdown050_target_specific_rescue_summary,,skipped,no compatible coordinate optimizer summary,,,,,,,,,
961,outputs/experiments/961_coordinate_optimizer_variable_depth_radius_seed317811_target1_sources5_txrx60_ringdown050_objectives,outputs/experiments/961_coordinate_optimizer_variable_depth_radius_seed317811_target1_sources5_txrx60_ringdown050_objectives/data/multi_rebar_coordinate_optimizer_summary.json,skipped,existing valid pulse/noise artifacts,outputs/experiments/961_coordinate_optimizer_variable_depth_radius_seed317811_target1_sources5_txrx60_ringdown050_objectives/figures/source_pulse_noise_context.png,outputs/experiments/961_coordinate_optimizer_variable_depth_radius_seed317811_target1_sources5_txrx60_ringdown050_objectives/data/source_pulse_noise_context_summary.json,outputs/experiments/961_coordinate_optimizer_variable_depth_radius_seed317811_target1_sources5_txrx60_ringdown050_objectives/figures/FIGURE_NOTES.md,2314,1379,1376,0.10928887887662386,4,199755
960,outputs/experiments/960_coordinate_optimizer_variable_depth_radius_seed317811_target2_sources9_txrx60_ringdown050_objectives,outputs/experiments/960_coordinate_optimizer_variable_depth_radius_seed317811_target2_sources9_txrx60_ringdown050_objectives/data/multi_rebar_coordinate_optimizer_summary.json,skipped,existing valid pulse/noise artifacts,outputs/experiments/960_coordinate_optimizer_variable_depth_radius_seed317811_target2_sources9_txrx60_ringdown050_objectives/figures/source_pulse_noise_context.png,outputs/experiments/960_coordinate_optimizer_variable_depth_radius_seed317811_target2_sources9_txrx60_ringdown050_objectives/data/source_pulse_noise_context_summary.json,outputs/experiments/960_coordinate_optimizer_variable_depth_radius_seed317811_target2_sources9_txrx60_ringdown050_objectives/figures/FIGURE_NOTES.md,2314,1379,1376,0.1092588420815499,4,199755
959,outputs/experiments/959_coordinate_optimizer_variable_depth_radius_seed317811_target2_sources5_txrx60_ringdown050_objectives,outputs/experiments/959_coordinate_optimizer_variable_depth_radius_seed317811_target2_sources5_txrx60_ringdown050_objectives/data/multi_rebar_coordinate_optimizer_summary.json,skipped,existing valid pulse/noise artifacts,outputs/experiments/959_coordinate_optimizer_variable_depth_radius_seed317811_target2_sources5_txrx60_ringdown050_objectives/figures/source_pulse_noise_context.png,outputs/experiments/959_coordinate_optimizer_variable_depth_radius_seed317811_target2_sources5_txrx60_ringdown050_objectives/data/source_pulse_noise_context_summary.json,outputs/experiments/959_coordinate_optimizer_variable_depth_radius_seed317811_target2_sources5_txrx60_ringdown050_objectives/figures/FIGURE_NOTES.md,2314,1379,1376,0.1093139095391855,4,199755
958,outputs/experiments/958_coordinate_optimizer_variable_depth_radius_seed317811_target0_sources8_txrx60_ringdown050_objectives,outputs/experiments/958_coordinate_optimizer_variable_depth_radius_seed317811_target0_sources8_txrx60_ringdown050_objectives/data/multi_rebar_coordinate_optimizer_summary.json,skipped,existing valid pulse/noise artifacts,outputs/experiments/958_coordinate_optimizer_variable_depth_radius_seed317811_target0_sources8_txrx60_ringdown050_objectives/figures/source_pulse_noise_context.png,outputs/experiments/958_coordinate_optimizer_variable_depth_radius_seed317811_target0_sources8_txrx60_ringdown050_objectives/data/source_pulse_noise_context_summary.json,outputs/experiments/958_coordinate_optimizer_variable_depth_radius_seed317811_target0_sources8_txrx60_ringdown050_objectives/figures/FIGURE_NOTES.md,2314,1379,1376,0.10939901379189507,4,199755
957,outputs/experiments/957_seed196418_ringdown050_target_specific_rescue_summary,,skipped,no compatible coordinate optimizer summary,,,,,,,,,
956,outputs/experiments/956_coordinate_optimizer_variable_depth_radius_seed196418_target1_sources9_txrx60_ringdown050_objectives,outputs/experiments/956_coordinate_optimizer_variable_depth_radius_seed196418_target1_sources9_txrx60_ringdown050_objectives/data/multi_rebar_coordinate_optimizer_summary.json,skipped,existing valid pulse/noise artifacts,outputs/experiments/956_coordinate_optimizer_variable_depth_radius_seed196418_target1_sources9_txrx60_ringdown050_objectives/figures/source_pulse_noise_context.png,outputs/experiments/956_coordinate_optimizer_variable_depth_radius_seed196418_target1_sources9_txrx60_ringdown050_objectives/data/source_pulse_noise_context_summary.json,outputs/experiments/956_coordinate_optimizer_variable_depth_radius_seed196418_target1_sources9_txrx60_ringdown050_objectives/figures/FIGURE_NOTES.md,2314,1379,1373,0.11582688793772371,4,199755
955,outputs/experiments/955_coordinate_optimizer_variable_depth_radius_seed196418_target1_sources5_txrx60_ringdown050_objectives,outputs/experiments/955_coordinate_optimizer_variable_depth_radius_seed196418_target1_sources5_txrx60_ringdown050_objectives/data/multi_rebar_coordinate_optimizer_summary.json,skipped,existing valid pulse/noise artifacts,outputs/experiments/955_coordinate_optimizer_variable_depth_radius_seed196418_target1_sources5_txrx60_ringdown050_objectives/figures/source_pulse_noise_context.png,outputs/experiments/955_coordinate_optimizer_variable_depth_radius_seed196418_target1_sources5_txrx60_ringdown050_objectives/data/source_pulse_noise_context_summary.json,outputs/experiments/955_coordinate_optimizer_variable_depth_radius_seed196418_target1_sources5_txrx60_ringdown050_objectives/figures/FIGURE_NOTES.md,2314,1379,1373,0.11580185727516207,4,199755
954,outputs/experiments/954_coordinate_optimizer_variable_depth_radius_seed196418_target2_sources5_txrx60_ringdown050_objectives,outputs/experiments/954_coordinate_optimizer_variable_depth_radius_seed196418_target2_sources5_txrx60_ringdown050_objectives/data/multi_rebar_coordinate_optimizer_summary.json,skipped,existing valid pulse/noise artifacts,outputs/experiments/954_coordinate_optimizer_variable_depth_radius_seed196418_target2_sources5_txrx60_ringdown050_objectives/figures/source_pulse_noise_context.png,outputs/experiments/954_coordinate_optimizer_variable_depth_radius_seed196418_target2_sources5_txrx60_ringdown050_objectives/data/source_pulse_noise_context_summary.json,outputs/experiments/954_coordinate_optimizer_variable_depth_radius_seed196418_target2_sources5_txrx60_ringdown050_objectives/figures/FIGURE_NOTES.md,2314,1379,1373,0.11582688793772371,4,199755
953,outputs/experiments/953_coordinate_optimizer_variable_depth_radius_seed196418_target0_sources8_txrx60_ringdown050_objectives,outputs/experiments/953_coordinate_optimizer_variable_depth_radius_seed196418_target0_sources8_txrx60_ringdown050_objectives/data/multi_rebar_coordinate_optimizer_summary.json,skipped,existing valid pulse/noise artifacts,outputs/experiments/953_coordinate_optimizer_variable_depth_radius_seed196418_target0_sources8_txrx60_ringdown050_objectives/figures/source_pulse_noise_context.png,outputs/experiments/953_coordinate_optimizer_variable_depth_radius_seed196418_target0_sources8_txrx60_ringdown050_objectives/data/source_pulse_noise_context_summary.json,outputs/experiments/953_coordinate_optimizer_variable_depth_radius_seed196418_target0_sources8_txrx60_ringdown050_objectives/figures/FIGURE_NOTES.md,2314,1379,1373,0.11591199219043329,4,199755
952,outputs/experiments/952_seed121393_ringdown050_target0_unresolved_source_density_summary,,skipped,no compatible coordinate optimizer summary,,,,,,,,,
951,outputs/experiments/951_coordinate_optimizer_variable_depth_radius_seed121393_target0_sources11_txrx60_ringdown050_objectives,outputs/experiments/951_coordinate_optimizer_variable_depth_radius_seed121393_target0_sources11_txrx60_ringdown050_objectives/data/multi_rebar_coordinate_optimizer_summary.json,skipped,existing valid pulse/noise artifacts,outputs/experiments/951_coordinate_optimizer_variable_depth_radius_seed121393_target0_sources11_txrx60_ringdown050_objectives/figures/source_pulse_noise_context.png,outputs/experiments/951_coordinate_optimizer_variable_depth_radius_seed121393_target0_sources11_txrx60_ringdown050_objectives/data/source_pulse_noise_context_summary.json,outputs/experiments/951_coordinate_optimizer_variable_depth_radius_seed121393_target0_sources11_txrx60_ringdown050_objectives/figures/FIGURE_NOTES.md,2314,1379,1392,0.11247277915446421,4,199755
950,outputs/experiments/950_coordinate_optimizer_variable_depth_radius_seed121393_target0_sources9_txrx60_ringdown050_objectives,outputs/experiments/950_coordinate_optimizer_variable_depth_radius_seed121393_target0_sources9_txrx60_ringdown050_objectives/data/multi_rebar_coordinate_optimizer_summary.json,skipped,existing valid pulse/noise artifacts,outputs/experiments/950_coordinate_optimizer_variable_depth_radius_seed121393_target0_sources9_txrx60_ringdown050_objectives/figures/source_pulse_noise_context.png,outputs/experiments/950_coordinate_optimizer_variable_depth_radius_seed121393_target0_sources9_txrx60_ringdown050_objectives/data/source_pulse_noise_context_summary.json,outputs/experiments/950_coordinate_optimizer_variable_depth_radius_seed121393_target0_sources9_txrx60_ringdown050_objectives/figures/FIGURE_NOTES.md,2314,1379,1392,0.11221246026382319,4,199755
949,outputs/experiments/949_coordinate_optimizer_variable_depth_radius_seed121393_target0_sources8_txrx60_ringdown050_objectives,outputs/experiments/949_coordinate_optimizer_variable_depth_radius_seed121393_target0_sources8_txrx60_ringdown050_objectives/data/multi_rebar_coordinate_optimizer_summary.json,skipped,existing valid pulse/noise artifacts,outputs/experiments/949_coordinate_optimizer_variable_depth_radius_seed121393_target0_sources8_txrx60_ringdown050_objectives/figures/source_pulse_noise_context.png,outputs/experiments/949_coordinate_optimizer_variable_depth_radius_seed121393_target0_sources8_txrx60_ringdown050_objectives/data/source_pulse_noise_context_summary.json,outputs/experiments/949_coordinate_optimizer_variable_depth_radius_seed121393_target0_sources8_txrx60_ringdown050_objectives/figures/FIGURE_NOTES.md,2314,1379,1392,0.11230257064904509,4,199755
948,outputs/experiments/948_seed75025_ringdown050_target_specific_rescue_summary,,skipped,no compatible coordinate optimizer summary,,,,,,,,,
947,outputs/experiments/947_coordinate_optimizer_variable_depth_radius_seed75025_target1_sources5_txrx60_ringdown050_objectives,outputs/experiments/947_coordinate_optimizer_variable_depth_radius_seed75025_target1_sources5_txrx60_ringdown050_objectives/data/multi_rebar_coordinate_optimizer_summary.json,skipped,existing valid pulse/noise artifacts,outputs/experiments/947_coordinate_optimizer_variable_depth_radius_seed75025_target1_sources5_txrx60_ringdown050_objectives/figures/source_pulse_noise_context.png,outputs/experiments/947_coordinate_optimizer_variable_depth_radius_seed75025_target1_sources5_txrx60_ringdown050_objectives/data/source_pulse_noise_context_summary.json,outputs/experiments/947_coordinate_optimizer_variable_depth_radius_seed75025_target1_sources5_txrx60_ringdown050_objectives/figures/FIGURE_NOTES.md,2314,1379,1395,0.11127130735150559,4,199755
946,outputs/experiments/946_coordinate_optimizer_variable_depth_radius_seed75025_target2_sources9_txrx60_ringdown050_objectives,outputs/experiments/946_coordinate_optimizer_variable_depth_radius_seed75025_target2_sources9_txrx60_ringdown050_objectives/data/multi_rebar_coordinate_optimizer_summary.json,skipped,existing valid pulse/noise artifacts,outputs/experiments/946_coordinate_optimizer_variable_depth_radius_seed75025_target2_sources9_txrx60_ringdown050_objectives/figures/source_pulse_noise_context.png,outputs/experiments/946_coordinate_optimizer_variable_depth_radius_seed75025_target2_sources9_txrx60_ringdown050_objectives/data/source_pulse_noise_context_summary.json,outputs/experiments/946_coordinate_optimizer_variable_depth_radius_seed75025_target2_sources9_txrx60_ringdown050_objectives/figures/FIGURE_NOTES.md,2314,1379,1394,0.11127130735150559,4,199755
945,outputs/experiments/945_coordinate_optimizer_variable_depth_radius_seed75025_target2_sources5_txrx60_ringdown050_objectives,outputs/experiments/945_coordinate_optimizer_variable_depth_radius_seed75025_target2_sources5_txrx60_ringdown050_objectives/data/multi_rebar_coordinate_optimizer_summary.json,skipped,existing valid pulse/noise artifacts,outputs/experiments/945_coordinate_optimizer_variable_depth_radius_seed75025_target2_sources5_txrx60_ringdown050_objectives/figures/source_pulse_noise_context.png,outputs/experiments/945_coordinate_optimizer_variable_depth_radius_seed75025_target2_sources5_txrx60_ringdown050_objectives/data/source_pulse_noise_context_summary.json,outputs/experiments/945_coordinate_optimizer_variable_depth_radius_seed75025_target2_sources5_txrx60_ringdown050_objectives/figures/FIGURE_NOTES.md,2314,1379,1395,0.11127631348401792,4,199755
944,outputs/experiments/944_coordinate_optimizer_variable_depth_radius_seed75025_target0_sources8_txrx60_ringdown050_objectives,outputs/experiments/944_coordinate_optimizer_variable_depth_radius_seed75025_target0_sources8_txrx60_ringdown050_objectives/data/multi_rebar_coordinate_optimizer_summary.json,skipped,existing valid pulse/noise artifacts,outputs/experiments/944_coordinate_optimizer_variable_depth_radius_seed75025_target0_sources8_txrx60_ringdown050_objectives/figures/source_pulse_noise_context.png,outputs/experiments/944_coordinate_optimizer_variable_depth_radius_seed75025_target0_sources8_txrx60_ringdown050_objectives/data/source_pulse_noise_context_summary.json,outputs/experiments/944_coordinate_optimizer_variable_depth_radius_seed75025_target0_sources8_txrx60_ringdown050_objectives/figures/FIGURE_NOTES.md,2314,1379,1394,0.11137643613426447,4,199755
943,outputs/experiments/943_seed46368_ringdown050_target_specific_8_5_5_summary,,skipped,no compatible coordinate optimizer summary,,,,,,,,,
942,outputs/experiments/942_coordinate_optimizer_variable_depth_radius_seed46368_target1_sources5_txrx60_ringdown050_objectives,outputs/experiments/942_coordinate_optimizer_variable_depth_radius_seed46368_target1_sources5_txrx60_ringdown050_objectives/data/multi_rebar_coordinate_optimizer_summary.json,skipped,existing valid pulse/noise artifacts,outputs/experiments/942_coordinate_optimizer_variable_depth_radius_seed46368_target1_sources5_txrx60_ringdown050_objectives/figures/source_pulse_noise_context.png,outputs/experiments/942_coordinate_optimizer_variable_depth_radius_seed46368_target1_sources5_txrx60_ringdown050_objectives/data/source_pulse_noise_context_summary.json,outputs/experiments/942_coordinate_optimizer_variable_depth_radius_seed46368_target1_sources5_txrx60_ringdown050_objectives/figures/FIGURE_NOTES.md,2314,1379,1394,0.1166228630071838,4,199755
941,outputs/experiments/941_coordinate_optimizer_variable_depth_radius_seed46368_target2_sources5_txrx60_ringdown050_objectives,outputs/experiments/941_coordinate_optimizer_variable_depth_radius_seed46368_target2_sources5_txrx60_ringdown050_objectives/data/multi_rebar_coordinate_optimizer_summary.json,skipped,existing valid pulse/noise artifacts,outputs/experiments/941_coordinate_optimizer_variable_depth_radius_seed46368_target2_sources5_txrx60_ringdown050_objectives/figures/source_pulse_noise_context.png,outputs/experiments/941_coordinate_optimizer_variable_depth_radius_seed46368_target2_sources5_txrx60_ringdown050_objectives/data/source_pulse_noise_context_summary.json,outputs/experiments/941_coordinate_optimizer_variable_depth_radius_seed46368_target2_sources5_txrx60_ringdown050_objectives/figures/FIGURE_NOTES.md,2314,1379,1394,0.11662786913969612,4,199755
940,outputs/experiments/940_coordinate_optimizer_variable_depth_radius_seed46368_target0_sources8_txrx60_ringdown050_objectives,outputs/experiments/940_coordinate_optimizer_variable_depth_radius_seed46368_target0_sources8_txrx60_ringdown050_objectives/data/multi_rebar_coordinate_optimizer_summary.json,skipped,existing valid pulse/noise artifacts,outputs/experiments/940_coordinate_optimizer_variable_depth_radius_seed46368_target0_sources8_txrx60_ringdown050_objectives/figures/source_pulse_noise_context.png,outputs/experiments/940_coordinate_optimizer_variable_depth_radius_seed46368_target0_sources8_txrx60_ringdown050_objectives/data/source_pulse_noise_context_summary.json,outputs/experiments/940_coordinate_optimizer_variable_depth_radius_seed46368_target0_sources8_txrx60_ringdown050_objectives/figures/FIGURE_NOTES.md,2314,1379,1393,0.11663788140472078,4,199755
939,outputs/experiments/939_seed28657_ringdown050_target_specific_8_5_5_summary,,skipped,no compatible coordinate optimizer summary,,,,,,,,,
938,outputs/experiments/938_coordinate_optimizer_variable_depth_radius_seed28657_target1_sources5_txrx60_ringdown050_objectives,outputs/experiments/938_coordinate_optimizer_variable_depth_radius_seed28657_target1_sources5_txrx60_ringdown050_objectives/data/multi_rebar_coordinate_optimizer_summary.json,skipped,existing valid pulse/noise artifacts,outputs/experiments/938_coordinate_optimizer_variable_depth_radius_seed28657_target1_sources5_txrx60_ringdown050_objectives/figures/source_pulse_noise_context.png,outputs/experiments/938_coordinate_optimizer_variable_depth_radius_seed28657_target1_sources5_txrx60_ringdown050_objectives/data/source_pulse_noise_context_summary.json,outputs/experiments/938_coordinate_optimizer_variable_depth_radius_seed28657_target1_sources5_txrx60_ringdown050_objectives/figures/FIGURE_NOTES.md,2314,1379,1366,0.10831268303671998,4,199755
937,outputs/experiments/937_coordinate_optimizer_variable_depth_radius_seed28657_target2_sources5_txrx60_ringdown050_objectives,outputs/experiments/937_coordinate_optimizer_variable_depth_radius_seed28657_target2_sources5_txrx60_ringdown050_objectives/data/multi_rebar_coordinate_optimizer_summary.json,skipped,existing valid pulse/noise artifacts,outputs/experiments/937_coordinate_optimizer_variable_depth_radius_seed28657_target2_sources5_txrx60_ringdown050_objectives/figures/source_pulse_noise_context.png,outputs/experiments/937_coordinate_optimizer_variable_depth_radius_seed28657_target2_sources5_txrx60_ringdown050_objectives/data/source_pulse_noise_context_summary.json,outputs/experiments/937_coordinate_optimizer_variable_depth_radius_seed28657_target2_sources5_txrx60_ringdown050_objectives/figures/FIGURE_NOTES.md,2314,1379,1366,0.1083176891692323,4,199755
936,outputs/experiments/936_coordinate_optimizer_variable_depth_radius_seed28657_target0_sources8_txrx60_ringdown050_objectives,outputs/experiments/936_coordinate_optimizer_variable_depth_radius_seed28657_target0_sources8_txrx60_ringdown050_objectives/data/multi_rebar_coordinate_optimizer_summary.json,skipped,existing valid pulse/noise artifacts,outputs/experiments/936_coordinate_optimizer_variable_depth_radius_seed28657_target0_sources8_txrx60_ringdown050_objectives/figures/source_pulse_noise_context.png,outputs/experiments/936_coordinate_optimizer_variable_depth_radius_seed28657_target0_sources8_txrx60_ringdown050_objectives/data/source_pulse_noise_context_summary.json,outputs/experiments/936_coordinate_optimizer_variable_depth_radius_seed28657_target0_sources8_txrx60_ringdown050_objectives/figures/FIGURE_NOTES.md,2314,1379,1365,0.10830767690420766,4,199755
935,outputs/experiments/935_seed17711_ringdown050_target_specific_rescue_summary,,skipped,no compatible coordinate optimizer summary,,,,,,,,,
934,outputs/experiments/934_coordinate_optimizer_variable_depth_radius_seed17711_target1_sources5_txrx60_ringdown050_objectives,outputs/experiments/934_coordinate_optimizer_variable_depth_radius_seed17711_target1_sources5_txrx60_ringdown050_objectives/data/multi_rebar_coordinate_optimizer_summary.json,skipped,existing valid pulse/noise artifacts,outputs/experiments/934_coordinate_optimizer_variable_depth_radius_seed17711_target1_sources5_txrx60_ringdown050_objectives/figures/source_pulse_noise_context.png,outputs/experiments/934_coordinate_optimizer_variable_depth_radius_seed17711_target1_sources5_txrx60_ringdown050_objectives/data/source_pulse_noise_context_summary.json,outputs/experiments/934_coordinate_optimizer_variable_depth_radius_seed17711_target1_sources5_txrx60_ringdown050_objectives/figures/FIGURE_NOTES.md,2314,1379,1405,0.11530625015644164,4,199755
933,outputs/experiments/933_coordinate_optimizer_variable_depth_radius_seed17711_target2_sources5_txrx60_ringdown050_objectives,outputs/experiments/933_coordinate_optimizer_variable_depth_radius_seed17711_target2_sources5_txrx60_ringdown050_objectives/data/multi_rebar_coordinate_optimizer_summary.json,skipped,existing valid pulse/noise artifacts,outputs/experiments/933_coordinate_optimizer_variable_depth_radius_seed17711_target2_sources5_txrx60_ringdown050_objectives/figures/source_pulse_noise_context.png,outputs/experiments/933_coordinate_optimizer_variable_depth_radius_seed17711_target2_sources5_txrx60_ringdown050_objectives/data/source_pulse_noise_context_summary.json,outputs/experiments/933_coordinate_optimizer_variable_depth_radius_seed17711_target2_sources5_txrx60_ringdown050_objectives/figures/FIGURE_NOTES.md,2314,1379,1405,0.11531125628895397,4,199755
932,outputs/experiments/932_coordinate_optimizer_variable_depth_radius_seed17711_target0_sources9_txrx60_ringdown050_objectives,outputs/experiments/932_coordinate_optimizer_variable_depth_radius_seed17711_target0_sources9_txrx60_ringdown050_objectives/data/multi_rebar_coordinate_optimizer_summary.json,skipped,existing valid pulse/noise artifacts,outputs/experiments/932_coordinate_optimizer_variable_depth_radius_seed17711_target0_sources9_txrx60_ringdown050_objectives/figures/source_pulse_noise_context.png,outputs/experiments/932_coordinate_optimizer_variable_depth_radius_seed17711_target0_sources9_txrx60_ringdown050_objectives/data/source_pulse_noise_context_summary.json,outputs/experiments/932_coordinate_optimizer_variable_depth_radius_seed17711_target0_sources9_txrx60_ringdown050_objectives/figures/FIGURE_NOTES.md,2314,1379,1405,0.11532126855397862,4,199755
931,outputs/experiments/931_coordinate_optimizer_variable_depth_radius_seed17711_target0_sources8_txrx60_ringdown050_objectives,outputs/experiments/931_coordinate_optimizer_variable_depth_radius_seed17711_target0_sources8_txrx60_ringdown050_objectives/data/multi_rebar_coordinate_optimizer_summary.json,skipped,existing valid pulse/noise artifacts,outputs/experiments/931_coordinate_optimizer_variable_depth_radius_seed17711_target0_sources8_txrx60_ringdown050_objectives/figures/source_pulse_noise_context.png,outputs/experiments/931_coordinate_optimizer_variable_depth_radius_seed17711_target0_sources8_txrx60_ringdown050_objectives/data/source_pulse_noise_context_summary.json,outputs/experiments/931_coordinate_optimizer_variable_depth_radius_seed17711_target0_sources8_txrx60_ringdown050_objectives/figures/FIGURE_NOTES.md,2314,1379,1406,0.11536632374658957,4,199755
930,outputs/experiments/930_seed10946_ringdown050_target_specific_rescue_summary,,skipped,no compatible coordinate optimizer summary,,,,,,,,,
929,outputs/experiments/929_coordinate_optimizer_variable_depth_radius_seed10946_target1_sources5_txrx60_ringdown050_objectives,outputs/experiments/929_coordinate_optimizer_variable_depth_radius_seed10946_target1_sources5_txrx60_ringdown050_objectives/data/multi_rebar_coordinate_optimizer_summary.json,skipped,existing valid pulse/noise artifacts,outputs/experiments/929_coordinate_optimizer_variable_depth_radius_seed10946_target1_sources5_txrx60_ringdown050_objectives/figures/source_pulse_noise_context.png,outputs/experiments/929_coordinate_optimizer_variable_depth_radius_seed10946_target1_sources5_txrx60_ringdown050_objectives/data/source_pulse_noise_context_summary.json,outputs/experiments/929_coordinate_optimizer_variable_depth_radius_seed10946_target1_sources5_txrx60_ringdown050_objectives/figures/FIGURE_NOTES.md,2314,1379,1472,0.11076568796776051,4,199755
928,outputs/experiments/928_coordinate_optimizer_variable_depth_radius_seed10946_target2_sources9_txrx60_ringdown050_objectives,outputs/experiments/928_coordinate_optimizer_variable_depth_radius_seed10946_target2_sources9_txrx60_ringdown050_objectives/data/multi_rebar_coordinate_optimizer_summary.json,skipped,existing valid pulse/noise artifacts,outputs/experiments/928_coordinate_optimizer_variable_depth_radius_seed10946_target2_sources9_txrx60_ringdown050_objectives/figures/source_pulse_noise_context.png,outputs/experiments/928_coordinate_optimizer_variable_depth_radius_seed10946_target2_sources9_txrx60_ringdown050_objectives/data/source_pulse_noise_context_summary.json,outputs/experiments/928_coordinate_optimizer_variable_depth_radius_seed10946_target2_sources9_txrx60_ringdown050_objectives/figures/FIGURE_NOTES.md,2314,1379,1472,0.11072563890766189,4,199755
927,outputs/experiments/927_coordinate_optimizer_variable_depth_radius_seed10946_target2_sources5_txrx60_ringdown050_objectives,outputs/experiments/927_coordinate_optimizer_variable_depth_radius_seed10946_target2_sources5_txrx60_ringdown050_objectives/data/multi_rebar_coordinate_optimizer_summary.json,skipped,existing valid pulse/noise artifacts,outputs/experiments/927_coordinate_optimizer_variable_depth_radius_seed10946_target2_sources5_txrx60_ringdown050_objectives/figures/source_pulse_noise_context.png,outputs/experiments/927_coordinate_optimizer_variable_depth_radius_seed10946_target2_sources5_txrx60_ringdown050_objectives/data/source_pulse_noise_context_summary.json,outputs/experiments/927_coordinate_optimizer_variable_depth_radius_seed10946_target2_sources5_txrx60_ringdown050_objectives/figures/FIGURE_NOTES.md,2314,1379,1472,0.11077069410027283,4,199755
926,outputs/experiments/926_coordinate_optimizer_variable_depth_radius_seed10946_target0_sources9_txrx60_ringdown050_objectives,outputs/experiments/926_coordinate_optimizer_variable_depth_radius_seed10946_target0_sources9_txrx60_ringdown050_objectives/data/multi_rebar_coordinate_optimizer_summary.json,skipped,existing valid pulse/noise artifacts,outputs/experiments/926_coordinate_optimizer_variable_depth_radius_seed10946_target0_sources9_txrx60_ringdown050_objectives/figures/source_pulse_noise_context.png,outputs/experiments/926_coordinate_optimizer_variable_depth_radius_seed10946_target0_sources9_txrx60_ringdown050_objectives/data/source_pulse_noise_context_summary.json,outputs/experiments/926_coordinate_optimizer_variable_depth_radius_seed10946_target0_sources9_txrx60_ringdown050_objectives/figures/FIGURE_NOTES.md,2314,1379,1471,0.11076068183524818,4,199755
925,outputs/experiments/925_coordinate_optimizer_variable_depth_radius_seed10946_target0_sources8_txrx60_ringdown050_objectives,outputs/experiments/925_coordinate_optimizer_variable_depth_radius_seed10946_target0_sources8_txrx60_ringdown050_objectives/data/multi_rebar_coordinate_optimizer_summary.json,skipped,existing valid pulse/noise artifacts,outputs/experiments/925_coordinate_optimizer_variable_depth_radius_seed10946_target0_sources8_txrx60_ringdown050_objectives/figures/source_pulse_noise_context.png,outputs/experiments/925_coordinate_optimizer_variable_depth_radius_seed10946_target0_sources8_txrx60_ringdown050_objectives/data/source_pulse_noise_context_summary.json,outputs/experiments/925_coordinate_optimizer_variable_depth_radius_seed10946_target0_sources8_txrx60_ringdown050_objectives/figures/FIGURE_NOTES.md,2314,1379,1472,0.11088583514805637,4,199755
924,outputs/experiments/924_seed6765_ringdown050_target_specific_rescue_summary,,skipped,no compatible coordinate optimizer summary,,,,,,,,,
923,outputs/experiments/923_coordinate_optimizer_variable_depth_radius_seed6765_target1_sources5_txrx60_ringdown050_objectives,outputs/experiments/923_coordinate_optimizer_variable_depth_radius_seed6765_target1_sources5_txrx60_ringdown050_objectives/data/multi_rebar_coordinate_optimizer_summary.json,skipped,existing valid pulse/noise artifacts,outputs/experiments/923_coordinate_optimizer_variable_depth_radius_seed6765_target1_sources5_txrx60_ringdown050_objectives/figures/source_pulse_noise_context.png,outputs/experiments/923_coordinate_optimizer_variable_depth_radius_seed6765_target1_sources5_txrx60_ringdown050_objectives/data/source_pulse_noise_context_summary.json,outputs/experiments/923_coordinate_optimizer_variable_depth_radius_seed6765_target1_sources5_txrx60_ringdown050_objectives/figures/FIGURE_NOTES.md,2314,1379,1408,0.10921879302145128,4,199755
922,outputs/experiments/922_coordinate_optimizer_variable_depth_radius_seed6765_target2_sources9_txrx60_ringdown050_objectives,outputs/experiments/922_coordinate_optimizer_variable_depth_radius_seed6765_target2_sources9_txrx60_ringdown050_objectives/data/multi_rebar_coordinate_optimizer_summary.json,skipped,existing valid pulse/noise artifacts,outputs/experiments/922_coordinate_optimizer_variable_depth_radius_seed6765_target2_sources9_txrx60_ringdown050_objectives/figures/source_pulse_noise_context.png,outputs/experiments/922_coordinate_optimizer_variable_depth_radius_seed6765_target2_sources9_txrx60_ringdown050_objectives/data/source_pulse_noise_context_summary.json,outputs/experiments/922_coordinate_optimizer_variable_depth_radius_seed6765_target2_sources9_txrx60_ringdown050_objectives/figures/FIGURE_NOTES.md,2314,1379,1407,0.10911867037120472,4,199755
921,outputs/experiments/921_coordinate_optimizer_variable_depth_radius_seed6765_target2_sources5_txrx60_ringdown050_objectives,outputs/experiments/921_coordinate_optimizer_variable_depth_radius_seed6765_target2_sources5_txrx60_ringdown050_objectives/data/multi_rebar_coordinate_optimizer_summary.json,skipped,existing valid pulse/noise artifacts,outputs/experiments/921_coordinate_optimizer_variable_depth_radius_seed6765_target2_sources5_txrx60_ringdown050_objectives/figures/source_pulse_noise_context.png,outputs/experiments/921_coordinate_optimizer_variable_depth_radius_seed6765_target2_sources5_txrx60_ringdown050_objectives/data/source_pulse_noise_context_summary.json,outputs/experiments/921_coordinate_optimizer_variable_depth_radius_seed6765_target2_sources5_txrx60_ringdown050_objectives/figures/FIGURE_NOTES.md,2314,1379,1408,0.1092237991539636,4,199755
920,outputs/experiments/920_coordinate_optimizer_variable_depth_radius_seed6765_target0_sources9_txrx60_ringdown050_objectives,outputs/experiments/920_coordinate_optimizer_variable_depth_radius_seed6765_target0_sources9_txrx60_ringdown050_objectives/data/multi_rebar_coordinate_optimizer_summary.json,skipped,existing valid pulse/noise artifacts,outputs/experiments/920_coordinate_optimizer_variable_depth_radius_seed6765_target0_sources9_txrx60_ringdown050_objectives/figures/source_pulse_noise_context.png,outputs/experiments/920_coordinate_optimizer_variable_depth_radius_seed6765_target0_sources9_txrx60_ringdown050_objectives/data/source_pulse_noise_context_summary.json,outputs/experiments/920_coordinate_optimizer_variable_depth_radius_seed6765_target0_sources9_txrx60_ringdown050_objectives/figures/FIGURE_NOTES.md,2314,1379,1408,0.10915871943130334,4,199755
919,outputs/experiments/919_coordinate_optimizer_variable_depth_radius_seed6765_target0_sources8_txrx60_ringdown050_objectives,outputs/experiments/919_coordinate_optimizer_variable_depth_radius_seed6765_target0_sources8_txrx60_ringdown050_objectives/data/multi_rebar_coordinate_optimizer_summary.json,skipped,existing valid pulse/noise artifacts,outputs/experiments/919_coordinate_optimizer_variable_depth_radius_seed6765_target0_sources8_txrx60_ringdown050_objectives/figures/source_pulse_noise_context.png,outputs/experiments/919_coordinate_optimizer_variable_depth_radius_seed6765_target0_sources8_txrx60_ringdown050_objectives/data/source_pulse_noise_context_summary.json,outputs/experiments/919_coordinate_optimizer_variable_depth_radius_seed6765_target0_sources8_txrx60_ringdown050_objectives/figures/FIGURE_NOTES.md,2314,1379,1406,0.1092237991539636,4,199755
918,outputs/experiments/918_seed4181_ringdown050_target_specific_8_5_5_summary,,skipped,no compatible coordinate optimizer summary,,,,,,,,,
917,outputs/experiments/917_coordinate_optimizer_variable_depth_radius_seed4181_target1_sources5_txrx60_ringdown050_objectives,outputs/experiments/917_coordinate_optimizer_variable_depth_radius_seed4181_target1_sources5_txrx60_ringdown050_objectives/data/multi_rebar_coordinate_optimizer_summary.json,skipped,existing valid pulse/noise artifacts,outputs/experiments/917_coordinate_optimizer_variable_depth_radius_seed4181_target1_sources5_txrx60_ringdown050_objectives/figures/source_pulse_noise_context.png,outputs/experiments/917_coordinate_optimizer_variable_depth_radius_seed4181_target1_sources5_txrx60_ringdown050_objectives/data/source_pulse_noise_context_summary.json,outputs/experiments/917_coordinate_optimizer_variable_depth_radius_seed4181_target1_sources5_txrx60_ringdown050_objectives/figures/FIGURE_NOTES.md,2314,1379,1450,0.11937122975645165,4,199755
916,outputs/experiments/916_coordinate_optimizer_variable_depth_radius_seed4181_target2_sources5_txrx60_ringdown050_objectives,outputs/experiments/916_coordinate_optimizer_variable_depth_radius_seed4181_target2_sources5_txrx60_ringdown050_objectives/data/multi_rebar_coordinate_optimizer_summary.json,skipped,existing valid pulse/noise artifacts,outputs/experiments/916_coordinate_optimizer_variable_depth_radius_seed4181_target2_sources5_txrx60_ringdown050_objectives/figures/source_pulse_noise_context.png,outputs/experiments/916_coordinate_optimizer_variable_depth_radius_seed4181_target2_sources5_txrx60_ringdown050_objectives/data/source_pulse_noise_context_summary.json,outputs/experiments/916_coordinate_optimizer_variable_depth_radius_seed4181_target2_sources5_txrx60_ringdown050_objectives/figures/FIGURE_NOTES.md,2314,1379,1450,0.11937623588896398,4,199755
915,outputs/experiments/915_coordinate_optimizer_variable_depth_radius_seed4181_target0_sources8_txrx60_ringdown050_objectives,outputs/experiments/915_coordinate_optimizer_variable_depth_radius_seed4181_target0_sources8_txrx60_ringdown050_objectives/data/multi_rebar_coordinate_optimizer_summary.json,skipped,existing valid pulse/noise artifacts,outputs/experiments/915_coordinate_optimizer_variable_depth_radius_seed4181_target0_sources8_txrx60_ringdown050_objectives/figures/source_pulse_noise_context.png,outputs/experiments/915_coordinate_optimizer_variable_depth_radius_seed4181_target0_sources8_txrx60_ringdown050_objectives/data/source_pulse_noise_context_summary.json,outputs/experiments/915_coordinate_optimizer_variable_depth_radius_seed4181_target0_sources8_txrx60_ringdown050_objectives/figures/FIGURE_NOTES.md,2314,1379,1448,0.1194713524066982,4,199755
914,outputs/experiments/914_seed2584_ringdown050_target_specific_rescue_summary,,skipped,no compatible coordinate optimizer summary,,,,,,,,,
913,outputs/experiments/913_coordinate_optimizer_variable_depth_radius_seed2584_target1_sources5_txrx60_ringdown050_objectives,outputs/experiments/913_coordinate_optimizer_variable_depth_radius_seed2584_target1_sources5_txrx60_ringdown050_objectives/data/multi_rebar_coordinate_optimizer_summary.json,skipped,existing valid pulse/noise artifacts,outputs/experiments/913_coordinate_optimizer_variable_depth_radius_seed2584_target1_sources5_txrx60_ringdown050_objectives/figures/source_pulse_noise_context.png,outputs/experiments/913_coordinate_optimizer_variable_depth_radius_seed2584_target1_sources5_txrx60_ringdown050_objectives/data/source_pulse_noise_context_summary.json,outputs/experiments/913_coordinate_optimizer_variable_depth_radius_seed2584_target1_sources5_txrx60_ringdown050_objectives/figures/FIGURE_NOTES.md,2314,1379,1376,0.1082075542539611,4,199755
912,outputs/experiments/912_coordinate_optimizer_variable_depth_radius_seed2584_target2_sources5_txrx60_ringdown050_objectives,outputs/experiments/912_coordinate_optimizer_variable_depth_radius_seed2584_target2_sources5_txrx60_ringdown050_objectives/data/multi_rebar_coordinate_optimizer_summary.json,skipped,existing valid pulse/noise artifacts,outputs/experiments/912_coordinate_optimizer_variable_depth_radius_seed2584_target2_sources5_txrx60_ringdown050_objectives/figures/source_pulse_noise_context.png,outputs/experiments/912_coordinate_optimizer_variable_depth_radius_seed2584_target2_sources5_txrx60_ringdown050_objectives/data/source_pulse_noise_context_summary.json,outputs/experiments/912_coordinate_optimizer_variable_depth_radius_seed2584_target2_sources5_txrx60_ringdown050_objectives/figures/FIGURE_NOTES.md,2314,1379,1376,0.10821256038647344,4,199755
911,outputs/experiments/911_coordinate_optimizer_variable_depth_radius_seed2584_target0_sources9_txrx60_ringdown050_objectives,outputs/experiments/911_coordinate_optimizer_variable_depth_radius_seed2584_target0_sources9_txrx60_ringdown050_objectives/data/multi_rebar_coordinate_optimizer_summary.json,skipped,existing valid pulse/noise artifacts,outputs/experiments/911_coordinate_optimizer_variable_depth_radius_seed2584_target0_sources9_txrx60_ringdown050_objectives/figures/source_pulse_noise_context.png,outputs/experiments/911_coordinate_optimizer_variable_depth_radius_seed2584_target0_sources9_txrx60_ringdown050_objectives/data/source_pulse_noise_context_summary.json,outputs/experiments/911_coordinate_optimizer_variable_depth_radius_seed2584_target0_sources9_txrx60_ringdown050_objectives/figures/FIGURE_NOTES.md,2314,1379,1375,0.10823258491652274,4,199755
910,outputs/experiments/910_coordinate_optimizer_variable_depth_radius_seed2584_target0_sources8_txrx60_ringdown050_objectives,outputs/experiments/910_coordinate_optimizer_variable_depth_radius_seed2584_target0_sources8_txrx60_ringdown050_objectives/data/multi_rebar_coordinate_optimizer_summary.json,skipped,existing valid pulse/noise artifacts,outputs/experiments/910_coordinate_optimizer_variable_depth_radius_seed2584_target0_sources8_txrx60_ringdown050_objectives/figures/source_pulse_noise_context.png,outputs/experiments/910_coordinate_optimizer_variable_depth_radius_seed2584_target0_sources8_txrx60_ringdown050_objectives/data/source_pulse_noise_context_summary.json,outputs/experiments/910_coordinate_optimizer_variable_depth_radius_seed2584_target0_sources8_txrx60_ringdown050_objectives/figures/FIGURE_NOTES.md,2314,1379,1377,0.1083527320968186,4,199755
909,outputs/experiments/909_seed1597_ringdown050_target_specific_rescue_summary,,skipped,no compatible coordinate optimizer summary,,,,,,,,,
908,outputs/experiments/908_coordinate_optimizer_variable_depth_radius_seed1597_target1_sources9_txrx60_ringdown050_objectives,outputs/experiments/908_coordinate_optimizer_variable_depth_radius_seed1597_target1_sources9_txrx60_ringdown050_objectives/data/multi_rebar_coordinate_optimizer_summary.json,skipped,existing valid pulse/noise artifacts,outputs/experiments/908_coordinate_optimizer_variable_depth_radius_seed1597_target1_sources9_txrx60_ringdown050_objectives/figures/source_pulse_noise_context.png,outputs/experiments/908_coordinate_optimizer_variable_depth_radius_seed1597_target1_sources9_txrx60_ringdown050_objectives/data/source_pulse_noise_context_summary.json,outputs/experiments/908_coordinate_optimizer_variable_depth_radius_seed1597_target1_sources9_txrx60_ringdown050_objectives/figures/FIGURE_NOTES.md,2314,1379,1441,0.11392455758303922,4,199755
907,outputs/experiments/907_coordinate_optimizer_variable_depth_radius_seed1597_target1_sources5_txrx60_ringdown050_objectives,outputs/experiments/907_coordinate_optimizer_variable_depth_radius_seed1597_target1_sources5_txrx60_ringdown050_objectives/data/multi_rebar_coordinate_optimizer_summary.json,skipped,existing valid pulse/noise artifacts,outputs/experiments/907_coordinate_optimizer_variable_depth_radius_seed1597_target1_sources5_txrx60_ringdown050_objectives/figures/source_pulse_noise_context.png,outputs/experiments/907_coordinate_optimizer_variable_depth_radius_seed1597_target1_sources5_txrx60_ringdown050_objectives/data/source_pulse_noise_context_summary.json,outputs/experiments/907_coordinate_optimizer_variable_depth_radius_seed1597_target1_sources5_txrx60_ringdown050_objectives/figures/FIGURE_NOTES.md,2314,1379,1444,0.11395459437811319,4,199755
906,outputs/experiments/906_coordinate_optimizer_variable_depth_radius_seed1597_target2_sources5_txrx60_ringdown050_objectives,outputs/experiments/906_coordinate_optimizer_variable_depth_radius_seed1597_target2_sources5_txrx60_ringdown050_objectives/data/multi_rebar_coordinate_optimizer_summary.json,skipped,existing valid pulse/noise artifacts,outputs/experiments/906_coordinate_optimizer_variable_depth_radius_seed1597_target2_sources5_txrx60_ringdown050_objectives/figures/source_pulse_noise_context.png,outputs/experiments/906_coordinate_optimizer_variable_depth_radius_seed1597_target2_sources5_txrx60_ringdown050_objectives/data/source_pulse_noise_context_summary.json,outputs/experiments/906_coordinate_optimizer_variable_depth_radius_seed1597_target2_sources5_txrx60_ringdown050_objectives/figures/FIGURE_NOTES.md,2314,1379,1444,0.11395960051062552,4,199755
905,outputs/experiments/905_coordinate_optimizer_variable_depth_radius_seed1597_target0_sources8_txrx60_ringdown050_objectives,outputs/experiments/905_coordinate_optimizer_variable_depth_radius_seed1597_target0_sources8_txrx60_ringdown050_objectives/data/multi_rebar_coordinate_optimizer_summary.json,skipped,existing valid pulse/noise artifacts,outputs/experiments/905_coordinate_optimizer_variable_depth_radius_seed1597_target0_sources8_txrx60_ringdown050_objectives/figures/source_pulse_noise_context.png,outputs/experiments/905_coordinate_optimizer_variable_depth_radius_seed1597_target0_sources8_txrx60_ringdown050_objectives/data/source_pulse_noise_context_summary.json,outputs/experiments/905_coordinate_optimizer_variable_depth_radius_seed1597_target0_sources8_txrx60_ringdown050_objectives/figures/FIGURE_NOTES.md,2314,1379,1441,0.11403469249831043,4,199755
904,outputs/experiments/904_seed987_ringdown050_target_specific_8_5_5_summary,,skipped,no compatible coordinate optimizer summary,,,,,,,,,
903,outputs/experiments/903_coordinate_optimizer_variable_depth_radius_seed987_target1_sources5_txrx60_ringdown050_objectives,outputs/experiments/903_coordinate_optimizer_variable_depth_radius_seed987_target1_sources5_txrx60_ringdown050_objectives/data/multi_rebar_coordinate_optimizer_summary.json,skipped,existing valid pulse/noise artifacts,outputs/experiments/903_coordinate_optimizer_variable_depth_radius_seed987_target1_sources5_txrx60_ringdown050_objectives/figures/source_pulse_noise_context.png,outputs/experiments/903_coordinate_optimizer_variable_depth_radius_seed987_target1_sources5_txrx60_ringdown050_objectives/data/source_pulse_noise_context_summary.json,outputs/experiments/903_coordinate_optimizer_variable_depth_radius_seed987_target1_sources5_txrx60_ringdown050_objectives/figures/FIGURE_NOTES.md,2314,1379,1463,0.1199769717904433,4,199755
902,outputs/experiments/902_coordinate_optimizer_variable_depth_radius_seed987_target2_sources5_txrx60_ringdown050_objectives,outputs/experiments/902_coordinate_optimizer_variable_depth_radius_seed987_target2_sources5_txrx60_ringdown050_objectives/data/multi_rebar_coordinate_optimizer_summary.json,skipped,existing valid pulse/noise artifacts,outputs/experiments/902_coordinate_optimizer_variable_depth_radius_seed987_target2_sources5_txrx60_ringdown050_objectives/figures/source_pulse_noise_context.png,outputs/experiments/902_coordinate_optimizer_variable_depth_radius_seed987_target2_sources5_txrx60_ringdown050_objectives/data/source_pulse_noise_context_summary.json,outputs/experiments/902_coordinate_optimizer_variable_depth_radius_seed987_target2_sources5_txrx60_ringdown050_objectives/figures/FIGURE_NOTES.md,2314,1379,1463,0.1199969963204926,4,199755
901,outputs/experiments/901_seed610_ringdown050_unresolved_branch_summary,,skipped,no compatible coordinate optimizer summary,,,,,,,,,
900,outputs/experiments/900_coordinate_optimizer_variable_depth_radius_seed987_target0_sources8_txrx60_ringdown050_objectives,outputs/experiments/900_coordinate_optimizer_variable_depth_radius_seed987_target0_sources8_txrx60_ringdown050_objectives/data/multi_rebar_coordinate_optimizer_summary.json,skipped,existing valid pulse/noise artifacts,outputs/experiments/900_coordinate_optimizer_variable_depth_radius_seed987_target0_sources8_txrx60_ringdown050_objectives/figures/source_pulse_noise_context.png,outputs/experiments/900_coordinate_optimizer_variable_depth_radius_seed987_target0_sources8_txrx60_ringdown050_objectives/data/source_pulse_noise_context_summary.json,outputs/experiments/900_coordinate_optimizer_variable_depth_radius_seed987_target0_sources8_txrx60_ringdown050_objectives/figures/FIGURE_NOTES.md,2314,1379,1463,0.12008210057320218,4,199755
899,outputs/experiments/899_coordinate_optimizer_variable_depth_radius_seed610_target1_sources8_txrx60_ringdown050_objectives,outputs/experiments/899_coordinate_optimizer_variable_depth_radius_seed610_target1_sources8_txrx60_ringdown050_objectives/data/multi_rebar_coordinate_optimizer_summary.json,skipped,existing valid pulse/noise artifacts,outputs/experiments/899_coordinate_optimizer_variable_depth_radius_seed610_target1_sources8_txrx60_ringdown050_objectives/figures/source_pulse_noise_context.png,outputs/experiments/899_coordinate_optimizer_variable_depth_radius_seed610_target1_sources8_txrx60_ringdown050_objectives/data/source_pulse_noise_context_summary.json,outputs/experiments/899_coordinate_optimizer_variable_depth_radius_seed610_target1_sources8_txrx60_ringdown050_objectives/figures/FIGURE_NOTES.md,2314,1379,1373,0.10734649946184076,4,199755
898,outputs/experiments/898_coordinate_optimizer_variable_depth_radius_seed610_target1_sources9_txrx60_ringdown050_objectives,outputs/experiments/898_coordinate_optimizer_variable_depth_radius_seed610_target1_sources9_txrx60_ringdown050_objectives/data/multi_rebar_coordinate_optimizer_summary.json,skipped,existing valid pulse/noise artifacts,outputs/experiments/898_coordinate_optimizer_variable_depth_radius_seed610_target1_sources9_txrx60_ringdown050_objectives/figures/source_pulse_noise_context.png,outputs/experiments/898_coordinate_optimizer_variable_depth_radius_seed610_target1_sources9_txrx60_ringdown050_objectives/data/source_pulse_noise_context_summary.json,outputs/experiments/898_coordinate_optimizer_variable_depth_radius_seed610_target1_sources9_txrx60_ringdown050_objectives/figures/FIGURE_NOTES.md,2314,1379,1373,0.10726640134164352,4,199755
897,outputs/experiments/897_coordinate_optimizer_variable_depth_radius_seed610_target1_sources5_txrx60_ringdown050_objectives,outputs/experiments/897_coordinate_optimizer_variable_depth_radius_seed610_target1_sources5_txrx60_ringdown050_objectives/data/multi_rebar_coordinate_optimizer_summary.json,skipped,existing valid pulse/noise artifacts,outputs/experiments/897_coordinate_optimizer_variable_depth_radius_seed610_target1_sources5_txrx60_ringdown050_objectives/figures/source_pulse_noise_context.png,outputs/experiments/897_coordinate_optimizer_variable_depth_radius_seed610_target1_sources5_txrx60_ringdown050_objectives/data/source_pulse_noise_context_summary.json,outputs/experiments/897_coordinate_optimizer_variable_depth_radius_seed610_target1_sources5_txrx60_ringdown050_objectives/figures/FIGURE_NOTES.md,2314,1379,1373,0.10731145653425446,4,199755
896,outputs/experiments/896_coordinate_optimizer_variable_depth_radius_seed610_target2_sources9_txrx60_ringdown025_objectives,outputs/experiments/896_coordinate_optimizer_variable_depth_radius_seed610_target2_sources9_txrx60_ringdown025_objectives/data/multi_rebar_coordinate_optimizer_summary.json,skipped,existing valid pulse/noise artifacts,outputs/experiments/896_coordinate_optimizer_variable_depth_radius_seed610_target2_sources9_txrx60_ringdown025_objectives/figures/source_pulse_noise_context.png,outputs/experiments/896_coordinate_optimizer_variable_depth_radius_seed610_target2_sources9_txrx60_ringdown025_objectives/data/source_pulse_noise_context_summary.json,outputs/experiments/896_coordinate_optimizer_variable_depth_radius_seed610_target2_sources9_txrx60_ringdown025_objectives/figures/FIGURE_NOTES.md,2314,1379,1379,0.1075917999549448,4,199755
895,outputs/experiments/895_coordinate_optimizer_variable_depth_radius_seed610_target2_sources9_txrx60_ringdown035_objectives,outputs/experiments/895_coordinate_optimizer_variable_depth_radius_seed610_target2_sources9_txrx60_ringdown035_objectives/data/multi_rebar_coordinate_optimizer_summary.json,skipped,existing valid pulse/noise artifacts,outputs/experiments/895_coordinate_optimizer_variable_depth_radius_seed610_target2_sources9_txrx60_ringdown035_objectives/figures/source_pulse_noise_context.png,outputs/experiments/895_coordinate_optimizer_variable_depth_radius_seed610_target2_sources9_txrx60_ringdown035_objectives/data/source_pulse_noise_context_summary.json,outputs/experiments/895_coordinate_optimizer_variable_depth_radius_seed610_target2_sources9_txrx60_ringdown035_objectives/figures/FIGURE_NOTES.md,2314,1379,1319,0.10637030362193688,4,199755
894,outputs/experiments/894_coordinate_optimizer_variable_depth_radius_seed610_target2_sources9_txrx60_ringdown040_objectives,outputs/experiments/894_coordinate_optimizer_variable_depth_radius_seed610_target2_sources9_txrx60_ringdown040_objectives/data/multi_rebar_coordinate_optimizer_summary.json,skipped,existing valid pulse/noise artifacts,outputs/experiments/894_coordinate_optimizer_variable_depth_radius_seed610_target2_sources9_txrx60_ringdown040_objectives/figures/source_pulse_noise_context.png,outputs/experiments/894_coordinate_optimizer_variable_depth_radius_seed610_target2_sources9_txrx60_ringdown040_objectives/data/source_pulse_noise_context_summary.json,outputs/experiments/894_coordinate_optimizer_variable_depth_radius_seed610_target2_sources9_txrx60_ringdown040_objectives/figures/FIGURE_NOTES.md,2314,1379,1340,0.10630522389927662,4,199755
893,outputs/experiments/893_coordinate_optimizer_variable_depth_radius_seed610_target2_sources9_txrx60_ringdown0459375_objectives,outputs/experiments/893_coordinate_optimizer_variable_depth_radius_seed610_target2_sources9_txrx60_ringdown0459375_objectives/data/multi_rebar_coordinate_optimizer_summary.json,skipped,existing valid pulse/noise artifacts,outputs/experiments/893_coordinate_optimizer_variable_depth_radius_seed610_target2_sources9_txrx60_ringdown0459375_objectives/figures/source_pulse_noise_context.png,outputs/experiments/893_coordinate_optimizer_variable_depth_radius_seed610_target2_sources9_txrx60_ringdown0459375_objectives/data/source_pulse_noise_context_summary.json,outputs/experiments/893_coordinate_optimizer_variable_depth_radius_seed610_target2_sources9_txrx60_ringdown0459375_objectives/figures/FIGURE_NOTES.md,2314,1379,1385,0.10872318590273085,4,199755
892,outputs/experiments/892_coordinate_optimizer_variable_depth_radius_seed610_target2_sources9_txrx60_ringdown0475_objectives,outputs/experiments/892_coordinate_optimizer_variable_depth_radius_seed610_target2_sources9_txrx60_ringdown0475_objectives/data/multi_rebar_coordinate_optimizer_summary.json,skipped,existing valid pulse/noise artifacts,outputs/experiments/892_coordinate_optimizer_variable_depth_radius_seed610_target2_sources9_txrx60_ringdown0475_objectives/figures/source_pulse_noise_context.png,outputs/experiments/892_coordinate_optimizer_variable_depth_radius_seed610_target2_sources9_txrx60_ringdown0475_objectives/data/source_pulse_noise_context_summary.json,outputs/experiments/892_coordinate_optimizer_variable_depth_radius_seed610_target2_sources9_txrx60_ringdown0475_objectives/figures/FIGURE_NOTES.md,2314,1379,1366,0.10684588621060799,4,199755
891,outputs/experiments/891_coordinate_optimizer_variable_depth_radius_seed610_target2_sources9_txrx60_ringdown049453125_objectives,outputs/experiments/891_coordinate_optimizer_variable_depth_radius_seed610_target2_sources9_txrx60_ringdown049453125_objectives/data/multi_rebar_coordinate_optimizer_summary.json,skipped,existing valid pulse/noise artifacts,outputs/experiments/891_coordinate_optimizer_variable_depth_radius_seed610_target2_sources9_txrx60_ringdown049453125_objectives/figures/source_pulse_noise_context.png,outputs/experiments/891_coordinate_optimizer_variable_depth_radius_seed610_target2_sources9_txrx60_ringdown049453125_objectives/data/source_pulse_noise_context_summary.json,outputs/experiments/891_coordinate_optimizer_variable_depth_radius_seed610_target2_sources9_txrx60_ringdown049453125_objectives/figures/FIGURE_NOTES.md,2314,1379,1357,0.10864809391504593,4,199755
890,outputs/experiments/890_coordinate_optimizer_variable_depth_radius_seed610_target2_sources11_txrx60_ringdown050_objectives,outputs/experiments/890_coordinate_optimizer_variable_depth_radius_seed610_target2_sources11_txrx60_ringdown050_objectives/data/multi_rebar_coordinate_optimizer_summary.json,skipped,existing valid pulse/noise artifacts,outputs/experiments/890_coordinate_optimizer_variable_depth_radius_seed610_target2_sources11_txrx60_ringdown050_objectives/figures/source_pulse_noise_context.png,outputs/experiments/890_coordinate_optimizer_variable_depth_radius_seed610_target2_sources11_txrx60_ringdown050_objectives/data/source_pulse_noise_context_summary.json,outputs/experiments/890_coordinate_optimizer_variable_depth_radius_seed610_target2_sources11_txrx60_ringdown050_objectives/figures/FIGURE_NOTES.md,2314,1379,1372,0.10734649946184076,4,199755
889,outputs/experiments/889_coordinate_optimizer_variable_depth_radius_seed610_target2_sources9_txrx60_ringdown050_objectives,outputs/experiments/889_coordinate_optimizer_variable_depth_radius_seed610_target2_sources9_txrx60_ringdown050_objectives/data/multi_rebar_coordinate_optimizer_summary.json,skipped,existing valid pulse/noise artifacts,outputs/experiments/889_coordinate_optimizer_variable_depth_radius_seed610_target2_sources9_txrx60_ringdown050_objectives/figures/source_pulse_noise_context.png,outputs/experiments/889_coordinate_optimizer_variable_depth_radius_seed610_target2_sources9_txrx60_ringdown050_objectives/data/source_pulse_noise_context_summary.json,outputs/experiments/889_coordinate_optimizer_variable_depth_radius_seed610_target2_sources9_txrx60_ringdown050_objectives/figures/FIGURE_NOTES.md,2314,1379,1373,0.10728642587169282,4,199755
888,outputs/experiments/888_coordinate_optimizer_variable_depth_radius_seed610_target2_sources5_txrx60_ringdown050_objectives,outputs/experiments/888_coordinate_optimizer_variable_depth_radius_seed610_target2_sources5_txrx60_ringdown050_objectives/data/multi_rebar_coordinate_optimizer_summary.json,skipped,existing valid pulse/noise artifacts,outputs/experiments/888_coordinate_optimizer_variable_depth_radius_seed610_target2_sources5_txrx60_ringdown050_objectives/figures/source_pulse_noise_context.png,outputs/experiments/888_coordinate_optimizer_variable_depth_radius_seed610_target2_sources5_txrx60_ringdown050_objectives/data/source_pulse_noise_context_summary.json,outputs/experiments/888_coordinate_optimizer_variable_depth_radius_seed610_target2_sources5_txrx60_ringdown050_objectives/figures/FIGURE_NOTES.md,2314,1379,1373,0.10733148106430378,4,199755
887,outputs/experiments/887_coordinate_optimizer_variable_depth_radius_seed610_target0_sources8_txrx60_ringdown050_objectives,outputs/experiments/887_coordinate_optimizer_variable_depth_radius_seed610_target0_sources8_txrx60_ringdown050_objectives/data/multi_rebar_coordinate_optimizer_summary.json,skipped,existing valid pulse/noise artifacts,outputs/experiments/887_coordinate_optimizer_variable_depth_radius_seed610_target0_sources8_txrx60_ringdown050_objectives/figures/source_pulse_noise_context.png,outputs/experiments/887_coordinate_optimizer_variable_depth_radius_seed610_target0_sources8_txrx60_ringdown050_objectives/data/source_pulse_noise_context_summary.json,outputs/experiments/887_coordinate_optimizer_variable_depth_radius_seed610_target0_sources8_txrx60_ringdown050_objectives/figures/FIGURE_NOTES.md,2314,1379,1373,0.1073915546544517,4,199755
886,outputs/experiments/886_seed377_ringdown050_target_specific_8_5_5_summary,,skipped,no compatible coordinate optimizer summary,,,,,,,,,
885,outputs/experiments/885_coordinate_optimizer_variable_depth_radius_seed377_target1_sources5_txrx60_ringdown050_objectives,outputs/experiments/885_coordinate_optimizer_variable_depth_radius_seed377_target1_sources5_txrx60_ringdown050_objectives/data/multi_rebar_coordinate_optimizer_summary.json,skipped,existing valid pulse/noise artifacts,outputs/experiments/885_coordinate_optimizer_variable_depth_radius_seed377_target1_sources5_txrx60_ringdown050_objectives/figures/source_pulse_noise_context.png,outputs/experiments/885_coordinate_optimizer_variable_depth_radius_seed377_target1_sources5_txrx60_ringdown050_objectives/data/source_pulse_noise_context_summary.json,outputs/experiments/885_coordinate_optimizer_variable_depth_radius_seed377_target1_sources5_txrx60_ringdown050_objectives/figures/FIGURE_NOTES.md,2314,1379,1392,0.1080974193386899,4,199755
884,outputs/experiments/884_coordinate_optimizer_variable_depth_radius_seed377_target2_sources5_txrx60_ringdown050_objectives,outputs/experiments/884_coordinate_optimizer_variable_depth_radius_seed377_target2_sources5_txrx60_ringdown050_objectives/data/multi_rebar_coordinate_optimizer_summary.json,skipped,existing valid pulse/noise artifacts,outputs/experiments/884_coordinate_optimizer_variable_depth_radius_seed377_target2_sources5_txrx60_ringdown050_objectives/figures/source_pulse_noise_context.png,outputs/experiments/884_coordinate_optimizer_variable_depth_radius_seed377_target2_sources5_txrx60_ringdown050_objectives/data/source_pulse_noise_context_summary.json,outputs/experiments/884_coordinate_optimizer_variable_depth_radius_seed377_target2_sources5_txrx60_ringdown050_objectives/figures/FIGURE_NOTES.md,2314,1379,1392,0.1081174438687392,4,199755
883,outputs/experiments/883_coordinate_optimizer_variable_depth_radius_seed377_target0_sources8_txrx60_ringdown050_objectives,outputs/experiments/883_coordinate_optimizer_variable_depth_radius_seed377_target0_sources8_txrx60_ringdown050_objectives/data/multi_rebar_coordinate_optimizer_summary.json,skipped,existing valid pulse/noise artifacts,outputs/experiments/883_coordinate_optimizer_variable_depth_radius_seed377_target0_sources8_txrx60_ringdown050_objectives/figures/source_pulse_noise_context.png,outputs/experiments/883_coordinate_optimizer_variable_depth_radius_seed377_target0_sources8_txrx60_ringdown050_objectives/data/source_pulse_noise_context_summary.json,outputs/experiments/883_coordinate_optimizer_variable_depth_radius_seed377_target0_sources8_txrx60_ringdown050_objectives/figures/FIGURE_NOTES.md,2314,1379,1392,0.10823759104903506,4,199755
882,outputs/experiments/882_seed233_ringdown050_target_specific_8_5_5_summary,,skipped,no compatible coordinate optimizer summary,,,,,,,,,
881,outputs/experiments/881_coordinate_optimizer_variable_depth_radius_seed233_target1_sources5_txrx60_ringdown050_objectives,outputs/experiments/881_coordinate_optimizer_variable_depth_radius_seed233_target1_sources5_txrx60_ringdown050_objectives/data/multi_rebar_coordinate_optimizer_summary.json,skipped,existing valid pulse/noise artifacts,outputs/experiments/881_coordinate_optimizer_variable_depth_radius_seed233_target1_sources5_txrx60_ringdown050_objectives/figures/source_pulse_noise_context.png,outputs/experiments/881_coordinate_optimizer_variable_depth_radius_seed233_target1_sources5_txrx60_ringdown050_objectives/data/source_pulse_noise_context_summary.json,outputs/experiments/881_coordinate_optimizer_variable_depth_radius_seed233_target1_sources5_txrx60_ringdown050_objectives/figures/FIGURE_NOTES.md,2314,1379,1433,0.11396961277565017,4,199755
880,outputs/experiments/880_coordinate_optimizer_variable_depth_radius_seed233_target2_sources5_txrx60_ringdown050_objectives,outputs/experiments/880_coordinate_optimizer_variable_depth_radius_seed233_target2_sources5_txrx60_ringdown050_objectives/data/multi_rebar_coordinate_optimizer_summary.json,skipped,existing valid pulse/noise artifacts,outputs/experiments/880_coordinate_optimizer_variable_depth_radius_seed233_target2_sources5_txrx60_ringdown050_objectives/figures/source_pulse_noise_context.png,outputs/experiments/880_coordinate_optimizer_variable_depth_radius_seed233_target2_sources5_txrx60_ringdown050_objectives/data/source_pulse_noise_context_summary.json,outputs/experiments/880_coordinate_optimizer_variable_depth_radius_seed233_target2_sources5_txrx60_ringdown050_objectives/figures/FIGURE_NOTES.md,2314,1379,1433,0.11398963730569948,4,199755
879,outputs/experiments/879_cross_seed_ringdown050_target_specific_policy_synthesis_v2,,skipped,no compatible coordinate optimizer summary,,,,,,,,,
878,outputs/experiments/878_coordinate_optimizer_variable_depth_radius_seed233_target0_sources8_txrx60_ringdown050_objectives,outputs/experiments/878_coordinate_optimizer_variable_depth_radius_seed233_target0_sources8_txrx60_ringdown050_objectives/data/multi_rebar_coordinate_optimizer_summary.json,skipped,existing valid pulse/noise artifacts,outputs/experiments/878_coordinate_optimizer_variable_depth_radius_seed233_target0_sources8_txrx60_ringdown050_objectives/figures/source_pulse_noise_context.png,outputs/experiments/878_coordinate_optimizer_variable_depth_radius_seed233_target0_sources8_txrx60_ringdown050_objectives/data/source_pulse_noise_context_summary.json,outputs/experiments/878_coordinate_optimizer_variable_depth_radius_seed233_target0_sources8_txrx60_ringdown050_objectives/figures/FIGURE_NOTES.md,2314,1379,1433,0.11410978448599535,4,199755
877,outputs/experiments/877_seed144_ringdown050_target_specific_8_5_5_summary,,skipped,no compatible coordinate optimizer summary,,,,,,,,,
876,outputs/experiments/876_coordinate_optimizer_variable_depth_radius_seed144_target1_sources5_txrx60_ringdown050_objectives,outputs/experiments/876_coordinate_optimizer_variable_depth_radius_seed144_target1_sources5_txrx60_ringdown050_objectives/data/multi_rebar_coordinate_optimizer_summary.json,skipped,existing valid pulse/noise artifacts,outputs/experiments/876_coordinate_optimizer_variable_depth_radius_seed144_target1_sources5_txrx60_ringdown050_objectives/figures/source_pulse_noise_context.png,outputs/experiments/876_coordinate_optimizer_variable_depth_radius_seed144_target1_sources5_txrx60_ringdown050_objectives/data/source_pulse_noise_context_summary.json,outputs/experiments/876_coordinate_optimizer_variable_depth_radius_seed144_target1_sources5_txrx60_ringdown050_objectives/figures/FIGURE_NOTES.md,2314,1379,1406,0.11260293859978474,4,199755
875,outputs/experiments/875_coordinate_optimizer_variable_depth_radius_seed144_target2_sources5_txrx60_ringdown050_objectives,outputs/experiments/875_coordinate_optimizer_variable_depth_radius_seed144_target2_sources5_txrx60_ringdown050_objectives/data/multi_rebar_coordinate_optimizer_summary.json,skipped,existing valid pulse/noise artifacts,outputs/experiments/875_coordinate_optimizer_variable_depth_radius_seed144_target2_sources5_txrx60_ringdown050_objectives/figures/source_pulse_noise_context.png,outputs/experiments/875_coordinate_optimizer_variable_depth_radius_seed144_target2_sources5_txrx60_ringdown050_objectives/data/source_pulse_noise_context_summary.json,outputs/experiments/875_coordinate_optimizer_variable_depth_radius_seed144_target2_sources5_txrx60_ringdown050_objectives/figures/FIGURE_NOTES.md,2314,1379,1406,0.11262296312983405,4,199755
874,outputs/experiments/874_seed55_ringdown050_target_specific_8_5_5_summary,,skipped,no compatible coordinate optimizer summary,,,,,,,,,
873,outputs/experiments/873_coordinate_optimizer_variable_depth_radius_seed144_target0_sources8_txrx60_ringdown050_objectives,outputs/experiments/873_coordinate_optimizer_variable_depth_radius_seed144_target0_sources8_txrx60_ringdown050_objectives/data/multi_rebar_coordinate_optimizer_summary.json,skipped,existing valid pulse/noise artifacts,outputs/experiments/873_coordinate_optimizer_variable_depth_radius_seed144_target0_sources8_txrx60_ringdown050_objectives/figures/source_pulse_noise_context.png,outputs/experiments/873_coordinate_optimizer_variable_depth_radius_seed144_target0_sources8_txrx60_ringdown050_objectives/data/source_pulse_noise_context_summary.json,outputs/experiments/873_coordinate_optimizer_variable_depth_radius_seed144_target0_sources8_txrx60_ringdown050_objectives/figures/FIGURE_NOTES.md,2314,1379,1406,0.11270806738254362,4,199755
872,outputs/experiments/872_coordinate_optimizer_variable_depth_radius_seed55_target1_sources5_txrx60_ringdown050_objectives,outputs/experiments/872_coordinate_optimizer_variable_depth_radius_seed55_target1_sources5_txrx60_ringdown050_objectives/data/multi_rebar_coordinate_optimizer_summary.json,skipped,existing valid pulse/noise artifacts,outputs/experiments/872_coordinate_optimizer_variable_depth_radius_seed55_target1_sources5_txrx60_ringdown050_objectives/figures/source_pulse_noise_context.png,outputs/experiments/872_coordinate_optimizer_variable_depth_radius_seed55_target1_sources5_txrx60_ringdown050_objectives/data/source_pulse_noise_context_summary.json,outputs/experiments/872_coordinate_optimizer_variable_depth_radius_seed55_target1_sources5_txrx60_ringdown050_objectives/figures/FIGURE_NOTES.md,2314,1379,1417,0.11081074316037146,4,199755
871,outputs/experiments/871_coordinate_optimizer_variable_depth_radius_seed55_target2_sources5_txrx60_ringdown050_objectives,outputs/experiments/871_coordinate_optimizer_variable_depth_radius_seed55_target2_sources5_txrx60_ringdown050_objectives/data/multi_rebar_coordinate_optimizer_summary.json,skipped,existing valid pulse/noise artifacts,outputs/experiments/871_coordinate_optimizer_variable_depth_radius_seed55_target2_sources5_txrx60_ringdown050_objectives/figures/source_pulse_noise_context.png,outputs/experiments/871_coordinate_optimizer_variable_depth_radius_seed55_target2_sources5_txrx60_ringdown050_objectives/data/source_pulse_noise_context_summary.json,outputs/experiments/871_coordinate_optimizer_variable_depth_radius_seed55_target2_sources5_txrx60_ringdown050_objectives/figures/FIGURE_NOTES.md,2314,1379,1417,0.1108357738229331,4,199755
870,outputs/experiments/870_coordinate_optimizer_variable_depth_radius_seed55_target0_sources8_txrx60_ringdown050_objectives,outputs/experiments/870_coordinate_optimizer_variable_depth_radius_seed55_target0_sources8_txrx60_ringdown050_objectives/data/multi_rebar_coordinate_optimizer_summary.json,skipped,existing valid pulse/noise artifacts,outputs/experiments/870_coordinate_optimizer_variable_depth_radius_seed55_target0_sources8_txrx60_ringdown050_objectives/figures/source_pulse_noise_context.png,outputs/experiments/870_coordinate_optimizer_variable_depth_radius_seed55_target0_sources8_txrx60_ringdown050_objectives/data/source_pulse_noise_context_summary.json,outputs/experiments/870_coordinate_optimizer_variable_depth_radius_seed55_target0_sources8_txrx60_ringdown050_objectives/figures/FIGURE_NOTES.md,2314,1379,1417,0.11094090260569198,4,199755
869,outputs/experiments/869_coordinate_optimizer_variable_depth_radius_seed89_target2_sources8_txrx60_ringdown050_objectives,outputs/experiments/869_coordinate_optimizer_variable_depth_radius_seed89_target2_sources8_txrx60_ringdown050_objectives/data/multi_rebar_coordinate_optimizer_summary.json,skipped,existing valid pulse/noise artifacts,outputs/experiments/869_coordinate_optimizer_variable_depth_radius_seed89_target2_sources8_txrx60_ringdown050_objectives/figures/source_pulse_noise_context.png,outputs/experiments/869_coordinate_optimizer_variable_depth_radius_seed89_target2_sources8_txrx60_ringdown050_objectives/data/source_pulse_noise_context_summary.json,outputs/experiments/869_coordinate_optimizer_variable_depth_radius_seed89_target2_sources8_txrx60_ringdown050_objectives/figures/FIGURE_NOTES.md,2314,1379,1382,0.10514880728892893,4,199755
868,outputs/experiments/868_coordinate_optimizer_variable_depth_radius_seed89_target2_sources7_txrx60_ringdown050_objectives,outputs/experiments/868_coordinate_optimizer_variable_depth_radius_seed89_target2_sources7_txrx60_ringdown050_objectives/data/multi_rebar_coordinate_optimizer_summary.json,skipped,existing valid pulse/noise artifacts,outputs/experiments/868_coordinate_optimizer_variable_depth_radius_seed89_target2_sources7_txrx60_ringdown050_objectives/figures/source_pulse_noise_context.png,outputs/experiments/868_coordinate_optimizer_variable_depth_radius_seed89_target2_sources7_txrx60_ringdown050_objectives/data/source_pulse_noise_context_summary.json,outputs/experiments/868_coordinate_optimizer_variable_depth_radius_seed89_target2_sources7_txrx60_ringdown050_objectives/figures/FIGURE_NOTES.md,2314,1379,1382,0.10507371530124403,4,199755
867,outputs/experiments/867_coordinate_optimizer_variable_depth_radius_seed34_target2_sources8_txrx60_ringdown050_objectives,outputs/experiments/867_coordinate_optimizer_variable_depth_radius_seed34_target2_sources8_txrx60_ringdown050_objectives/data/multi_rebar_coordinate_optimizer_summary.json,skipped,existing valid pulse/noise artifacts,outputs/experiments/867_coordinate_optimizer_variable_depth_radius_seed34_target2_sources8_txrx60_ringdown050_objectives/figures/source_pulse_noise_context.png,outputs/experiments/867_coordinate_optimizer_variable_depth_radius_seed34_target2_sources8_txrx60_ringdown050_objectives/data/source_pulse_noise_context_summary.json,outputs/experiments/867_coordinate_optimizer_variable_depth_radius_seed34_target2_sources8_txrx60_ringdown050_objectives/figures/FIGURE_NOTES.md,2314,1379,1393,0.10801732121849265,4,199755
866,outputs/experiments/866_coordinate_optimizer_variable_depth_radius_seed34_target2_sources7_txrx60_ringdown050_objectives,outputs/experiments/866_coordinate_optimizer_variable_depth_radius_seed34_target2_sources7_txrx60_ringdown050_objectives/data/multi_rebar_coordinate_optimizer_summary.json,skipped,existing valid pulse/noise artifacts,outputs/experiments/866_coordinate_optimizer_variable_depth_radius_seed34_target2_sources7_txrx60_ringdown050_objectives/figures/source_pulse_noise_context.png,outputs/experiments/866_coordinate_optimizer_variable_depth_radius_seed34_target2_sources7_txrx60_ringdown050_objectives/data/source_pulse_noise_context_summary.json,outputs/experiments/866_coordinate_optimizer_variable_depth_radius_seed34_target2_sources7_txrx60_ringdown050_objectives/figures/FIGURE_NOTES.md,2314,1379,1393,0.10797226602588171,4,199755
865,outputs/experiments/865_cross_seed_ringdown050_target_specific_policy_synthesis,,skipped,no compatible coordinate optimizer summary,,,,,,,,,
864,outputs/experiments/864_coordinate_optimizer_variable_depth_radius_seed21_target2_sources9_txrx60_ringdown049453125_objectives,outputs/experiments/864_coordinate_optimizer_variable_depth_radius_seed21_target2_sources9_txrx60_ringdown049453125_objectives/data/multi_rebar_coordinate_optimizer_summary.json,skipped,existing valid pulse/noise artifacts,outputs/experiments/864_coordinate_optimizer_variable_depth_radius_seed21_target2_sources9_txrx60_ringdown049453125_objectives/figures/source_pulse_noise_context.png,outputs/experiments/864_coordinate_optimizer_variable_depth_radius_seed21_target2_sources9_txrx60_ringdown049453125_objectives/data/source_pulse_noise_context_summary.json,outputs/experiments/864_coordinate_optimizer_variable_depth_radius_seed21_target2_sources9_txrx60_ringdown049453125_objectives/figures/FIGURE_NOTES.md,2314,1379,1436,0.11311356411604215,4,199755
863,outputs/experiments/863_seed34_ringdown050_target_specific_8_5_9_summary,,skipped,no compatible coordinate optimizer summary,,,,,,,,,
862,outputs/experiments/862_coordinate_optimizer_variable_depth_radius_seed34_target2_sources9_txrx60_ringdown050_objectives,outputs/experiments/862_coordinate_optimizer_variable_depth_radius_seed34_target2_sources9_txrx60_ringdown050_objectives/data/multi_rebar_coordinate_optimizer_summary.json,skipped,existing valid pulse/noise artifacts,outputs/experiments/862_coordinate_optimizer_variable_depth_radius_seed34_target2_sources9_txrx60_ringdown050_objectives/figures/source_pulse_noise_context.png,outputs/experiments/862_coordinate_optimizer_variable_depth_radius_seed34_target2_sources9_txrx60_ringdown050_objectives/data/source_pulse_noise_context_summary.json,outputs/experiments/862_coordinate_optimizer_variable_depth_radius_seed34_target2_sources9_txrx60_ringdown050_objectives/figures/FIGURE_NOTES.md,2314,1379,1393,0.10796225376085705,4,199755
861,outputs/experiments/861_coordinate_optimizer_variable_depth_radius_seed34_target2_sources5_txrx60_ringdown050_objectives,outputs/experiments/861_coordinate_optimizer_variable_depth_radius_seed34_target2_sources5_txrx60_ringdown050_objectives/data/multi_rebar_coordinate_optimizer_summary.json,skipped,existing valid pulse/noise artifacts,outputs/experiments/861_coordinate_optimizer_variable_depth_radius_seed34_target2_sources5_txrx60_ringdown050_objectives/figures/source_pulse_noise_context.png,outputs/experiments/861_coordinate_optimizer_variable_depth_radius_seed34_target2_sources5_txrx60_ringdown050_objectives/data/source_pulse_noise_context_summary.json,outputs/experiments/861_coordinate_optimizer_variable_depth_radius_seed34_target2_sources5_txrx60_ringdown050_objectives/figures/FIGURE_NOTES.md,2314,1379,1393,0.10796225376085705,4,199755
860,outputs/experiments/860_coordinate_optimizer_variable_depth_radius_seed34_target1_sources5_txrx60_ringdown050_objectives,outputs/experiments/860_coordinate_optimizer_variable_depth_radius_seed34_target1_sources5_txrx60_ringdown050_objectives/data/multi_rebar_coordinate_optimizer_summary.json,skipped,existing valid pulse/noise artifacts,outputs/experiments/860_coordinate_optimizer_variable_depth_radius_seed34_target1_sources5_txrx60_ringdown050_objectives/figures/source_pulse_noise_context.png,outputs/experiments/860_coordinate_optimizer_variable_depth_radius_seed34_target1_sources5_txrx60_ringdown050_objectives/data/source_pulse_noise_context_summary.json,outputs/experiments/860_coordinate_optimizer_variable_depth_radius_seed34_target1_sources5_txrx60_ringdown050_objectives/figures/FIGURE_NOTES.md,2314,1379,1393,0.10793722309829541,4,199755
859,outputs/experiments/859_coordinate_optimizer_variable_depth_radius_seed34_target0_sources8_txrx60_ringdown050_objectives,outputs/experiments/859_coordinate_optimizer_variable_depth_radius_seed34_target0_sources8_txrx60_ringdown050_objectives/data/multi_rebar_coordinate_optimizer_summary.json,skipped,existing valid pulse/noise artifacts,outputs/experiments/859_coordinate_optimizer_variable_depth_radius_seed34_target0_sources8_txrx60_ringdown050_objectives/figures/source_pulse_noise_context.png,outputs/experiments/859_coordinate_optimizer_variable_depth_radius_seed34_target0_sources8_txrx60_ringdown050_objectives/data/source_pulse_noise_context_summary.json,outputs/experiments/859_coordinate_optimizer_variable_depth_radius_seed34_target0_sources8_txrx60_ringdown050_objectives/figures/FIGURE_NOTES.md,2314,1379,1393,0.10808740707366524,4,199755
858,outputs/experiments/858_coordinate_optimizer_variable_depth_radius_seed21_target0_sources7_txrx60_ringdown050_objectives,outputs/experiments/858_coordinate_optimizer_variable_depth_radius_seed21_target0_sources7_txrx60_ringdown050_objectives/data/multi_rebar_coordinate_optimizer_summary.json,skipped,existing valid pulse/noise artifacts,outputs/experiments/858_coordinate_optimizer_variable_depth_radius_seed21_target0_sources7_txrx60_ringdown050_objectives/figures/source_pulse_noise_context.png,outputs/experiments/858_coordinate_optimizer_variable_depth_radius_seed21_target0_sources7_txrx60_ringdown050_objectives/data/source_pulse_noise_context_summary.json,outputs/experiments/858_coordinate_optimizer_variable_depth_radius_seed21_target0_sources7_txrx60_ringdown050_objectives/figures/FIGURE_NOTES.md,2314,1379,1464,0.11160171209731921,4,199755
857,outputs/experiments/857_seed21_target0_ringdown_threshold_summary,,skipped,no compatible coordinate optimizer summary,,,,,,,,,
856,outputs/experiments/856_coordinate_optimizer_variable_depth_radius_seed21_target0_sources8_txrx60_ringdown04947265625_objectives,outputs/experiments/856_coordinate_optimizer_variable_depth_radius_seed21_target0_sources8_txrx60_ringdown04947265625_objectives/data/multi_rebar_coordinate_optimizer_summary.json,skipped,existing valid pulse/noise artifacts,outputs/experiments/856_coordinate_optimizer_variable_depth_radius_seed21_target0_sources8_txrx60_ringdown04947265625_objectives/figures/source_pulse_noise_context.png,outputs/experiments/856_coordinate_optimizer_variable_depth_radius_seed21_target0_sources8_txrx60_ringdown04947265625_objectives/data/source_pulse_noise_context_summary.json,outputs/experiments/856_coordinate_optimizer_variable_depth_radius_seed21_target0_sources8_txrx60_ringdown04947265625_objectives/figures/FIGURE_NOTES.md,2314,1379,1432,0.11331380941653525,4,199755
855,outputs/experiments/855_coordinate_optimizer_variable_depth_radius_seed21_target0_sources8_txrx60_ringdown0494921875_objectives,outputs/experiments/855_coordinate_optimizer_variable_depth_radius_seed21_target0_sources8_txrx60_ringdown0494921875_objectives/data/multi_rebar_coordinate_optimizer_summary.json,skipped,existing valid pulse/noise artifacts,outputs/experiments/855_coordinate_optimizer_variable_depth_radius_seed21_target0_sources8_txrx60_ringdown0494921875_objectives/figures/source_pulse_noise_context.png,outputs/experiments/855_coordinate_optimizer_variable_depth_radius_seed21_target0_sources8_txrx60_ringdown0494921875_objectives/data/source_pulse_noise_context_summary.json,outputs/experiments/855_coordinate_optimizer_variable_depth_radius_seed21_target0_sources8_txrx60_ringdown0494921875_objectives/figures/FIGURE_NOTES.md,2314,1379,1434,0.11324372356136267,4,199755
854,outputs/experiments/854_coordinate_optimizer_variable_depth_radius_seed21_target0_sources8_txrx60_ringdown049453125_objectives,outputs/experiments/854_coordinate_optimizer_variable_depth_radius_seed21_target0_sources8_txrx60_ringdown049453125_objectives/data/multi_rebar_coordinate_optimizer_summary.json,skipped,existing valid pulse/noise artifacts,outputs/experiments/854_coordinate_optimizer_variable_depth_radius_seed21_target0_sources8_txrx60_ringdown049453125_objectives/figures/source_pulse_noise_context.png,outputs/experiments/854_coordinate_optimizer_variable_depth_radius_seed21_target0_sources8_txrx60_ringdown049453125_objectives/data/source_pulse_noise_context_summary.json,outputs/experiments/854_coordinate_optimizer_variable_depth_radius_seed21_target0_sources8_txrx60_ringdown049453125_objectives/figures/FIGURE_NOTES.md,2314,1379,1436,0.11309353958599284,4,199755
853,outputs/experiments/853_coordinate_optimizer_variable_depth_radius_seed21_target0_sources8_txrx60_ringdown04953125_objectives,outputs/experiments/853_coordinate_optimizer_variable_depth_radius_seed21_target0_sources8_txrx60_ringdown04953125_objectives/data/multi_rebar_coordinate_optimizer_summary.json,skipped,existing valid pulse/noise artifacts,outputs/experiments/853_coordinate_optimizer_variable_depth_radius_seed21_target0_sources8_txrx60_ringdown04953125_objectives/figures/source_pulse_noise_context.png,outputs/experiments/853_coordinate_optimizer_variable_depth_radius_seed21_target0_sources8_txrx60_ringdown04953125_objectives/data/source_pulse_noise_context_summary.json,outputs/experiments/853_coordinate_optimizer_variable_depth_radius_seed21_target0_sources8_txrx60_ringdown04953125_objectives/figures/FIGURE_NOTES.md,2314,1379,1431,0.11145653425446171,4,199755
852,outputs/experiments/852_coordinate_optimizer_variable_depth_radius_seed21_target0_sources8_txrx60_ringdown0496875_objectives,outputs/experiments/852_coordinate_optimizer_variable_depth_radius_seed21_target0_sources8_txrx60_ringdown0496875_objectives/data/multi_rebar_coordinate_optimizer_summary.json,skipped,existing valid pulse/noise artifacts,outputs/experiments/852_coordinate_optimizer_variable_depth_radius_seed21_target0_sources8_txrx60_ringdown0496875_objectives/figures/source_pulse_noise_context.png,outputs/experiments/852_coordinate_optimizer_variable_depth_radius_seed21_target0_sources8_txrx60_ringdown0496875_objectives/data/source_pulse_noise_context_summary.json,outputs/experiments/852_coordinate_optimizer_variable_depth_radius_seed21_target0_sources8_txrx60_ringdown0496875_objectives/figures/FIGURE_NOTES.md,2314,1379,1434,0.1121423744086506,4,199755
851,outputs/experiments/851_seed21_ringdown049375_target_specific_8_5_9_summary,,skipped,no compatible coordinate optimizer summary,,,,,,,,,
850,outputs/experiments/850_coordinate_optimizer_variable_depth_radius_seed21_target2_sources9_txrx60_ringdown049375_objectives,outputs/experiments/850_coordinate_optimizer_variable_depth_radius_seed21_target2_sources9_txrx60_ringdown049375_objectives/data/multi_rebar_coordinate_optimizer_summary.json,skipped,existing valid pulse/noise artifacts,outputs/experiments/850_coordinate_optimizer_variable_depth_radius_seed21_target2_sources9_txrx60_ringdown049375_objectives/figures/source_pulse_noise_context.png,outputs/experiments/850_coordinate_optimizer_variable_depth_radius_seed21_target2_sources9_txrx60_ringdown049375_objectives/data/source_pulse_noise_context_summary.json,outputs/experiments/850_coordinate_optimizer_variable_depth_radius_seed21_target2_sources9_txrx60_ringdown049375_objectives/figures/FIGURE_NOTES.md,2484,1892,1330,0.10779717885147296,5,188363
849,outputs/experiments/849_coordinate_optimizer_variable_depth_radius_seed21_target0_sources8_txrx60_ringdown049375_objectives,outputs/experiments/849_coordinate_optimizer_variable_depth_radius_seed21_target0_sources8_txrx60_ringdown049375_objectives/data/multi_rebar_coordinate_optimizer_summary.json,skipped,existing valid pulse/noise artifacts,outputs/experiments/849_coordinate_optimizer_variable_depth_radius_seed21_target0_sources8_txrx60_ringdown049375_objectives/figures/source_pulse_noise_context.png,outputs/experiments/849_coordinate_optimizer_variable_depth_radius_seed21_target0_sources8_txrx60_ringdown049375_objectives/data/source_pulse_noise_context_summary.json,outputs/experiments/849_coordinate_optimizer_variable_depth_radius_seed21_target0_sources8_txrx60_ringdown049375_objectives/figures/FIGURE_NOTES.md,2314,1379,1448,0.11297339240569698,4,199755
848,outputs/experiments/848_coordinate_optimizer_variable_depth_radius_seed21_target0_sources8_txrx60_ringdown0475_objectives,outputs/experiments/848_coordinate_optimizer_variable_depth_radius_seed21_target0_sources8_txrx60_ringdown0475_objectives/data/multi_rebar_coordinate_optimizer_summary.json,skipped,existing valid pulse/noise artifacts,outputs/experiments/848_coordinate_optimizer_variable_depth_radius_seed21_target0_sources8_txrx60_ringdown0475_objectives/figures/source_pulse_noise_context.png,outputs/experiments/848_coordinate_optimizer_variable_depth_radius_seed21_target0_sources8_txrx60_ringdown0475_objectives/data/source_pulse_noise_context_summary.json,outputs/experiments/848_coordinate_optimizer_variable_depth_radius_seed21_target0_sources8_txrx60_ringdown0475_objectives/figures/FIGURE_NOTES.md,2314,1379,1465,0.1113814422667768,4,199755
847,outputs/experiments/847_coordinate_optimizer_variable_depth_radius_seed21_target0_sources9_txrx60_ringdown050_objectives,outputs/experiments/847_coordinate_optimizer_variable_depth_radius_seed21_target0_sources9_txrx60_ringdown050_objectives/data/multi_rebar_coordinate_optimizer_summary.json,skipped,existing valid pulse/noise artifacts,outputs/experiments/847_coordinate_optimizer_variable_depth_radius_seed21_target0_sources9_txrx60_ringdown050_objectives/figures/source_pulse_noise_context.png,outputs/experiments/847_coordinate_optimizer_variable_depth_radius_seed21_target0_sources9_txrx60_ringdown050_objectives/data/source_pulse_noise_context_summary.json,outputs/experiments/847_coordinate_optimizer_variable_depth_radius_seed21_target0_sources9_txrx60_ringdown050_objectives/figures/FIGURE_NOTES.md,2314,1379,1464,0.11156666916973293,4,199755
846,outputs/experiments/846_coordinate_optimizer_variable_depth_radius_seed21_target0_sources8_txrx60_ringdown050_objectives,outputs/experiments/846_coordinate_optimizer_variable_depth_radius_seed21_target0_sources8_txrx60_ringdown050_objectives/data/multi_rebar_coordinate_optimizer_summary.json,skipped,existing valid pulse/noise artifacts,outputs/experiments/846_coordinate_optimizer_variable_depth_radius_seed21_target0_sources8_txrx60_ringdown050_objectives/figures/source_pulse_noise_context.png,outputs/experiments/846_coordinate_optimizer_variable_depth_radius_seed21_target0_sources8_txrx60_ringdown050_objectives/data/source_pulse_noise_context_summary.json,outputs/experiments/846_coordinate_optimizer_variable_depth_radius_seed21_target0_sources8_txrx60_ringdown050_objectives/figures/FIGURE_NOTES.md,2314,1379,1465,0.11162173662736853,4,199755
845,outputs/experiments/845_seed89_ringdown050_target_specific_8_5_9_summary,,skipped,no compatible coordinate optimizer summary,,,,,,,,,
844,outputs/experiments/844_coordinate_optimizer_variable_depth_radius_seed89_target2_sources9_txrx60_ringdown050_objectives,outputs/experiments/844_coordinate_optimizer_variable_depth_radius_seed89_target2_sources9_txrx60_ringdown050_objectives/data/multi_rebar_coordinate_optimizer_summary.json,skipped,existing valid pulse/noise artifacts,outputs/experiments/844_coordinate_optimizer_variable_depth_radius_seed89_target2_sources9_txrx60_ringdown050_objectives/figures/source_pulse_noise_context.png,outputs/experiments/844_coordinate_optimizer_variable_depth_radius_seed89_target2_sources9_txrx60_ringdown050_objectives/data/source_pulse_noise_context_summary.json,outputs/experiments/844_coordinate_optimizer_variable_depth_radius_seed89_target2_sources9_txrx60_ringdown050_objectives/figures/FIGURE_NOTES.md,2314,1379,1382,0.10503366624114541,4,199755
843,outputs/experiments/843_coordinate_optimizer_variable_depth_radius_seed89_target2_sources5_txrx60_ringdown050_objectives,outputs/experiments/843_coordinate_optimizer_variable_depth_radius_seed89_target2_sources5_txrx60_ringdown050_objectives/data/multi_rebar_coordinate_optimizer_summary.json,skipped,existing valid pulse/noise artifacts,outputs/experiments/843_coordinate_optimizer_variable_depth_radius_seed89_target2_sources5_txrx60_ringdown050_objectives/figures/source_pulse_noise_context.png,outputs/experiments/843_coordinate_optimizer_variable_depth_radius_seed89_target2_sources5_txrx60_ringdown050_objectives/data/source_pulse_noise_context_summary.json,outputs/experiments/843_coordinate_optimizer_variable_depth_radius_seed89_target2_sources5_txrx60_ringdown050_objectives/figures/FIGURE_NOTES.md,2314,1379,1382,0.1051237766263673,4,199755
842,outputs/experiments/842_coordinate_optimizer_variable_depth_radius_seed89_target0_sources8_txrx60_ringdown050_objectives,outputs/experiments/842_coordinate_optimizer_variable_depth_radius_seed89_target0_sources8_txrx60_ringdown050_objectives/data/multi_rebar_coordinate_optimizer_summary.json,skipped,existing valid pulse/noise artifacts,outputs/experiments/842_coordinate_optimizer_variable_depth_radius_seed89_target0_sources8_txrx60_ringdown050_objectives/figures/source_pulse_noise_context.png,outputs/experiments/842_coordinate_optimizer_variable_depth_radius_seed89_target0_sources8_txrx60_ringdown050_objectives/data/source_pulse_noise_context_summary.json,outputs/experiments/842_coordinate_optimizer_variable_depth_radius_seed89_target0_sources8_txrx60_ringdown050_objectives/figures/FIGURE_NOTES.md,2314,1379,1382,0.1051237766263673,4,199755
841,outputs/experiments/841_seed13_ringdown050_target_specific_8_5_5_summary,,skipped,no compatible coordinate optimizer summary,,,,,,,,,
840,outputs/experiments/840_coordinate_optimizer_variable_depth_radius_seed13_target0_sources8_txrx60_ringdown050_objectives,outputs/experiments/840_coordinate_optimizer_variable_depth_radius_seed13_target0_sources8_txrx60_ringdown050_objectives/data/multi_rebar_coordinate_optimizer_summary.json,skipped,existing valid pulse/noise artifacts,outputs/experiments/840_coordinate_optimizer_variable_depth_radius_seed13_target0_sources8_txrx60_ringdown050_objectives/figures/source_pulse_noise_context.png,outputs/experiments/840_coordinate_optimizer_variable_depth_radius_seed13_target0_sources8_txrx60_ringdown050_objectives/data/source_pulse_noise_context_summary.json,outputs/experiments/840_coordinate_optimizer_variable_depth_radius_seed13_target0_sources8_txrx60_ringdown050_objectives/figures/FIGURE_NOTES.md,2314,1379,1471,0.11118620309879602,4,199755
839,outputs/experiments/839_coordinate_optimizer_variable_depth_radius_seed13_target0_sources5_txrx60_ringdown050_objectives,outputs/experiments/839_coordinate_optimizer_variable_depth_radius_seed13_target0_sources5_txrx60_ringdown050_objectives/data/multi_rebar_coordinate_optimizer_summary.json,skipped,existing valid pulse/noise artifacts,outputs/experiments/839_coordinate_optimizer_variable_depth_radius_seed13_target0_sources5_txrx60_ringdown050_objectives/figures/source_pulse_noise_context.png,outputs/experiments/839_coordinate_optimizer_variable_depth_radius_seed13_target0_sources5_txrx60_ringdown050_objectives/data/source_pulse_noise_context_summary.json,outputs/experiments/839_coordinate_optimizer_variable_depth_radius_seed13_target0_sources5_txrx60_ringdown050_objectives/figures/FIGURE_NOTES.md,2314,1379,1471,0.11107606818352482,4,199755
838,outputs/experiments/838_coordinate_optimizer_variable_depth_radius_seed13_target2_sources5_txrx60_ringdown050_objectives,outputs/experiments/838_coordinate_optimizer_variable_depth_radius_seed13_target2_sources5_txrx60_ringdown050_objectives/data/multi_rebar_coordinate_optimizer_summary.json,skipped,existing valid pulse/noise artifacts,outputs/experiments/838_coordinate_optimizer_variable_depth_radius_seed13_target2_sources5_txrx60_ringdown050_objectives/figures/source_pulse_noise_context.png,outputs/experiments/838_coordinate_optimizer_variable_depth_radius_seed13_target2_sources5_txrx60_ringdown050_objectives/data/source_pulse_noise_context_summary.json,outputs/experiments/838_coordinate_optimizer_variable_depth_radius_seed13_target2_sources5_txrx60_ringdown050_objectives/figures/FIGURE_NOTES.md,2314,1379,1471,0.11102600685840154,4,199755
837,outputs/experiments/837_three_seed_target1_5source_ringdown050_transfer_summary,,skipped,no compatible coordinate optimizer summary,,,,,,,,,
836,outputs/experiments/836_coordinate_optimizer_variable_depth_radius_seed21_target1_sources5_txrx60_ringdown050_objectives,outputs/experiments/836_coordinate_optimizer_variable_depth_radius_seed21_target1_sources5_txrx60_ringdown050_objectives/data/multi_rebar_coordinate_optimizer_summary.json,skipped,existing valid pulse/noise artifacts,outputs/experiments/836_coordinate_optimizer_variable_depth_radius_seed21_target1_sources5_txrx60_ringdown050_objectives/figures/source_pulse_noise_context.png,outputs/experiments/836_coordinate_optimizer_variable_depth_radius_seed21_target1_sources5_txrx60_ringdown050_objectives/data/source_pulse_noise_context_summary.json,outputs/experiments/836_coordinate_optimizer_variable_depth_radius_seed21_target1_sources5_txrx60_ringdown050_objectives/figures/FIGURE_NOTES.md,2314,1379,1464,0.11146654651948637,4,199755
835,outputs/experiments/835_coordinate_optimizer_variable_depth_radius_seed89_target1_sources5_txrx60_ringdown050_objectives,outputs/experiments/835_coordinate_optimizer_variable_depth_radius_seed89_target1_sources5_txrx60_ringdown050_objectives/data/multi_rebar_coordinate_optimizer_summary.json,skipped,existing valid pulse/noise artifacts,outputs/experiments/835_coordinate_optimizer_variable_depth_radius_seed89_target1_sources5_txrx60_ringdown050_objectives/figures/source_pulse_noise_context.png,outputs/experiments/835_coordinate_optimizer_variable_depth_radius_seed89_target1_sources5_txrx60_ringdown050_objectives/data/source_pulse_noise_context_summary.json,outputs/experiments/835_coordinate_optimizer_variable_depth_radius_seed89_target1_sources5_txrx60_ringdown050_objectives/figures/FIGURE_NOTES.md,2314,1379,1382,0.10509874596380567,4,199755
834,outputs/experiments/834_coordinate_optimizer_variable_depth_radius_seed13_target1_sources5_txrx60_ringdown050_objectives,outputs/experiments/834_coordinate_optimizer_variable_depth_radius_seed13_target1_sources5_txrx60_ringdown050_objectives/data/multi_rebar_coordinate_optimizer_summary.json,skipped,existing valid pulse/noise artifacts,outputs/experiments/834_coordinate_optimizer_variable_depth_radius_seed13_target1_sources5_txrx60_ringdown050_objectives/figures/source_pulse_noise_context.png,outputs/experiments/834_coordinate_optimizer_variable_depth_radius_seed13_target1_sources5_txrx60_ringdown050_objectives/data/source_pulse_noise_context_summary.json,outputs/experiments/834_coordinate_optimizer_variable_depth_radius_seed13_target1_sources5_txrx60_ringdown050_objectives/figures/FIGURE_NOTES.md,2314,1379,1471,0.1110009761958399,4,199755
833,outputs/experiments/833_seed13_target1_5source_acquisition_boundary_summary,,skipped,no compatible coordinate optimizer summary,,,,,,,,,
832,outputs/experiments/832_coordinate_optimizer_variable_depth_radius_seed13_target1_sources5_txrx60_ringdown0475_objectives,outputs/experiments/832_coordinate_optimizer_variable_depth_radius_seed13_target1_sources5_txrx60_ringdown0475_objectives/data/multi_rebar_coordinate_optimizer_summary.json,skipped,existing valid pulse/noise artifacts,outputs/experiments/832_coordinate_optimizer_variable_depth_radius_seed13_target1_sources5_txrx60_ringdown0475_objectives/figures/source_pulse_noise_context.png,outputs/experiments/832_coordinate_optimizer_variable_depth_radius_seed13_target1_sources5_txrx60_ringdown0475_objectives/data/source_pulse_noise_context_summary.json,outputs/experiments/832_coordinate_optimizer_variable_depth_radius_seed13_target1_sources5_txrx60_ringdown0475_objectives/figures/FIGURE_NOTES.md,2314,1379,1474,0.1107807063652975,4,199755
831,outputs/experiments/831_coordinate_optimizer_variable_depth_radius_seed13_target1_sources5_txrx60_ringdown046875_objectives,outputs/experiments/831_coordinate_optimizer_variable_depth_radius_seed13_target1_sources5_txrx60_ringdown046875_objectives/data/multi_rebar_coordinate_optimizer_summary.json,skipped,existing valid pulse/noise artifacts,outputs/experiments/831_coordinate_optimizer_variable_depth_radius_seed13_target1_sources5_txrx60_ringdown046875_objectives/figures/source_pulse_noise_context.png,outputs/experiments/831_coordinate_optimizer_variable_depth_radius_seed13_target1_sources5_txrx60_ringdown046875_objectives/data/source_pulse_noise_context_summary.json,outputs/experiments/831_coordinate_optimizer_variable_depth_radius_seed13_target1_sources5_txrx60_ringdown046875_objectives/figures/FIGURE_NOTES.md,2314,1379,1455,0.11088583514805637,4,199755
830,outputs/experiments/830_coordinate_optimizer_variable_depth_radius_seed13_target1_sources5_txrx60_ringdown04625_objectives,outputs/experiments/830_coordinate_optimizer_variable_depth_radius_seed13_target1_sources5_txrx60_ringdown04625_objectives/data/multi_rebar_coordinate_optimizer_summary.json,skipped,existing valid pulse/noise artifacts,outputs/experiments/830_coordinate_optimizer_variable_depth_radius_seed13_target1_sources5_txrx60_ringdown04625_objectives/figures/source_pulse_noise_context.png,outputs/experiments/830_coordinate_optimizer_variable_depth_radius_seed13_target1_sources5_txrx60_ringdown04625_objectives/data/source_pulse_noise_context_summary.json,outputs/experiments/830_coordinate_optimizer_variable_depth_radius_seed13_target1_sources5_txrx60_ringdown04625_objectives/figures/FIGURE_NOTES.md,2314,1379,1477,0.11180195739781232,4,199755
829,outputs/experiments/829_coordinate_optimizer_variable_depth_radius_seed13_target1_sources5_txrx60_ringdown0459375_objectives,outputs/experiments/829_coordinate_optimizer_variable_depth_radius_seed13_target1_sources5_txrx60_ringdown0459375_objectives/data/multi_rebar_coordinate_optimizer_summary.json,skipped,existing valid pulse/noise artifacts,outputs/experiments/829_coordinate_optimizer_variable_depth_radius_seed13_target1_sources5_txrx60_ringdown0459375_objectives/figures/source_pulse_noise_context.png,outputs/experiments/829_coordinate_optimizer_variable_depth_radius_seed13_target1_sources5_txrx60_ringdown0459375_objectives/data/source_pulse_noise_context_summary.json,outputs/experiments/829_coordinate_optimizer_variable_depth_radius_seed13_target1_sources5_txrx60_ringdown0459375_objectives/figures/FIGURE_NOTES.md,2314,1379,1489,0.11254787114214913,4,199755
828,outputs/experiments/828_three_seed_alltargets_ringdown0459375_transfer_summary,,skipped,no compatible coordinate optimizer summary,,,,,,,,,
827,outputs/experiments/827_seed21_alltargets_ringdown0459375_transfer_summary,,skipped,no compatible coordinate optimizer summary,,,,,,,,,
826,outputs/experiments/826_coordinate_optimizer_variable_depth_radius_seed21_target0_sources8_txrx60_ringdown0459375_objectives,outputs/experiments/826_coordinate_optimizer_variable_depth_radius_seed21_target0_sources8_txrx60_ringdown0459375_objectives/data/multi_rebar_coordinate_optimizer_summary.json,skipped,existing valid pulse/noise artifacts,outputs/experiments/826_coordinate_optimizer_variable_depth_radius_seed21_target0_sources8_txrx60_ringdown0459375_objectives/figures/source_pulse_noise_context.png,outputs/experiments/826_coordinate_optimizer_variable_depth_radius_seed21_target0_sources8_txrx60_ringdown0459375_objectives/data/source_pulse_noise_context_summary.json,outputs/experiments/826_coordinate_optimizer_variable_depth_radius_seed21_target0_sources8_txrx60_ringdown0459375_objectives/figures/FIGURE_NOTES.md,2314,1379,1464,0.11316863157367775,4,199755
825,outputs/experiments/825_coordinate_optimizer_variable_depth_radius_seed21_target2_sources9_txrx60_ringdown0459375_objectives,outputs/experiments/825_coordinate_optimizer_variable_depth_radius_seed21_target2_sources9_txrx60_ringdown0459375_objectives/data/multi_rebar_coordinate_optimizer_summary.json,skipped,existing valid pulse/noise artifacts,outputs/experiments/825_coordinate_optimizer_variable_depth_radius_seed21_target2_sources9_txrx60_ringdown0459375_objectives/figures/source_pulse_noise_context.png,outputs/experiments/825_coordinate_optimizer_variable_depth_radius_seed21_target2_sources9_txrx60_ringdown0459375_objectives/data/source_pulse_noise_context_summary.json,outputs/experiments/825_coordinate_optimizer_variable_depth_radius_seed21_target2_sources9_txrx60_ringdown0459375_objectives/figures/FIGURE_NOTES.md,2314,1379,1464,0.1131235763810668,4,199755
824,outputs/experiments/824_seed89_alltargets_ringdown0459375_transfer_summary,,skipped,no compatible coordinate optimizer summary,,,,,,,,,
823,outputs/experiments/823_coordinate_optimizer_variable_depth_radius_seed89_target0_sources8_txrx60_ringdown0459375_objectives,outputs/experiments/823_coordinate_optimizer_variable_depth_radius_seed89_target0_sources8_txrx60_ringdown0459375_objectives/data/multi_rebar_coordinate_optimizer_summary.json,skipped,existing valid pulse/noise artifacts,outputs/experiments/823_coordinate_optimizer_variable_depth_radius_seed89_target0_sources8_txrx60_ringdown0459375_objectives/figures/source_pulse_noise_context.png,outputs/experiments/823_coordinate_optimizer_variable_depth_radius_seed89_target0_sources8_txrx60_ringdown0459375_objectives/data/source_pulse_noise_context_summary.json,outputs/experiments/823_coordinate_optimizer_variable_depth_radius_seed89_target0_sources8_txrx60_ringdown0459375_objectives/figures/FIGURE_NOTES.md,2314,1379,1399,0.10660058571750394,4,199755
822,outputs/experiments/822_coordinate_optimizer_variable_depth_radius_seed89_target2_sources9_txrx60_ringdown0459375_objectives,outputs/experiments/822_coordinate_optimizer_variable_depth_radius_seed89_target2_sources9_txrx60_ringdown0459375_objectives/data/multi_rebar_coordinate_optimizer_summary.json,skipped,existing valid pulse/noise artifacts,outputs/experiments/822_coordinate_optimizer_variable_depth_radius_seed89_target2_sources9_txrx60_ringdown0459375_objectives/figures/source_pulse_noise_context.png,outputs/experiments/822_coordinate_optimizer_variable_depth_radius_seed89_target2_sources9_txrx60_ringdown0459375_objectives/data/source_pulse_noise_context_summary.json,outputs/experiments/822_coordinate_optimizer_variable_depth_radius_seed89_target2_sources9_txrx60_ringdown0459375_objectives/figures/FIGURE_NOTES.md,2314,1379,1399,0.10658556731996696,4,199755
821,outputs/experiments/821_target1_three_seed_ringdown0459375_transfer_summary,,skipped,no compatible coordinate optimizer summary,,,,,,,,,
820,outputs/experiments/820_coordinate_optimizer_variable_depth_radius_seed21_target1_sources9_txrx60_ringdown0459375_objectives,outputs/experiments/820_coordinate_optimizer_variable_depth_radius_seed21_target1_sources9_txrx60_ringdown0459375_objectives/data/multi_rebar_coordinate_optimizer_summary.json,skipped,existing valid pulse/noise artifacts,outputs/experiments/820_coordinate_optimizer_variable_depth_radius_seed21_target1_sources9_txrx60_ringdown0459375_objectives/figures/source_pulse_noise_context.png,outputs/experiments/820_coordinate_optimizer_variable_depth_radius_seed21_target1_sources9_txrx60_ringdown0459375_objectives/data/source_pulse_noise_context_summary.json,outputs/experiments/820_coordinate_optimizer_variable_depth_radius_seed21_target1_sources9_txrx60_ringdown0459375_objectives/figures/FIGURE_NOTES.md,2314,1379,1464,0.11309854571850517,4,199755
819,outputs/experiments/819_coordinate_optimizer_variable_depth_radius_seed89_target1_sources9_txrx60_ringdown0459375_objectives,outputs/experiments/819_coordinate_optimizer_variable_depth_radius_seed89_target1_sources9_txrx60_ringdown0459375_objectives/data/multi_rebar_coordinate_optimizer_summary.json,skipped,existing valid pulse/noise artifacts,outputs/experiments/819_coordinate_optimizer_variable_depth_radius_seed89_target1_sources9_txrx60_ringdown0459375_objectives/figures/source_pulse_noise_context.png,outputs/experiments/819_coordinate_optimizer_variable_depth_radius_seed89_target1_sources9_txrx60_ringdown0459375_objectives/data/source_pulse_noise_context_summary.json,outputs/experiments/819_coordinate_optimizer_variable_depth_radius_seed89_target1_sources9_txrx60_ringdown0459375_objectives/figures/FIGURE_NOTES.md,2314,1379,1399,0.10656053665740532,4,199755
818,outputs/experiments/818_seed13_alltargets_ringdown0459375_policy_summary,,skipped,no compatible coordinate optimizer summary,,,,,,,,,
817,outputs/experiments/817_coordinate_optimizer_variable_depth_radius_seed13_target0_sources8_txrx60_ringdown0459375_objectives,outputs/experiments/817_coordinate_optimizer_variable_depth_radius_seed13_target0_sources8_txrx60_ringdown0459375_objectives/data/multi_rebar_coordinate_optimizer_summary.json,skipped,existing valid pulse/noise artifacts,outputs/experiments/817_coordinate_optimizer_variable_depth_radius_seed13_target0_sources8_txrx60_ringdown0459375_objectives/figures/source_pulse_noise_context.png,outputs/experiments/817_coordinate_optimizer_variable_depth_radius_seed13_target0_sources8_txrx60_ringdown0459375_objectives/data/source_pulse_noise_context_summary.json,outputs/experiments/817_coordinate_optimizer_variable_depth_radius_seed13_target0_sources8_txrx60_ringdown0459375_objectives/figures/FIGURE_NOTES.md,2314,1379,1489,0.11267803058746965,4,199755
816,outputs/experiments/816_coordinate_optimizer_variable_depth_radius_seed13_target2_sources9_txrx60_ringdown0459375_objectives,outputs/experiments/816_coordinate_optimizer_variable_depth_radius_seed13_target2_sources9_txrx60_ringdown0459375_objectives/data/multi_rebar_coordinate_optimizer_summary.json,skipped,existing valid pulse/noise artifacts,outputs/experiments/816_coordinate_optimizer_variable_depth_radius_seed13_target2_sources9_txrx60_ringdown0459375_objectives/figures/source_pulse_noise_context.png,outputs/experiments/816_coordinate_optimizer_variable_depth_radius_seed13_target2_sources9_txrx60_ringdown0459375_objectives/data/source_pulse_noise_context_summary.json,outputs/experiments/816_coordinate_optimizer_variable_depth_radius_seed13_target2_sources9_txrx60_ringdown0459375_objectives/figures/FIGURE_NOTES.md,2314,1379,1489,0.11263798152737103,4,199755
815,outputs/experiments/815_stronger_ringdown_seed13_target1_threshold_summary,,skipped,no compatible coordinate optimizer summary,,,,,,,,,
814,outputs/experiments/814_coordinate_optimizer_variable_depth_radius_seed13_target1_sources9_txrx60_ringdown0459375_objectives,outputs/experiments/814_coordinate_optimizer_variable_depth_radius_seed13_target1_sources9_txrx60_ringdown0459375_objectives/data/multi_rebar_coordinate_optimizer_summary.json,skipped,existing valid pulse/noise artifacts,outputs/experiments/814_coordinate_optimizer_variable_depth_radius_seed13_target1_sources9_txrx60_ringdown0459375_objectives/figures/source_pulse_noise_context.png,outputs/experiments/814_coordinate_optimizer_variable_depth_radius_seed13_target1_sources9_txrx60_ringdown0459375_objectives/data/source_pulse_noise_context_summary.json,outputs/experiments/814_coordinate_optimizer_variable_depth_radius_seed13_target1_sources9_txrx60_ringdown0459375_objectives/figures/FIGURE_NOTES.md,2314,1379,1489,0.1126129508648094,4,199755
813,outputs/experiments/813_coordinate_optimizer_variable_depth_radius_seed13_target1_sources9_txrx60_ringdown045625_objectives,outputs/experiments/813_coordinate_optimizer_variable_depth_radius_seed13_target1_sources9_txrx60_ringdown045625_objectives/data/multi_rebar_coordinate_optimizer_summary.json,skipped,existing valid pulse/noise artifacts,outputs/experiments/813_coordinate_optimizer_variable_depth_radius_seed13_target1_sources9_txrx60_ringdown045625_objectives/figures/source_pulse_noise_context.png,outputs/experiments/813_coordinate_optimizer_variable_depth_radius_seed13_target1_sources9_txrx60_ringdown045625_objectives/data/source_pulse_noise_context_summary.json,outputs/experiments/813_coordinate_optimizer_variable_depth_radius_seed13_target1_sources9_txrx60_ringdown045625_objectives/figures/FIGURE_NOTES.md,2314,1379,1486,0.11523115816875673,4,199755
812,outputs/experiments/812_coordinate_optimizer_variable_depth_radius_seed13_target1_sources9_txrx60_ringdown04625_objectives,outputs/experiments/812_coordinate_optimizer_variable_depth_radius_seed13_target1_sources9_txrx60_ringdown04625_objectives/data/multi_rebar_coordinate_optimizer_summary.json,skipped,existing valid pulse/noise artifacts,outputs/experiments/812_coordinate_optimizer_variable_depth_radius_seed13_target1_sources9_txrx60_ringdown04625_objectives/figures/source_pulse_noise_context.png,outputs/experiments/812_coordinate_optimizer_variable_depth_radius_seed13_target1_sources9_txrx60_ringdown04625_objectives/data/source_pulse_noise_context_summary.json,outputs/experiments/812_coordinate_optimizer_variable_depth_radius_seed13_target1_sources9_txrx60_ringdown04625_objectives/figures/FIGURE_NOTES.md,2314,1379,1477,0.11185702485544792,4,199755
811,outputs/experiments/811_coordinate_optimizer_variable_depth_radius_seed13_target1_sources9_txrx60_ringdown0475_objectives,outputs/experiments/811_coordinate_optimizer_variable_depth_radius_seed13_target1_sources9_txrx60_ringdown0475_objectives/data/multi_rebar_coordinate_optimizer_summary.json,skipped,existing valid pulse/noise artifacts,outputs/experiments/811_coordinate_optimizer_variable_depth_radius_seed13_target1_sources9_txrx60_ringdown0475_objectives/figures/source_pulse_noise_context.png,outputs/experiments/811_coordinate_optimizer_variable_depth_radius_seed13_target1_sources9_txrx60_ringdown0475_objectives/data/source_pulse_noise_context_summary.json,outputs/experiments/811_coordinate_optimizer_variable_depth_radius_seed13_target1_sources9_txrx60_ringdown0475_objectives/figures/FIGURE_NOTES.md,2314,1379,1474,0.11075567570273585,4,199755
810,outputs/experiments/810_coordinate_optimizer_variable_depth_radius_seed13_target1_sources9_txrx60_ringdown050_objectives,outputs/experiments/810_coordinate_optimizer_variable_depth_radius_seed13_target1_sources9_txrx60_ringdown050_objectives/data/multi_rebar_coordinate_optimizer_summary.json,skipped,existing valid pulse/noise artifacts,outputs/experiments/810_coordinate_optimizer_variable_depth_radius_seed13_target1_sources9_txrx60_ringdown050_objectives/figures/source_pulse_noise_context.png,outputs/experiments/810_coordinate_optimizer_variable_depth_radius_seed13_target1_sources9_txrx60_ringdown050_objectives/data/source_pulse_noise_context_summary.json,outputs/experiments/810_coordinate_optimizer_variable_depth_radius_seed13_target1_sources9_txrx60_ringdown050_objectives/figures/FIGURE_NOTES.md,2314,1379,1471,0.11104603138845086,4,199755
809,outputs/experiments/809_coordinate_optimizer_variable_depth_radius_seed13_target1_sources9_txrx60_ringdown045_objectives,outputs/experiments/809_coordinate_optimizer_variable_depth_radius_seed13_target1_sources9_txrx60_ringdown045_objectives/data/multi_rebar_coordinate_optimizer_summary.json,skipped,existing valid pulse/noise artifacts,outputs/experiments/809_coordinate_optimizer_variable_depth_radius_seed13_target1_sources9_txrx60_ringdown045_objectives/figures/source_pulse_noise_context.png,outputs/experiments/809_coordinate_optimizer_variable_depth_radius_seed13_target1_sources9_txrx60_ringdown045_objectives/data/source_pulse_noise_context_summary.json,outputs/experiments/809_coordinate_optimizer_variable_depth_radius_seed13_target1_sources9_txrx60_ringdown045_objectives/figures/FIGURE_NOTES.md,2314,1379,1518,0.11347901178944207,4,199755
808,outputs/experiments/808_three_seed_target_specific_txrx60_ringdown035_policy_summary,,skipped,no compatible coordinate optimizer summary,,,,,,,,,
807,outputs/experiments/807_coordinate_optimizer_variable_depth_radius_seed13_target2_sources9_txrx60_ringdown035_objectives,outputs/experiments/807_coordinate_optimizer_variable_depth_radius_seed13_target2_sources9_txrx60_ringdown035_objectives/data/multi_rebar_coordinate_optimizer_summary.json,skipped,existing valid pulse/noise artifacts,outputs/experiments/807_coordinate_optimizer_variable_depth_radius_seed13_target2_sources9_txrx60_ringdown035_objectives/figures/source_pulse_noise_context.png,outputs/experiments/807_coordinate_optimizer_variable_depth_radius_seed13_target2_sources9_txrx60_ringdown035_objectives/data/source_pulse_noise_context_summary.json,outputs/experiments/807_coordinate_optimizer_variable_depth_radius_seed13_target2_sources9_txrx60_ringdown035_objectives/figures/FIGURE_NOTES.md,2314,1379,1426,0.11003479262096068,4,199755
806,outputs/experiments/806_coordinate_optimizer_variable_depth_radius_seed13_target1_sources9_txrx60_ringdown035_objectives,outputs/experiments/806_coordinate_optimizer_variable_depth_radius_seed13_target1_sources9_txrx60_ringdown035_objectives/data/multi_rebar_coordinate_optimizer_summary.json,skipped,existing valid pulse/noise artifacts,outputs/experiments/806_coordinate_optimizer_variable_depth_radius_seed13_target1_sources9_txrx60_ringdown035_objectives/figures/source_pulse_noise_context.png,outputs/experiments/806_coordinate_optimizer_variable_depth_radius_seed13_target1_sources9_txrx60_ringdown035_objectives/data/source_pulse_noise_context_summary.json,outputs/experiments/806_coordinate_optimizer_variable_depth_radius_seed13_target1_sources9_txrx60_ringdown035_objectives/figures/FIGURE_NOTES.md,2314,1379,1426,0.11000976195839904,4,199755
805,outputs/experiments/805_coordinate_optimizer_variable_depth_radius_seed13_target0_sources8_txrx60_ringdown035_objectives,outputs/experiments/805_coordinate_optimizer_variable_depth_radius_seed13_target0_sources8_txrx60_ringdown035_objectives/data/multi_rebar_coordinate_optimizer_summary.json,skipped,existing valid pulse/noise artifacts,outputs/experiments/805_coordinate_optimizer_variable_depth_radius_seed13_target0_sources8_txrx60_ringdown035_objectives/figures/source_pulse_noise_context.png,outputs/experiments/805_coordinate_optimizer_variable_depth_radius_seed13_target0_sources8_txrx60_ringdown035_objectives/data/source_pulse_noise_context_summary.json,outputs/experiments/805_coordinate_optimizer_variable_depth_radius_seed13_target0_sources8_txrx60_ringdown035_objectives/figures/FIGURE_NOTES.md,2314,1379,1426,0.11010487847613326,4,199755
804,outputs/experiments/804_coordinate_optimizer_variable_depth_radius_seed21_target2_sources9_txrx60_ringdown035_objectives,outputs/experiments/804_coordinate_optimizer_variable_depth_radius_seed21_target2_sources9_txrx60_ringdown035_objectives/data/multi_rebar_coordinate_optimizer_summary.json,skipped,existing valid pulse/noise artifacts,outputs/experiments/804_coordinate_optimizer_variable_depth_radius_seed21_target2_sources9_txrx60_ringdown035_objectives/figures/source_pulse_noise_context.png,outputs/experiments/804_coordinate_optimizer_variable_depth_radius_seed21_target2_sources9_txrx60_ringdown035_objectives/data/source_pulse_noise_context_summary.json,outputs/experiments/804_coordinate_optimizer_variable_depth_radius_seed21_target2_sources9_txrx60_ringdown035_objectives/figures/FIGURE_NOTES.md,2314,1379,1425,0.11063052238992765,4,199755
803,outputs/experiments/803_coordinate_optimizer_variable_depth_radius_seed21_target1_sources9_txrx60_ringdown035_objectives,outputs/experiments/803_coordinate_optimizer_variable_depth_radius_seed21_target1_sources9_txrx60_ringdown035_objectives/data/multi_rebar_coordinate_optimizer_summary.json,skipped,existing valid pulse/noise artifacts,outputs/experiments/803_coordinate_optimizer_variable_depth_radius_seed21_target1_sources9_txrx60_ringdown035_objectives/figures/source_pulse_noise_context.png,outputs/experiments/803_coordinate_optimizer_variable_depth_radius_seed21_target1_sources9_txrx60_ringdown035_objectives/data/source_pulse_noise_context_summary.json,outputs/experiments/803_coordinate_optimizer_variable_depth_radius_seed21_target1_sources9_txrx60_ringdown035_objectives/figures/FIGURE_NOTES.md,2314,1379,1425,0.11060549172736603,4,199755
802,outputs/experiments/802_coordinate_optimizer_variable_depth_radius_seed21_target0_sources8_txrx60_ringdown035_objectives,outputs/experiments/802_coordinate_optimizer_variable_depth_radius_seed21_target0_sources8_txrx60_ringdown035_objectives/data/multi_rebar_coordinate_optimizer_summary.json,skipped,existing valid pulse/noise artifacts,outputs/experiments/802_coordinate_optimizer_variable_depth_radius_seed21_target0_sources8_txrx60_ringdown035_objectives/figures/source_pulse_noise_context.png,outputs/experiments/802_coordinate_optimizer_variable_depth_radius_seed21_target0_sources8_txrx60_ringdown035_objectives/data/source_pulse_noise_context_summary.json,outputs/experiments/802_coordinate_optimizer_variable_depth_radius_seed21_target0_sources8_txrx60_ringdown035_objectives/figures/FIGURE_NOTES.md,2314,1379,1425,0.11067557758253861,4,199755
801,outputs/experiments/801_coordinate_optimizer_variable_depth_radius_seed89_alltargets_union15_txrx60_ringdown035_objectives,outputs/experiments/801_coordinate_optimizer_variable_depth_radius_seed89_alltargets_union15_txrx60_ringdown035_objectives/data/multi_rebar_coordinate_optimizer_summary.json,skipped,existing valid pulse/noise artifacts,outputs/experiments/801_coordinate_optimizer_variable_depth_radius_seed89_alltargets_union15_txrx60_ringdown035_objectives/figures/source_pulse_noise_context.png,outputs/experiments/801_coordinate_optimizer_variable_depth_radius_seed89_alltargets_union15_txrx60_ringdown035_objectives/data/source_pulse_noise_context_summary.json,outputs/experiments/801_coordinate_optimizer_variable_depth_radius_seed89_alltargets_union15_txrx60_ringdown035_objectives/figures/FIGURE_NOTES.md,2314,1379,1345,0.10421266050912367,4,199755
800,outputs/experiments/800_coordinate_optimizer_variable_depth_radius_seed89_target0_sources9_txrx60p5_linear_receiver_ringdown035_objectives,outputs/experiments/800_coordinate_optimizer_variable_depth_radius_seed89_target0_sources9_txrx60p5_linear_receiver_ringdown035_objectives/data/multi_rebar_coordinate_optimizer_summary.json,skipped,existing valid pulse/noise artifacts,outputs/experiments/800_coordinate_optimizer_variable_depth_radius_seed89_target0_sources9_txrx60p5_linear_receiver_ringdown035_objectives/figures/source_pulse_noise_context.png,outputs/experiments/800_coordinate_optimizer_variable_depth_radius_seed89_target0_sources9_txrx60p5_linear_receiver_ringdown035_objectives/data/source_pulse_noise_context_summary.json,outputs/experiments/800_coordinate_optimizer_variable_depth_radius_seed89_target0_sources9_txrx60p5_linear_receiver_ringdown035_objectives/figures/FIGURE_NOTES.md,2314,1379,1355,0.11462541613476508,4,199755
799,outputs/experiments/799_coordinate_optimizer_variable_depth_radius_seed89_target0_sources9_txrx60_linear_receiver_ringdown035_objectives,outputs/experiments/799_coordinate_optimizer_variable_depth_radius_seed89_target0_sources9_txrx60_linear_receiver_ringdown035_objectives/data/multi_rebar_coordinate_optimizer_summary.json,skipped,existing valid pulse/noise artifacts,outputs/experiments/799_coordinate_optimizer_variable_depth_radius_seed89_target0_sources9_txrx60_linear_receiver_ringdown035_objectives/figures/source_pulse_noise_context.png,outputs/experiments/799_coordinate_optimizer_variable_depth_radius_seed89_target0_sources9_txrx60_linear_receiver_ringdown035_objectives/data/source_pulse_noise_context_summary.json,outputs/experiments/799_coordinate_optimizer_variable_depth_radius_seed89_target0_sources9_txrx60_linear_receiver_ringdown035_objectives/figures/FIGURE_NOTES.md,2314,1379,1355,0.11443518309929664,4,199755
798,outputs/experiments/798_coordinate_optimizer_variable_depth_radius_seed89_target1_sources8_txrx60_ringdown035_objectives,outputs/experiments/798_coordinate_optimizer_variable_depth_radius_seed89_target1_sources8_txrx60_ringdown035_objectives/data/multi_rebar_coordinate_optimizer_summary.json,skipped,existing valid pulse/noise artifacts,outputs/experiments/798_coordinate_optimizer_variable_depth_radius_seed89_target1_sources8_txrx60_ringdown035_objectives/figures/source_pulse_noise_context.png,outputs/experiments/798_coordinate_optimizer_variable_depth_radius_seed89_target1_sources8_txrx60_ringdown035_objectives/data/source_pulse_noise_context_summary.json,outputs/experiments/798_coordinate_optimizer_variable_depth_radius_seed89_target1_sources8_txrx60_ringdown035_objectives/figures/FIGURE_NOTES.md,2314,1379,1345,0.103927310955921,4,199755
797,outputs/experiments/797_coordinate_optimizer_variable_depth_radius_seed89_target0_sources9_txrx60_ringdown035_objectives,outputs/experiments/797_coordinate_optimizer_variable_depth_radius_seed89_target0_sources9_txrx60_ringdown035_objectives/data/multi_rebar_coordinate_optimizer_summary.json,skipped,existing valid pulse/noise artifacts,outputs/experiments/797_coordinate_optimizer_variable_depth_radius_seed89_target0_sources9_txrx60_ringdown035_objectives/figures/source_pulse_noise_context.png,outputs/experiments/797_coordinate_optimizer_variable_depth_radius_seed89_target0_sources9_txrx60_ringdown035_objectives/data/source_pulse_noise_context_summary.json,outputs/experiments/797_coordinate_optimizer_variable_depth_radius_seed89_target0_sources9_txrx60_ringdown035_objectives/figures/FIGURE_NOTES.md,2314,1379,1345,0.10395234161848264,4,199755
796,outputs/experiments/796_coordinate_optimizer_variable_depth_radius_seed89_target2_sources9_txrx60_ringdown035_objectives,outputs/experiments/796_coordinate_optimizer_variable_depth_radius_seed89_target2_sources9_txrx60_ringdown035_objectives/data/multi_rebar_coordinate_optimizer_summary.json,skipped,existing valid pulse/noise artifacts,outputs/experiments/796_coordinate_optimizer_variable_depth_radius_seed89_target2_sources9_txrx60_ringdown035_objectives/figures/source_pulse_noise_context.png,outputs/experiments/796_coordinate_optimizer_variable_depth_radius_seed89_target2_sources9_txrx60_ringdown035_objectives/data/source_pulse_noise_context_summary.json,outputs/experiments/796_coordinate_optimizer_variable_depth_radius_seed89_target2_sources9_txrx60_ringdown035_objectives/figures/FIGURE_NOTES.md,2314,1379,1345,0.10394733548597031,4,199755
795,outputs/experiments/795_coordinate_optimizer_variable_depth_radius_seed89_target0_sources8_txrx60_ringdown035_objectives,outputs/experiments/795_coordinate_optimizer_variable_depth_radius_seed89_target0_sources8_txrx60_ringdown035_objectives/data/multi_rebar_coordinate_optimizer_summary.json,skipped,existing valid pulse/noise artifacts,outputs/experiments/795_coordinate_optimizer_variable_depth_radius_seed89_target0_sources8_txrx60_ringdown035_objectives/figures/source_pulse_noise_context.png,outputs/experiments/795_coordinate_optimizer_variable_depth_radius_seed89_target0_sources8_txrx60_ringdown035_objectives/data/source_pulse_noise_context_summary.json,outputs/experiments/795_coordinate_optimizer_variable_depth_radius_seed89_target0_sources8_txrx60_ringdown035_objectives/figures/FIGURE_NOTES.md,2314,1379,1345,0.10397737228104428,4,199755
794,outputs/experiments/794_coordinate_optimizer_variable_depth_radius_seed89_target1_sources9_txrx60_ringdown035_objectives,outputs/experiments/794_coordinate_optimizer_variable_depth_radius_seed89_target1_sources9_txrx60_ringdown035_objectives/data/multi_rebar_coordinate_optimizer_summary.json,skipped,existing valid pulse/noise artifacts,outputs/experiments/794_coordinate_optimizer_variable_depth_radius_seed89_target1_sources9_txrx60_ringdown035_objectives/figures/source_pulse_noise_context.png,outputs/experiments/794_coordinate_optimizer_variable_depth_radius_seed89_target1_sources9_txrx60_ringdown035_objectives/data/source_pulse_noise_context_summary.json,outputs/experiments/794_coordinate_optimizer_variable_depth_radius_seed89_target1_sources9_txrx60_ringdown035_objectives/figures/FIGURE_NOTES.md,2314,1379,1345,0.10392230482340868,4,199755
793,outputs/experiments/793_coordinate_optimizer_variable_depth_radius_seed89_target1_custom_widecenter_txrx60_ringdown025_objectives,outputs/experiments/793_coordinate_optimizer_variable_depth_radius_seed89_target1_custom_widecenter_txrx60_ringdown025_objectives/data/multi_rebar_coordinate_optimizer_summary.json,skipped,existing valid pulse/noise artifacts,outputs/experiments/793_coordinate_optimizer_variable_depth_radius_seed89_target1_custom_widecenter_txrx60_ringdown025_objectives/figures/source_pulse_noise_context.png,outputs/experiments/793_coordinate_optimizer_variable_depth_radius_seed89_target1_custom_widecenter_txrx60_ringdown025_objectives/data/source_pulse_noise_context_summary.json,outputs/experiments/793_coordinate_optimizer_variable_depth_radius_seed89_target1_custom_widecenter_txrx60_ringdown025_objectives/figures/FIGURE_NOTES.md,2314,1379,1307,0.11392956371555155,4,199755
792,outputs/experiments/792_coordinate_optimizer_variable_depth_radius_seed89_target1_custom8pluscenter_txrx60_ringdown025_objectives,outputs/experiments/792_coordinate_optimizer_variable_depth_radius_seed89_target1_custom8pluscenter_txrx60_ringdown025_objectives/data/multi_rebar_coordinate_optimizer_summary.json,skipped,existing valid pulse/noise artifacts,outputs/experiments/792_coordinate_optimizer_variable_depth_radius_seed89_target1_custom8pluscenter_txrx60_ringdown025_objectives/figures/source_pulse_noise_context.png,outputs/experiments/792_coordinate_optimizer_variable_depth_radius_seed89_target1_custom8pluscenter_txrx60_ringdown025_objectives/data/source_pulse_noise_context_summary.json,outputs/experiments/792_coordinate_optimizer_variable_depth_radius_seed89_target1_custom8pluscenter_txrx60_ringdown025_objectives/figures/FIGURE_NOTES.md,2314,1379,1307,0.1139746189081625,4,199755
791,outputs/experiments/791_coordinate_optimizer_variable_depth_radius_seed89_target2_sources8_txrx60_ringdown025_objectives,outputs/experiments/791_coordinate_optimizer_variable_depth_radius_seed89_target2_sources8_txrx60_ringdown025_objectives/data/multi_rebar_coordinate_optimizer_summary.json,skipped,existing valid pulse/noise artifacts,outputs/experiments/791_coordinate_optimizer_variable_depth_radius_seed89_target2_sources8_txrx60_ringdown025_objectives/figures/source_pulse_noise_context.png,outputs/experiments/791_coordinate_optimizer_variable_depth_radius_seed89_target2_sources8_txrx60_ringdown025_objectives/data/source_pulse_noise_context_summary.json,outputs/experiments/791_coordinate_optimizer_variable_depth_radius_seed89_target2_sources8_txrx60_ringdown025_objectives/figures/FIGURE_NOTES.md,2314,1379,1392,0.10523391154163851,4,199755
790,outputs/experiments/790_coordinate_optimizer_variable_depth_radius_seed89_target1_sources8_txrx60_ringdown025_objectives,outputs/experiments/790_coordinate_optimizer_variable_depth_radius_seed89_target1_sources8_txrx60_ringdown025_objectives/data/multi_rebar_coordinate_optimizer_summary.json,skipped,existing valid pulse/noise artifacts,outputs/experiments/790_coordinate_optimizer_variable_depth_radius_seed89_target1_sources8_txrx60_ringdown025_objectives/figures/source_pulse_noise_context.png,outputs/experiments/790_coordinate_optimizer_variable_depth_radius_seed89_target1_sources8_txrx60_ringdown025_objectives/data/source_pulse_noise_context_summary.json,outputs/experiments/790_coordinate_optimizer_variable_depth_radius_seed89_target1_sources8_txrx60_ringdown025_objectives/figures/FIGURE_NOTES.md,2314,1379,1392,0.10520888087907687,4,199755
789,outputs/experiments/789_coordinate_optimizer_variable_depth_radius_seed89_target0_sources8_txrx60_ringdown025_objectives,outputs/experiments/789_coordinate_optimizer_variable_depth_radius_seed89_target0_sources8_txrx60_ringdown025_objectives/data/multi_rebar_coordinate_optimizer_summary.json,skipped,existing valid pulse/noise artifacts,outputs/experiments/789_coordinate_optimizer_variable_depth_radius_seed89_target0_sources8_txrx60_ringdown025_objectives/figures/source_pulse_noise_context.png,outputs/experiments/789_coordinate_optimizer_variable_depth_radius_seed89_target0_sources8_txrx60_ringdown025_objectives/data/source_pulse_noise_context_summary.json,outputs/experiments/789_coordinate_optimizer_variable_depth_radius_seed89_target0_sources8_txrx60_ringdown025_objectives/figures/FIGURE_NOTES.md,2314,1379,1392,0.10525894220420015,4,199755
788,outputs/experiments/788_coordinate_optimizer_variable_depth_radius_seed89_target0_sources9_txrx60_ringdown025_objectives,outputs/experiments/788_coordinate_optimizer_variable_depth_radius_seed89_target0_sources9_txrx60_ringdown025_objectives/data/multi_rebar_coordinate_optimizer_summary.json,skipped,existing valid pulse/noise artifacts,outputs/experiments/788_coordinate_optimizer_variable_depth_radius_seed89_target0_sources9_txrx60_ringdown025_objectives/figures/source_pulse_noise_context.png,outputs/experiments/788_coordinate_optimizer_variable_depth_radius_seed89_target0_sources9_txrx60_ringdown025_objectives/data/source_pulse_noise_context_summary.json,outputs/experiments/788_coordinate_optimizer_variable_depth_radius_seed89_target0_sources9_txrx60_ringdown025_objectives/figures/FIGURE_NOTES.md,2314,1379,1392,0.10519886861405221,4,199755
787,outputs/experiments/787_coordinate_optimizer_variable_depth_radius_seed89_target2_sources9_txrx60_ringdown025_objectives,outputs/experiments/787_coordinate_optimizer_variable_depth_radius_seed89_target2_sources9_txrx60_ringdown025_objectives/data/multi_rebar_coordinate_optimizer_summary.json,skipped,existing valid pulse/noise artifacts,outputs/experiments/787_coordinate_optimizer_variable_depth_radius_seed89_target2_sources9_txrx60_ringdown025_objectives/figures/source_pulse_noise_context.png,outputs/experiments/787_coordinate_optimizer_variable_depth_radius_seed89_target2_sources9_txrx60_ringdown025_objectives/data/source_pulse_noise_context_summary.json,outputs/experiments/787_coordinate_optimizer_variable_depth_radius_seed89_target2_sources9_txrx60_ringdown025_objectives/figures/FIGURE_NOTES.md,2314,1379,1392,0.10519386248153989,4,199755
786,outputs/experiments/786_coordinate_optimizer_variable_depth_radius_seed89_target1_sources9_txrx60_ringdown025_objectives,outputs/experiments/786_coordinate_optimizer_variable_depth_radius_seed89_target1_sources9_txrx60_ringdown025_objectives/data/multi_rebar_coordinate_optimizer_summary.json,skipped,existing valid pulse/noise artifacts,outputs/experiments/786_coordinate_optimizer_variable_depth_radius_seed89_target1_sources9_txrx60_ringdown025_objectives/figures/source_pulse_noise_context.png,outputs/experiments/786_coordinate_optimizer_variable_depth_radius_seed89_target1_sources9_txrx60_ringdown025_objectives/data/source_pulse_noise_context_summary.json,outputs/experiments/786_coordinate_optimizer_variable_depth_radius_seed89_target1_sources9_txrx60_ringdown025_objectives/figures/FIGURE_NOTES.md,2314,1379,1392,0.10516883181897825,4,199755
785,outputs/experiments/785_coordinate_optimizer_variable_depth_radius_seed89_target1_sources7_txrx60_ringdown025_objectives,outputs/experiments/785_coordinate_optimizer_variable_depth_radius_seed89_target1_sources7_txrx60_ringdown025_objectives/data/multi_rebar_coordinate_optimizer_summary.json,skipped,existing valid pulse/noise artifacts,outputs/experiments/785_coordinate_optimizer_variable_depth_radius_seed89_target1_sources7_txrx60_ringdown025_objectives/figures/source_pulse_noise_context.png,outputs/experiments/785_coordinate_optimizer_variable_depth_radius_seed89_target1_sources7_txrx60_ringdown025_objectives/data/source_pulse_noise_context_summary.json,outputs/experiments/785_coordinate_optimizer_variable_depth_radius_seed89_target1_sources7_txrx60_ringdown025_objectives/figures/FIGURE_NOTES.md,2314,1379,1392,0.10511376436134265,4,199755
784,outputs/experiments/784_coordinate_optimizer_variable_depth_radius_seed89_target0_sources7_txrx60_ringdown025_objectives,outputs/experiments/784_coordinate_optimizer_variable_depth_radius_seed89_target0_sources7_txrx60_ringdown025_objectives/data/multi_rebar_coordinate_optimizer_summary.json,skipped,existing valid pulse/noise artifacts,outputs/experiments/784_coordinate_optimizer_variable_depth_radius_seed89_target0_sources7_txrx60_ringdown025_objectives/figures/source_pulse_noise_context.png,outputs/experiments/784_coordinate_optimizer_variable_depth_radius_seed89_target0_sources7_txrx60_ringdown025_objectives/data/source_pulse_noise_context_summary.json,outputs/experiments/784_coordinate_optimizer_variable_depth_radius_seed89_target0_sources7_txrx60_ringdown025_objectives/figures/FIGURE_NOTES.md,2314,1379,1392,0.10515381342144127,4,199755
783,outputs/experiments/783_coordinate_optimizer_variable_depth_radius_seed89_target2_sources7_txrx60_ringdown025_objectives,outputs/experiments/783_coordinate_optimizer_variable_depth_radius_seed89_target2_sources7_txrx60_ringdown025_objectives/data/multi_rebar_coordinate_optimizer_summary.json,skipped,existing valid pulse/noise artifacts,outputs/experiments/783_coordinate_optimizer_variable_depth_radius_seed89_target2_sources7_txrx60_ringdown025_objectives/figures/source_pulse_noise_context.png,outputs/experiments/783_coordinate_optimizer_variable_depth_radius_seed89_target2_sources7_txrx60_ringdown025_objectives/data/source_pulse_noise_context_summary.json,outputs/experiments/783_coordinate_optimizer_variable_depth_radius_seed89_target2_sources7_txrx60_ringdown025_objectives/figures/FIGURE_NOTES.md,2314,1379,1392,0.10513879502390429,4,199755
782,outputs/experiments/782_coordinate_optimizer_variable_depth_radius_seed89_target2_sources7_txrx50p3125_linear_receiver_ringdown035_objectives,outputs/experiments/782_coordinate_optimizer_variable_depth_radius_seed89_target2_sources7_txrx50p3125_linear_receiver_ringdown035_objectives/data/multi_rebar_coordinate_optimizer_summary.json,skipped,existing valid pulse/noise artifacts,outputs/experiments/782_coordinate_optimizer_variable_depth_radius_seed89_target2_sources7_txrx50p3125_linear_receiver_ringdown035_objectives/figures/source_pulse_noise_context.png,outputs/experiments/782_coordinate_optimizer_variable_depth_radius_seed89_target2_sources7_txrx50p3125_linear_receiver_ringdown035_objectives/data/source_pulse_noise_context_summary.json,outputs/experiments/782_coordinate_optimizer_variable_depth_radius_seed89_target2_sources7_txrx50p3125_linear_receiver_ringdown035_objectives/figures/FIGURE_NOTES.md,2314,1379,1355,0.11472553878501164,4,199755
781,outputs/experiments/781_coordinate_optimizer_variable_depth_radius_seed89_target2_sources9_txrx50p3125_linear_receiver_ringdown025_objectives,outputs/experiments/781_coordinate_optimizer_variable_depth_radius_seed89_target2_sources9_txrx50p3125_linear_receiver_ringdown025_objectives/data/multi_rebar_coordinate_optimizer_summary.json,skipped,existing valid pulse/noise artifacts,outputs/experiments/781_coordinate_optimizer_variable_depth_radius_seed89_target2_sources9_txrx50p3125_linear_receiver_ringdown025_objectives/figures/source_pulse_noise_context.png,outputs/experiments/781_coordinate_optimizer_variable_depth_radius_seed89_target2_sources9_txrx50p3125_linear_receiver_ringdown025_objectives/data/source_pulse_noise_context_summary.json,outputs/experiments/781_coordinate_optimizer_variable_depth_radius_seed89_target2_sources9_txrx50p3125_linear_receiver_ringdown025_objectives/figures/FIGURE_NOTES.md,2314,1379,1307,0.1146454406648144,4,199755
780,outputs/experiments/780_coordinate_optimizer_variable_depth_radius_seed89_target2_sources7_txrx50p3125_linear_receiver_ringdown025_objectives,outputs/experiments/780_coordinate_optimizer_variable_depth_radius_seed89_target2_sources7_txrx50p3125_linear_receiver_ringdown025_objectives/data/multi_rebar_coordinate_optimizer_summary.json,skipped,existing valid pulse/noise artifacts,outputs/experiments/780_coordinate_optimizer_variable_depth_radius_seed89_target2_sources7_txrx50p3125_linear_receiver_ringdown025_objectives/figures/source_pulse_noise_context.png,outputs/experiments/780_coordinate_optimizer_variable_depth_radius_seed89_target2_sources7_txrx50p3125_linear_receiver_ringdown025_objectives/data/source_pulse_noise_context_summary.json,outputs/experiments/780_coordinate_optimizer_variable_depth_radius_seed89_target2_sources7_txrx50p3125_linear_receiver_ringdown025_objectives/figures/FIGURE_NOTES.md,2314,1379,1307,0.1145553302795925,4,199755
779,outputs/experiments/779_coordinate_optimizer_variable_depth_radius_seed89_target2_txrx50p3125_linear_receiver_ringdown035_objectives,outputs/experiments/779_coordinate_optimizer_variable_depth_radius_seed89_target2_txrx50p3125_linear_receiver_ringdown035_objectives/data/multi_rebar_coordinate_optimizer_summary.json,skipped,existing valid pulse/noise artifacts,outputs/experiments/779_coordinate_optimizer_variable_depth_radius_seed89_target2_txrx50p3125_linear_receiver_ringdown035_objectives/figures/source_pulse_noise_context.png,outputs/experiments/779_coordinate_optimizer_variable_depth_radius_seed89_target2_txrx50p3125_linear_receiver_ringdown035_objectives/data/source_pulse_noise_context_summary.json,outputs/experiments/779_coordinate_optimizer_variable_depth_radius_seed89_target2_txrx50p3125_linear_receiver_ringdown035_objectives/figures/FIGURE_NOTES.md,2314,1379,1355,0.11417486420865561,4,199755
778,outputs/experiments/778_seed89_target_linear_receiver_summary,,skipped,no compatible coordinate optimizer summary,,,,,,,,,
777,outputs/experiments/777_coordinate_optimizer_variable_depth_radius_seed89_target0_txrx50p3125_linear_receiver_ringdown025_objectives,outputs/experiments/777_coordinate_optimizer_variable_depth_radius_seed89_target0_txrx50p3125_linear_receiver_ringdown025_objectives/data/multi_rebar_coordinate_optimizer_summary.json,skipped,existing valid pulse/noise artifacts,outputs/experiments/777_coordinate_optimizer_variable_depth_radius_seed89_target0_txrx50p3125_linear_receiver_ringdown025_objectives/figures/source_pulse_noise_context.png,outputs/experiments/777_coordinate_optimizer_variable_depth_radius_seed89_target0_txrx50p3125_linear_receiver_ringdown025_objectives/data/source_pulse_noise_context_summary.json,outputs/experiments/777_coordinate_optimizer_variable_depth_radius_seed89_target0_txrx50p3125_linear_receiver_ringdown025_objectives/figures/FIGURE_NOTES.md,2314,1379,1307,0.11410477835348301,4,199755
776,outputs/experiments/776_coordinate_optimizer_variable_depth_radius_seed89_target1_txrx50p3125_linear_receiver_ringdown025_objectives,outputs/experiments/776_coordinate_optimizer_variable_depth_radius_seed89_target1_txrx50p3125_linear_receiver_ringdown025_objectives/data/multi_rebar_coordinate_optimizer_summary.json,skipped,existing valid pulse/noise artifacts,outputs/experiments/776_coordinate_optimizer_variable_depth_radius_seed89_target1_txrx50p3125_linear_receiver_ringdown025_objectives/figures/source_pulse_noise_context.png,outputs/experiments/776_coordinate_optimizer_variable_depth_radius_seed89_target1_txrx50p3125_linear_receiver_ringdown025_objectives/data/source_pulse_noise_context_summary.json,outputs/experiments/776_coordinate_optimizer_variable_depth_radius_seed89_target1_txrx50p3125_linear_receiver_ringdown025_objectives/figures/FIGURE_NOTES.md,2314,1379,1307,0.11405972316087207,4,199755
775,outputs/experiments/775_three_seed_cross_seed_linear_receiver_summary,,skipped,no compatible coordinate optimizer summary,,,,,,,,,
774,outputs/experiments/774_coordinate_optimizer_variable_depth_radius_seed13_target2_txrx50p3125_linear_receiver_ringdown025_objectives,outputs/experiments/774_coordinate_optimizer_variable_depth_radius_seed13_target2_txrx50p3125_linear_receiver_ringdown025_objectives/data/multi_rebar_coordinate_optimizer_summary.json,skipped,existing valid pulse/noise artifacts,outputs/experiments/774_coordinate_optimizer_variable_depth_radius_seed13_target2_txrx50p3125_linear_receiver_ringdown025_objectives/figures/source_pulse_noise_context.png,outputs/experiments/774_coordinate_optimizer_variable_depth_radius_seed13_target2_txrx50p3125_linear_receiver_ringdown025_objectives/data/source_pulse_noise_context_summary.json,outputs/experiments/774_coordinate_optimizer_variable_depth_radius_seed13_target2_txrx50p3125_linear_receiver_ringdown025_objectives/figures/FIGURE_NOTES.md,2314,1379,1384,0.11903081274561338,4,199755
773,outputs/experiments/773_cross_seed_linear_receiver_summary,,skipped,no compatible coordinate optimizer summary,,,,,,,,,
772,outputs/experiments/772_coordinate_optimizer_variable_depth_radius_seed21_target2_txrx50p3125_linear_receiver_ringdown025_objectives,outputs/experiments/772_coordinate_optimizer_variable_depth_radius_seed21_target2_txrx50p3125_linear_receiver_ringdown025_objectives/data/multi_rebar_coordinate_optimizer_summary.json,skipped,existing valid pulse/noise artifacts,outputs/experiments/772_coordinate_optimizer_variable_depth_radius_seed21_target2_txrx50p3125_linear_receiver_ringdown025_objectives/figures/source_pulse_noise_context.png,outputs/experiments/772_coordinate_optimizer_variable_depth_radius_seed21_target2_txrx50p3125_linear_receiver_ringdown025_objectives/data/source_pulse_noise_context_summary.json,outputs/experiments/772_coordinate_optimizer_variable_depth_radius_seed21_target2_txrx50p3125_linear_receiver_ringdown025_objectives/figures/FIGURE_NOTES.md,2314,1379,1374,0.12083802658256364,4,199755
771,outputs/experiments/771_coordinate_optimizer_variable_depth_radius_seed21_target2_txrx50p0390625_linear_receiver_ringdown025_objectives,outputs/experiments/771_coordinate_optimizer_variable_depth_radius_seed21_target2_txrx50p0390625_linear_receiver_ringdown025_objectives/data/multi_rebar_coordinate_optimizer_summary.json,skipped,existing valid pulse/noise artifacts,outputs/experiments/771_coordinate_optimizer_variable_depth_radius_seed21_target2_txrx50p0390625_linear_receiver_ringdown025_objectives/figures/source_pulse_noise_context.png,outputs/experiments/771_coordinate_optimizer_variable_depth_radius_seed21_target2_txrx50p0390625_linear_receiver_ringdown025_objectives/data/source_pulse_noise_context_summary.json,outputs/experiments/771_coordinate_optimizer_variable_depth_radius_seed21_target2_txrx50p0390625_linear_receiver_ringdown025_objectives/figures/FIGURE_NOTES.md,2314,1379,1374,0.12109333934069234,4,199755
770,outputs/experiments/770_linear_receiver_threshold_final_summary,,skipped,no compatible coordinate optimizer summary,,,,,,,,,
769,outputs/experiments/769_coordinate_optimizer_variable_depth_radius_seed89_target2_txrx50p0390625_linear_receiver_ringdown025_objectives,outputs/experiments/769_coordinate_optimizer_variable_depth_radius_seed89_target2_txrx50p0390625_linear_receiver_ringdown025_objectives/data/multi_rebar_coordinate_optimizer_summary.json,skipped,existing valid pulse/noise artifacts,outputs/experiments/769_coordinate_optimizer_variable_depth_radius_seed89_target2_txrx50p0390625_linear_receiver_ringdown025_objectives/figures/source_pulse_noise_context.png,outputs/experiments/769_coordinate_optimizer_variable_depth_radius_seed89_target2_txrx50p0390625_linear_receiver_ringdown025_objectives/data/source_pulse_noise_context_summary.json,outputs/experiments/769_coordinate_optimizer_variable_depth_radius_seed89_target2_txrx50p0390625_linear_receiver_ringdown025_objectives/figures/FIGURE_NOTES.md,2314,1379,1307,0.11442016470175966,4,199755
768,outputs/experiments/768_linear_receiver_threshold_summary,,skipped,no compatible coordinate optimizer summary,,,,,,,,,
767,outputs/experiments/767_coordinate_optimizer_variable_depth_radius_seed89_target2_txrx50p078125_linear_receiver_ringdown025_objectives,outputs/experiments/767_coordinate_optimizer_variable_depth_radius_seed89_target2_txrx50p078125_linear_receiver_ringdown025_objectives/data/multi_rebar_coordinate_optimizer_summary.json,skipped,existing valid pulse/noise artifacts,outputs/experiments/767_coordinate_optimizer_variable_depth_radius_seed89_target2_txrx50p078125_linear_receiver_ringdown025_objectives/figures/source_pulse_noise_context.png,outputs/experiments/767_coordinate_optimizer_variable_depth_radius_seed89_target2_txrx50p078125_linear_receiver_ringdown025_objectives/data/source_pulse_noise_context_summary.json,outputs/experiments/767_coordinate_optimizer_variable_depth_radius_seed89_target2_txrx50p078125_linear_receiver_ringdown025_objectives/figures/FIGURE_NOTES.md,2314,1379,1307,0.11416985807614327,4,199755
766,outputs/experiments/766_coordinate_optimizer_variable_depth_radius_seed89_target2_txrx50p15625_linear_receiver_ringdown025_objectives,outputs/experiments/766_coordinate_optimizer_variable_depth_radius_seed89_target2_txrx50p15625_linear_receiver_ringdown025_objectives/data/multi_rebar_coordinate_optimizer_summary.json,skipped,existing valid pulse/noise artifacts,outputs/experiments/766_coordinate_optimizer_variable_depth_radius_seed89_target2_txrx50p15625_linear_receiver_ringdown025_objectives/figures/source_pulse_noise_context.png,outputs/experiments/766_coordinate_optimizer_variable_depth_radius_seed89_target2_txrx50p15625_linear_receiver_ringdown025_objectives/data/source_pulse_noise_context_summary.json,outputs/experiments/766_coordinate_optimizer_variable_depth_radius_seed89_target2_txrx50p15625_linear_receiver_ringdown025_objectives/figures/FIGURE_NOTES.md,2314,1379,1307,0.11389452078796526,4,199755
765,outputs/experiments/765_coordinate_optimizer_variable_depth_radius_seed89_target2_txrx50p3125_linear_receiver_ringdown025_objectives,outputs/experiments/765_coordinate_optimizer_variable_depth_radius_seed89_target2_txrx50p3125_linear_receiver_ringdown025_objectives/data/multi_rebar_coordinate_optimizer_summary.json,skipped,existing valid pulse/noise artifacts,outputs/experiments/765_coordinate_optimizer_variable_depth_radius_seed89_target2_txrx50p3125_linear_receiver_ringdown025_objectives/figures/source_pulse_noise_context.png,outputs/experiments/765_coordinate_optimizer_variable_depth_radius_seed89_target2_txrx50p3125_linear_receiver_ringdown025_objectives/data/source_pulse_noise_context_summary.json,outputs/experiments/765_coordinate_optimizer_variable_depth_radius_seed89_target2_txrx50p3125_linear_receiver_ringdown025_objectives/figures/FIGURE_NOTES.md,2314,1379,1307,0.11408975995594603,4,199755
764,outputs/experiments/764_txrx_target2_threshold_summary,,skipped,no compatible coordinate optimizer summary,,,,,,,,,
763,outputs/experiments/763_coordinate_optimizer_variable_depth_radius_seed89_target2_txrx50p625_ringdown025_objectives,outputs/experiments/763_coordinate_optimizer_variable_depth_radius_seed89_target2_txrx50p625_ringdown025_objectives/data/multi_rebar_coordinate_optimizer_summary.json,skipped,existing valid pulse/noise artifacts,outputs/experiments/763_coordinate_optimizer_variable_depth_radius_seed89_target2_txrx50p625_ringdown025_objectives/figures/source_pulse_noise_context.png,outputs/experiments/763_coordinate_optimizer_variable_depth_radius_seed89_target2_txrx50p625_ringdown025_objectives/data/source_pulse_noise_context_summary.json,outputs/experiments/763_coordinate_optimizer_variable_depth_radius_seed89_target2_txrx50p625_ringdown025_objectives/figures/FIGURE_NOTES.md,2314,1379,1344,0.11822482541112864,4,199755
762,outputs/experiments/762_coordinate_optimizer_variable_depth_radius_seed89_target2_txrx51p25_ringdown025_objectives,outputs/experiments/762_coordinate_optimizer_variable_depth_radius_seed89_target2_txrx51p25_ringdown025_objectives/data/multi_rebar_coordinate_optimizer_summary.json,skipped,existing valid pulse/noise artifacts,outputs/experiments/762_coordinate_optimizer_variable_depth_radius_seed89_target2_txrx51p25_ringdown025_objectives/figures/source_pulse_noise_context.png,outputs/experiments/762_coordinate_optimizer_variable_depth_radius_seed89_target2_txrx51p25_ringdown025_objectives/data/source_pulse_noise_context_summary.json,outputs/experiments/762_coordinate_optimizer_variable_depth_radius_seed89_target2_txrx51p25_ringdown025_objectives/figures/FIGURE_NOTES.md,2314,1379,1344,0.1180746414357588,4,199755
761,outputs/experiments/761_coordinate_optimizer_variable_depth_radius_seed89_target2_txrx52p5_ringdown025_objectives,outputs/experiments/761_coordinate_optimizer_variable_depth_radius_seed89_target2_txrx52p5_ringdown025_objectives/data/multi_rebar_coordinate_optimizer_summary.json,skipped,existing valid pulse/noise artifacts,outputs/experiments/761_coordinate_optimizer_variable_depth_radius_seed89_target2_txrx52p5_ringdown025_objectives/figures/source_pulse_noise_context.png,outputs/experiments/761_coordinate_optimizer_variable_depth_radius_seed89_target2_txrx52p5_ringdown025_objectives/data/source_pulse_noise_context_summary.json,outputs/experiments/761_coordinate_optimizer_variable_depth_radius_seed89_target2_txrx52p5_ringdown025_objectives/figures/FIGURE_NOTES.md,2314,1379,1344,0.11790443293033967,4,199755
760,outputs/experiments/760_coordinate_optimizer_variable_depth_radius_seed89_target2_txrx55_ringdown025_objectives,outputs/experiments/760_coordinate_optimizer_variable_depth_radius_seed89_target2_txrx55_ringdown025_objectives/data/multi_rebar_coordinate_optimizer_summary.json,skipped,existing valid pulse/noise artifacts,outputs/experiments/760_coordinate_optimizer_variable_depth_radius_seed89_target2_txrx55_ringdown025_objectives/figures/source_pulse_noise_context.png,outputs/experiments/760_coordinate_optimizer_variable_depth_radius_seed89_target2_txrx55_ringdown025_objectives/data/source_pulse_noise_context_summary.json,outputs/experiments/760_coordinate_optimizer_variable_depth_radius_seed89_target2_txrx55_ringdown025_objectives/figures/FIGURE_NOTES.md,2314,1379,1344,0.11762909564216165,4,199755
759,outputs/experiments/759_coordinate_optimizer_variable_depth_radius_seed89_target2_txrx60_ringdown025_fine_radius_objectives,outputs/experiments/759_coordinate_optimizer_variable_depth_radius_seed89_target2_txrx60_ringdown025_fine_radius_objectives/data/multi_rebar_coordinate_optimizer_summary.json,skipped,existing valid pulse/noise artifacts,outputs/experiments/759_coordinate_optimizer_variable_depth_radius_seed89_target2_txrx60_ringdown025_fine_radius_objectives/figures/source_pulse_noise_context.png,outputs/experiments/759_coordinate_optimizer_variable_depth_radius_seed89_target2_txrx60_ringdown025_fine_radius_objectives/data/source_pulse_noise_context_summary.json,outputs/experiments/759_coordinate_optimizer_variable_depth_radius_seed89_target2_txrx60_ringdown025_fine_radius_objectives/figures/FIGURE_NOTES.md,2314,1379,1391,0.1055042426973042,4,199755
758,outputs/experiments/758_cross_txrx_condition_fitted_ringdown_summary,,skipped,no compatible coordinate optimizer summary,,,,,,,,,
757,outputs/experiments/757_txrx60_fitted_ringdown_all_target_summary,,skipped,no compatible coordinate optimizer summary,,,,,,,,,
756,outputs/experiments/756_coordinate_optimizer_variable_depth_radius_seed89_target0_txrx60_ringdown025_objectives,outputs/experiments/756_coordinate_optimizer_variable_depth_radius_seed89_target0_txrx60_ringdown025_objectives/data/multi_rebar_coordinate_optimizer_summary.json,skipped,existing valid pulse/noise artifacts,outputs/experiments/756_coordinate_optimizer_variable_depth_radius_seed89_target0_txrx60_ringdown025_objectives/figures/source_pulse_noise_context.png,outputs/experiments/756_coordinate_optimizer_variable_depth_radius_seed89_target0_txrx60_ringdown025_objectives/data/source_pulse_noise_context_summary.json,outputs/experiments/756_coordinate_optimizer_variable_depth_radius_seed89_target0_txrx60_ringdown025_objectives/figures/FIGURE_NOTES.md,2314,1379,1344,0.11777427348501915,4,199755
755,outputs/experiments/755_coordinate_optimizer_variable_depth_radius_seed89_target2_txrx60_ringdown025_objectives,outputs/experiments/755_coordinate_optimizer_variable_depth_radius_seed89_target2_txrx60_ringdown025_objectives/data/multi_rebar_coordinate_optimizer_summary.json,skipped,existing valid pulse/noise artifacts,outputs/experiments/755_coordinate_optimizer_variable_depth_radius_seed89_target2_txrx60_ringdown025_objectives/figures/source_pulse_noise_context.png,outputs/experiments/755_coordinate_optimizer_variable_depth_radius_seed89_target2_txrx60_ringdown025_objectives/data/source_pulse_noise_context_summary.json,outputs/experiments/755_coordinate_optimizer_variable_depth_radius_seed89_target2_txrx60_ringdown025_objectives/figures/FIGURE_NOTES.md,2314,1379,1344,0.11774924282245751,4,199755
754,outputs/experiments/754_coordinate_optimizer_variable_depth_radius_seed89_target1_txrx60_ringdown025_objectives,outputs/experiments/754_coordinate_optimizer_variable_depth_radius_seed89_target1_txrx60_ringdown025_objectives/data/multi_rebar_coordinate_optimizer_summary.json,skipped,existing valid pulse/noise artifacts,outputs/experiments/754_coordinate_optimizer_variable_depth_radius_seed89_target1_txrx60_ringdown025_objectives/figures/source_pulse_noise_context.png,outputs/experiments/754_coordinate_optimizer_variable_depth_radius_seed89_target1_txrx60_ringdown025_objectives/data/source_pulse_noise_context_summary.json,outputs/experiments/754_coordinate_optimizer_variable_depth_radius_seed89_target1_txrx60_ringdown025_objectives/figures/FIGURE_NOTES.md,2314,1379,1344,0.1177292182924082,4,199755
753,outputs/experiments/753_cross_condition_fitted_ringdown_summary,,skipped,no compatible coordinate optimizer summary,,,,,,,,,
752,outputs/experiments/752_ringdown035_fitted_ringdown_all_target_summary,,skipped,no compatible coordinate optimizer summary,,,,,,,,,
751,outputs/experiments/751_coordinate_optimizer_variable_depth_radius_seed89_target0_txrx50_ringdown035_objectives,outputs/experiments/751_coordinate_optimizer_variable_depth_radius_seed89_target0_txrx50_ringdown035_objectives/data/multi_rebar_coordinate_optimizer_summary.json,skipped,existing valid pulse/noise artifacts,outputs/experiments/751_coordinate_optimizer_variable_depth_radius_seed89_target0_txrx50_ringdown035_objectives/figures/source_pulse_noise_context.png,outputs/experiments/751_coordinate_optimizer_variable_depth_radius_seed89_target0_txrx50_ringdown035_objectives/data/source_pulse_noise_context_summary.json,outputs/experiments/751_coordinate_optimizer_variable_depth_radius_seed89_target0_txrx50_ringdown035_objectives/figures/FIGURE_NOTES.md,2314,1379,1422,0.11645265450176466,4,199755
750,outputs/experiments/750_coordinate_optimizer_variable_depth_radius_seed89_target2_txrx50_ringdown035_objectives,outputs/experiments/750_coordinate_optimizer_variable_depth_radius_seed89_target2_txrx50_ringdown035_objectives/data/multi_rebar_coordinate_optimizer_summary.json,skipped,existing valid pulse/noise artifacts,outputs/experiments/750_coordinate_optimizer_variable_depth_radius_seed89_target2_txrx50_ringdown035_objectives/figures/source_pulse_noise_context.png,outputs/experiments/750_coordinate_optimizer_variable_depth_radius_seed89_target2_txrx50_ringdown035_objectives/data/source_pulse_noise_context_summary.json,outputs/experiments/750_coordinate_optimizer_variable_depth_radius_seed89_target2_txrx50_ringdown035_objectives/figures/FIGURE_NOTES.md,2314,1379,1422,0.1164226177066907,4,199755
749,outputs/experiments/749_coordinate_optimizer_variable_depth_radius_seed89_target1_txrx50_ringdown035_objectives,outputs/experiments/749_coordinate_optimizer_variable_depth_radius_seed89_target1_txrx50_ringdown035_objectives/data/multi_rebar_coordinate_optimizer_summary.json,skipped,existing valid pulse/noise artifacts,outputs/experiments/749_coordinate_optimizer_variable_depth_radius_seed89_target1_txrx50_ringdown035_objectives/figures/source_pulse_noise_context.png,outputs/experiments/749_coordinate_optimizer_variable_depth_radius_seed89_target1_txrx50_ringdown035_objectives/data/source_pulse_noise_context_summary.json,outputs/experiments/749_coordinate_optimizer_variable_depth_radius_seed89_target1_txrx50_ringdown035_objectives/figures/FIGURE_NOTES.md,2314,1379,1422,0.11640259317664138,4,199755
748,outputs/experiments/748_cross_seed_fitted_ringdown_summary,,skipped,no compatible coordinate optimizer summary,,,,,,,,,
747,outputs/experiments/747_seed89_fitted_ringdown_all_target_summary,,skipped,no compatible coordinate optimizer summary,,,,,,,,,
746,outputs/experiments/746_coordinate_optimizer_variable_depth_radius_seed89_target1_txrx50_ringdown025_objectives,outputs/experiments/746_coordinate_optimizer_variable_depth_radius_seed89_target1_txrx50_ringdown025_objectives/data/multi_rebar_coordinate_optimizer_summary.json,skipped,existing valid pulse/noise artifacts,outputs/experiments/746_coordinate_optimizer_variable_depth_radius_seed89_target1_txrx50_ringdown025_objectives/figures/source_pulse_noise_context.png,outputs/experiments/746_coordinate_optimizer_variable_depth_radius_seed89_target1_txrx50_ringdown025_objectives/data/source_pulse_noise_context_summary.json,outputs/experiments/746_coordinate_optimizer_variable_depth_radius_seed89_target1_txrx50_ringdown025_objectives/figures/FIGURE_NOTES.md,2314,1379,1344,0.11775925508748217,4,199755
745,outputs/experiments/745_coordinate_optimizer_variable_depth_radius_seed89_target2_txrx50_ringdown025_objectives,outputs/experiments/745_coordinate_optimizer_variable_depth_radius_seed89_target2_txrx50_ringdown025_objectives/data/multi_rebar_coordinate_optimizer_summary.json,skipped,existing valid pulse/noise artifacts,outputs/experiments/745_coordinate_optimizer_variable_depth_radius_seed89_target2_txrx50_ringdown025_objectives/figures/source_pulse_noise_context.png,outputs/experiments/745_coordinate_optimizer_variable_depth_radius_seed89_target2_txrx50_ringdown025_objectives/data/source_pulse_noise_context_summary.json,outputs/experiments/745_coordinate_optimizer_variable_depth_radius_seed89_target2_txrx50_ringdown025_objectives/figures/FIGURE_NOTES.md,2314,1379,1344,0.11777927961753147,4,199755
744,outputs/experiments/744_coordinate_optimizer_variable_depth_radius_seed89_target0_txrx50_ringdown025_objectives,outputs/experiments/744_coordinate_optimizer_variable_depth_radius_seed89_target0_txrx50_ringdown025_objectives/data/multi_rebar_coordinate_optimizer_summary.json,skipped,existing valid pulse/noise artifacts,outputs/experiments/744_coordinate_optimizer_variable_depth_radius_seed89_target0_txrx50_ringdown025_objectives/figures/source_pulse_noise_context.png,outputs/experiments/744_coordinate_optimizer_variable_depth_radius_seed89_target0_txrx50_ringdown025_objectives/data/source_pulse_noise_context_summary.json,outputs/experiments/744_coordinate_optimizer_variable_depth_radius_seed89_target0_txrx50_ringdown025_objectives/figures/FIGURE_NOTES.md,2314,1379,1344,0.11780431028009311,4,199755
743,outputs/experiments/743_seed21_fitted_ringdown_all_target_summary,,skipped,no compatible coordinate optimizer summary,,,,,,,,,
742,outputs/experiments/742_coordinate_optimizer_variable_depth_radius_seed21_target1_txrx50_ringdown025_objectives,outputs/experiments/742_coordinate_optimizer_variable_depth_radius_seed21_target1_txrx50_ringdown025_objectives/data/multi_rebar_coordinate_optimizer_summary.json,skipped,existing valid pulse/noise artifacts,outputs/experiments/742_coordinate_optimizer_variable_depth_radius_seed21_target1_txrx50_ringdown025_objectives/figures/source_pulse_noise_context.png,outputs/experiments/742_coordinate_optimizer_variable_depth_radius_seed21_target1_txrx50_ringdown025_objectives/data/source_pulse_noise_context_summary.json,outputs/experiments/742_coordinate_optimizer_variable_depth_radius_seed21_target1_txrx50_ringdown025_objectives/figures/FIGURE_NOTES.md,2314,1379,1397,0.1279767715451428,4,199755
741,outputs/experiments/741_coordinate_optimizer_variable_depth_radius_seed21_target2_txrx50_ringdown025_objectives,outputs/experiments/741_coordinate_optimizer_variable_depth_radius_seed21_target2_txrx50_ringdown025_objectives/data/multi_rebar_coordinate_optimizer_summary.json,skipped,existing valid pulse/noise artifacts,outputs/experiments/741_coordinate_optimizer_variable_depth_radius_seed21_target2_txrx50_ringdown025_objectives/figures/source_pulse_noise_context.png,outputs/experiments/741_coordinate_optimizer_variable_depth_radius_seed21_target2_txrx50_ringdown025_objectives/data/source_pulse_noise_context_summary.json,outputs/experiments/741_coordinate_optimizer_variable_depth_radius_seed21_target2_txrx50_ringdown025_objectives/figures/FIGURE_NOTES.md,2314,1379,1397,0.1279967960751921,4,199755
740,outputs/experiments/740_coordinate_optimizer_variable_depth_radius_seed21_target0_txrx50_ringdown025_objectives,outputs/experiments/740_coordinate_optimizer_variable_depth_radius_seed21_target0_txrx50_ringdown025_objectives/data/multi_rebar_coordinate_optimizer_summary.json,skipped,existing valid pulse/noise artifacts,outputs/experiments/740_coordinate_optimizer_variable_depth_radius_seed21_target0_txrx50_ringdown025_objectives/figures/source_pulse_noise_context.png,outputs/experiments/740_coordinate_optimizer_variable_depth_radius_seed21_target0_txrx50_ringdown025_objectives/data/source_pulse_noise_context_summary.json,outputs/experiments/740_coordinate_optimizer_variable_depth_radius_seed21_target0_txrx50_ringdown025_objectives/figures/FIGURE_NOTES.md,2314,1379,1397,0.1279967960751921,4,199755
739,outputs/experiments/739_experiment_archive_health_report_current,,skipped,no compatible coordinate optimizer summary,,,,,,,,,
738,outputs/experiments/738_post_archive_coverage_audit_resume_checkpoint,,skipped,no compatible coordinate optimizer summary,,,,,,,,,
737,outputs/experiments/737_current_archive_coverage_refresh_state_audit,,skipped,no compatible coordinate optimizer summary,,,,,,,,,
736,outputs/experiments/736_next_action_queue_current_archive_coverage_refresh,,skipped,no compatible coordinate optimizer summary,,,,,,,,,
735,outputs/experiments/735_commit_pr_summary_current_archive_coverage_refresh,,skipped,no compatible coordinate optimizer summary,,,,,,,,,
734,outputs/experiments/734_current_state_archive_coverage_audit_refresh,,skipped,no compatible coordinate optimizer summary,,,,,,,,,
733,outputs/experiments/733_current_manuscript_validation_refresh_state_audit,,skipped,no compatible coordinate optimizer summary,,,,,,,,,
732,outputs/experiments/732_next_action_queue_current_manuscript_validation_refresh,,skipped,no compatible coordinate optimizer summary,,,,,,,,,
731,outputs/experiments/731_commit_pr_summary_current_manuscript_validation_refresh,,skipped,no compatible coordinate optimizer summary,,,,,,,,,
730,outputs/experiments/730_imrad_manuscript_current_validation_refresh,,skipped,no compatible coordinate optimizer summary,,,,,,,,,
729,outputs/experiments/729_current_validation_refresh_state_audit,,skipped,no compatible coordinate optimizer summary,,,,,,,,,
728,outputs/experiments/728_next_action_queue_current_validation_refresh,,skipped,no compatible coordinate optimizer summary,,,,,,,,,
727,outputs/experiments/727_commit_pr_summary_current_validation_refresh,,skipped,no compatible coordinate optimizer summary,,,,,,,,,
726,outputs/experiments/726_current_precommit_validation_after_archive_coverage_audit_refresh,,skipped,no compatible coordinate optimizer summary,,,,,,,,,
725,outputs/experiments/725_current_archive_coverage_refresh_state_audit,,skipped,no compatible coordinate optimizer summary,,,,,,,,,
724,outputs/experiments/724_next_action_queue_current_archive_coverage_refresh,,skipped,no compatible coordinate optimizer summary,,,,,,,,,
723,outputs/experiments/723_commit_pr_summary_current_archive_coverage_refresh,,skipped,no compatible coordinate optimizer summary,,,,,,,,,
722,outputs/experiments/722_current_state_archive_coverage_audit_refresh,,skipped,no compatible coordinate optimizer summary,,,,,,,,,
721,outputs/experiments/721_current_review_refresh_state_audit,,skipped,no compatible coordinate optimizer summary,,,,,,,,,
720,outputs/experiments/720_next_action_queue_current_review_refresh,,skipped,no compatible coordinate optimizer summary,,,,,,,,,
719,outputs/experiments/719_commit_pr_summary_current_review_refresh,,skipped,no compatible coordinate optimizer summary,,,,,,,,,
718,outputs/experiments/718_code_self_review_current_validation_refresh,,skipped,no compatible coordinate optimizer summary,,,,,,,,,
717,outputs/experiments/717_current_validation_refresh_state_audit,,skipped,no compatible coordinate optimizer summary,,,,,,,,,
716,outputs/experiments/716_next_action_queue_current_validation_refresh,,skipped,no compatible coordinate optimizer summary,,,,,,,,,
715,outputs/experiments/715_commit_pr_summary_current_validation_refresh,,skipped,no compatible coordinate optimizer summary,,,,,,,,,
714,outputs/experiments/714_current_precommit_validation_after_archive_coverage_refresh,,skipped,no compatible coordinate optimizer summary,,,,,,,,,
713,outputs/experiments/713_current_archive_coverage_refresh_state_audit,,skipped,no compatible coordinate optimizer summary,,,,,,,,,
712,outputs/experiments/712_next_action_queue_current_archive_coverage_refresh,,skipped,no compatible coordinate optimizer summary,,,,,,,,,
711,outputs/experiments/711_commit_pr_summary_current_archive_coverage_refresh,,skipped,no compatible coordinate optimizer summary,,,,,,,,,
710,outputs/experiments/710_current_state_archive_coverage_audit_refresh,,skipped,no compatible coordinate optimizer summary,,,,,,,,,
709,outputs/experiments/709_current_review_refresh_state_audit,,skipped,no compatible coordinate optimizer summary,,,,,,,,,
708,outputs/experiments/708_next_action_queue_current_review_refresh,,skipped,no compatible coordinate optimizer summary,,,,,,,,,
707,outputs/experiments/707_commit_pr_summary_current_review_refresh,,skipped,no compatible coordinate optimizer summary,,,,,,,,,
706,outputs/experiments/706_code_self_review_current_validation_checkpoint,,skipped,no compatible coordinate optimizer summary,,,,,,,,,
705,outputs/experiments/705_current_validation_after_coordinate_default_audit_state_audit,,skipped,no compatible coordinate optimizer summary,,,,,,,,,
704,outputs/experiments/704_next_action_queue_current_validation_after_coordinate_default_audit_refresh,,skipped,no compatible coordinate optimizer summary,,,,,,,,,
703,outputs/experiments/703_commit_pr_summary_current_validation_after_coordinate_default_audit_refresh,,skipped,no compatible coordinate optimizer summary,,,,,,,,,
702,outputs/experiments/702_current_precommit_validation_after_coordinate_default_audit_refresh,,skipped,no compatible coordinate optimizer summary,,,,,,,,,
701,outputs/experiments/701_current_coordinate_default_audit_refresh_state_audit,,skipped,no compatible coordinate optimizer summary,,,,,,,,,
700,outputs/experiments/700_next_action_queue_coordinate_default_audit_refresh,,skipped,no compatible coordinate optimizer summary,,,,,,,,,
699,outputs/experiments/699_commit_pr_summary_coordinate_default_audit_refresh,,skipped,no compatible coordinate optimizer summary,,,,,,,,,
698,outputs/experiments/698_current_coordinate_default_smoke_state_audit,,skipped,no compatible coordinate optimizer summary,,,,,,,,,
697,outputs/experiments/697_next_action_queue_coordinate_default_smoke_refresh,,skipped,no compatible coordinate optimizer summary,,,,,,,,,
696,outputs/experiments/696_commit_pr_summary_coordinate_default_smoke_refresh,,skipped,no compatible coordinate optimizer summary,,,,,,,,,
695,outputs/experiments/695_coordinate_aggregate_invalid_default_smoke,,skipped,no compatible coordinate optimizer summary,,,,,,,,,
694,outputs/experiments/694_coordinate_confidence_metadata_default_hardening,,skipped,no compatible coordinate optimizer summary,,,,,,,,,
693,outputs/experiments/693_next_action_queue_current_validation_refresh,,skipped,no compatible coordinate optimizer summary,,,,,,,,,
692,outputs/experiments/692_commit_pr_summary_current_validation_refresh,,skipped,no compatible coordinate optimizer summary,,,,,,,,,
691,outputs/experiments/691_current_precommit_validation_after_manuscript_archive_refresh,,skipped,no compatible coordinate optimizer summary,,,,,,,,,
690,outputs/experiments/690_next_action_queue_current_manuscript_archive_audit_refresh,,skipped,no compatible coordinate optimizer summary,,,,,,,,,
689,outputs/experiments/689_commit_pr_summary_current_manuscript_archive_audit_refresh,,skipped,no compatible coordinate optimizer summary,,,,,,,,,
688,outputs/experiments/688_current_manuscript_archive_state_audit,,skipped,no compatible coordinate optimizer summary,,,,,,,,,
687,outputs/experiments/687_next_action_queue_current_manuscript_validation_refresh,,skipped,no compatible coordinate optimizer summary,,,,,,,,,
686,outputs/experiments/686_commit_pr_summary_current_manuscript_validation_refresh,,skipped,no compatible coordinate optimizer summary,,,,,,,,,
685,outputs/experiments/685_imrad_manuscript_current_archive_coverage_validation_refresh,,skipped,no compatible coordinate optimizer summary,,,,,,,,,
684,outputs/experiments/684_next_action_queue_current_archive_coverage_refresh,,skipped,no compatible coordinate optimizer summary,,,,,,,,,
683,outputs/experiments/683_commit_pr_summary_current_archive_coverage_refresh,,skipped,no compatible coordinate optimizer summary,,,,,,,,,
682,outputs/experiments/682_current_state_archive_coverage_audit_refresh,,skipped,no compatible coordinate optimizer summary,,,,,,,,,
681,outputs/experiments/681_next_action_queue_coordinate_aggregate_audit_refresh,,skipped,no compatible coordinate optimizer summary,,,,,,,,,
680,outputs/experiments/680_commit_pr_summary_coordinate_aggregate_audit_refresh,,skipped,no compatible coordinate optimizer summary,,,,,,,,,
679,outputs/experiments/679_current_coordinate_aggregate_smoke_state_audit,,skipped,no compatible coordinate optimizer summary,,,,,,,,,
678,outputs/experiments/678_next_action_queue_coordinate_aggregate_smoke_refresh,,skipped,no compatible coordinate optimizer summary,,,,,,,,,
677,outputs/experiments/677_commit_pr_summary_coordinate_aggregate_smoke_refresh,,skipped,no compatible coordinate optimizer summary,,,,,,,,,
676,outputs/experiments/676_coordinate_aggregate_nonfinite_row_smoke,,skipped,no compatible coordinate optimizer summary,,,,,,,,,
675,outputs/experiments/675_coordinate_aggregate_row_sanitization_hardening,,skipped,no compatible coordinate optimizer summary,,,,,,,,,
674,outputs/experiments/674_next_action_queue_nonfinite_confidence_audit_refresh,,skipped,no compatible coordinate optimizer summary,,,,,,,,,
673,outputs/experiments/673_commit_pr_summary_nonfinite_confidence_audit_refresh,,skipped,no compatible coordinate optimizer summary,,,,,,,,,
672,outputs/experiments/672_current_nonfinite_confidence_smoke_state_audit,,skipped,no compatible coordinate optimizer summary,,,,,,,,,
671,outputs/experiments/671_next_action_queue_nonfinite_confidence_smoke_refresh,,skipped,no compatible coordinate optimizer summary,,,,,,,,,
670,outputs/experiments/670_commit_pr_summary_nonfinite_confidence_smoke_refresh,,skipped,no compatible coordinate optimizer summary,,,,,,,,,
669,outputs/experiments/669_objective_diagnostic_nonfinite_confidence_smoke,,skipped,no compatible coordinate optimizer summary,,,,,,,,,
668,outputs/experiments/668_next_action_queue_candidate_row_sanitization_audit_refresh,,skipped,no compatible coordinate optimizer summary,,,,,,,,,
667,outputs/experiments/667_commit_pr_summary_candidate_row_sanitization_audit_refresh,,skipped,no compatible coordinate optimizer summary,,,,,,,,,
666,outputs/experiments/666_current_candidate_row_sanitization_state_audit,,skipped,no compatible coordinate optimizer summary,,,,,,,,,
665,outputs/experiments/665_next_action_queue_candidate_row_sanitization_refresh,,skipped,no compatible coordinate optimizer summary,,,,,,,,,
664,outputs/experiments/664_commit_pr_summary_candidate_row_sanitization_refresh,,skipped,no compatible coordinate optimizer summary,,,,,,,,,
663,outputs/experiments/663_candidate_confidence_row_sanitization_hardening,,skipped,no compatible coordinate optimizer summary,,,,,,,,,
662,outputs/experiments/662_next_action_queue_candidate_confidence_audit_refresh,,skipped,no compatible coordinate optimizer summary,,,,,,,,,
661,outputs/experiments/661_commit_pr_summary_candidate_confidence_audit_refresh,,skipped,no compatible coordinate optimizer summary,,,,,,,,,
660,outputs/experiments/660_current_candidate_confidence_state_audit,,skipped,no compatible coordinate optimizer summary,,,,,,,,,
659,outputs/experiments/659_next_action_queue_candidate_confidence_refresh,,skipped,no compatible coordinate optimizer summary,,,,,,,,,
658,outputs/experiments/658_commit_pr_summary_candidate_confidence_refresh,,skipped,no compatible coordinate optimizer summary,,,,,,,,,
657,outputs/experiments/657_candidate_confidence_nonfinite_hardening,,skipped,no compatible coordinate optimizer summary,,,,,,,,,
656,outputs/experiments/656_next_action_queue_archive_coverage_refresh,,skipped,no compatible coordinate optimizer summary,,,,,,,,,
655,outputs/experiments/655_commit_pr_summary_current_archive_coverage_refresh,,skipped,no compatible coordinate optimizer summary,,,,,,,,,
654,outputs/experiments/654_current_state_archive_coverage_audit,,skipped,no compatible coordinate optimizer summary,,,,,,,,,
653,outputs/experiments/653_next_action_queue_state_audit_refresh,,skipped,no compatible coordinate optimizer summary,,,,,,,,,
652,outputs/experiments/652_commit_pr_summary_current_state_audit_refresh,,skipped,no compatible coordinate optimizer summary,,,,,,,,,
651,outputs/experiments/651_current_resume_checkpoint_state_audit,,skipped,no compatible coordinate optimizer summary,,,,,,,,,
650,outputs/experiments/650_next_action_queue_resume_checkpoint_refresh,,skipped,no compatible coordinate optimizer summary,,,,,,,,,
649,outputs/experiments/649_commit_pr_summary_current_resume_checkpoint_refresh,,skipped,no compatible coordinate optimizer summary,,,,,,,,,
648,outputs/experiments/648_post_manifest_audit_resume_checkpoint,,skipped,no compatible coordinate optimizer summary,,,,,,,,,
647,outputs/experiments/647_next_action_queue_manifest_audit_refresh,,skipped,no compatible coordinate optimizer summary,,,,,,,,,
646,outputs/experiments/646_commit_pr_summary_current_manifest_audit_refresh,,skipped,no compatible coordinate optimizer summary,,,,,,,,,
645,outputs/experiments/645_current_manifest_smoke_state_audit,,skipped,no compatible coordinate optimizer summary,,,,,,,,,
644,outputs/experiments/644_next_action_queue_manifest_smoke_refresh,,skipped,no compatible coordinate optimizer summary,,,,,,,,,
643,outputs/experiments/643_commit_pr_summary_current_manifest_smoke_refresh,,skipped,no compatible coordinate optimizer summary,,,,,,,,,
642,outputs/experiments/642_objective_diagnostic_no_confidence_manifest_smoke,,skipped,no compatible coordinate optimizer summary,,,,,,,,,
641,outputs/experiments/641_next_action_queue_manifest_validation_refresh,,skipped,no compatible coordinate optimizer summary,,,,,,,,,
640,outputs/experiments/640_commit_pr_summary_current_manifest_validation_refresh,,skipped,no compatible coordinate optimizer summary,,,,,,,,,
639,outputs/experiments/639_objective_diagnostic_manifest_artifact_hardening,,skipped,no compatible coordinate optimizer summary,,,,,,,,,
638,outputs/experiments/638_next_action_queue_manuscript_resume_archive_refresh,,skipped,no compatible coordinate optimizer summary,,,,,,,,,
637,outputs/experiments/637_commit_pr_summary_current_manuscript_resume_archive_refresh,,skipped,no compatible coordinate optimizer summary,,,,,,,,,
636,outputs/experiments/636_imrad_manuscript_current_resume_archive_validation_refresh,,skipped,no compatible coordinate optimizer summary,,,,,,,,,
635,outputs/experiments/635_next_action_queue_archive_resume_refresh,,skipped,no compatible coordinate optimizer summary,,,,,,,,,
634,outputs/experiments/634_commit_pr_summary_current_archive_resume_refresh,,skipped,no compatible coordinate optimizer summary,,,,,,,,,
633,outputs/experiments/633_current_handoff_archive_resume_refresh,,skipped,no compatible coordinate optimizer summary,,,,,,,,,
632,outputs/experiments/632_current_resume_archive_size_audit,,skipped,no compatible coordinate optimizer summary,,,,,,,,,
631,outputs/experiments/631_next_action_queue_resume_audit_refresh,,skipped,no compatible coordinate optimizer summary,,,,,,,,,
630,outputs/experiments/630_commit_pr_summary_current_resume_audit_refresh,,skipped,no compatible coordinate optimizer summary,,,,,,,,,
629,outputs/experiments/629_current_resume_state_audit,,skipped,no compatible coordinate optimizer summary,,,,,,,,,
628,outputs/experiments/628_next_action_queue_resume_refresh,,skipped,no compatible coordinate optimizer summary,,,,,,,,,
627,outputs/experiments/627_commit_pr_summary_current_resume_refresh,,skipped,no compatible coordinate optimizer summary,,,,,,,,,
626,outputs/experiments/626_post_manuscript_archive_resume_checkpoint,,skipped,no compatible coordinate optimizer summary,,,,,,,,,
625,outputs/experiments/625_next_action_queue_manuscript_archive_handoff_refresh,,skipped,no compatible coordinate optimizer summary,,,,,,,,,
624,outputs/experiments/624_commit_pr_summary_current_manuscript_archive_handoff_refresh,,skipped,no compatible coordinate optimizer summary,,,,,,,,,
623,outputs/experiments/623_current_handoff_archive_manuscript_refresh,,skipped,no compatible coordinate optimizer summary,,,,,,,,,
622,outputs/experiments/622_current_manuscript_archive_size_audit,,skipped,no compatible coordinate optimizer summary,,,,,,,,,
621,outputs/experiments/621_next_action_queue_manuscript_archive_refresh,,skipped,no compatible coordinate optimizer summary,,,,,,,,,
620,outputs/experiments/620_commit_pr_summary_current_manuscript_archive_refresh,,skipped,no compatible coordinate optimizer summary,,,,,,,,,
619,outputs/experiments/619_imrad_manuscript_current_archive_validation_refresh,,skipped,no compatible coordinate optimizer summary,,,,,,,,,
618,outputs/experiments/618_next_action_queue_archive_smoke_audit_refresh,,skipped,no compatible coordinate optimizer summary,,,,,,,,,
617,outputs/experiments/617_commit_pr_summary_current_archive_smoke_audit_refresh,,skipped,no compatible coordinate optimizer summary,,,,,,,,,
616,outputs/experiments/616_current_handoff_archive_smoke_audit_refresh,,skipped,no compatible coordinate optimizer summary,,,,,,,,,
615,outputs/experiments/615_current_smoke_audit_archive_size_audit,,skipped,no compatible coordinate optimizer summary,,,,,,,,,
614,outputs/experiments/614_next_action_queue_smoke_audit_refresh,,skipped,no compatible coordinate optimizer summary,,,,,,,,,
613,outputs/experiments/613_commit_pr_summary_current_smoke_audit_refresh,,skipped,no compatible coordinate optimizer summary,,,,,,,,,
612,outputs/experiments/612_current_nonfinite_hardening_state_audit,,skipped,no compatible coordinate optimizer summary,,,,,,,,,
611,outputs/experiments/611_objective_cli_sparse_nonfinite_smoke,,skipped,no compatible coordinate optimizer summary,,,,,,,,,
610,outputs/experiments/610_objective_ratio_null_serialization_hardening,,skipped,no compatible coordinate optimizer summary,,,,,,,,,
609,outputs/experiments/609_reporting_cli_nonfinite_smoke,,skipped,no compatible coordinate optimizer summary,,,,,,,,,
608,outputs/experiments/608_next_action_queue_nonfinite_hardening_refresh,,skipped,no compatible coordinate optimizer summary,,,,,,,,,
607,outputs/experiments/607_commit_pr_summary_current_nonfinite_hardening_refresh,,skipped,no compatible coordinate optimizer summary,,,,,,,,,
606,outputs/experiments/606_optional_numeric_nonfinite_reporting_hardening,,skipped,no compatible coordinate optimizer summary,,,,,,,,,
605,outputs/experiments/605_current_diagnostic_hardening_state_audit,,skipped,no compatible coordinate optimizer summary,,,,,,,,,
604,outputs/experiments/604_next_action_queue_diagnostic_hardening_refresh,,skipped,no compatible coordinate optimizer summary,,,,,,,,,
603,outputs/experiments/603_commit_pr_summary_current_diagnostic_hardening_refresh,,skipped,no compatible coordinate optimizer summary,,,,,,,,,
602,outputs/experiments/602_objective_diagnostic_sparse_geometry_hardening,,skipped,no compatible coordinate optimizer summary,,,,,,,,,
601,outputs/experiments/601_next_action_queue_commit_summary_validation_refresh,,skipped,no compatible coordinate optimizer summary,,,,,,,,,
600,outputs/experiments/600_commit_pr_summary_current_validation_refresh,,skipped,no compatible coordinate optimizer summary,,,,,,,,,
599,outputs/experiments/599_next_action_queue_current_validation_refresh,,skipped,no compatible coordinate optimizer summary,,,,,,,,,
598,outputs/experiments/598_current_precommit_validation_after_archive_refresh,,skipped,no compatible coordinate optimizer summary,,,,,,,,,
597,outputs/experiments/597_next_action_queue_current_archive_refresh,,skipped,no compatible coordinate optimizer summary,,,,,,,,,
596,outputs/experiments/596_commit_pr_summary_current_archive_refresh,,skipped,no compatible coordinate optimizer summary,,,,,,,,,
595,outputs/experiments/595_current_handoff_archive_refresh,,skipped,no compatible coordinate optimizer summary,,,,,,,,,
594,outputs/experiments/594_current_handoff_archive_refresh_size_audit,,skipped,no compatible coordinate optimizer summary,,,,,,,,,
593,outputs/experiments/593_next_action_queue_current_manuscript_validation_refresh,,skipped,no compatible coordinate optimizer summary,,,,,,,,,
592,outputs/experiments/592_commit_pr_summary_current_manuscript_validation_refresh,,skipped,no compatible coordinate optimizer summary,,,,,,,,,
591,outputs/experiments/591_imrad_manuscript_current_validation_refresh,,skipped,no compatible coordinate optimizer summary,,,,,,,,,
590,outputs/experiments/590_current_artifact_consistency_audit,,skipped,no compatible coordinate optimizer summary,,,,,,,,,
589,outputs/experiments/589_next_action_queue_post_sparse_hardening_resume_refresh,,skipped,no compatible coordinate optimizer summary,,,,,,,,,
588,outputs/experiments/588_post_sparse_hardening_resume_checkpoint,,skipped,no compatible coordinate optimizer summary,,,,,,,,,
587,outputs/experiments/587_next_action_queue_commit_summary_sparse_hardening_refresh,,skipped,no compatible coordinate optimizer summary,,,,,,,,,
586,outputs/experiments/586_commit_pr_summary_sparse_hardening_refresh,,skipped,no compatible coordinate optimizer summary,,,,,,,,,
585,outputs/experiments/585_next_action_queue_objective_sparse_hardening_refresh,,skipped,no compatible coordinate optimizer summary,,,,,,,,,
584,outputs/experiments/584_objective_confidence_sparse_result_hardening,,skipped,no compatible coordinate optimizer summary,,,,,,,,,
583,outputs/experiments/583_next_action_queue_precommit_validation_refresh,,skipped,no compatible coordinate optimizer summary,,,,,,,,,
582,outputs/experiments/582_current_precommit_validation_checkpoint,,skipped,no compatible coordinate optimizer summary,,,,,,,,,
581,outputs/experiments/581_next_action_queue_current_archive_refresh,,skipped,no compatible coordinate optimizer summary,,,,,,,,,
580,outputs/experiments/580_current_handoff_archive,,skipped,no compatible coordinate optimizer summary,,,,,,,,,
579,outputs/experiments/579_current_handoff_archive_size_audit,,skipped,no compatible coordinate optimizer summary,,,,,,,,,
578,outputs/experiments/578_next_action_queue_commit_summary_refresh,,skipped,no compatible coordinate optimizer summary,,,,,,,,,
577,outputs/experiments/577_commit_pr_summary_current_refresh,,skipped,no compatible coordinate optimizer summary,,,,,,,,,
576,outputs/experiments/576_next_action_queue_manuscript_validation_refresh,,skipped,no compatible coordinate optimizer summary,,,,,,,,,
575,outputs/experiments/575_imrad_manuscript_validation_refresh,,skipped,no compatible coordinate optimizer summary,,,,,,,,,
574,outputs/experiments/574_next_action_queue_post_hardening,,skipped,no compatible coordinate optimizer summary,,,,,,,,,
573,outputs/experiments/573_post_hardening_resume_checkpoint,,skipped,no compatible coordinate optimizer summary,,,,,,,,,
572,outputs/experiments/572_commit_pr_summary_post_hardening,,skipped,no compatible coordinate optimizer summary,,,,,,,,,
571,outputs/experiments/571_coordinate_aggregate_note_hardening,,skipped,no compatible coordinate optimizer summary,,,,,,,,,
570,outputs/experiments/570_commit_pr_summary_refresh,,skipped,no compatible coordinate optimizer summary,,,,,,,,,
569,outputs/experiments/569_next_action_queue_post_polish,,skipped,no compatible coordinate optimizer summary,,,,,,,,,
568,outputs/experiments/568_post_manuscript_polish_checkpoint,,skipped,no compatible coordinate optimizer summary,,,,,,,,,
567,outputs/experiments/567_manuscript_guardrail_prose_polish,,skipped,no compatible coordinate optimizer summary,,,,,,,,,
566,outputs/experiments/566_next_action_queue_manuscript_refresh,,skipped,no compatible coordinate optimizer summary,,,,,,,,,
565,outputs/experiments/565_manuscript_balance_audit,,skipped,no compatible coordinate optimizer summary,,,,,,,,,
564,outputs/experiments/564_post_imrad_resume_checkpoint,,skipped,no compatible coordinate optimizer summary,,,,,,,,,
563,outputs/experiments/563_imrad_manuscript_lint,,skipped,no compatible coordinate optimizer summary,,,,,,,,,
562,outputs/experiments/562_imrad_manuscript_draft,,skipped,no compatible coordinate optimizer summary,,,,,,,,,
561,outputs/experiments/561_next_action_queue_refresh,,skipped,no compatible coordinate optimizer summary,,,,,,,,,
560,outputs/experiments/560_revised_final_report_lint,,skipped,no compatible coordinate optimizer summary,,,,,,,,,
559,outputs/experiments/559_final_report_reproducibility_refresh,,skipped,no compatible coordinate optimizer summary,,,,,,,,,
558,outputs/experiments/558_next_action_queue,,skipped,no compatible coordinate optimizer summary,,,,,,,,,
557,outputs/experiments/557_commit_pr_summary_draft,,skipped,no compatible coordinate optimizer summary,,,,,,,,,
556,outputs/experiments/556_post_archive_resume_checkpoint,,skipped,no compatible coordinate optimizer summary,,,,,,,,,
555,outputs/experiments/555_report_dependency_archive,,skipped,no compatible coordinate optimizer summary,,,,,,,,,
554,outputs/experiments/554_report_dependency_size_audit,,skipped,no compatible coordinate optimizer summary,,,,,,,,,
553,outputs/experiments/553_post_hardening_resume_checkpoint,,skipped,no compatible coordinate optimizer summary,,,,,,,,,
552,outputs/experiments/552_code_self_review_objective_notes_hardening,,skipped,no compatible coordinate optimizer summary,,,,,,,,,
551,outputs/experiments/551_commit_archive_inventory,,skipped,no compatible coordinate optimizer summary,,,,,,,,,
550,outputs/experiments/550_archive_status_checkpoint,,skipped,no compatible coordinate optimizer summary,,,,,,,,,
549,outputs/experiments/549_final_report_editorial_lint,,skipped,no compatible coordinate optimizer summary,,,,,,,,,
548,outputs/experiments/548_final_report_markdown,,skipped,no compatible coordinate optimizer summary,,,,,,,,,
547,outputs/experiments/547_reporting_reproducibility_bundle,,skipped,no compatible coordinate optimizer summary,,,,,,,,,
546,outputs/experiments/546_report_claim_consistency_audit,,skipped,no compatible coordinate optimizer summary,,,,,,,,,
545,outputs/experiments/545_report_figure_caption_package,,skipped,no compatible coordinate optimizer summary,,,,,,,,,
544,outputs/experiments/544_decision_figure_readiness_audit,,skipped,no compatible coordinate optimizer summary,,,,,,,,,
543,outputs/experiments/543_compact_objective_summary_figure,,skipped,no compatible coordinate optimizer summary,,,,,,,,,
542,outputs/experiments/542_decision_figure_map,,skipped,no compatible coordinate optimizer summary,,,,,,,,,
541,outputs/experiments/541_combined_report_draft,,skipped,no compatible coordinate optimizer summary,,,,,,,,,
540,outputs/experiments/540_results_methods_evidence_table,,skipped,no compatible coordinate optimizer summary,,,,,,,,,
539,outputs/experiments/539_results_section_draft,,skipped,no compatible coordinate optimizer summary,,,,,,,,,
538,outputs/experiments/538_current_evidence_synthesis,,skipped,no compatible coordinate optimizer summary,,,,,,,,,
537,outputs/experiments/537_marathon_checkpoint_reporting_handoff,,skipped,no compatible coordinate optimizer summary,,,,,,,,,
536,outputs/experiments/536_single_rebar_shallow_r4_reporting_handoff,,skipped,no compatible coordinate optimizer summary,,,,,,,,,
535,outputs/experiments/535_source_shape_center_interval_reporting_handoff,,skipped,no compatible coordinate optimizer summary,,,,,,,,,
534,outputs/experiments/534_coordinate_confidence_aggregate_close50_txrx20_vs_txrx40_sources5_metadata_repair,,skipped,no compatible coordinate optimizer summary,,,,,,,,,
533,outputs/experiments/533_variable_depth_radius_txrx50_objective_reporting_handoff,,skipped,no compatible coordinate optimizer summary,,,,,,,,,
532,outputs/experiments/532_variable_depth_radius_txrx50_all_condition_objective_confidence_report,,skipped,no compatible coordinate optimizer summary,,,,,,,,,
531,outputs/experiments/531_variable_depth_radius_all_targets_three_seed_txrx50_ringdown025_objective_confidence_report,,skipped,no compatible coordinate optimizer summary,,,,,,,,,
530,outputs/experiments/530_variable_depth_radius_target1_three_seed_txrx50_ringdown025_objective_confidence_report,,skipped,no compatible coordinate optimizer summary,,,,,,,,,
529,outputs/experiments/529_variable_depth_radius_seed34_target1_txrx50_ringdown025_objective_confidence_report,,skipped,no compatible coordinate optimizer summary,,,,,,,,,
528,outputs/experiments/528_coordinate_optimizer_variable_depth_radius_seed34_target1_txrx50_ringdown025_objectives,outputs/experiments/528_coordinate_optimizer_variable_depth_radius_seed34_target1_txrx50_ringdown025_objectives/data/multi_rebar_coordinate_optimizer_summary.json,skipped,existing valid pulse/noise artifacts,outputs/experiments/528_coordinate_optimizer_variable_depth_radius_seed34_target1_txrx50_ringdown025_objectives/figures/source_pulse_noise_context.png,outputs/experiments/528_coordinate_optimizer_variable_depth_radius_seed34_target1_txrx50_ringdown025_objectives/data/source_pulse_noise_context_summary.json,outputs/experiments/528_coordinate_optimizer_variable_depth_radius_seed34_target1_txrx50_ringdown025_objectives/figures/FIGURE_NOTES.md,2314,1379,1342,0.1210482841480814,4,199755
527,outputs/experiments/527_variable_depth_radius_seed13_target1_txrx50_ringdown025_objective_confidence_report,,skipped,no compatible coordinate optimizer summary,,,,,,,,,
526,outputs/experiments/526_coordinate_optimizer_variable_depth_radius_seed13_target1_txrx50_ringdown025_objectives,outputs/experiments/526_coordinate_optimizer_variable_depth_radius_seed13_target1_txrx50_ringdown025_objectives/data/multi_rebar_coordinate_optimizer_summary.json,skipped,existing valid pulse/noise artifacts,outputs/experiments/526_coordinate_optimizer_variable_depth_radius_seed13_target1_txrx50_ringdown025_objectives/figures/source_pulse_noise_context.png,outputs/experiments/526_coordinate_optimizer_variable_depth_radius_seed13_target1_txrx50_ringdown025_objectives/data/source_pulse_noise_context_summary.json,outputs/experiments/526_coordinate_optimizer_variable_depth_radius_seed13_target1_txrx50_ringdown025_objectives/figures/FIGURE_NOTES.md,2314,1379,1396,0.12283547345498236,4,199755
525,outputs/experiments/525_variable_depth_radius_target2_three_seed_txrx50_ringdown025_objective_confidence_report,,skipped,no compatible coordinate optimizer summary,,,,,,,,,
524,outputs/experiments/524_variable_depth_radius_seed34_target2_txrx50_ringdown025_objective_confidence_report,,skipped,no compatible coordinate optimizer summary,,,,,,,,,
523,outputs/experiments/523_coordinate_optimizer_variable_depth_radius_seed34_target2_txrx50_ringdown025_objectives,outputs/experiments/523_coordinate_optimizer_variable_depth_radius_seed34_target2_txrx50_ringdown025_objectives/data/multi_rebar_coordinate_optimizer_summary.json,skipped,existing valid pulse/noise artifacts,outputs/experiments/523_coordinate_optimizer_variable_depth_radius_seed34_target2_txrx50_ringdown025_objectives/figures/source_pulse_noise_context.png,outputs/experiments/523_coordinate_optimizer_variable_depth_radius_seed34_target2_txrx50_ringdown025_objectives/data/source_pulse_noise_context_summary.json,outputs/experiments/523_coordinate_optimizer_variable_depth_radius_seed34_target2_txrx50_ringdown025_objectives/figures/FIGURE_NOTES.md,2314,1379,1342,0.1210683086781307,4,199755
522,outputs/experiments/522_variable_depth_radius_seed13_target2_txrx50_ringdown025_objective_confidence_report,,skipped,no compatible coordinate optimizer summary,,,,,,,,,
521,outputs/experiments/521_coordinate_optimizer_variable_depth_radius_seed13_target2_txrx50_ringdown025_objectives,outputs/experiments/521_coordinate_optimizer_variable_depth_radius_seed13_target2_txrx50_ringdown025_objectives/data/multi_rebar_coordinate_optimizer_summary.json,skipped,existing valid pulse/noise artifacts,outputs/experiments/521_coordinate_optimizer_variable_depth_radius_seed13_target2_txrx50_ringdown025_objectives/figures/source_pulse_noise_context.png,outputs/experiments/521_coordinate_optimizer_variable_depth_radius_seed13_target2_txrx50_ringdown025_objectives/data/source_pulse_noise_context_summary.json,outputs/experiments/521_coordinate_optimizer_variable_depth_radius_seed13_target2_txrx50_ringdown025_objectives/figures/FIGURE_NOTES.md,2314,1379,1396,0.12285549798503166,4,199755
520,outputs/experiments/520_variable_depth_radius_target0_three_seed_txrx50_ringdown025_objective_confidence_report,,skipped,no compatible coordinate optimizer summary,,,,,,,,,
519,outputs/experiments/519_variable_depth_radius_seed34_target0_txrx50_ringdown025_objective_confidence_report,,skipped,no compatible coordinate optimizer summary,,,,,,,,,
518,outputs/experiments/518_coordinate_optimizer_variable_depth_radius_seed34_target0_txrx50_ringdown025_objectives,outputs/experiments/518_coordinate_optimizer_variable_depth_radius_seed34_target0_txrx50_ringdown025_objectives/data/multi_rebar_coordinate_optimizer_summary.json,skipped,existing valid pulse/noise artifacts,outputs/experiments/518_coordinate_optimizer_variable_depth_radius_seed34_target0_txrx50_ringdown025_objectives/figures/source_pulse_noise_context.png,outputs/experiments/518_coordinate_optimizer_variable_depth_radius_seed34_target0_txrx50_ringdown025_objectives/data/source_pulse_noise_context_summary.json,outputs/experiments/518_coordinate_optimizer_variable_depth_radius_seed34_target0_txrx50_ringdown025_objectives/figures/FIGURE_NOTES.md,2314,1379,1342,0.1210683086781307,4,199755
517,outputs/experiments/517_variable_depth_radius_target0_seed13_seed55_txrx50_ringdown025_objective_confidence_report,,skipped,no compatible coordinate optimizer summary,,,,,,,,,
516,outputs/experiments/516_variable_depth_radius_seed13_target0_txrx50_ringdown025_objective_confidence_report,,skipped,no compatible coordinate optimizer summary,,,,,,,,,
515,outputs/experiments/515_coordinate_optimizer_variable_depth_radius_seed13_target0_txrx50_ringdown025_objectives,outputs/experiments/515_coordinate_optimizer_variable_depth_radius_seed13_target0_txrx50_ringdown025_objectives/data/multi_rebar_coordinate_optimizer_summary.json,skipped,existing valid pulse/noise artifacts,outputs/experiments/515_coordinate_optimizer_variable_depth_radius_seed13_target0_txrx50_ringdown025_objectives/figures/source_pulse_noise_context.png,outputs/experiments/515_coordinate_optimizer_variable_depth_radius_seed13_target0_txrx50_ringdown025_objectives/data/source_pulse_noise_context_summary.json,outputs/experiments/515_coordinate_optimizer_variable_depth_radius_seed13_target0_txrx50_ringdown025_objectives/figures/FIGURE_NOTES.md,2314,1379,1396,0.12285549798503166,4,199755
514,outputs/experiments/514_variable_depth_radius_all_targets_txrx50_ringdown025_objective_confidence_report,,skipped,no compatible coordinate optimizer summary,,,,,,,,,
513,outputs/experiments/513_variable_depth_radius_target1_txrx50_ringdown025_objective_confidence_report,,skipped,no compatible coordinate optimizer summary,,,,,,,,,
512,outputs/experiments/512_coordinate_optimizer_variable_depth_radius_target1_txrx50_ringdown025_objectives,outputs/experiments/512_coordinate_optimizer_variable_depth_radius_target1_txrx50_ringdown025_objectives/data/multi_rebar_coordinate_optimizer_summary.json,skipped,existing valid pulse/noise artifacts,outputs/experiments/512_coordinate_optimizer_variable_depth_radius_target1_txrx50_ringdown025_objectives/figures/source_pulse_noise_context.png,outputs/experiments/512_coordinate_optimizer_variable_depth_radius_target1_txrx50_ringdown025_objectives/data/source_pulse_noise_context_summary.json,outputs/experiments/512_coordinate_optimizer_variable_depth_radius_target1_txrx50_ringdown025_objectives/figures/FIGURE_NOTES.md,2314,1379,1368,0.12475782833971616,4,199755
511,outputs/experiments/511_variable_depth_radius_target2_txrx50_ringdown025_objective_confidence_report,,skipped,no compatible coordinate optimizer summary,,,,,,,,,
510,outputs/experiments/510_coordinate_optimizer_variable_depth_radius_target2_txrx50_ringdown025_objectives,outputs/experiments/510_coordinate_optimizer_variable_depth_radius_target2_txrx50_ringdown025_objectives/data/multi_rebar_coordinate_optimizer_summary.json,skipped,existing valid pulse/noise artifacts,outputs/experiments/510_coordinate_optimizer_variable_depth_radius_target2_txrx50_ringdown025_objectives/figures/source_pulse_noise_context.png,outputs/experiments/510_coordinate_optimizer_variable_depth_radius_target2_txrx50_ringdown025_objectives/data/source_pulse_noise_context_summary.json,outputs/experiments/510_coordinate_optimizer_variable_depth_radius_target2_txrx50_ringdown025_objectives/figures/FIGURE_NOTES.md,2314,1379,1368,0.12476283447222848,4,199755
509,outputs/experiments/509_variable_depth_radius_target0_txrx50_ringdown025_objective_confidence_report,,skipped,no compatible coordinate optimizer summary,,,,,,,,,
508,outputs/experiments/508_coordinate_optimizer_variable_depth_radius_target0_txrx50_ringdown025_objectives,outputs/experiments/508_coordinate_optimizer_variable_depth_radius_target0_txrx50_ringdown025_objectives/data/multi_rebar_coordinate_optimizer_summary.json,skipped,existing valid pulse/noise artifacts,outputs/experiments/508_coordinate_optimizer_variable_depth_radius_target0_txrx50_ringdown025_objectives/figures/source_pulse_noise_context.png,outputs/experiments/508_coordinate_optimizer_variable_depth_radius_target0_txrx50_ringdown025_objectives/data/source_pulse_noise_context_summary.json,outputs/experiments/508_coordinate_optimizer_variable_depth_radius_target0_txrx50_ringdown025_objectives/figures/FIGURE_NOTES.md,2314,1379,1368,0.12479787739981478,4,199755
507,outputs/experiments/507_source_shape_center_true_state_veryhigh_objective_confidence_report,,skipped,no compatible coordinate optimizer summary,,,,,,,,,
506,outputs/experiments/506_multi_rebar_coupled_source_shape_true_state_radius_veryhigh_objectives,outputs/experiments/506_multi_rebar_coupled_source_shape_true_state_radius_veryhigh_objectives/data/multi_rebar_coordinate_optimizer_summary.json,skipped,existing valid pulse/noise artifacts,outputs/experiments/506_multi_rebar_coupled_source_shape_true_state_radius_veryhigh_objectives/figures/source_pulse_noise_context.png,outputs/experiments/506_multi_rebar_coupled_source_shape_true_state_radius_veryhigh_objectives/data/source_pulse_noise_context_summary.json,outputs/experiments/506_multi_rebar_coupled_source_shape_true_state_radius_veryhigh_objectives/figures/FIGURE_NOTES.md,2314,1379,1368,0.12386673675252184,4,199755
505,outputs/experiments/505_variable_depth_radius_all_targets_txrx50_objective_confidence_report,,skipped,no compatible coordinate optimizer summary,,,,,,,,,
504,outputs/experiments/504_coordinate_optimizer_variable_depth_radius_target1_txrx50_three_seed_objective_variants,outputs/experiments/504_coordinate_optimizer_variable_depth_radius_target1_txrx50_three_seed_objective_variants/data/multi_rebar_coordinate_optimizer_summary.json,skipped,existing valid pulse/noise artifacts,outputs/experiments/504_coordinate_optimizer_variable_depth_radius_target1_txrx50_three_seed_objective_variants/figures/source_pulse_noise_context.png,outputs/experiments/504_coordinate_optimizer_variable_depth_radius_target1_txrx50_three_seed_objective_variants/data/source_pulse_noise_context_summary.json,outputs/experiments/504_coordinate_optimizer_variable_depth_radius_target1_txrx50_three_seed_objective_variants/figures/FIGURE_NOTES.md,2314,1379,1171,0.11223749092638483,4,199755
503,outputs/experiments/503_variable_depth_radius_target0_target2_txrx50_objective_confidence_report,,skipped,no compatible coordinate optimizer summary,,,,,,,,,
502,outputs/experiments/502_variable_depth_radius_target0_target2_txrx50_three_seed_objective_variant_report,,skipped,no compatible coordinate optimizer summary,,,,,,,,,
501,outputs/experiments/501_coordinate_optimizer_variable_depth_radius_target2_txrx50_three_seed_objective_variants,outputs/experiments/501_coordinate_optimizer_variable_depth_radius_target2_txrx50_three_seed_objective_variants/data/multi_rebar_coordinate_optimizer_summary.json,skipped,existing valid pulse/noise artifacts,outputs/experiments/501_coordinate_optimizer_variable_depth_radius_target2_txrx50_three_seed_objective_variants/figures/source_pulse_noise_context.png,outputs/experiments/501_coordinate_optimizer_variable_depth_radius_target2_txrx50_three_seed_objective_variants/data/source_pulse_noise_context_summary.json,outputs/experiments/501_coordinate_optimizer_variable_depth_radius_target2_txrx50_three_seed_objective_variants/figures/FIGURE_NOTES.md,2314,1379,1171,0.11226252158894647,4,199755
500,outputs/experiments/500_variable_depth_radius_target0_txrx50_three_seed_objective_variant_report,,skipped,no compatible coordinate optimizer summary,,,,,,,,,
499,outputs/experiments/499_coordinate_optimizer_variable_depth_radius_target0_txrx50_three_seed_objective_variants,outputs/experiments/499_coordinate_optimizer_variable_depth_radius_target0_txrx50_three_seed_objective_variants/data/multi_rebar_coordinate_optimizer_summary.json,skipped,existing valid pulse/noise artifacts,outputs/experiments/499_coordinate_optimizer_variable_depth_radius_target0_txrx50_three_seed_objective_variants/figures/source_pulse_noise_context.png,outputs/experiments/499_coordinate_optimizer_variable_depth_radius_target0_txrx50_three_seed_objective_variants/data/source_pulse_noise_context_summary.json,outputs/experiments/499_coordinate_optimizer_variable_depth_radius_target0_txrx50_three_seed_objective_variants/figures/FIGURE_NOTES.md,2314,1379,1171,0.11232259517909439,4,199755
498,outputs/experiments/498_variable_depth_radius_seed13_seed34_seed55_txrx50_final_interval_summary,,skipped,no compatible coordinate optimizer summary,,,,,,,,,
497,outputs/experiments/497_variable_depth_radius_seed13_txrx50_final_interval_summary,,skipped,no compatible coordinate optimizer summary,,,,,,,,,
496,outputs/experiments/496_coordinate_optimizer_variable_depth_radius_seed13_target2_final_zr_txrx50,outputs/experiments/496_coordinate_optimizer_variable_depth_radius_seed13_target2_final_zr_txrx50/data/multi_rebar_coordinate_optimizer_summary.json,skipped,existing valid pulse/noise artifacts,outputs/experiments/496_coordinate_optimizer_variable_depth_radius_seed13_target2_final_zr_txrx50/figures/source_pulse_noise_context.png,outputs/experiments/496_coordinate_optimizer_variable_depth_radius_seed13_target2_final_zr_txrx50/data/source_pulse_noise_context_summary.json,outputs/experiments/496_coordinate_optimizer_variable_depth_radius_seed13_target2_final_zr_txrx50/figures/FIGURE_NOTES.md,2314,1379,1171,0.11113113564116042,4,199755
495,outputs/experiments/495_coordinate_optimizer_variable_depth_radius_seed13_target0_final_zr_txrx50,outputs/experiments/495_coordinate_optimizer_variable_depth_radius_seed13_target0_final_zr_txrx50/data/multi_rebar_coordinate_optimizer_summary.json,skipped,existing valid pulse/noise artifacts,outputs/experiments/495_coordinate_optimizer_variable_depth_radius_seed13_target0_final_zr_txrx50/figures/source_pulse_noise_context.png,outputs/experiments/495_coordinate_optimizer_variable_depth_radius_seed13_target0_final_zr_txrx50/data/source_pulse_noise_context_summary.json,outputs/experiments/495_coordinate_optimizer_variable_depth_radius_seed13_target0_final_zr_txrx50/figures/FIGURE_NOTES.md,2314,1379,1170,0.11117118470125904,4,199755
494,outputs/experiments/494_variable_depth_radius_seed34_seed55_txrx50_final_interval_summary,,skipped,no compatible coordinate optimizer summary,,,,,,,,,
493,outputs/experiments/493_variable_depth_radius_seed34_txrx50_final_interval_summary,,skipped,no compatible coordinate optimizer summary,,,,,,,,,
492,outputs/experiments/492_coordinate_optimizer_variable_depth_radius_seed34_target2_final_zr_txrx50,outputs/experiments/492_coordinate_optimizer_variable_depth_radius_seed34_target2_final_zr_txrx50/data/multi_rebar_coordinate_optimizer_summary.json,skipped,existing valid pulse/noise artifacts,outputs/experiments/492_coordinate_optimizer_variable_depth_radius_seed34_target2_final_zr_txrx50/figures/source_pulse_noise_context.png,outputs/experiments/492_coordinate_optimizer_variable_depth_radius_seed34_target2_final_zr_txrx50/data/source_pulse_noise_context_summary.json,outputs/experiments/492_coordinate_optimizer_variable_depth_radius_seed34_target2_final_zr_txrx50/figures/FIGURE_NOTES.md,2314,1379,1109,0.1094240444544567,4,199755
491,outputs/experiments/491_coordinate_optimizer_variable_depth_radius_seed34_target0_final_zr_txrx50,outputs/experiments/491_coordinate_optimizer_variable_depth_radius_seed34_target0_final_zr_txrx50/data/multi_rebar_coordinate_optimizer_summary.json,skipped,existing valid pulse/noise artifacts,outputs/experiments/491_coordinate_optimizer_variable_depth_radius_seed34_target0_final_zr_txrx50/figures/source_pulse_noise_context.png,outputs/experiments/491_coordinate_optimizer_variable_depth_radius_seed34_target0_final_zr_txrx50/data/source_pulse_noise_context_summary.json,outputs/experiments/491_coordinate_optimizer_variable_depth_radius_seed34_target0_final_zr_txrx50/figures/FIGURE_NOTES.md,2314,1379,1109,0.10946409351455533,4,199755
490,outputs/experiments/490_variable_depth_radius_seed55_txrx50_final_interval_summary,,skipped,no compatible coordinate optimizer summary,,,,,,,,,
489,outputs/experiments/489_coordinate_optimizer_variable_depth_radius_seed55_target2_final_zr_txrx50,outputs/experiments/489_coordinate_optimizer_variable_depth_radius_seed55_target2_final_zr_txrx50/data/multi_rebar_coordinate_optimizer_summary.json,skipped,existing valid pulse/noise artifacts,outputs/experiments/489_coordinate_optimizer_variable_depth_radius_seed55_target2_final_zr_txrx50/figures/source_pulse_noise_context.png,outputs/experiments/489_coordinate_optimizer_variable_depth_radius_seed55_target2_final_zr_txrx50/data/source_pulse_noise_context_summary.json,outputs/experiments/489_coordinate_optimizer_variable_depth_radius_seed55_target2_final_zr_txrx50/figures/FIGURE_NOTES.md,2314,1379,1147,0.11371430001752146,4,199755
488,outputs/experiments/488_coordinate_optimizer_variable_depth_radius_seed55_target0_final_zr_txrx50,outputs/experiments/488_coordinate_optimizer_variable_depth_radius_seed55_target0_final_zr_txrx50/data/multi_rebar_coordinate_optimizer_summary.json,skipped,existing valid pulse/noise artifacts,outputs/experiments/488_coordinate_optimizer_variable_depth_radius_seed55_target0_final_zr_txrx50/figures/source_pulse_noise_context.png,outputs/experiments/488_coordinate_optimizer_variable_depth_radius_seed55_target0_final_zr_txrx50/data/source_pulse_noise_context_summary.json,outputs/experiments/488_coordinate_optimizer_variable_depth_radius_seed55_target0_final_zr_txrx50/figures/FIGURE_NOTES.md,2314,1379,1147,0.11375434907762008,4,199755
487,outputs/experiments/487_variable_depth_radius_seed55_txrx35_final_interval_summary,,skipped,no compatible coordinate optimizer summary,,,,,,,,,
486,outputs/experiments/486_coordinate_optimizer_variable_depth_radius_seed55_target2_final_zr_txrx35,outputs/experiments/486_coordinate_optimizer_variable_depth_radius_seed55_target2_final_zr_txrx35/data/multi_rebar_coordinate_optimizer_summary.json,skipped,existing valid pulse/noise artifacts,outputs/experiments/486_coordinate_optimizer_variable_depth_radius_seed55_target2_final_zr_txrx35/figures/source_pulse_noise_context.png,outputs/experiments/486_coordinate_optimizer_variable_depth_radius_seed55_target2_final_zr_txrx35/data/source_pulse_noise_context_summary.json,outputs/experiments/486_coordinate_optimizer_variable_depth_radius_seed55_target2_final_zr_txrx35/figures/FIGURE_NOTES.md,2314,1379,1147,0.11372931841505844,4,199755
485,outputs/experiments/485_coordinate_optimizer_variable_depth_radius_seed55_target0_final_zr_txrx35,outputs/experiments/485_coordinate_optimizer_variable_depth_radius_seed55_target0_final_zr_txrx35/data/multi_rebar_coordinate_optimizer_summary.json,skipped,existing valid pulse/noise artifacts,outputs/experiments/485_coordinate_optimizer_variable_depth_radius_seed55_target0_final_zr_txrx35/figures/source_pulse_noise_context.png,outputs/experiments/485_coordinate_optimizer_variable_depth_radius_seed55_target0_final_zr_txrx35/data/source_pulse_noise_context_summary.json,outputs/experiments/485_coordinate_optimizer_variable_depth_radius_seed55_target0_final_zr_txrx35/figures/FIGURE_NOTES.md,2314,1379,1147,0.11376936747515706,4,199755
484,outputs/experiments/484_variable_depth_radius_seed55_sources7_final_interval_summary,,skipped,no compatible coordinate optimizer summary,,,,,,,,,
483,outputs/experiments/483_coordinate_optimizer_variable_depth_radius_seed55_target2_final_zr_sources7,outputs/experiments/483_coordinate_optimizer_variable_depth_radius_seed55_target2_final_zr_sources7/data/multi_rebar_coordinate_optimizer_summary.json,skipped,existing valid pulse/noise artifacts,outputs/experiments/483_coordinate_optimizer_variable_depth_radius_seed55_target2_final_zr_sources7/figures/source_pulse_noise_context.png,outputs/experiments/483_coordinate_optimizer_variable_depth_radius_seed55_target2_final_zr_sources7/data/source_pulse_noise_context_summary.json,outputs/experiments/483_coordinate_optimizer_variable_depth_radius_seed55_target2_final_zr_sources7/figures/FIGURE_NOTES.md,2314,1379,1147,0.11398963730569948,4,199755
482,outputs/experiments/482_coordinate_optimizer_variable_depth_radius_seed55_target0_final_zr_sources7,outputs/experiments/482_coordinate_optimizer_variable_depth_radius_seed55_target0_final_zr_sources7/data/multi_rebar_coordinate_optimizer_summary.json,skipped,existing valid pulse/noise artifacts,outputs/experiments/482_coordinate_optimizer_variable_depth_radius_seed55_target0_final_zr_sources7/figures/source_pulse_noise_context.png,outputs/experiments/482_coordinate_optimizer_variable_depth_radius_seed55_target0_final_zr_sources7/data/source_pulse_noise_context_summary.json,outputs/experiments/482_coordinate_optimizer_variable_depth_radius_seed55_target0_final_zr_sources7/figures/FIGURE_NOTES.md,2314,1379,1147,0.11401967410077345,4,199755
481,outputs/experiments/481_variable_depth_radius_seed13_seed34_seed55_coordinate_confidence_summary,,skipped,no compatible coordinate optimizer summary,,,,,,,,,
480,outputs/experiments/480_variable_depth_radius_seed55_staged_coordinate_confidence_summary,,skipped,no compatible coordinate optimizer summary,,,,,,,,,
479,outputs/experiments/479_coordinate_optimizer_variable_depth_radius_seed55_target0_z_radius_coupled,outputs/experiments/479_coordinate_optimizer_variable_depth_radius_seed55_target0_z_radius_coupled/data/multi_rebar_coordinate_optimizer_summary.json,skipped,existing valid pulse/noise artifacts,outputs/experiments/479_coordinate_optimizer_variable_depth_radius_seed55_target0_z_radius_coupled/figures/source_pulse_noise_context.png,outputs/experiments/479_coordinate_optimizer_variable_depth_radius_seed55_target0_z_radius_coupled/data/source_pulse_noise_context_summary.json,outputs/experiments/479_coordinate_optimizer_variable_depth_radius_seed55_target0_z_radius_coupled/figures/FIGURE_NOTES.md,2314,1379,1147,0.11413982128106931,4,199755
478,outputs/experiments/478_coordinate_optimizer_variable_depth_radius_seed55_target2_xzr_coupled,outputs/experiments/478_coordinate_optimizer_variable_depth_radius_seed55_target2_xzr_coupled/data/multi_rebar_coordinate_optimizer_summary.json,skipped,existing valid pulse/noise artifacts,outputs/experiments/478_coordinate_optimizer_variable_depth_radius_seed55_target2_xzr_coupled/figures/source_pulse_noise_context.png,outputs/experiments/478_coordinate_optimizer_variable_depth_radius_seed55_target2_xzr_coupled/data/source_pulse_noise_context_summary.json,outputs/experiments/478_coordinate_optimizer_variable_depth_radius_seed55_target2_xzr_coupled/figures/FIGURE_NOTES.md,2314,1379,1147,0.11379940427023104,4,199755
477,outputs/experiments/477_coordinate_optimizer_variable_depth_radius_seed55_radius_only_pass,outputs/experiments/477_coordinate_optimizer_variable_depth_radius_seed55_radius_only_pass/data/multi_rebar_coordinate_optimizer_summary.json,skipped,existing valid pulse/noise artifacts,outputs/experiments/477_coordinate_optimizer_variable_depth_radius_seed55_radius_only_pass/figures/source_pulse_noise_context.png,outputs/experiments/477_coordinate_optimizer_variable_depth_radius_seed55_radius_only_pass/data/source_pulse_noise_context_summary.json,outputs/experiments/477_coordinate_optimizer_variable_depth_radius_seed55_radius_only_pass/figures/FIGURE_NOTES.md,2314,1379,1147,0.11348902405446672,4,199755
476,outputs/experiments/476_coordinate_optimizer_variable_depth_radius_seed55_target2_location,outputs/experiments/476_coordinate_optimizer_variable_depth_radius_seed55_target2_location/data/multi_rebar_coordinate_optimizer_summary.json,skipped,existing valid pulse/noise artifacts,outputs/experiments/476_coordinate_optimizer_variable_depth_radius_seed55_target2_location/figures/source_pulse_noise_context.png,outputs/experiments/476_coordinate_optimizer_variable_depth_radius_seed55_target2_location/data/source_pulse_noise_context_summary.json,outputs/experiments/476_coordinate_optimizer_variable_depth_radius_seed55_target2_location/figures/FIGURE_NOTES.md,2314,1379,1147,0.11349403018697905,4,199755
475,outputs/experiments/475_coordinate_optimizer_variable_depth_radius_seed55_target0_location,outputs/experiments/475_coordinate_optimizer_variable_depth_radius_seed55_target0_location/data/multi_rebar_coordinate_optimizer_summary.json,skipped,existing valid pulse/noise artifacts,outputs/experiments/475_coordinate_optimizer_variable_depth_radius_seed55_target0_location/figures/source_pulse_noise_context.png,outputs/experiments/475_coordinate_optimizer_variable_depth_radius_seed55_target0_location/data/source_pulse_noise_context_summary.json,outputs/experiments/475_coordinate_optimizer_variable_depth_radius_seed55_target0_location/figures/FIGURE_NOTES.md,2314,1379,1147,0.11352406698205302,4,199755
474,outputs/experiments/474_coordinate_optimizer_variable_depth_radius_seed55_target1_location,outputs/experiments/474_coordinate_optimizer_variable_depth_radius_seed55_target1_location/data/multi_rebar_coordinate_optimizer_summary.json,skipped,existing valid pulse/noise artifacts,outputs/experiments/474_coordinate_optimizer_variable_depth_radius_seed55_target1_location/figures/source_pulse_noise_context.png,outputs/experiments/474_coordinate_optimizer_variable_depth_radius_seed55_target1_location/data/source_pulse_noise_context_summary.json,outputs/experiments/474_coordinate_optimizer_variable_depth_radius_seed55_target1_location/figures/FIGURE_NOTES.md,2314,1379,1147,0.11347901178944207,4,199755
473,outputs/experiments/473_detection_assignment_variable_depth_radius_472,,skipped,no compatible coordinate optimizer summary,,,,,,,,,
472,outputs/experiments/472_detection_multi_rebar_variable_depth_radius_source_mismatch_noise10_seed55,,skipped,no compatible coordinate optimizer summary,,,,,,,,,
471,outputs/experiments/471_variable_depth_radius_seed13_seed34_coordinate_confidence_summary,,skipped,no compatible coordinate optimizer summary,,,,,,,,,
470,outputs/experiments/470_variable_depth_radius_seed34_staged_coordinate_confidence_summary,,skipped,no compatible coordinate optimizer summary,,,,,,,,,
469,outputs/experiments/469_coordinate_optimizer_variable_depth_radius_seed34_target0_z_radius_coupled,outputs/experiments/469_coordinate_optimizer_variable_depth_radius_seed34_target0_z_radius_coupled/data/multi_rebar_coordinate_optimizer_summary.json,skipped,existing valid pulse/noise artifacts,outputs/experiments/469_coordinate_optimizer_variable_depth_radius_seed34_target0_z_radius_coupled/figures/source_pulse_noise_context.png,outputs/experiments/469_coordinate_optimizer_variable_depth_radius_seed34_target0_z_radius_coupled/data/source_pulse_noise_context_summary.json,outputs/experiments/469_coordinate_optimizer_variable_depth_radius_seed34_target0_z_radius_coupled/figures/FIGURE_NOTES.md,2314,1379,1109,0.10988961477810318,4,199755
468,outputs/experiments/468_coordinate_optimizer_variable_depth_radius_seed34_target2_z_radius_coupled,outputs/experiments/468_coordinate_optimizer_variable_depth_radius_seed34_target2_z_radius_coupled/data/multi_rebar_coordinate_optimizer_summary.json,skipped,existing valid pulse/noise artifacts,outputs/experiments/468_coordinate_optimizer_variable_depth_radius_seed34_target2_z_radius_coupled/figures/source_pulse_noise_context.png,outputs/experiments/468_coordinate_optimizer_variable_depth_radius_seed34_target2_z_radius_coupled/data/source_pulse_noise_context_summary.json,outputs/experiments/468_coordinate_optimizer_variable_depth_radius_seed34_target2_z_radius_coupled/figures/FIGURE_NOTES.md,2314,1379,1109,0.10984956571800455,4,199755
467,outputs/experiments/467_coordinate_optimizer_variable_depth_radius_seed34_radius_only_pass,outputs/experiments/467_coordinate_optimizer_variable_depth_radius_seed34_radius_only_pass/data/multi_rebar_coordinate_optimizer_summary.json,skipped,existing valid pulse/noise artifacts,outputs/experiments/467_coordinate_optimizer_variable_depth_radius_seed34_radius_only_pass/figures/source_pulse_noise_context.png,outputs/experiments/467_coordinate_optimizer_variable_depth_radius_seed34_radius_only_pass/data/source_pulse_noise_context_summary.json,outputs/experiments/467_coordinate_optimizer_variable_depth_radius_seed34_radius_only_pass/figures/FIGURE_NOTES.md,2314,1379,1109,0.10923381141898826,4,199755
466,outputs/experiments/466_coordinate_optimizer_variable_depth_radius_seed34_target2_location,outputs/experiments/466_coordinate_optimizer_variable_depth_radius_seed34_target2_location/data/multi_rebar_coordinate_optimizer_summary.json,skipped,existing valid pulse/noise artifacts,outputs/experiments/466_coordinate_optimizer_variable_depth_radius_seed34_target2_location/figures/source_pulse_noise_context.png,outputs/experiments/466_coordinate_optimizer_variable_depth_radius_seed34_target2_location/data/source_pulse_noise_context_summary.json,outputs/experiments/466_coordinate_optimizer_variable_depth_radius_seed34_target2_location/figures/FIGURE_NOTES.md,2314,1379,1109,0.10922880528647594,4,199755
465,outputs/experiments/465_coordinate_optimizer_variable_depth_radius_seed34_target1_location,outputs/experiments/465_coordinate_optimizer_variable_depth_radius_seed34_target1_location/data/multi_rebar_coordinate_optimizer_summary.json,skipped,existing valid pulse/noise artifacts,outputs/experiments/465_coordinate_optimizer_variable_depth_radius_seed34_target1_location/figures/source_pulse_noise_context.png,outputs/experiments/465_coordinate_optimizer_variable_depth_radius_seed34_target1_location/data/source_pulse_noise_context_summary.json,outputs/experiments/465_coordinate_optimizer_variable_depth_radius_seed34_target1_location/figures/FIGURE_NOTES.md,2314,1379,1109,0.10920878075642662,4,199755
464,outputs/experiments/464_coordinate_optimizer_variable_depth_radius_seed34_target0_location,outputs/experiments/464_coordinate_optimizer_variable_depth_radius_seed34_target0_location/data/multi_rebar_coordinate_optimizer_summary.json,skipped,existing valid pulse/noise artifacts,outputs/experiments/464_coordinate_optimizer_variable_depth_radius_seed34_target0_location/figures/source_pulse_noise_context.png,outputs/experiments/464_coordinate_optimizer_variable_depth_radius_seed34_target0_location/data/source_pulse_noise_context_summary.json,outputs/experiments/464_coordinate_optimizer_variable_depth_radius_seed34_target0_location/figures/FIGURE_NOTES.md,2314,1379,1109,0.10925383594903756,4,199755
463,outputs/experiments/463_detection_assignment_variable_depth_radius_462,,skipped,no compatible coordinate optimizer summary,,,,,,,,,
462,outputs/experiments/462_detection_multi_rebar_variable_depth_radius_source_mismatch_noise10_seed34,,skipped,no compatible coordinate optimizer summary,,,,,,,,,
461,outputs/experiments/461_variable_depth_radius_staged_coordinate_confidence_summary,,skipped,no compatible coordinate optimizer summary,,,,,,,,,
460,outputs/experiments/460_coordinate_optimizer_variable_depth_radius_target2_x_polish_seed13,outputs/experiments/460_coordinate_optimizer_variable_depth_radius_target2_x_polish_seed13/data/multi_rebar_coordinate_optimizer_summary.json,skipped,existing valid pulse/noise artifacts,outputs/experiments/460_coordinate_optimizer_variable_depth_radius_target2_x_polish_seed13/figures/source_pulse_noise_context.png,outputs/experiments/460_coordinate_optimizer_variable_depth_radius_target2_x_polish_seed13/data/source_pulse_noise_context_summary.json,outputs/experiments/460_coordinate_optimizer_variable_depth_radius_target2_x_polish_seed13/figures/FIGURE_NOTES.md,2314,1379,1171,0.11087081675051938,4,199755
459,outputs/experiments/459_coordinate_optimizer_variable_depth_radius_target0_xz_radius_coupled_seed13,outputs/experiments/459_coordinate_optimizer_variable_depth_radius_target0_xz_radius_coupled_seed13/data/multi_rebar_coordinate_optimizer_summary.json,skipped,existing valid pulse/noise artifacts,outputs/experiments/459_coordinate_optimizer_variable_depth_radius_target0_xz_radius_coupled_seed13/figures/source_pulse_noise_context.png,outputs/experiments/459_coordinate_optimizer_variable_depth_radius_target0_xz_radius_coupled_seed13/data/source_pulse_noise_context_summary.json,outputs/experiments/459_coordinate_optimizer_variable_depth_radius_target0_xz_radius_coupled_seed13/figures/FIGURE_NOTES.md,2314,1379,1170,0.11147155265199869,4,199755
458,outputs/experiments/458_coordinate_optimizer_variable_depth_radius_target0_radius_7source_seed13,outputs/experiments/458_coordinate_optimizer_variable_depth_radius_target0_radius_7source_seed13/data/multi_rebar_coordinate_optimizer_summary.json,skipped,existing valid pulse/noise artifacts,outputs/experiments/458_coordinate_optimizer_variable_depth_radius_target0_radius_7source_seed13/figures/source_pulse_noise_context.png,outputs/experiments/458_coordinate_optimizer_variable_depth_radius_target0_radius_7source_seed13/data/source_pulse_noise_context_summary.json,outputs/experiments/458_coordinate_optimizer_variable_depth_radius_target0_radius_7source_seed13/figures/FIGURE_NOTES.md,2314,1379,1170,0.11115616630372206,4,199755
457,outputs/experiments/457_coordinate_optimizer_variable_depth_radius_radius_second_pass_seed13,outputs/experiments/457_coordinate_optimizer_variable_depth_radius_radius_second_pass_seed13/data/multi_rebar_coordinate_optimizer_summary.json,skipped,existing valid pulse/noise artifacts,outputs/experiments/457_coordinate_optimizer_variable_depth_radius_radius_second_pass_seed13/figures/source_pulse_noise_context.png,outputs/experiments/457_coordinate_optimizer_variable_depth_radius_radius_second_pass_seed13/data/source_pulse_noise_context_summary.json,outputs/experiments/457_coordinate_optimizer_variable_depth_radius_radius_second_pass_seed13/figures/FIGURE_NOTES.md,2314,1379,1171,0.11104102525593852,4,199755
456,outputs/experiments/456_coordinate_optimizer_variable_depth_radius_radius_only_seed13,outputs/experiments/456_coordinate_optimizer_variable_depth_radius_radius_only_seed13/data/multi_rebar_coordinate_optimizer_summary.json,skipped,existing valid pulse/noise artifacts,outputs/experiments/456_coordinate_optimizer_variable_depth_radius_radius_only_seed13/figures/source_pulse_noise_context.png,outputs/experiments/456_coordinate_optimizer_variable_depth_radius_radius_only_seed13/data/source_pulse_noise_context_summary.json,outputs/experiments/456_coordinate_optimizer_variable_depth_radius_radius_only_seed13/figures/FIGURE_NOTES.md,2314,1379,1170,0.11030011764411404,4,199755
455,outputs/experiments/455_coordinate_optimizer_variable_depth_radius_location_only_seed13,outputs/experiments/455_coordinate_optimizer_variable_depth_radius_location_only_seed13/data/multi_rebar_coordinate_optimizer_summary.json,skipped,existing valid pulse/noise artifacts,outputs/experiments/455_coordinate_optimizer_variable_depth_radius_location_only_seed13/figures/source_pulse_noise_context.png,outputs/experiments/455_coordinate_optimizer_variable_depth_radius_location_only_seed13/data/source_pulse_noise_context_summary.json,outputs/experiments/455_coordinate_optimizer_variable_depth_radius_location_only_seed13/figures/FIGURE_NOTES.md,2314,1379,1170,0.11043528322194689,4,199755
454,outputs/experiments/454_assigned_coordinate_command_variable_depth_radius_location_only_451,,skipped,no compatible coordinate optimizer summary,,,,,,,,,
453,outputs/experiments/453_assigned_coordinate_command_variable_depth_radius_451,,skipped,no compatible coordinate optimizer summary,,,,,,,,,
452,outputs/experiments/452_detection_assignment_variable_depth_radius_451,,skipped,no compatible coordinate optimizer summary,,,,,,,,,
451,outputs/experiments/451_detection_multi_rebar_variable_depth_radius_source_mismatch_noise10,,skipped,no compatible coordinate optimizer summary,,,,,,,,,
450,outputs/experiments/450_multi_rebar_center_material_radius_profile_seed55_true_state,,skipped,no compatible coordinate optimizer summary,,,,,,,,,
449,outputs/experiments/449_multi_rebar_material_radius_cpu_smoke,,skipped,no compatible coordinate optimizer summary,,,,,,,,,
448,outputs/experiments/448_coordinate_objective_diagnostic_report_447,,skipped,no compatible coordinate optimizer summary,,,,,,,,,
447,outputs/experiments/447_multi_rebar_coupled_source_shape_true_state_radius_objectives,outputs/experiments/447_multi_rebar_coupled_source_shape_true_state_radius_objectives/data/multi_rebar_coordinate_optimizer_summary.json,skipped,existing valid pulse/noise artifacts,outputs/experiments/447_multi_rebar_coupled_source_shape_true_state_radius_objectives/figures/source_pulse_noise_context.png,outputs/experiments/447_multi_rebar_coupled_source_shape_true_state_radius_objectives/data/source_pulse_noise_context_summary.json,outputs/experiments/447_multi_rebar_coupled_source_shape_true_state_radius_objectives/figures/FIGURE_NOTES.md,2314,1379,1368,0.12308578008059873,4,199755
446,outputs/experiments/446_multi_rebar_coupled_source_shape_seed55_coordinate_aggregate_v3,,skipped,no compatible coordinate optimizer summary,,,,,,,,,
445,outputs/experiments/445_multi_rebar_coupled_source_shape_seed55_xzr_order_two_pass,outputs/experiments/445_multi_rebar_coupled_source_shape_seed55_xzr_order_two_pass/data/multi_rebar_coordinate_optimizer_summary.json,skipped,existing valid pulse/noise artifacts,outputs/experiments/445_multi_rebar_coupled_source_shape_seed55_xzr_order_two_pass/figures/source_pulse_noise_context.png,outputs/experiments/445_multi_rebar_coupled_source_shape_seed55_xzr_order_two_pass/data/source_pulse_noise_context_summary.json,outputs/experiments/445_multi_rebar_coupled_source_shape_seed55_xzr_order_two_pass/figures/FIGURE_NOTES.md,2314,1379,1368,0.12291056544266726,4,199755
444,outputs/experiments/444_multi_rebar_coupled_source_shape_seed55_coordinate_aggregate_v2,,skipped,no compatible coordinate optimizer summary,,,,,,,,,
443,outputs/experiments/443_multi_rebar_coupled_source_shape_seed55_xzr_order_replication,outputs/experiments/443_multi_rebar_coupled_source_shape_seed55_xzr_order_replication/data/multi_rebar_coordinate_optimizer_summary.json,skipped,existing valid pulse/noise artifacts,outputs/experiments/443_multi_rebar_coupled_source_shape_seed55_xzr_order_replication/figures/source_pulse_noise_context.png,outputs/experiments/443_multi_rebar_coupled_source_shape_seed55_xzr_order_replication/data/source_pulse_noise_context_summary.json,outputs/experiments/443_multi_rebar_coupled_source_shape_seed55_xzr_order_replication/figures/FIGURE_NOTES.md,2314,1379,1368,0.12316087206828365,4,199755
442,outputs/experiments/442_multi_rebar_coupled_source_shape_seed55_coordinate_aggregate,,skipped,no compatible coordinate optimizer summary,,,,,,,,,
441,outputs/experiments/441_multi_rebar_coupled_source_shape_seed55_xzr_perturbed_pass,outputs/experiments/441_multi_rebar_coupled_source_shape_seed55_xzr_perturbed_pass/data/multi_rebar_coordinate_optimizer_summary.json,skipped,existing valid pulse/noise artifacts,outputs/experiments/441_multi_rebar_coupled_source_shape_seed55_xzr_perturbed_pass/figures/source_pulse_noise_context.png,outputs/experiments/441_multi_rebar_coupled_source_shape_seed55_xzr_perturbed_pass/data/source_pulse_noise_context_summary.json,outputs/experiments/441_multi_rebar_coupled_source_shape_seed55_xzr_perturbed_pass/figures/FIGURE_NOTES.md,2314,1379,1368,0.12298565743035218,4,199755
440,outputs/experiments/440_multi_rebar_coupled_source_shape_seed55_compact_pass,outputs/experiments/440_multi_rebar_coupled_source_shape_seed55_compact_pass/data/multi_rebar_coordinate_optimizer_summary.json,skipped,existing valid pulse/noise artifacts,outputs/experiments/440_multi_rebar_coupled_source_shape_seed55_compact_pass/figures/source_pulse_noise_context.png,outputs/experiments/440_multi_rebar_coupled_source_shape_seed55_compact_pass/data/source_pulse_noise_context_summary.json,outputs/experiments/440_multi_rebar_coupled_source_shape_seed55_compact_pass/figures/FIGURE_NOTES.md,2314,1379,1368,0.12260519135941528,4,199755
439,outputs/experiments/439_multi_rebar_source_shape_seed_synthesis,,skipped,no compatible coordinate optimizer summary,,,,,,,,,
438,outputs/experiments/438_multi_rebar_center_source_shape_seed55_stage4c_dense_radius,,skipped,no compatible coordinate optimizer summary,,,,,,,,,
437,outputs/experiments/437_multi_rebar_center_source_shape_seed55_high_radius_wide_xz,,skipped,no compatible coordinate optimizer summary,,,,,,,,,
436,outputs/experiments/436_multi_rebar_center_source_shape_seed_replication_compact_xzr,,skipped,no compatible coordinate optimizer summary,,,,,,,,,
435,outputs/experiments/435_multi_rebar_source_shape_dense_synthesis,,skipped,no compatible coordinate optimizer summary,,,,,,,,,
434,outputs/experiments/434_multi_rebar_right_source_shape_basis_fit_stage4c_dense_radius,,skipped,no compatible coordinate optimizer summary,,,,,,,,,
433,outputs/experiments/433_multi_rebar_left_source_shape_basis_fit_stage4c_dense_radius,,skipped,no compatible coordinate optimizer summary,,,,,,,,,
432,outputs/experiments/432_multi_rebar_center_source_shape_basis_fit_stage4c_dense_radius,,skipped,no compatible coordinate optimizer summary,,,,,,,,,
431,outputs/experiments/431_multi_rebar_center_source_shape_basis_fit_high_radius_wide_xz,,skipped,no compatible coordinate optimizer summary,,,,,,,,,
430,outputs/experiments/430_multi_rebar_center_source_shape_basis_fit_high_radius_compact_xzr,,skipped,no compatible coordinate optimizer summary,,,,,,,,,
429,outputs/experiments/429_multi_rebar_center_source_shape_basis_fit_hard_noise_compact_xzr,,skipped,no compatible coordinate optimizer summary,,,,,,,,,
428,outputs/experiments/428_multi_rebar_right_source_shape_basis_fit_compact_xzr,,skipped,no compatible coordinate optimizer summary,,,,,,,,,
427,outputs/experiments/427_multi_rebar_center_source_shape_basis_fit_compact_xzr,,skipped,no compatible coordinate optimizer summary,,,,,,,,,
426,outputs/experiments/426_multi_rebar_left_source_shape_basis_fit_compact_xzr,,skipped,no compatible coordinate optimizer summary,,,,,,,,,
425,outputs/experiments/425_multi_rebar_left_source_shape_basis_fit_narrow,,skipped,no compatible coordinate optimizer summary,,,,,,,,,
424,outputs/experiments/424_source_shape_ringdown_basis_fit_matrix,,skipped,no compatible coordinate optimizer summary,,,,,,,,,
423,outputs/experiments/423_source_shape_ringdown_modeled_seed_amplitude_matrix,,skipped,no compatible coordinate optimizer summary,,,,,,,,,
422,outputs/experiments/422_source_shape_ringdown_modeled_profile_replication,,skipped,no compatible coordinate optimizer summary,,,,,,,,,
421,outputs/experiments/421_source_shape_ringdown_profiled_replication,,skipped,no compatible coordinate optimizer summary,,,,,,,,,
420,outputs/experiments/420_material_source_branch_animation_summary,,skipped,no compatible coordinate optimizer summary,,,,,,,,,
419,outputs/experiments/419_variable_radius_staged_pipeline_seed13_21_34_sources7_replay_plan,,skipped,no compatible coordinate optimizer summary,,,,,,,,,
418,outputs/experiments/418_coordinate_confidence_close14_txrx50_noise_boundary_summary,,skipped,no compatible coordinate optimizer summary,,,,,,,,,
417,outputs/experiments/417_coordinate_optimizer_close14_seed34_sources4_txrx50_noise19p64237213134765625_objectives,outputs/experiments/417_coordinate_optimizer_close14_seed34_sources4_txrx50_noise19p64237213134765625_objectives/data/multi_rebar_coordinate_optimizer_summary.json,skipped,existing valid pulse/noise artifacts,outputs/experiments/417_coordinate_optimizer_close14_seed34_sources4_txrx50_noise19p64237213134765625_objectives/figures/source_pulse_noise_context.png,outputs/experiments/417_coordinate_optimizer_close14_seed34_sources4_txrx50_noise19p64237213134765625_objectives/data/source_pulse_noise_context_summary.json,outputs/experiments/417_coordinate_optimizer_close14_seed34_sources4_txrx50_noise19p64237213134765625_objectives/figures/FIGURE_NOTES.md,2314,1379,1146,0.11196715977071912,4,199755
416,outputs/experiments/416_coordinate_optimizer_close14_seed34_sources4_txrx50_noise19p6424102783203125_objectives,outputs/experiments/416_coordinate_optimizer_close14_seed34_sources4_txrx50_noise19p6424102783203125_objectives/data/multi_rebar_coordinate_optimizer_summary.json,skipped,existing valid pulse/noise artifacts,outputs/experiments/416_coordinate_optimizer_close14_seed34_sources4_txrx50_noise19p6424102783203125_objectives/figures/source_pulse_noise_context.png,outputs/experiments/416_coordinate_optimizer_close14_seed34_sources4_txrx50_noise19p6424102783203125_objectives/data/source_pulse_noise_context_summary.json,outputs/experiments/416_coordinate_optimizer_close14_seed34_sources4_txrx50_noise19p6424102783203125_objectives/figures/FIGURE_NOTES.md,2314,1379,1146,0.11195214137318214,4,199755
415,outputs/experiments/415_coordinate_optimizer_close14_seed34_sources4_txrx50_noise19p642486572265625_objectives,outputs/experiments/415_coordinate_optimizer_close14_seed34_sources4_txrx50_noise19p642486572265625_objectives/data/multi_rebar_coordinate_optimizer_summary.json,skipped,existing valid pulse/noise artifacts,outputs/experiments/415_coordinate_optimizer_close14_seed34_sources4_txrx50_noise19p642486572265625_objectives/figures/source_pulse_noise_context.png,outputs/experiments/415_coordinate_optimizer_close14_seed34_sources4_txrx50_noise19p642486572265625_objectives/data/source_pulse_noise_context_summary.json,outputs/experiments/415_coordinate_optimizer_close14_seed34_sources4_txrx50_noise19p642486572265625_objectives/figures/FIGURE_NOTES.md,2314,1379,1146,0.11184200645791094,4,199755
414,outputs/experiments/414_coordinate_optimizer_close14_seed34_sources4_txrx50_noise19p64263916015625_objectives,outputs/experiments/414_coordinate_optimizer_close14_seed34_sources4_txrx50_noise19p64263916015625_objectives/data/multi_rebar_coordinate_optimizer_summary.json,skipped,existing valid pulse/noise artifacts,outputs/experiments/414_coordinate_optimizer_close14_seed34_sources4_txrx50_noise19p64263916015625_objectives/figures/source_pulse_noise_context.png,outputs/experiments/414_coordinate_optimizer_close14_seed34_sources4_txrx50_noise19p64263916015625_objectives/data/source_pulse_noise_context_summary.json,outputs/experiments/414_coordinate_optimizer_close14_seed34_sources4_txrx50_noise19p64263916015625_objectives/figures/FIGURE_NOTES.md,2314,1379,1146,0.11182198192786164,4,199755
413,outputs/experiments/413_coordinate_optimizer_close14_seed34_sources4_txrx50_noise19p6429443359375_objectives,outputs/experiments/413_coordinate_optimizer_close14_seed34_sources4_txrx50_noise19p6429443359375_objectives/data/multi_rebar_coordinate_optimizer_summary.json,skipped,existing valid pulse/noise artifacts,outputs/experiments/413_coordinate_optimizer_close14_seed34_sources4_txrx50_noise19p6429443359375_objectives/figures/source_pulse_noise_context.png,outputs/experiments/413_coordinate_optimizer_close14_seed34_sources4_txrx50_noise19p6429443359375_objectives/data/source_pulse_noise_context_summary.json,outputs/experiments/413_coordinate_optimizer_close14_seed34_sources4_txrx50_noise19p6429443359375_objectives/figures/FIGURE_NOTES.md,2314,1379,1147,0.1116717979524918,4,199755
412,outputs/experiments/412_coordinate_confidence_close14_sources4_txrx50_noise19p642333984375_seed_replicates,,skipped,no compatible coordinate optimizer summary,,,,,,,,,
411,outputs/experiments/411_coordinate_optimizer_close14_seed21_sources4_txrx50_noise19p642333984375_objectives,outputs/experiments/411_coordinate_optimizer_close14_seed21_sources4_txrx50_noise19p642333984375_objectives/data/multi_rebar_coordinate_optimizer_summary.json,skipped,existing valid pulse/noise artifacts,outputs/experiments/411_coordinate_optimizer_close14_seed21_sources4_txrx50_noise19p642333984375_objectives/figures/source_pulse_noise_context.png,outputs/experiments/411_coordinate_optimizer_close14_seed21_sources4_txrx50_noise19p642333984375_objectives/data/source_pulse_noise_context_summary.json,outputs/experiments/411_coordinate_optimizer_close14_seed21_sources4_txrx50_noise19p642333984375_objectives/figures/FIGURE_NOTES.md,2314,1379,1246,0.11823483767615328,4,199755
410,outputs/experiments/410_coordinate_optimizer_close14_seed13_sources4_txrx50_noise19p642333984375_objectives,outputs/experiments/410_coordinate_optimizer_close14_seed13_sources4_txrx50_noise19p642333984375_objectives/data/multi_rebar_coordinate_optimizer_summary.json,skipped,existing valid pulse/noise artifacts,outputs/experiments/410_coordinate_optimizer_close14_seed13_sources4_txrx50_noise19p642333984375_objectives/figures/source_pulse_noise_context.png,outputs/experiments/410_coordinate_optimizer_close14_seed13_sources4_txrx50_noise19p642333984375_objectives/data/source_pulse_noise_context_summary.json,outputs/experiments/410_coordinate_optimizer_close14_seed13_sources4_txrx50_noise19p642333984375_objectives/figures/FIGURE_NOTES.md,2314,1379,1238,0.11321869289880103,4,199755
409,outputs/experiments/409_coordinate_optimizer_close14_seed34_sources4_txrx50_noise19p642333984375_objectives,outputs/experiments/409_coordinate_optimizer_close14_seed34_sources4_txrx50_noise19p642333984375_objectives/data/multi_rebar_coordinate_optimizer_summary.json,skipped,existing valid pulse/noise artifacts,outputs/experiments/409_coordinate_optimizer_close14_seed34_sources4_txrx50_noise19p642333984375_objectives/figures/source_pulse_noise_context.png,outputs/experiments/409_coordinate_optimizer_close14_seed34_sources4_txrx50_noise19p642333984375_objectives/data/source_pulse_noise_context_summary.json,outputs/experiments/409_coordinate_optimizer_close14_seed34_sources4_txrx50_noise19p642333984375_objectives/figures/FIGURE_NOTES.md,2314,1379,1146,0.11158669369978223,4,199755
408,outputs/experiments/408_coordinate_confidence_close14_sources4_txrx50_noise19p64111328125_seed_replicates,,skipped,no compatible coordinate optimizer summary,,,,,,,,,
407,outputs/experiments/407_coordinate_optimizer_close14_seed21_sources4_txrx50_noise19p64111328125_objectives,outputs/experiments/407_coordinate_optimizer_close14_seed21_sources4_txrx50_noise19p64111328125_objectives/data/multi_rebar_coordinate_optimizer_summary.json,skipped,existing valid pulse/noise artifacts,outputs/experiments/407_coordinate_optimizer_close14_seed21_sources4_txrx50_noise19p64111328125_objectives/figures/source_pulse_noise_context.png,outputs/experiments/407_coordinate_optimizer_close14_seed21_sources4_txrx50_noise19p64111328125_objectives/data/source_pulse_noise_context_summary.json,outputs/experiments/407_coordinate_optimizer_close14_seed21_sources4_txrx50_noise19p64111328125_objectives/figures/FIGURE_NOTES.md,2314,1379,1247,0.11789442066531501,4,199755
406,outputs/experiments/406_coordinate_optimizer_close14_seed13_sources4_txrx50_noise19p64111328125_objectives,outputs/experiments/406_coordinate_optimizer_close14_seed13_sources4_txrx50_noise19p64111328125_objectives/data/multi_rebar_coordinate_optimizer_summary.json,skipped,existing valid pulse/noise artifacts,outputs/experiments/406_coordinate_optimizer_close14_seed13_sources4_txrx50_noise19p64111328125_objectives/figures/source_pulse_noise_context.png,outputs/experiments/406_coordinate_optimizer_close14_seed13_sources4_txrx50_noise19p64111328125_objectives/data/source_pulse_noise_context_summary.json,outputs/experiments/406_coordinate_optimizer_close14_seed13_sources4_txrx50_noise19p64111328125_objectives/figures/FIGURE_NOTES.md,2314,1379,1236,0.11294335561062302,4,199755
405,outputs/experiments/405_coordinate_optimizer_close14_seed34_sources4_txrx50_noise19p64111328125_objectives,outputs/experiments/405_coordinate_optimizer_close14_seed34_sources4_txrx50_noise19p64111328125_objectives/data/multi_rebar_coordinate_optimizer_summary.json,skipped,existing valid pulse/noise artifacts,outputs/experiments/405_coordinate_optimizer_close14_seed34_sources4_txrx50_noise19p64111328125_objectives/figures/source_pulse_noise_context.png,outputs/experiments/405_coordinate_optimizer_close14_seed34_sources4_txrx50_noise19p64111328125_objectives/data/source_pulse_noise_context_summary.json,outputs/experiments/405_coordinate_optimizer_close14_seed34_sources4_txrx50_noise19p64111328125_objectives/figures/FIGURE_NOTES.md,2314,1379,1141,0.11125128282145628,4,199755
404,outputs/experiments/404_coordinate_optimizer_close14_seed34_sources4_txrx50_noise19p6435546875_objectives,outputs/experiments/404_coordinate_optimizer_close14_seed34_sources4_txrx50_noise19p6435546875_objectives/data/multi_rebar_coordinate_optimizer_summary.json,skipped,existing valid pulse/noise artifacts,outputs/experiments/404_coordinate_optimizer_close14_seed34_sources4_txrx50_noise19p6435546875_objectives/figures/source_pulse_noise_context.png,outputs/experiments/404_coordinate_optimizer_close14_seed34_sources4_txrx50_noise19p6435546875_objectives/data/source_pulse_noise_context_summary.json,outputs/experiments/404_coordinate_optimizer_close14_seed34_sources4_txrx50_noise19p6435546875_objectives/figures/FIGURE_NOTES.md,2314,1379,1146,0.11112112337613576,4,199755
403,outputs/experiments/403_coordinate_confidence_close14_sources4_txrx50_noise19p638671875_seed_replicates,,skipped,no compatible coordinate optimizer summary,,,,,,,,,
402,outputs/experiments/402_coordinate_optimizer_close14_seed21_sources4_txrx50_noise19p638671875_objectives,outputs/experiments/402_coordinate_optimizer_close14_seed21_sources4_txrx50_noise19p638671875_objectives/data/multi_rebar_coordinate_optimizer_summary.json,skipped,existing valid pulse/noise artifacts,outputs/experiments/402_coordinate_optimizer_close14_seed21_sources4_txrx50_noise19p638671875_objectives/figures/source_pulse_noise_context.png,outputs/experiments/402_coordinate_optimizer_close14_seed21_sources4_txrx50_noise19p638671875_objectives/data/source_pulse_noise_context_summary.json,outputs/experiments/402_coordinate_optimizer_close14_seed21_sources4_txrx50_noise19p638671875_objectives/figures/FIGURE_NOTES.md,2314,1379,1250,0.11782433481014243,4,199755
401,outputs/experiments/401_coordinate_optimizer_close14_seed13_sources4_txrx50_noise19p638671875_objectives,outputs/experiments/401_coordinate_optimizer_close14_seed13_sources4_txrx50_noise19p638671875_objectives/data/multi_rebar_coordinate_optimizer_summary.json,skipped,existing valid pulse/noise artifacts,outputs/experiments/401_coordinate_optimizer_close14_seed13_sources4_txrx50_noise19p638671875_objectives/figures/source_pulse_noise_context.png,outputs/experiments/401_coordinate_optimizer_close14_seed13_sources4_txrx50_noise19p638671875_objectives/data/source_pulse_noise_context_summary.json,outputs/experiments/401_coordinate_optimizer_close14_seed13_sources4_txrx50_noise19p638671875_objectives/figures/FIGURE_NOTES.md,2314,1379,1239,0.11287326975545042,4,199755
400,outputs/experiments/400_coordinate_optimizer_close14_seed34_sources4_txrx50_noise19p638671875_objectives,outputs/experiments/400_coordinate_optimizer_close14_seed34_sources4_txrx50_noise19p638671875_objectives/data/multi_rebar_coordinate_optimizer_summary.json,skipped,existing valid pulse/noise artifacts,outputs/experiments/400_coordinate_optimizer_close14_seed34_sources4_txrx50_noise19p638671875_objectives/figures/source_pulse_noise_context.png,outputs/experiments/400_coordinate_optimizer_close14_seed34_sources4_txrx50_noise19p638671875_objectives/data/source_pulse_noise_context_summary.json,outputs/experiments/400_coordinate_optimizer_close14_seed34_sources4_txrx50_noise19p638671875_objectives/figures/FIGURE_NOTES.md,2314,1379,1142,0.11116617856874672,4,199755
399,outputs/experiments/399_coordinate_confidence_close14_sources4_txrx50_noise19p62890625_seed_replicates,,skipped,no compatible coordinate optimizer summary,,,,,,,,,
398,outputs/experiments/398_coordinate_optimizer_close14_seed21_sources4_txrx50_noise19p62890625_objectives,outputs/experiments/398_coordinate_optimizer_close14_seed21_sources4_txrx50_noise19p62890625_objectives/data/multi_rebar_coordinate_optimizer_summary.json,skipped,existing valid pulse/noise artifacts,outputs/experiments/398_coordinate_optimizer_close14_seed21_sources4_txrx50_noise19p62890625_objectives/figures/source_pulse_noise_context.png,outputs/experiments/398_coordinate_optimizer_close14_seed21_sources4_txrx50_noise19p62890625_objectives/data/source_pulse_noise_context_summary.json,outputs/experiments/398_coordinate_optimizer_close14_seed21_sources4_txrx50_noise19p62890625_objectives/figures/FIGURE_NOTES.md,2314,1379,1246,0.1176941753648219,4,199755
397,outputs/experiments/397_coordinate_optimizer_close14_seed13_sources4_txrx50_noise19p62890625_objectives,outputs/experiments/397_coordinate_optimizer_close14_seed13_sources4_txrx50_noise19p62890625_objectives/data/multi_rebar_coordinate_optimizer_summary.json,skipped,existing valid pulse/noise artifacts,outputs/experiments/397_coordinate_optimizer_close14_seed13_sources4_txrx50_noise19p62890625_objectives/figures/source_pulse_noise_context.png,outputs/experiments/397_coordinate_optimizer_close14_seed13_sources4_txrx50_noise19p62890625_objectives/data/source_pulse_noise_context_summary.json,outputs/experiments/397_coordinate_optimizer_close14_seed13_sources4_txrx50_noise19p62890625_objectives/figures/FIGURE_NOTES.md,2314,1379,1241,0.11271807964756828,4,199755
396,outputs/experiments/396_coordinate_optimizer_close14_seed34_sources4_txrx50_noise19p62890625_objectives,outputs/experiments/396_coordinate_optimizer_close14_seed34_sources4_txrx50_noise19p62890625_objectives/data/multi_rebar_coordinate_optimizer_summary.json,skipped,existing valid pulse/noise artifacts,outputs/experiments/396_coordinate_optimizer_close14_seed34_sources4_txrx50_noise19p62890625_objectives/figures/source_pulse_noise_context.png,outputs/experiments/396_coordinate_optimizer_close14_seed34_sources4_txrx50_noise19p62890625_objectives/data/source_pulse_noise_context_summary.json,outputs/experiments/396_coordinate_optimizer_close14_seed34_sources4_txrx50_noise19p62890625_objectives/figures/FIGURE_NOTES.md,2314,1379,1142,0.11106605591850016,4,199755
395,outputs/experiments/395_coordinate_optimizer_close14_seed34_sources4_txrx50_noise19p6484375_objectives,outputs/experiments/395_coordinate_optimizer_close14_seed34_sources4_txrx50_noise19p6484375_objectives/data/multi_rebar_coordinate_optimizer_summary.json,skipped,existing valid pulse/noise artifacts,outputs/experiments/395_coordinate_optimizer_close14_seed34_sources4_txrx50_noise19p6484375_objectives/figures/source_pulse_noise_context.png,outputs/experiments/395_coordinate_optimizer_close14_seed34_sources4_txrx50_noise19p6484375_objectives/data/source_pulse_noise_context_summary.json,outputs/experiments/395_coordinate_optimizer_close14_seed34_sources4_txrx50_noise19p6484375_objectives/figures/FIGURE_NOTES.md,2314,1379,1149,0.1108908412805687,4,199755
394,outputs/experiments/394_coordinate_confidence_close14_sources4_txrx50_noise19p609375_seed_replicates,,skipped,no compatible coordinate optimizer summary,,,,,,,,,
393,outputs/experiments/393_coordinate_optimizer_close14_seed21_sources4_txrx50_noise19p609375_objectives,outputs/experiments/393_coordinate_optimizer_close14_seed21_sources4_txrx50_noise19p609375_objectives/data/multi_rebar_coordinate_optimizer_summary.json,skipped,existing valid pulse/noise artifacts,outputs/experiments/393_coordinate_optimizer_close14_seed21_sources4_txrx50_noise19p609375_objectives/figures/source_pulse_noise_context.png,outputs/experiments/393_coordinate_optimizer_close14_seed21_sources4_txrx50_noise19p609375_objectives/data/source_pulse_noise_context_summary.json,outputs/experiments/393_coordinate_optimizer_close14_seed21_sources4_txrx50_noise19p609375_objectives/figures/FIGURE_NOTES.md,2314,1379,1240,0.11745388100423018,4,199755
392,outputs/experiments/392_coordinate_optimizer_close14_seed13_sources4_txrx50_noise19p609375_objectives,outputs/experiments/392_coordinate_optimizer_close14_seed13_sources4_txrx50_noise19p609375_objectives/data/multi_rebar_coordinate_optimizer_summary.json,skipped,existing valid pulse/noise artifacts,outputs/experiments/392_coordinate_optimizer_close14_seed13_sources4_txrx50_noise19p609375_objectives/figures/source_pulse_noise_context.png,outputs/experiments/392_coordinate_optimizer_close14_seed13_sources4_txrx50_noise19p609375_objectives/data/source_pulse_noise_context_summary.json,outputs/experiments/392_coordinate_optimizer_close14_seed13_sources4_txrx50_noise19p609375_objectives/figures/FIGURE_NOTES.md,2314,1379,1239,0.11246777302195189,4,199755
391,outputs/experiments/391_coordinate_optimizer_close14_seed34_sources4_txrx50_noise19p609375_objectives,outputs/experiments/391_coordinate_optimizer_close14_seed34_sources4_txrx50_noise19p609375_objectives/data/multi_rebar_coordinate_optimizer_summary.json,skipped,existing valid pulse/noise artifacts,outputs/experiments/391_coordinate_optimizer_close14_seed34_sources4_txrx50_noise19p609375_objectives/figures/source_pulse_noise_context.png,outputs/experiments/391_coordinate_optimizer_close14_seed34_sources4_txrx50_noise19p609375_objectives/data/source_pulse_noise_context_summary.json,outputs/experiments/391_coordinate_optimizer_close14_seed34_sources4_txrx50_noise19p609375_objectives/figures/FIGURE_NOTES.md,2314,1379,1145,0.11084077995544542,4,199755
390,outputs/experiments/390_coordinate_confidence_close14_sources4_txrx50_noise19p53125_seed_replicates,,skipped,no compatible coordinate optimizer summary,,,,,,,,,
389,outputs/experiments/389_coordinate_optimizer_close14_seed21_sources4_txrx50_noise19p53125_objectives,outputs/experiments/389_coordinate_optimizer_close14_seed21_sources4_txrx50_noise19p53125_objectives/data/multi_rebar_coordinate_optimizer_summary.json,skipped,existing valid pulse/noise artifacts,outputs/experiments/389_coordinate_optimizer_close14_seed21_sources4_txrx50_noise19p53125_objectives/figures/source_pulse_noise_context.png,outputs/experiments/389_coordinate_optimizer_close14_seed21_sources4_txrx50_noise19p53125_objectives/data/source_pulse_noise_context_summary.json,outputs/experiments/389_coordinate_optimizer_close14_seed21_sources4_txrx50_noise19p53125_objectives/figures/FIGURE_NOTES.md,2314,1379,1243,0.11731370929388502,4,199755
388,outputs/experiments/388_coordinate_optimizer_close14_seed13_sources4_txrx50_noise19p53125_objectives,outputs/experiments/388_coordinate_optimizer_close14_seed13_sources4_txrx50_noise19p53125_objectives/data/multi_rebar_coordinate_optimizer_summary.json,skipped,existing valid pulse/noise artifacts,outputs/experiments/388_coordinate_optimizer_close14_seed13_sources4_txrx50_noise19p53125_objectives/figures/source_pulse_noise_context.png,outputs/experiments/388_coordinate_optimizer_close14_seed13_sources4_txrx50_noise19p53125_objectives/data/source_pulse_noise_context_summary.json,outputs/experiments/388_coordinate_optimizer_close14_seed13_sources4_txrx50_noise19p53125_objectives/figures/FIGURE_NOTES.md,2314,1379,1241,0.11232259517909439,4,199755
387,outputs/experiments/387_coordinate_optimizer_close14_seed34_sources4_txrx50_noise19p53125_objectives,outputs/experiments/387_coordinate_optimizer_close14_seed34_sources4_txrx50_noise19p53125_objectives/data/multi_rebar_coordinate_optimizer_summary.json,skipped,existing valid pulse/noise artifacts,outputs/experiments/387_coordinate_optimizer_close14_seed34_sources4_txrx50_noise19p53125_objectives/figures/source_pulse_noise_context.png,outputs/experiments/387_coordinate_optimizer_close14_seed34_sources4_txrx50_noise19p53125_objectives/data/source_pulse_noise_context_summary.json,outputs/experiments/387_coordinate_optimizer_close14_seed34_sources4_txrx50_noise19p53125_objectives/figures/FIGURE_NOTES.md,2314,1379,1142,0.11064554078746465,4,199755
386,outputs/experiments/386_coordinate_optimizer_close14_seed34_sources4_txrx50_noise19p6875_objectives,outputs/experiments/386_coordinate_optimizer_close14_seed34_sources4_txrx50_noise19p6875_objectives/data/multi_rebar_coordinate_optimizer_summary.json,skipped,existing valid pulse/noise artifacts,outputs/experiments/386_coordinate_optimizer_close14_seed34_sources4_txrx50_noise19p6875_objectives/figures/source_pulse_noise_context.png,outputs/experiments/386_coordinate_optimizer_close14_seed34_sources4_txrx50_noise19p6875_objectives/data/source_pulse_noise_context_summary.json,outputs/experiments/386_coordinate_optimizer_close14_seed34_sources4_txrx50_noise19p6875_objectives/figures/FIGURE_NOTES.md,2314,1379,1145,0.11054041200470577,4,199755
385,outputs/experiments/385_coordinate_confidence_close14_sources4_txrx50_noise19p375_seed_replicates,,skipped,no compatible coordinate optimizer summary,,,,,,,,,
384,outputs/experiments/384_coordinate_optimizer_close14_seed21_sources4_txrx50_noise19p375_objectives,outputs/experiments/384_coordinate_optimizer_close14_seed21_sources4_txrx50_noise19p375_objectives/data/multi_rebar_coordinate_optimizer_summary.json,skipped,existing valid pulse/noise artifacts,outputs/experiments/384_coordinate_optimizer_close14_seed21_sources4_txrx50_noise19p375_objectives/figures/source_pulse_noise_context.png,outputs/experiments/384_coordinate_optimizer_close14_seed21_sources4_txrx50_noise19p375_objectives/data/source_pulse_noise_context_summary.json,outputs/experiments/384_coordinate_optimizer_close14_seed21_sources4_txrx50_noise19p375_objectives/figures/FIGURE_NOTES.md,2314,1379,1260,0.1170033290781207,4,199755
383,outputs/experiments/383_coordinate_optimizer_close14_seed13_sources4_txrx50_noise19p375_objectives,outputs/experiments/383_coordinate_optimizer_close14_seed13_sources4_txrx50_noise19p375_objectives/data/multi_rebar_coordinate_optimizer_summary.json,skipped,existing valid pulse/noise artifacts,outputs/experiments/383_coordinate_optimizer_close14_seed13_sources4_txrx50_noise19p375_objectives/figures/source_pulse_noise_context.png,outputs/experiments/383_coordinate_optimizer_close14_seed13_sources4_txrx50_noise19p375_objectives/data/source_pulse_noise_context_summary.json,outputs/experiments/383_coordinate_optimizer_close14_seed13_sources4_txrx50_noise19p375_objectives/figures/FIGURE_NOTES.md,2314,1379,1236,0.11197717203574378,4,199755
382,outputs/experiments/382_coordinate_optimizer_close14_seed34_sources4_txrx50_noise19p375_objectives,outputs/experiments/382_coordinate_optimizer_close14_seed34_sources4_txrx50_noise19p375_objectives/data/multi_rebar_coordinate_optimizer_summary.json,skipped,existing valid pulse/noise artifacts,outputs/experiments/382_coordinate_optimizer_close14_seed34_sources4_txrx50_noise19p375_objectives/figures/source_pulse_noise_context.png,outputs/experiments/382_coordinate_optimizer_close14_seed34_sources4_txrx50_noise19p375_objectives/data/source_pulse_noise_context_summary.json,outputs/experiments/382_coordinate_optimizer_close14_seed34_sources4_txrx50_noise19p375_objectives/figures/FIGURE_NOTES.md,2314,1379,1141,0.11027008084904008,4,199755
381,outputs/experiments/381_coordinate_confidence_close14_sources4_txrx50_noise18p75_seed_replicates,,skipped,no compatible coordinate optimizer summary,,,,,,,,,
380,outputs/experiments/380_coordinate_optimizer_close14_seed21_sources4_txrx50_noise18p75_objectives,outputs/experiments/380_coordinate_optimizer_close14_seed21_sources4_txrx50_noise18p75_objectives/data/multi_rebar_coordinate_optimizer_summary.json,skipped,existing valid pulse/noise artifacts,outputs/experiments/380_coordinate_optimizer_close14_seed21_sources4_txrx50_noise18p75_objectives/figures/source_pulse_noise_context.png,outputs/experiments/380_coordinate_optimizer_close14_seed21_sources4_txrx50_noise18p75_objectives/data/source_pulse_noise_context_summary.json,outputs/experiments/380_coordinate_optimizer_close14_seed21_sources4_txrx50_noise18p75_objectives/figures/FIGURE_NOTES.md,2314,1379,1241,0.11694325548797277,4,199755
379,outputs/experiments/379_coordinate_optimizer_close14_seed13_sources4_txrx50_noise18p75_objectives,outputs/experiments/379_coordinate_optimizer_close14_seed13_sources4_txrx50_noise18p75_objectives/data/multi_rebar_coordinate_optimizer_summary.json,skipped,existing valid pulse/noise artifacts,outputs/experiments/379_coordinate_optimizer_close14_seed13_sources4_txrx50_noise18p75_objectives/figures/source_pulse_noise_context.png,outputs/experiments/379_coordinate_optimizer_close14_seed13_sources4_txrx50_noise18p75_objectives/data/source_pulse_noise_context_summary.json,outputs/experiments/379_coordinate_optimizer_close14_seed13_sources4_txrx50_noise18p75_objectives/figures/FIGURE_NOTES.md,2314,1379,1223,0.1119271107106205,4,199755
378,outputs/experiments/378_coordinate_optimizer_close14_seed34_sources4_txrx50_noise18p75_objectives,outputs/experiments/378_coordinate_optimizer_close14_seed34_sources4_txrx50_noise18p75_objectives/data/multi_rebar_coordinate_optimizer_summary.json,skipped,existing valid pulse/noise artifacts,outputs/experiments/378_coordinate_optimizer_close14_seed34_sources4_txrx50_noise18p75_objectives/figures/source_pulse_noise_context.png,outputs/experiments/378_coordinate_optimizer_close14_seed34_sources4_txrx50_noise18p75_objectives/data/source_pulse_noise_context_summary.json,outputs/experiments/378_coordinate_optimizer_close14_seed34_sources4_txrx50_noise18p75_objectives/figures/FIGURE_NOTES.md,2314,1379,1146,0.1102750869815524,4,199755
377,outputs/experiments/377_coordinate_optimizer_close14_seed34_sources4_txrx50_noise20_objectives,outputs/experiments/377_coordinate_optimizer_close14_seed34_sources4_txrx50_noise20_objectives/data/multi_rebar_coordinate_optimizer_summary.json,skipped,existing valid pulse/noise artifacts,outputs/experiments/377_coordinate_optimizer_close14_seed34_sources4_txrx50_noise20_objectives/figures/source_pulse_noise_context.png,outputs/experiments/377_coordinate_optimizer_close14_seed34_sources4_txrx50_noise20_objectives/data/source_pulse_noise_context_summary.json,outputs/experiments/377_coordinate_optimizer_close14_seed34_sources4_txrx50_noise20_objectives/figures/FIGURE_NOTES.md,2314,1379,1132,0.10976946759780731,4,199755
376,outputs/experiments/376_coordinate_confidence_close14_sources4_txrx50_noise17p5_seed_replicates,,skipped,no compatible coordinate optimizer summary,,,,,,,,,
375,outputs/experiments/375_coordinate_optimizer_close14_seed21_sources4_txrx50_noise17p5_objectives,outputs/experiments/375_coordinate_optimizer_close14_seed21_sources4_txrx50_noise17p5_objectives/data/multi_rebar_coordinate_optimizer_summary.json,skipped,existing valid pulse/noise artifacts,outputs/experiments/375_coordinate_optimizer_close14_seed21_sources4_txrx50_noise17p5_objectives/figures/source_pulse_noise_context.png,outputs/experiments/375_coordinate_optimizer_close14_seed21_sources4_txrx50_noise17p5_objectives/data/source_pulse_noise_context_summary.json,outputs/experiments/375_coordinate_optimizer_close14_seed21_sources4_txrx50_noise17p5_objectives/figures/FIGURE_NOTES.md,2314,1379,1233,0.11660784460964682,4,199755
374,outputs/experiments/374_coordinate_optimizer_close14_seed13_sources4_txrx50_noise17p5_objectives,outputs/experiments/374_coordinate_optimizer_close14_seed13_sources4_txrx50_noise17p5_objectives/data/multi_rebar_coordinate_optimizer_summary.json,skipped,existing valid pulse/noise artifacts,outputs/experiments/374_coordinate_optimizer_close14_seed13_sources4_txrx50_noise17p5_objectives/figures/source_pulse_noise_context.png,outputs/experiments/374_coordinate_optimizer_close14_seed13_sources4_txrx50_noise17p5_objectives/data/source_pulse_noise_context_summary.json,outputs/experiments/374_coordinate_optimizer_close14_seed13_sources4_txrx50_noise17p5_objectives/figures/FIGURE_NOTES.md,2314,1379,1218,0.11162674275988085,4,199755
373,outputs/experiments/373_coordinate_optimizer_close14_seed34_sources4_txrx50_noise17p5_objectives,outputs/experiments/373_coordinate_optimizer_close14_seed34_sources4_txrx50_noise17p5_objectives/data/multi_rebar_coordinate_optimizer_summary.json,skipped,existing valid pulse/noise artifacts,outputs/experiments/373_coordinate_optimizer_close14_seed34_sources4_txrx50_noise17p5_objectives/figures/source_pulse_noise_context.png,outputs/experiments/373_coordinate_optimizer_close14_seed34_sources4_txrx50_noise17p5_objectives/data/source_pulse_noise_context_summary.json,outputs/experiments/373_coordinate_optimizer_close14_seed34_sources4_txrx50_noise17p5_objectives/figures/FIGURE_NOTES.md,2314,1379,1130,0.11000976195839904,4,199755
372,outputs/experiments/372_coordinate_confidence_close14_sources4_txrx50_noise16p25_seed_replicates,,skipped,no compatible coordinate optimizer summary,,,,,,,,,
371,outputs/experiments/371_coordinate_optimizer_close14_seed21_sources4_txrx50_noise16p25_objectives,outputs/experiments/371_coordinate_optimizer_close14_seed21_sources4_txrx50_noise16p25_objectives/data/multi_rebar_coordinate_optimizer_summary.json,skipped,existing valid pulse/noise artifacts,outputs/experiments/371_coordinate_optimizer_close14_seed21_sources4_txrx50_noise16p25_objectives/figures/source_pulse_noise_context.png,outputs/experiments/371_coordinate_optimizer_close14_seed21_sources4_txrx50_noise16p25_objectives/data/source_pulse_noise_context_summary.json,outputs/experiments/371_coordinate_optimizer_close14_seed21_sources4_txrx50_noise16p25_objectives/figures/FIGURE_NOTES.md,2314,1379,1216,0.11690320642787415,4,199755
370,outputs/experiments/370_coordinate_optimizer_close14_seed13_sources4_txrx50_noise16p25_objectives,outputs/experiments/370_coordinate_optimizer_close14_seed13_sources4_txrx50_noise16p25_objectives/data/multi_rebar_coordinate_optimizer_summary.json,skipped,existing valid pulse/noise artifacts,outputs/experiments/370_coordinate_optimizer_close14_seed13_sources4_txrx50_noise16p25_objectives/figures/source_pulse_noise_context.png,outputs/experiments/370_coordinate_optimizer_close14_seed13_sources4_txrx50_noise16p25_objectives/data/source_pulse_noise_context_summary.json,outputs/experiments/370_coordinate_optimizer_close14_seed13_sources4_txrx50_noise16p25_objectives/figures/FIGURE_NOTES.md,2314,1379,1210,0.11186703712047258,4,199755
369,outputs/experiments/369_coordinate_optimizer_close14_seed34_sources4_txrx50_noise16p25_objectives,outputs/experiments/369_coordinate_optimizer_close14_seed34_sources4_txrx50_noise16p25_objectives/data/multi_rebar_coordinate_optimizer_summary.json,skipped,existing valid pulse/noise artifacts,outputs/experiments/369_coordinate_optimizer_close14_seed34_sources4_txrx50_noise16p25_objectives/figures/source_pulse_noise_context.png,outputs/experiments/369_coordinate_optimizer_close14_seed34_sources4_txrx50_noise16p25_objectives/data/source_pulse_noise_context_summary.json,outputs/experiments/369_coordinate_optimizer_close14_seed34_sources4_txrx50_noise16p25_objectives/figures/FIGURE_NOTES.md,2314,1379,1144,0.11017997046381818,4,199755
368,outputs/experiments/368_coordinate_confidence_close14_sources4_txrx50_noise15p625_seed_replicates,,skipped,no compatible coordinate optimizer summary,,,,,,,,,
367,outputs/experiments/367_coordinate_optimizer_close14_seed21_sources4_txrx50_noise15p625_objectives,outputs/experiments/367_coordinate_optimizer_close14_seed21_sources4_txrx50_noise15p625_objectives/data/multi_rebar_coordinate_optimizer_summary.json,skipped,existing valid pulse/noise artifacts,outputs/experiments/367_coordinate_optimizer_close14_seed21_sources4_txrx50_noise15p625_objectives/figures/source_pulse_noise_context.png,outputs/experiments/367_coordinate_optimizer_close14_seed21_sources4_txrx50_noise15p625_objectives/data/source_pulse_noise_context_summary.json,outputs/experiments/367_coordinate_optimizer_close14_seed21_sources4_txrx50_noise15p625_objectives/figures/FIGURE_NOTES.md,2314,1379,1211,0.11691321869289881,4,199755
366,outputs/experiments/366_coordinate_optimizer_close14_seed13_sources4_txrx50_noise15p625_objectives,outputs/experiments/366_coordinate_optimizer_close14_seed13_sources4_txrx50_noise15p625_objectives/data/multi_rebar_coordinate_optimizer_summary.json,skipped,existing valid pulse/noise artifacts,outputs/experiments/366_coordinate_optimizer_close14_seed13_sources4_txrx50_noise15p625_objectives/figures/source_pulse_noise_context.png,outputs/experiments/366_coordinate_optimizer_close14_seed13_sources4_txrx50_noise15p625_objectives/data/source_pulse_noise_context_summary.json,outputs/experiments/366_coordinate_optimizer_close14_seed13_sources4_txrx50_noise15p625_objectives/figures/FIGURE_NOTES.md,2314,1379,1212,0.11186203098796026,4,199755
365,outputs/experiments/365_coordinate_optimizer_close14_seed34_sources4_txrx50_noise15p625_objectives,outputs/experiments/365_coordinate_optimizer_close14_seed34_sources4_txrx50_noise15p625_objectives/data/multi_rebar_coordinate_optimizer_summary.json,skipped,existing valid pulse/noise artifacts,outputs/experiments/365_coordinate_optimizer_close14_seed34_sources4_txrx50_noise15p625_objectives/figures/source_pulse_noise_context.png,outputs/experiments/365_coordinate_optimizer_close14_seed34_sources4_txrx50_noise15p625_objectives/data/source_pulse_noise_context_summary.json,outputs/experiments/365_coordinate_optimizer_close14_seed34_sources4_txrx50_noise15p625_objectives/figures/FIGURE_NOTES.md,2314,1379,1127,0.11019498886135516,4,199755
364,outputs/experiments/364_coordinate_confidence_close14_sources4_txrx50_noise15p46875_seed_replicates,,skipped,no compatible coordinate optimizer summary,,,,,,,,,
363,outputs/experiments/363_coordinate_optimizer_close14_seed21_sources4_txrx50_noise15p46875_objectives,outputs/experiments/363_coordinate_optimizer_close14_seed21_sources4_txrx50_noise15p46875_objectives/data/multi_rebar_coordinate_optimizer_summary.json,skipped,existing valid pulse/noise artifacts,outputs/experiments/363_coordinate_optimizer_close14_seed21_sources4_txrx50_noise15p46875_objectives/figures/source_pulse_noise_context.png,outputs/experiments/363_coordinate_optimizer_close14_seed21_sources4_txrx50_noise15p46875_objectives/data/source_pulse_noise_context_summary.json,outputs/experiments/363_coordinate_optimizer_close14_seed21_sources4_txrx50_noise15p46875_objectives/figures/FIGURE_NOTES.md,2314,1379,1205,0.1171835498485645,4,199755
362,outputs/experiments/362_coordinate_optimizer_close14_seed13_sources4_txrx50_noise15p46875_objectives,outputs/experiments/362_coordinate_optimizer_close14_seed13_sources4_txrx50_noise15p46875_objectives/data/multi_rebar_coordinate_optimizer_summary.json,skipped,existing valid pulse/noise artifacts,outputs/experiments/362_coordinate_optimizer_close14_seed13_sources4_txrx50_noise15p46875_objectives/figures/source_pulse_noise_context.png,outputs/experiments/362_coordinate_optimizer_close14_seed13_sources4_txrx50_noise15p46875_objectives/data/source_pulse_noise_context_summary.json,outputs/experiments/362_coordinate_optimizer_close14_seed13_sources4_txrx50_noise15p46875_objectives/figures/FIGURE_NOTES.md,2314,1379,1201,0.11204725789091637,4,199755
361,outputs/experiments/361_coordinate_optimizer_close14_seed34_sources4_txrx50_noise15p46875_objectives,outputs/experiments/361_coordinate_optimizer_close14_seed34_sources4_txrx50_noise15p46875_objectives/data/multi_rebar_coordinate_optimizer_summary.json,skipped,existing valid pulse/noise artifacts,outputs/experiments/361_coordinate_optimizer_close14_seed34_sources4_txrx50_noise15p46875_objectives/figures/source_pulse_noise_context.png,outputs/experiments/361_coordinate_optimizer_close14_seed34_sources4_txrx50_noise15p46875_objectives/data/source_pulse_noise_context_summary.json,outputs/experiments/361_coordinate_optimizer_close14_seed34_sources4_txrx50_noise15p46875_objectives/figures/FIGURE_NOTES.md,2314,1379,1124,0.11047533228204551,4,199755
360,outputs/experiments/360_coordinate_confidence_close14_sources4_txrx50_noise15p361328125_seed_replicates,,skipped,no compatible coordinate optimizer summary,,,,,,,,,
359,outputs/experiments/359_coordinate_optimizer_close14_seed21_sources4_txrx50_noise15p361328125_objectives,outputs/experiments/359_coordinate_optimizer_close14_seed21_sources4_txrx50_noise15p361328125_objectives/data/multi_rebar_coordinate_optimizer_summary.json,skipped,existing valid pulse/noise artifacts,outputs/experiments/359_coordinate_optimizer_close14_seed21_sources4_txrx50_noise15p361328125_objectives/figures/source_pulse_noise_context.png,outputs/experiments/359_coordinate_optimizer_close14_seed21_sources4_txrx50_noise15p361328125_objectives/data/source_pulse_noise_context_summary.json,outputs/experiments/359_coordinate_optimizer_close14_seed21_sources4_txrx50_noise15p361328125_objectives/figures/FIGURE_NOTES.md,2314,1379,1203,0.11764912017221096,4,199755
358,outputs/experiments/358_coordinate_optimizer_close14_seed13_sources4_txrx50_noise15p361328125_objectives,outputs/experiments/358_coordinate_optimizer_close14_seed13_sources4_txrx50_noise15p361328125_objectives/data/multi_rebar_coordinate_optimizer_summary.json,skipped,existing valid pulse/noise artifacts,outputs/experiments/358_coordinate_optimizer_close14_seed13_sources4_txrx50_noise15p361328125_objectives/figures/source_pulse_noise_context.png,outputs/experiments/358_coordinate_optimizer_close14_seed13_sources4_txrx50_noise15p361328125_objectives/data/source_pulse_noise_context_summary.json,outputs/experiments/358_coordinate_optimizer_close14_seed13_sources4_txrx50_noise15p361328125_objectives/figures/FIGURE_NOTES.md,2314,1379,1204,0.11263798152737103,4,199755
357,outputs/experiments/357_coordinate_optimizer_close14_seed34_sources4_txrx50_noise15p361328125_objectives,outputs/experiments/357_coordinate_optimizer_close14_seed34_sources4_txrx50_noise15p361328125_objectives/data/multi_rebar_coordinate_optimizer_summary.json,skipped,existing valid pulse/noise artifacts,outputs/experiments/357_coordinate_optimizer_close14_seed34_sources4_txrx50_noise15p361328125_objectives/figures/source_pulse_noise_context.png,outputs/experiments/357_coordinate_optimizer_close14_seed34_sources4_txrx50_noise15p361328125_objectives/data/source_pulse_noise_context_summary.json,outputs/experiments/357_coordinate_optimizer_close14_seed34_sources4_txrx50_noise15p361328125_objectives/figures/FIGURE_NOTES.md,2314,1379,1123,0.11092087807564266,4,199755
356,outputs/experiments/356_coordinate_confidence_close14_seed34_noise15p361328125_sources4_5_7_aggregate,,skipped,no compatible coordinate optimizer summary,,,,,,,,,
355,outputs/experiments/355_coordinate_optimizer_close14_seed34_sources7_txrx45_noise15p361328125_objectives,outputs/experiments/355_coordinate_optimizer_close14_seed34_sources7_txrx45_noise15p361328125_objectives/data/multi_rebar_coordinate_optimizer_summary.json,skipped,existing valid pulse/noise artifacts,outputs/experiments/355_coordinate_optimizer_close14_seed34_sources7_txrx45_noise15p361328125_objectives/figures/source_pulse_noise_context.png,outputs/experiments/355_coordinate_optimizer_close14_seed34_sources7_txrx45_noise15p361328125_objectives/data/source_pulse_noise_context_summary.json,outputs/experiments/355_coordinate_optimizer_close14_seed34_sources7_txrx45_noise15p361328125_objectives/figures/FIGURE_NOTES.md,2314,1379,1123,0.11090585967810568,4,199755
354,outputs/experiments/354_coordinate_optimizer_close14_seed34_sources5_txrx45_noise15p361328125_objectives,outputs/experiments/354_coordinate_optimizer_close14_seed34_sources5_txrx45_noise15p361328125_objectives/data/multi_rebar_coordinate_optimizer_summary.json,skipped,existing valid pulse/noise artifacts,outputs/experiments/354_coordinate_optimizer_close14_seed34_sources5_txrx45_noise15p361328125_objectives/figures/source_pulse_noise_context.png,outputs/experiments/354_coordinate_optimizer_close14_seed34_sources5_txrx45_noise15p361328125_objectives/data/source_pulse_noise_context_summary.json,outputs/experiments/354_coordinate_optimizer_close14_seed34_sources5_txrx45_noise15p361328125_objectives/figures/FIGURE_NOTES.md,2314,1379,1123,0.11086581061800706,4,199755
353,outputs/experiments/353_coordinate_optimizer_close14_seed34_sources4_txrx45_noise15p361328125_objectives,outputs/experiments/353_coordinate_optimizer_close14_seed34_sources4_txrx45_noise15p361328125_objectives/data/multi_rebar_coordinate_optimizer_summary.json,skipped,existing valid pulse/noise artifacts,outputs/experiments/353_coordinate_optimizer_close14_seed34_sources4_txrx45_noise15p361328125_objectives/figures/source_pulse_noise_context.png,outputs/experiments/353_coordinate_optimizer_close14_seed34_sources4_txrx45_noise15p361328125_objectives/data/source_pulse_noise_context_summary.json,outputs/experiments/353_coordinate_optimizer_close14_seed34_sources4_txrx45_noise15p361328125_objectives/figures/FIGURE_NOTES.md,2314,1379,1123,0.11092087807564266,4,199755
352,outputs/experiments/352_coordinate_optimizer_close14_seed34_sources4_txrx45_noise15p37109375_objectives,outputs/experiments/352_coordinate_optimizer_close14_seed34_sources4_txrx45_noise15p37109375_objectives/data/multi_rebar_coordinate_optimizer_summary.json,skipped,existing valid pulse/noise artifacts,outputs/experiments/352_coordinate_optimizer_close14_seed34_sources4_txrx45_noise15p37109375_objectives/figures/source_pulse_noise_context.png,outputs/experiments/352_coordinate_optimizer_close14_seed34_sources4_txrx45_noise15p37109375_objectives/data/source_pulse_noise_context_summary.json,outputs/experiments/352_coordinate_optimizer_close14_seed34_sources4_txrx45_noise15p37109375_objectives/figures/FIGURE_NOTES.md,2314,1379,1123,0.11072063277514956,4,199755
351,outputs/experiments/351_coordinate_optimizer_close14_seed34_sources4_txrx45_noise15p3515625_objectives,outputs/experiments/351_coordinate_optimizer_close14_seed34_sources4_txrx45_noise15p3515625_objectives/data/multi_rebar_coordinate_optimizer_summary.json,skipped,existing valid pulse/noise artifacts,outputs/experiments/351_coordinate_optimizer_close14_seed34_sources4_txrx45_noise15p3515625_objectives/figures/source_pulse_noise_context.png,outputs/experiments/351_coordinate_optimizer_close14_seed34_sources4_txrx45_noise15p3515625_objectives/data/source_pulse_noise_context_summary.json,outputs/experiments/351_coordinate_optimizer_close14_seed34_sources4_txrx45_noise15p3515625_objectives/figures/FIGURE_NOTES.md,2314,1379,1126,0.11065054691997697,4,199755
350,outputs/experiments/350_coordinate_optimizer_close14_seed34_sources4_txrx45_noise15p390625_objectives,outputs/experiments/350_coordinate_optimizer_close14_seed34_sources4_txrx45_noise15p390625_objectives/data/multi_rebar_coordinate_optimizer_summary.json,skipped,existing valid pulse/noise artifacts,outputs/experiments/350_coordinate_optimizer_close14_seed34_sources4_txrx45_noise15p390625_objectives/figures/source_pulse_noise_context.png,outputs/experiments/350_coordinate_optimizer_close14_seed34_sources4_txrx45_noise15p390625_objectives/data/source_pulse_noise_context_summary.json,outputs/experiments/350_coordinate_optimizer_close14_seed34_sources4_txrx45_noise15p390625_objectives/figures/FIGURE_NOTES.md,2314,1379,1119,0.11063052238992765,4,199755
349,outputs/experiments/349_coordinate_confidence_close14_sources4_txrx45_noise15p3125_seed_replicates,,skipped,no compatible coordinate optimizer summary,,,,,,,,,
348,outputs/experiments/348_coordinate_optimizer_close14_seed21_sources4_txrx45_noise15p3125_objectives,outputs/experiments/348_coordinate_optimizer_close14_seed21_sources4_txrx45_noise15p3125_objectives/data/multi_rebar_coordinate_optimizer_summary.json,skipped,existing valid pulse/noise artifacts,outputs/experiments/348_coordinate_optimizer_close14_seed21_sources4_txrx45_noise15p3125_objectives/figures/source_pulse_noise_context.png,outputs/experiments/348_coordinate_optimizer_close14_seed21_sources4_txrx45_noise15p3125_objectives/data/source_pulse_noise_context_summary.json,outputs/experiments/348_coordinate_optimizer_close14_seed21_sources4_txrx45_noise15p3125_objectives/figures/FIGURE_NOTES.md,2314,1379,1206,0.11700833521063303,4,199755
347,outputs/experiments/347_coordinate_optimizer_close14_seed13_sources4_txrx45_noise15p3125_objectives,outputs/experiments/347_coordinate_optimizer_close14_seed13_sources4_txrx45_noise15p3125_objectives/data/multi_rebar_coordinate_optimizer_summary.json,skipped,existing valid pulse/noise artifacts,outputs/experiments/347_coordinate_optimizer_close14_seed13_sources4_txrx45_noise15p3125_objectives/figures/source_pulse_noise_context.png,outputs/experiments/347_coordinate_optimizer_close14_seed13_sources4_txrx45_noise15p3125_objectives/data/source_pulse_noise_context_summary.json,outputs/experiments/347_coordinate_optimizer_close14_seed13_sources4_txrx45_noise15p3125_objectives/figures/FIGURE_NOTES.md,2314,1379,1203,0.11191709844559586,4,199755
346,outputs/experiments/346_coordinate_optimizer_close14_seed34_sources4_txrx45_noise15p46875_objectives,outputs/experiments/346_coordinate_optimizer_close14_seed34_sources4_txrx45_noise15p46875_objectives/data/multi_rebar_coordinate_optimizer_summary.json,skipped,existing valid pulse/noise artifacts,outputs/experiments/346_coordinate_optimizer_close14_seed34_sources4_txrx45_noise15p46875_objectives/figures/source_pulse_noise_context.png,outputs/experiments/346_coordinate_optimizer_close14_seed34_sources4_txrx45_noise15p46875_objectives/data/source_pulse_noise_context_summary.json,outputs/experiments/346_coordinate_optimizer_close14_seed34_sources4_txrx45_noise15p46875_objectives/figures/FIGURE_NOTES.md,2314,1379,1124,0.11046532001702085,4,199755
345,outputs/experiments/345_coordinate_optimizer_close14_seed34_sources4_txrx45_noise15p3125_objectives,outputs/experiments/345_coordinate_optimizer_close14_seed34_sources4_txrx45_noise15p3125_objectives/data/multi_rebar_coordinate_optimizer_summary.json,skipped,existing valid pulse/noise artifacts,outputs/experiments/345_coordinate_optimizer_close14_seed34_sources4_txrx45_noise15p3125_objectives/figures/source_pulse_noise_context.png,outputs/experiments/345_coordinate_optimizer_close14_seed34_sources4_txrx45_noise15p3125_objectives/data/source_pulse_noise_context_summary.json,outputs/experiments/345_coordinate_optimizer_close14_seed34_sources4_txrx45_noise15p3125_objectives/figures/FIGURE_NOTES.md,2314,1379,1133,0.11026006858401542,4,199755
344,outputs/experiments/344_coordinate_optimizer_close14_seed34_sources4_txrx45_noise15p625_objectives,outputs/experiments/344_coordinate_optimizer_close14_seed34_sources4_txrx45_noise15p625_objectives/data/multi_rebar_coordinate_optimizer_summary.json,skipped,existing valid pulse/noise artifacts,outputs/experiments/344_coordinate_optimizer_close14_seed34_sources4_txrx45_noise15p625_objectives/figures/source_pulse_noise_context.png,outputs/experiments/344_coordinate_optimizer_close14_seed34_sources4_txrx45_noise15p625_objectives/data/source_pulse_noise_context_summary.json,outputs/experiments/344_coordinate_optimizer_close14_seed34_sources4_txrx45_noise15p625_objectives/figures/FIGURE_NOTES.md,2314,1379,1127,0.11035518510174964,4,199755
343,outputs/experiments/343_coordinate_optimizer_close14_seed34_sources4_txrx45_noise16p25_objectives,outputs/experiments/343_coordinate_optimizer_close14_seed34_sources4_txrx45_noise16p25_objectives/data/multi_rebar_coordinate_optimizer_summary.json,skipped,existing valid pulse/noise artifacts,outputs/experiments/343_coordinate_optimizer_close14_seed34_sources4_txrx45_noise16p25_objectives/figures/source_pulse_noise_context.png,outputs/experiments/343_coordinate_optimizer_close14_seed34_sources4_txrx45_noise16p25_objectives/data/source_pulse_noise_context_summary.json,outputs/experiments/343_coordinate_optimizer_close14_seed34_sources4_txrx45_noise16p25_objectives/figures/FIGURE_NOTES.md,2314,1379,1144,0.11014492753623188,4,199755
342,outputs/experiments/342_coordinate_optimizer_close14_seed34_sources4_txrx45_noise17p5_objectives,outputs/experiments/342_coordinate_optimizer_close14_seed34_sources4_txrx45_noise17p5_objectives/data/multi_rebar_coordinate_optimizer_summary.json,skipped,existing valid pulse/noise artifacts,outputs/experiments/342_coordinate_optimizer_close14_seed34_sources4_txrx45_noise17p5_objectives/figures/source_pulse_noise_context.png,outputs/experiments/342_coordinate_optimizer_close14_seed34_sources4_txrx45_noise17p5_objectives/data/source_pulse_noise_context_summary.json,outputs/experiments/342_coordinate_optimizer_close14_seed34_sources4_txrx45_noise17p5_objectives/figures/FIGURE_NOTES.md,2314,1379,1130,0.10996971289830042,4,199755
341,outputs/experiments/341_coordinate_confidence_close14_sources4_txrx45_noise15_seed_replicates,,skipped,no compatible coordinate optimizer summary,,,,,,,,,
340,outputs/experiments/340_coordinate_optimizer_close14_seed21_sources4_txrx45_noise15_objectives,outputs/experiments/340_coordinate_optimizer_close14_seed21_sources4_txrx45_noise15_objectives/data/multi_rebar_coordinate_optimizer_summary.json,skipped,existing valid pulse/noise artifacts,outputs/experiments/340_coordinate_optimizer_close14_seed21_sources4_txrx45_noise15_objectives/figures/source_pulse_noise_context.png,outputs/experiments/340_coordinate_optimizer_close14_seed21_sources4_txrx45_noise15_objectives/data/source_pulse_noise_context_summary.json,outputs/experiments/340_coordinate_optimizer_close14_seed21_sources4_txrx45_noise15_objectives/figures/FIGURE_NOTES.md,2314,1379,1206,0.11626742759880854,4,199755
339,outputs/experiments/339_coordinate_optimizer_close14_seed13_sources4_txrx45_noise15_objectives,outputs/experiments/339_coordinate_optimizer_close14_seed13_sources4_txrx45_noise15_objectives/data/multi_rebar_coordinate_optimizer_summary.json,skipped,existing valid pulse/noise artifacts,outputs/experiments/339_coordinate_optimizer_close14_seed13_sources4_txrx45_noise15_objectives/figures/source_pulse_noise_context.png,outputs/experiments/339_coordinate_optimizer_close14_seed13_sources4_txrx45_noise15_objectives/data/source_pulse_noise_context_summary.json,outputs/experiments/339_coordinate_optimizer_close14_seed13_sources4_txrx45_noise15_objectives/figures/FIGURE_NOTES.md,2314,1379,1208,0.11121623989386999,4,199755
338,outputs/experiments/338_coordinate_optimizer_close14_seed34_sources4_txrx45_noise15_objectives,outputs/experiments/338_coordinate_optimizer_close14_seed34_sources4_txrx45_noise15_objectives/data/multi_rebar_coordinate_optimizer_summary.json,skipped,existing valid pulse/noise artifacts,outputs/experiments/338_coordinate_optimizer_close14_seed34_sources4_txrx45_noise15_objectives/figures/source_pulse_noise_context.png,outputs/experiments/338_coordinate_optimizer_close14_seed34_sources4_txrx45_noise15_objectives/data/source_pulse_noise_context_summary.json,outputs/experiments/338_coordinate_optimizer_close14_seed34_sources4_txrx45_noise15_objectives/figures/FIGURE_NOTES.md,2314,1379,1121,0.10955921003228955,4,199755
337,outputs/experiments/337_coordinate_optimizer_close14_seed34_sources4_txrx45_noise20_objectives,outputs/experiments/337_coordinate_optimizer_close14_seed34_sources4_txrx45_noise20_objectives/data/multi_rebar_coordinate_optimizer_summary.json,skipped,existing valid pulse/noise artifacts,outputs/experiments/337_coordinate_optimizer_close14_seed34_sources4_txrx45_noise20_objectives/figures/source_pulse_noise_context.png,outputs/experiments/337_coordinate_optimizer_close14_seed34_sources4_txrx45_noise20_objectives/data/source_pulse_noise_context_summary.json,outputs/experiments/337_coordinate_optimizer_close14_seed34_sources4_txrx45_noise20_objectives/figures/FIGURE_NOTES.md,2314,1379,1132,0.1096943756101224,4,199755
336,outputs/experiments/336_coordinate_optimizer_close14_seed34_sources3_txrx45_objectives,outputs/experiments/336_coordinate_optimizer_close14_seed34_sources3_txrx45_objectives/data/multi_rebar_coordinate_optimizer_summary.json,skipped,existing valid pulse/noise artifacts,outputs/experiments/336_coordinate_optimizer_close14_seed34_sources3_txrx45_objectives/figures/source_pulse_noise_context.png,outputs/experiments/336_coordinate_optimizer_close14_seed34_sources3_txrx45_objectives/data/source_pulse_noise_context_summary.json,outputs/experiments/336_coordinate_optimizer_close14_seed34_sources3_txrx45_objectives/figures/FIGURE_NOTES.md,2314,1379,1109,0.10868814297514455,4,199755
335,outputs/experiments/335_coordinate_confidence_close14_sources4_txrx45_seed_replicates,,skipped,no compatible coordinate optimizer summary,,,,,,,,,
334,outputs/experiments/334_coordinate_optimizer_close14_seed21_sources4_txrx45_objectives,outputs/experiments/334_coordinate_optimizer_close14_seed21_sources4_txrx45_objectives/data/multi_rebar_coordinate_optimizer_summary.json,skipped,existing valid pulse/noise artifacts,outputs/experiments/334_coordinate_optimizer_close14_seed21_sources4_txrx45_objectives/figures/source_pulse_noise_context.png,outputs/experiments/334_coordinate_optimizer_close14_seed21_sources4_txrx45_objectives/data/source_pulse_noise_context_summary.json,outputs/experiments/334_coordinate_optimizer_close14_seed21_sources4_txrx45_objectives/figures/FIGURE_NOTES.md,2314,1379,1179,0.11554654451703336,4,199755
333,outputs/experiments/333_coordinate_optimizer_close14_seed13_sources4_txrx45_objectives,outputs/experiments/333_coordinate_optimizer_close14_seed13_sources4_txrx45_objectives/data/multi_rebar_coordinate_optimizer_summary.json,skipped,existing valid pulse/noise artifacts,outputs/experiments/333_coordinate_optimizer_close14_seed13_sources4_txrx45_objectives/figures/source_pulse_noise_context.png,outputs/experiments/333_coordinate_optimizer_close14_seed13_sources4_txrx45_objectives/data/source_pulse_noise_context_summary.json,outputs/experiments/333_coordinate_optimizer_close14_seed13_sources4_txrx45_objectives/figures/FIGURE_NOTES.md,2314,1379,1170,0.11041525869189757,4,199755
332,outputs/experiments/332_coordinate_optimizer_close14_seed34_sources4_txrx45_objectives,outputs/experiments/332_coordinate_optimizer_close14_seed34_sources4_txrx45_objectives/data/multi_rebar_coordinate_optimizer_summary.json,skipped,existing valid pulse/noise artifacts,outputs/experiments/332_coordinate_optimizer_close14_seed34_sources4_txrx45_objectives/figures/source_pulse_noise_context.png,outputs/experiments/332_coordinate_optimizer_close14_seed34_sources4_txrx45_objectives/data/source_pulse_noise_context_summary.json,outputs/experiments/332_coordinate_optimizer_close14_seed34_sources4_txrx45_objectives/figures/FIGURE_NOTES.md,2314,1379,1109,0.10872819203524317,4,199755
331,outputs/experiments/331_coordinate_confidence_close15_sources4_txrx45_seed_replicates,,skipped,no compatible coordinate optimizer summary,,,,,,,,,
330,outputs/experiments/330_coordinate_optimizer_close15_seed21_sources4_txrx45_objectives,outputs/experiments/330_coordinate_optimizer_close15_seed21_sources4_txrx45_objectives/data/multi_rebar_coordinate_optimizer_summary.json,skipped,existing valid pulse/noise artifacts,outputs/experiments/330_coordinate_optimizer_close15_seed21_sources4_txrx45_objectives/figures/source_pulse_noise_context.png,outputs/experiments/330_coordinate_optimizer_close15_seed21_sources4_txrx45_objectives/data/source_pulse_noise_context_summary.json,outputs/experiments/330_coordinate_optimizer_close15_seed21_sources4_txrx45_objectives/figures/FIGURE_NOTES.md,2314,1379,1179,0.11556156291457034,4,199755
329,outputs/experiments/329_coordinate_optimizer_close15_seed13_sources4_txrx45_objectives,outputs/experiments/329_coordinate_optimizer_close15_seed13_sources4_txrx45_objectives/data/multi_rebar_coordinate_optimizer_summary.json,skipped,existing valid pulse/noise artifacts,outputs/experiments/329_coordinate_optimizer_close15_seed13_sources4_txrx45_objectives/figures/source_pulse_noise_context.png,outputs/experiments/329_coordinate_optimizer_close15_seed13_sources4_txrx45_objectives/data/source_pulse_noise_context_summary.json,outputs/experiments/329_coordinate_optimizer_close15_seed13_sources4_txrx45_objectives/figures/FIGURE_NOTES.md,2314,1379,1170,0.11042527095692223,4,199755
328,outputs/experiments/328_coordinate_optimizer_close15_seed34_sources4_txrx45_objectives,outputs/experiments/328_coordinate_optimizer_close15_seed34_sources4_txrx45_objectives/data/multi_rebar_coordinate_optimizer_summary.json,skipped,existing valid pulse/noise artifacts,outputs/experiments/328_coordinate_optimizer_close15_seed34_sources4_txrx45_objectives/figures/source_pulse_noise_context.png,outputs/experiments/328_coordinate_optimizer_close15_seed34_sources4_txrx45_objectives/data/source_pulse_noise_context_summary.json,outputs/experiments/328_coordinate_optimizer_close15_seed34_sources4_txrx45_objectives/figures/FIGURE_NOTES.md,2314,1379,1109,0.10874821656529249,4,199755
327,outputs/experiments/327_coordinate_confidence_close20_sources4_txrx45_seed_replicates,,skipped,no compatible coordinate optimizer summary,,,,,,,,,
326,outputs/experiments/326_coordinate_optimizer_close20_seed21_sources4_txrx45_objectives,outputs/experiments/326_coordinate_optimizer_close20_seed21_sources4_txrx45_objectives/data/multi_rebar_coordinate_optimizer_summary.json,skipped,existing valid pulse/noise artifacts,outputs/experiments/326_coordinate_optimizer_close20_seed21_sources4_txrx45_objectives/figures/source_pulse_noise_context.png,outputs/experiments/326_coordinate_optimizer_close20_seed21_sources4_txrx45_objectives/data/source_pulse_noise_context_summary.json,outputs/experiments/326_coordinate_optimizer_close20_seed21_sources4_txrx45_objectives/figures/FIGURE_NOTES.md,2314,1379,1180,0.11554153838452104,4,199755
325,outputs/experiments/325_coordinate_optimizer_close20_seed13_sources4_txrx45_objectives,outputs/experiments/325_coordinate_optimizer_close20_seed13_sources4_txrx45_objectives/data/multi_rebar_coordinate_optimizer_summary.json,skipped,existing valid pulse/noise artifacts,outputs/experiments/325_coordinate_optimizer_close20_seed13_sources4_txrx45_objectives/figures/source_pulse_noise_context.png,outputs/experiments/325_coordinate_optimizer_close20_seed13_sources4_txrx45_objectives/data/source_pulse_noise_context_summary.json,outputs/experiments/325_coordinate_optimizer_close20_seed13_sources4_txrx45_objectives/figures/FIGURE_NOTES.md,2314,1379,1171,0.11038522189682361,4,199755
324,outputs/experiments/324_coordinate_optimizer_close20_seed34_sources4_txrx45_objectives,outputs/experiments/324_coordinate_optimizer_close20_seed34_sources4_txrx45_objectives/data/multi_rebar_coordinate_optimizer_summary.json,skipped,existing valid pulse/noise artifacts,outputs/experiments/324_coordinate_optimizer_close20_seed34_sources4_txrx45_objectives/figures/source_pulse_noise_context.png,outputs/experiments/324_coordinate_optimizer_close20_seed34_sources4_txrx45_objectives/data/source_pulse_noise_context_summary.json,outputs/experiments/324_coordinate_optimizer_close20_seed34_sources4_txrx45_objectives/figures/FIGURE_NOTES.md,2314,1379,1109,0.10871817977021851,4,199755
323,outputs/experiments/323_coordinate_confidence_close25_sources4_txrx45_seed_replicates,,skipped,no compatible coordinate optimizer summary,,,,,,,,,
322,outputs/experiments/322_coordinate_optimizer_close25_seed21_sources4_txrx45_objectives,outputs/experiments/322_coordinate_optimizer_close25_seed21_sources4_txrx45_objectives/data/multi_rebar_coordinate_optimizer_summary.json,skipped,existing valid pulse/noise artifacts,outputs/experiments/322_coordinate_optimizer_close25_seed21_sources4_txrx45_objectives/figures/source_pulse_noise_context.png,outputs/experiments/322_coordinate_optimizer_close25_seed21_sources4_txrx45_objectives/data/source_pulse_noise_context_summary.json,outputs/experiments/322_coordinate_optimizer_close25_seed21_sources4_txrx45_objectives/figures/FIGURE_NOTES.md,2314,1379,1179,0.11551150158944708,4,199755
321,outputs/experiments/321_coordinate_optimizer_close25_seed13_sources4_txrx45_objectives,outputs/experiments/321_coordinate_optimizer_close25_seed13_sources4_txrx45_objectives/data/multi_rebar_coordinate_optimizer_summary.json,skipped,existing valid pulse/noise artifacts,outputs/experiments/321_coordinate_optimizer_close25_seed13_sources4_txrx45_objectives/figures/source_pulse_noise_context.png,outputs/experiments/321_coordinate_optimizer_close25_seed13_sources4_txrx45_objectives/data/source_pulse_noise_context_summary.json,outputs/experiments/321_coordinate_optimizer_close25_seed13_sources4_txrx45_objectives/figures/FIGURE_NOTES.md,2314,1379,1170,0.11045530775199619,4,199755
320,outputs/experiments/320_coordinate_optimizer_close25_seed34_sources4_txrx45_objectives,outputs/experiments/320_coordinate_optimizer_close25_seed34_sources4_txrx45_objectives/data/multi_rebar_coordinate_optimizer_summary.json,skipped,existing valid pulse/noise artifacts,outputs/experiments/320_coordinate_optimizer_close25_seed34_sources4_txrx45_objectives/figures/source_pulse_noise_context.png,outputs/experiments/320_coordinate_optimizer_close25_seed34_sources4_txrx45_objectives/data/source_pulse_noise_context_summary.json,outputs/experiments/320_coordinate_optimizer_close25_seed34_sources4_txrx45_objectives/figures/FIGURE_NOTES.md,2314,1379,1109,0.10871317363770619,4,199755
319,outputs/experiments/319_coordinate_confidence_close28_sources4_txrx45_seed_replicates,,skipped,no compatible coordinate optimizer summary,,,,,,,,,
318,outputs/experiments/318_coordinate_optimizer_close28_seed21_sources4_txrx45_objectives,outputs/experiments/318_coordinate_optimizer_close28_seed21_sources4_txrx45_objectives/data/multi_rebar_coordinate_optimizer_summary.json,skipped,existing valid pulse/noise artifacts,outputs/experiments/318_coordinate_optimizer_close28_seed21_sources4_txrx45_objectives/figures/source_pulse_noise_context.png,outputs/experiments/318_coordinate_optimizer_close28_seed21_sources4_txrx45_objectives/data/source_pulse_noise_context_summary.json,outputs/experiments/318_coordinate_optimizer_close28_seed21_sources4_txrx45_objectives/figures/FIGURE_NOTES.md,2314,1379,1179,0.11547145252934846,4,199755
317,outputs/experiments/317_coordinate_optimizer_close28_seed13_sources4_txrx45_objectives,outputs/experiments/317_coordinate_optimizer_close28_seed13_sources4_txrx45_objectives/data/multi_rebar_coordinate_optimizer_summary.json,skipped,existing valid pulse/noise artifacts,outputs/experiments/317_coordinate_optimizer_close28_seed13_sources4_txrx45_objectives/figures/source_pulse_noise_context.png,outputs/experiments/317_coordinate_optimizer_close28_seed13_sources4_txrx45_objectives/data/source_pulse_noise_context_summary.json,outputs/experiments/317_coordinate_optimizer_close28_seed13_sources4_txrx45_objectives/figures/FIGURE_NOTES.md,2314,1379,1170,0.11039523416184827,4,199755
316,outputs/experiments/316_coordinate_optimizer_close28_seed34_sources4_txrx45_objectives,outputs/experiments/316_coordinate_optimizer_close28_seed34_sources4_txrx45_objectives/data/multi_rebar_coordinate_optimizer_summary.json,skipped,existing valid pulse/noise artifacts,outputs/experiments/316_coordinate_optimizer_close28_seed34_sources4_txrx45_objectives/figures/source_pulse_noise_context.png,outputs/experiments/316_coordinate_optimizer_close28_seed34_sources4_txrx45_objectives/data/source_pulse_noise_context_summary.json,outputs/experiments/316_coordinate_optimizer_close28_seed34_sources4_txrx45_objectives/figures/FIGURE_NOTES.md,2314,1379,1109,0.10867312457760757,4,199755
315,outputs/experiments/315_coordinate_optimizer_close28_seed34_sources4_txrx40_objectives,outputs/experiments/315_coordinate_optimizer_close28_seed34_sources4_txrx40_objectives/data/multi_rebar_coordinate_optimizer_summary.json,skipped,existing valid pulse/noise artifacts,outputs/experiments/315_coordinate_optimizer_close28_seed34_sources4_txrx40_objectives/figures/source_pulse_noise_context.png,outputs/experiments/315_coordinate_optimizer_close28_seed34_sources4_txrx40_objectives/data/source_pulse_noise_context_summary.json,outputs/experiments/315_coordinate_optimizer_close28_seed34_sources4_txrx40_objectives/figures/FIGURE_NOTES.md,2314,1379,1109,0.10879327175790343,4,199755
314,outputs/experiments/314_coordinate_confidence_close28_sources4_txrx35_seed_replicates,,skipped,no compatible coordinate optimizer summary,,,,,,,,,
313,outputs/experiments/313_coordinate_optimizer_close28_seed21_sources4_txrx35_objectives,outputs/experiments/313_coordinate_optimizer_close28_seed21_sources4_txrx35_objectives/data/multi_rebar_coordinate_optimizer_summary.json,skipped,existing valid pulse/noise artifacts,outputs/experiments/313_coordinate_optimizer_close28_seed21_sources4_txrx35_objectives/figures/source_pulse_noise_context.png,outputs/experiments/313_coordinate_optimizer_close28_seed21_sources4_txrx35_objectives/data/source_pulse_noise_context_summary.json,outputs/experiments/313_coordinate_optimizer_close28_seed21_sources4_txrx35_objectives/figures/FIGURE_NOTES.md,2314,1379,1179,0.1155515506495457,4,199755
312,outputs/experiments/312_coordinate_optimizer_close28_seed13_sources4_txrx35_objectives,outputs/experiments/312_coordinate_optimizer_close28_seed13_sources4_txrx35_objectives/data/multi_rebar_coordinate_optimizer_summary.json,skipped,existing valid pulse/noise artifacts,outputs/experiments/312_coordinate_optimizer_close28_seed13_sources4_txrx35_objectives/figures/source_pulse_noise_context.png,outputs/experiments/312_coordinate_optimizer_close28_seed13_sources4_txrx35_objectives/data/source_pulse_noise_context_summary.json,outputs/experiments/312_coordinate_optimizer_close28_seed13_sources4_txrx35_objectives/figures/FIGURE_NOTES.md,2314,1379,1170,0.11045030161948387,4,199755
311,outputs/experiments/311_coordinate_optimizer_close28_seed34_sources4_txrx35_objectives,outputs/experiments/311_coordinate_optimizer_close28_seed34_sources4_txrx35_objectives/data/multi_rebar_coordinate_optimizer_summary.json,skipped,existing valid pulse/noise artifacts,outputs/experiments/311_coordinate_optimizer_close28_seed34_sources4_txrx35_objectives/figures/source_pulse_noise_context.png,outputs/experiments/311_coordinate_optimizer_close28_seed34_sources4_txrx35_objectives/data/source_pulse_noise_context_summary.json,outputs/experiments/311_coordinate_optimizer_close28_seed34_sources4_txrx35_objectives/figures/FIGURE_NOTES.md,2314,1379,1109,0.10871317363770619,4,199755
310,outputs/experiments/310_coordinate_confidence_close25_sources4_txrx40_seed_replicates,,skipped,no compatible coordinate optimizer summary,,,,,,,,,
309,outputs/experiments/309_coordinate_optimizer_close25_seed21_sources4_txrx40_objectives,outputs/experiments/309_coordinate_optimizer_close25_seed21_sources4_txrx40_objectives/data/multi_rebar_coordinate_optimizer_summary.json,skipped,existing valid pulse/noise artifacts,outputs/experiments/309_coordinate_optimizer_close25_seed21_sources4_txrx40_objectives/figures/source_pulse_noise_context.png,outputs/experiments/309_coordinate_optimizer_close25_seed21_sources4_txrx40_objectives/data/source_pulse_noise_context_summary.json,outputs/experiments/309_coordinate_optimizer_close25_seed21_sources4_txrx40_objectives/figures/FIGURE_NOTES.md,2314,1379,1180,0.11558659357713198,4,199755
308,outputs/experiments/308_coordinate_optimizer_close25_seed13_sources4_txrx40_objectives,outputs/experiments/308_coordinate_optimizer_close25_seed13_sources4_txrx40_objectives/data/multi_rebar_coordinate_optimizer_summary.json,skipped,existing valid pulse/noise artifacts,outputs/experiments/308_coordinate_optimizer_close25_seed13_sources4_txrx40_objectives/figures/source_pulse_noise_context.png,outputs/experiments/308_coordinate_optimizer_close25_seed13_sources4_txrx40_objectives/data/source_pulse_noise_context_summary.json,outputs/experiments/308_coordinate_optimizer_close25_seed13_sources4_txrx40_objectives/figures/FIGURE_NOTES.md,2314,1379,1171,0.11052038747465645,4,199755
307,outputs/experiments/307_coordinate_optimizer_close25_seed34_sources4_txrx40_objectives,outputs/experiments/307_coordinate_optimizer_close25_seed34_sources4_txrx40_objectives/data/multi_rebar_coordinate_optimizer_summary.json,skipped,existing valid pulse/noise artifacts,outputs/experiments/307_coordinate_optimizer_close25_seed34_sources4_txrx40_objectives/figures/source_pulse_noise_context.png,outputs/experiments/307_coordinate_optimizer_close25_seed34_sources4_txrx40_objectives/data/source_pulse_noise_context_summary.json,outputs/experiments/307_coordinate_optimizer_close25_seed34_sources4_txrx40_objectives/figures/FIGURE_NOTES.md,2314,1379,1109,0.10879327175790343,4,199755
306,outputs/experiments/306_coordinate_optimizer_close25_seed34_sources4_txrx35_objectives,outputs/experiments/306_coordinate_optimizer_close25_seed34_sources4_txrx35_objectives/data/multi_rebar_coordinate_optimizer_summary.json,skipped,existing valid pulse/noise artifacts,outputs/experiments/306_coordinate_optimizer_close25_seed34_sources4_txrx35_objectives/figures/source_pulse_noise_context.png,outputs/experiments/306_coordinate_optimizer_close25_seed34_sources4_txrx35_objectives/data/source_pulse_noise_context_summary.json,outputs/experiments/306_coordinate_optimizer_close25_seed34_sources4_txrx35_objectives/figures/FIGURE_NOTES.md,2314,1379,1109,0.10874821656529249,4,199755
305,outputs/experiments/305_coordinate_confidence_close30_sources4_txrx35_seed_replicates,,skipped,no compatible coordinate optimizer summary,,,,,,,,,
304,outputs/experiments/304_coordinate_optimizer_close30_seed21_sources4_txrx35_objectives,outputs/experiments/304_coordinate_optimizer_close30_seed21_sources4_txrx35_objectives/data/multi_rebar_coordinate_optimizer_summary.json,skipped,existing valid pulse/noise artifacts,outputs/experiments/304_coordinate_optimizer_close30_seed21_sources4_txrx35_objectives/figures/source_pulse_noise_context.png,outputs/experiments/304_coordinate_optimizer_close30_seed21_sources4_txrx35_objectives/data/source_pulse_noise_context_summary.json,outputs/experiments/304_coordinate_optimizer_close30_seed21_sources4_txrx35_objectives/figures/FIGURE_NOTES.md,2314,1379,1180,0.11552151385447172,4,199755
303,outputs/experiments/303_coordinate_optimizer_close30_seed13_sources4_txrx35_objectives,outputs/experiments/303_coordinate_optimizer_close30_seed13_sources4_txrx35_objectives/data/multi_rebar_coordinate_optimizer_summary.json,skipped,existing valid pulse/noise artifacts,outputs/experiments/303_coordinate_optimizer_close30_seed13_sources4_txrx35_objectives/figures/source_pulse_noise_context.png,outputs/experiments/303_coordinate_optimizer_close30_seed13_sources4_txrx35_objectives/data/source_pulse_noise_context_summary.json,outputs/experiments/303_coordinate_optimizer_close30_seed13_sources4_txrx35_objectives/figures/FIGURE_NOTES.md,2314,1379,1171,0.11044529548697155,4,199755
302,outputs/experiments/302_coordinate_optimizer_close30_seed34_sources4_txrx35_objectives,outputs/experiments/302_coordinate_optimizer_close30_seed34_sources4_txrx35_objectives/data/multi_rebar_coordinate_optimizer_summary.json,skipped,existing valid pulse/noise artifacts,outputs/experiments/302_coordinate_optimizer_close30_seed34_sources4_txrx35_objectives/figures/source_pulse_noise_context.png,outputs/experiments/302_coordinate_optimizer_close30_seed34_sources4_txrx35_objectives/data/source_pulse_noise_context_summary.json,outputs/experiments/302_coordinate_optimizer_close30_seed34_sources4_txrx35_objectives/figures/FIGURE_NOTES.md,2314,1379,1109,0.10872318590273085,4,199755
301,outputs/experiments/301_coordinate_confidence_close35_sources4_txrx35_seed_replicates,,skipped,no compatible coordinate optimizer summary,,,,,,,,,
300,outputs/experiments/300_coordinate_optimizer_close35_seed21_sources4_txrx35_objectives,outputs/experiments/300_coordinate_optimizer_close35_seed21_sources4_txrx35_objectives/data/multi_rebar_coordinate_optimizer_summary.json,skipped,existing valid pulse/noise artifacts,outputs/experiments/300_coordinate_optimizer_close35_seed21_sources4_txrx35_objectives/figures/source_pulse_noise_context.png,outputs/experiments/300_coordinate_optimizer_close35_seed21_sources4_txrx35_objectives/data/source_pulse_noise_context_summary.json,outputs/experiments/300_coordinate_optimizer_close35_seed21_sources4_txrx35_objectives/figures/FIGURE_NOTES.md,2314,1379,1179,0.11556156291457034,4,199755
299,outputs/experiments/299_coordinate_optimizer_close35_seed13_sources4_txrx35_objectives,outputs/experiments/299_coordinate_optimizer_close35_seed13_sources4_txrx35_objectives/data/multi_rebar_coordinate_optimizer_summary.json,skipped,existing valid pulse/noise artifacts,outputs/experiments/299_coordinate_optimizer_close35_seed13_sources4_txrx35_objectives/figures/source_pulse_noise_context.png,outputs/experiments/299_coordinate_optimizer_close35_seed13_sources4_txrx35_objectives/data/source_pulse_noise_context_summary.json,outputs/experiments/299_coordinate_optimizer_close35_seed13_sources4_txrx35_objectives/figures/FIGURE_NOTES.md,2314,1379,1170,0.11049035067958249,4,199755
298,outputs/experiments/298_coordinate_optimizer_close35_seed34_sources4_txrx35_objectives,outputs/experiments/298_coordinate_optimizer_close35_seed34_sources4_txrx35_objectives/data/multi_rebar_coordinate_optimizer_summary.json,skipped,existing valid pulse/noise artifacts,outputs/experiments/298_coordinate_optimizer_close35_seed34_sources4_txrx35_objectives/figures/source_pulse_noise_context.png,outputs/experiments/298_coordinate_optimizer_close35_seed34_sources4_txrx35_objectives/data/source_pulse_noise_context_summary.json,outputs/experiments/298_coordinate_optimizer_close35_seed34_sources4_txrx35_objectives/figures/FIGURE_NOTES.md,2314,1379,1109,0.10875822883031713,4,199755
297,outputs/experiments/297_coordinate_confidence_close40_sources4_txrx35_seed_replicates,,skipped,no compatible coordinate optimizer summary,,,,,,,,,
296,outputs/experiments/296_coordinate_optimizer_close40_seed21_sources4_txrx35_objectives,outputs/experiments/296_coordinate_optimizer_close40_seed21_sources4_txrx35_objectives/data/multi_rebar_coordinate_optimizer_summary.json,skipped,existing valid pulse/noise artifacts,outputs/experiments/296_coordinate_optimizer_close40_seed21_sources4_txrx35_objectives/figures/source_pulse_noise_context.png,outputs/experiments/296_coordinate_optimizer_close40_seed21_sources4_txrx35_objectives/data/source_pulse_noise_context_summary.json,outputs/experiments/296_coordinate_optimizer_close40_seed21_sources4_txrx35_objectives/figures/FIGURE_NOTES.md,2314,1379,1180,0.11549147705939776,4,199755
295,outputs/experiments/295_coordinate_optimizer_close40_seed13_sources4_txrx35_objectives,outputs/experiments/295_coordinate_optimizer_close40_seed13_sources4_txrx35_objectives/data/multi_rebar_coordinate_optimizer_summary.json,skipped,existing valid pulse/noise artifacts,outputs/experiments/295_coordinate_optimizer_close40_seed13_sources4_txrx35_objectives/figures/source_pulse_noise_context.png,outputs/experiments/295_coordinate_optimizer_close40_seed13_sources4_txrx35_objectives/data/source_pulse_noise_context_summary.json,outputs/experiments/295_coordinate_optimizer_close40_seed13_sources4_txrx35_objectives/figures/FIGURE_NOTES.md,2314,1379,1171,0.11041025255938525,4,199755
294,outputs/experiments/294_coordinate_optimizer_close40_seed34_sources4_txrx35_objectives,outputs/experiments/294_coordinate_optimizer_close40_seed34_sources4_txrx35_objectives/data/multi_rebar_coordinate_optimizer_summary.json,skipped,existing valid pulse/noise artifacts,outputs/experiments/294_coordinate_optimizer_close40_seed34_sources4_txrx35_objectives/figures/source_pulse_noise_context.png,outputs/experiments/294_coordinate_optimizer_close40_seed34_sources4_txrx35_objectives/data/source_pulse_noise_context_summary.json,outputs/experiments/294_coordinate_optimizer_close40_seed34_sources4_txrx35_objectives/figures/FIGURE_NOTES.md,2314,1379,1109,0.10871317363770619,4,199755
293,outputs/experiments/293_coordinate_confidence_close45_sources4_txrx35_seed_replicates,,skipped,no compatible coordinate optimizer summary,,,,,,,,,
292,outputs/experiments/292_coordinate_optimizer_close45_seed21_sources4_txrx35_objectives,outputs/experiments/292_coordinate_optimizer_close45_seed21_sources4_txrx35_objectives/data/multi_rebar_coordinate_optimizer_summary.json,skipped,existing valid pulse/noise artifacts,outputs/experiments/292_coordinate_optimizer_close45_seed21_sources4_txrx35_objectives/figures/source_pulse_noise_context.png,outputs/experiments/292_coordinate_optimizer_close45_seed21_sources4_txrx35_objectives/data/source_pulse_noise_context_summary.json,outputs/experiments/292_coordinate_optimizer_close45_seed21_sources4_txrx35_objectives/figures/FIGURE_NOTES.md,2314,1379,1179,0.11557658131210734,4,199755
291,outputs/experiments/291_coordinate_optimizer_close45_seed13_sources4_txrx35_objectives,outputs/experiments/291_coordinate_optimizer_close45_seed13_sources4_txrx35_objectives/data/multi_rebar_coordinate_optimizer_summary.json,skipped,existing valid pulse/noise artifacts,outputs/experiments/291_coordinate_optimizer_close45_seed13_sources4_txrx35_objectives/figures/source_pulse_noise_context.png,outputs/experiments/291_coordinate_optimizer_close45_seed13_sources4_txrx35_objectives/data/source_pulse_noise_context_summary.json,outputs/experiments/291_coordinate_optimizer_close45_seed13_sources4_txrx35_objectives/figures/FIGURE_NOTES.md,2314,1379,1170,0.11049035067958249,4,199755
290,outputs/experiments/290_coordinate_optimizer_close45_seed34_sources4_txrx35_objectives,outputs/experiments/290_coordinate_optimizer_close45_seed34_sources4_txrx35_objectives/data/multi_rebar_coordinate_optimizer_summary.json,skipped,existing valid pulse/noise artifacts,outputs/experiments/290_coordinate_optimizer_close45_seed34_sources4_txrx35_objectives/figures/source_pulse_noise_context.png,outputs/experiments/290_coordinate_optimizer_close45_seed34_sources4_txrx35_objectives/data/source_pulse_noise_context_summary.json,outputs/experiments/290_coordinate_optimizer_close45_seed34_sources4_txrx35_objectives/figures/FIGURE_NOTES.md,2314,1379,1109,0.10876824109534179,4,199755
289,outputs/experiments/289_coordinate_confidence_close50_sources4_txrx35_seed_replicates,,skipped,no compatible coordinate optimizer summary,,,,,,,,,
288,outputs/experiments/288_coordinate_optimizer_close50_seed21_sources4_txrx35_objectives,outputs/experiments/288_coordinate_optimizer_close50_seed21_sources4_txrx35_objectives/data/multi_rebar_coordinate_optimizer_summary.json,skipped,existing valid pulse/noise artifacts,outputs/experiments/288_coordinate_optimizer_close50_seed21_sources4_txrx35_objectives/figures/source_pulse_noise_context.png,outputs/experiments/288_coordinate_optimizer_close50_seed21_sources4_txrx35_objectives/data/source_pulse_noise_context_summary.json,outputs/experiments/288_coordinate_optimizer_close50_seed21_sources4_txrx35_objectives/figures/FIGURE_NOTES.md,2314,1379,1179,0.11545142799929914,4,199755
287,outputs/experiments/287_coordinate_optimizer_close50_seed13_sources4_txrx35_objectives,outputs/experiments/287_coordinate_optimizer_close50_seed13_sources4_txrx35_objectives/data/multi_rebar_coordinate_optimizer_summary.json,skipped,existing valid pulse/noise artifacts,outputs/experiments/287_coordinate_optimizer_close50_seed13_sources4_txrx35_objectives/figures/source_pulse_noise_context.png,outputs/experiments/287_coordinate_optimizer_close50_seed13_sources4_txrx35_objectives/data/source_pulse_noise_context_summary.json,outputs/experiments/287_coordinate_optimizer_close50_seed13_sources4_txrx35_objectives/figures/FIGURE_NOTES.md,2314,1379,1170,0.11039022802933594,4,199755
286,outputs/experiments/286_coordinate_optimizer_close50_seed34_sources4_txrx35_objectives,outputs/experiments/286_coordinate_optimizer_close50_seed34_sources4_txrx35_objectives/data/multi_rebar_coordinate_optimizer_summary.json,skipped,existing valid pulse/noise artifacts,outputs/experiments/286_coordinate_optimizer_close50_seed34_sources4_txrx35_objectives/figures/source_pulse_noise_context.png,outputs/experiments/286_coordinate_optimizer_close50_seed34_sources4_txrx35_objectives/data/source_pulse_noise_context_summary.json,outputs/experiments/286_coordinate_optimizer_close50_seed34_sources4_txrx35_objectives/figures/FIGURE_NOTES.md,2314,1379,1109,0.10867813071011989,4,199755
285,outputs/experiments/285_coordinate_optimizer_close50_seed34_sources4_txrx25_objectives,outputs/experiments/285_coordinate_optimizer_close50_seed34_sources4_txrx25_objectives/data/multi_rebar_coordinate_optimizer_summary.json,skipped,existing valid pulse/noise artifacts,outputs/experiments/285_coordinate_optimizer_close50_seed34_sources4_txrx25_objectives/figures/source_pulse_noise_context.png,outputs/experiments/285_coordinate_optimizer_close50_seed34_sources4_txrx25_objectives/data/source_pulse_noise_context_summary.json,outputs/experiments/285_coordinate_optimizer_close50_seed34_sources4_txrx25_objectives/figures/FIGURE_NOTES.md,2314,1379,1109,0.10871817977021851,4,199755
284,outputs/experiments/284_coordinate_confidence_close50_sources4_txrx30_seed_replicates,,skipped,no compatible coordinate optimizer summary,,,,,,,,,
283,outputs/experiments/283_coordinate_optimizer_close50_seed21_sources4_txrx30_objectives,outputs/experiments/283_coordinate_optimizer_close50_seed21_sources4_txrx30_objectives/data/multi_rebar_coordinate_optimizer_summary.json,skipped,existing valid pulse/noise artifacts,outputs/experiments/283_coordinate_optimizer_close50_seed21_sources4_txrx30_objectives/figures/source_pulse_noise_context.png,outputs/experiments/283_coordinate_optimizer_close50_seed21_sources4_txrx30_objectives/data/source_pulse_noise_context_summary.json,outputs/experiments/283_coordinate_optimizer_close50_seed21_sources4_txrx30_objectives/figures/FIGURE_NOTES.md,2314,1379,1179,0.1156817100948662,4,199755
282,outputs/experiments/282_coordinate_optimizer_close50_seed13_sources4_txrx30_objectives,outputs/experiments/282_coordinate_optimizer_close50_seed13_sources4_txrx30_objectives/data/multi_rebar_coordinate_optimizer_summary.json,skipped,existing valid pulse/noise artifacts,outputs/experiments/282_coordinate_optimizer_close50_seed13_sources4_txrx30_objectives/figures/source_pulse_noise_context.png,outputs/experiments/282_coordinate_optimizer_close50_seed13_sources4_txrx30_objectives/data/source_pulse_noise_context_summary.json,outputs/experiments/282_coordinate_optimizer_close50_seed13_sources4_txrx30_objectives/figures/FIGURE_NOTES.md,2314,1379,1170,0.11060048559485369,4,199755
281,outputs/experiments/281_coordinate_optimizer_close50_seed34_sources4_txrx30_objectives,outputs/experiments/281_coordinate_optimizer_close50_seed34_sources4_txrx30_objectives/data/multi_rebar_coordinate_optimizer_summary.json,skipped,existing valid pulse/noise artifacts,outputs/experiments/281_coordinate_optimizer_close50_seed34_sources4_txrx30_objectives/figures/source_pulse_noise_context.png,outputs/experiments/281_coordinate_optimizer_close50_seed34_sources4_txrx30_objectives/data/source_pulse_noise_context_summary.json,outputs/experiments/281_coordinate_optimizer_close50_seed34_sources4_txrx30_objectives/figures/FIGURE_NOTES.md,2314,1379,1109,0.10885334534805137,4,199755
280,outputs/experiments/280_coordinate_confidence_close50_sources4_txrx40_seed_replicates,,skipped,no compatible coordinate optimizer summary,,,,,,,,,
279,outputs/experiments/279_coordinate_optimizer_close50_seed21_sources4_txrx40_objectives,outputs/experiments/279_coordinate_optimizer_close50_seed21_sources4_txrx40_objectives/data/multi_rebar_coordinate_optimizer_summary.json,skipped,existing valid pulse/noise artifacts,outputs/experiments/279_coordinate_optimizer_close50_seed21_sources4_txrx40_objectives/figures/source_pulse_noise_context.png,outputs/experiments/279_coordinate_optimizer_close50_seed21_sources4_txrx40_objectives/data/source_pulse_noise_context_summary.json,outputs/experiments/279_coordinate_optimizer_close50_seed21_sources4_txrx40_objectives/figures/FIGURE_NOTES.md,2314,1379,1179,0.11557658131210734,4,199755
278,outputs/experiments/278_coordinate_optimizer_close50_seed13_sources4_txrx40_objectives,outputs/experiments/278_coordinate_optimizer_close50_seed13_sources4_txrx40_objectives/data/multi_rebar_coordinate_optimizer_summary.json,skipped,existing valid pulse/noise artifacts,outputs/experiments/278_coordinate_optimizer_close50_seed13_sources4_txrx40_objectives/figures/source_pulse_noise_context.png,outputs/experiments/278_coordinate_optimizer_close50_seed13_sources4_txrx40_objectives/data/source_pulse_noise_context_summary.json,outputs/experiments/278_coordinate_optimizer_close50_seed13_sources4_txrx40_objectives/figures/FIGURE_NOTES.md,2314,1379,1170,0.11044028935445921,4,199755
277,outputs/experiments/277_coordinate_confidence_aggregate_close50_txrx40_sources3_4_5_seed34,,skipped,no compatible coordinate optimizer summary,,,,,,,,,
276,outputs/experiments/276_coordinate_optimizer_close50_seed34_sources4_txrx40_objectives,outputs/experiments/276_coordinate_optimizer_close50_seed34_sources4_txrx40_objectives/data/multi_rebar_coordinate_optimizer_summary.json,skipped,existing valid pulse/noise artifacts,outputs/experiments/276_coordinate_optimizer_close50_seed34_sources4_txrx40_objectives/figures/source_pulse_noise_context.png,outputs/experiments/276_coordinate_optimizer_close50_seed34_sources4_txrx40_objectives/data/source_pulse_noise_context_summary.json,outputs/experiments/276_coordinate_optimizer_close50_seed34_sources4_txrx40_objectives/figures/FIGURE_NOTES.md,2314,1379,1109,0.10874821656529249,4,199755
275,outputs/experiments/275_coordinate_confidence_aggregate_close50_txrx40_sources3_vs5_seed34,,skipped,no compatible coordinate optimizer summary,,,,,,,,,
274,outputs/experiments/274_coordinate_optimizer_close50_seed34_sources3_txrx40_objectives,outputs/experiments/274_coordinate_optimizer_close50_seed34_sources3_txrx40_objectives/data/multi_rebar_coordinate_optimizer_summary.json,skipped,existing valid pulse/noise artifacts,outputs/experiments/274_coordinate_optimizer_close50_seed34_sources3_txrx40_objectives/figures/source_pulse_noise_context.png,outputs/experiments/274_coordinate_optimizer_close50_seed34_sources3_txrx40_objectives/data/source_pulse_noise_context_summary.json,outputs/experiments/274_coordinate_optimizer_close50_seed34_sources3_txrx40_objectives/figures/FIGURE_NOTES.md,2314,1379,1109,0.10878325949287877,4,199755
273,outputs/experiments/273_coordinate_confidence_aggregate_close50_txrx20_vs_txrx40_sources5,,skipped,no compatible coordinate optimizer summary,,,,,,,,,
272,outputs/experiments/272_variable_radius_staged_pipeline_acquisition_metadata_smoke,,skipped,no compatible coordinate optimizer summary,,,,,,,,,
271,outputs/experiments/271_close50_txrx40_seed_replication_summary,,skipped,no compatible coordinate optimizer summary,,,,,,,,,
270,outputs/experiments/270_coordinate_optimizer_close50_seed21_sources5_txrx40_objectives,outputs/experiments/270_coordinate_optimizer_close50_seed21_sources5_txrx40_objectives/data/multi_rebar_coordinate_optimizer_summary.json,skipped,existing valid pulse/noise artifacts,outputs/experiments/270_coordinate_optimizer_close50_seed21_sources5_txrx40_objectives/figures/source_pulse_noise_context.png,outputs/experiments/270_coordinate_optimizer_close50_seed21_sources5_txrx40_objectives/data/source_pulse_noise_context_summary.json,outputs/experiments/270_coordinate_optimizer_close50_seed21_sources5_txrx40_objectives/figures/FIGURE_NOTES.md,2314,1379,1180,0.11563665490225526,4,199755
269,outputs/experiments/269_coordinate_optimizer_close50_seed13_sources5_txrx40_objectives,outputs/experiments/269_coordinate_optimizer_close50_seed13_sources5_txrx40_objectives/data/multi_rebar_coordinate_optimizer_summary.json,skipped,existing valid pulse/noise artifacts,outputs/experiments/269_coordinate_optimizer_close50_seed13_sources5_txrx40_objectives/figures/source_pulse_noise_context.png,outputs/experiments/269_coordinate_optimizer_close50_seed13_sources5_txrx40_objectives/data/source_pulse_noise_context_summary.json,outputs/experiments/269_coordinate_optimizer_close50_seed13_sources5_txrx40_objectives/figures/FIGURE_NOTES.md,2314,1379,1171,0.11055543040224275,4,199755
268,outputs/experiments/268_close50_txrx_offset_objective_gap_summary,,skipped,no compatible coordinate optimizer summary,,,,,,,,,
267,outputs/experiments/267_coordinate_optimizer_close50_seed34_sources5_txrx40_objectives,outputs/experiments/267_coordinate_optimizer_close50_seed34_sources5_txrx40_objectives/data/multi_rebar_coordinate_optimizer_summary.json,skipped,existing valid pulse/noise artifacts,outputs/experiments/267_coordinate_optimizer_close50_seed34_sources5_txrx40_objectives/figures/source_pulse_noise_context.png,outputs/experiments/267_coordinate_optimizer_close50_seed34_sources5_txrx40_objectives/data/source_pulse_noise_context_summary.json,outputs/experiments/267_coordinate_optimizer_close50_seed34_sources5_txrx40_objectives/figures/FIGURE_NOTES.md,2314,1379,1109,0.10884333308302671,4,199755
266,outputs/experiments/266_coordinate_optimizer_txrx_offset_reporting_smoke,outputs/experiments/266_coordinate_optimizer_txrx_offset_reporting_smoke/data/multi_rebar_coordinate_optimizer_summary.json,skipped,existing valid pulse/noise artifacts,outputs/experiments/266_coordinate_optimizer_txrx_offset_reporting_smoke/figures/source_pulse_noise_context.png,outputs/experiments/266_coordinate_optimizer_txrx_offset_reporting_smoke/data/source_pulse_noise_context_summary.json,outputs/experiments/266_coordinate_optimizer_txrx_offset_reporting_smoke/figures/FIGURE_NOTES.md,2314,1379,776,0.06956521739130435,4,199755
265,outputs/experiments/265_coordinate_optimizer_close50_seed34_sources5_topcandidate_objectives,outputs/experiments/265_coordinate_optimizer_close50_seed34_sources5_topcandidate_objectives/data/multi_rebar_coordinate_optimizer_summary.json,skipped,existing valid pulse/noise artifacts,outputs/experiments/265_coordinate_optimizer_close50_seed34_sources5_topcandidate_objectives/figures/source_pulse_noise_context.png,outputs/experiments/265_coordinate_optimizer_close50_seed34_sources5_topcandidate_objectives/data/source_pulse_noise_context_summary.json,outputs/experiments/265_coordinate_optimizer_close50_seed34_sources5_topcandidate_objectives/figures/FIGURE_NOTES.md,2314,1379,1109,0.10952416710470327,4,199755
264,outputs/experiments/264_coordinate_objective_top_candidate_reporting_smoke,outputs/experiments/264_coordinate_objective_top_candidate_reporting_smoke/data/multi_rebar_coordinate_optimizer_summary.json,skipped,existing valid pulse/noise artifacts,outputs/experiments/264_coordinate_objective_top_candidate_reporting_smoke/figures/source_pulse_noise_context.png,outputs/experiments/264_coordinate_objective_top_candidate_reporting_smoke/data/source_pulse_noise_context_summary.json,outputs/experiments/264_coordinate_objective_top_candidate_reporting_smoke/figures/FIGURE_NOTES.md,2314,1379,775,0.06979049335435909,4,199755
263,outputs/experiments/263_lateral_gap_threshold_close50_vs_close60_summary,,skipped,no compatible coordinate optimizer summary,,,,,,,,,
262,outputs/experiments/262_coordinate_confidence_aggregate_close50_seed34_sources5_7_9,,skipped,no compatible coordinate optimizer summary,,,,,,,,,
261,outputs/experiments/261_coordinate_optimizer_variable_radius_target2_close50_seed34_sources9,outputs/experiments/261_coordinate_optimizer_variable_radius_target2_close50_seed34_sources9/data/multi_rebar_coordinate_optimizer_summary.json,skipped,existing valid pulse/noise artifacts,outputs/experiments/261_coordinate_optimizer_variable_radius_target2_close50_seed34_sources9/figures/source_pulse_noise_context.png,outputs/experiments/261_coordinate_optimizer_variable_radius_target2_close50_seed34_sources9/data/source_pulse_noise_context_summary.json,outputs/experiments/261_coordinate_optimizer_variable_radius_target2_close50_seed34_sources9/figures/FIGURE_NOTES.md,2314,1379,1109,0.10920878075642662,4,199755
260,outputs/experiments/260_coordinate_confidence_aggregate_close50_seed34_sources5_vs7,,skipped,no compatible coordinate optimizer summary,,,,,,,,,
259,outputs/experiments/259_coordinate_optimizer_variable_radius_target2_close50_seed34_sources7,outputs/experiments/259_coordinate_optimizer_variable_radius_target2_close50_seed34_sources7/data/multi_rebar_coordinate_optimizer_summary.json,skipped,existing valid pulse/noise artifacts,outputs/experiments/259_coordinate_optimizer_variable_radius_target2_close50_seed34_sources7/figures/source_pulse_noise_context.png,outputs/experiments/259_coordinate_optimizer_variable_radius_target2_close50_seed34_sources7/data/source_pulse_noise_context_summary.json,outputs/experiments/259_coordinate_optimizer_variable_radius_target2_close50_seed34_sources7/figures/FIGURE_NOTES.md,2314,1379,1109,0.1092037746239143,4,199755
258,outputs/experiments/258_coordinate_optimizer_variable_radius_target2_close50_seed34_sources5,outputs/experiments/258_coordinate_optimizer_variable_radius_target2_close50_seed34_sources5/data/multi_rebar_coordinate_optimizer_summary.json,skipped,existing valid pulse/noise artifacts,outputs/experiments/258_coordinate_optimizer_variable_radius_target2_close50_seed34_sources5/figures/source_pulse_noise_context.png,outputs/experiments/258_coordinate_optimizer_variable_radius_target2_close50_seed34_sources5/data/source_pulse_noise_context_summary.json,outputs/experiments/258_coordinate_optimizer_variable_radius_target2_close50_seed34_sources5/figures/FIGURE_NOTES.md,2314,1379,1109,0.10921879302145128,4,199755
257,outputs/experiments/257_variable_radius_staged_pipeline_seed13_21_34_sources7_refinement_summary,,skipped,no compatible coordinate optimizer summary,,,,,,,,,
256,outputs/experiments/256_coordinate_confidence_aggregate_variable_radius_target2_seeds13_21_34_sources5_vs7,,skipped,no compatible coordinate optimizer summary,,,,,,,,,
255,outputs/experiments/255_coordinate_optimizer_variable_radius_target2_seed21_sources7,outputs/experiments/255_coordinate_optimizer_variable_radius_target2_seed21_sources7/data/multi_rebar_coordinate_optimizer_summary.json,skipped,existing valid pulse/noise artifacts,outputs/experiments/255_coordinate_optimizer_variable_radius_target2_seed21_sources7/figures/source_pulse_noise_context.png,outputs/experiments/255_coordinate_optimizer_variable_radius_target2_seed21_sources7/data/source_pulse_noise_context_summary.json,outputs/experiments/255_coordinate_optimizer_variable_radius_target2_seed21_sources7/figures/FIGURE_NOTES.md,2314,1379,1179,0.11547145252934846,4,199755
254,outputs/experiments/254_coordinate_optimizer_variable_radius_target2_seed13_sources7,outputs/experiments/254_coordinate_optimizer_variable_radius_target2_seed13_sources7/data/multi_rebar_coordinate_optimizer_summary.json,skipped,existing valid pulse/noise artifacts,outputs/experiments/254_coordinate_optimizer_variable_radius_target2_seed13_sources7/figures/source_pulse_noise_context.png,outputs/experiments/254_coordinate_optimizer_variable_radius_target2_seed13_sources7/data/source_pulse_noise_context_summary.json,outputs/experiments/254_coordinate_optimizer_variable_radius_target2_seed13_sources7/figures/FIGURE_NOTES.md,2314,1379,1170,0.11039022802933594,4,199755
253,outputs/experiments/253_coordinate_confidence_aggregate_seed34_target2_sources5_7_9,,skipped,no compatible coordinate optimizer summary,,,,,,,,,
252,outputs/experiments/252_coordinate_optimizer_variable_radius_target2_seed34_sources7,outputs/experiments/252_coordinate_optimizer_variable_radius_target2_seed34_sources7/data/multi_rebar_coordinate_optimizer_summary.json,skipped,existing valid pulse/noise artifacts,outputs/experiments/252_coordinate_optimizer_variable_radius_target2_seed34_sources7/figures/source_pulse_noise_context.png,outputs/experiments/252_coordinate_optimizer_variable_radius_target2_seed34_sources7/data/source_pulse_noise_context_summary.json,outputs/experiments/252_coordinate_optimizer_variable_radius_target2_seed34_sources7/figures/FIGURE_NOTES.md,2314,1379,1109,0.10865810618007059,4,199755
251,outputs/experiments/251_coordinate_confidence_aggregate_seed34_target2_sources5_vs_sources9,,skipped,no compatible coordinate optimizer summary,,,,,,,,,
250,outputs/experiments/250_coordinate_optimizer_variable_radius_target2_seed34_sources9,outputs/experiments/250_coordinate_optimizer_variable_radius_target2_seed34_sources9/data/multi_rebar_coordinate_optimizer_summary.json,skipped,existing valid pulse/noise artifacts,outputs/experiments/250_coordinate_optimizer_variable_radius_target2_seed34_sources9/figures/source_pulse_noise_context.png,outputs/experiments/250_coordinate_optimizer_variable_radius_target2_seed34_sources9/data/source_pulse_noise_context_summary.json,outputs/experiments/250_coordinate_optimizer_variable_radius_target2_seed34_sources9/figures/FIGURE_NOTES.md,2314,1379,1109,0.10866311231258291,4,199755
249,outputs/experiments/249_coordinate_confidence_aggregate_variable_radius_target2_seed13_21_34_xambiguity,,skipped,no compatible coordinate optimizer summary,,,,,,,,,
248,outputs/experiments/248_variable_radius_staged_pipeline_seed13_21_34_summary,,skipped,no compatible coordinate optimizer summary,,,,,,,,,
247,outputs/experiments/247_joint_radius_variable_radius_staged_xz_seed34_x310,,skipped,no compatible coordinate optimizer summary,,,,,,,,,
246,outputs/experiments/246_coordinate_objective_diagnostic_target2_focus_seed13_21_34,,skipped,no compatible coordinate optimizer summary,,,,,,,,,
245,outputs/experiments/245_coordinate_confidence_aggregate_variable_radius_target2_seed13_21_34,,skipped,no compatible coordinate optimizer summary,,,,,,,,,
244,outputs/experiments/244_joint_radius_variable_radius_staged_xz_seed34_x309,,skipped,no compatible coordinate optimizer summary,,,,,,,,,
243,outputs/experiments/243_coordinate_optimizer_variable_radius_target2_after_location_polish_seed34,outputs/experiments/243_coordinate_optimizer_variable_radius_target2_after_location_polish_seed34/data/multi_rebar_coordinate_optimizer_summary.json,skipped,existing valid pulse/noise artifacts,outputs/experiments/243_coordinate_optimizer_variable_radius_target2_after_location_polish_seed34/figures/source_pulse_noise_context.png,outputs/experiments/243_coordinate_optimizer_variable_radius_target2_after_location_polish_seed34/data/source_pulse_noise_context_summary.json,outputs/experiments/243_coordinate_optimizer_variable_radius_target2_after_location_polish_seed34/figures/FIGURE_NOTES.md,2314,1379,1109,0.10963430201997447,4,199755
242,outputs/experiments/242_coordinate_optimizer_variable_radius_location_only_seed34,outputs/experiments/242_coordinate_optimizer_variable_radius_location_only_seed34/data/multi_rebar_coordinate_optimizer_summary.json,skipped,existing valid pulse/noise artifacts,outputs/experiments/242_coordinate_optimizer_variable_radius_location_only_seed34/figures/source_pulse_noise_context.png,outputs/experiments/242_coordinate_optimizer_variable_radius_location_only_seed34/data/source_pulse_noise_context_summary.json,outputs/experiments/242_coordinate_optimizer_variable_radius_location_only_seed34/figures/FIGURE_NOTES.md,2314,1379,1109,0.10836274436184326,4,199755
241,outputs/experiments/241_assigned_coordinate_command_variable_radius_location_only_seed34_239,,skipped,no compatible coordinate optimizer summary,,,,,,,,,
240,outputs/experiments/240_detection_assignment_variable_radius_close_spacing_seed34_239,,skipped,no compatible coordinate optimizer summary,,,,,,,,,
239,outputs/experiments/239_detection_multi_rebar_variable_radius_close_spacing_source_mismatch_noise10_seed34,,skipped,no compatible coordinate optimizer summary,,,,,,,,,
238,outputs/experiments/238_variable_radius_staged_pipeline_seed13_21_summary,,skipped,no compatible coordinate optimizer summary,,,,,,,,,
237,outputs/experiments/237_coordinate_objective_diagnostic_target2_focus_seed13_21,,skipped,no compatible coordinate optimizer summary,,,,,,,,,
236,outputs/experiments/236_coordinate_confidence_aggregate_variable_radius_target2_seed13_21,,skipped,no compatible coordinate optimizer summary,,,,,,,,,
235,outputs/experiments/235_joint_radius_variable_radius_staged_xz_seed21,,skipped,no compatible coordinate optimizer summary,,,,,,,,,
234,outputs/experiments/234_coordinate_optimizer_variable_radius_target2_after_location_polish_seed21,outputs/experiments/234_coordinate_optimizer_variable_radius_target2_after_location_polish_seed21/data/multi_rebar_coordinate_optimizer_summary.json,skipped,existing valid pulse/noise artifacts,outputs/experiments/234_coordinate_optimizer_variable_radius_target2_after_location_polish_seed21/figures/source_pulse_noise_context.png,outputs/experiments/234_coordinate_optimizer_variable_radius_target2_after_location_polish_seed21/data/source_pulse_noise_context_summary.json,outputs/experiments/234_coordinate_optimizer_variable_radius_target2_after_location_polish_seed21/figures/FIGURE_NOTES.md,2314,1379,1179,0.11644764836925234,4,199755
233,outputs/experiments/233_coordinate_optimizer_variable_radius_location_only_seed21,outputs/experiments/233_coordinate_optimizer_variable_radius_location_only_seed21/data/multi_rebar_coordinate_optimizer_summary.json,skipped,existing valid pulse/noise artifacts,outputs/experiments/233_coordinate_optimizer_variable_radius_location_only_seed21/figures/source_pulse_noise_context.png,outputs/experiments/233_coordinate_optimizer_variable_radius_location_only_seed21/data/source_pulse_noise_context_summary.json,outputs/experiments/233_coordinate_optimizer_variable_radius_location_only_seed21/figures/FIGURE_NOTES.md,2314,1379,1180,0.11517108457860879,4,199755
232,outputs/experiments/232_assigned_coordinate_command_variable_radius_location_only_seed21_230,,skipped,no compatible coordinate optimizer summary,,,,,,,,,
231,outputs/experiments/231_detection_assignment_variable_radius_close_spacing_seed21_230,,skipped,no compatible coordinate optimizer summary,,,,,,,,,
230,outputs/experiments/230_detection_multi_rebar_variable_radius_close_spacing_source_mismatch_noise10_seed21,,skipped,no compatible coordinate optimizer summary,,,,,,,,,
229,outputs/experiments/229_coordinate_objective_diagnostic_variable_radius_219_221_225,,skipped,no compatible coordinate optimizer summary,,,,,,,,,
228,outputs/experiments/228_two_stage_refinement_aggregate_118_128_nan_notice_plotfix,,skipped,no compatible coordinate optimizer summary,,,,,,,,,
227,outputs/experiments/227_coordinate_optimizer_variable_radius_target2_after_location_polish_seed13,outputs/experiments/227_coordinate_optimizer_variable_radius_target2_after_location_polish_seed13/data/multi_rebar_coordinate_optimizer_summary.json,skipped,existing valid pulse/noise artifacts,outputs/experiments/227_coordinate_optimizer_variable_radius_target2_after_location_polish_seed13/figures/source_pulse_noise_context.png,outputs/experiments/227_coordinate_optimizer_variable_radius_target2_after_location_polish_seed13/data/source_pulse_noise_context_summary.json,outputs/experiments/227_coordinate_optimizer_variable_radius_target2_after_location_polish_seed13/figures/FIGURE_NOTES.md,2314,1379,1170,0.11134639933919051,4,199755
226,outputs/experiments/226_joint_radius_variable_radius_location_only_xz_seed13,,skipped,no compatible coordinate optimizer summary,,,,,,,,,
225,outputs/experiments/225_coordinate_optimizer_variable_radius_location_only_seed13,outputs/experiments/225_coordinate_optimizer_variable_radius_location_only_seed13/data/multi_rebar_coordinate_optimizer_summary.json,skipped,existing valid pulse/noise artifacts,outputs/experiments/225_coordinate_optimizer_variable_radius_location_only_seed13/figures/source_pulse_noise_context.png,outputs/experiments/225_coordinate_optimizer_variable_radius_location_only_seed13/data/source_pulse_noise_context_summary.json,outputs/experiments/225_coordinate_optimizer_variable_radius_location_only_seed13/figures/FIGURE_NOTES.md,2314,1379,1171,0.1100748416810593,4,199755
224,outputs/experiments/224_assigned_coordinate_command_variable_radius_location_only_216,,skipped,no compatible coordinate optimizer summary,,,,,,,,,
223,outputs/experiments/223_joint_radius_variable_radius_assigned_xz_seed13,,skipped,no compatible coordinate optimizer summary,,,,,,,,,
222,outputs/experiments/222_joint_radius_variable_radius_true_xz_seed13,,skipped,no compatible coordinate optimizer summary,,,,,,,,,
221,outputs/experiments/221_coordinate_optimizer_variable_radius_target_order_210_seed13,outputs/experiments/221_coordinate_optimizer_variable_radius_target_order_210_seed13/data/multi_rebar_coordinate_optimizer_summary.json,skipped,existing valid pulse/noise artifacts,outputs/experiments/221_coordinate_optimizer_variable_radius_target_order_210_seed13/figures/source_pulse_noise_context.png,outputs/experiments/221_coordinate_optimizer_variable_radius_target_order_210_seed13/data/source_pulse_noise_context_summary.json,outputs/experiments/221_coordinate_optimizer_variable_radius_target_order_210_seed13/figures/FIGURE_NOTES.md,2314,1379,1171,0.11027008084904008,4,199755
220,outputs/experiments/220_assigned_coordinate_command_variable_radius_order210_216,,skipped,no compatible coordinate optimizer summary,,,,,,,,,
219,outputs/experiments/219_coordinate_optimizer_variable_radius_close_spacing_from_assignment_seed13,outputs/experiments/219_coordinate_optimizer_variable_radius_close_spacing_from_assignment_seed13/data/multi_rebar_coordinate_optimizer_summary.json,skipped,existing valid pulse/noise artifacts,outputs/experiments/219_coordinate_optimizer_variable_radius_close_spacing_from_assignment_seed13/figures/source_pulse_noise_context.png,outputs/experiments/219_coordinate_optimizer_variable_radius_close_spacing_from_assignment_seed13/data/source_pulse_noise_context_summary.json,outputs/experiments/219_coordinate_optimizer_variable_radius_close_spacing_from_assignment_seed13/figures/FIGURE_NOTES.md,2314,1379,1170,0.11140146679682611,4,199755
218,outputs/experiments/218_assigned_coordinate_command_variable_radius_216,,skipped,no compatible coordinate optimizer summary,,,,,,,,,
217,outputs/experiments/217_detection_assignment_variable_radius_close_spacing_216,,skipped,no compatible coordinate optimizer summary,,,,,,,,,
216,outputs/experiments/216_detection_multi_rebar_variable_radius_close_spacing_source_mismatch_noise10,,skipped,no compatible coordinate optimizer summary,,,,,,,,,
215,outputs/experiments/215_assigned_coordinate_command_close_spacing_114,,skipped,no compatible coordinate optimizer summary,,,,,,,,,
214,outputs/experiments/214_assigned_coordinate_command_variable_depth_115,,skipped,no compatible coordinate optimizer summary,,,,,,,,,
213,outputs/experiments/213_detection_assignment_close_spacing_114,,skipped,no compatible coordinate optimizer summary,,,,,,,,,
212,outputs/experiments/212_detection_assignment_variable_depth_115,,skipped,no compatible coordinate optimizer summary,,,,,,,,,
211,outputs/experiments/211_coordinate_objective_diagnostic_report_210,,skipped,no compatible coordinate optimizer summary,,,,,,,,,
210,outputs/experiments/210_coordinate_optimizer_variable_depth_broad_ambiguity_revisit_seed13,outputs/experiments/210_coordinate_optimizer_variable_depth_broad_ambiguity_revisit_seed13/data/multi_rebar_coordinate_optimizer_summary.json,skipped,existing valid pulse/noise artifacts,outputs/experiments/210_coordinate_optimizer_variable_depth_broad_ambiguity_revisit_seed13/figures/source_pulse_noise_context.png,outputs/experiments/210_coordinate_optimizer_variable_depth_broad_ambiguity_revisit_seed13/data/source_pulse_noise_context_summary.json,outputs/experiments/210_coordinate_optimizer_variable_depth_broad_ambiguity_revisit_seed13/figures/FIGURE_NOTES.md,2314,1379,1171,0.1109809516657906,4,199755
209,outputs/experiments/209_coordinate_objective_diagnostic_report_208,,skipped,no compatible coordinate optimizer summary,,,,,,,,,
208,outputs/experiments/208_coordinate_optimizer_close_spacing_broad_ambiguity_revisit_seed13,outputs/experiments/208_coordinate_optimizer_close_spacing_broad_ambiguity_revisit_seed13/data/multi_rebar_coordinate_optimizer_summary.json,skipped,existing valid pulse/noise artifacts,outputs/experiments/208_coordinate_optimizer_close_spacing_broad_ambiguity_revisit_seed13/figures/source_pulse_noise_context.png,outputs/experiments/208_coordinate_optimizer_close_spacing_broad_ambiguity_revisit_seed13/data/source_pulse_noise_context_summary.json,outputs/experiments/208_coordinate_optimizer_close_spacing_broad_ambiguity_revisit_seed13/figures/FIGURE_NOTES.md,2314,1379,1170,0.1107456634377112,4,199755
207,outputs/experiments/207_coordinate_objective_diagnostic_report_206,,skipped,no compatible coordinate optimizer summary,,,,,,,,,
206,outputs/experiments/206_coordinate_optimizer_close_spacing_detector_seeded_highband_diag_seed13,outputs/experiments/206_coordinate_optimizer_close_spacing_detector_seeded_highband_diag_seed13/data/multi_rebar_coordinate_optimizer_summary.json,skipped,existing valid pulse/noise artifacts,outputs/experiments/206_coordinate_optimizer_close_spacing_detector_seeded_highband_diag_seed13/figures/source_pulse_noise_context.png,outputs/experiments/206_coordinate_optimizer_close_spacing_detector_seeded_highband_diag_seed13/data/source_pulse_noise_context_summary.json,outputs/experiments/206_coordinate_optimizer_close_spacing_detector_seeded_highband_diag_seed13/figures/FIGURE_NOTES.md,2314,1379,1170,0.11144652198943707,4,199755
205,outputs/experiments/205_coordinate_objective_diagnostic_report_106_203,,skipped,no compatible coordinate optimizer summary,,,,,,,,,
204,outputs/experiments/204_coordinate_objective_diagnostic_report_203,,skipped,no compatible coordinate optimizer summary,,,,,,,,,
203,outputs/experiments/203_coordinate_optimizer_seed_offset2mm_guarded_highband_diag_seed34,outputs/experiments/203_coordinate_optimizer_seed_offset2mm_guarded_highband_diag_seed34/data/multi_rebar_coordinate_optimizer_summary.json,skipped,existing valid pulse/noise artifacts,outputs/experiments/203_coordinate_optimizer_seed_offset2mm_guarded_highband_diag_seed34/figures/source_pulse_noise_context.png,outputs/experiments/203_coordinate_optimizer_seed_offset2mm_guarded_highband_diag_seed34/data/source_pulse_noise_context_summary.json,outputs/experiments/203_coordinate_optimizer_seed_offset2mm_guarded_highband_diag_seed34/figures/FIGURE_NOTES.md,2314,1379,1109,0.10932892793672248,4,199755
202,outputs/experiments/202_coordinate_objective_diagnostic_report_106,,skipped,no compatible coordinate optimizer summary,,,,,,,,,
201,outputs/experiments/201_packaged_highband_material_uncertainty_r4_r8_178_200,,skipped,no compatible coordinate optimizer summary,,,,,,,,,
200,outputs/experiments/200_detection_seeded_highband_material_uncertainty_smoke_depth110_r8_seed13,,skipped,no compatible coordinate optimizer summary,,,,,,,,,
199,outputs/experiments/199_packaged_highband_material_uncertainty_aggregate_178_198,,skipped,no compatible coordinate optimizer summary,,,,,,,,,
198,outputs/experiments/198_detection_seeded_highband_material_uncertainty_smoke_depth70_r4_seed13,,skipped,no compatible coordinate optimizer summary,,,,,,,,,
197,outputs/experiments/197_radius_uncertainty_report_r4_r8_material_source_191_196,,skipped,no compatible coordinate optimizer summary,,,,,,,,,
196,outputs/experiments/196_single_rebar_r8_highband25ghz_subcell13_fine_radius005_seed13,,skipped,no compatible coordinate optimizer summary,,,,,,,,,
195,outputs/experiments/195_single_rebar_r8_material_source_tradeoff_highband_subcell13_seed13,,skipped,no compatible coordinate optimizer summary,,,,,,,,,
194,outputs/experiments/194_single_rebar_r4_material_source_tradeoff_highband_subcell13_seed13,,skipped,no compatible coordinate optimizer summary,,,,,,,,,
193,outputs/experiments/193_shallow_r4_highband_subcell_radius_source_aggregate_167_192,,skipped,no compatible coordinate optimizer summary,,,,,,,,,
192,outputs/experiments/192_single_rebar_r4_highband25ghz_subcell13_fine_radius0025_seed13_noamp,,skipped,no compatible coordinate optimizer summary,,,,,,,,,
191,outputs/experiments/191_single_rebar_r4_highband25ghz_subcell13_fine_radius0025_seed13,,skipped,no compatible coordinate optimizer summary,,,,,,,,,
190,outputs/experiments/190_single_rebar_r4_highband25ghz_subcell13_src9_seed13,,skipped,no compatible coordinate optimizer summary,,,,,,,,,
189,outputs/experiments/189_single_rebar_r4_subcell13_geometry_quantization_005mm,,skipped,no compatible coordinate optimizer summary,,,,,,,,,
188,outputs/experiments/188_packaged_highband_r8_seed_aggregate_120_187,,skipped,no compatible coordinate optimizer summary,,,,,,,,,
187,outputs/experiments/187_detection_seeded_highband_polish_depth110_r8_noise10_seed34,,skipped,no compatible coordinate optimizer summary,,,,,,,,,
186,outputs/experiments/186_detection_seeded_highband_polish_depth110_r8_noise10_seed21,,skipped,no compatible coordinate optimizer summary,,,,,,,,,
185,outputs/experiments/185_packaged_highband_r8_comparison_120_184,,skipped,no compatible coordinate optimizer summary,,,,,,,,,
184,outputs/experiments/184_detection_seeded_highband_polish_depth110_r8_noise10_seed13,,skipped,no compatible coordinate optimizer summary,,,,,,,,,
183,outputs/experiments/183_packaged_highband_seed_aggregate_148_182,,skipped,no compatible coordinate optimizer summary,,,,,,,,,
182,outputs/experiments/182_detection_seeded_highband_polish_depth70_r4_noise10_seed34,,skipped,no compatible coordinate optimizer summary,,,,,,,,,
181,outputs/experiments/181_detection_seeded_highband_polish_depth70_r4_noise10_seed21,,skipped,no compatible coordinate optimizer summary,,,,,,,,,
180,outputs/experiments/180_packaged_highband_comparison_148_178_notes_v2,,skipped,no compatible coordinate optimizer summary,,,,,,,,,
179,outputs/experiments/179_packaged_highband_comparison_148_178,,skipped,no compatible coordinate optimizer summary,,,,,,,,,
178,outputs/experiments/178_detection_seeded_highband_polish_depth70_r4_noise10_seed13,,skipped,no compatible coordinate optimizer summary,,,,,,,,,
177,outputs/experiments/177_r8_highband25_seed_aggregate_153_176,,skipped,no compatible coordinate optimizer summary,,,,,,,,,
176,outputs/experiments/176_single_rebar_r8_highband25ghz_subcell9_src9_seed34,,skipped,no compatible coordinate optimizer summary,,,,,,,,,
175,outputs/experiments/175_single_rebar_r8_highband25ghz_subcell9_src9_seed21,,skipped,no compatible coordinate optimizer summary,,,,,,,,,
174,outputs/experiments/174_r4_highband25_seed_aggregate_148_173,,skipped,no compatible coordinate optimizer summary,,,,,,,,,
173,outputs/experiments/173_single_rebar_r4_highband25ghz_subcell9_src9_seed34,,skipped,no compatible coordinate optimizer summary,,,,,,,,,
172,outputs/experiments/172_single_rebar_r4_highband25ghz_subcell9_src9_seed21,,skipped,no compatible coordinate optimizer summary,,,,,,,,,
171,outputs/experiments/171_highband25_acquisition_diagnostic_r4_r8_labeled,,skipped,no compatible coordinate optimizer summary,,,,,,,,,
170,outputs/experiments/170_highband25_acquisition_diagnostic_r4_r8,,skipped,no compatible coordinate optimizer summary,,,,,,,,,
169,outputs/experiments/169_single_rebar_r8_highband25ghz_subcell9_src9_seed13,,skipped,no compatible coordinate optimizer summary,,,,,,,,,
168,outputs/experiments/168_r4_highband_acquisition_diagnostic_148_167,,skipped,no compatible coordinate optimizer summary,,,,,,,,,
167,outputs/experiments/167_single_rebar_r4_highband25ghz_subcell9_src9_seed13,,skipped,no compatible coordinate optimizer summary,,,,,,,,,
166,outputs/experiments/166_single_rebar_r4_highband2ghz_subcell9_src9_seed13,,skipped,no compatible coordinate optimizer summary,,,,,,,,,
165,outputs/experiments/165_r4_guarded_weighting_diagnostic_148_164,,skipped,no compatible coordinate optimizer summary,,,,,,,,,
164,outputs/experiments/164_single_rebar_r4_guarded_subcell9_src9_weighted025_1_seed13,,skipped,no compatible coordinate optimizer summary,,,,,,,,,
163,outputs/experiments/163_r8_guarded_objective_design_diagnostic_153_162_with_weights,,skipped,no compatible coordinate optimizer summary,,,,,,,,,
162,outputs/experiments/162_single_rebar_r8_guarded_subcell9_src9_weighted025_1,,skipped,no compatible coordinate optimizer summary,,,,,,,,,
161,outputs/experiments/161_r8_guarded_objective_design_diagnostic_153_159_with_amp_mode,,skipped,no compatible coordinate optimizer summary,,,,,,,,,
160,outputs/experiments/160_r8_guarded_objective_design_diagnostic_153_159,,skipped,no compatible coordinate optimizer summary,,,,,,,,,
159,outputs/experiments/159_single_rebar_r8_guarded_subcell9_src9_multifreq_no_amp_fit,,skipped,no compatible coordinate optimizer summary,,,,,,,,,
158,outputs/experiments/158_r8_guarded_frequency_geometry_diagnostic_153_157,,skipped,no compatible coordinate optimizer summary,,,,,,,,,
157,outputs/experiments/157_single_rebar_r8_guarded_subcell9_src9_10ghz_only,,skipped,no compatible coordinate optimizer summary,,,,,,,,,
156,outputs/experiments/156_single_rebar_r8_guarded_subcell9_src9_15ghz_only,,skipped,no compatible coordinate optimizer summary,,,,,,,,,
155,outputs/experiments/155_single_rebar_r8_guarded_hard_local_multifreq,,skipped,no compatible coordinate optimizer summary,,,,,,,,,
154,outputs/experiments/154_guarded_stage_confidence_120_153,,skipped,no compatible coordinate optimizer summary,,,,,,,,,
153,outputs/experiments/153_detection_seeded_guarded_polish_depth110_r8_noise10_seed13,,skipped,no compatible coordinate optimizer summary,,,,,,,,,
152,outputs/experiments/152_guarded_pipeline_seed_aggregate_148_151,,skipped,no compatible coordinate optimizer summary,,,,,,,,,
151,outputs/experiments/151_detection_seeded_guarded_polish_depth70_r4_noise10_seed34,,skipped,no compatible coordinate optimizer summary,,,,,,,,,
150,outputs/experiments/150_detection_seeded_guarded_polish_depth70_r4_noise10_seed21,,skipped,no compatible coordinate optimizer summary,,,,,,,,,
149,outputs/experiments/149_two_stage_refinement_aggregate_118_148_guarded,,skipped,no compatible coordinate optimizer summary,,,,,,,,,
148,outputs/experiments/148_detection_seeded_guarded_polish_depth70_r4_noise10_seed13,,skipped,no compatible coordinate optimizer summary,,,,,,,,,
147,outputs/experiments/147_single_rebar_source_profiled_multifreq_subcell9_src9_z69_71_r39_41,,skipped,no compatible coordinate optimizer summary,,,,,,,,,
146,outputs/experiments/146_single_rebar_source_profiled_multifreq_grid05_hard_tie_smoke,,skipped,no compatible coordinate optimizer summary,,,,,,,,,
145,outputs/experiments/145_single_rebar_geometry_quantization_radius37_43_grid05,,skipped,no compatible coordinate optimizer summary,,,,,,,,,
144,outputs/experiments/144_source_profiled_polish_aggregate_subcell9_src9_noise_seeds,,skipped,no compatible coordinate optimizer summary,,,,,,,,,
143,outputs/experiments/143_single_rebar_source_profiled_multifreq_subcell9_radius37_43_src9_seed34,,skipped,no compatible coordinate optimizer summary,,,,,,,,,
142,outputs/experiments/142_single_rebar_source_profiled_multifreq_subcell9_radius37_43_src9_seed21,,skipped,no compatible coordinate optimizer summary,,,,,,,,,
141,outputs/experiments/141_frequency_reweight_diagnostic_exp140_subcell9_src9,,skipped,no compatible coordinate optimizer summary,,,,,,,,,
140,outputs/experiments/140_single_rebar_source_profiled_multifreq_subcell9_radius37_43_src9,,skipped,no compatible coordinate optimizer summary,,,,,,,,,
139,outputs/experiments/139_single_rebar_source_profiled_multifreq_subcell9_radius37_43,,skipped,no compatible coordinate optimizer summary,,,,,,,,,
138,outputs/experiments/138_single_rebar_source_profiled_multifreq_subcell9_tie_smoke,,skipped,no compatible coordinate optimizer summary,,,,,,,,,
137,outputs/experiments/137_single_rebar_source_profiled_multifreq_subcell_tie_smoke,,skipped,no compatible coordinate optimizer summary,,,,,,,,,
136,outputs/experiments/136_single_rebar_geometry_quantization_radius37_43,,skipped,no compatible coordinate optimizer summary,,,,,,,,,
135,outputs/experiments/135_single_rebar_source_profiled_multifreq_csv_plot_smoke,,skipped,no compatible coordinate optimizer summary,,,,,,,,,
134,outputs/experiments/134_two_stage_refinement_aggregate_118_132_interval_runtime,,skipped,no compatible coordinate optimizer summary,,,,,,,,,
133,outputs/experiments/133_two_stage_refinement_aggregate_118_132_multifreq,,skipped,no compatible coordinate optimizer summary,,,,,,,,,
132,outputs/experiments/132_detection_seeded_two_stage_refinement_depth70_r4_mismatch_noise10_fine01_highfreq,,skipped,no compatible coordinate optimizer summary,,,,,,,,,
131,outputs/experiments/131_detection_seeded_two_stage_refinement_depth70_r4_mismatch_noise10_fine01_multifreq,,skipped,no compatible coordinate optimizer summary,,,,,,,,,
130,outputs/experiments/130_two_stage_refinement_aggregate_118_128_geometry_plotfix,,skipped,no compatible coordinate optimizer summary,,,,,,,,,
129,outputs/experiments/129_two_stage_refinement_aggregate_118_128_geometry,,skipped,no compatible coordinate optimizer summary,,,,,,,,,
128,outputs/experiments/128_detection_seeded_two_stage_refinement_depth70_r4_mismatch_noise10_fine01_subcell,,skipped,no compatible coordinate optimizer summary,,,,,,,,,
127,outputs/experiments/127_two_stage_refinement_aggregate_118_126_intervals,,skipped,no compatible coordinate optimizer summary,,,,,,,,,
126,outputs/experiments/126_detection_seeded_two_stage_refinement_depth70_r4_mismatch_noise10_fine01,,skipped,no compatible coordinate optimizer summary,,,,,,,,,
125,outputs/experiments/125_two_stage_refinement_aggregate_118_124,,skipped,no compatible coordinate optimizer summary,,,,,,,,,
124,outputs/experiments/124_detection_seeded_two_stage_refinement_depth70_r4_mismatch_noise10_seed34,,skipped,no compatible coordinate optimizer summary,,,,,,,,,
123,outputs/experiments/123_detection_seeded_two_stage_refinement_depth70_r4_mismatch_noise10_seed21,,skipped,no compatible coordinate optimizer summary,,,,,,,,,
122,outputs/experiments/122_two_stage_refinement_aggregate_118_121,,skipped,no compatible coordinate optimizer summary,,,,,,,,,
121,outputs/experiments/121_detection_seeded_two_stage_refinement_depth70_r4_mismatch_noise10,,skipped,no compatible coordinate optimizer summary,,,,,,,,,
120,outputs/experiments/120_detection_seeded_two_stage_refinement_depth110_r8_mismatch_noise10,,skipped,no compatible coordinate optimizer summary,,,,,,,,,
119,outputs/experiments/119_detection_seeded_two_stage_refinement_depth110_r8_smoke,,skipped,no compatible coordinate optimizer summary,,,,,,,,,
118,outputs/experiments/118_detection_seeded_two_stage_refinement_smoke,,skipped,no compatible coordinate optimizer summary,,,,,,,,,
117,outputs/experiments/117_detection_seeded_narrow_1mm_polish_smoke,,skipped,no compatible coordinate optimizer summary,,,,,,,,,
116,outputs/experiments/116_detection_seeded_coarse_2mm_screen_smoke,,skipped,no compatible coordinate optimizer summary,,,,,,,,,
115,outputs/experiments/115_detection_multi_rebar_variable_depth_source_mismatch_noise10,,skipped,no compatible coordinate optimizer summary,,,,,,,,,
114,outputs/experiments/114_detection_multi_rebar_close_spacing_source_mismatch_noise10,,skipped,no compatible coordinate optimizer summary,,,,,,,,,
113,outputs/experiments/113_single_rebar_detection_source_mismatch_benchmark,,skipped,no compatible coordinate optimizer summary,,,,,,,,,
112,outputs/experiments/112_single_rebar_detection_depth_radius_noise_benchmark,,skipped,no compatible coordinate optimizer summary,,,,,,,,,
111,outputs/experiments/111_detection_seeded_source_profiled_polish_smoke,,skipped,no compatible coordinate optimizer summary,,,,,,,,,
110,outputs/experiments/110_detection_multi_rebar_same_depth_smoke,,skipped,no compatible coordinate optimizer summary,,,,,,,,,
109,outputs/experiments/109_detection_single_rebar_offset_grid_smoke,,skipped,no compatible coordinate optimizer summary,,,,,,,,,
108,outputs/experiments/108_detection_single_rebar_source_delay_smoke,,skipped,no compatible coordinate optimizer summary,,,,,,,,,
107,outputs/experiments/107_detection_single_rebar_default_smoke,,skipped,no compatible coordinate optimizer summary,,,,,,,,,
106,outputs/experiments/106_coordinate_optimizer_seed_offset2mm_guarded_diag_seed55,outputs/experiments/106_coordinate_optimizer_seed_offset2mm_guarded_diag_seed55/data/multi_rebar_coordinate_optimizer_summary.json,skipped,existing valid pulse/noise artifacts,outputs/experiments/106_coordinate_optimizer_seed_offset2mm_guarded_diag_seed55/figures/source_pulse_noise_context.png,outputs/experiments/106_coordinate_optimizer_seed_offset2mm_guarded_diag_seed55/data/source_pulse_noise_context_summary.json,outputs/experiments/106_coordinate_optimizer_seed_offset2mm_guarded_diag_seed55/figures/FIGURE_NOTES.md,2314,1379,1147,0.1127581287076669,4,199755
105,outputs/experiments/105_coordinate_optimizer_diagnostic_objective_cpu_smoke,outputs/experiments/105_coordinate_optimizer_diagnostic_objective_cpu_smoke/data/multi_rebar_coordinate_optimizer_summary.json,skipped,existing valid pulse/noise artifacts,outputs/experiments/105_coordinate_optimizer_diagnostic_objective_cpu_smoke/figures/source_pulse_noise_context.png,outputs/experiments/105_coordinate_optimizer_diagnostic_objective_cpu_smoke/data/source_pulse_noise_context_summary.json,outputs/experiments/105_coordinate_optimizer_diagnostic_objective_cpu_smoke/figures/FIGURE_NOTES.md,2314,1379,775,0.07003078771495082,4,199755
104,outputs/experiments/104_multi_rebar_target0_radius_objective_matrix_seed13,,skipped,no compatible coordinate optimizer summary,,,,,,,,,
103,outputs/experiments/103_multi_rebar_target2_radius_objective_matrix_seed13,,skipped,no compatible coordinate optimizer summary,,,,,,,,,
102,outputs/experiments/102_multi_rebar_target0_radius_objective_matrix_seed34,,skipped,no compatible coordinate optimizer summary,,,,,,,,,
101,outputs/experiments/101_multi_rebar_target0_branch_objective_matrix_seed34,,skipped,no compatible coordinate optimizer summary,,,,,,,,,
100,outputs/experiments/100_multi_rebar_target2_radius_objective_matrix_seed34,,skipped,no compatible coordinate optimizer summary,,,,,,,,,
99,outputs/experiments/099_objective_variant_cli_cpu_smoke,,skipped,no compatible coordinate optimizer summary,,,,,,,,,
98,outputs/experiments/098_coordinate_optimizer_seed_offset2mm_guarded_seed13_21_34_aggregate,,skipped,no compatible coordinate optimizer summary,,,,,,,,,
97,outputs/experiments/097_coordinate_optimizer_seed_offset2mm_guarded_revisit_seed34,outputs/experiments/097_coordinate_optimizer_seed_offset2mm_guarded_revisit_seed34/data/multi_rebar_coordinate_optimizer_summary.json,skipped,existing valid pulse/noise artifacts,outputs/experiments/097_coordinate_optimizer_seed_offset2mm_guarded_revisit_seed34/figures/source_pulse_noise_context.png,outputs/experiments/097_coordinate_optimizer_seed_offset2mm_guarded_revisit_seed34/data/source_pulse_noise_context_summary.json,outputs/experiments/097_coordinate_optimizer_seed_offset2mm_guarded_revisit_seed34/figures/FIGURE_NOTES.md,2314,1379,1109,0.10858301419238567,4,199755
96,outputs/experiments/096_coordinate_optimizer_seed_offset2mm_guarded_seed13_21_aggregate,,skipped,no compatible coordinate optimizer summary,,,,,,,,,
95,outputs/experiments/095_coordinate_optimizer_seed_offset2mm_guarded_revisit_seed21,outputs/experiments/095_coordinate_optimizer_seed_offset2mm_guarded_revisit_seed21/data/multi_rebar_coordinate_optimizer_summary.json,skipped,existing valid pulse/noise artifacts,outputs/experiments/095_coordinate_optimizer_seed_offset2mm_guarded_revisit_seed21/figures/source_pulse_noise_context.png,outputs/experiments/095_coordinate_optimizer_seed_offset2mm_guarded_revisit_seed21/data/source_pulse_noise_context_summary.json,outputs/experiments/095_coordinate_optimizer_seed_offset2mm_guarded_revisit_seed21/figures/FIGURE_NOTES.md,2314,1379,1179,0.11538634827663888,4,199755
94,outputs/experiments/094_coordinate_optimizer_seed_offset2mm_guarded_revisit_seed13,outputs/experiments/094_coordinate_optimizer_seed_offset2mm_guarded_revisit_seed13/data/multi_rebar_coordinate_optimizer_summary.json,skipped,existing valid pulse/noise artifacts,outputs/experiments/094_coordinate_optimizer_seed_offset2mm_guarded_revisit_seed13/figures/source_pulse_noise_context.png,outputs/experiments/094_coordinate_optimizer_seed_offset2mm_guarded_revisit_seed13/data/source_pulse_noise_context_summary.json,outputs/experiments/094_coordinate_optimizer_seed_offset2mm_guarded_revisit_seed13/figures/FIGURE_NOTES.md,2314,1379,1170,0.1102951115116017,4,199755
93,outputs/experiments/093_coordinate_optimizer_seed_offset2mm_target2_revisit_seed13,outputs/experiments/093_coordinate_optimizer_seed_offset2mm_target2_revisit_seed13/data/multi_rebar_coordinate_optimizer_summary.json,skipped,existing valid pulse/noise artifacts,outputs/experiments/093_coordinate_optimizer_seed_offset2mm_target2_revisit_seed13/figures/source_pulse_noise_context.png,outputs/experiments/093_coordinate_optimizer_seed_offset2mm_target2_revisit_seed13/data/source_pulse_noise_context_summary.json,outputs/experiments/093_coordinate_optimizer_seed_offset2mm_target2_revisit_seed13/figures/FIGURE_NOTES.md,2314,1379,1170,0.11031513604165102,4,199755
92,outputs/experiments/092_coordinate_optimizer_seed_offset2mm_order120_noise10_seed13,outputs/experiments/092_coordinate_optimizer_seed_offset2mm_order120_noise10_seed13/data/multi_rebar_coordinate_optimizer_summary.json,skipped,existing valid pulse/noise artifacts,outputs/experiments/092_coordinate_optimizer_seed_offset2mm_order120_noise10_seed13/figures/source_pulse_noise_context.png,outputs/experiments/092_coordinate_optimizer_seed_offset2mm_order120_noise10_seed13/data/source_pulse_noise_context_summary.json,outputs/experiments/092_coordinate_optimizer_seed_offset2mm_order120_noise10_seed13/figures/FIGURE_NOTES.md,2314,1379,1170,0.11038021576431128,4,199755
91,outputs/experiments/091_coordinate_optimizer_seed_offset2mm_target0_revisit_seed13,outputs/experiments/091_coordinate_optimizer_seed_offset2mm_target0_revisit_seed13/data/multi_rebar_coordinate_optimizer_summary.json,skipped,existing valid pulse/noise artifacts,outputs/experiments/091_coordinate_optimizer_seed_offset2mm_target0_revisit_seed13/figures/source_pulse_noise_context.png,outputs/experiments/091_coordinate_optimizer_seed_offset2mm_target0_revisit_seed13/data/source_pulse_noise_context_summary.json,outputs/experiments/091_coordinate_optimizer_seed_offset2mm_target0_revisit_seed13/figures/FIGURE_NOTES.md,2314,1379,1170,0.11029010537908938,4,199755
90,outputs/experiments/090_coordinate_optimizer_seed_offset2mm_noise10_seed13,outputs/experiments/090_coordinate_optimizer_seed_offset2mm_noise10_seed13/data/multi_rebar_coordinate_optimizer_summary.json,skipped,existing valid pulse/noise artifacts,outputs/experiments/090_coordinate_optimizer_seed_offset2mm_noise10_seed13/figures/source_pulse_noise_context.png,outputs/experiments/090_coordinate_optimizer_seed_offset2mm_noise10_seed13/data/source_pulse_noise_context_summary.json,outputs/experiments/090_coordinate_optimizer_seed_offset2mm_noise10_seed13/figures/FIGURE_NOTES.md,2314,1379,1170,0.10973943080273335,4,199755
89,outputs/experiments/089_coordinate_optimizer_noise_seed13_21_34_55_aggregate,,skipped,no compatible coordinate optimizer summary,,,,,,,,,
88,outputs/experiments/088_coordinate_optimizer_noise10_seed55,outputs/experiments/088_coordinate_optimizer_noise10_seed55/data/multi_rebar_coordinate_optimizer_summary.json,skipped,existing valid pulse/noise artifacts,outputs/experiments/088_coordinate_optimizer_noise10_seed55/figures/source_pulse_noise_context.png,outputs/experiments/088_coordinate_optimizer_noise10_seed55/data/source_pulse_noise_context_summary.json,outputs/experiments/088_coordinate_optimizer_noise10_seed55/figures/FIGURE_NOTES.md,2314,1379,1147,0.11113113564116042,4,199755
87,outputs/experiments/087_coordinate_optimizer_noise_seed13_21_34_aggregate,,skipped,no compatible coordinate optimizer summary,,,,,,,,,
86,outputs/experiments/086_coordinate_optimizer_noise10_seed34,outputs/experiments/086_coordinate_optimizer_noise10_seed34/data/multi_rebar_coordinate_optimizer_summary.json,skipped,existing valid pulse/noise artifacts,outputs/experiments/086_coordinate_optimizer_noise10_seed34/figures/source_pulse_noise_context.png,outputs/experiments/086_coordinate_optimizer_noise10_seed34/data/source_pulse_noise_context_summary.json,outputs/experiments/086_coordinate_optimizer_noise10_seed34/figures/FIGURE_NOTES.md,2314,1379,1109,0.10683086781307101,4,199755
85,outputs/experiments/085_coordinate_optimizer_noise_seed13_21_aggregate,,skipped,no compatible coordinate optimizer summary,,,,,,,,,
84,outputs/experiments/084_coordinate_optimizer_noise10_seed21,outputs/experiments/084_coordinate_optimizer_noise10_seed21/data/multi_rebar_coordinate_optimizer_summary.json,skipped,existing valid pulse/noise artifacts,outputs/experiments/084_coordinate_optimizer_noise10_seed21/figures/source_pulse_noise_context.png,outputs/experiments/084_coordinate_optimizer_noise10_seed21/data/source_pulse_noise_context_summary.json,outputs/experiments/084_coordinate_optimizer_noise10_seed21/figures/FIGURE_NOTES.md,2314,1379,1180,0.11364421416234888,4,199755
83,outputs/experiments/083_coordinate_optimizer_noise10_seed13,outputs/experiments/083_coordinate_optimizer_noise10_seed13/data/multi_rebar_coordinate_optimizer_summary.json,skipped,existing valid pulse/noise artifacts,outputs/experiments/083_coordinate_optimizer_noise10_seed13/figures/source_pulse_noise_context.png,outputs/experiments/083_coordinate_optimizer_noise10_seed13/data/source_pulse_noise_context_summary.json,outputs/experiments/083_coordinate_optimizer_noise10_seed13/figures/FIGURE_NOTES.md,2314,1379,1171,0.1085329528672624,4,199755
82,outputs/experiments/082_coordinate_optimizer_gpu_compact_perturbed_seed,outputs/experiments/082_coordinate_optimizer_gpu_compact_perturbed_seed/data/multi_rebar_coordinate_optimizer_summary.json,skipped,existing valid pulse/noise artifacts,outputs/experiments/082_coordinate_optimizer_gpu_compact_perturbed_seed/figures/source_pulse_noise_context.png,outputs/experiments/082_coordinate_optimizer_gpu_compact_perturbed_seed/data/source_pulse_noise_context_summary.json,outputs/experiments/082_coordinate_optimizer_gpu_compact_perturbed_seed/figures/FIGURE_NOTES.md,2314,1379,775,0.06986057920953168,4,199755
81,outputs/experiments/081_coordinate_optimizer_cpu_smoke,outputs/experiments/081_coordinate_optimizer_cpu_smoke/data/multi_rebar_coordinate_optimizer_summary.json,skipped,existing valid pulse/noise artifacts,outputs/experiments/081_coordinate_optimizer_cpu_smoke/figures/source_pulse_noise_context.png,outputs/experiments/081_coordinate_optimizer_cpu_smoke/data/source_pulse_noise_context_summary.json,outputs/experiments/081_coordinate_optimizer_cpu_smoke/figures/FIGURE_NOTES.md,2314,1379,776,0.06819854321543892,4,199755
80,outputs/experiments/080_multi_rebar_stage7_ambiguity_interval_report,,skipped,no compatible coordinate optimizer summary,,,,,,,,,
79,outputs/experiments/079_multi_rebar_stage6_all_targets_confidence_report,,skipped,no compatible coordinate optimizer summary,,,,,,,,,
78,outputs/experiments/078_multi_rebar_right_seed13_21_34_55_confidence_report,,skipped,no compatible coordinate optimizer summary,,,,,,,,,
77,outputs/experiments/077_multi_rebar_right_local_geometry_noise10_seeds21_34_55,,skipped,no compatible coordinate optimizer summary,,,,,,,,,
76,outputs/experiments/076_multi_rebar_center_seed13_21_34_55_confidence_report,,skipped,no compatible coordinate optimizer summary,,,,,,,,,
75,outputs/experiments/075_multi_rebar_center_local_geometry_noise10_seeds21_34_55,,skipped,no compatible coordinate optimizer summary,,,,,,,,,
74,outputs/experiments/074_multi_rebar_left_seed13_21_34_55_confidence_report,,skipped,no compatible coordinate optimizer summary,,,,,,,,,
73,outputs/experiments/073_multi_rebar_left_local_geometry_noise10_seeds34_55,,skipped,no compatible coordinate optimizer summary,,,,,,,,,
72,outputs/experiments/072_multi_rebar_left_seed_confidence_report,,skipped,no compatible coordinate optimizer summary,,,,,,,,,
71,outputs/experiments/071_multi_rebar_left_local_geometry_noise10_seed21,,skipped,no compatible coordinate optimizer summary,,,,,,,,,
70,outputs/experiments/070_multi_rebar_stage4c_confidence_report,,skipped,no compatible coordinate optimizer summary,,,,,,,,,
69,outputs/experiments/069_multi_rebar_right_local_geometry_noise10,,skipped,no compatible coordinate optimizer summary,,,,,,,,,
68,outputs/experiments/068_multi_rebar_center_local_geometry_noise10,,skipped,no compatible coordinate optimizer summary,,,,,,,,,
67,outputs/experiments/067_multi_rebar_left_local_geometry_noise10,,skipped,no compatible coordinate optimizer summary,,,,,,,,,
66,outputs/experiments/066_multi_rebar_right_radius_profile,,skipped,no compatible coordinate optimizer summary,,,,,,,,,
65,outputs/experiments/065_multi_rebar_left_radius_profile,,skipped,no compatible coordinate optimizer summary,,,,,,,,,
64,outputs/experiments/064_multi_rebar_center_radius_profile,,skipped,no compatible coordinate optimizer summary,,,,,,,,,
63,outputs/experiments/063_multi_rebar_common_radius_profile,,skipped,no compatible coordinate optimizer summary,,,,,,,,,
62,outputs/experiments/062_source_profiled_geometry_window_noise10,,skipped,no compatible coordinate optimizer summary,,,,,,,,,
61,outputs/experiments/061_source_profiled_geometry_window_exact_mismatch,,skipped,no compatible coordinate optimizer summary,,,,,,,,,
60,outputs/experiments/060_source_profiled_replication_seed_matrix,,skipped,no compatible coordinate optimizer summary,,,,,,,,,
59,outputs/experiments/059_source_profiled_replication_compact,,skipped,no compatible coordinate optimizer summary,,,,,,,,,
58,outputs/experiments/058_source_profiled_polish_combined_mismatch,,skipped,no compatible coordinate optimizer summary,,,,,,,,,
57,outputs/experiments/057_source_profiled_polish_nominal_smoke,,skipped,no compatible coordinate optimizer summary,,,,,,,,,
56,outputs/experiments/056_material_tradeoff_fixed_xz_exact,,skipped,no compatible coordinate optimizer summary,,,,,,,,,
55,outputs/experiments/055_wavelet_mismatch_radius_amp_time_freqfit,,skipped,no compatible coordinate optimizer summary,,,,,,,,,
54,outputs/experiments/054_wavelet_mismatch_radius_amp_timefit,,skipped,no compatible coordinate optimizer summary,,,,,,,,,
53,outputs/experiments/053_wavelet_mismatch_radius_amplitude_fit,,skipped,no compatible coordinate optimizer summary,,,,,,,,,
52,outputs/experiments/052_wavelet_mismatch_radius_exact,,skipped,no compatible coordinate optimizer summary,,,,,,,,,
51,outputs/experiments/051_w2_landscape_exact_beta8_ds8,,skipped,no compatible coordinate optimizer summary,,,,,,,,,
50,outputs/experiments/050_w2_landscape_exact_beta8_ds16,,skipped,no compatible coordinate optimizer summary,,,,,,,,,
49,outputs/experiments/049_frequency_weight_radius_margin_noise05_seed13,,skipped,no compatible coordinate optimizer summary,,,,,,,,,
48,outputs/experiments/048_trace_wasserstein_convexity_smoke,,skipped,no compatible coordinate optimizer summary,,,,,,,,,
47,outputs/experiments/047_frequency_weight_radius_margin_noise10_seed13,,skipped,no compatible coordinate optimizer summary,,,,,,,,,
46,outputs/experiments/046_frequency_weight_radius_margin_exact,,skipped,no compatible coordinate optimizer summary,,,,,,,,,
45,outputs/experiments/045_pebd_spectrum_bands_exact,,skipped,no compatible coordinate optimizer summary,,,,,,,,,
44,outputs/experiments/044_pebd_spectrum_design_noise10_seed13,,skipped,no compatible coordinate optimizer summary,,,,,,,,,
43,outputs/experiments/043_pebd_spectrum_design_exact,,skipped,no compatible coordinate optimizer summary,,,,,,,,,
42,outputs/experiments/042_plotting_template_validation_smoke,,skipped,no compatible coordinate optimizer summary,,,,,,,,,
41,outputs/experiments/041_cumulative_frequency_weighted_objective_smoke,,skipped,no compatible coordinate optimizer summary,,,,,,,,,
40,outputs/experiments/040_cumulative_frequency_10_15_coarsepolish_from_highradius,,skipped,no compatible coordinate optimizer summary,,,,,,,,,
39,outputs/experiments/039_cumulative_frequency_gridpolish_topk_smoke,,skipped,no compatible coordinate optimizer summary,,,,,,,,,
38,outputs/experiments/038_cumulative_frequency_misfit_summary_smoke,,skipped,no compatible coordinate optimizer summary,,,,,,,,,
37,outputs/experiments/037_bandwidth_noise10_full_coarsepolish_from_lowband_seed13,,skipped,no compatible coordinate optimizer summary,,,,,,,,,
36,outputs/experiments/036_bandwidth_noise10_stage1_020_080_seed13,,skipped,no compatible coordinate optimizer summary,,,,,,,,,
35,outputs/experiments/035_bandwidth_noise05_full_coarsepolish_from_lowband_seed13,,skipped,no compatible coordinate optimizer summary,,,,,,,,,
34,outputs/experiments/034_bandwidth_noise05_stage1_020_080_seed13,,skipped,no compatible coordinate optimizer summary,,,,,,,,,
33,outputs/experiments/033_bandwidth_stage1_then_full_coarsepolish,,skipped,no compatible coordinate optimizer summary,,,,,,,,,
32,outputs/experiments/032_bandwidth_full_from_stage1_no_polish,,skipped,no compatible coordinate optimizer summary,,,,,,,,,
31,outputs/experiments/031_bandwidth_stage3_full_from_stage2_coarsepolish,,skipped,no compatible coordinate optimizer summary,,,,,,,,,
30,outputs/experiments/030_bandwidth_stage2_020_110_from_stage1,,skipped,no compatible coordinate optimizer summary,,,,,,,,,
29,outputs/experiments/029_bandwidth_stage1_020_080_from_2mm,,skipped,no compatible coordinate optimizer summary,,,,,,,,,
28,outputs/experiments/028_bandpass_objective_summary_smoke,,skipped,no compatible coordinate optimizer summary,,,,,,,,,
27,outputs/experiments/027_trace_shift_summary_smoke,,skipped,no compatible coordinate optimizer summary,,,,,,,,,
26,outputs/experiments/026_trace_shift_noise05_optimizer_vs_recovered,,skipped,no compatible coordinate optimizer summary,,,,,,,,,
25,outputs/experiments/025_trace_shift_noise10_top_candidates,,skipped,no compatible coordinate optimizer summary,,,,,,,,,
24,outputs/experiments/024_trace_shift_exact_powell_vs_polish,,skipped,no compatible coordinate optimizer summary,,,,,,,,,
23,outputs/experiments/023_single_rebar_grid1mm_noise10_coarsepolish_topk,,skipped,no compatible coordinate optimizer summary,,,,,,,,,
22,outputs/experiments/022_single_rebar_grid1mm_noise10_coarsepolish,,skipped,no compatible coordinate optimizer summary,,,,,,,,,
21,outputs/experiments/021_single_rebar_grid1mm_noise05_seed21_coarsepolish,,skipped,no compatible coordinate optimizer summary,,,,,,,,,
20,outputs/experiments/020_single_rebar_grid1mm_noise05_coarsepolish,,skipped,no compatible coordinate optimizer summary,,,,,,,,,
19,outputs/experiments/019_single_rebar_grid1mm_noise05_gridpolish_stop006,,skipped,no compatible coordinate optimizer summary,,,,,,,,,
18,outputs/experiments/018_single_rebar_grid1mm_noise05_gridpolish,,skipped,no compatible coordinate optimizer summary,,,,,,,,,
17,outputs/experiments/017_single_rebar_grid1mm_noise01_gridpolish,,skipped,no compatible coordinate optimizer summary,,,,,,,,,
16,outputs/experiments/016_single_rebar_grid1mm_gridpolish_earlystop_from_run009,,skipped,no compatible coordinate optimizer summary,,,,,,,,,
15,outputs/experiments/015_single_rebar_grid1mm_powell_gridpolish_from_2mm,,skipped,no compatible coordinate optimizer summary,,,,,,,,,
14,outputs/experiments/014_single_rebar_grid1mm_gridpolish_from_run009,,skipped,no compatible coordinate optimizer summary,,,,,,,,,
13,outputs/experiments/013_radius_profile_grid1mm_9src_at_run009,,skipped,no compatible coordinate optimizer summary,,,,,,,,,
12,outputs/experiments/012_z_radius_grid1mm_5src_run009x,,skipped,no compatible coordinate optimizer summary,,,,,,,,,
11,outputs/experiments/011_radius_profile_grid1mm_5src_run009x_truez,,skipped,no compatible coordinate optimizer summary,,,,,,,,,
10,outputs/experiments/010_radius_profile_grid1mm_5src_at_run009,,skipped,no compatible coordinate optimizer summary,,,,,,,,,
9,outputs/experiments/009_single_rebar_grid1mm_powell_refine_from_2mm,,skipped,no compatible coordinate optimizer summary,,,,,,,,,
8,outputs/experiments/008_single_rebar_grid1mm_de_5src_60eval_bounded,,skipped,no compatible coordinate optimizer summary,,,,,,,,,
7,outputs/experiments/007_single_rebar_grid1mm_cli_smoke,,skipped,no compatible coordinate optimizer summary,,,,,,,,,
6,outputs/experiments/006_radius_subcell2mm_s9_logsigma_probe,,skipped,no compatible coordinate optimizer summary,,,,,,,,,
5,outputs/experiments/005_radius_subcell2mm_s9_probe,,skipped,no compatible coordinate optimizer summary,,,,,,,,,
4,outputs/experiments/004_radius_subcell2mm_probe,,skipped,no compatible coordinate optimizer summary,,,,,,,,,
3,outputs/experiments/003_radius_grid1mm_probe,,skipped,no compatible coordinate optimizer summary,,,,,,,,,
2,outputs/experiments/002_radius_grid2mm_probe,,skipped,no compatible coordinate optimizer summary,,,,,,,,,
1,outputs/experiments/001_landscape_numbering_smoke,,skipped,no compatible coordinate optimizer summary,,,,,,,,,
