run_number,run_dir,summary_path,status,reason,figure_path,scene_summary_path,figure_notes_path,width_px,height_px,unique_colors,nonwhite_fraction
1120,outputs/experiments/1120_coordinate_optimizer_variable_depth_radius_seed365435296162_target0_sources8_txrx60_ringdown050_objectives,,skipped,no compatible coordinate optimizer summary,,,,,,,
1119,outputs/experiments/1119_gssi51600s_dzt_qc,,skipped,no compatible coordinate optimizer summary,,,,,,,
1118,outputs/experiments/1118_coordinate_optimizer_variable_depth_radius_seed225851433717_target1_sources5_txrx60_ringdown050_objectives,outputs/experiments/1118_coordinate_optimizer_variable_depth_radius_seed225851433717_target1_sources5_txrx60_ringdown050_objectives/data/multi_rebar_coordinate_optimizer_summary.json,refreshed,refresh requested,outputs/experiments/1118_coordinate_optimizer_variable_depth_radius_seed225851433717_target1_sources5_txrx60_ringdown050_objectives/figures/system_scene_geometry.png,outputs/experiments/1118_coordinate_optimizer_variable_depth_radius_seed225851433717_target1_sources5_txrx60_ringdown050_objectives/data/system_scene_geometry_summary.json,outputs/experiments/1118_coordinate_optimizer_variable_depth_radius_seed225851433717_target1_sources5_txrx60_ringdown050_objectives/figures/FIGURE_NOTES.md,1776,1065,2063,0.6298846381592861
1117,outputs/experiments/1117_coordinate_optimizer_variable_depth_radius_seed225851433717_target2_sources5_txrx60_ringdown050_objectives,outputs/experiments/1117_coordinate_optimizer_variable_depth_radius_seed225851433717_target2_sources5_txrx60_ringdown050_objectives/data/multi_rebar_coordinate_optimizer_summary.json,refreshed,refresh requested,outputs/experiments/1117_coordinate_optimizer_variable_depth_radius_seed225851433717_target2_sources5_txrx60_ringdown050_objectives/figures/system_scene_geometry.png,outputs/experiments/1117_coordinate_optimizer_variable_depth_radius_seed225851433717_target2_sources5_txrx60_ringdown050_objectives/data/system_scene_geometry_summary.json,outputs/experiments/1117_coordinate_optimizer_variable_depth_radius_seed225851433717_target2_sources5_txrx60_ringdown050_objectives/figures/FIGURE_NOTES.md,1776,1065,2080,0.6299205896036882
1116,outputs/experiments/1116_coordinate_optimizer_variable_depth_radius_seed225851433717_target0_sources8_txrx60_ringdown050_objectives,outputs/experiments/1116_coordinate_optimizer_variable_depth_radius_seed225851433717_target0_sources8_txrx60_ringdown050_objectives/data/multi_rebar_coordinate_optimizer_summary.json,refreshed,refresh requested,outputs/experiments/1116_coordinate_optimizer_variable_depth_radius_seed225851433717_target0_sources8_txrx60_ringdown050_objectives/figures/system_scene_geometry.png,outputs/experiments/1116_coordinate_optimizer_variable_depth_radius_seed225851433717_target0_sources8_txrx60_ringdown050_objectives/data/system_scene_geometry_summary.json,outputs/experiments/1116_coordinate_optimizer_variable_depth_radius_seed225851433717_target0_sources8_txrx60_ringdown050_objectives/figures/FIGURE_NOTES.md,1776,1065,2103,0.6300046525398638
1115,outputs/experiments/1115_coordinate_optimizer_variable_depth_radius_seed139583862445_target1_sources9_txrx60_ringdown050_objectives,outputs/experiments/1115_coordinate_optimizer_variable_depth_radius_seed139583862445_target1_sources9_txrx60_ringdown050_objectives/data/multi_rebar_coordinate_optimizer_summary.json,refreshed,refresh requested,outputs/experiments/1115_coordinate_optimizer_variable_depth_radius_seed139583862445_target1_sources9_txrx60_ringdown050_objectives/figures/system_scene_geometry.png,outputs/experiments/1115_coordinate_optimizer_variable_depth_radius_seed139583862445_target1_sources9_txrx60_ringdown050_objectives/data/system_scene_geometry_summary.json,outputs/experiments/1115_coordinate_optimizer_variable_depth_radius_seed139583862445_target1_sources9_txrx60_ringdown050_objectives/figures/FIGURE_NOTES.md,1776,1065,2106,0.6301384130609483
1114,outputs/experiments/1114_coordinate_optimizer_variable_depth_radius_seed139583862445_target1_sources5_txrx60_ringdown050_objectives,outputs/experiments/1114_coordinate_optimizer_variable_depth_radius_seed139583862445_target1_sources5_txrx60_ringdown050_objectives/data/multi_rebar_coordinate_optimizer_summary.json,refreshed,refresh requested,outputs/experiments/1114_coordinate_optimizer_variable_depth_radius_seed139583862445_target1_sources5_txrx60_ringdown050_objectives/figures/system_scene_geometry.png,outputs/experiments/1114_coordinate_optimizer_variable_depth_radius_seed139583862445_target1_sources5_txrx60_ringdown050_objectives/data/system_scene_geometry_summary.json,outputs/experiments/1114_coordinate_optimizer_variable_depth_radius_seed139583862445_target1_sources5_txrx60_ringdown050_objectives/figures/FIGURE_NOTES.md,1776,1065,2023,0.6301220234318826
1113,outputs/experiments/1113_coordinate_optimizer_variable_depth_radius_seed139583862445_target2_sources5_txrx60_ringdown050_objectives,outputs/experiments/1113_coordinate_optimizer_variable_depth_radius_seed139583862445_target2_sources5_txrx60_ringdown050_objectives/data/multi_rebar_coordinate_optimizer_summary.json,refreshed,refresh requested,outputs/experiments/1113_coordinate_optimizer_variable_depth_radius_seed139583862445_target2_sources5_txrx60_ringdown050_objectives/figures/system_scene_geometry.png,outputs/experiments/1113_coordinate_optimizer_variable_depth_radius_seed139583862445_target2_sources5_txrx60_ringdown050_objectives/data/system_scene_geometry_summary.json,outputs/experiments/1113_coordinate_optimizer_variable_depth_radius_seed139583862445_target2_sources5_txrx60_ringdown050_objectives/figures/FIGURE_NOTES.md,1776,1065,2071,0.6301511018060314
1112,outputs/experiments/1112_coordinate_optimizer_variable_depth_radius_seed139583862445_target0_sources8_txrx60_ringdown050_objectives,outputs/experiments/1112_coordinate_optimizer_variable_depth_radius_seed139583862445_target0_sources8_txrx60_ringdown050_objectives/data/multi_rebar_coordinate_optimizer_summary.json,refreshed,refresh requested,outputs/experiments/1112_coordinate_optimizer_variable_depth_radius_seed139583862445_target0_sources8_txrx60_ringdown050_objectives/figures/system_scene_geometry.png,outputs/experiments/1112_coordinate_optimizer_variable_depth_radius_seed139583862445_target0_sources8_txrx60_ringdown050_objectives/data/system_scene_geometry_summary.json,outputs/experiments/1112_coordinate_optimizer_variable_depth_radius_seed139583862445_target0_sources8_txrx60_ringdown050_objectives/figures/FIGURE_NOTES.md,1776,1065,2112,0.6302547265575434
1111,outputs/experiments/1111_coordinate_optimizer_variable_depth_radius_seed86267571272_target1_sources5_txrx60_ringdown050_objectives,outputs/experiments/1111_coordinate_optimizer_variable_depth_radius_seed86267571272_target1_sources5_txrx60_ringdown050_objectives/data/multi_rebar_coordinate_optimizer_summary.json,refreshed,refresh requested,outputs/experiments/1111_coordinate_optimizer_variable_depth_radius_seed86267571272_target1_sources5_txrx60_ringdown050_objectives/figures/system_scene_geometry.png,outputs/experiments/1111_coordinate_optimizer_variable_depth_radius_seed86267571272_target1_sources5_txrx60_ringdown050_objectives/data/system_scene_geometry_summary.json,outputs/experiments/1111_coordinate_optimizer_variable_depth_radius_seed86267571272_target1_sources5_txrx60_ringdown050_objectives/figures/FIGURE_NOTES.md,1776,1065,2050,0.6297921160597217
1110,outputs/experiments/1110_coordinate_optimizer_variable_depth_radius_seed86267571272_target2_sources11_txrx60_ringdown050_objectives,outputs/experiments/1110_coordinate_optimizer_variable_depth_radius_seed86267571272_target2_sources11_txrx60_ringdown050_objectives/data/multi_rebar_coordinate_optimizer_summary.json,refreshed,refresh requested,outputs/experiments/1110_coordinate_optimizer_variable_depth_radius_seed86267571272_target2_sources11_txrx60_ringdown050_objectives/figures/system_scene_geometry.png,outputs/experiments/1110_coordinate_optimizer_variable_depth_radius_seed86267571272_target2_sources11_txrx60_ringdown050_objectives/data/system_scene_geometry_summary.json,outputs/experiments/1110_coordinate_optimizer_variable_depth_radius_seed86267571272_target2_sources11_txrx60_ringdown050_objectives/figures/FIGURE_NOTES.md,1775,1065,2101,0.6303384249156914
1109,outputs/experiments/1109_coordinate_optimizer_variable_depth_radius_seed86267571272_target2_sources9_txrx60_ringdown050_objectives,outputs/experiments/1109_coordinate_optimizer_variable_depth_radius_seed86267571272_target2_sources9_txrx60_ringdown050_objectives/data/multi_rebar_coordinate_optimizer_summary.json,refreshed,refresh requested,outputs/experiments/1109_coordinate_optimizer_variable_depth_radius_seed86267571272_target2_sources9_txrx60_ringdown050_objectives/figures/system_scene_geometry.png,outputs/experiments/1109_coordinate_optimizer_variable_depth_radius_seed86267571272_target2_sources9_txrx60_ringdown050_objectives/data/system_scene_geometry_summary.json,outputs/experiments/1109_coordinate_optimizer_variable_depth_radius_seed86267571272_target2_sources9_txrx60_ringdown050_objectives/figures/FIGURE_NOTES.md,1776,1065,2133,0.6298365266675126
1108,outputs/experiments/1108_coordinate_optimizer_variable_depth_radius_seed86267571272_target2_sources7_txrx60_ringdown050_objectives,outputs/experiments/1108_coordinate_optimizer_variable_depth_radius_seed86267571272_target2_sources7_txrx60_ringdown050_objectives/data/multi_rebar_coordinate_optimizer_summary.json,refreshed,refresh requested,outputs/experiments/1108_coordinate_optimizer_variable_depth_radius_seed86267571272_target2_sources7_txrx60_ringdown050_objectives/figures/system_scene_geometry.png,outputs/experiments/1108_coordinate_optimizer_variable_depth_radius_seed86267571272_target2_sources7_txrx60_ringdown050_objectives/data/system_scene_geometry_summary.json,outputs/experiments/1108_coordinate_optimizer_variable_depth_radius_seed86267571272_target2_sources7_txrx60_ringdown050_objectives/figures/FIGURE_NOTES.md,1775,1065,2060,0.6300998479137737
1107,outputs/experiments/1107_coordinate_optimizer_variable_depth_radius_seed86267571272_target2_sources5_txrx60_ringdown050_objectives,outputs/experiments/1107_coordinate_optimizer_variable_depth_radius_seed86267571272_target2_sources5_txrx60_ringdown050_objectives/data/multi_rebar_coordinate_optimizer_summary.json,refreshed,refresh requested,outputs/experiments/1107_coordinate_optimizer_variable_depth_radius_seed86267571272_target2_sources5_txrx60_ringdown050_objectives/figures/system_scene_geometry.png,outputs/experiments/1107_coordinate_optimizer_variable_depth_radius_seed86267571272_target2_sources5_txrx60_ringdown050_objectives/data/system_scene_geometry_summary.json,outputs/experiments/1107_coordinate_optimizer_variable_depth_radius_seed86267571272_target2_sources5_txrx60_ringdown050_objectives/figures/FIGURE_NOTES.md,1775,1065,2042,0.630172849302387
1106,outputs/experiments/1106_coordinate_optimizer_variable_depth_radius_seed86267571272_target0_sources8_txrx60_ringdown050_objectives,outputs/experiments/1106_coordinate_optimizer_variable_depth_radius_seed86267571272_target0_sources8_txrx60_ringdown050_objectives/data/multi_rebar_coordinate_optimizer_summary.json,refreshed,refresh requested,outputs/experiments/1106_coordinate_optimizer_variable_depth_radius_seed86267571272_target0_sources8_txrx60_ringdown050_objectives/figures/system_scene_geometry.png,outputs/experiments/1106_coordinate_optimizer_variable_depth_radius_seed86267571272_target0_sources8_txrx60_ringdown050_objectives/data/system_scene_geometry_summary.json,outputs/experiments/1106_coordinate_optimizer_variable_depth_radius_seed86267571272_target0_sources8_txrx60_ringdown050_objectives/figures/FIGURE_NOTES.md,1776,1065,2129,0.6299232330922472
1105,outputs/experiments/1105_coordinate_optimizer_variable_depth_radius_seed53316291173_target1_sources5_txrx60_ringdown050_objectives,outputs/experiments/1105_coordinate_optimizer_variable_depth_radius_seed53316291173_target1_sources5_txrx60_ringdown050_objectives/data/multi_rebar_coordinate_optimizer_summary.json,refreshed,refresh requested,outputs/experiments/1105_coordinate_optimizer_variable_depth_radius_seed53316291173_target1_sources5_txrx60_ringdown050_objectives/figures/system_scene_geometry.png,outputs/experiments/1105_coordinate_optimizer_variable_depth_radius_seed53316291173_target1_sources5_txrx60_ringdown050_objectives/data/system_scene_geometry_summary.json,outputs/experiments/1105_coordinate_optimizer_variable_depth_radius_seed53316291173_target1_sources5_txrx60_ringdown050_objectives/figures/FIGURE_NOTES.md,1776,1065,2046,0.6298661337393732
1104,outputs/experiments/1104_coordinate_optimizer_variable_depth_radius_seed53316291173_target2_sources11_txrx60_ringdown050_objectives,outputs/experiments/1104_coordinate_optimizer_variable_depth_radius_seed53316291173_target2_sources11_txrx60_ringdown050_objectives/data/multi_rebar_coordinate_optimizer_summary.json,refreshed,refresh requested,outputs/experiments/1104_coordinate_optimizer_variable_depth_radius_seed53316291173_target2_sources11_txrx60_ringdown050_objectives/figures/system_scene_geometry.png,outputs/experiments/1104_coordinate_optimizer_variable_depth_radius_seed53316291173_target2_sources11_txrx60_ringdown050_objectives/data/system_scene_geometry_summary.json,outputs/experiments/1104_coordinate_optimizer_variable_depth_radius_seed53316291173_target2_sources11_txrx60_ringdown050_objectives/figures/FIGURE_NOTES.md,1776,1065,2128,0.6299671150023263
1103,outputs/experiments/1103_coordinate_optimizer_variable_depth_radius_seed53316291173_target2_sources9_txrx60_ringdown050_objectives,outputs/experiments/1103_coordinate_optimizer_variable_depth_radius_seed53316291173_target2_sources9_txrx60_ringdown050_objectives/data/multi_rebar_coordinate_optimizer_summary.json,refreshed,refresh requested,outputs/experiments/1103_coordinate_optimizer_variable_depth_radius_seed53316291173_target2_sources9_txrx60_ringdown050_objectives/figures/system_scene_geometry.png,outputs/experiments/1103_coordinate_optimizer_variable_depth_radius_seed53316291173_target2_sources9_txrx60_ringdown050_objectives/data/system_scene_geometry_summary.json,outputs/experiments/1103_coordinate_optimizer_variable_depth_radius_seed53316291173_target2_sources9_txrx60_ringdown050_objectives/figures/FIGURE_NOTES.md,1776,1065,2123,0.6298904538341158
1102,outputs/experiments/1102_coordinate_optimizer_variable_depth_radius_seed53316291173_target2_sources7_txrx60_ringdown050_objectives,outputs/experiments/1102_coordinate_optimizer_variable_depth_radius_seed53316291173_target2_sources7_txrx60_ringdown050_objectives/data/multi_rebar_coordinate_optimizer_summary.json,refreshed,refresh requested,outputs/experiments/1102_coordinate_optimizer_variable_depth_radius_seed53316291173_target2_sources7_txrx60_ringdown050_objectives/figures/system_scene_geometry.png,outputs/experiments/1102_coordinate_optimizer_variable_depth_radius_seed53316291173_target2_sources7_txrx60_ringdown050_objectives/data/system_scene_geometry_summary.json,outputs/experiments/1102_coordinate_optimizer_variable_depth_radius_seed53316291173_target2_sources7_txrx60_ringdown050_objectives/figures/FIGURE_NOTES.md,1776,1065,2096,0.6297640950809965
1101,outputs/experiments/1101_coordinate_optimizer_variable_depth_radius_seed53316291173_target2_sources5_txrx60_ringdown050_objectives,outputs/experiments/1101_coordinate_optimizer_variable_depth_radius_seed53316291173_target2_sources5_txrx60_ringdown050_objectives/data/multi_rebar_coordinate_optimizer_summary.json,refreshed,refresh requested,outputs/experiments/1101_coordinate_optimizer_variable_depth_radius_seed53316291173_target2_sources5_txrx60_ringdown050_objectives/figures/system_scene_geometry.png,outputs/experiments/1101_coordinate_optimizer_variable_depth_radius_seed53316291173_target2_sources5_txrx60_ringdown050_objectives/data/system_scene_geometry_summary.json,outputs/experiments/1101_coordinate_optimizer_variable_depth_radius_seed53316291173_target2_sources5_txrx60_ringdown050_objectives/figures/FIGURE_NOTES.md,1776,1065,2081,0.6298338831789536
1100,outputs/experiments/1100_coordinate_optimizer_variable_depth_radius_seed53316291173_target0_sources8_txrx60_ringdown050_objectives,outputs/experiments/1100_coordinate_optimizer_variable_depth_radius_seed53316291173_target0_sources8_txrx60_ringdown050_objectives/data/multi_rebar_coordinate_optimizer_summary.json,refreshed,refresh requested,outputs/experiments/1100_coordinate_optimizer_variable_depth_radius_seed53316291173_target0_sources8_txrx60_ringdown050_objectives/figures/system_scene_geometry.png,outputs/experiments/1100_coordinate_optimizer_variable_depth_radius_seed53316291173_target0_sources8_txrx60_ringdown050_objectives/data/system_scene_geometry_summary.json,outputs/experiments/1100_coordinate_optimizer_variable_depth_radius_seed53316291173_target0_sources8_txrx60_ringdown050_objectives/figures/FIGURE_NOTES.md,1776,1065,2102,0.6299935498879161
1099,outputs/experiments/1099_coordinate_optimizer_variable_depth_radius_seed32951280099_target1_sources5_txrx60_ringdown050_objectives,outputs/experiments/1099_coordinate_optimizer_variable_depth_radius_seed32951280099_target1_sources5_txrx60_ringdown050_objectives/data/multi_rebar_coordinate_optimizer_summary.json,refreshed,refresh requested,outputs/experiments/1099_coordinate_optimizer_variable_depth_radius_seed32951280099_target1_sources5_txrx60_ringdown050_objectives/figures/system_scene_geometry.png,outputs/experiments/1099_coordinate_optimizer_variable_depth_radius_seed32951280099_target1_sources5_txrx60_ringdown050_objectives/data/system_scene_geometry_summary.json,outputs/experiments/1099_coordinate_optimizer_variable_depth_radius_seed32951280099_target1_sources5_txrx60_ringdown050_objectives/figures/FIGURE_NOTES.md,1776,1065,2056,0.6300088821215581
1098,outputs/experiments/1098_coordinate_optimizer_variable_depth_radius_seed32951280099_target2_sources9_txrx60_ringdown050_objectives,outputs/experiments/1098_coordinate_optimizer_variable_depth_radius_seed32951280099_target2_sources9_txrx60_ringdown050_objectives/data/multi_rebar_coordinate_optimizer_summary.json,refreshed,refresh requested,outputs/experiments/1098_coordinate_optimizer_variable_depth_radius_seed32951280099_target2_sources9_txrx60_ringdown050_objectives/figures/system_scene_geometry.png,outputs/experiments/1098_coordinate_optimizer_variable_depth_radius_seed32951280099_target2_sources9_txrx60_ringdown050_objectives/data/system_scene_geometry_summary.json,outputs/experiments/1098_coordinate_optimizer_variable_depth_radius_seed32951280099_target2_sources9_txrx60_ringdown050_objectives/figures/FIGURE_NOTES.md,1776,1065,2126,0.6300469483568075
1097,outputs/experiments/1097_coordinate_optimizer_variable_depth_radius_seed32951280099_target2_sources7_txrx60_ringdown050_objectives,outputs/experiments/1097_coordinate_optimizer_variable_depth_radius_seed32951280099_target2_sources7_txrx60_ringdown050_objectives/data/multi_rebar_coordinate_optimizer_summary.json,refreshed,refresh requested,outputs/experiments/1097_coordinate_optimizer_variable_depth_radius_seed32951280099_target2_sources7_txrx60_ringdown050_objectives/figures/system_scene_geometry.png,outputs/experiments/1097_coordinate_optimizer_variable_depth_radius_seed32951280099_target2_sources7_txrx60_ringdown050_objectives/data/system_scene_geometry_summary.json,outputs/experiments/1097_coordinate_optimizer_variable_depth_radius_seed32951280099_target2_sources7_txrx60_ringdown050_objectives/figures/FIGURE_NOTES.md,1776,1065,2088,0.629965000211479
1096,outputs/experiments/1096_coordinate_optimizer_variable_depth_radius_seed32951280099_target2_sources5_txrx60_ringdown050_objectives,outputs/experiments/1096_coordinate_optimizer_variable_depth_radius_seed32951280099_target2_sources5_txrx60_ringdown050_objectives/data/multi_rebar_coordinate_optimizer_summary.json,refreshed,refresh requested,outputs/experiments/1096_coordinate_optimizer_variable_depth_radius_seed32951280099_target2_sources5_txrx60_ringdown050_objectives/figures/system_scene_geometry.png,outputs/experiments/1096_coordinate_optimizer_variable_depth_radius_seed32951280099_target2_sources5_txrx60_ringdown050_objectives/data/system_scene_geometry_summary.json,outputs/experiments/1096_coordinate_optimizer_variable_depth_radius_seed32951280099_target2_sources5_txrx60_ringdown050_objectives/figures/FIGURE_NOTES.md,1776,1065,2068,0.6300363744025715
1095,outputs/experiments/1095_coordinate_optimizer_variable_depth_radius_seed32951280099_target0_sources8_txrx60_ringdown050_objectives,outputs/experiments/1095_coordinate_optimizer_variable_depth_radius_seed32951280099_target0_sources8_txrx60_ringdown050_objectives/data/multi_rebar_coordinate_optimizer_summary.json,refreshed,refresh requested,outputs/experiments/1095_coordinate_optimizer_variable_depth_radius_seed32951280099_target0_sources8_txrx60_ringdown050_objectives/figures/system_scene_geometry.png,outputs/experiments/1095_coordinate_optimizer_variable_depth_radius_seed32951280099_target0_sources8_txrx60_ringdown050_objectives/data/system_scene_geometry_summary.json,outputs/experiments/1095_coordinate_optimizer_variable_depth_radius_seed32951280099_target0_sources8_txrx60_ringdown050_objectives/figures/FIGURE_NOTES.md,1777,1065,2107,0.6302324168232052
1094,outputs/experiments/1094_coordinate_optimizer_variable_depth_radius_seed20365011074_target1_sources5_txrx60_ringdown050_objectives,outputs/experiments/1094_coordinate_optimizer_variable_depth_radius_seed20365011074_target1_sources5_txrx60_ringdown050_objectives/data/multi_rebar_coordinate_optimizer_summary.json,refreshed,refresh requested,outputs/experiments/1094_coordinate_optimizer_variable_depth_radius_seed20365011074_target1_sources5_txrx60_ringdown050_objectives/figures/system_scene_geometry.png,outputs/experiments/1094_coordinate_optimizer_variable_depth_radius_seed20365011074_target1_sources5_txrx60_ringdown050_objectives/data/system_scene_geometry_summary.json,outputs/experiments/1094_coordinate_optimizer_variable_depth_radius_seed20365011074_target1_sources5_txrx60_ringdown050_objectives/figures/FIGURE_NOTES.md,1776,1065,2056,0.6299110730448758
1093,outputs/experiments/1093_coordinate_optimizer_variable_depth_radius_seed20365011074_target2_sources11_txrx60_ringdown050_objectives,outputs/experiments/1093_coordinate_optimizer_variable_depth_radius_seed20365011074_target2_sources11_txrx60_ringdown050_objectives/data/multi_rebar_coordinate_optimizer_summary.json,refreshed,refresh requested,outputs/experiments/1093_coordinate_optimizer_variable_depth_radius_seed20365011074_target2_sources11_txrx60_ringdown050_objectives/figures/system_scene_geometry.png,outputs/experiments/1093_coordinate_optimizer_variable_depth_radius_seed20365011074_target2_sources11_txrx60_ringdown050_objectives/data/system_scene_geometry_summary.json,outputs/experiments/1093_coordinate_optimizer_variable_depth_radius_seed20365011074_target2_sources11_txrx60_ringdown050_objectives/figures/FIGURE_NOTES.md,1776,1065,2105,0.6300453622636721
1092,outputs/experiments/1092_coordinate_optimizer_variable_depth_radius_seed20365011074_target2_sources9_txrx60_ringdown050_objectives,outputs/experiments/1092_coordinate_optimizer_variable_depth_radius_seed20365011074_target2_sources9_txrx60_ringdown050_objectives/data/multi_rebar_coordinate_optimizer_summary.json,refreshed,refresh requested,outputs/experiments/1092_coordinate_optimizer_variable_depth_radius_seed20365011074_target2_sources9_txrx60_ringdown050_objectives/figures/system_scene_geometry.png,outputs/experiments/1092_coordinate_optimizer_variable_depth_radius_seed20365011074_target2_sources9_txrx60_ringdown050_objectives/data/system_scene_geometry_summary.json,outputs/experiments/1092_coordinate_optimizer_variable_depth_radius_seed20365011074_target2_sources9_txrx60_ringdown050_objectives/figures/FIGURE_NOTES.md,1776,1065,2126,0.6299491392801252
1091,outputs/experiments/1091_coordinate_optimizer_variable_depth_radius_seed20365011074_target2_sources7_txrx60_ringdown050_objectives,outputs/experiments/1091_coordinate_optimizer_variable_depth_radius_seed20365011074_target2_sources7_txrx60_ringdown050_objectives/data/multi_rebar_coordinate_optimizer_summary.json,refreshed,refresh requested,outputs/experiments/1091_coordinate_optimizer_variable_depth_radius_seed20365011074_target2_sources7_txrx60_ringdown050_objectives/figures/system_scene_geometry.png,outputs/experiments/1091_coordinate_optimizer_variable_depth_radius_seed20365011074_target2_sources7_txrx60_ringdown050_objectives/data/system_scene_geometry_summary.json,outputs/experiments/1091_coordinate_optimizer_variable_depth_radius_seed20365011074_target2_sources7_txrx60_ringdown050_objectives/figures/FIGURE_NOTES.md,1776,1065,2088,0.6298671911347967
1090,outputs/experiments/1090_coordinate_optimizer_variable_depth_radius_seed20365011074_target2_sources5_txrx60_ringdown050_objectives,outputs/experiments/1090_coordinate_optimizer_variable_depth_radius_seed20365011074_target2_sources5_txrx60_ringdown050_objectives/data/multi_rebar_coordinate_optimizer_summary.json,refreshed,refresh requested,outputs/experiments/1090_coordinate_optimizer_variable_depth_radius_seed20365011074_target2_sources5_txrx60_ringdown050_objectives/figures/system_scene_geometry.png,outputs/experiments/1090_coordinate_optimizer_variable_depth_radius_seed20365011074_target2_sources5_txrx60_ringdown050_objectives/data/system_scene_geometry_summary.json,outputs/experiments/1090_coordinate_optimizer_variable_depth_radius_seed20365011074_target2_sources5_txrx60_ringdown050_objectives/figures/FIGURE_NOTES.md,1776,1065,2068,0.6299385653258893
1089,outputs/experiments/1089_coordinate_optimizer_variable_depth_radius_seed20365011074_target0_sources8_txrx60_ringdown050_objectives,outputs/experiments/1089_coordinate_optimizer_variable_depth_radius_seed20365011074_target0_sources8_txrx60_ringdown050_objectives/data/multi_rebar_coordinate_optimizer_summary.json,refreshed,refresh requested,outputs/experiments/1089_coordinate_optimizer_variable_depth_radius_seed20365011074_target0_sources8_txrx60_ringdown050_objectives/figures/system_scene_geometry.png,outputs/experiments/1089_coordinate_optimizer_variable_depth_radius_seed20365011074_target0_sources8_txrx60_ringdown050_objectives/data/system_scene_geometry_summary.json,outputs/experiments/1089_coordinate_optimizer_variable_depth_radius_seed20365011074_target0_sources8_txrx60_ringdown050_objectives/figures/FIGURE_NOTES.md,1777,1065,2107,0.6301346627882093
1088,outputs/experiments/1088_coordinate_optimizer_variable_depth_radius_seed12586269025_target1_sources5_txrx60_ringdown050_objectives,outputs/experiments/1088_coordinate_optimizer_variable_depth_radius_seed12586269025_target1_sources5_txrx60_ringdown050_objectives/data/multi_rebar_coordinate_optimizer_summary.json,refreshed,refresh requested,outputs/experiments/1088_coordinate_optimizer_variable_depth_radius_seed12586269025_target1_sources5_txrx60_ringdown050_objectives/figures/system_scene_geometry.png,outputs/experiments/1088_coordinate_optimizer_variable_depth_radius_seed12586269025_target1_sources5_txrx60_ringdown050_objectives/data/system_scene_geometry_summary.json,outputs/experiments/1088_coordinate_optimizer_variable_depth_radius_seed12586269025_target1_sources5_txrx60_ringdown050_objectives/figures/FIGURE_NOTES.md,1776,1065,2048,0.6299607706297847
1087,outputs/experiments/1087_coordinate_optimizer_variable_depth_radius_seed12586269025_target2_sources5_txrx60_ringdown050_objectives,outputs/experiments/1087_coordinate_optimizer_variable_depth_radius_seed12586269025_target2_sources5_txrx60_ringdown050_objectives/data/multi_rebar_coordinate_optimizer_summary.json,refreshed,refresh requested,outputs/experiments/1087_coordinate_optimizer_variable_depth_radius_seed12586269025_target2_sources5_txrx60_ringdown050_objectives/figures/system_scene_geometry.png,outputs/experiments/1087_coordinate_optimizer_variable_depth_radius_seed12586269025_target2_sources5_txrx60_ringdown050_objectives/data/system_scene_geometry_summary.json,outputs/experiments/1087_coordinate_optimizer_variable_depth_radius_seed12586269025_target2_sources5_txrx60_ringdown050_objectives/figures/FIGURE_NOTES.md,1776,1065,2092,0.6299639428160555
1086,outputs/experiments/1086_coordinate_optimizer_variable_depth_radius_seed12586269025_target0_sources8_txrx60_ringdown050_objectives,outputs/experiments/1086_coordinate_optimizer_variable_depth_radius_seed12586269025_target0_sources8_txrx60_ringdown050_objectives/data/multi_rebar_coordinate_optimizer_summary.json,refreshed,refresh requested,outputs/experiments/1086_coordinate_optimizer_variable_depth_radius_seed12586269025_target0_sources8_txrx60_ringdown050_objectives/figures/system_scene_geometry.png,outputs/experiments/1086_coordinate_optimizer_variable_depth_radius_seed12586269025_target0_sources8_txrx60_ringdown050_objectives/data/system_scene_geometry_summary.json,outputs/experiments/1086_coordinate_optimizer_variable_depth_radius_seed12586269025_target0_sources8_txrx60_ringdown050_objectives/figures/FIGURE_NOTES.md,1776,1065,2120,0.6301262530135769
1085,outputs/experiments/1085_coordinate_optimizer_variable_depth_radius_seed7778742049_target1_sources5_txrx60_ringdown050_objectives,outputs/experiments/1085_coordinate_optimizer_variable_depth_radius_seed7778742049_target1_sources5_txrx60_ringdown050_objectives/data/multi_rebar_coordinate_optimizer_summary.json,refreshed,refresh requested,outputs/experiments/1085_coordinate_optimizer_variable_depth_radius_seed7778742049_target1_sources5_txrx60_ringdown050_objectives/figures/system_scene_geometry.png,outputs/experiments/1085_coordinate_optimizer_variable_depth_radius_seed7778742049_target1_sources5_txrx60_ringdown050_objectives/data/system_scene_geometry_summary.json,outputs/experiments/1085_coordinate_optimizer_variable_depth_radius_seed7778742049_target1_sources5_txrx60_ringdown050_objectives/figures/FIGURE_NOTES.md,1776,1065,2056,0.6297355454045594
1084,outputs/experiments/1084_coordinate_optimizer_variable_depth_radius_seed7778742049_target2_sources9_txrx60_ringdown050_objectives,outputs/experiments/1084_coordinate_optimizer_variable_depth_radius_seed7778742049_target2_sources9_txrx60_ringdown050_objectives/data/multi_rebar_coordinate_optimizer_summary.json,refreshed,refresh requested,outputs/experiments/1084_coordinate_optimizer_variable_depth_radius_seed7778742049_target2_sources9_txrx60_ringdown050_objectives/figures/system_scene_geometry.png,outputs/experiments/1084_coordinate_optimizer_variable_depth_radius_seed7778742049_target2_sources9_txrx60_ringdown050_objectives/data/system_scene_geometry_summary.json,outputs/experiments/1084_coordinate_optimizer_variable_depth_radius_seed7778742049_target2_sources9_txrx60_ringdown050_objectives/figures/FIGURE_NOTES.md,1776,1065,2126,0.6297598654993021
1083,outputs/experiments/1083_coordinate_optimizer_variable_depth_radius_seed7778742049_target2_sources7_txrx60_ringdown050_objectives,outputs/experiments/1083_coordinate_optimizer_variable_depth_radius_seed7778742049_target2_sources7_txrx60_ringdown050_objectives/data/multi_rebar_coordinate_optimizer_summary.json,refreshed,refresh requested,outputs/experiments/1083_coordinate_optimizer_variable_depth_radius_seed7778742049_target2_sources7_txrx60_ringdown050_objectives/figures/system_scene_geometry.png,outputs/experiments/1083_coordinate_optimizer_variable_depth_radius_seed7778742049_target2_sources7_txrx60_ringdown050_objectives/data/system_scene_geometry_summary.json,outputs/experiments/1083_coordinate_optimizer_variable_depth_radius_seed7778742049_target2_sources7_txrx60_ringdown050_objectives/figures/FIGURE_NOTES.md,1776,1065,2088,0.6296699868882968
1082,outputs/experiments/1082_coordinate_optimizer_variable_depth_radius_seed7778742049_target2_sources5_txrx60_ringdown050_objectives,outputs/experiments/1082_coordinate_optimizer_variable_depth_radius_seed7778742049_target2_sources5_txrx60_ringdown050_objectives/data/multi_rebar_coordinate_optimizer_summary.json,refreshed,refresh requested,outputs/experiments/1082_coordinate_optimizer_variable_depth_radius_seed7778742049_target2_sources5_txrx60_ringdown050_objectives/figures/system_scene_geometry.png,outputs/experiments/1082_coordinate_optimizer_variable_depth_radius_seed7778742049_target2_sources5_txrx60_ringdown050_objectives/data/system_scene_geometry_summary.json,outputs/experiments/1082_coordinate_optimizer_variable_depth_radius_seed7778742049_target2_sources5_txrx60_ringdown050_objectives/figures/FIGURE_NOTES.md,1776,1065,2068,0.6297397749862539
1081,outputs/experiments/1081_coordinate_optimizer_variable_depth_radius_seed7778742049_target0_sources9_txrx60_ringdown050_objectives,outputs/experiments/1081_coordinate_optimizer_variable_depth_radius_seed7778742049_target0_sources9_txrx60_ringdown050_objectives/data/multi_rebar_coordinate_optimizer_summary.json,refreshed,refresh requested,outputs/experiments/1081_coordinate_optimizer_variable_depth_radius_seed7778742049_target0_sources9_txrx60_ringdown050_objectives/figures/system_scene_geometry.png,outputs/experiments/1081_coordinate_optimizer_variable_depth_radius_seed7778742049_target0_sources9_txrx60_ringdown050_objectives/data/system_scene_geometry_summary.json,outputs/experiments/1081_coordinate_optimizer_variable_depth_radius_seed7778742049_target0_sources9_txrx60_ringdown050_objectives/figures/FIGURE_NOTES.md,1777,1065,2144,0.6295682177854219
1080,outputs/experiments/1080_coordinate_optimizer_variable_depth_radius_seed7778742049_target0_sources8_txrx52p5_ringdown050_objectives,outputs/experiments/1080_coordinate_optimizer_variable_depth_radius_seed7778742049_target0_sources8_txrx52p5_ringdown050_objectives/data/multi_rebar_coordinate_optimizer_summary.json,refreshed,refresh requested,outputs/experiments/1080_coordinate_optimizer_variable_depth_radius_seed7778742049_target0_sources8_txrx52p5_ringdown050_objectives/figures/system_scene_geometry.png,outputs/experiments/1080_coordinate_optimizer_variable_depth_radius_seed7778742049_target0_sources8_txrx52p5_ringdown050_objectives/data/system_scene_geometry_summary.json,outputs/experiments/1080_coordinate_optimizer_variable_depth_radius_seed7778742049_target0_sources8_txrx52p5_ringdown050_objectives/figures/FIGURE_NOTES.md,1777,1065,2061,0.6297922594656289
1079,outputs/experiments/1079_coordinate_optimizer_variable_depth_radius_seed7778742049_target0_sources8_txrx60_ringdown050_objectives,outputs/experiments/1079_coordinate_optimizer_variable_depth_radius_seed7778742049_target0_sources8_txrx60_ringdown050_objectives/data/multi_rebar_coordinate_optimizer_summary.json,refreshed,refresh requested,outputs/experiments/1079_coordinate_optimizer_variable_depth_radius_seed7778742049_target0_sources8_txrx60_ringdown050_objectives/figures/system_scene_geometry.png,outputs/experiments/1079_coordinate_optimizer_variable_depth_radius_seed7778742049_target0_sources8_txrx60_ringdown050_objectives/data/system_scene_geometry_summary.json,outputs/experiments/1079_coordinate_optimizer_variable_depth_radius_seed7778742049_target0_sources8_txrx60_ringdown050_objectives/figures/FIGURE_NOTES.md,1777,1065,2107,0.62995659192446
1078,outputs/experiments/1078_coordinate_optimizer_variable_depth_radius_seed4807526976_target1_sources5_txrx60_ringdown050_objectives,outputs/experiments/1078_coordinate_optimizer_variable_depth_radius_seed4807526976_target1_sources5_txrx60_ringdown050_objectives/data/multi_rebar_coordinate_optimizer_summary.json,refreshed,refresh requested,outputs/experiments/1078_coordinate_optimizer_variable_depth_radius_seed4807526976_target1_sources5_txrx60_ringdown050_objectives/figures/system_scene_geometry.png,outputs/experiments/1078_coordinate_optimizer_variable_depth_radius_seed4807526976_target1_sources5_txrx60_ringdown050_objectives/data/system_scene_geometry_summary.json,outputs/experiments/1078_coordinate_optimizer_variable_depth_radius_seed4807526976_target1_sources5_txrx60_ringdown050_objectives/figures/FIGURE_NOTES.md,1776,1065,2054,0.6298206657361587
1077,outputs/experiments/1077_coordinate_optimizer_variable_depth_radius_seed4807526976_target2_sources5_txrx60_ringdown050_objectives,outputs/experiments/1077_coordinate_optimizer_variable_depth_radius_seed4807526976_target2_sources5_txrx60_ringdown050_objectives/data/multi_rebar_coordinate_optimizer_summary.json,refreshed,refresh requested,outputs/experiments/1077_coordinate_optimizer_variable_depth_radius_seed4807526976_target2_sources5_txrx60_ringdown050_objectives/figures/system_scene_geometry.png,outputs/experiments/1077_coordinate_optimizer_variable_depth_radius_seed4807526976_target2_sources5_txrx60_ringdown050_objectives/data/system_scene_geometry_summary.json,outputs/experiments/1077_coordinate_optimizer_variable_depth_radius_seed4807526976_target2_sources5_txrx60_ringdown050_objectives/figures/FIGURE_NOTES.md,1776,1065,2065,0.6298217231315822
1076,outputs/experiments/1076_coordinate_optimizer_variable_depth_radius_seed4807526976_target0_sources8_txrx60_ringdown050_objectives,outputs/experiments/1076_coordinate_optimizer_variable_depth_radius_seed4807526976_target0_sources8_txrx60_ringdown050_objectives/data/multi_rebar_coordinate_optimizer_summary.json,refreshed,refresh requested,outputs/experiments/1076_coordinate_optimizer_variable_depth_radius_seed4807526976_target0_sources8_txrx60_ringdown050_objectives/figures/system_scene_geometry.png,outputs/experiments/1076_coordinate_optimizer_variable_depth_radius_seed4807526976_target0_sources8_txrx60_ringdown050_objectives/data/system_scene_geometry_summary.json,outputs/experiments/1076_coordinate_optimizer_variable_depth_radius_seed4807526976_target0_sources8_txrx60_ringdown050_objectives/figures/FIGURE_NOTES.md,1776,1065,2116,0.629949667977837
1075,outputs/experiments/1075_coordinate_optimizer_variable_depth_radius_seed2971215073_target1_sources5_txrx60_ringdown050_objectives,outputs/experiments/1075_coordinate_optimizer_variable_depth_radius_seed2971215073_target1_sources5_txrx60_ringdown050_objectives/data/multi_rebar_coordinate_optimizer_summary.json,refreshed,refresh requested,outputs/experiments/1075_coordinate_optimizer_variable_depth_radius_seed2971215073_target1_sources5_txrx60_ringdown050_objectives/figures/system_scene_geometry.png,outputs/experiments/1075_coordinate_optimizer_variable_depth_radius_seed2971215073_target1_sources5_txrx60_ringdown050_objectives/data/system_scene_geometry_summary.json,outputs/experiments/1075_coordinate_optimizer_variable_depth_radius_seed2971215073_target1_sources5_txrx60_ringdown050_objectives/figures/FIGURE_NOTES.md,1776,1065,2046,0.6296678720974496
1074,outputs/experiments/1074_coordinate_optimizer_variable_depth_radius_seed2971215073_target2_sources5_txrx60_ringdown050_objectives,outputs/experiments/1074_coordinate_optimizer_variable_depth_radius_seed2971215073_target2_sources5_txrx60_ringdown050_objectives/data/multi_rebar_coordinate_optimizer_summary.json,refreshed,refresh requested,outputs/experiments/1074_coordinate_optimizer_variable_depth_radius_seed2971215073_target2_sources5_txrx60_ringdown050_objectives/figures/system_scene_geometry.png,outputs/experiments/1074_coordinate_optimizer_variable_depth_radius_seed2971215073_target2_sources5_txrx60_ringdown050_objectives/data/system_scene_geometry_summary.json,outputs/experiments/1074_coordinate_optimizer_variable_depth_radius_seed2971215073_target2_sources5_txrx60_ringdown050_objectives/figures/FIGURE_NOTES.md,1776,1065,2081,0.6296541259569428
1073,outputs/experiments/1073_coordinate_optimizer_variable_depth_radius_seed2971215073_target0_sources8_txrx60_ringdown050_objectives,outputs/experiments/1073_coordinate_optimizer_variable_depth_radius_seed2971215073_target0_sources8_txrx60_ringdown050_objectives/data/multi_rebar_coordinate_optimizer_summary.json,refreshed,refresh requested,outputs/experiments/1073_coordinate_optimizer_variable_depth_radius_seed2971215073_target0_sources8_txrx60_ringdown050_objectives/figures/system_scene_geometry.png,outputs/experiments/1073_coordinate_optimizer_variable_depth_radius_seed2971215073_target0_sources8_txrx60_ringdown050_objectives/data/system_scene_geometry_summary.json,outputs/experiments/1073_coordinate_optimizer_variable_depth_radius_seed2971215073_target0_sources8_txrx60_ringdown050_objectives/figures/FIGURE_NOTES.md,1776,1065,2102,0.6298016326185341
1072,outputs/experiments/1072_coordinate_optimizer_variable_depth_radius_seed1836311903_target1_sources5_txrx60_ringdown050_objectives,outputs/experiments/1072_coordinate_optimizer_variable_depth_radius_seed1836311903_target1_sources5_txrx60_ringdown050_objectives/data/multi_rebar_coordinate_optimizer_summary.json,refreshed,refresh requested,outputs/experiments/1072_coordinate_optimizer_variable_depth_radius_seed1836311903_target1_sources5_txrx60_ringdown050_objectives/figures/system_scene_geometry.png,outputs/experiments/1072_coordinate_optimizer_variable_depth_radius_seed1836311903_target1_sources5_txrx60_ringdown050_objectives/data/system_scene_geometry_summary.json,outputs/experiments/1072_coordinate_optimizer_variable_depth_radius_seed1836311903_target1_sources5_txrx60_ringdown050_objectives/figures/FIGURE_NOTES.md,1776,1065,2054,0.6298143213636171
1071,outputs/experiments/1071_coordinate_optimizer_variable_depth_radius_seed1836311903_target2_sources5_txrx60_ringdown050_objectives,outputs/experiments/1071_coordinate_optimizer_variable_depth_radius_seed1836311903_target2_sources5_txrx60_ringdown050_objectives/data/multi_rebar_coordinate_optimizer_summary.json,refreshed,refresh requested,outputs/experiments/1071_coordinate_optimizer_variable_depth_radius_seed1836311903_target2_sources5_txrx60_ringdown050_objectives/figures/system_scene_geometry.png,outputs/experiments/1071_coordinate_optimizer_variable_depth_radius_seed1836311903_target2_sources5_txrx60_ringdown050_objectives/data/system_scene_geometry_summary.json,outputs/experiments/1071_coordinate_optimizer_variable_depth_radius_seed1836311903_target2_sources5_txrx60_ringdown050_objectives/figures/FIGURE_NOTES.md,1776,1065,2065,0.6298153787590407
1070,outputs/experiments/1070_coordinate_optimizer_variable_depth_radius_seed1836311903_target0_sources8_txrx60_ringdown050_objectives,outputs/experiments/1070_coordinate_optimizer_variable_depth_radius_seed1836311903_target0_sources8_txrx60_ringdown050_objectives/data/multi_rebar_coordinate_optimizer_summary.json,refreshed,refresh requested,outputs/experiments/1070_coordinate_optimizer_variable_depth_radius_seed1836311903_target0_sources8_txrx60_ringdown050_objectives/figures/system_scene_geometry.png,outputs/experiments/1070_coordinate_optimizer_variable_depth_radius_seed1836311903_target0_sources8_txrx60_ringdown050_objectives/data/system_scene_geometry_summary.json,outputs/experiments/1070_coordinate_optimizer_variable_depth_radius_seed1836311903_target0_sources8_txrx60_ringdown050_objectives/figures/FIGURE_NOTES.md,1776,1065,2116,0.6299433236052955
1069,outputs/experiments/1069_coordinate_optimizer_variable_depth_radius_seed1134903170_target1_sources5_txrx60_ringdown050_objectives,outputs/experiments/1069_coordinate_optimizer_variable_depth_radius_seed1134903170_target1_sources5_txrx60_ringdown050_objectives/data/multi_rebar_coordinate_optimizer_summary.json,refreshed,refresh requested,outputs/experiments/1069_coordinate_optimizer_variable_depth_radius_seed1134903170_target1_sources5_txrx60_ringdown050_objectives/figures/system_scene_geometry.png,outputs/experiments/1069_coordinate_optimizer_variable_depth_radius_seed1134903170_target1_sources5_txrx60_ringdown050_objectives/data/system_scene_geometry_summary.json,outputs/experiments/1069_coordinate_optimizer_variable_depth_radius_seed1134903170_target1_sources5_txrx60_ringdown050_objectives/figures/FIGURE_NOTES.md,1777,1065,2019,0.6298625366907882
1068,outputs/experiments/1068_coordinate_optimizer_variable_depth_radius_seed1134903170_target2_sources5_txrx60_ringdown050_objectives,outputs/experiments/1068_coordinate_optimizer_variable_depth_radius_seed1134903170_target2_sources5_txrx60_ringdown050_objectives/data/multi_rebar_coordinate_optimizer_summary.json,refreshed,refresh requested,outputs/experiments/1068_coordinate_optimizer_variable_depth_radius_seed1134903170_target2_sources5_txrx60_ringdown050_objectives/figures/system_scene_geometry.png,outputs/experiments/1068_coordinate_optimizer_variable_depth_radius_seed1134903170_target2_sources5_txrx60_ringdown050_objectives/data/system_scene_geometry_summary.json,outputs/experiments/1068_coordinate_optimizer_variable_depth_radius_seed1134903170_target2_sources5_txrx60_ringdown050_objectives/figures/FIGURE_NOTES.md,1776,1065,2074,0.6297841855940447
1067,outputs/experiments/1067_coordinate_optimizer_variable_depth_radius_seed1134903170_target0_sources8_txrx60_ringdown050_objectives,outputs/experiments/1067_coordinate_optimizer_variable_depth_radius_seed1134903170_target0_sources8_txrx60_ringdown050_objectives/data/multi_rebar_coordinate_optimizer_summary.json,refreshed,refresh requested,outputs/experiments/1067_coordinate_optimizer_variable_depth_radius_seed1134903170_target0_sources8_txrx60_ringdown050_objectives/figures/system_scene_geometry.png,outputs/experiments/1067_coordinate_optimizer_variable_depth_radius_seed1134903170_target0_sources8_txrx60_ringdown050_objectives/data/system_scene_geometry_summary.json,outputs/experiments/1067_coordinate_optimizer_variable_depth_radius_seed1134903170_target0_sources8_txrx60_ringdown050_objectives/figures/FIGURE_NOTES.md,1777,1065,2118,0.6296469494136079
1066,outputs/experiments/1066_coordinate_optimizer_variable_depth_radius_seed701408733_target1_sources5_txrx60_ringdown050_objectives,outputs/experiments/1066_coordinate_optimizer_variable_depth_radius_seed701408733_target1_sources5_txrx60_ringdown050_objectives/data/multi_rebar_coordinate_optimizer_summary.json,refreshed,refresh requested,outputs/experiments/1066_coordinate_optimizer_variable_depth_radius_seed701408733_target1_sources5_txrx60_ringdown050_objectives/figures/system_scene_geometry.png,outputs/experiments/1066_coordinate_optimizer_variable_depth_radius_seed701408733_target1_sources5_txrx60_ringdown050_objectives/data/system_scene_geometry_summary.json,outputs/experiments/1066_coordinate_optimizer_variable_depth_radius_seed701408733_target1_sources5_txrx60_ringdown050_objectives/figures/FIGURE_NOTES.md,1777,1065,2019,0.6297209254400913
1065,outputs/experiments/1065_coordinate_optimizer_variable_depth_radius_seed701408733_target2_sources5_txrx60_ringdown050_objectives,outputs/experiments/1065_coordinate_optimizer_variable_depth_radius_seed701408733_target2_sources5_txrx60_ringdown050_objectives/data/multi_rebar_coordinate_optimizer_summary.json,refreshed,refresh requested,outputs/experiments/1065_coordinate_optimizer_variable_depth_radius_seed701408733_target2_sources5_txrx60_ringdown050_objectives/figures/system_scene_geometry.png,outputs/experiments/1065_coordinate_optimizer_variable_depth_radius_seed701408733_target2_sources5_txrx60_ringdown050_objectives/data/system_scene_geometry_summary.json,outputs/experiments/1065_coordinate_optimizer_variable_depth_radius_seed701408733_target2_sources5_txrx60_ringdown050_objectives/figures/FIGURE_NOTES.md,1776,1065,2074,0.6296525398638074
1064,outputs/experiments/1064_coordinate_optimizer_variable_depth_radius_seed701408733_target0_sources8_txrx52p5_ringdown050_objectives,outputs/experiments/1064_coordinate_optimizer_variable_depth_radius_seed701408733_target0_sources8_txrx52p5_ringdown050_objectives/data/multi_rebar_coordinate_optimizer_summary.json,refreshed,refresh requested,outputs/experiments/1064_coordinate_optimizer_variable_depth_radius_seed701408733_target0_sources8_txrx52p5_ringdown050_objectives/figures/system_scene_geometry.png,outputs/experiments/1064_coordinate_optimizer_variable_depth_radius_seed701408733_target0_sources8_txrx52p5_ringdown050_objectives/data/system_scene_geometry_summary.json,outputs/experiments/1064_coordinate_optimizer_variable_depth_radius_seed701408733_target0_sources8_txrx52p5_ringdown050_objectives/figures/FIGURE_NOTES.md,1777,1065,2148,0.6297214538402804
1063,outputs/experiments/1063_coordinate_optimizer_variable_depth_radius_seed701408733_target0_sources8_txrx60_ringdown050_objectives,outputs/experiments/1063_coordinate_optimizer_variable_depth_radius_seed701408733_target0_sources8_txrx60_ringdown050_objectives/data/multi_rebar_coordinate_optimizer_summary.json,refreshed,refresh requested,outputs/experiments/1063_coordinate_optimizer_variable_depth_radius_seed701408733_target0_sources8_txrx60_ringdown050_objectives/figures/system_scene_geometry.png,outputs/experiments/1063_coordinate_optimizer_variable_depth_radius_seed701408733_target0_sources8_txrx60_ringdown050_objectives/data/system_scene_geometry_summary.json,outputs/experiments/1063_coordinate_optimizer_variable_depth_radius_seed701408733_target0_sources8_txrx60_ringdown050_objectives/figures/FIGURE_NOTES.md,1777,1065,2118,0.6295417977759636
1062,outputs/experiments/1062_coordinate_optimizer_variable_depth_radius_seed433494437_target1_sources5_txrx52p5_ringdown050_objectives,outputs/experiments/1062_coordinate_optimizer_variable_depth_radius_seed433494437_target1_sources5_txrx52p5_ringdown050_objectives/data/multi_rebar_coordinate_optimizer_summary.json,refreshed,refresh requested,outputs/experiments/1062_coordinate_optimizer_variable_depth_radius_seed433494437_target1_sources5_txrx52p5_ringdown050_objectives/figures/system_scene_geometry.png,outputs/experiments/1062_coordinate_optimizer_variable_depth_radius_seed433494437_target1_sources5_txrx52p5_ringdown050_objectives/data/system_scene_geometry_summary.json,outputs/experiments/1062_coordinate_optimizer_variable_depth_radius_seed433494437_target1_sources5_txrx52p5_ringdown050_objectives/figures/FIGURE_NOTES.md,1777,1065,2079,0.6296326826085004
1061,outputs/experiments/1061_coordinate_optimizer_variable_depth_radius_seed433494437_target1_sources5_txrx60_ringdown050_objectives,outputs/experiments/1061_coordinate_optimizer_variable_depth_radius_seed433494437_target1_sources5_txrx60_ringdown050_objectives/data/multi_rebar_coordinate_optimizer_summary.json,refreshed,refresh requested,outputs/experiments/1061_coordinate_optimizer_variable_depth_radius_seed433494437_target1_sources5_txrx60_ringdown050_objectives/figures/system_scene_geometry.png,outputs/experiments/1061_coordinate_optimizer_variable_depth_radius_seed433494437_target1_sources5_txrx60_ringdown050_objectives/data/system_scene_geometry_summary.json,outputs/experiments/1061_coordinate_optimizer_variable_depth_radius_seed433494437_target1_sources5_txrx60_ringdown050_objectives/figures/FIGURE_NOTES.md,1777,1065,2075,0.6294334757371843
1060,outputs/experiments/1060_coordinate_optimizer_variable_depth_radius_seed433494437_target2_sources5_txrx60_ringdown050_objectives,outputs/experiments/1060_coordinate_optimizer_variable_depth_radius_seed433494437_target2_sources5_txrx60_ringdown050_objectives/data/multi_rebar_coordinate_optimizer_summary.json,refreshed,refresh requested,outputs/experiments/1060_coordinate_optimizer_variable_depth_radius_seed433494437_target2_sources5_txrx60_ringdown050_objectives/figures/system_scene_geometry.png,outputs/experiments/1060_coordinate_optimizer_variable_depth_radius_seed433494437_target2_sources5_txrx60_ringdown050_objectives/data/system_scene_geometry_summary.json,outputs/experiments/1060_coordinate_optimizer_variable_depth_radius_seed433494437_target2_sources5_txrx60_ringdown050_objectives/figures/FIGURE_NOTES.md,1777,1065,2080,0.629435589337941
1059,outputs/experiments/1059_coordinate_optimizer_variable_depth_radius_seed433494437_target0_sources8_txrx60_ringdown050_objectives,outputs/experiments/1059_coordinate_optimizer_variable_depth_radius_seed433494437_target0_sources8_txrx60_ringdown050_objectives/data/multi_rebar_coordinate_optimizer_summary.json,refreshed,refresh requested,outputs/experiments/1059_coordinate_optimizer_variable_depth_radius_seed433494437_target0_sources8_txrx60_ringdown050_objectives/figures/system_scene_geometry.png,outputs/experiments/1059_coordinate_optimizer_variable_depth_radius_seed433494437_target0_sources8_txrx60_ringdown050_objectives/data/system_scene_geometry_summary.json,outputs/experiments/1059_coordinate_optimizer_variable_depth_radius_seed433494437_target0_sources8_txrx60_ringdown050_objectives/figures/FIGURE_NOTES.md,1777,1065,2081,0.6295634621837195
1058,outputs/experiments/1058_coordinate_optimizer_variable_depth_radius_seed267914296_target1_sources9_txrx52p5_ringdown050_objectives,outputs/experiments/1058_coordinate_optimizer_variable_depth_radius_seed267914296_target1_sources9_txrx52p5_ringdown050_objectives/data/multi_rebar_coordinate_optimizer_summary.json,refreshed,refresh requested,outputs/experiments/1058_coordinate_optimizer_variable_depth_radius_seed267914296_target1_sources9_txrx52p5_ringdown050_objectives/figures/system_scene_geometry.png,outputs/experiments/1058_coordinate_optimizer_variable_depth_radius_seed267914296_target1_sources9_txrx52p5_ringdown050_objectives/data/system_scene_geometry_summary.json,outputs/experiments/1058_coordinate_optimizer_variable_depth_radius_seed267914296_target1_sources9_txrx52p5_ringdown050_objectives/figures/FIGURE_NOTES.md,1777,1065,2153,0.6296268702064195
1057,outputs/experiments/1057_coordinate_optimizer_variable_depth_radius_seed267914296_target1_sources5_txrx52p5_ringdown050_objectives,outputs/experiments/1057_coordinate_optimizer_variable_depth_radius_seed267914296_target1_sources5_txrx52p5_ringdown050_objectives/data/multi_rebar_coordinate_optimizer_summary.json,refreshed,refresh requested,outputs/experiments/1057_coordinate_optimizer_variable_depth_radius_seed267914296_target1_sources5_txrx52p5_ringdown050_objectives/figures/system_scene_geometry.png,outputs/experiments/1057_coordinate_optimizer_variable_depth_radius_seed267914296_target1_sources5_txrx52p5_ringdown050_objectives/data/system_scene_geometry_summary.json,outputs/experiments/1057_coordinate_optimizer_variable_depth_radius_seed267914296_target1_sources5_txrx52p5_ringdown050_objectives/figures/FIGURE_NOTES.md,1777,1065,2086,0.6295756153880703
1056,outputs/experiments/1056_coordinate_optimizer_variable_depth_radius_seed267914296_target1_sources5_txrx60_ringdown050_objectives,outputs/experiments/1056_coordinate_optimizer_variable_depth_radius_seed267914296_target1_sources5_txrx60_ringdown050_objectives/data/multi_rebar_coordinate_optimizer_summary.json,refreshed,refresh requested,outputs/experiments/1056_coordinate_optimizer_variable_depth_radius_seed267914296_target1_sources5_txrx60_ringdown050_objectives/figures/system_scene_geometry.png,outputs/experiments/1056_coordinate_optimizer_variable_depth_radius_seed267914296_target1_sources5_txrx60_ringdown050_objectives/data/system_scene_geometry_summary.json,outputs/experiments/1056_coordinate_optimizer_variable_depth_radius_seed267914296_target1_sources5_txrx60_ringdown050_objectives/figures/FIGURE_NOTES.md,1776,1065,2054,0.6296440807004188
1055,outputs/experiments/1055_coordinate_optimizer_variable_depth_radius_seed267914296_target2_sources9_txrx60_ringdown050_objectives,outputs/experiments/1055_coordinate_optimizer_variable_depth_radius_seed267914296_target2_sources9_txrx60_ringdown050_objectives/data/multi_rebar_coordinate_optimizer_summary.json,refreshed,refresh requested,outputs/experiments/1055_coordinate_optimizer_variable_depth_radius_seed267914296_target2_sources9_txrx60_ringdown050_objectives/figures/system_scene_geometry.png,outputs/experiments/1055_coordinate_optimizer_variable_depth_radius_seed267914296_target2_sources9_txrx60_ringdown050_objectives/data/system_scene_geometry_summary.json,outputs/experiments/1055_coordinate_optimizer_variable_depth_radius_seed267914296_target2_sources9_txrx60_ringdown050_objectives/figures/FIGURE_NOTES.md,1776,1065,2120,0.629682146935668
1054,outputs/experiments/1054_coordinate_optimizer_variable_depth_radius_seed267914296_target2_sources7_txrx60_ringdown050_objectives,outputs/experiments/1054_coordinate_optimizer_variable_depth_radius_seed267914296_target2_sources7_txrx60_ringdown050_objectives/data/multi_rebar_coordinate_optimizer_summary.json,refreshed,refresh requested,outputs/experiments/1054_coordinate_optimizer_variable_depth_radius_seed267914296_target2_sources7_txrx60_ringdown050_objectives/figures/system_scene_geometry.png,outputs/experiments/1054_coordinate_optimizer_variable_depth_radius_seed267914296_target2_sources7_txrx60_ringdown050_objectives/data/system_scene_geometry_summary.json,outputs/experiments/1054_coordinate_optimizer_variable_depth_radius_seed267914296_target2_sources7_txrx60_ringdown050_objectives/figures/FIGURE_NOTES.md,1776,1065,2088,0.6296001987903397
1053,outputs/experiments/1053_coordinate_optimizer_variable_depth_radius_seed267914296_target2_sources5_txrx60_ringdown050_objectives,outputs/experiments/1053_coordinate_optimizer_variable_depth_radius_seed267914296_target2_sources5_txrx60_ringdown050_objectives/data/multi_rebar_coordinate_optimizer_summary.json,refreshed,refresh requested,outputs/experiments/1053_coordinate_optimizer_variable_depth_radius_seed267914296_target2_sources5_txrx60_ringdown050_objectives/figures/system_scene_geometry.png,outputs/experiments/1053_coordinate_optimizer_variable_depth_radius_seed267914296_target2_sources5_txrx60_ringdown050_objectives/data/system_scene_geometry_summary.json,outputs/experiments/1053_coordinate_optimizer_variable_depth_radius_seed267914296_target2_sources5_txrx60_ringdown050_objectives/figures/FIGURE_NOTES.md,1776,1065,2065,0.6296715729814322
1052,outputs/experiments/1052_coordinate_optimizer_variable_depth_radius_seed267914296_target0_sources9_txrx60_ringdown050_objectives,outputs/experiments/1052_coordinate_optimizer_variable_depth_radius_seed267914296_target0_sources9_txrx60_ringdown050_objectives/data/multi_rebar_coordinate_optimizer_summary.json,refreshed,refresh requested,outputs/experiments/1052_coordinate_optimizer_variable_depth_radius_seed267914296_target0_sources9_txrx60_ringdown050_objectives/figures/system_scene_geometry.png,outputs/experiments/1052_coordinate_optimizer_variable_depth_radius_seed267914296_target0_sources9_txrx60_ringdown050_objectives/data/system_scene_geometry_summary.json,outputs/experiments/1052_coordinate_optimizer_variable_depth_radius_seed267914296_target0_sources9_txrx60_ringdown050_objectives/figures/FIGURE_NOTES.md,1777,1065,2119,0.6298260770777356
1051,outputs/experiments/1051_coordinate_optimizer_variable_depth_radius_seed267914296_target0_sources8_txrx52p5_ringdown050_objectives,outputs/experiments/1051_coordinate_optimizer_variable_depth_radius_seed267914296_target0_sources8_txrx52p5_ringdown050_objectives/data/multi_rebar_coordinate_optimizer_summary.json,refreshed,refresh requested,outputs/experiments/1051_coordinate_optimizer_variable_depth_radius_seed267914296_target0_sources8_txrx52p5_ringdown050_objectives/figures/system_scene_geometry.png,outputs/experiments/1051_coordinate_optimizer_variable_depth_radius_seed267914296_target0_sources8_txrx52p5_ringdown050_objectives/data/system_scene_geometry_summary.json,outputs/experiments/1051_coordinate_optimizer_variable_depth_radius_seed267914296_target0_sources8_txrx52p5_ringdown050_objectives/figures/FIGURE_NOTES.md,1777,1065,2123,0.6297188118393346
1050,outputs/experiments/1050_coordinate_optimizer_variable_depth_radius_seed267914296_target0_sources8_txrx60_ringdown050_objectives,outputs/experiments/1050_coordinate_optimizer_variable_depth_radius_seed267914296_target0_sources8_txrx60_ringdown050_objectives/data/multi_rebar_coordinate_optimizer_summary.json,refreshed,refresh requested,outputs/experiments/1050_coordinate_optimizer_variable_depth_radius_seed267914296_target0_sources8_txrx60_ringdown050_objectives/figures/system_scene_geometry.png,outputs/experiments/1050_coordinate_optimizer_variable_depth_radius_seed267914296_target0_sources8_txrx60_ringdown050_objectives/data/system_scene_geometry_summary.json,outputs/experiments/1050_coordinate_optimizer_variable_depth_radius_seed267914296_target0_sources8_txrx60_ringdown050_objectives/figures/FIGURE_NOTES.md,1776,1065,2116,0.6297736116398088
1049,outputs/experiments/1049_coordinate_optimizer_variable_depth_radius_seed165580141_target1_sources5_txrx60_ringdown050_objectives,outputs/experiments/1049_coordinate_optimizer_variable_depth_radius_seed165580141_target1_sources5_txrx60_ringdown050_objectives/data/multi_rebar_coordinate_optimizer_summary.json,refreshed,refresh requested,outputs/experiments/1049_coordinate_optimizer_variable_depth_radius_seed165580141_target1_sources5_txrx60_ringdown050_objectives/figures/system_scene_geometry.png,outputs/experiments/1049_coordinate_optimizer_variable_depth_radius_seed165580141_target1_sources5_txrx60_ringdown050_objectives/data/system_scene_geometry_summary.json,outputs/experiments/1049_coordinate_optimizer_variable_depth_radius_seed165580141_target1_sources5_txrx60_ringdown050_objectives/figures/FIGURE_NOTES.md,1776,1065,2056,0.6296398511187243
1048,outputs/experiments/1048_coordinate_optimizer_variable_depth_radius_seed165580141_target2_sources5_txrx60_ringdown050_objectives,outputs/experiments/1048_coordinate_optimizer_variable_depth_radius_seed165580141_target2_sources5_txrx60_ringdown050_objectives/data/multi_rebar_coordinate_optimizer_summary.json,refreshed,refresh requested,outputs/experiments/1048_coordinate_optimizer_variable_depth_radius_seed165580141_target2_sources5_txrx60_ringdown050_objectives/figures/system_scene_geometry.png,outputs/experiments/1048_coordinate_optimizer_variable_depth_radius_seed165580141_target2_sources5_txrx60_ringdown050_objectives/data/system_scene_geometry_summary.json,outputs/experiments/1048_coordinate_optimizer_variable_depth_radius_seed165580141_target2_sources5_txrx60_ringdown050_objectives/figures/FIGURE_NOTES.md,1776,1065,2068,0.6296578268409254
1047,outputs/experiments/1047_coordinate_optimizer_variable_depth_radius_seed165580141_target0_sources8_txrx60_ringdown050_objectives,outputs/experiments/1047_coordinate_optimizer_variable_depth_radius_seed165580141_target0_sources8_txrx60_ringdown050_objectives/data/multi_rebar_coordinate_optimizer_summary.json,refreshed,refresh requested,outputs/experiments/1047_coordinate_optimizer_variable_depth_radius_seed165580141_target0_sources8_txrx60_ringdown050_objectives/figures/system_scene_geometry.png,outputs/experiments/1047_coordinate_optimizer_variable_depth_radius_seed165580141_target0_sources8_txrx60_ringdown050_objectives/data/system_scene_geometry_summary.json,outputs/experiments/1047_coordinate_optimizer_variable_depth_radius_seed165580141_target0_sources8_txrx60_ringdown050_objectives/figures/FIGURE_NOTES.md,1777,1065,2107,0.6298694058932474
1046,outputs/experiments/1046_coordinate_optimizer_variable_depth_radius_seed102334155_target1_sources5_txrx52p5_ringdown050_objectives,outputs/experiments/1046_coordinate_optimizer_variable_depth_radius_seed102334155_target1_sources5_txrx52p5_ringdown050_objectives/data/multi_rebar_coordinate_optimizer_summary.json,refreshed,refresh requested,outputs/experiments/1046_coordinate_optimizer_variable_depth_radius_seed102334155_target1_sources5_txrx52p5_ringdown050_objectives/figures/system_scene_geometry.png,outputs/experiments/1046_coordinate_optimizer_variable_depth_radius_seed102334155_target1_sources5_txrx52p5_ringdown050_objectives/data/system_scene_geometry_summary.json,outputs/experiments/1046_coordinate_optimizer_variable_depth_radius_seed102334155_target1_sources5_txrx52p5_ringdown050_objectives/figures/FIGURE_NOTES.md,1777,1065,2086,0.6295344001733153
1045,outputs/experiments/1045_coordinate_optimizer_variable_depth_radius_seed102334155_target1_sources5_txrx60_ringdown050_objectives,outputs/experiments/1045_coordinate_optimizer_variable_depth_radius_seed102334155_target1_sources5_txrx60_ringdown050_objectives/data/multi_rebar_coordinate_optimizer_summary.json,refreshed,refresh requested,outputs/experiments/1045_coordinate_optimizer_variable_depth_radius_seed102334155_target1_sources5_txrx60_ringdown050_objectives/figures/system_scene_geometry.png,outputs/experiments/1045_coordinate_optimizer_variable_depth_radius_seed102334155_target1_sources5_txrx60_ringdown050_objectives/data/system_scene_geometry_summary.json,outputs/experiments/1045_coordinate_optimizer_variable_depth_radius_seed102334155_target1_sources5_txrx60_ringdown050_objectives/figures/FIGURE_NOTES.md,1776,1065,2054,0.6296028422788986
1044,outputs/experiments/1044_coordinate_optimizer_variable_depth_radius_seed102334155_target2_sources9_txrx60_ringdown050_objectives,outputs/experiments/1044_coordinate_optimizer_variable_depth_radius_seed102334155_target2_sources9_txrx60_ringdown050_objectives/data/multi_rebar_coordinate_optimizer_summary.json,refreshed,refresh requested,outputs/experiments/1044_coordinate_optimizer_variable_depth_radius_seed102334155_target2_sources9_txrx60_ringdown050_objectives/figures/system_scene_geometry.png,outputs/experiments/1044_coordinate_optimizer_variable_depth_radius_seed102334155_target2_sources9_txrx60_ringdown050_objectives/data/system_scene_geometry_summary.json,outputs/experiments/1044_coordinate_optimizer_variable_depth_radius_seed102334155_target2_sources9_txrx60_ringdown050_objectives/figures/FIGURE_NOTES.md,1776,1065,2120,0.629640908514148
1043,outputs/experiments/1043_coordinate_optimizer_variable_depth_radius_seed102334155_target2_sources7_txrx60_ringdown050_objectives,outputs/experiments/1043_coordinate_optimizer_variable_depth_radius_seed102334155_target2_sources7_txrx60_ringdown050_objectives/data/multi_rebar_coordinate_optimizer_summary.json,refreshed,refresh requested,outputs/experiments/1043_coordinate_optimizer_variable_depth_radius_seed102334155_target2_sources7_txrx60_ringdown050_objectives/figures/system_scene_geometry.png,outputs/experiments/1043_coordinate_optimizer_variable_depth_radius_seed102334155_target2_sources7_txrx60_ringdown050_objectives/data/system_scene_geometry_summary.json,outputs/experiments/1043_coordinate_optimizer_variable_depth_radius_seed102334155_target2_sources7_txrx60_ringdown050_objectives/figures/FIGURE_NOTES.md,1776,1065,2088,0.6295589603688195
1042,outputs/experiments/1042_coordinate_optimizer_variable_depth_radius_seed102334155_target2_sources5_txrx60_ringdown050_objectives,outputs/experiments/1042_coordinate_optimizer_variable_depth_radius_seed102334155_target2_sources5_txrx60_ringdown050_objectives/data/multi_rebar_coordinate_optimizer_summary.json,refreshed,refresh requested,outputs/experiments/1042_coordinate_optimizer_variable_depth_radius_seed102334155_target2_sources5_txrx60_ringdown050_objectives/figures/system_scene_geometry.png,outputs/experiments/1042_coordinate_optimizer_variable_depth_radius_seed102334155_target2_sources5_txrx60_ringdown050_objectives/data/system_scene_geometry_summary.json,outputs/experiments/1042_coordinate_optimizer_variable_depth_radius_seed102334155_target2_sources5_txrx60_ringdown050_objectives/figures/FIGURE_NOTES.md,1776,1065,2065,0.629630334559912
1041,outputs/experiments/1041_coordinate_optimizer_variable_depth_radius_seed102334155_target0_sources8_txrx60_ringdown050_objectives,outputs/experiments/1041_coordinate_optimizer_variable_depth_radius_seed102334155_target0_sources8_txrx60_ringdown050_objectives/data/multi_rebar_coordinate_optimizer_summary.json,refreshed,refresh requested,outputs/experiments/1041_coordinate_optimizer_variable_depth_radius_seed102334155_target0_sources8_txrx60_ringdown050_objectives/figures/system_scene_geometry.png,outputs/experiments/1041_coordinate_optimizer_variable_depth_radius_seed102334155_target0_sources8_txrx60_ringdown050_objectives/data/system_scene_geometry_summary.json,outputs/experiments/1041_coordinate_optimizer_variable_depth_radius_seed102334155_target0_sources8_txrx60_ringdown050_objectives/figures/FIGURE_NOTES.md,1776,1065,2116,0.6297323732182887
1040,outputs/experiments/1040_coordinate_optimizer_variable_depth_radius_seed63245986_target1_sources5_txrx52p5_ringdown050_objectives,outputs/experiments/1040_coordinate_optimizer_variable_depth_radius_seed63245986_target1_sources5_txrx52p5_ringdown050_objectives/data/multi_rebar_coordinate_optimizer_summary.json,refreshed,refresh requested,outputs/experiments/1040_coordinate_optimizer_variable_depth_radius_seed63245986_target1_sources5_txrx52p5_ringdown050_objectives/figures/system_scene_geometry.png,outputs/experiments/1040_coordinate_optimizer_variable_depth_radius_seed63245986_target1_sources5_txrx52p5_ringdown050_objectives/data/system_scene_geometry_summary.json,outputs/experiments/1040_coordinate_optimizer_variable_depth_radius_seed63245986_target1_sources5_txrx52p5_ringdown050_objectives/figures/FIGURE_NOTES.md,1777,1065,2086,0.6295793141893945
1039,outputs/experiments/1039_coordinate_optimizer_variable_depth_radius_seed63245986_target1_sources5_txrx60_ringdown050_objectives,outputs/experiments/1039_coordinate_optimizer_variable_depth_radius_seed63245986_target1_sources5_txrx60_ringdown050_objectives/data/multi_rebar_coordinate_optimizer_summary.json,refreshed,refresh requested,outputs/experiments/1039_coordinate_optimizer_variable_depth_radius_seed63245986_target1_sources5_txrx60_ringdown050_objectives/figures/system_scene_geometry.png,outputs/experiments/1039_coordinate_optimizer_variable_depth_radius_seed63245986_target1_sources5_txrx60_ringdown050_objectives/data/system_scene_geometry_summary.json,outputs/experiments/1039_coordinate_optimizer_variable_depth_radius_seed63245986_target1_sources5_txrx60_ringdown050_objectives/figures/FIGURE_NOTES.md,1770,1064,2054,0.6323632173654475
1038,outputs/experiments/1038_coordinate_optimizer_variable_depth_radius_seed63245986_target2_sources5_txrx60_ringdown050_objectives,outputs/experiments/1038_coordinate_optimizer_variable_depth_radius_seed63245986_target2_sources5_txrx60_ringdown050_objectives/data/multi_rebar_coordinate_optimizer_summary.json,refreshed,refresh requested,outputs/experiments/1038_coordinate_optimizer_variable_depth_radius_seed63245986_target2_sources5_txrx60_ringdown050_objectives/figures/system_scene_geometry.png,outputs/experiments/1038_coordinate_optimizer_variable_depth_radius_seed63245986_target2_sources5_txrx60_ringdown050_objectives/data/system_scene_geometry_summary.json,outputs/experiments/1038_coordinate_optimizer_variable_depth_radius_seed63245986_target2_sources5_txrx60_ringdown050_objectives/figures/FIGURE_NOTES.md,1770,1064,2065,0.6323664032963765
1037,outputs/experiments/1037_coordinate_optimizer_variable_depth_radius_seed63245986_target0_sources8_txrx60_ringdown050_objectives,outputs/experiments/1037_coordinate_optimizer_variable_depth_radius_seed63245986_target0_sources8_txrx60_ringdown050_objectives/data/multi_rebar_coordinate_optimizer_summary.json,refreshed,refresh requested,outputs/experiments/1037_coordinate_optimizer_variable_depth_radius_seed63245986_target0_sources8_txrx60_ringdown050_objectives/figures/system_scene_geometry.png,outputs/experiments/1037_coordinate_optimizer_variable_depth_radius_seed63245986_target0_sources8_txrx60_ringdown050_objectives/data/system_scene_geometry_summary.json,outputs/experiments/1037_coordinate_optimizer_variable_depth_radius_seed63245986_target0_sources8_txrx60_ringdown050_objectives/figures/FIGURE_NOTES.md,1770,1064,2116,0.6324853447177265
1036,outputs/experiments/1036_coordinate_optimizer_variable_depth_radius_seed39088169_target1_sources5_txrx60_ringdown050_objectives,outputs/experiments/1036_coordinate_optimizer_variable_depth_radius_seed39088169_target1_sources5_txrx60_ringdown050_objectives/data/multi_rebar_coordinate_optimizer_summary.json,refreshed,refresh requested,outputs/experiments/1036_coordinate_optimizer_variable_depth_radius_seed39088169_target1_sources5_txrx60_ringdown050_objectives/figures/system_scene_geometry.png,outputs/experiments/1036_coordinate_optimizer_variable_depth_radius_seed39088169_target1_sources5_txrx60_ringdown050_objectives/data/system_scene_geometry_summary.json,outputs/experiments/1036_coordinate_optimizer_variable_depth_radius_seed39088169_target1_sources5_txrx60_ringdown050_objectives/figures/FIGURE_NOTES.md,1771,1064,2019,0.6324333561175667
1035,outputs/experiments/1035_coordinate_optimizer_variable_depth_radius_seed39088169_target2_sources5_txrx60_ringdown050_objectives,outputs/experiments/1035_coordinate_optimizer_variable_depth_radius_seed39088169_target2_sources5_txrx60_ringdown050_objectives/data/multi_rebar_coordinate_optimizer_summary.json,refreshed,refresh requested,outputs/experiments/1035_coordinate_optimizer_variable_depth_radius_seed39088169_target2_sources5_txrx60_ringdown050_objectives/figures/system_scene_geometry.png,outputs/experiments/1035_coordinate_optimizer_variable_depth_radius_seed39088169_target2_sources5_txrx60_ringdown050_objectives/data/system_scene_geometry_summary.json,outputs/experiments/1035_coordinate_optimizer_variable_depth_radius_seed39088169_target2_sources5_txrx60_ringdown050_objectives/figures/FIGURE_NOTES.md,1770,1064,2074,0.6323807399855571
1034,outputs/experiments/1034_coordinate_optimizer_variable_depth_radius_seed39088169_target0_sources8_txrx60_ringdown050_objectives,outputs/experiments/1034_coordinate_optimizer_variable_depth_radius_seed39088169_target0_sources8_txrx60_ringdown050_objectives/data/multi_rebar_coordinate_optimizer_summary.json,refreshed,refresh requested,outputs/experiments/1034_coordinate_optimizer_variable_depth_radius_seed39088169_target0_sources8_txrx60_ringdown050_objectives/figures/system_scene_geometry.png,outputs/experiments/1034_coordinate_optimizer_variable_depth_radius_seed39088169_target0_sources8_txrx60_ringdown050_objectives/data/system_scene_geometry_summary.json,outputs/experiments/1034_coordinate_optimizer_variable_depth_radius_seed39088169_target0_sources8_txrx60_ringdown050_objectives/figures/FIGURE_NOTES.md,1771,1064,2118,0.6322407161325109
1033,outputs/experiments/1033_coordinate_optimizer_variable_depth_radius_seed24157817_target1_sources5_txrx52p5_ringdown050_objectives,outputs/experiments/1033_coordinate_optimizer_variable_depth_radius_seed24157817_target1_sources5_txrx52p5_ringdown050_objectives/data/multi_rebar_coordinate_optimizer_summary.json,refreshed,refresh requested,outputs/experiments/1033_coordinate_optimizer_variable_depth_radius_seed24157817_target1_sources5_txrx52p5_ringdown050_objectives/figures/system_scene_geometry.png,outputs/experiments/1033_coordinate_optimizer_variable_depth_radius_seed24157817_target1_sources5_txrx52p5_ringdown050_objectives/data/system_scene_geometry_summary.json,outputs/experiments/1033_coordinate_optimizer_variable_depth_radius_seed24157817_target1_sources5_txrx52p5_ringdown050_objectives/figures/FIGURE_NOTES.md,1777,1065,2041,0.6297309650436855
1032,outputs/experiments/1032_coordinate_optimizer_variable_depth_radius_seed24157817_target1_sources5_txrx60_ringdown050_objectives,outputs/experiments/1032_coordinate_optimizer_variable_depth_radius_seed24157817_target1_sources5_txrx60_ringdown050_objectives/data/multi_rebar_coordinate_optimizer_summary.json,refreshed,refresh requested,outputs/experiments/1032_coordinate_optimizer_variable_depth_radius_seed24157817_target1_sources5_txrx60_ringdown050_objectives/figures/system_scene_geometry.png,outputs/experiments/1032_coordinate_optimizer_variable_depth_radius_seed24157817_target1_sources5_txrx60_ringdown050_objectives/data/system_scene_geometry_summary.json,outputs/experiments/1032_coordinate_optimizer_variable_depth_radius_seed24157817_target1_sources5_txrx60_ringdown050_objectives/figures/FIGURE_NOTES.md,1770,1064,2023,0.6321725924981947
1031,outputs/experiments/1031_coordinate_optimizer_variable_depth_radius_seed24157817_target2_sources5_txrx60_ringdown050_objectives,outputs/experiments/1031_coordinate_optimizer_variable_depth_radius_seed24157817_target2_sources5_txrx60_ringdown050_objectives/data/multi_rebar_coordinate_optimizer_summary.json,refreshed,refresh requested,outputs/experiments/1031_coordinate_optimizer_variable_depth_radius_seed24157817_target2_sources5_txrx60_ringdown050_objectives/figures/system_scene_geometry.png,outputs/experiments/1031_coordinate_optimizer_variable_depth_radius_seed24157817_target2_sources5_txrx60_ringdown050_objectives/data/system_scene_geometry_summary.json,outputs/experiments/1031_coordinate_optimizer_variable_depth_radius_seed24157817_target2_sources5_txrx60_ringdown050_objectives/figures/FIGURE_NOTES.md,1770,1064,2071,0.6321747164521473
1030,outputs/experiments/1030_coordinate_optimizer_variable_depth_radius_seed24157817_target0_sources8_txrx60_ringdown050_objectives,outputs/experiments/1030_coordinate_optimizer_variable_depth_radius_seed24157817_target0_sources8_txrx60_ringdown050_objectives/data/multi_rebar_coordinate_optimizer_summary.json,refreshed,refresh requested,outputs/experiments/1030_coordinate_optimizer_variable_depth_radius_seed24157817_target0_sources8_txrx60_ringdown050_objectives/figures/system_scene_geometry.png,outputs/experiments/1030_coordinate_optimizer_variable_depth_radius_seed24157817_target0_sources8_txrx60_ringdown050_objectives/data/system_scene_geometry_summary.json,outputs/experiments/1030_coordinate_optimizer_variable_depth_radius_seed24157817_target0_sources8_txrx60_ringdown050_objectives/figures/FIGURE_NOTES.md,1770,1064,2112,0.6323032156662843
1029,outputs/experiments/1029_coordinate_optimizer_variable_depth_radius_seed14930352_target1_sources5_txrx60_ringdown050_objectives,outputs/experiments/1029_coordinate_optimizer_variable_depth_radius_seed14930352_target1_sources5_txrx60_ringdown050_objectives/data/multi_rebar_coordinate_optimizer_summary.json,refreshed,refresh requested,outputs/experiments/1029_coordinate_optimizer_variable_depth_radius_seed14930352_target1_sources5_txrx60_ringdown050_objectives/figures/system_scene_geometry.png,outputs/experiments/1029_coordinate_optimizer_variable_depth_radius_seed14930352_target1_sources5_txrx60_ringdown050_objectives/data/system_scene_geometry_summary.json,outputs/experiments/1029_coordinate_optimizer_variable_depth_radius_seed14930352_target1_sources5_txrx60_ringdown050_objectives/figures/FIGURE_NOTES.md,1770,1064,2056,0.6322846310691984
1028,outputs/experiments/1028_coordinate_optimizer_variable_depth_radius_seed14930352_target2_sources7_txrx60_ringdown050_objectives,outputs/experiments/1028_coordinate_optimizer_variable_depth_radius_seed14930352_target2_sources7_txrx60_ringdown050_objectives/data/multi_rebar_coordinate_optimizer_summary.json,refreshed,refresh requested,outputs/experiments/1028_coordinate_optimizer_variable_depth_radius_seed14930352_target2_sources7_txrx60_ringdown050_objectives/figures/system_scene_geometry.png,outputs/experiments/1028_coordinate_optimizer_variable_depth_radius_seed14930352_target2_sources7_txrx60_ringdown050_objectives/data/system_scene_geometry_summary.json,outputs/experiments/1028_coordinate_optimizer_variable_depth_radius_seed14930352_target2_sources7_txrx60_ringdown050_objectives/figures/FIGURE_NOTES.md,1770,1064,2088,0.6322357801282869
1027,outputs/experiments/1027_coordinate_optimizer_variable_depth_radius_seed14930352_target2_sources5_txrx60_ringdown050_objectives,outputs/experiments/1027_coordinate_optimizer_variable_depth_radius_seed14930352_target2_sources5_txrx60_ringdown050_objectives/data/multi_rebar_coordinate_optimizer_summary.json,refreshed,refresh requested,outputs/experiments/1027_coordinate_optimizer_variable_depth_radius_seed14930352_target2_sources5_txrx60_ringdown050_objectives/figures/system_scene_geometry.png,outputs/experiments/1027_coordinate_optimizer_variable_depth_radius_seed14930352_target2_sources5_txrx60_ringdown050_objectives/data/system_scene_geometry_summary.json,outputs/experiments/1027_coordinate_optimizer_variable_depth_radius_seed14930352_target2_sources5_txrx60_ringdown050_objectives/figures/FIGURE_NOTES.md,1770,1064,2068,0.6323058706087252
1026,outputs/experiments/1026_coordinate_optimizer_variable_depth_radius_seed14930352_target0_sources11_txrx60_ringdown050_objectives,outputs/experiments/1026_coordinate_optimizer_variable_depth_radius_seed14930352_target0_sources11_txrx60_ringdown050_objectives/data/multi_rebar_coordinate_optimizer_summary.json,refreshed,refresh requested,outputs/experiments/1026_coordinate_optimizer_variable_depth_radius_seed14930352_target0_sources11_txrx60_ringdown050_objectives/figures/system_scene_geometry.png,outputs/experiments/1026_coordinate_optimizer_variable_depth_radius_seed14930352_target0_sources11_txrx60_ringdown050_objectives/data/system_scene_geometry_summary.json,outputs/experiments/1026_coordinate_optimizer_variable_depth_radius_seed14930352_target0_sources11_txrx60_ringdown050_objectives/figures/FIGURE_NOTES.md,1777,1065,2114,0.6298149806737631
1025,outputs/experiments/1025_coordinate_optimizer_variable_depth_radius_seed14930352_target0_sources9_txrx60_ringdown050_objectives,outputs/experiments/1025_coordinate_optimizer_variable_depth_radius_seed14930352_target0_sources9_txrx60_ringdown050_objectives/data/multi_rebar_coordinate_optimizer_summary.json,refreshed,refresh requested,outputs/experiments/1025_coordinate_optimizer_variable_depth_radius_seed14930352_target0_sources9_txrx60_ringdown050_objectives/figures/system_scene_geometry.png,outputs/experiments/1025_coordinate_optimizer_variable_depth_radius_seed14930352_target0_sources9_txrx60_ringdown050_objectives/data/system_scene_geometry_summary.json,outputs/experiments/1025_coordinate_optimizer_variable_depth_radius_seed14930352_target0_sources9_txrx60_ringdown050_objectives/figures/FIGURE_NOTES.md,1771,1064,2144,0.6321149429191273
1024,outputs/experiments/1024_coordinate_optimizer_variable_depth_radius_seed14930352_target0_sources8_txrx52p5_ringdown050_objectives,outputs/experiments/1024_coordinate_optimizer_variable_depth_radius_seed14930352_target0_sources8_txrx52p5_ringdown050_objectives/data/multi_rebar_coordinate_optimizer_summary.json,refreshed,refresh requested,outputs/experiments/1024_coordinate_optimizer_variable_depth_radius_seed14930352_target0_sources8_txrx52p5_ringdown050_objectives/figures/system_scene_geometry.png,outputs/experiments/1024_coordinate_optimizer_variable_depth_radius_seed14930352_target0_sources8_txrx52p5_ringdown050_objectives/data/system_scene_geometry_summary.json,outputs/experiments/1024_coordinate_optimizer_variable_depth_radius_seed14930352_target0_sources8_txrx52p5_ringdown050_objectives/figures/FIGURE_NOTES.md,1777,1065,2061,0.629587240192232
1023,outputs/experiments/1023_coordinate_optimizer_variable_depth_radius_seed14930352_target0_sources8_txrx60_ringdown050_objectives,outputs/experiments/1023_coordinate_optimizer_variable_depth_radius_seed14930352_target0_sources8_txrx60_ringdown050_objectives/data/multi_rebar_coordinate_optimizer_summary.json,refreshed,refresh requested,outputs/experiments/1023_coordinate_optimizer_variable_depth_radius_seed14930352_target0_sources8_txrx60_ringdown050_objectives/figures/system_scene_geometry.png,outputs/experiments/1023_coordinate_optimizer_variable_depth_radius_seed14930352_target0_sources8_txrx60_ringdown050_objectives/data/system_scene_geometry_summary.json,outputs/experiments/1023_coordinate_optimizer_variable_depth_radius_seed14930352_target0_sources8_txrx60_ringdown050_objectives/figures/FIGURE_NOTES.md,1771,1064,2107,0.6324832408519888
1022,outputs/experiments/1022_coordinate_optimizer_variable_depth_radius_seed9227465_target1_sources5_txrx52p5_ringdown050_objectives,outputs/experiments/1022_coordinate_optimizer_variable_depth_radius_seed9227465_target1_sources5_txrx52p5_ringdown050_objectives/data/multi_rebar_coordinate_optimizer_summary.json,refreshed,refresh requested,outputs/experiments/1022_coordinate_optimizer_variable_depth_radius_seed9227465_target1_sources5_txrx52p5_ringdown050_objectives/figures/system_scene_geometry.png,outputs/experiments/1022_coordinate_optimizer_variable_depth_radius_seed9227465_target1_sources5_txrx52p5_ringdown050_objectives/data/system_scene_geometry_summary.json,outputs/experiments/1022_coordinate_optimizer_variable_depth_radius_seed9227465_target1_sources5_txrx52p5_ringdown050_objectives/figures/FIGURE_NOTES.md,1777,1065,2086,0.6293267388989725
1021,outputs/experiments/1021_coordinate_optimizer_variable_depth_radius_seed9227465_target1_sources5_txrx60_ringdown050_objectives,outputs/experiments/1021_coordinate_optimizer_variable_depth_radius_seed9227465_target1_sources5_txrx60_ringdown050_objectives/data/multi_rebar_coordinate_optimizer_summary.json,refreshed,refresh requested,outputs/experiments/1021_coordinate_optimizer_variable_depth_radius_seed9227465_target1_sources5_txrx60_ringdown050_objectives/figures/system_scene_geometry.png,outputs/experiments/1021_coordinate_optimizer_variable_depth_radius_seed9227465_target1_sources5_txrx60_ringdown050_objectives/data/system_scene_geometry_summary.json,outputs/experiments/1021_coordinate_optimizer_variable_depth_radius_seed9227465_target1_sources5_txrx60_ringdown050_objectives/figures/FIGURE_NOTES.md,1770,1064,2048,0.6320541820653328
1020,outputs/experiments/1020_coordinate_optimizer_variable_depth_radius_seed9227465_target2_sources5_txrx60_ringdown050_objectives,outputs/experiments/1020_coordinate_optimizer_variable_depth_radius_seed9227465_target2_sources5_txrx60_ringdown050_objectives/data/multi_rebar_coordinate_optimizer_summary.json,refreshed,refresh requested,outputs/experiments/1020_coordinate_optimizer_variable_depth_radius_seed9227465_target2_sources5_txrx60_ringdown050_objectives/figures/system_scene_geometry.png,outputs/experiments/1020_coordinate_optimizer_variable_depth_radius_seed9227465_target2_sources5_txrx60_ringdown050_objectives/data/system_scene_geometry_summary.json,outputs/experiments/1020_coordinate_optimizer_variable_depth_radius_seed9227465_target2_sources5_txrx60_ringdown050_objectives/figures/FIGURE_NOTES.md,1770,1064,2092,0.6320706427084661
1019,outputs/experiments/1019_coordinate_optimizer_variable_depth_radius_seed9227465_target0_sources8_txrx60_ringdown050_objectives,outputs/experiments/1019_coordinate_optimizer_variable_depth_radius_seed9227465_target0_sources8_txrx60_ringdown050_objectives/data/multi_rebar_coordinate_optimizer_summary.json,refreshed,refresh requested,outputs/experiments/1019_coordinate_optimizer_variable_depth_radius_seed9227465_target0_sources8_txrx60_ringdown050_objectives/figures/system_scene_geometry.png,outputs/experiments/1019_coordinate_optimizer_variable_depth_radius_seed9227465_target0_sources8_txrx60_ringdown050_objectives/data/system_scene_geometry_summary.json,outputs/experiments/1019_coordinate_optimizer_variable_depth_radius_seed9227465_target0_sources8_txrx60_ringdown050_objectives/figures/FIGURE_NOTES.md,1770,1064,2120,0.6322283462894525
1018,outputs/experiments/1018_coordinate_optimizer_variable_depth_radius_seed5702887_target1_sources5_txrx60_ringdown050_objectives,outputs/experiments/1018_coordinate_optimizer_variable_depth_radius_seed5702887_target1_sources5_txrx60_ringdown050_objectives/data/multi_rebar_coordinate_optimizer_summary.json,refreshed,refresh requested,outputs/experiments/1018_coordinate_optimizer_variable_depth_radius_seed5702887_target1_sources5_txrx60_ringdown050_objectives/figures/system_scene_geometry.png,outputs/experiments/1018_coordinate_optimizer_variable_depth_radius_seed5702887_target1_sources5_txrx60_ringdown050_objectives/data/system_scene_geometry_summary.json,outputs/experiments/1018_coordinate_optimizer_variable_depth_radius_seed5702887_target1_sources5_txrx60_ringdown050_objectives/figures/FIGURE_NOTES.md,1770,1064,2048,0.6320695807314898
1017,outputs/experiments/1017_coordinate_optimizer_variable_depth_radius_seed5702887_target2_sources11_txrx60_ringdown050_objectives,outputs/experiments/1017_coordinate_optimizer_variable_depth_radius_seed5702887_target2_sources11_txrx60_ringdown050_objectives/data/multi_rebar_coordinate_optimizer_summary.json,refreshed,refresh requested,outputs/experiments/1017_coordinate_optimizer_variable_depth_radius_seed5702887_target2_sources11_txrx60_ringdown050_objectives/figures/system_scene_geometry.png,outputs/experiments/1017_coordinate_optimizer_variable_depth_radius_seed5702887_target2_sources11_txrx60_ringdown050_objectives/data/system_scene_geometry_summary.json,outputs/experiments/1017_coordinate_optimizer_variable_depth_radius_seed5702887_target2_sources11_txrx60_ringdown050_objectives/figures/FIGURE_NOTES.md,1770,1064,2110,0.6322649844951361
1016,outputs/experiments/1016_coordinate_optimizer_variable_depth_radius_seed5702887_target2_sources9_txrx65_ringdown050_objectives,outputs/experiments/1016_coordinate_optimizer_variable_depth_radius_seed5702887_target2_sources9_txrx65_ringdown050_objectives/data/multi_rebar_coordinate_optimizer_summary.json,refreshed,refresh requested,outputs/experiments/1016_coordinate_optimizer_variable_depth_radius_seed5702887_target2_sources9_txrx65_ringdown050_objectives/figures/system_scene_geometry.png,outputs/experiments/1016_coordinate_optimizer_variable_depth_radius_seed5702887_target2_sources9_txrx65_ringdown050_objectives/data/system_scene_geometry_summary.json,outputs/experiments/1016_coordinate_optimizer_variable_depth_radius_seed5702887_target2_sources9_txrx65_ringdown050_objectives/figures/FIGURE_NOTES.md,1770,1064,2171,0.6320839174206703
1015,outputs/experiments/1015_coordinate_optimizer_variable_depth_radius_seed5702887_target2_sources9_txrx45_ringdown050_objectives,outputs/experiments/1015_coordinate_optimizer_variable_depth_radius_seed5702887_target2_sources9_txrx45_ringdown050_objectives/data/multi_rebar_coordinate_optimizer_summary.json,refreshed,refresh requested,outputs/experiments/1015_coordinate_optimizer_variable_depth_radius_seed5702887_target2_sources9_txrx45_ringdown050_objectives/figures/system_scene_geometry.png,outputs/experiments/1015_coordinate_optimizer_variable_depth_radius_seed5702887_target2_sources9_txrx45_ringdown050_objectives/data/system_scene_geometry_summary.json,outputs/experiments/1015_coordinate_optimizer_variable_depth_radius_seed5702887_target2_sources9_txrx45_ringdown050_objectives/figures/FIGURE_NOTES.md,1770,1064,2115,0.6320127649632556
1014,outputs/experiments/1014_coordinate_optimizer_variable_depth_radius_seed5702887_target2_sources9_txrx60_ringdown050_objectives,outputs/experiments/1014_coordinate_optimizer_variable_depth_radius_seed5702887_target2_sources9_txrx60_ringdown050_objectives/data/multi_rebar_coordinate_optimizer_summary.json,refreshed,refresh requested,outputs/experiments/1014_coordinate_optimizer_variable_depth_radius_seed5702887_target2_sources9_txrx60_ringdown050_objectives/figures/system_scene_geometry.png,outputs/experiments/1014_coordinate_optimizer_variable_depth_radius_seed5702887_target2_sources9_txrx60_ringdown050_objectives/data/system_scene_geometry_summary.json,outputs/experiments/1014_coordinate_optimizer_variable_depth_radius_seed5702887_target2_sources9_txrx60_ringdown050_objectives/figures/FIGURE_NOTES.md,1770,1064,2132,0.6320897582940402
1013,outputs/experiments/1013_coordinate_optimizer_variable_depth_radius_seed5702887_target2_sources7_txrx60_ringdown050_objectives,outputs/experiments/1013_coordinate_optimizer_variable_depth_radius_seed5702887_target2_sources7_txrx60_ringdown050_objectives/data/multi_rebar_coordinate_optimizer_summary.json,refreshed,refresh requested,outputs/experiments/1013_coordinate_optimizer_variable_depth_radius_seed5702887_target2_sources7_txrx60_ringdown050_objectives/figures/system_scene_geometry.png,outputs/experiments/1013_coordinate_optimizer_variable_depth_radius_seed5702887_target2_sources7_txrx60_ringdown050_objectives/data/system_scene_geometry_summary.json,outputs/experiments/1013_coordinate_optimizer_variable_depth_radius_seed5702887_target2_sources7_txrx60_ringdown050_objectives/figures/FIGURE_NOTES.md,1770,1064,2107,0.6320106410093029
1012,outputs/experiments/1012_coordinate_optimizer_variable_depth_radius_seed5702887_target2_sources5_txrx60_ringdown050_objectives,outputs/experiments/1012_coordinate_optimizer_variable_depth_radius_seed5702887_target2_sources5_txrx60_ringdown050_objectives/data/multi_rebar_coordinate_optimizer_summary.json,refreshed,refresh requested,outputs/experiments/1012_coordinate_optimizer_variable_depth_radius_seed5702887_target2_sources5_txrx60_ringdown050_objectives/figures/system_scene_geometry.png,outputs/experiments/1012_coordinate_optimizer_variable_depth_radius_seed5702887_target2_sources5_txrx60_ringdown050_objectives/data/system_scene_geometry_summary.json,outputs/experiments/1012_coordinate_optimizer_variable_depth_radius_seed5702887_target2_sources5_txrx60_ringdown050_objectives/figures/FIGURE_NOTES.md,1770,1064,2092,0.632086041374623
1011,outputs/experiments/1011_coordinate_optimizer_variable_depth_radius_seed5702887_target0_sources8_txrx45_ringdown050_objectives,outputs/experiments/1011_coordinate_optimizer_variable_depth_radius_seed5702887_target0_sources8_txrx45_ringdown050_objectives/data/multi_rebar_coordinate_optimizer_summary.json,refreshed,refresh requested,outputs/experiments/1011_coordinate_optimizer_variable_depth_radius_seed5702887_target0_sources8_txrx45_ringdown050_objectives/figures/system_scene_geometry.png,outputs/experiments/1011_coordinate_optimizer_variable_depth_radius_seed5702887_target0_sources8_txrx45_ringdown050_objectives/data/system_scene_geometry_summary.json,outputs/experiments/1011_coordinate_optimizer_variable_depth_radius_seed5702887_target0_sources8_txrx45_ringdown050_objectives/figures/FIGURE_NOTES.md,1770,1064,2100,0.6321582558090141
1010,outputs/experiments/1010_coordinate_optimizer_variable_depth_radius_seed5702887_target0_sources8_txrx50_ringdown050_objectives,outputs/experiments/1010_coordinate_optimizer_variable_depth_radius_seed5702887_target0_sources8_txrx50_ringdown050_objectives/data/multi_rebar_coordinate_optimizer_summary.json,refreshed,refresh requested,outputs/experiments/1010_coordinate_optimizer_variable_depth_radius_seed5702887_target0_sources8_txrx50_ringdown050_objectives/figures/system_scene_geometry.png,outputs/experiments/1010_coordinate_optimizer_variable_depth_radius_seed5702887_target0_sources8_txrx50_ringdown050_objectives/data/system_scene_geometry_summary.json,outputs/experiments/1010_coordinate_optimizer_variable_depth_radius_seed5702887_target0_sources8_txrx50_ringdown050_objectives/figures/FIGURE_NOTES.md,1770,1064,2108,0.6321991419226031
1009,outputs/experiments/1009_coordinate_optimizer_variable_depth_radius_seed5702887_target0_sources8_txrx52p5_ringdown050_objectives,outputs/experiments/1009_coordinate_optimizer_variable_depth_radius_seed5702887_target0_sources8_txrx52p5_ringdown050_objectives/data/multi_rebar_coordinate_optimizer_summary.json,refreshed,refresh requested,outputs/experiments/1009_coordinate_optimizer_variable_depth_radius_seed5702887_target0_sources8_txrx52p5_ringdown050_objectives/figures/system_scene_geometry.png,outputs/experiments/1009_coordinate_optimizer_variable_depth_radius_seed5702887_target0_sources8_txrx52p5_ringdown050_objectives/data/system_scene_geometry_summary.json,outputs/experiments/1009_coordinate_optimizer_variable_depth_radius_seed5702887_target0_sources8_txrx52p5_ringdown050_objectives/figures/FIGURE_NOTES.md,1777,1065,2123,0.6294826169547769
1008,outputs/experiments/1008_coordinate_optimizer_variable_depth_radius_seed5702887_target0_sources8_txrx60_ringdown050_objectives,outputs/experiments/1008_coordinate_optimizer_variable_depth_radius_seed5702887_target0_sources8_txrx60_ringdown050_objectives/data/multi_rebar_coordinate_optimizer_summary.json,refreshed,refresh requested,outputs/experiments/1008_coordinate_optimizer_variable_depth_radius_seed5702887_target0_sources8_txrx60_ringdown050_objectives/figures/system_scene_geometry.png,outputs/experiments/1008_coordinate_optimizer_variable_depth_radius_seed5702887_target0_sources8_txrx60_ringdown050_objectives/data/system_scene_geometry_summary.json,outputs/experiments/1008_coordinate_optimizer_variable_depth_radius_seed5702887_target0_sources8_txrx60_ringdown050_objectives/figures/FIGURE_NOTES.md,1770,1064,2120,0.6322437449556093
1007,outputs/experiments/1007_coordinate_optimizer_variable_depth_radius_seed3524578_target1_sources5_txrx60_ringdown050_objectives,outputs/experiments/1007_coordinate_optimizer_variable_depth_radius_seed3524578_target1_sources5_txrx60_ringdown050_objectives/data/multi_rebar_coordinate_optimizer_summary.json,refreshed,refresh requested,outputs/experiments/1007_coordinate_optimizer_variable_depth_radius_seed3524578_target1_sources5_txrx60_ringdown050_objectives/figures/system_scene_geometry.png,outputs/experiments/1007_coordinate_optimizer_variable_depth_radius_seed3524578_target1_sources5_txrx60_ringdown050_objectives/data/system_scene_geometry_summary.json,outputs/experiments/1007_coordinate_optimizer_variable_depth_radius_seed3524578_target1_sources5_txrx60_ringdown050_objectives/figures/FIGURE_NOTES.md,1770,1064,2048,0.6320536510768446
1006,outputs/experiments/1006_coordinate_optimizer_variable_depth_radius_seed3524578_target2_sources5_txrx60_ringdown050_objectives,outputs/experiments/1006_coordinate_optimizer_variable_depth_radius_seed3524578_target2_sources5_txrx60_ringdown050_objectives/data/multi_rebar_coordinate_optimizer_summary.json,refreshed,refresh requested,outputs/experiments/1006_coordinate_optimizer_variable_depth_radius_seed3524578_target2_sources5_txrx60_ringdown050_objectives/figures/system_scene_geometry.png,outputs/experiments/1006_coordinate_optimizer_variable_depth_radius_seed3524578_target2_sources5_txrx60_ringdown050_objectives/data/system_scene_geometry_summary.json,outputs/experiments/1006_coordinate_optimizer_variable_depth_radius_seed3524578_target2_sources5_txrx60_ringdown050_objectives/figures/FIGURE_NOTES.md,1770,1064,2092,0.632070111719978
1005,outputs/experiments/1005_seed1346269_revised_txrx52p5_source_policy_summary,,skipped,no compatible coordinate optimizer summary,,,,,,,
1004,outputs/experiments/1004_coordinate_optimizer_variable_depth_radius_seed3524578_target0_sources8_txrx60_ringdown050_objectives,outputs/experiments/1004_coordinate_optimizer_variable_depth_radius_seed3524578_target0_sources8_txrx60_ringdown050_objectives/data/multi_rebar_coordinate_optimizer_summary.json,refreshed,refresh requested,outputs/experiments/1004_coordinate_optimizer_variable_depth_radius_seed3524578_target0_sources8_txrx60_ringdown050_objectives/figures/system_scene_geometry.png,outputs/experiments/1004_coordinate_optimizer_variable_depth_radius_seed3524578_target0_sources8_txrx60_ringdown050_objectives/data/system_scene_geometry_summary.json,outputs/experiments/1004_coordinate_optimizer_variable_depth_radius_seed3524578_target0_sources8_txrx60_ringdown050_objectives/figures/FIGURE_NOTES.md,1770,1064,2120,0.6322278153009643
1003,outputs/experiments/1003_coordinate_optimizer_variable_depth_radius_seed1346269_target1_sources5_txrx52p5_ringdown050_objectives,outputs/experiments/1003_coordinate_optimizer_variable_depth_radius_seed1346269_target1_sources5_txrx52p5_ringdown050_objectives/data/multi_rebar_coordinate_optimizer_summary.json,refreshed,refresh requested,outputs/experiments/1003_coordinate_optimizer_variable_depth_radius_seed1346269_target1_sources5_txrx52p5_ringdown050_objectives/figures/system_scene_geometry.png,outputs/experiments/1003_coordinate_optimizer_variable_depth_radius_seed1346269_target1_sources5_txrx52p5_ringdown050_objectives/data/system_scene_geometry_summary.json,outputs/experiments/1003_coordinate_optimizer_variable_depth_radius_seed1346269_target1_sources5_txrx52p5_ringdown050_objectives/figures/FIGURE_NOTES.md,1777,1065,2098,0.62934734650635
1002,outputs/experiments/1002_coordinate_optimizer_variable_depth_radius_seed1346269_target2_sources7_txrx60_ringdown050_objectives,outputs/experiments/1002_coordinate_optimizer_variable_depth_radius_seed1346269_target2_sources7_txrx60_ringdown050_objectives/data/multi_rebar_coordinate_optimizer_summary.json,refreshed,refresh requested,outputs/experiments/1002_coordinate_optimizer_variable_depth_radius_seed1346269_target2_sources7_txrx60_ringdown050_objectives/figures/system_scene_geometry.png,outputs/experiments/1002_coordinate_optimizer_variable_depth_radius_seed1346269_target2_sources7_txrx60_ringdown050_objectives/data/system_scene_geometry_summary.json,outputs/experiments/1002_coordinate_optimizer_variable_depth_radius_seed1346269_target2_sources7_txrx60_ringdown050_objectives/figures/FIGURE_NOTES.md,1770,1064,2096,0.6320223227560426
1001,outputs/experiments/1001_coordinate_optimizer_variable_depth_radius_seed1346269_target2_sources5_txrx52p5_ringdown050_objectives,outputs/experiments/1001_coordinate_optimizer_variable_depth_radius_seed1346269_target2_sources5_txrx52p5_ringdown050_objectives/data/multi_rebar_coordinate_optimizer_summary.json,refreshed,refresh requested,outputs/experiments/1001_coordinate_optimizer_variable_depth_radius_seed1346269_target2_sources5_txrx52p5_ringdown050_objectives/figures/system_scene_geometry.png,outputs/experiments/1001_coordinate_optimizer_variable_depth_radius_seed1346269_target2_sources5_txrx52p5_ringdown050_objectives/data/system_scene_geometry_summary.json,outputs/experiments/1001_coordinate_optimizer_variable_depth_radius_seed1346269_target2_sources5_txrx52p5_ringdown050_objectives/figures/FIGURE_NOTES.md,1777,1065,2092,0.6293679541137276
1000,outputs/experiments/1000_coordinate_optimizer_variable_depth_radius_seed1346269_target0_sources8_txrx52p5_ringdown050_objectives,outputs/experiments/1000_coordinate_optimizer_variable_depth_radius_seed1346269_target0_sources8_txrx52p5_ringdown050_objectives/data/multi_rebar_coordinate_optimizer_summary.json,refreshed,refresh requested,outputs/experiments/1000_coordinate_optimizer_variable_depth_radius_seed1346269_target0_sources8_txrx52p5_ringdown050_objectives/figures/system_scene_geometry.png,outputs/experiments/1000_coordinate_optimizer_variable_depth_radius_seed1346269_target0_sources8_txrx52p5_ringdown050_objectives/data/system_scene_geometry_summary.json,outputs/experiments/1000_coordinate_optimizer_variable_depth_radius_seed1346269_target0_sources8_txrx52p5_ringdown050_objectives/figures/FIGURE_NOTES.md,1777,1065,2061,0.6294968837598844
999,outputs/experiments/999_coordinate_optimizer_variable_depth_radius_seed832040_target1_sources9_txrx52p5_ringdown050_objectives,outputs/experiments/999_coordinate_optimizer_variable_depth_radius_seed832040_target1_sources9_txrx52p5_ringdown050_objectives/data/multi_rebar_coordinate_optimizer_summary.json,refreshed,refresh requested,outputs/experiments/999_coordinate_optimizer_variable_depth_radius_seed832040_target1_sources9_txrx52p5_ringdown050_objectives/figures/system_scene_geometry.png,outputs/experiments/999_coordinate_optimizer_variable_depth_radius_seed832040_target1_sources9_txrx52p5_ringdown050_objectives/data/system_scene_geometry_summary.json,outputs/experiments/999_coordinate_optimizer_variable_depth_radius_seed832040_target1_sources9_txrx52p5_ringdown050_objectives/figures/FIGURE_NOTES.md,1771,1064,2124,0.6320130506956267
998,outputs/experiments/998_coordinate_optimizer_variable_depth_radius_seed832040_target1_sources7_txrx52p5_ringdown050_objectives,outputs/experiments/998_coordinate_optimizer_variable_depth_radius_seed832040_target1_sources7_txrx52p5_ringdown050_objectives/data/multi_rebar_coordinate_optimizer_summary.json,refreshed,refresh requested,outputs/experiments/998_coordinate_optimizer_variable_depth_radius_seed832040_target1_sources7_txrx52p5_ringdown050_objectives/figures/system_scene_geometry.png,outputs/experiments/998_coordinate_optimizer_variable_depth_radius_seed832040_target1_sources7_txrx52p5_ringdown050_objectives/data/system_scene_geometry_summary.json,outputs/experiments/998_coordinate_optimizer_variable_depth_radius_seed832040_target1_sources7_txrx52p5_ringdown050_objectives/figures/FIGURE_NOTES.md,1771,1064,2062,0.6318809092182743
997,outputs/experiments/997_coordinate_optimizer_variable_depth_radius_seed832040_target1_sources5_txrx55_ringdown050_objectives,outputs/experiments/997_coordinate_optimizer_variable_depth_radius_seed832040_target1_sources5_txrx55_ringdown050_objectives/data/multi_rebar_coordinate_optimizer_summary.json,refreshed,refresh requested,outputs/experiments/997_coordinate_optimizer_variable_depth_radius_seed832040_target1_sources5_txrx55_ringdown050_objectives/figures/system_scene_geometry.png,outputs/experiments/997_coordinate_optimizer_variable_depth_radius_seed832040_target1_sources5_txrx55_ringdown050_objectives/data/system_scene_geometry_summary.json,outputs/experiments/997_coordinate_optimizer_variable_depth_radius_seed832040_target1_sources5_txrx55_ringdown050_objectives/figures/FIGURE_NOTES.md,1771,1064,2081,0.6317232946850468
996,outputs/experiments/996_coordinate_optimizer_variable_depth_radius_seed832040_target1_sources5_txrx50_ringdown050_objectives,outputs/experiments/996_coordinate_optimizer_variable_depth_radius_seed832040_target1_sources5_txrx50_ringdown050_objectives/data/multi_rebar_coordinate_optimizer_summary.json,refreshed,refresh requested,outputs/experiments/996_coordinate_optimizer_variable_depth_radius_seed832040_target1_sources5_txrx50_ringdown050_objectives/figures/system_scene_geometry.png,outputs/experiments/996_coordinate_optimizer_variable_depth_radius_seed832040_target1_sources5_txrx50_ringdown050_objectives/data/system_scene_geometry_summary.json,outputs/experiments/996_coordinate_optimizer_variable_depth_radius_seed832040_target1_sources5_txrx50_ringdown050_objectives/figures/FIGURE_NOTES.md,1771,1064,2027,0.6317514211842423
995,outputs/experiments/995_coordinate_optimizer_variable_depth_radius_seed832040_target1_sources5_txrx52p5_ringdown050_objectives,outputs/experiments/995_coordinate_optimizer_variable_depth_radius_seed832040_target1_sources5_txrx52p5_ringdown050_objectives/data/multi_rebar_coordinate_optimizer_summary.json,refreshed,refresh requested,outputs/experiments/995_coordinate_optimizer_variable_depth_radius_seed832040_target1_sources5_txrx52p5_ringdown050_objectives/figures/system_scene_geometry.png,outputs/experiments/995_coordinate_optimizer_variable_depth_radius_seed832040_target1_sources5_txrx52p5_ringdown050_objectives/data/system_scene_geometry_summary.json,outputs/experiments/995_coordinate_optimizer_variable_depth_radius_seed832040_target1_sources5_txrx52p5_ringdown050_objectives/figures/FIGURE_NOTES.md,1771,1064,2053,0.6319562670085717
994,outputs/experiments/994_seed2178309_txrx52p5_acquisition_policy_summary,,skipped,no compatible coordinate optimizer summary,,,,,,,
993,outputs/experiments/993_coordinate_optimizer_variable_depth_radius_seed2178309_target2_sources5_txrx52p5_ringdown050_objectives,outputs/experiments/993_coordinate_optimizer_variable_depth_radius_seed2178309_target2_sources5_txrx52p5_ringdown050_objectives/data/multi_rebar_coordinate_optimizer_summary.json,refreshed,refresh requested,outputs/experiments/993_coordinate_optimizer_variable_depth_radius_seed2178309_target2_sources5_txrx52p5_ringdown050_objectives/figures/system_scene_geometry.png,outputs/experiments/993_coordinate_optimizer_variable_depth_radius_seed2178309_target2_sources5_txrx52p5_ringdown050_objectives/data/system_scene_geometry_summary.json,outputs/experiments/993_coordinate_optimizer_variable_depth_radius_seed2178309_target2_sources5_txrx52p5_ringdown050_objectives/figures/FIGURE_NOTES.md,1777,1065,2092,0.6293457613057826
992,outputs/experiments/992_coordinate_optimizer_variable_depth_radius_seed2178309_target0_sources8_txrx52p5_ringdown050_objectives,outputs/experiments/992_coordinate_optimizer_variable_depth_radius_seed2178309_target0_sources8_txrx52p5_ringdown050_objectives/data/multi_rebar_coordinate_optimizer_summary.json,refreshed,refresh requested,outputs/experiments/992_coordinate_optimizer_variable_depth_radius_seed2178309_target0_sources8_txrx52p5_ringdown050_objectives/figures/system_scene_geometry.png,outputs/experiments/992_coordinate_optimizer_variable_depth_radius_seed2178309_target0_sources8_txrx52p5_ringdown050_objectives/data/system_scene_geometry_summary.json,outputs/experiments/992_coordinate_optimizer_variable_depth_radius_seed2178309_target0_sources8_txrx52p5_ringdown050_objectives/figures/FIGURE_NOTES.md,1777,1065,2061,0.6294746909519393
991,outputs/experiments/991_coordinate_optimizer_variable_depth_radius_seed2178309_target1_sources5_txrx52p5_ringdown050_objectives,outputs/experiments/991_coordinate_optimizer_variable_depth_radius_seed2178309_target1_sources5_txrx52p5_ringdown050_objectives/data/multi_rebar_coordinate_optimizer_summary.json,refreshed,refresh requested,outputs/experiments/991_coordinate_optimizer_variable_depth_radius_seed2178309_target1_sources5_txrx52p5_ringdown050_objectives/figures/system_scene_geometry.png,outputs/experiments/991_coordinate_optimizer_variable_depth_radius_seed2178309_target1_sources5_txrx52p5_ringdown050_objectives/data/system_scene_geometry_summary.json,outputs/experiments/991_coordinate_optimizer_variable_depth_radius_seed2178309_target1_sources5_txrx52p5_ringdown050_objectives/figures/FIGURE_NOTES.md,1777,1065,2098,0.629325153698405
990,outputs/experiments/990_coordinate_optimizer_variable_depth_radius_seed2178309_target1_sources5_txrx57p5_ringdown050_objectives,outputs/experiments/990_coordinate_optimizer_variable_depth_radius_seed2178309_target1_sources5_txrx57p5_ringdown050_objectives/data/multi_rebar_coordinate_optimizer_summary.json,refreshed,refresh requested,outputs/experiments/990_coordinate_optimizer_variable_depth_radius_seed2178309_target1_sources5_txrx57p5_ringdown050_objectives/figures/system_scene_geometry.png,outputs/experiments/990_coordinate_optimizer_variable_depth_radius_seed2178309_target1_sources5_txrx57p5_ringdown050_objectives/data/system_scene_geometry_summary.json,outputs/experiments/990_coordinate_optimizer_variable_depth_radius_seed2178309_target1_sources5_txrx57p5_ringdown050_objectives/figures/FIGURE_NOTES.md,1777,1065,2025,0.6293024324902708
989,outputs/experiments/989_coordinate_optimizer_variable_depth_radius_seed2178309_target1_sources5_txrx55_ringdown050_objectives,outputs/experiments/989_coordinate_optimizer_variable_depth_radius_seed2178309_target1_sources5_txrx55_ringdown050_objectives/data/multi_rebar_coordinate_optimizer_summary.json,refreshed,refresh requested,outputs/experiments/989_coordinate_optimizer_variable_depth_radius_seed2178309_target1_sources5_txrx55_ringdown050_objectives/figures/system_scene_geometry.png,outputs/experiments/989_coordinate_optimizer_variable_depth_radius_seed2178309_target1_sources5_txrx55_ringdown050_objectives/data/system_scene_geometry_summary.json,outputs/experiments/989_coordinate_optimizer_variable_depth_radius_seed2178309_target1_sources5_txrx55_ringdown050_objectives/figures/FIGURE_NOTES.md,1770,1064,2054,0.6319803746654773
988,outputs/experiments/988_coordinate_optimizer_variable_depth_radius_seed2178309_target1_sources5_txrx45_ringdown050_objectives,outputs/experiments/988_coordinate_optimizer_variable_depth_radius_seed2178309_target1_sources5_txrx45_ringdown050_objectives/data/multi_rebar_coordinate_optimizer_summary.json,refreshed,refresh requested,outputs/experiments/988_coordinate_optimizer_variable_depth_radius_seed2178309_target1_sources5_txrx45_ringdown050_objectives/figures/system_scene_geometry.png,outputs/experiments/988_coordinate_optimizer_variable_depth_radius_seed2178309_target1_sources5_txrx45_ringdown050_objectives/data/system_scene_geometry_summary.json,outputs/experiments/988_coordinate_optimizer_variable_depth_radius_seed2178309_target1_sources5_txrx45_ringdown050_objectives/figures/FIGURE_NOTES.md,1770,1064,2049,0.6320000212395396
987,outputs/experiments/987_coordinate_optimizer_variable_depth_radius_seed2178309_target1_sources5_txrx50_ringdown050_objectives,outputs/experiments/987_coordinate_optimizer_variable_depth_radius_seed2178309_target1_sources5_txrx50_ringdown050_objectives/data/multi_rebar_coordinate_optimizer_summary.json,refreshed,refresh requested,outputs/experiments/987_coordinate_optimizer_variable_depth_radius_seed2178309_target1_sources5_txrx50_ringdown050_objectives/figures/system_scene_geometry.png,outputs/experiments/987_coordinate_optimizer_variable_depth_radius_seed2178309_target1_sources5_txrx50_ringdown050_objectives/data/system_scene_geometry_summary.json,outputs/experiments/987_coordinate_optimizer_variable_depth_radius_seed2178309_target1_sources5_txrx50_ringdown050_objectives/figures/FIGURE_NOTES.md,1770,1064,2029,0.6320409073531286
986,outputs/experiments/986_coordinate_optimizer_variable_depth_radius_seed2178309_target1_sources5_txrx60_linear_receiver_ringdown050_objectives,outputs/experiments/986_coordinate_optimizer_variable_depth_radius_seed2178309_target1_sources5_txrx60_linear_receiver_ringdown050_objectives/data/multi_rebar_coordinate_optimizer_summary.json,refreshed,refresh requested,outputs/experiments/986_coordinate_optimizer_variable_depth_radius_seed2178309_target1_sources5_txrx60_linear_receiver_ringdown050_objectives/figures/system_scene_geometry.png,outputs/experiments/986_coordinate_optimizer_variable_depth_radius_seed2178309_target1_sources5_txrx60_linear_receiver_ringdown050_objectives/data/system_scene_geometry_summary.json,outputs/experiments/986_coordinate_optimizer_variable_depth_radius_seed2178309_target1_sources5_txrx60_linear_receiver_ringdown050_objectives/figures/FIGURE_NOTES.md,1728,1065,2050,0.6483019257520432
985,outputs/experiments/985_seed2178309_ringdown050_target_specific_unresolved_summary,,skipped,no compatible coordinate optimizer summary,,,,,,,
984,outputs/experiments/984_coordinate_optimizer_variable_depth_radius_seed2178309_target1_sources11_txrx60_ringdown050_objectives,outputs/experiments/984_coordinate_optimizer_variable_depth_radius_seed2178309_target1_sources11_txrx60_ringdown050_objectives/data/multi_rebar_coordinate_optimizer_summary.json,refreshed,refresh requested,outputs/experiments/984_coordinate_optimizer_variable_depth_radius_seed2178309_target1_sources11_txrx60_ringdown050_objectives/figures/system_scene_geometry.png,outputs/experiments/984_coordinate_optimizer_variable_depth_radius_seed2178309_target1_sources11_txrx60_ringdown050_objectives/data/system_scene_geometry_summary.json,outputs/experiments/984_coordinate_optimizer_variable_depth_radius_seed2178309_target1_sources11_txrx60_ringdown050_objectives/figures/FIGURE_NOTES.md,1770,1064,2097,0.6322474618750266
983,outputs/experiments/983_coordinate_optimizer_variable_depth_radius_seed2178309_target1_sources9_txrx60_ringdown050_objectives,outputs/experiments/983_coordinate_optimizer_variable_depth_radius_seed2178309_target1_sources9_txrx60_ringdown050_objectives/data/multi_rebar_coordinate_optimizer_summary.json,refreshed,refresh requested,outputs/experiments/983_coordinate_optimizer_variable_depth_radius_seed2178309_target1_sources9_txrx60_ringdown050_objectives/figures/system_scene_geometry.png,outputs/experiments/983_coordinate_optimizer_variable_depth_radius_seed2178309_target1_sources9_txrx60_ringdown050_objectives/data/system_scene_geometry_summary.json,outputs/experiments/983_coordinate_optimizer_variable_depth_radius_seed2178309_target1_sources9_txrx60_ringdown050_objectives/figures/FIGURE_NOTES.md,1770,1064,2075,0.6321062189371734
982,outputs/experiments/982_coordinate_optimizer_variable_depth_radius_seed2178309_target1_sources5_txrx60_ringdown050_objectives,outputs/experiments/982_coordinate_optimizer_variable_depth_radius_seed2178309_target1_sources5_txrx60_ringdown050_objectives/data/multi_rebar_coordinate_optimizer_summary.json,refreshed,refresh requested,outputs/experiments/982_coordinate_optimizer_variable_depth_radius_seed2178309_target1_sources5_txrx60_ringdown050_objectives/figures/system_scene_geometry.png,outputs/experiments/982_coordinate_optimizer_variable_depth_radius_seed2178309_target1_sources5_txrx60_ringdown050_objectives/data/system_scene_geometry_summary.json,outputs/experiments/982_coordinate_optimizer_variable_depth_radius_seed2178309_target1_sources5_txrx60_ringdown050_objectives/figures/FIGURE_NOTES.md,1770,1064,2046,0.6320855103861348
981,outputs/experiments/981_coordinate_optimizer_variable_depth_radius_seed2178309_target2_sources5_txrx60_ringdown050_objectives,outputs/experiments/981_coordinate_optimizer_variable_depth_radius_seed2178309_target2_sources5_txrx60_ringdown050_objectives/data/multi_rebar_coordinate_optimizer_summary.json,refreshed,refresh requested,outputs/experiments/981_coordinate_optimizer_variable_depth_radius_seed2178309_target2_sources5_txrx60_ringdown050_objectives/figures/system_scene_geometry.png,outputs/experiments/981_coordinate_optimizer_variable_depth_radius_seed2178309_target2_sources5_txrx60_ringdown050_objectives/data/system_scene_geometry_summary.json,outputs/experiments/981_coordinate_optimizer_variable_depth_radius_seed2178309_target2_sources5_txrx60_ringdown050_objectives/figures/FIGURE_NOTES.md,1770,1064,2081,0.6320732976509069
980,outputs/experiments/980_coordinate_optimizer_variable_depth_radius_seed2178309_target0_sources8_txrx60_ringdown050_objectives,outputs/experiments/980_coordinate_optimizer_variable_depth_radius_seed2178309_target0_sources8_txrx60_ringdown050_objectives/data/multi_rebar_coordinate_optimizer_summary.json,refreshed,refresh requested,outputs/experiments/980_coordinate_optimizer_variable_depth_radius_seed2178309_target0_sources8_txrx60_ringdown050_objectives/figures/system_scene_geometry.png,outputs/experiments/980_coordinate_optimizer_variable_depth_radius_seed2178309_target0_sources8_txrx60_ringdown050_objectives/data/system_scene_geometry_summary.json,outputs/experiments/980_coordinate_optimizer_variable_depth_radius_seed2178309_target0_sources8_txrx60_ringdown050_objectives/figures/FIGURE_NOTES.md,1770,1064,2102,0.6322230364045708
979,outputs/experiments/979_seed1346269_ringdown050_target_specific_rescue_summary,,skipped,no compatible coordinate optimizer summary,,,,,,,
978,outputs/experiments/978_coordinate_optimizer_variable_depth_radius_seed1346269_target1_sources5_txrx60_ringdown050_objectives,outputs/experiments/978_coordinate_optimizer_variable_depth_radius_seed1346269_target1_sources5_txrx60_ringdown050_objectives/data/multi_rebar_coordinate_optimizer_summary.json,refreshed,refresh requested,outputs/experiments/978_coordinate_optimizer_variable_depth_radius_seed1346269_target1_sources5_txrx60_ringdown050_objectives/figures/system_scene_geometry.png,outputs/experiments/978_coordinate_optimizer_variable_depth_radius_seed1346269_target1_sources5_txrx60_ringdown050_objectives/data/system_scene_geometry_summary.json,outputs/experiments/978_coordinate_optimizer_variable_depth_radius_seed1346269_target1_sources5_txrx60_ringdown050_objectives/figures/FIGURE_NOTES.md,1770,1064,2046,0.632107811902638
977,outputs/experiments/977_coordinate_optimizer_variable_depth_radius_seed1346269_target2_sources9_txrx60_ringdown050_objectives,outputs/experiments/977_coordinate_optimizer_variable_depth_radius_seed1346269_target2_sources9_txrx60_ringdown050_objectives/data/multi_rebar_coordinate_optimizer_summary.json,refreshed,refresh requested,outputs/experiments/977_coordinate_optimizer_variable_depth_radius_seed1346269_target2_sources9_txrx60_ringdown050_objectives/figures/system_scene_geometry.png,outputs/experiments/977_coordinate_optimizer_variable_depth_radius_seed1346269_target2_sources9_txrx60_ringdown050_objectives/data/system_scene_geometry_summary.json,outputs/experiments/977_coordinate_optimizer_variable_depth_radius_seed1346269_target2_sources9_txrx60_ringdown050_objectives/figures/FIGURE_NOTES.md,1770,1064,2123,0.6321524149356442
976,outputs/experiments/976_coordinate_optimizer_variable_depth_radius_seed1346269_target2_sources5_txrx60_ringdown050_objectives,outputs/experiments/976_coordinate_optimizer_variable_depth_radius_seed1346269_target2_sources5_txrx60_ringdown050_objectives/data/multi_rebar_coordinate_optimizer_summary.json,refreshed,refresh requested,outputs/experiments/976_coordinate_optimizer_variable_depth_radius_seed1346269_target2_sources5_txrx60_ringdown050_objectives/figures/system_scene_geometry.png,outputs/experiments/976_coordinate_optimizer_variable_depth_radius_seed1346269_target2_sources5_txrx60_ringdown050_objectives/data/system_scene_geometry_summary.json,outputs/experiments/976_coordinate_optimizer_variable_depth_radius_seed1346269_target2_sources5_txrx60_ringdown050_objectives/figures/FIGURE_NOTES.md,1770,1064,2081,0.6320955991674101
975,outputs/experiments/975_coordinate_optimizer_variable_depth_radius_seed1346269_target0_sources11_txrx60_ringdown050_objectives,outputs/experiments/975_coordinate_optimizer_variable_depth_radius_seed1346269_target0_sources11_txrx60_ringdown050_objectives/data/multi_rebar_coordinate_optimizer_summary.json,refreshed,refresh requested,outputs/experiments/975_coordinate_optimizer_variable_depth_radius_seed1346269_target0_sources11_txrx60_ringdown050_objectives/figures/system_scene_geometry.png,outputs/experiments/975_coordinate_optimizer_variable_depth_radius_seed1346269_target0_sources11_txrx60_ringdown050_objectives/data/system_scene_geometry_summary.json,outputs/experiments/975_coordinate_optimizer_variable_depth_radius_seed1346269_target0_sources11_txrx60_ringdown050_objectives/figures/FIGURE_NOTES.md,1770,1064,2126,0.6323531285841723
974,outputs/experiments/974_coordinate_optimizer_variable_depth_radius_seed1346269_target0_sources9_txrx60_ringdown050_objectives,outputs/experiments/974_coordinate_optimizer_variable_depth_radius_seed1346269_target0_sources9_txrx60_ringdown050_objectives/data/multi_rebar_coordinate_optimizer_summary.json,refreshed,refresh requested,outputs/experiments/974_coordinate_optimizer_variable_depth_radius_seed1346269_target0_sources9_txrx60_ringdown050_objectives/figures/system_scene_geometry.png,outputs/experiments/974_coordinate_optimizer_variable_depth_radius_seed1346269_target0_sources9_txrx60_ringdown050_objectives/data/system_scene_geometry_summary.json,outputs/experiments/974_coordinate_optimizer_variable_depth_radius_seed1346269_target0_sources9_txrx60_ringdown050_objectives/figures/FIGURE_NOTES.md,1770,1064,2127,0.6322007348880676
973,outputs/experiments/973_coordinate_optimizer_variable_depth_radius_seed1346269_target0_sources8_txrx60_ringdown050_objectives,outputs/experiments/973_coordinate_optimizer_variable_depth_radius_seed1346269_target0_sources8_txrx60_ringdown050_objectives/data/multi_rebar_coordinate_optimizer_summary.json,refreshed,refresh requested,outputs/experiments/973_coordinate_optimizer_variable_depth_radius_seed1346269_target0_sources8_txrx60_ringdown050_objectives/figures/system_scene_geometry.png,outputs/experiments/973_coordinate_optimizer_variable_depth_radius_seed1346269_target0_sources8_txrx60_ringdown050_objectives/data/system_scene_geometry_summary.json,outputs/experiments/973_coordinate_optimizer_variable_depth_radius_seed1346269_target0_sources8_txrx60_ringdown050_objectives/figures/FIGURE_NOTES.md,1770,1064,2102,0.6322453379210738
972,outputs/experiments/972_seed832040_ringdown050_target_specific_rescue_summary,,skipped,no compatible coordinate optimizer summary,,,,,,,
971,outputs/experiments/971_coordinate_optimizer_variable_depth_radius_seed832040_target1_sources9_txrx60_ringdown050_objectives,outputs/experiments/971_coordinate_optimizer_variable_depth_radius_seed832040_target1_sources9_txrx60_ringdown050_objectives/data/multi_rebar_coordinate_optimizer_summary.json,refreshed,refresh requested,outputs/experiments/971_coordinate_optimizer_variable_depth_radius_seed832040_target1_sources9_txrx60_ringdown050_objectives/figures/system_scene_geometry.png,outputs/experiments/971_coordinate_optimizer_variable_depth_radius_seed832040_target1_sources9_txrx60_ringdown050_objectives/data/system_scene_geometry_summary.json,outputs/experiments/971_coordinate_optimizer_variable_depth_radius_seed832040_target1_sources9_txrx60_ringdown050_objectives/figures/FIGURE_NOTES.md,1771,1064,2116,0.6317917535227113
970,outputs/experiments/970_coordinate_optimizer_variable_depth_radius_seed832040_target1_sources5_txrx60_ringdown050_objectives,outputs/experiments/970_coordinate_optimizer_variable_depth_radius_seed832040_target1_sources5_txrx60_ringdown050_objectives/data/multi_rebar_coordinate_optimizer_summary.json,refreshed,refresh requested,outputs/experiments/970_coordinate_optimizer_variable_depth_radius_seed832040_target1_sources5_txrx60_ringdown050_objectives/figures/system_scene_geometry.png,outputs/experiments/970_coordinate_optimizer_variable_depth_radius_seed832040_target1_sources5_txrx60_ringdown050_objectives/data/system_scene_geometry_summary.json,outputs/experiments/970_coordinate_optimizer_variable_depth_radius_seed832040_target1_sources5_txrx60_ringdown050_objectives/figures/FIGURE_NOTES.md,1771,1064,2041,0.6317986524753442
969,outputs/experiments/969_coordinate_optimizer_variable_depth_radius_seed832040_target2_sources5_txrx60_ringdown050_objectives,outputs/experiments/969_coordinate_optimizer_variable_depth_radius_seed832040_target2_sources5_txrx60_ringdown050_objectives/data/multi_rebar_coordinate_optimizer_summary.json,refreshed,refresh requested,outputs/experiments/969_coordinate_optimizer_variable_depth_radius_seed832040_target2_sources5_txrx60_ringdown050_objectives/figures/system_scene_geometry.png,outputs/experiments/969_coordinate_optimizer_variable_depth_radius_seed832040_target2_sources5_txrx60_ringdown050_objectives/data/system_scene_geometry_summary.json,outputs/experiments/969_coordinate_optimizer_variable_depth_radius_seed832040_target2_sources5_txrx60_ringdown050_objectives/figures/FIGURE_NOTES.md,1771,1064,2108,0.6318235948425552
968,outputs/experiments/968_coordinate_optimizer_variable_depth_radius_seed832040_target0_sources8_txrx60_ringdown050_objectives,outputs/experiments/968_coordinate_optimizer_variable_depth_radius_seed832040_target0_sources8_txrx60_ringdown050_objectives/data/multi_rebar_coordinate_optimizer_summary.json,refreshed,refresh requested,outputs/experiments/968_coordinate_optimizer_variable_depth_radius_seed832040_target0_sources8_txrx60_ringdown050_objectives/figures/system_scene_geometry.png,outputs/experiments/968_coordinate_optimizer_variable_depth_radius_seed832040_target0_sources8_txrx60_ringdown050_objectives/data/system_scene_geometry_summary.json,outputs/experiments/968_coordinate_optimizer_variable_depth_radius_seed832040_target0_sources8_txrx60_ringdown050_objectives/figures/FIGURE_NOTES.md,1771,1064,2141,0.6319196494907512
967,outputs/experiments/967_seed514229_ringdown050_target_specific_rescue_summary,,skipped,no compatible coordinate optimizer summary,,,,,,,
966,outputs/experiments/966_coordinate_optimizer_variable_depth_radius_seed514229_target1_sources5_txrx60_ringdown050_objectives,outputs/experiments/966_coordinate_optimizer_variable_depth_radius_seed514229_target1_sources5_txrx60_ringdown050_objectives/data/multi_rebar_coordinate_optimizer_summary.json,refreshed,refresh requested,outputs/experiments/966_coordinate_optimizer_variable_depth_radius_seed514229_target1_sources5_txrx60_ringdown050_objectives/figures/system_scene_geometry.png,outputs/experiments/966_coordinate_optimizer_variable_depth_radius_seed514229_target1_sources5_txrx60_ringdown050_objectives/data/system_scene_geometry_summary.json,outputs/experiments/966_coordinate_optimizer_variable_depth_radius_seed514229_target1_sources5_txrx60_ringdown050_objectives/figures/FIGURE_NOTES.md,1771,1064,2074,0.6317206412417266
965,outputs/experiments/965_coordinate_optimizer_variable_depth_radius_seed514229_target2_sources9_txrx60_ringdown050_objectives,outputs/experiments/965_coordinate_optimizer_variable_depth_radius_seed514229_target2_sources9_txrx60_ringdown050_objectives/data/multi_rebar_coordinate_optimizer_summary.json,refreshed,refresh requested,outputs/experiments/965_coordinate_optimizer_variable_depth_radius_seed514229_target2_sources9_txrx60_ringdown050_objectives/figures/system_scene_geometry.png,outputs/experiments/965_coordinate_optimizer_variable_depth_radius_seed514229_target2_sources9_txrx60_ringdown050_objectives/data/system_scene_geometry_summary.json,outputs/experiments/965_coordinate_optimizer_variable_depth_radius_seed514229_target2_sources9_txrx60_ringdown050_objectives/figures/FIGURE_NOTES.md,1771,1064,2135,0.6317657497781721
964,outputs/experiments/964_coordinate_optimizer_variable_depth_radius_seed514229_target2_sources5_txrx60_ringdown050_objectives,outputs/experiments/964_coordinate_optimizer_variable_depth_radius_seed514229_target2_sources5_txrx60_ringdown050_objectives/data/multi_rebar_coordinate_optimizer_summary.json,refreshed,refresh requested,outputs/experiments/964_coordinate_optimizer_variable_depth_radius_seed514229_target2_sources5_txrx60_ringdown050_objectives/figures/system_scene_geometry.png,outputs/experiments/964_coordinate_optimizer_variable_depth_radius_seed514229_target2_sources5_txrx60_ringdown050_objectives/data/system_scene_geometry_summary.json,outputs/experiments/964_coordinate_optimizer_variable_depth_radius_seed514229_target2_sources5_txrx60_ringdown050_objectives/figures/FIGURE_NOTES.md,1771,1064,2047,0.6320576285434082
963,outputs/experiments/963_coordinate_optimizer_variable_depth_radius_seed514229_target0_sources8_txrx60_ringdown050_objectives,outputs/experiments/963_coordinate_optimizer_variable_depth_radius_seed514229_target0_sources8_txrx60_ringdown050_objectives/data/multi_rebar_coordinate_optimizer_summary.json,refreshed,refresh requested,outputs/experiments/963_coordinate_optimizer_variable_depth_radius_seed514229_target0_sources8_txrx60_ringdown050_objectives/figures/system_scene_geometry.png,outputs/experiments/963_coordinate_optimizer_variable_depth_radius_seed514229_target0_sources8_txrx60_ringdown050_objectives/data/system_scene_geometry_summary.json,outputs/experiments/963_coordinate_optimizer_variable_depth_radius_seed514229_target0_sources8_txrx60_ringdown050_objectives/figures/FIGURE_NOTES.md,1771,1064,2141,0.6318310244838522
962,outputs/experiments/962_seed317811_ringdown050_target_specific_rescue_summary,,skipped,no compatible coordinate optimizer summary,,,,,,,
961,outputs/experiments/961_coordinate_optimizer_variable_depth_radius_seed317811_target1_sources5_txrx60_ringdown050_objectives,outputs/experiments/961_coordinate_optimizer_variable_depth_radius_seed317811_target1_sources5_txrx60_ringdown050_objectives/data/multi_rebar_coordinate_optimizer_summary.json,refreshed,refresh requested,outputs/experiments/961_coordinate_optimizer_variable_depth_radius_seed317811_target1_sources5_txrx60_ringdown050_objectives/figures/system_scene_geometry.png,outputs/experiments/961_coordinate_optimizer_variable_depth_radius_seed317811_target1_sources5_txrx60_ringdown050_objectives/data/system_scene_geometry_summary.json,outputs/experiments/961_coordinate_optimizer_variable_depth_radius_seed317811_target1_sources5_txrx60_ringdown050_objectives/figures/FIGURE_NOTES.md,1771,1064,2074,0.6316712871959684
960,outputs/experiments/960_coordinate_optimizer_variable_depth_radius_seed317811_target2_sources9_txrx60_ringdown050_objectives,outputs/experiments/960_coordinate_optimizer_variable_depth_radius_seed317811_target2_sources9_txrx60_ringdown050_objectives/data/multi_rebar_coordinate_optimizer_summary.json,refreshed,refresh requested,outputs/experiments/960_coordinate_optimizer_variable_depth_radius_seed317811_target2_sources9_txrx60_ringdown050_objectives/figures/system_scene_geometry.png,outputs/experiments/960_coordinate_optimizer_variable_depth_radius_seed317811_target2_sources9_txrx60_ringdown050_objectives/data/system_scene_geometry_summary.json,outputs/experiments/960_coordinate_optimizer_variable_depth_radius_seed317811_target2_sources9_txrx60_ringdown050_objectives/figures/FIGURE_NOTES.md,1771,1064,2135,0.631716395732414
959,outputs/experiments/959_coordinate_optimizer_variable_depth_radius_seed317811_target2_sources5_txrx60_ringdown050_objectives,outputs/experiments/959_coordinate_optimizer_variable_depth_radius_seed317811_target2_sources5_txrx60_ringdown050_objectives/data/multi_rebar_coordinate_optimizer_summary.json,refreshed,refresh requested,outputs/experiments/959_coordinate_optimizer_variable_depth_radius_seed317811_target2_sources5_txrx60_ringdown050_objectives/figures/system_scene_geometry.png,outputs/experiments/959_coordinate_optimizer_variable_depth_radius_seed317811_target2_sources5_txrx60_ringdown050_objectives/data/system_scene_geometry_summary.json,outputs/experiments/959_coordinate_optimizer_variable_depth_radius_seed317811_target2_sources5_txrx60_ringdown050_objectives/figures/FIGURE_NOTES.md,1771,1064,2047,0.6320082744976501
958,outputs/experiments/958_coordinate_optimizer_variable_depth_radius_seed317811_target0_sources8_txrx60_ringdown050_objectives,outputs/experiments/958_coordinate_optimizer_variable_depth_radius_seed317811_target0_sources8_txrx60_ringdown050_objectives/data/multi_rebar_coordinate_optimizer_summary.json,refreshed,refresh requested,outputs/experiments/958_coordinate_optimizer_variable_depth_radius_seed317811_target0_sources8_txrx60_ringdown050_objectives/figures/system_scene_geometry.png,outputs/experiments/958_coordinate_optimizer_variable_depth_radius_seed317811_target0_sources8_txrx60_ringdown050_objectives/data/system_scene_geometry_summary.json,outputs/experiments/958_coordinate_optimizer_variable_depth_radius_seed317811_target0_sources8_txrx60_ringdown050_objectives/figures/FIGURE_NOTES.md,1771,1064,2141,0.6317816704380941
957,outputs/experiments/957_seed196418_ringdown050_target_specific_rescue_summary,,skipped,no compatible coordinate optimizer summary,,,,,,,
956,outputs/experiments/956_coordinate_optimizer_variable_depth_radius_seed196418_target1_sources9_txrx60_ringdown050_objectives,outputs/experiments/956_coordinate_optimizer_variable_depth_radius_seed196418_target1_sources9_txrx60_ringdown050_objectives/data/multi_rebar_coordinate_optimizer_summary.json,refreshed,refresh requested,outputs/experiments/956_coordinate_optimizer_variable_depth_radius_seed196418_target1_sources9_txrx60_ringdown050_objectives/figures/system_scene_geometry.png,outputs/experiments/956_coordinate_optimizer_variable_depth_radius_seed196418_target1_sources9_txrx60_ringdown050_objectives/data/system_scene_geometry_summary.json,outputs/experiments/956_coordinate_optimizer_variable_depth_radius_seed196418_target1_sources9_txrx60_ringdown050_objectives/figures/FIGURE_NOTES.md,1771,1064,2116,0.6317673418441644
955,outputs/experiments/955_coordinate_optimizer_variable_depth_radius_seed196418_target1_sources5_txrx60_ringdown050_objectives,outputs/experiments/955_coordinate_optimizer_variable_depth_radius_seed196418_target1_sources5_txrx60_ringdown050_objectives/data/multi_rebar_coordinate_optimizer_summary.json,refreshed,refresh requested,outputs/experiments/955_coordinate_optimizer_variable_depth_radius_seed196418_target1_sources5_txrx60_ringdown050_objectives/figures/system_scene_geometry.png,outputs/experiments/955_coordinate_optimizer_variable_depth_radius_seed196418_target1_sources5_txrx60_ringdown050_objectives/data/system_scene_geometry_summary.json,outputs/experiments/955_coordinate_optimizer_variable_depth_radius_seed196418_target1_sources5_txrx60_ringdown050_objectives/figures/FIGURE_NOTES.md,1771,1064,2041,0.6317742407967972
954,outputs/experiments/954_coordinate_optimizer_variable_depth_radius_seed196418_target2_sources5_txrx60_ringdown050_objectives,outputs/experiments/954_coordinate_optimizer_variable_depth_radius_seed196418_target2_sources5_txrx60_ringdown050_objectives/data/multi_rebar_coordinate_optimizer_summary.json,refreshed,refresh requested,outputs/experiments/954_coordinate_optimizer_variable_depth_radius_seed196418_target2_sources5_txrx60_ringdown050_objectives/figures/system_scene_geometry.png,outputs/experiments/954_coordinate_optimizer_variable_depth_radius_seed196418_target2_sources5_txrx60_ringdown050_objectives/data/system_scene_geometry_summary.json,outputs/experiments/954_coordinate_optimizer_variable_depth_radius_seed196418_target2_sources5_txrx60_ringdown050_objectives/figures/FIGURE_NOTES.md,1771,1064,2108,0.6317991831640083
953,outputs/experiments/953_coordinate_optimizer_variable_depth_radius_seed196418_target0_sources8_txrx60_ringdown050_objectives,outputs/experiments/953_coordinate_optimizer_variable_depth_radius_seed196418_target0_sources8_txrx60_ringdown050_objectives/data/multi_rebar_coordinate_optimizer_summary.json,refreshed,refresh requested,outputs/experiments/953_coordinate_optimizer_variable_depth_radius_seed196418_target0_sources8_txrx60_ringdown050_objectives/figures/system_scene_geometry.png,outputs/experiments/953_coordinate_optimizer_variable_depth_radius_seed196418_target0_sources8_txrx60_ringdown050_objectives/data/system_scene_geometry_summary.json,outputs/experiments/953_coordinate_optimizer_variable_depth_radius_seed196418_target0_sources8_txrx60_ringdown050_objectives/figures/FIGURE_NOTES.md,1771,1064,2141,0.6318952378122041
952,outputs/experiments/952_seed121393_ringdown050_target0_unresolved_source_density_summary,,skipped,no compatible coordinate optimizer summary,,,,,,,
951,outputs/experiments/951_coordinate_optimizer_variable_depth_radius_seed121393_target0_sources11_txrx60_ringdown050_objectives,outputs/experiments/951_coordinate_optimizer_variable_depth_radius_seed121393_target0_sources11_txrx60_ringdown050_objectives/data/multi_rebar_coordinate_optimizer_summary.json,refreshed,refresh requested,outputs/experiments/951_coordinate_optimizer_variable_depth_radius_seed121393_target0_sources11_txrx60_ringdown050_objectives/figures/system_scene_geometry.png,outputs/experiments/951_coordinate_optimizer_variable_depth_radius_seed121393_target0_sources11_txrx60_ringdown050_objectives/data/system_scene_geometry_summary.json,outputs/experiments/951_coordinate_optimizer_variable_depth_radius_seed121393_target0_sources11_txrx60_ringdown050_objectives/figures/FIGURE_NOTES.md,1770,1064,2123,0.6321025020177563
950,outputs/experiments/950_coordinate_optimizer_variable_depth_radius_seed121393_target0_sources9_txrx60_ringdown050_objectives,outputs/experiments/950_coordinate_optimizer_variable_depth_radius_seed121393_target0_sources9_txrx60_ringdown050_objectives/data/multi_rebar_coordinate_optimizer_summary.json,refreshed,refresh requested,outputs/experiments/950_coordinate_optimizer_variable_depth_radius_seed121393_target0_sources9_txrx60_ringdown050_objectives/figures/system_scene_geometry.png,outputs/experiments/950_coordinate_optimizer_variable_depth_radius_seed121393_target0_sources9_txrx60_ringdown050_objectives/data/system_scene_geometry_summary.json,outputs/experiments/950_coordinate_optimizer_variable_depth_radius_seed121393_target0_sources9_txrx60_ringdown050_objectives/figures/FIGURE_NOTES.md,1771,1064,2092,0.6317715873534768
949,outputs/experiments/949_coordinate_optimizer_variable_depth_radius_seed121393_target0_sources8_txrx60_ringdown050_objectives,outputs/experiments/949_coordinate_optimizer_variable_depth_radius_seed121393_target0_sources8_txrx60_ringdown050_objectives/data/multi_rebar_coordinate_optimizer_summary.json,refreshed,refresh requested,outputs/experiments/949_coordinate_optimizer_variable_depth_radius_seed121393_target0_sources8_txrx60_ringdown050_objectives/figures/system_scene_geometry.png,outputs/experiments/949_coordinate_optimizer_variable_depth_radius_seed121393_target0_sources8_txrx60_ringdown050_objectives/data/system_scene_geometry_summary.json,outputs/experiments/949_coordinate_optimizer_variable_depth_radius_seed121393_target0_sources8_txrx60_ringdown050_objectives/figures/FIGURE_NOTES.md,1771,1064,2141,0.6318214720878991
948,outputs/experiments/948_seed75025_ringdown050_target_specific_rescue_summary,,skipped,no compatible coordinate optimizer summary,,,,,,,
947,outputs/experiments/947_coordinate_optimizer_variable_depth_radius_seed75025_target1_sources5_txrx60_ringdown050_objectives,outputs/experiments/947_coordinate_optimizer_variable_depth_radius_seed75025_target1_sources5_txrx60_ringdown050_objectives/data/multi_rebar_coordinate_optimizer_summary.json,refreshed,refresh requested,outputs/experiments/947_coordinate_optimizer_variable_depth_radius_seed75025_target1_sources5_txrx60_ringdown050_objectives/figures/system_scene_geometry.png,outputs/experiments/947_coordinate_optimizer_variable_depth_radius_seed75025_target1_sources5_txrx60_ringdown050_objectives/data/system_scene_geometry_summary.json,outputs/experiments/947_coordinate_optimizer_variable_depth_radius_seed75025_target1_sources5_txrx60_ringdown050_objectives/figures/FIGURE_NOTES.md,1760,1064,2048,0.6353607740943267
946,outputs/experiments/946_coordinate_optimizer_variable_depth_radius_seed75025_target2_sources9_txrx60_ringdown050_objectives,outputs/experiments/946_coordinate_optimizer_variable_depth_radius_seed75025_target2_sources9_txrx60_ringdown050_objectives/data/multi_rebar_coordinate_optimizer_summary.json,refreshed,refresh requested,outputs/experiments/946_coordinate_optimizer_variable_depth_radius_seed75025_target2_sources9_txrx60_ringdown050_objectives/figures/system_scene_geometry.png,outputs/experiments/946_coordinate_optimizer_variable_depth_radius_seed75025_target2_sources9_txrx60_ringdown050_objectives/data/system_scene_geometry_summary.json,outputs/experiments/946_coordinate_optimizer_variable_depth_radius_seed75025_target2_sources9_txrx60_ringdown050_objectives/figures/FIGURE_NOTES.md,1760,1064,2132,0.6353922804169515
945,outputs/experiments/945_coordinate_optimizer_variable_depth_radius_seed75025_target2_sources5_txrx60_ringdown050_objectives,outputs/experiments/945_coordinate_optimizer_variable_depth_radius_seed75025_target2_sources5_txrx60_ringdown050_objectives/data/multi_rebar_coordinate_optimizer_summary.json,refreshed,refresh requested,outputs/experiments/945_coordinate_optimizer_variable_depth_radius_seed75025_target2_sources5_txrx60_ringdown050_objectives/figures/system_scene_geometry.png,outputs/experiments/945_coordinate_optimizer_variable_depth_radius_seed75025_target2_sources5_txrx60_ringdown050_objectives/data/system_scene_geometry_summary.json,outputs/experiments/945_coordinate_optimizer_variable_depth_radius_seed75025_target2_sources5_txrx60_ringdown050_objectives/figures/FIGURE_NOTES.md,1760,1064,2092,0.6353725222146275
944,outputs/experiments/944_coordinate_optimizer_variable_depth_radius_seed75025_target0_sources8_txrx60_ringdown050_objectives,outputs/experiments/944_coordinate_optimizer_variable_depth_radius_seed75025_target0_sources8_txrx60_ringdown050_objectives/data/multi_rebar_coordinate_optimizer_summary.json,refreshed,refresh requested,outputs/experiments/944_coordinate_optimizer_variable_depth_radius_seed75025_target0_sources8_txrx60_ringdown050_objectives/figures/system_scene_geometry.png,outputs/experiments/944_coordinate_optimizer_variable_depth_radius_seed75025_target0_sources8_txrx60_ringdown050_objectives/data/system_scene_geometry_summary.json,outputs/experiments/944_coordinate_optimizer_variable_depth_radius_seed75025_target0_sources8_txrx60_ringdown050_objectives/figures/FIGURE_NOTES.md,1760,1064,2120,0.6355364618933698
943,outputs/experiments/943_seed46368_ringdown050_target_specific_8_5_5_summary,,skipped,no compatible coordinate optimizer summary,,,,,,,
942,outputs/experiments/942_coordinate_optimizer_variable_depth_radius_seed46368_target1_sources5_txrx60_ringdown050_objectives,outputs/experiments/942_coordinate_optimizer_variable_depth_radius_seed46368_target1_sources5_txrx60_ringdown050_objectives/data/multi_rebar_coordinate_optimizer_summary.json,refreshed,refresh requested,outputs/experiments/942_coordinate_optimizer_variable_depth_radius_seed46368_target1_sources5_txrx60_ringdown050_objectives/figures/system_scene_geometry.png,outputs/experiments/942_coordinate_optimizer_variable_depth_radius_seed46368_target1_sources5_txrx60_ringdown050_objectives/data/system_scene_geometry_summary.json,outputs/experiments/942_coordinate_optimizer_variable_depth_radius_seed46368_target1_sources5_txrx60_ringdown050_objectives/figures/FIGURE_NOTES.md,1760,1064,2046,0.6354937414559125
941,outputs/experiments/941_coordinate_optimizer_variable_depth_radius_seed46368_target2_sources5_txrx60_ringdown050_objectives,outputs/experiments/941_coordinate_optimizer_variable_depth_radius_seed46368_target2_sources5_txrx60_ringdown050_objectives/data/multi_rebar_coordinate_optimizer_summary.json,refreshed,refresh requested,outputs/experiments/941_coordinate_optimizer_variable_depth_radius_seed46368_target2_sources5_txrx60_ringdown050_objectives/figures/system_scene_geometry.png,outputs/experiments/941_coordinate_optimizer_variable_depth_radius_seed46368_target2_sources5_txrx60_ringdown050_objectives/data/system_scene_geometry_summary.json,outputs/experiments/941_coordinate_optimizer_variable_depth_radius_seed46368_target2_sources5_txrx60_ringdown050_objectives/figures/FIGURE_NOTES.md,1760,1064,2081,0.6354574290840738
940,outputs/experiments/940_coordinate_optimizer_variable_depth_radius_seed46368_target0_sources8_txrx60_ringdown050_objectives,outputs/experiments/940_coordinate_optimizer_variable_depth_radius_seed46368_target0_sources8_txrx60_ringdown050_objectives/data/multi_rebar_coordinate_optimizer_summary.json,refreshed,refresh requested,outputs/experiments/940_coordinate_optimizer_variable_depth_radius_seed46368_target0_sources8_txrx60_ringdown050_objectives/figures/system_scene_geometry.png,outputs/experiments/940_coordinate_optimizer_variable_depth_radius_seed46368_target0_sources8_txrx60_ringdown050_objectives/data/system_scene_geometry_summary.json,outputs/experiments/940_coordinate_optimizer_variable_depth_radius_seed46368_target0_sources8_txrx60_ringdown050_objectives/figures/FIGURE_NOTES.md,1760,1064,2102,0.6356213687628162
939,outputs/experiments/939_seed28657_ringdown050_target_specific_8_5_5_summary,,skipped,no compatible coordinate optimizer summary,,,,,,,
938,outputs/experiments/938_coordinate_optimizer_variable_depth_radius_seed28657_target1_sources5_txrx60_ringdown050_objectives,outputs/experiments/938_coordinate_optimizer_variable_depth_radius_seed28657_target1_sources5_txrx60_ringdown050_objectives/data/multi_rebar_coordinate_optimizer_summary.json,refreshed,refresh requested,outputs/experiments/938_coordinate_optimizer_variable_depth_radius_seed28657_target1_sources5_txrx60_ringdown050_objectives/figures/system_scene_geometry.png,outputs/experiments/938_coordinate_optimizer_variable_depth_radius_seed28657_target1_sources5_txrx60_ringdown050_objectives/data/system_scene_geometry_summary.json,outputs/experiments/938_coordinate_optimizer_variable_depth_radius_seed28657_target1_sources5_txrx60_ringdown050_objectives/figures/FIGURE_NOTES.md,1760,1064,2063,0.635373590225564
937,outputs/experiments/937_coordinate_optimizer_variable_depth_radius_seed28657_target2_sources5_txrx60_ringdown050_objectives,outputs/experiments/937_coordinate_optimizer_variable_depth_radius_seed28657_target2_sources5_txrx60_ringdown050_objectives/data/multi_rebar_coordinate_optimizer_summary.json,refreshed,refresh requested,outputs/experiments/937_coordinate_optimizer_variable_depth_radius_seed28657_target2_sources5_txrx60_ringdown050_objectives/figures/system_scene_geometry.png,outputs/experiments/937_coordinate_optimizer_variable_depth_radius_seed28657_target2_sources5_txrx60_ringdown050_objectives/data/system_scene_geometry_summary.json,outputs/experiments/937_coordinate_optimizer_variable_depth_radius_seed28657_target2_sources5_txrx60_ringdown050_objectives/figures/FIGURE_NOTES.md,1760,1064,2080,0.6353992224880383
936,outputs/experiments/936_coordinate_optimizer_variable_depth_radius_seed28657_target0_sources8_txrx60_ringdown050_objectives,outputs/experiments/936_coordinate_optimizer_variable_depth_radius_seed28657_target0_sources8_txrx60_ringdown050_objectives/data/multi_rebar_coordinate_optimizer_summary.json,refreshed,refresh requested,outputs/experiments/936_coordinate_optimizer_variable_depth_radius_seed28657_target0_sources8_txrx60_ringdown050_objectives/figures/system_scene_geometry.png,outputs/experiments/936_coordinate_optimizer_variable_depth_radius_seed28657_target0_sources8_txrx60_ringdown050_objectives/data/system_scene_geometry_summary.json,outputs/experiments/936_coordinate_optimizer_variable_depth_radius_seed28657_target0_sources8_txrx60_ringdown050_objectives/figures/FIGURE_NOTES.md,1760,1064,2103,0.6355102956254272
935,outputs/experiments/935_seed17711_ringdown050_target_specific_rescue_summary,,skipped,no compatible coordinate optimizer summary,,,,,,,
934,outputs/experiments/934_coordinate_optimizer_variable_depth_radius_seed17711_target1_sources5_txrx60_ringdown050_objectives,outputs/experiments/934_coordinate_optimizer_variable_depth_radius_seed17711_target1_sources5_txrx60_ringdown050_objectives/data/multi_rebar_coordinate_optimizer_summary.json,refreshed,refresh requested,outputs/experiments/934_coordinate_optimizer_variable_depth_radius_seed17711_target1_sources5_txrx60_ringdown050_objectives/figures/system_scene_geometry.png,outputs/experiments/934_coordinate_optimizer_variable_depth_radius_seed17711_target1_sources5_txrx60_ringdown050_objectives/data/system_scene_geometry_summary.json,outputs/experiments/934_coordinate_optimizer_variable_depth_radius_seed17711_target1_sources5_txrx60_ringdown050_objectives/figures/FIGURE_NOTES.md,1760,1064,2048,0.6352251367053998
933,outputs/experiments/933_coordinate_optimizer_variable_depth_radius_seed17711_target2_sources5_txrx60_ringdown050_objectives,outputs/experiments/933_coordinate_optimizer_variable_depth_radius_seed17711_target2_sources5_txrx60_ringdown050_objectives/data/multi_rebar_coordinate_optimizer_summary.json,refreshed,refresh requested,outputs/experiments/933_coordinate_optimizer_variable_depth_radius_seed17711_target2_sources5_txrx60_ringdown050_objectives/figures/system_scene_geometry.png,outputs/experiments/933_coordinate_optimizer_variable_depth_radius_seed17711_target2_sources5_txrx60_ringdown050_objectives/data/system_scene_geometry_summary.json,outputs/experiments/933_coordinate_optimizer_variable_depth_radius_seed17711_target2_sources5_txrx60_ringdown050_objectives/figures/FIGURE_NOTES.md,1760,1064,2092,0.6352368848257006
932,outputs/experiments/932_coordinate_optimizer_variable_depth_radius_seed17711_target0_sources9_txrx60_ringdown050_objectives,outputs/experiments/932_coordinate_optimizer_variable_depth_radius_seed17711_target0_sources9_txrx60_ringdown050_objectives/data/multi_rebar_coordinate_optimizer_summary.json,refreshed,refresh requested,outputs/experiments/932_coordinate_optimizer_variable_depth_radius_seed17711_target0_sources9_txrx60_ringdown050_objectives/figures/system_scene_geometry.png,outputs/experiments/932_coordinate_optimizer_variable_depth_radius_seed17711_target0_sources9_txrx60_ringdown050_objectives/data/system_scene_geometry_summary.json,outputs/experiments/932_coordinate_optimizer_variable_depth_radius_seed17711_target0_sources9_txrx60_ringdown050_objectives/figures/FIGURE_NOTES.md,1760,1064,2125,0.6353511619958988
931,outputs/experiments/931_coordinate_optimizer_variable_depth_radius_seed17711_target0_sources8_txrx60_ringdown050_objectives,outputs/experiments/931_coordinate_optimizer_variable_depth_radius_seed17711_target0_sources8_txrx60_ringdown050_objectives/data/multi_rebar_coordinate_optimizer_summary.json,refreshed,refresh requested,outputs/experiments/931_coordinate_optimizer_variable_depth_radius_seed17711_target0_sources8_txrx60_ringdown050_objectives/figures/system_scene_geometry.png,outputs/experiments/931_coordinate_optimizer_variable_depth_radius_seed17711_target0_sources8_txrx60_ringdown050_objectives/data/system_scene_geometry_summary.json,outputs/experiments/931_coordinate_optimizer_variable_depth_radius_seed17711_target0_sources8_txrx60_ringdown050_objectives/figures/FIGURE_NOTES.md,1760,1064,2120,0.6354008245044429
930,outputs/experiments/930_seed10946_ringdown050_target_specific_rescue_summary,,skipped,no compatible coordinate optimizer summary,,,,,,,
929,outputs/experiments/929_coordinate_optimizer_variable_depth_radius_seed10946_target1_sources5_txrx60_ringdown050_objectives,outputs/experiments/929_coordinate_optimizer_variable_depth_radius_seed10946_target1_sources5_txrx60_ringdown050_objectives/data/multi_rebar_coordinate_optimizer_summary.json,refreshed,refresh requested,outputs/experiments/929_coordinate_optimizer_variable_depth_radius_seed10946_target1_sources5_txrx60_ringdown050_objectives/figures/system_scene_geometry.png,outputs/experiments/929_coordinate_optimizer_variable_depth_radius_seed10946_target1_sources5_txrx60_ringdown050_objectives/data/system_scene_geometry_summary.json,outputs/experiments/929_coordinate_optimizer_variable_depth_radius_seed10946_target1_sources5_txrx60_ringdown050_objectives/figures/FIGURE_NOTES.md,1760,1064,2054,0.6354916054340396
928,outputs/experiments/928_coordinate_optimizer_variable_depth_radius_seed10946_target2_sources9_txrx60_ringdown050_objectives,outputs/experiments/928_coordinate_optimizer_variable_depth_radius_seed10946_target2_sources9_txrx60_ringdown050_objectives/data/multi_rebar_coordinate_optimizer_summary.json,refreshed,refresh requested,outputs/experiments/928_coordinate_optimizer_variable_depth_radius_seed10946_target2_sources9_txrx60_ringdown050_objectives/figures/system_scene_geometry.png,outputs/experiments/928_coordinate_optimizer_variable_depth_radius_seed10946_target2_sources9_txrx60_ringdown050_objectives/data/system_scene_geometry_summary.json,outputs/experiments/928_coordinate_optimizer_variable_depth_radius_seed10946_target2_sources9_txrx60_ringdown050_objectives/figures/FIGURE_NOTES.md,1760,1064,2120,0.635536995898838
927,outputs/experiments/927_coordinate_optimizer_variable_depth_radius_seed10946_target2_sources5_txrx60_ringdown050_objectives,outputs/experiments/927_coordinate_optimizer_variable_depth_radius_seed10946_target2_sources5_txrx60_ringdown050_objectives/data/multi_rebar_coordinate_optimizer_summary.json,refreshed,refresh requested,outputs/experiments/927_coordinate_optimizer_variable_depth_radius_seed10946_target2_sources5_txrx60_ringdown050_objectives/figures/system_scene_geometry.png,outputs/experiments/927_coordinate_optimizer_variable_depth_radius_seed10946_target2_sources5_txrx60_ringdown050_objectives/data/system_scene_geometry_summary.json,outputs/experiments/927_coordinate_optimizer_variable_depth_radius_seed10946_target2_sources5_txrx60_ringdown050_objectives/figures/FIGURE_NOTES.md,1760,1064,2065,0.6354996155160629
926,outputs/experiments/926_coordinate_optimizer_variable_depth_radius_seed10946_target0_sources9_txrx60_ringdown050_objectives,outputs/experiments/926_coordinate_optimizer_variable_depth_radius_seed10946_target0_sources9_txrx60_ringdown050_objectives/data/multi_rebar_coordinate_optimizer_summary.json,refreshed,refresh requested,outputs/experiments/926_coordinate_optimizer_variable_depth_radius_seed10946_target0_sources9_txrx60_ringdown050_objectives/figures/system_scene_geometry.png,outputs/experiments/926_coordinate_optimizer_variable_depth_radius_seed10946_target0_sources9_txrx60_ringdown050_objectives/data/system_scene_geometry_summary.json,outputs/experiments/926_coordinate_optimizer_variable_depth_radius_seed10946_target0_sources9_txrx60_ringdown050_objectives/figures/FIGURE_NOTES.md,1761,1064,2119,0.635636685410289
925,outputs/experiments/925_coordinate_optimizer_variable_depth_radius_seed10946_target0_sources8_txrx60_ringdown050_objectives,outputs/experiments/925_coordinate_optimizer_variable_depth_radius_seed10946_target0_sources8_txrx60_ringdown050_objectives/data/multi_rebar_coordinate_optimizer_summary.json,refreshed,refresh requested,outputs/experiments/925_coordinate_optimizer_variable_depth_radius_seed10946_target0_sources8_txrx60_ringdown050_objectives/figures/system_scene_geometry.png,outputs/experiments/925_coordinate_optimizer_variable_depth_radius_seed10946_target0_sources8_txrx60_ringdown050_objectives/data/system_scene_geometry_summary.json,outputs/experiments/925_coordinate_optimizer_variable_depth_radius_seed10946_target0_sources8_txrx60_ringdown050_objectives/figures/FIGURE_NOTES.md,1760,1064,2116,0.6356026785714286
924,outputs/experiments/924_seed6765_ringdown050_target_specific_rescue_summary,,skipped,no compatible coordinate optimizer summary,,,,,,,
923,outputs/experiments/923_coordinate_optimizer_variable_depth_radius_seed6765_target1_sources5_txrx60_ringdown050_objectives,outputs/experiments/923_coordinate_optimizer_variable_depth_radius_seed6765_target1_sources5_txrx60_ringdown050_objectives/data/multi_rebar_coordinate_optimizer_summary.json,refreshed,refresh requested,outputs/experiments/923_coordinate_optimizer_variable_depth_radius_seed6765_target1_sources5_txrx60_ringdown050_objectives/figures/system_scene_geometry.png,outputs/experiments/923_coordinate_optimizer_variable_depth_radius_seed6765_target1_sources5_txrx60_ringdown050_objectives/data/system_scene_geometry_summary.json,outputs/experiments/923_coordinate_optimizer_variable_depth_radius_seed6765_target1_sources5_txrx60_ringdown050_objectives/figures/FIGURE_NOTES.md,1759,1064,2006,0.6356140493359607
922,outputs/experiments/922_coordinate_optimizer_variable_depth_radius_seed6765_target2_sources9_txrx60_ringdown050_objectives,outputs/experiments/922_coordinate_optimizer_variable_depth_radius_seed6765_target2_sources9_txrx60_ringdown050_objectives/data/multi_rebar_coordinate_optimizer_summary.json,refreshed,refresh requested,outputs/experiments/922_coordinate_optimizer_variable_depth_radius_seed6765_target2_sources9_txrx60_ringdown050_objectives/figures/system_scene_geometry.png,outputs/experiments/922_coordinate_optimizer_variable_depth_radius_seed6765_target2_sources9_txrx60_ringdown050_objectives/data/system_scene_geometry_summary.json,outputs/experiments/922_coordinate_optimizer_variable_depth_radius_seed6765_target2_sources9_txrx60_ringdown050_objectives/figures/FIGURE_NOTES.md,1759,1064,2097,0.6356525195877699
921,outputs/experiments/921_coordinate_optimizer_variable_depth_radius_seed6765_target2_sources5_txrx60_ringdown050_objectives,outputs/experiments/921_coordinate_optimizer_variable_depth_radius_seed6765_target2_sources5_txrx60_ringdown050_objectives/data/multi_rebar_coordinate_optimizer_summary.json,refreshed,refresh requested,outputs/experiments/921_coordinate_optimizer_variable_depth_radius_seed6765_target2_sources5_txrx60_ringdown050_objectives/figures/system_scene_geometry.png,outputs/experiments/921_coordinate_optimizer_variable_depth_radius_seed6765_target2_sources5_txrx60_ringdown050_objectives/data/system_scene_geometry_summary.json,outputs/experiments/921_coordinate_optimizer_variable_depth_radius_seed6765_target2_sources5_txrx60_ringdown050_objectives/figures/FIGURE_NOTES.md,1759,1064,2064,0.6356883182943145
920,outputs/experiments/920_coordinate_optimizer_variable_depth_radius_seed6765_target0_sources9_txrx60_ringdown050_objectives,outputs/experiments/920_coordinate_optimizer_variable_depth_radius_seed6765_target0_sources9_txrx60_ringdown050_objectives/data/multi_rebar_coordinate_optimizer_summary.json,refreshed,refresh requested,outputs/experiments/920_coordinate_optimizer_variable_depth_radius_seed6765_target0_sources9_txrx60_ringdown050_objectives/figures/system_scene_geometry.png,outputs/experiments/920_coordinate_optimizer_variable_depth_radius_seed6765_target0_sources9_txrx60_ringdown050_objectives/data/system_scene_geometry_summary.json,outputs/experiments/920_coordinate_optimizer_variable_depth_radius_seed6765_target0_sources9_txrx60_ringdown050_objectives/figures/FIGURE_NOTES.md,1760,1064,2139,0.6353319377990431
919,outputs/experiments/919_coordinate_optimizer_variable_depth_radius_seed6765_target0_sources8_txrx60_ringdown050_objectives,outputs/experiments/919_coordinate_optimizer_variable_depth_radius_seed6765_target0_sources8_txrx60_ringdown050_objectives/data/multi_rebar_coordinate_optimizer_summary.json,refreshed,refresh requested,outputs/experiments/919_coordinate_optimizer_variable_depth_radius_seed6765_target0_sources8_txrx60_ringdown050_objectives/figures/system_scene_geometry.png,outputs/experiments/919_coordinate_optimizer_variable_depth_radius_seed6765_target0_sources8_txrx60_ringdown050_objectives/data/system_scene_geometry_summary.json,outputs/experiments/919_coordinate_optimizer_variable_depth_radius_seed6765_target0_sources8_txrx60_ringdown050_objectives/figures/FIGURE_NOTES.md,1760,1064,2117,0.635373590225564
918,outputs/experiments/918_seed4181_ringdown050_target_specific_8_5_5_summary,,skipped,no compatible coordinate optimizer summary,,,,,,,
917,outputs/experiments/917_coordinate_optimizer_variable_depth_radius_seed4181_target1_sources5_txrx60_ringdown050_objectives,outputs/experiments/917_coordinate_optimizer_variable_depth_radius_seed4181_target1_sources5_txrx60_ringdown050_objectives/data/multi_rebar_coordinate_optimizer_summary.json,refreshed,refresh requested,outputs/experiments/917_coordinate_optimizer_variable_depth_radius_seed4181_target1_sources5_txrx60_ringdown050_objectives/figures/system_scene_geometry.png,outputs/experiments/917_coordinate_optimizer_variable_depth_radius_seed4181_target1_sources5_txrx60_ringdown050_objectives/data/system_scene_geometry_summary.json,outputs/experiments/917_coordinate_optimizer_variable_depth_radius_seed4181_target1_sources5_txrx60_ringdown050_objectives/figures/FIGURE_NOTES.md,1760,1064,2050,0.6352037764866713
916,outputs/experiments/916_coordinate_optimizer_variable_depth_radius_seed4181_target2_sources5_txrx60_ringdown050_objectives,outputs/experiments/916_coordinate_optimizer_variable_depth_radius_seed4181_target2_sources5_txrx60_ringdown050_objectives/data/multi_rebar_coordinate_optimizer_summary.json,refreshed,refresh requested,outputs/experiments/916_coordinate_optimizer_variable_depth_radius_seed4181_target2_sources5_txrx60_ringdown050_objectives/figures/system_scene_geometry.png,outputs/experiments/916_coordinate_optimizer_variable_depth_radius_seed4181_target2_sources5_txrx60_ringdown050_objectives/data/system_scene_geometry_summary.json,outputs/experiments/916_coordinate_optimizer_variable_depth_radius_seed4181_target2_sources5_txrx60_ringdown050_objectives/figures/FIGURE_NOTES.md,1759,1064,2042,0.6355926769738445
915,outputs/experiments/915_coordinate_optimizer_variable_depth_radius_seed4181_target0_sources8_txrx60_ringdown050_objectives,outputs/experiments/915_coordinate_optimizer_variable_depth_radius_seed4181_target0_sources8_txrx60_ringdown050_objectives/data/multi_rebar_coordinate_optimizer_summary.json,refreshed,refresh requested,outputs/experiments/915_coordinate_optimizer_variable_depth_radius_seed4181_target0_sources8_txrx60_ringdown050_objectives/figures/system_scene_geometry.png,outputs/experiments/915_coordinate_optimizer_variable_depth_radius_seed4181_target0_sources8_txrx60_ringdown050_objectives/data/system_scene_geometry_summary.json,outputs/experiments/915_coordinate_optimizer_variable_depth_radius_seed4181_target0_sources8_txrx60_ringdown050_objectives/figures/FIGURE_NOTES.md,1760,1064,2129,0.6353404818865345
914,outputs/experiments/914_seed2584_ringdown050_target_specific_rescue_summary,,skipped,no compatible coordinate optimizer summary,,,,,,,
913,outputs/experiments/913_coordinate_optimizer_variable_depth_radius_seed2584_target1_sources5_txrx60_ringdown050_objectives,outputs/experiments/913_coordinate_optimizer_variable_depth_radius_seed2584_target1_sources5_txrx60_ringdown050_objectives/data/multi_rebar_coordinate_optimizer_summary.json,refreshed,refresh requested,outputs/experiments/913_coordinate_optimizer_variable_depth_radius_seed2584_target1_sources5_txrx60_ringdown050_objectives/figures/system_scene_geometry.png,outputs/experiments/913_coordinate_optimizer_variable_depth_radius_seed2584_target1_sources5_txrx60_ringdown050_objectives/data/system_scene_geometry_summary.json,outputs/experiments/913_coordinate_optimizer_variable_depth_radius_seed2584_target1_sources5_txrx60_ringdown050_objectives/figures/FIGURE_NOTES.md,1759,1064,2006,0.6356252698260717
912,outputs/experiments/912_coordinate_optimizer_variable_depth_radius_seed2584_target2_sources5_txrx60_ringdown050_objectives,outputs/experiments/912_coordinate_optimizer_variable_depth_radius_seed2584_target2_sources5_txrx60_ringdown050_objectives/data/multi_rebar_coordinate_optimizer_summary.json,refreshed,refresh requested,outputs/experiments/912_coordinate_optimizer_variable_depth_radius_seed2584_target2_sources5_txrx60_ringdown050_objectives/figures/system_scene_geometry.png,outputs/experiments/912_coordinate_optimizer_variable_depth_radius_seed2584_target2_sources5_txrx60_ringdown050_objectives/data/system_scene_geometry_summary.json,outputs/experiments/912_coordinate_optimizer_variable_depth_radius_seed2584_target2_sources5_txrx60_ringdown050_objectives/figures/FIGURE_NOTES.md,1759,1064,2064,0.6356995387844255
911,outputs/experiments/911_coordinate_optimizer_variable_depth_radius_seed2584_target0_sources9_txrx60_ringdown050_objectives,outputs/experiments/911_coordinate_optimizer_variable_depth_radius_seed2584_target0_sources9_txrx60_ringdown050_objectives/data/multi_rebar_coordinate_optimizer_summary.json,refreshed,refresh requested,outputs/experiments/911_coordinate_optimizer_variable_depth_radius_seed2584_target0_sources9_txrx60_ringdown050_objectives/figures/system_scene_geometry.png,outputs/experiments/911_coordinate_optimizer_variable_depth_radius_seed2584_target0_sources9_txrx60_ringdown050_objectives/data/system_scene_geometry_summary.json,outputs/experiments/911_coordinate_optimizer_variable_depth_radius_seed2584_target0_sources9_txrx60_ringdown050_objectives/figures/FIGURE_NOTES.md,1760,1064,2139,0.6353431519138756
910,outputs/experiments/910_coordinate_optimizer_variable_depth_radius_seed2584_target0_sources8_txrx60_ringdown050_objectives,outputs/experiments/910_coordinate_optimizer_variable_depth_radius_seed2584_target0_sources8_txrx60_ringdown050_objectives/data/multi_rebar_coordinate_optimizer_summary.json,refreshed,refresh requested,outputs/experiments/910_coordinate_optimizer_variable_depth_radius_seed2584_target0_sources8_txrx60_ringdown050_objectives/figures/system_scene_geometry.png,outputs/experiments/910_coordinate_optimizer_variable_depth_radius_seed2584_target0_sources8_txrx60_ringdown050_objectives/data/system_scene_geometry_summary.json,outputs/experiments/910_coordinate_optimizer_variable_depth_radius_seed2584_target0_sources8_txrx60_ringdown050_objectives/figures/FIGURE_NOTES.md,1760,1064,2117,0.6353848043403965
909,outputs/experiments/909_seed1597_ringdown050_target_specific_rescue_summary,,skipped,no compatible coordinate optimizer summary,,,,,,,
908,outputs/experiments/908_coordinate_optimizer_variable_depth_radius_seed1597_target1_sources9_txrx60_ringdown050_objectives,outputs/experiments/908_coordinate_optimizer_variable_depth_radius_seed1597_target1_sources9_txrx60_ringdown050_objectives/data/multi_rebar_coordinate_optimizer_summary.json,refreshed,refresh requested,outputs/experiments/908_coordinate_optimizer_variable_depth_radius_seed1597_target1_sources9_txrx60_ringdown050_objectives/figures/system_scene_geometry.png,outputs/experiments/908_coordinate_optimizer_variable_depth_radius_seed1597_target1_sources9_txrx60_ringdown050_objectives/data/system_scene_geometry_summary.json,outputs/experiments/908_coordinate_optimizer_variable_depth_radius_seed1597_target1_sources9_txrx60_ringdown050_objectives/figures/FIGURE_NOTES.md,1760,1064,2116,0.6352272727272728
907,outputs/experiments/907_coordinate_optimizer_variable_depth_radius_seed1597_target1_sources5_txrx60_ringdown050_objectives,outputs/experiments/907_coordinate_optimizer_variable_depth_radius_seed1597_target1_sources5_txrx60_ringdown050_objectives/data/multi_rebar_coordinate_optimizer_summary.json,refreshed,refresh requested,outputs/experiments/907_coordinate_optimizer_variable_depth_radius_seed1597_target1_sources5_txrx60_ringdown050_objectives/figures/system_scene_geometry.png,outputs/experiments/907_coordinate_optimizer_variable_depth_radius_seed1597_target1_sources5_txrx60_ringdown050_objectives/data/system_scene_geometry_summary.json,outputs/experiments/907_coordinate_optimizer_variable_depth_radius_seed1597_target1_sources5_txrx60_ringdown050_objectives/figures/FIGURE_NOTES.md,1760,1064,2050,0.6352080485304169
906,outputs/experiments/906_coordinate_optimizer_variable_depth_radius_seed1597_target2_sources5_txrx60_ringdown050_objectives,outputs/experiments/906_coordinate_optimizer_variable_depth_radius_seed1597_target2_sources5_txrx60_ringdown050_objectives/data/multi_rebar_coordinate_optimizer_summary.json,refreshed,refresh requested,outputs/experiments/906_coordinate_optimizer_variable_depth_radius_seed1597_target2_sources5_txrx60_ringdown050_objectives/figures/system_scene_geometry.png,outputs/experiments/906_coordinate_optimizer_variable_depth_radius_seed1597_target2_sources5_txrx60_ringdown050_objectives/data/system_scene_geometry_summary.json,outputs/experiments/906_coordinate_optimizer_variable_depth_radius_seed1597_target2_sources5_txrx60_ringdown050_objectives/figures/FIGURE_NOTES.md,1759,1064,2042,0.6355969514462677
905,outputs/experiments/905_coordinate_optimizer_variable_depth_radius_seed1597_target0_sources8_txrx60_ringdown050_objectives,outputs/experiments/905_coordinate_optimizer_variable_depth_radius_seed1597_target0_sources8_txrx60_ringdown050_objectives/data/multi_rebar_coordinate_optimizer_summary.json,refreshed,refresh requested,outputs/experiments/905_coordinate_optimizer_variable_depth_radius_seed1597_target0_sources8_txrx60_ringdown050_objectives/figures/system_scene_geometry.png,outputs/experiments/905_coordinate_optimizer_variable_depth_radius_seed1597_target0_sources8_txrx60_ringdown050_objectives/data/system_scene_geometry_summary.json,outputs/experiments/905_coordinate_optimizer_variable_depth_radius_seed1597_target0_sources8_txrx60_ringdown050_objectives/figures/FIGURE_NOTES.md,1760,1064,2129,0.6353447539302802
904,outputs/experiments/904_seed987_ringdown050_target_specific_8_5_5_summary,,skipped,no compatible coordinate optimizer summary,,,,,,,
903,outputs/experiments/903_coordinate_optimizer_variable_depth_radius_seed987_target1_sources5_txrx60_ringdown050_objectives,outputs/experiments/903_coordinate_optimizer_variable_depth_radius_seed987_target1_sources5_txrx60_ringdown050_objectives/data/multi_rebar_coordinate_optimizer_summary.json,refreshed,refresh requested,outputs/experiments/903_coordinate_optimizer_variable_depth_radius_seed987_target1_sources5_txrx60_ringdown050_objectives/figures/system_scene_geometry.png,outputs/experiments/903_coordinate_optimizer_variable_depth_radius_seed987_target1_sources5_txrx60_ringdown050_objectives/data/system_scene_geometry_summary.json,outputs/experiments/903_coordinate_optimizer_variable_depth_radius_seed987_target1_sources5_txrx60_ringdown050_objectives/figures/FIGURE_NOTES.md,1757,1064,2019,0.6367168276411005
902,outputs/experiments/902_coordinate_optimizer_variable_depth_radius_seed987_target2_sources5_txrx60_ringdown050_objectives,outputs/experiments/902_coordinate_optimizer_variable_depth_radius_seed987_target2_sources5_txrx60_ringdown050_objectives/data/multi_rebar_coordinate_optimizer_summary.json,refreshed,refresh requested,outputs/experiments/902_coordinate_optimizer_variable_depth_radius_seed987_target2_sources5_txrx60_ringdown050_objectives/figures/system_scene_geometry.png,outputs/experiments/902_coordinate_optimizer_variable_depth_radius_seed987_target2_sources5_txrx60_ringdown050_objectives/data/system_scene_geometry_summary.json,outputs/experiments/902_coordinate_optimizer_variable_depth_radius_seed987_target2_sources5_txrx60_ringdown050_objectives/figures/FIGURE_NOTES.md,1756,1064,2074,0.6366309067086852
901,outputs/experiments/901_seed610_ringdown050_unresolved_branch_summary,,skipped,no compatible coordinate optimizer summary,,,,,,,
900,outputs/experiments/900_coordinate_optimizer_variable_depth_radius_seed987_target0_sources8_txrx60_ringdown050_objectives,outputs/experiments/900_coordinate_optimizer_variable_depth_radius_seed987_target0_sources8_txrx60_ringdown050_objectives/data/multi_rebar_coordinate_optimizer_summary.json,refreshed,refresh requested,outputs/experiments/900_coordinate_optimizer_variable_depth_radius_seed987_target0_sources8_txrx60_ringdown050_objectives/figures/system_scene_geometry.png,outputs/experiments/900_coordinate_optimizer_variable_depth_radius_seed987_target0_sources8_txrx60_ringdown050_objectives/data/system_scene_geometry_summary.json,outputs/experiments/900_coordinate_optimizer_variable_depth_radius_seed987_target0_sources8_txrx60_ringdown050_objectives/figures/FIGURE_NOTES.md,1757,1064,2118,0.6365087448273501
899,outputs/experiments/899_coordinate_optimizer_variable_depth_radius_seed610_target1_sources8_txrx60_ringdown050_objectives,outputs/experiments/899_coordinate_optimizer_variable_depth_radius_seed610_target1_sources8_txrx60_ringdown050_objectives/data/multi_rebar_coordinate_optimizer_summary.json,refreshed,refresh requested,outputs/experiments/899_coordinate_optimizer_variable_depth_radius_seed610_target1_sources8_txrx60_ringdown050_objectives/figures/system_scene_geometry.png,outputs/experiments/899_coordinate_optimizer_variable_depth_radius_seed610_target1_sources8_txrx60_ringdown050_objectives/data/system_scene_geometry_summary.json,outputs/experiments/899_coordinate_optimizer_variable_depth_radius_seed610_target1_sources8_txrx60_ringdown050_objectives/figures/FIGURE_NOTES.md,1757,1064,2058,0.6367820875466983
898,outputs/experiments/898_coordinate_optimizer_variable_depth_radius_seed610_target1_sources9_txrx60_ringdown050_objectives,outputs/experiments/898_coordinate_optimizer_variable_depth_radius_seed610_target1_sources9_txrx60_ringdown050_objectives/data/multi_rebar_coordinate_optimizer_summary.json,refreshed,refresh requested,outputs/experiments/898_coordinate_optimizer_variable_depth_radius_seed610_target1_sources9_txrx60_ringdown050_objectives/figures/system_scene_geometry.png,outputs/experiments/898_coordinate_optimizer_variable_depth_radius_seed610_target1_sources9_txrx60_ringdown050_objectives/data/system_scene_geometry_summary.json,outputs/experiments/898_coordinate_optimizer_variable_depth_radius_seed610_target1_sources9_txrx60_ringdown050_objectives/figures/FIGURE_NOTES.md,1757,1064,2129,0.6363990867892554
897,outputs/experiments/897_coordinate_optimizer_variable_depth_radius_seed610_target1_sources5_txrx60_ringdown050_objectives,outputs/experiments/897_coordinate_optimizer_variable_depth_radius_seed610_target1_sources5_txrx60_ringdown050_objectives/data/multi_rebar_coordinate_optimizer_summary.json,refreshed,refresh requested,outputs/experiments/897_coordinate_optimizer_variable_depth_radius_seed610_target1_sources5_txrx60_ringdown050_objectives/figures/system_scene_geometry.png,outputs/experiments/897_coordinate_optimizer_variable_depth_radius_seed610_target1_sources5_txrx60_ringdown050_objectives/data/system_scene_geometry_summary.json,outputs/experiments/897_coordinate_optimizer_variable_depth_radius_seed610_target1_sources5_txrx60_ringdown050_objectives/figures/FIGURE_NOTES.md,1757,1064,2019,0.6367152228893235
896,outputs/experiments/896_coordinate_optimizer_variable_depth_radius_seed610_target2_sources9_txrx60_ringdown025_objectives,outputs/experiments/896_coordinate_optimizer_variable_depth_radius_seed610_target2_sources9_txrx60_ringdown025_objectives/data/multi_rebar_coordinate_optimizer_summary.json,refreshed,refresh requested,outputs/experiments/896_coordinate_optimizer_variable_depth_radius_seed610_target2_sources9_txrx60_ringdown025_objectives/figures/system_scene_geometry.png,outputs/experiments/896_coordinate_optimizer_variable_depth_radius_seed610_target2_sources9_txrx60_ringdown025_objectives/data/system_scene_geometry_summary.json,outputs/experiments/896_coordinate_optimizer_variable_depth_radius_seed610_target2_sources9_txrx60_ringdown025_objectives/figures/FIGURE_NOTES.md,1756,1064,2120,0.6366266249336325
895,outputs/experiments/895_coordinate_optimizer_variable_depth_radius_seed610_target2_sources9_txrx60_ringdown035_objectives,outputs/experiments/895_coordinate_optimizer_variable_depth_radius_seed610_target2_sources9_txrx60_ringdown035_objectives/data/multi_rebar_coordinate_optimizer_summary.json,refreshed,refresh requested,outputs/experiments/895_coordinate_optimizer_variable_depth_radius_seed610_target2_sources9_txrx60_ringdown035_objectives/figures/system_scene_geometry.png,outputs/experiments/895_coordinate_optimizer_variable_depth_radius_seed610_target2_sources9_txrx60_ringdown035_objectives/data/system_scene_geometry_summary.json,outputs/experiments/895_coordinate_optimizer_variable_depth_radius_seed610_target2_sources9_txrx60_ringdown035_objectives/figures/FIGURE_NOTES.md,1756,1064,2126,0.6366309067086852
894,outputs/experiments/894_coordinate_optimizer_variable_depth_radius_seed610_target2_sources9_txrx60_ringdown040_objectives,outputs/experiments/894_coordinate_optimizer_variable_depth_radius_seed610_target2_sources9_txrx60_ringdown040_objectives/data/multi_rebar_coordinate_optimizer_summary.json,refreshed,refresh requested,outputs/experiments/894_coordinate_optimizer_variable_depth_radius_seed610_target2_sources9_txrx60_ringdown040_objectives/figures/system_scene_geometry.png,outputs/experiments/894_coordinate_optimizer_variable_depth_radius_seed610_target2_sources9_txrx60_ringdown040_objectives/data/system_scene_geometry_summary.json,outputs/experiments/894_coordinate_optimizer_variable_depth_radius_seed610_target2_sources9_txrx60_ringdown040_objectives/figures/FIGURE_NOTES.md,1757,1064,2135,0.6364418801699753
893,outputs/experiments/893_coordinate_optimizer_variable_depth_radius_seed610_target2_sources9_txrx60_ringdown0459375_objectives,outputs/experiments/893_coordinate_optimizer_variable_depth_radius_seed610_target2_sources9_txrx60_ringdown0459375_objectives/data/multi_rebar_coordinate_optimizer_summary.json,refreshed,refresh requested,outputs/experiments/893_coordinate_optimizer_variable_depth_radius_seed610_target2_sources9_txrx60_ringdown0459375_objectives/figures/system_scene_geometry.png,outputs/experiments/893_coordinate_optimizer_variable_depth_radius_seed610_target2_sources9_txrx60_ringdown0459375_objectives/data/system_scene_geometry_summary.json,outputs/experiments/893_coordinate_optimizer_variable_depth_radius_seed610_target2_sources9_txrx60_ringdown0459375_objectives/figures/FIGURE_NOTES.md,1770,1064,2117,0.6321338303385583
892,outputs/experiments/892_coordinate_optimizer_variable_depth_radius_seed610_target2_sources9_txrx60_ringdown0475_objectives,outputs/experiments/892_coordinate_optimizer_variable_depth_radius_seed610_target2_sources9_txrx60_ringdown0475_objectives/data/multi_rebar_coordinate_optimizer_summary.json,refreshed,refresh requested,outputs/experiments/892_coordinate_optimizer_variable_depth_radius_seed610_target2_sources9_txrx60_ringdown0475_objectives/figures/system_scene_geometry.png,outputs/experiments/892_coordinate_optimizer_variable_depth_radius_seed610_target2_sources9_txrx60_ringdown0475_objectives/data/system_scene_geometry_summary.json,outputs/experiments/892_coordinate_optimizer_variable_depth_radius_seed610_target2_sources9_txrx60_ringdown0475_objectives/figures/FIGURE_NOTES.md,1760,1064,2133,0.6352609150717703
891,outputs/experiments/891_coordinate_optimizer_variable_depth_radius_seed610_target2_sources9_txrx60_ringdown049453125_objectives,outputs/experiments/891_coordinate_optimizer_variable_depth_radius_seed610_target2_sources9_txrx60_ringdown049453125_objectives/data/multi_rebar_coordinate_optimizer_summary.json,refreshed,refresh requested,outputs/experiments/891_coordinate_optimizer_variable_depth_radius_seed610_target2_sources9_txrx60_ringdown049453125_objectives/figures/system_scene_geometry.png,outputs/experiments/891_coordinate_optimizer_variable_depth_radius_seed610_target2_sources9_txrx60_ringdown049453125_objectives/data/system_scene_geometry_summary.json,outputs/experiments/891_coordinate_optimizer_variable_depth_radius_seed610_target2_sources9_txrx60_ringdown049453125_objectives/figures/FIGURE_NOTES.md,1776,1065,2126,0.6296985365647337
890,outputs/experiments/890_coordinate_optimizer_variable_depth_radius_seed610_target2_sources11_txrx60_ringdown050_objectives,outputs/experiments/890_coordinate_optimizer_variable_depth_radius_seed610_target2_sources11_txrx60_ringdown050_objectives/data/multi_rebar_coordinate_optimizer_summary.json,refreshed,refresh requested,outputs/experiments/890_coordinate_optimizer_variable_depth_radius_seed610_target2_sources11_txrx60_ringdown050_objectives/figures/system_scene_geometry.png,outputs/experiments/890_coordinate_optimizer_variable_depth_radius_seed610_target2_sources11_txrx60_ringdown050_objectives/data/system_scene_geometry_summary.json,outputs/experiments/890_coordinate_optimizer_variable_depth_radius_seed610_target2_sources11_txrx60_ringdown050_objectives/figures/FIGURE_NOTES.md,1759,1064,2080,0.6356594656054576
889,outputs/experiments/889_coordinate_optimizer_variable_depth_radius_seed610_target2_sources9_txrx60_ringdown050_objectives,outputs/experiments/889_coordinate_optimizer_variable_depth_radius_seed610_target2_sources9_txrx60_ringdown050_objectives/data/multi_rebar_coordinate_optimizer_summary.json,refreshed,refresh requested,outputs/experiments/889_coordinate_optimizer_variable_depth_radius_seed610_target2_sources9_txrx60_ringdown050_objectives/figures/system_scene_geometry.png,outputs/experiments/889_coordinate_optimizer_variable_depth_radius_seed610_target2_sources9_txrx60_ringdown050_objectives/data/system_scene_geometry_summary.json,outputs/experiments/889_coordinate_optimizer_variable_depth_radius_seed610_target2_sources9_txrx60_ringdown050_objectives/figures/FIGURE_NOTES.md,1757,1064,2098,0.6367606908563384
888,outputs/experiments/888_coordinate_optimizer_variable_depth_radius_seed610_target2_sources5_txrx60_ringdown050_objectives,outputs/experiments/888_coordinate_optimizer_variable_depth_radius_seed610_target2_sources5_txrx60_ringdown050_objectives/data/multi_rebar_coordinate_optimizer_summary.json,refreshed,refresh requested,outputs/experiments/888_coordinate_optimizer_variable_depth_radius_seed610_target2_sources5_txrx60_ringdown050_objectives/figures/system_scene_geometry.png,outputs/experiments/888_coordinate_optimizer_variable_depth_radius_seed610_target2_sources5_txrx60_ringdown050_objectives/data/system_scene_geometry_summary.json,outputs/experiments/888_coordinate_optimizer_variable_depth_radius_seed610_target2_sources5_txrx60_ringdown050_objectives/figures/FIGURE_NOTES.md,1756,1064,2074,0.6366293010430404
887,outputs/experiments/887_coordinate_optimizer_variable_depth_radius_seed610_target0_sources8_txrx60_ringdown050_objectives,outputs/experiments/887_coordinate_optimizer_variable_depth_radius_seed610_target0_sources8_txrx60_ringdown050_objectives/data/multi_rebar_coordinate_optimizer_summary.json,refreshed,refresh requested,outputs/experiments/887_coordinate_optimizer_variable_depth_radius_seed610_target0_sources8_txrx60_ringdown050_objectives/figures/system_scene_geometry.png,outputs/experiments/887_coordinate_optimizer_variable_depth_radius_seed610_target0_sources8_txrx60_ringdown050_objectives/data/system_scene_geometry_summary.json,outputs/experiments/887_coordinate_optimizer_variable_depth_radius_seed610_target0_sources8_txrx60_ringdown050_objectives/figures/FIGURE_NOTES.md,1757,1064,2118,0.6365071400755731
886,outputs/experiments/886_seed377_ringdown050_target_specific_8_5_5_summary,,skipped,no compatible coordinate optimizer summary,,,,,,,
885,outputs/experiments/885_coordinate_optimizer_variable_depth_radius_seed377_target1_sources5_txrx60_ringdown050_objectives,outputs/experiments/885_coordinate_optimizer_variable_depth_radius_seed377_target1_sources5_txrx60_ringdown050_objectives/data/multi_rebar_coordinate_optimizer_summary.json,refreshed,refresh requested,outputs/experiments/885_coordinate_optimizer_variable_depth_radius_seed377_target1_sources5_txrx60_ringdown050_objectives/figures/system_scene_geometry.png,outputs/experiments/885_coordinate_optimizer_variable_depth_radius_seed377_target1_sources5_txrx60_ringdown050_objectives/data/system_scene_geometry_summary.json,outputs/experiments/885_coordinate_optimizer_variable_depth_radius_seed377_target1_sources5_txrx60_ringdown050_objectives/figures/FIGURE_NOTES.md,1756,1064,2056,0.6365260032198948
884,outputs/experiments/884_coordinate_optimizer_variable_depth_radius_seed377_target2_sources5_txrx60_ringdown050_objectives,outputs/experiments/884_coordinate_optimizer_variable_depth_radius_seed377_target2_sources5_txrx60_ringdown050_objectives/data/multi_rebar_coordinate_optimizer_summary.json,refreshed,refresh requested,outputs/experiments/884_coordinate_optimizer_variable_depth_radius_seed377_target2_sources5_txrx60_ringdown050_objectives/figures/system_scene_geometry.png,outputs/experiments/884_coordinate_optimizer_variable_depth_radius_seed377_target2_sources5_txrx60_ringdown050_objectives/data/system_scene_geometry_summary.json,outputs/experiments/884_coordinate_optimizer_variable_depth_radius_seed377_target2_sources5_txrx60_ringdown050_objectives/figures/FIGURE_NOTES.md,1756,1064,2068,0.636536172435645
883,outputs/experiments/883_coordinate_optimizer_variable_depth_radius_seed377_target0_sources8_txrx60_ringdown050_objectives,outputs/experiments/883_coordinate_optimizer_variable_depth_radius_seed377_target0_sources8_txrx60_ringdown050_objectives/data/multi_rebar_coordinate_optimizer_summary.json,refreshed,refresh requested,outputs/experiments/883_coordinate_optimizer_variable_depth_radius_seed377_target0_sources8_txrx60_ringdown050_objectives/figures/system_scene_geometry.png,outputs/experiments/883_coordinate_optimizer_variable_depth_radius_seed377_target0_sources8_txrx60_ringdown050_objectives/data/system_scene_geometry_summary.json,outputs/experiments/883_coordinate_optimizer_variable_depth_radius_seed377_target0_sources8_txrx60_ringdown050_objectives/figures/FIGURE_NOTES.md,1757,1064,2107,0.6367564115182663
882,outputs/experiments/882_seed233_ringdown050_target_specific_8_5_5_summary,,skipped,no compatible coordinate optimizer summary,,,,,,,
881,outputs/experiments/881_coordinate_optimizer_variable_depth_radius_seed233_target1_sources5_txrx60_ringdown050_objectives,outputs/experiments/881_coordinate_optimizer_variable_depth_radius_seed233_target1_sources5_txrx60_ringdown050_objectives/data/multi_rebar_coordinate_optimizer_summary.json,refreshed,refresh requested,outputs/experiments/881_coordinate_optimizer_variable_depth_radius_seed233_target1_sources5_txrx60_ringdown050_objectives/figures/system_scene_geometry.png,outputs/experiments/881_coordinate_optimizer_variable_depth_radius_seed233_target1_sources5_txrx60_ringdown050_objectives/data/system_scene_geometry_summary.json,outputs/experiments/881_coordinate_optimizer_variable_depth_radius_seed233_target1_sources5_txrx60_ringdown050_objectives/figures/FIGURE_NOTES.md,1756,1064,2054,0.6365838071831058
880,outputs/experiments/880_coordinate_optimizer_variable_depth_radius_seed233_target2_sources5_txrx60_ringdown050_objectives,outputs/experiments/880_coordinate_optimizer_variable_depth_radius_seed233_target2_sources5_txrx60_ringdown050_objectives/data/multi_rebar_coordinate_optimizer_summary.json,refreshed,refresh requested,outputs/experiments/880_coordinate_optimizer_variable_depth_radius_seed233_target2_sources5_txrx60_ringdown050_objectives/figures/system_scene_geometry.png,outputs/experiments/880_coordinate_optimizer_variable_depth_radius_seed233_target2_sources5_txrx60_ringdown050_objectives/data/system_scene_geometry_summary.json,outputs/experiments/880_coordinate_optimizer_variable_depth_radius_seed233_target2_sources5_txrx60_ringdown050_objectives/figures/FIGURE_NOTES.md,1756,1064,2065,0.6365880889581585
879,outputs/experiments/879_cross_seed_ringdown050_target_specific_policy_synthesis_v2,,skipped,no compatible coordinate optimizer summary,,,,,,,
878,outputs/experiments/878_coordinate_optimizer_variable_depth_radius_seed233_target0_sources8_txrx60_ringdown050_objectives,outputs/experiments/878_coordinate_optimizer_variable_depth_radius_seed233_target0_sources8_txrx60_ringdown050_objectives/data/multi_rebar_coordinate_optimizer_summary.json,refreshed,refresh requested,outputs/experiments/878_coordinate_optimizer_variable_depth_radius_seed233_target0_sources8_txrx60_ringdown050_objectives/figures/system_scene_geometry.png,outputs/experiments/878_coordinate_optimizer_variable_depth_radius_seed233_target0_sources8_txrx60_ringdown050_objectives/data/system_scene_geometry_summary.json,outputs/experiments/878_coordinate_optimizer_variable_depth_radius_seed233_target0_sources8_txrx60_ringdown050_objectives/figures/FIGURE_NOTES.md,1756,1064,2116,0.6367085138815147
877,outputs/experiments/877_seed144_ringdown050_target_specific_8_5_5_summary,,skipped,no compatible coordinate optimizer summary,,,,,,,
876,outputs/experiments/876_coordinate_optimizer_variable_depth_radius_seed144_target1_sources5_txrx60_ringdown050_objectives,outputs/experiments/876_coordinate_optimizer_variable_depth_radius_seed144_target1_sources5_txrx60_ringdown050_objectives/data/multi_rebar_coordinate_optimizer_summary.json,refreshed,refresh requested,outputs/experiments/876_coordinate_optimizer_variable_depth_radius_seed144_target1_sources5_txrx60_ringdown050_objectives/figures/system_scene_geometry.png,outputs/experiments/876_coordinate_optimizer_variable_depth_radius_seed144_target1_sources5_txrx60_ringdown050_objectives/data/system_scene_geometry_summary.json,outputs/experiments/876_coordinate_optimizer_variable_depth_radius_seed144_target1_sources5_txrx60_ringdown050_objectives/figures/FIGURE_NOTES.md,1757,1064,2074,0.6363316872146216
875,outputs/experiments/875_coordinate_optimizer_variable_depth_radius_seed144_target2_sources5_txrx60_ringdown050_objectives,outputs/experiments/875_coordinate_optimizer_variable_depth_radius_seed144_target2_sources5_txrx60_ringdown050_objectives/data/multi_rebar_coordinate_optimizer_summary.json,refreshed,refresh requested,outputs/experiments/875_coordinate_optimizer_variable_depth_radius_seed144_target2_sources5_txrx60_ringdown050_objectives/figures/system_scene_geometry.png,outputs/experiments/875_coordinate_optimizer_variable_depth_radius_seed144_target2_sources5_txrx60_ringdown050_objectives/data/system_scene_geometry_summary.json,outputs/experiments/875_coordinate_optimizer_variable_depth_radius_seed144_target2_sources5_txrx60_ringdown050_objectives/figures/FIGURE_NOTES.md,1757,1064,2047,0.6366868722745965
874,outputs/experiments/874_seed55_ringdown050_target_specific_8_5_5_summary,,skipped,no compatible coordinate optimizer summary,,,,,,,
873,outputs/experiments/873_coordinate_optimizer_variable_depth_radius_seed144_target0_sources8_txrx60_ringdown050_objectives,outputs/experiments/873_coordinate_optimizer_variable_depth_radius_seed144_target0_sources8_txrx60_ringdown050_objectives/data/multi_rebar_coordinate_optimizer_summary.json,refreshed,refresh requested,outputs/experiments/873_coordinate_optimizer_variable_depth_radius_seed144_target0_sources8_txrx60_ringdown050_objectives/figures/system_scene_geometry.png,outputs/experiments/873_coordinate_optimizer_variable_depth_radius_seed144_target0_sources8_txrx60_ringdown050_objectives/data/system_scene_geometry_summary.json,outputs/experiments/873_coordinate_optimizer_variable_depth_radius_seed144_target0_sources8_txrx60_ringdown050_objectives/figures/FIGURE_NOTES.md,1757,1064,2141,0.6364536483496732
872,outputs/experiments/872_coordinate_optimizer_variable_depth_radius_seed55_target1_sources5_txrx60_ringdown050_objectives,outputs/experiments/872_coordinate_optimizer_variable_depth_radius_seed55_target1_sources5_txrx60_ringdown050_objectives/data/multi_rebar_coordinate_optimizer_summary.json,refreshed,refresh requested,outputs/experiments/872_coordinate_optimizer_variable_depth_radius_seed55_target1_sources5_txrx60_ringdown050_objectives/figures/system_scene_geometry.png,outputs/experiments/872_coordinate_optimizer_variable_depth_radius_seed55_target1_sources5_txrx60_ringdown050_objectives/data/system_scene_geometry_summary.json,outputs/experiments/872_coordinate_optimizer_variable_depth_radius_seed55_target1_sources5_txrx60_ringdown050_objectives/figures/FIGURE_NOTES.md,1750,1064,2063,0.6385827067669173
871,outputs/experiments/871_coordinate_optimizer_variable_depth_radius_seed55_target2_sources5_txrx60_ringdown050_objectives,outputs/experiments/871_coordinate_optimizer_variable_depth_radius_seed55_target2_sources5_txrx60_ringdown050_objectives/data/multi_rebar_coordinate_optimizer_summary.json,refreshed,refresh requested,outputs/experiments/871_coordinate_optimizer_variable_depth_radius_seed55_target2_sources5_txrx60_ringdown050_objectives/figures/system_scene_geometry.png,outputs/experiments/871_coordinate_optimizer_variable_depth_radius_seed55_target2_sources5_txrx60_ringdown050_objectives/data/system_scene_geometry_summary.json,outputs/experiments/871_coordinate_optimizer_variable_depth_radius_seed55_target2_sources5_txrx60_ringdown050_objectives/figures/FIGURE_NOTES.md,1750,1064,2080,0.6386079484425349
870,outputs/experiments/870_coordinate_optimizer_variable_depth_radius_seed55_target0_sources8_txrx60_ringdown050_objectives,outputs/experiments/870_coordinate_optimizer_variable_depth_radius_seed55_target0_sources8_txrx60_ringdown050_objectives/data/multi_rebar_coordinate_optimizer_summary.json,refreshed,refresh requested,outputs/experiments/870_coordinate_optimizer_variable_depth_radius_seed55_target0_sources8_txrx60_ringdown050_objectives/figures/system_scene_geometry.png,outputs/experiments/870_coordinate_optimizer_variable_depth_radius_seed55_target0_sources8_txrx60_ringdown050_objectives/data/system_scene_geometry_summary.json,outputs/experiments/870_coordinate_optimizer_variable_depth_radius_seed55_target0_sources8_txrx60_ringdown050_objectives/figures/FIGURE_NOTES.md,1750,1064,2103,0.638718045112782
869,outputs/experiments/869_coordinate_optimizer_variable_depth_radius_seed89_target2_sources8_txrx60_ringdown050_objectives,outputs/experiments/869_coordinate_optimizer_variable_depth_radius_seed89_target2_sources8_txrx60_ringdown050_objectives/data/multi_rebar_coordinate_optimizer_summary.json,refreshed,refresh requested,outputs/experiments/869_coordinate_optimizer_variable_depth_radius_seed89_target2_sources8_txrx60_ringdown050_objectives/figures/system_scene_geometry.png,outputs/experiments/869_coordinate_optimizer_variable_depth_radius_seed89_target2_sources8_txrx60_ringdown050_objectives/data/system_scene_geometry_summary.json,outputs/experiments/869_coordinate_optimizer_variable_depth_radius_seed89_target2_sources8_txrx60_ringdown050_objectives/figures/FIGURE_NOTES.md,1750,1064,2135,0.6387207303974222
868,outputs/experiments/868_coordinate_optimizer_variable_depth_radius_seed89_target2_sources7_txrx60_ringdown050_objectives,outputs/experiments/868_coordinate_optimizer_variable_depth_radius_seed89_target2_sources7_txrx60_ringdown050_objectives/data/multi_rebar_coordinate_optimizer_summary.json,refreshed,refresh requested,outputs/experiments/868_coordinate_optimizer_variable_depth_radius_seed89_target2_sources7_txrx60_ringdown050_objectives/figures/system_scene_geometry.png,outputs/experiments/868_coordinate_optimizer_variable_depth_radius_seed89_target2_sources7_txrx60_ringdown050_objectives/data/system_scene_geometry_summary.json,outputs/experiments/868_coordinate_optimizer_variable_depth_radius_seed89_target2_sources7_txrx60_ringdown050_objectives/figures/FIGURE_NOTES.md,1750,1064,2107,0.6385853920515575
867,outputs/experiments/867_coordinate_optimizer_variable_depth_radius_seed34_target2_sources8_txrx60_ringdown050_objectives,outputs/experiments/867_coordinate_optimizer_variable_depth_radius_seed34_target2_sources8_txrx60_ringdown050_objectives/data/multi_rebar_coordinate_optimizer_summary.json,refreshed,refresh requested,outputs/experiments/867_coordinate_optimizer_variable_depth_radius_seed34_target2_sources8_txrx60_ringdown050_objectives/figures/system_scene_geometry.png,outputs/experiments/867_coordinate_optimizer_variable_depth_radius_seed34_target2_sources8_txrx60_ringdown050_objectives/data/system_scene_geometry_summary.json,outputs/experiments/867_coordinate_optimizer_variable_depth_radius_seed34_target2_sources8_txrx60_ringdown050_objectives/figures/FIGURE_NOTES.md,1750,1064,2135,0.638670784103115
866,outputs/experiments/866_coordinate_optimizer_variable_depth_radius_seed34_target2_sources7_txrx60_ringdown050_objectives,outputs/experiments/866_coordinate_optimizer_variable_depth_radius_seed34_target2_sources7_txrx60_ringdown050_objectives/data/multi_rebar_coordinate_optimizer_summary.json,refreshed,refresh requested,outputs/experiments/866_coordinate_optimizer_variable_depth_radius_seed34_target2_sources7_txrx60_ringdown050_objectives/figures/system_scene_geometry.png,outputs/experiments/866_coordinate_optimizer_variable_depth_radius_seed34_target2_sources7_txrx60_ringdown050_objectives/data/system_scene_geometry_summary.json,outputs/experiments/866_coordinate_optimizer_variable_depth_radius_seed34_target2_sources7_txrx60_ringdown050_objectives/figures/FIGURE_NOTES.md,1750,1064,2107,0.6385354457572503
865,outputs/experiments/865_cross_seed_ringdown050_target_specific_policy_synthesis,,skipped,no compatible coordinate optimizer summary,,,,,,,
864,outputs/experiments/864_coordinate_optimizer_variable_depth_radius_seed21_target2_sources9_txrx60_ringdown049453125_objectives,outputs/experiments/864_coordinate_optimizer_variable_depth_radius_seed21_target2_sources9_txrx60_ringdown049453125_objectives/data/multi_rebar_coordinate_optimizer_summary.json,refreshed,refresh requested,outputs/experiments/864_coordinate_optimizer_variable_depth_radius_seed21_target2_sources9_txrx60_ringdown049453125_objectives/figures/system_scene_geometry.png,outputs/experiments/864_coordinate_optimizer_variable_depth_radius_seed21_target2_sources9_txrx60_ringdown049453125_objectives/data/system_scene_geometry_summary.json,outputs/experiments/864_coordinate_optimizer_variable_depth_radius_seed21_target2_sources9_txrx60_ringdown049453125_objectives/figures/FIGURE_NOTES.md,1770,1064,2117,0.6321911770952806
863,outputs/experiments/863_seed34_ringdown050_target_specific_8_5_9_summary,,skipped,no compatible coordinate optimizer summary,,,,,,,
862,outputs/experiments/862_coordinate_optimizer_variable_depth_radius_seed34_target2_sources9_txrx60_ringdown050_objectives,outputs/experiments/862_coordinate_optimizer_variable_depth_radius_seed34_target2_sources9_txrx60_ringdown050_objectives/data/multi_rebar_coordinate_optimizer_summary.json,refreshed,refresh requested,outputs/experiments/862_coordinate_optimizer_variable_depth_radius_seed34_target2_sources9_txrx60_ringdown050_objectives/figures/system_scene_geometry.png,outputs/experiments/862_coordinate_optimizer_variable_depth_radius_seed34_target2_sources9_txrx60_ringdown050_objectives/data/system_scene_geometry_summary.json,outputs/experiments/862_coordinate_optimizer_variable_depth_radius_seed34_target2_sources9_txrx60_ringdown050_objectives/figures/FIGURE_NOTES.md,1750,1064,2132,0.6386192266380236
861,outputs/experiments/861_coordinate_optimizer_variable_depth_radius_seed34_target2_sources5_txrx60_ringdown050_objectives,outputs/experiments/861_coordinate_optimizer_variable_depth_radius_seed34_target2_sources5_txrx60_ringdown050_objectives/data/multi_rebar_coordinate_optimizer_summary.json,refreshed,refresh requested,outputs/experiments/861_coordinate_optimizer_variable_depth_radius_seed34_target2_sources5_txrx60_ringdown050_objectives/figures/system_scene_geometry.png,outputs/experiments/861_coordinate_optimizer_variable_depth_radius_seed34_target2_sources5_txrx60_ringdown050_objectives/data/system_scene_geometry_summary.json,outputs/experiments/861_coordinate_optimizer_variable_depth_radius_seed34_target2_sources5_txrx60_ringdown050_objectives/figures/FIGURE_NOTES.md,1750,1064,2092,0.6386015037593985
860,outputs/experiments/860_coordinate_optimizer_variable_depth_radius_seed34_target1_sources5_txrx60_ringdown050_objectives,outputs/experiments/860_coordinate_optimizer_variable_depth_radius_seed34_target1_sources5_txrx60_ringdown050_objectives/data/multi_rebar_coordinate_optimizer_summary.json,refreshed,refresh requested,outputs/experiments/860_coordinate_optimizer_variable_depth_radius_seed34_target1_sources5_txrx60_ringdown050_objectives/figures/system_scene_geometry.png,outputs/experiments/860_coordinate_optimizer_variable_depth_radius_seed34_target1_sources5_txrx60_ringdown050_objectives/data/system_scene_geometry_summary.json,outputs/experiments/860_coordinate_optimizer_variable_depth_radius_seed34_target1_sources5_txrx60_ringdown050_objectives/figures/FIGURE_NOTES.md,1750,1064,2048,0.6385875402792696
859,outputs/experiments/859_coordinate_optimizer_variable_depth_radius_seed34_target0_sources8_txrx60_ringdown050_objectives,outputs/experiments/859_coordinate_optimizer_variable_depth_radius_seed34_target0_sources8_txrx60_ringdown050_objectives/data/multi_rebar_coordinate_optimizer_summary.json,refreshed,refresh requested,outputs/experiments/859_coordinate_optimizer_variable_depth_radius_seed34_target0_sources8_txrx60_ringdown050_objectives/figures/system_scene_geometry.png,outputs/experiments/859_coordinate_optimizer_variable_depth_radius_seed34_target0_sources8_txrx60_ringdown050_objectives/data/system_scene_geometry_summary.json,outputs/experiments/859_coordinate_optimizer_variable_depth_radius_seed34_target0_sources8_txrx60_ringdown050_objectives/figures/FIGURE_NOTES.md,1750,1064,2120,0.6387696025778733
858,outputs/experiments/858_coordinate_optimizer_variable_depth_radius_seed21_target0_sources7_txrx60_ringdown050_objectives,outputs/experiments/858_coordinate_optimizer_variable_depth_radius_seed21_target0_sources7_txrx60_ringdown050_objectives/data/multi_rebar_coordinate_optimizer_summary.json,refreshed,refresh requested,outputs/experiments/858_coordinate_optimizer_variable_depth_radius_seed21_target0_sources7_txrx60_ringdown050_objectives/figures/system_scene_geometry.png,outputs/experiments/858_coordinate_optimizer_variable_depth_radius_seed21_target0_sources7_txrx60_ringdown050_objectives/data/system_scene_geometry_summary.json,outputs/experiments/858_coordinate_optimizer_variable_depth_radius_seed21_target0_sources7_txrx60_ringdown050_objectives/figures/FIGURE_NOTES.md,1750,1064,2101,0.6385542427497315
857,outputs/experiments/857_seed21_target0_ringdown_threshold_summary,,skipped,no compatible coordinate optimizer summary,,,,,,,
856,outputs/experiments/856_coordinate_optimizer_variable_depth_radius_seed21_target0_sources8_txrx60_ringdown04947265625_objectives,outputs/experiments/856_coordinate_optimizer_variable_depth_radius_seed21_target0_sources8_txrx60_ringdown04947265625_objectives/data/multi_rebar_coordinate_optimizer_summary.json,refreshed,refresh requested,outputs/experiments/856_coordinate_optimizer_variable_depth_radius_seed21_target0_sources8_txrx60_ringdown04947265625_objectives/figures/system_scene_geometry.png,outputs/experiments/856_coordinate_optimizer_variable_depth_radius_seed21_target0_sources8_txrx60_ringdown04947265625_objectives/data/system_scene_geometry_summary.json,outputs/experiments/856_coordinate_optimizer_variable_depth_radius_seed21_target0_sources8_txrx60_ringdown04947265625_objectives/figures/FIGURE_NOTES.md,1776,1065,2102,0.6298587319714081
855,outputs/experiments/855_coordinate_optimizer_variable_depth_radius_seed21_target0_sources8_txrx60_ringdown0494921875_objectives,outputs/experiments/855_coordinate_optimizer_variable_depth_radius_seed21_target0_sources8_txrx60_ringdown0494921875_objectives/data/multi_rebar_coordinate_optimizer_summary.json,refreshed,refresh requested,outputs/experiments/855_coordinate_optimizer_variable_depth_radius_seed21_target0_sources8_txrx60_ringdown0494921875_objectives/figures/system_scene_geometry.png,outputs/experiments/855_coordinate_optimizer_variable_depth_radius_seed21_target0_sources8_txrx60_ringdown0494921875_objectives/data/system_scene_geometry_summary.json,outputs/experiments/855_coordinate_optimizer_variable_depth_radius_seed21_target0_sources8_txrx60_ringdown0494921875_objectives/figures/FIGURE_NOTES.md,1776,1065,2116,0.6297344880091359
854,outputs/experiments/854_coordinate_optimizer_variable_depth_radius_seed21_target0_sources8_txrx60_ringdown049453125_objectives,outputs/experiments/854_coordinate_optimizer_variable_depth_radius_seed21_target0_sources8_txrx60_ringdown049453125_objectives/data/multi_rebar_coordinate_optimizer_summary.json,refreshed,refresh requested,outputs/experiments/854_coordinate_optimizer_variable_depth_radius_seed21_target0_sources8_txrx60_ringdown049453125_objectives/figures/system_scene_geometry.png,outputs/experiments/854_coordinate_optimizer_variable_depth_radius_seed21_target0_sources8_txrx60_ringdown049453125_objectives/data/system_scene_geometry_summary.json,outputs/experiments/854_coordinate_optimizer_variable_depth_radius_seed21_target0_sources8_txrx60_ringdown049453125_objectives/figures/FIGURE_NOTES.md,1770,1064,2112,0.6323026846777962
853,outputs/experiments/853_coordinate_optimizer_variable_depth_radius_seed21_target0_sources8_txrx60_ringdown04953125_objectives,outputs/experiments/853_coordinate_optimizer_variable_depth_radius_seed21_target0_sources8_txrx60_ringdown04953125_objectives/data/multi_rebar_coordinate_optimizer_summary.json,refreshed,refresh requested,outputs/experiments/853_coordinate_optimizer_variable_depth_radius_seed21_target0_sources8_txrx60_ringdown04953125_objectives/figures/system_scene_geometry.png,outputs/experiments/853_coordinate_optimizer_variable_depth_radius_seed21_target0_sources8_txrx60_ringdown04953125_objectives/data/system_scene_geometry_summary.json,outputs/experiments/853_coordinate_optimizer_variable_depth_radius_seed21_target0_sources8_txrx60_ringdown04953125_objectives/figures/FIGURE_NOTES.md,1770,1064,2103,0.6321332993500701
852,outputs/experiments/852_coordinate_optimizer_variable_depth_radius_seed21_target0_sources8_txrx60_ringdown0496875_objectives,outputs/experiments/852_coordinate_optimizer_variable_depth_radius_seed21_target0_sources8_txrx60_ringdown0496875_objectives/data/multi_rebar_coordinate_optimizer_summary.json,refreshed,refresh requested,outputs/experiments/852_coordinate_optimizer_variable_depth_radius_seed21_target0_sources8_txrx60_ringdown0496875_objectives/figures/system_scene_geometry.png,outputs/experiments/852_coordinate_optimizer_variable_depth_radius_seed21_target0_sources8_txrx60_ringdown0496875_objectives/data/system_scene_geometry_summary.json,outputs/experiments/852_coordinate_optimizer_variable_depth_radius_seed21_target0_sources8_txrx60_ringdown0496875_objectives/figures/FIGURE_NOTES.md,1771,1064,2141,0.6318596816717117
851,outputs/experiments/851_seed21_ringdown049375_target_specific_8_5_9_summary,,skipped,no compatible coordinate optimizer summary,,,,,,,
850,outputs/experiments/850_coordinate_optimizer_variable_depth_radius_seed21_target2_sources9_txrx60_ringdown049375_objectives,outputs/experiments/850_coordinate_optimizer_variable_depth_radius_seed21_target2_sources9_txrx60_ringdown049375_objectives/data/multi_rebar_coordinate_optimizer_summary.json,refreshed,refresh requested,outputs/experiments/850_coordinate_optimizer_variable_depth_radius_seed21_target2_sources9_txrx60_ringdown049375_objectives/figures/system_scene_geometry.png,outputs/experiments/850_coordinate_optimizer_variable_depth_radius_seed21_target2_sources9_txrx60_ringdown049375_objectives/data/system_scene_geometry_summary.json,outputs/experiments/850_coordinate_optimizer_variable_depth_radius_seed21_target2_sources9_txrx60_ringdown049375_objectives/figures/FIGURE_NOTES.md,1760,1064,2132,0.6353148496240602
849,outputs/experiments/849_coordinate_optimizer_variable_depth_radius_seed21_target0_sources8_txrx60_ringdown049375_objectives,outputs/experiments/849_coordinate_optimizer_variable_depth_radius_seed21_target0_sources8_txrx60_ringdown049375_objectives/data/multi_rebar_coordinate_optimizer_summary.json,refreshed,refresh requested,outputs/experiments/849_coordinate_optimizer_variable_depth_radius_seed21_target0_sources8_txrx60_ringdown049375_objectives/figures/system_scene_geometry.png,outputs/experiments/849_coordinate_optimizer_variable_depth_radius_seed21_target0_sources8_txrx60_ringdown049375_objectives/data/system_scene_geometry_summary.json,outputs/experiments/849_coordinate_optimizer_variable_depth_radius_seed21_target0_sources8_txrx60_ringdown049375_objectives/figures/FIGURE_NOTES.md,1760,1064,2120,0.6354707792207792
848,outputs/experiments/848_coordinate_optimizer_variable_depth_radius_seed21_target0_sources8_txrx60_ringdown0475_objectives,outputs/experiments/848_coordinate_optimizer_variable_depth_radius_seed21_target0_sources8_txrx60_ringdown0475_objectives/data/multi_rebar_coordinate_optimizer_summary.json,refreshed,refresh requested,outputs/experiments/848_coordinate_optimizer_variable_depth_radius_seed21_target0_sources8_txrx60_ringdown0475_objectives/figures/system_scene_geometry.png,outputs/experiments/848_coordinate_optimizer_variable_depth_radius_seed21_target0_sources8_txrx60_ringdown0475_objectives/data/system_scene_geometry_summary.json,outputs/experiments/848_coordinate_optimizer_variable_depth_radius_seed21_target0_sources8_txrx60_ringdown0475_objectives/figures/FIGURE_NOTES.md,1756,1064,2116,0.6366127091647114
847,outputs/experiments/847_coordinate_optimizer_variable_depth_radius_seed21_target0_sources9_txrx60_ringdown050_objectives,outputs/experiments/847_coordinate_optimizer_variable_depth_radius_seed21_target0_sources9_txrx60_ringdown050_objectives/data/multi_rebar_coordinate_optimizer_summary.json,refreshed,refresh requested,outputs/experiments/847_coordinate_optimizer_variable_depth_radius_seed21_target0_sources9_txrx60_ringdown050_objectives/figures/system_scene_geometry.png,outputs/experiments/847_coordinate_optimizer_variable_depth_radius_seed21_target0_sources9_txrx60_ringdown050_objectives/data/system_scene_geometry_summary.json,outputs/experiments/847_coordinate_optimizer_variable_depth_radius_seed21_target0_sources9_txrx60_ringdown050_objectives/figures/FIGURE_NOTES.md,1750,1064,2125,0.6386380236305048
846,outputs/experiments/846_coordinate_optimizer_variable_depth_radius_seed21_target0_sources8_txrx60_ringdown050_objectives,outputs/experiments/846_coordinate_optimizer_variable_depth_radius_seed21_target0_sources8_txrx60_ringdown050_objectives/data/multi_rebar_coordinate_optimizer_summary.json,refreshed,refresh requested,outputs/experiments/846_coordinate_optimizer_variable_depth_radius_seed21_target0_sources8_txrx60_ringdown050_objectives/figures/system_scene_geometry.png,outputs/experiments/846_coordinate_optimizer_variable_depth_radius_seed21_target0_sources8_txrx60_ringdown050_objectives/data/system_scene_geometry_summary.json,outputs/experiments/846_coordinate_optimizer_variable_depth_radius_seed21_target0_sources8_txrx60_ringdown050_objectives/figures/FIGURE_NOTES.md,1750,1064,2129,0.6386895810955961
845,outputs/experiments/845_seed89_ringdown050_target_specific_8_5_9_summary,,skipped,no compatible coordinate optimizer summary,,,,,,,
844,outputs/experiments/844_coordinate_optimizer_variable_depth_radius_seed89_target2_sources9_txrx60_ringdown050_objectives,outputs/experiments/844_coordinate_optimizer_variable_depth_radius_seed89_target2_sources9_txrx60_ringdown050_objectives/data/multi_rebar_coordinate_optimizer_summary.json,refreshed,refresh requested,outputs/experiments/844_coordinate_optimizer_variable_depth_radius_seed89_target2_sources9_txrx60_ringdown050_objectives/figures/system_scene_geometry.png,outputs/experiments/844_coordinate_optimizer_variable_depth_radius_seed89_target2_sources9_txrx60_ringdown050_objectives/data/system_scene_geometry_summary.json,outputs/experiments/844_coordinate_optimizer_variable_depth_radius_seed89_target2_sources9_txrx60_ringdown050_objectives/figures/FIGURE_NOTES.md,1750,1064,2132,0.6386691729323308
843,outputs/experiments/843_coordinate_optimizer_variable_depth_radius_seed89_target2_sources5_txrx60_ringdown050_objectives,outputs/experiments/843_coordinate_optimizer_variable_depth_radius_seed89_target2_sources5_txrx60_ringdown050_objectives/data/multi_rebar_coordinate_optimizer_summary.json,refreshed,refresh requested,outputs/experiments/843_coordinate_optimizer_variable_depth_radius_seed89_target2_sources5_txrx60_ringdown050_objectives/figures/system_scene_geometry.png,outputs/experiments/843_coordinate_optimizer_variable_depth_radius_seed89_target2_sources5_txrx60_ringdown050_objectives/data/system_scene_geometry_summary.json,outputs/experiments/843_coordinate_optimizer_variable_depth_radius_seed89_target2_sources5_txrx60_ringdown050_objectives/figures/FIGURE_NOTES.md,1750,1064,2092,0.6386514500537057
842,outputs/experiments/842_coordinate_optimizer_variable_depth_radius_seed89_target0_sources8_txrx60_ringdown050_objectives,outputs/experiments/842_coordinate_optimizer_variable_depth_radius_seed89_target0_sources8_txrx60_ringdown050_objectives/data/multi_rebar_coordinate_optimizer_summary.json,refreshed,refresh requested,outputs/experiments/842_coordinate_optimizer_variable_depth_radius_seed89_target0_sources8_txrx60_ringdown050_objectives/figures/system_scene_geometry.png,outputs/experiments/842_coordinate_optimizer_variable_depth_radius_seed89_target0_sources8_txrx60_ringdown050_objectives/data/system_scene_geometry_summary.json,outputs/experiments/842_coordinate_optimizer_variable_depth_radius_seed89_target0_sources8_txrx60_ringdown050_objectives/figures/FIGURE_NOTES.md,1750,1064,2120,0.6388195488721804
841,outputs/experiments/841_seed13_ringdown050_target_specific_8_5_5_summary,,skipped,no compatible coordinate optimizer summary,,,,,,,
840,outputs/experiments/840_coordinate_optimizer_variable_depth_radius_seed13_target0_sources8_txrx60_ringdown050_objectives,outputs/experiments/840_coordinate_optimizer_variable_depth_radius_seed13_target0_sources8_txrx60_ringdown050_objectives/data/multi_rebar_coordinate_optimizer_summary.json,refreshed,refresh requested,outputs/experiments/840_coordinate_optimizer_variable_depth_radius_seed13_target0_sources8_txrx60_ringdown050_objectives/figures/system_scene_geometry.png,outputs/experiments/840_coordinate_optimizer_variable_depth_radius_seed13_target0_sources8_txrx60_ringdown050_objectives/data/system_scene_geometry_summary.json,outputs/experiments/840_coordinate_optimizer_variable_depth_radius_seed13_target0_sources8_txrx60_ringdown050_objectives/figures/FIGURE_NOTES.md,1750,1064,2103,0.6386911922663803
839,outputs/experiments/839_coordinate_optimizer_variable_depth_radius_seed13_target0_sources5_txrx60_ringdown050_objectives,outputs/experiments/839_coordinate_optimizer_variable_depth_radius_seed13_target0_sources5_txrx60_ringdown050_objectives/data/multi_rebar_coordinate_optimizer_summary.json,refreshed,refresh requested,outputs/experiments/839_coordinate_optimizer_variable_depth_radius_seed13_target0_sources5_txrx60_ringdown050_objectives/figures/system_scene_geometry.png,outputs/experiments/839_coordinate_optimizer_variable_depth_radius_seed13_target0_sources5_txrx60_ringdown050_objectives/data/system_scene_geometry_summary.json,outputs/experiments/839_coordinate_optimizer_variable_depth_radius_seed13_target0_sources5_txrx60_ringdown050_objectives/figures/FIGURE_NOTES.md,1750,1064,2074,0.638624597207304
838,outputs/experiments/838_coordinate_optimizer_variable_depth_radius_seed13_target2_sources5_txrx60_ringdown050_objectives,outputs/experiments/838_coordinate_optimizer_variable_depth_radius_seed13_target2_sources5_txrx60_ringdown050_objectives/data/multi_rebar_coordinate_optimizer_summary.json,refreshed,refresh requested,outputs/experiments/838_coordinate_optimizer_variable_depth_radius_seed13_target2_sources5_txrx60_ringdown050_objectives/figures/system_scene_geometry.png,outputs/experiments/838_coordinate_optimizer_variable_depth_radius_seed13_target2_sources5_txrx60_ringdown050_objectives/data/system_scene_geometry_summary.json,outputs/experiments/838_coordinate_optimizer_variable_depth_radius_seed13_target2_sources5_txrx60_ringdown050_objectives/figures/FIGURE_NOTES.md,1750,1064,2080,0.6385810955961332
837,outputs/experiments/837_three_seed_target1_5source_ringdown050_transfer_summary,,skipped,no compatible coordinate optimizer summary,,,,,,,
836,outputs/experiments/836_coordinate_optimizer_variable_depth_radius_seed21_target1_sources5_txrx60_ringdown050_objectives,outputs/experiments/836_coordinate_optimizer_variable_depth_radius_seed21_target1_sources5_txrx60_ringdown050_objectives/data/multi_rebar_coordinate_optimizer_summary.json,refreshed,refresh requested,outputs/experiments/836_coordinate_optimizer_variable_depth_radius_seed21_target1_sources5_txrx60_ringdown050_objectives/figures/system_scene_geometry.png,outputs/experiments/836_coordinate_optimizer_variable_depth_radius_seed21_target1_sources5_txrx60_ringdown050_objectives/data/system_scene_geometry_summary.json,outputs/experiments/836_coordinate_optimizer_variable_depth_radius_seed21_target1_sources5_txrx60_ringdown050_objectives/figures/FIGURE_NOTES.md,1750,1064,2050,0.6385515574650913
835,outputs/experiments/835_coordinate_optimizer_variable_depth_radius_seed89_target1_sources5_txrx60_ringdown050_objectives,outputs/experiments/835_coordinate_optimizer_variable_depth_radius_seed89_target1_sources5_txrx60_ringdown050_objectives/data/multi_rebar_coordinate_optimizer_summary.json,refreshed,refresh requested,outputs/experiments/835_coordinate_optimizer_variable_depth_radius_seed89_target1_sources5_txrx60_ringdown050_objectives/figures/system_scene_geometry.png,outputs/experiments/835_coordinate_optimizer_variable_depth_radius_seed89_target1_sources5_txrx60_ringdown050_objectives/data/system_scene_geometry_summary.json,outputs/experiments/835_coordinate_optimizer_variable_depth_radius_seed89_target1_sources5_txrx60_ringdown050_objectives/figures/FIGURE_NOTES.md,1750,1064,2048,0.6386374865735768
834,outputs/experiments/834_coordinate_optimizer_variable_depth_radius_seed13_target1_sources5_txrx60_ringdown050_objectives,outputs/experiments/834_coordinate_optimizer_variable_depth_radius_seed13_target1_sources5_txrx60_ringdown050_objectives/data/multi_rebar_coordinate_optimizer_summary.json,refreshed,refresh requested,outputs/experiments/834_coordinate_optimizer_variable_depth_radius_seed13_target1_sources5_txrx60_ringdown050_objectives/figures/system_scene_geometry.png,outputs/experiments/834_coordinate_optimizer_variable_depth_radius_seed13_target1_sources5_txrx60_ringdown050_objectives/data/system_scene_geometry_summary.json,outputs/experiments/834_coordinate_optimizer_variable_depth_radius_seed13_target1_sources5_txrx60_ringdown050_objectives/figures/FIGURE_NOTES.md,1750,1064,2063,0.6385558539205156
833,outputs/experiments/833_seed13_target1_5source_acquisition_boundary_summary,,skipped,no compatible coordinate optimizer summary,,,,,,,
832,outputs/experiments/832_coordinate_optimizer_variable_depth_radius_seed13_target1_sources5_txrx60_ringdown0475_objectives,outputs/experiments/832_coordinate_optimizer_variable_depth_radius_seed13_target1_sources5_txrx60_ringdown0475_objectives/data/multi_rebar_coordinate_optimizer_summary.json,refreshed,refresh requested,outputs/experiments/832_coordinate_optimizer_variable_depth_radius_seed13_target1_sources5_txrx60_ringdown0475_objectives/figures/system_scene_geometry.png,outputs/experiments/832_coordinate_optimizer_variable_depth_radius_seed13_target1_sources5_txrx60_ringdown0475_objectives/data/system_scene_geometry_summary.json,outputs/experiments/832_coordinate_optimizer_variable_depth_radius_seed13_target1_sources5_txrx60_ringdown0475_objectives/figures/FIGURE_NOTES.md,1756,1064,2056,0.6364789036943155
831,outputs/experiments/831_coordinate_optimizer_variable_depth_radius_seed13_target1_sources5_txrx60_ringdown046875_objectives,outputs/experiments/831_coordinate_optimizer_variable_depth_radius_seed13_target1_sources5_txrx60_ringdown046875_objectives/data/multi_rebar_coordinate_optimizer_summary.json,refreshed,refresh requested,outputs/experiments/831_coordinate_optimizer_variable_depth_radius_seed13_target1_sources5_txrx60_ringdown046875_objectives/figures/system_scene_geometry.png,outputs/experiments/831_coordinate_optimizer_variable_depth_radius_seed13_target1_sources5_txrx60_ringdown046875_objectives/data/system_scene_geometry_summary.json,outputs/experiments/831_coordinate_optimizer_variable_depth_radius_seed13_target1_sources5_txrx60_ringdown046875_objectives/figures/FIGURE_NOTES.md,1760,1064,2048,0.6353362098427888
830,outputs/experiments/830_coordinate_optimizer_variable_depth_radius_seed13_target1_sources5_txrx60_ringdown04625_objectives,outputs/experiments/830_coordinate_optimizer_variable_depth_radius_seed13_target1_sources5_txrx60_ringdown04625_objectives/data/multi_rebar_coordinate_optimizer_summary.json,refreshed,refresh requested,outputs/experiments/830_coordinate_optimizer_variable_depth_radius_seed13_target1_sources5_txrx60_ringdown04625_objectives/figures/system_scene_geometry.png,outputs/experiments/830_coordinate_optimizer_variable_depth_radius_seed13_target1_sources5_txrx60_ringdown04625_objectives/data/system_scene_geometry_summary.json,outputs/experiments/830_coordinate_optimizer_variable_depth_radius_seed13_target1_sources5_txrx60_ringdown04625_objectives/figures/FIGURE_NOTES.md,1759,1064,2041,0.6356119120997491
829,outputs/experiments/829_coordinate_optimizer_variable_depth_radius_seed13_target1_sources5_txrx60_ringdown0459375_objectives,outputs/experiments/829_coordinate_optimizer_variable_depth_radius_seed13_target1_sources5_txrx60_ringdown0459375_objectives/data/multi_rebar_coordinate_optimizer_summary.json,refreshed,refresh requested,outputs/experiments/829_coordinate_optimizer_variable_depth_radius_seed13_target1_sources5_txrx60_ringdown0459375_objectives/figures/system_scene_geometry.png,outputs/experiments/829_coordinate_optimizer_variable_depth_radius_seed13_target1_sources5_txrx60_ringdown0459375_objectives/data/system_scene_geometry_summary.json,outputs/experiments/829_coordinate_optimizer_variable_depth_radius_seed13_target1_sources5_txrx60_ringdown0459375_objectives/figures/FIGURE_NOTES.md,1771,1064,2075,0.6316765940826091
828,outputs/experiments/828_three_seed_alltargets_ringdown0459375_transfer_summary,,skipped,no compatible coordinate optimizer summary,,,,,,,
827,outputs/experiments/827_seed21_alltargets_ringdown0459375_transfer_summary,,skipped,no compatible coordinate optimizer summary,,,,,,,
826,outputs/experiments/826_coordinate_optimizer_variable_depth_radius_seed21_target0_sources8_txrx60_ringdown0459375_objectives,outputs/experiments/826_coordinate_optimizer_variable_depth_radius_seed21_target0_sources8_txrx60_ringdown0459375_objectives/data/multi_rebar_coordinate_optimizer_summary.json,refreshed,refresh requested,outputs/experiments/826_coordinate_optimizer_variable_depth_radius_seed21_target0_sources8_txrx60_ringdown0459375_objectives/figures/system_scene_geometry.png,outputs/experiments/826_coordinate_optimizer_variable_depth_radius_seed21_target0_sources8_txrx60_ringdown0459375_objectives/data/system_scene_geometry_summary.json,outputs/experiments/826_coordinate_optimizer_variable_depth_radius_seed21_target0_sources8_txrx60_ringdown0459375_objectives/figures/FIGURE_NOTES.md,1771,1064,2141,0.6318092662486255
825,outputs/experiments/825_coordinate_optimizer_variable_depth_radius_seed21_target2_sources9_txrx60_ringdown0459375_objectives,outputs/experiments/825_coordinate_optimizer_variable_depth_radius_seed21_target2_sources9_txrx60_ringdown0459375_objectives/data/multi_rebar_coordinate_optimizer_summary.json,refreshed,refresh requested,outputs/experiments/825_coordinate_optimizer_variable_depth_radius_seed21_target2_sources9_txrx60_ringdown0459375_objectives/figures/system_scene_geometry.png,outputs/experiments/825_coordinate_optimizer_variable_depth_radius_seed21_target2_sources9_txrx60_ringdown0459375_objectives/data/system_scene_geometry_summary.json,outputs/experiments/825_coordinate_optimizer_variable_depth_radius_seed21_target2_sources9_txrx60_ringdown0459375_objectives/figures/FIGURE_NOTES.md,1771,1064,2135,0.6316840237239061
824,outputs/experiments/824_seed89_alltargets_ringdown0459375_transfer_summary,,skipped,no compatible coordinate optimizer summary,,,,,,,
823,outputs/experiments/823_coordinate_optimizer_variable_depth_radius_seed89_target0_sources8_txrx60_ringdown0459375_objectives,outputs/experiments/823_coordinate_optimizer_variable_depth_radius_seed89_target0_sources8_txrx60_ringdown0459375_objectives/data/multi_rebar_coordinate_optimizer_summary.json,refreshed,refresh requested,outputs/experiments/823_coordinate_optimizer_variable_depth_radius_seed89_target0_sources8_txrx60_ringdown0459375_objectives/figures/system_scene_geometry.png,outputs/experiments/823_coordinate_optimizer_variable_depth_radius_seed89_target0_sources8_txrx60_ringdown0459375_objectives/data/system_scene_geometry_summary.json,outputs/experiments/823_coordinate_optimizer_variable_depth_radius_seed89_target0_sources8_txrx60_ringdown0459375_objectives/figures/FIGURE_NOTES.md,1771,1064,2141,0.6318888695482353
822,outputs/experiments/822_coordinate_optimizer_variable_depth_radius_seed89_target2_sources9_txrx60_ringdown0459375_objectives,outputs/experiments/822_coordinate_optimizer_variable_depth_radius_seed89_target2_sources9_txrx60_ringdown0459375_objectives/data/multi_rebar_coordinate_optimizer_summary.json,refreshed,refresh requested,outputs/experiments/822_coordinate_optimizer_variable_depth_radius_seed89_target2_sources9_txrx60_ringdown0459375_objectives/figures/system_scene_geometry.png,outputs/experiments/822_coordinate_optimizer_variable_depth_radius_seed89_target2_sources9_txrx60_ringdown0459375_objectives/data/system_scene_geometry_summary.json,outputs/experiments/822_coordinate_optimizer_variable_depth_radius_seed89_target2_sources9_txrx60_ringdown0459375_objectives/figures/FIGURE_NOTES.md,1771,1064,2119,0.6317875080133988
821,outputs/experiments/821_target1_three_seed_ringdown0459375_transfer_summary,,skipped,no compatible coordinate optimizer summary,,,,,,,
820,outputs/experiments/820_coordinate_optimizer_variable_depth_radius_seed21_target1_sources9_txrx60_ringdown0459375_objectives,outputs/experiments/820_coordinate_optimizer_variable_depth_radius_seed21_target1_sources9_txrx60_ringdown0459375_objectives/data/multi_rebar_coordinate_optimizer_summary.json,refreshed,refresh requested,outputs/experiments/820_coordinate_optimizer_variable_depth_radius_seed21_target1_sources9_txrx60_ringdown0459375_objectives/figures/system_scene_geometry.png,outputs/experiments/820_coordinate_optimizer_variable_depth_radius_seed21_target1_sources9_txrx60_ringdown0459375_objectives/data/system_scene_geometry_summary.json,outputs/experiments/820_coordinate_optimizer_variable_depth_radius_seed21_target1_sources9_txrx60_ringdown0459375_objectives/figures/FIGURE_NOTES.md,1771,1064,2131,0.6316919840538671
819,outputs/experiments/819_coordinate_optimizer_variable_depth_radius_seed89_target1_sources9_txrx60_ringdown0459375_objectives,outputs/experiments/819_coordinate_optimizer_variable_depth_radius_seed89_target1_sources9_txrx60_ringdown0459375_objectives/data/multi_rebar_coordinate_optimizer_summary.json,refreshed,refresh requested,outputs/experiments/819_coordinate_optimizer_variable_depth_radius_seed89_target1_sources9_txrx60_ringdown0459375_objectives/figures/system_scene_geometry.png,outputs/experiments/819_coordinate_optimizer_variable_depth_radius_seed89_target1_sources9_txrx60_ringdown0459375_objectives/data/system_scene_geometry_summary.json,outputs/experiments/819_coordinate_optimizer_variable_depth_radius_seed89_target1_sources9_txrx60_ringdown0459375_objectives/figures/FIGURE_NOTES.md,1771,1064,2116,0.6317774249287815
818,outputs/experiments/818_seed13_alltargets_ringdown0459375_policy_summary,,skipped,no compatible coordinate optimizer summary,,,,,,,
817,outputs/experiments/817_coordinate_optimizer_variable_depth_radius_seed13_target0_sources8_txrx60_ringdown0459375_objectives,outputs/experiments/817_coordinate_optimizer_variable_depth_radius_seed13_target0_sources8_txrx60_ringdown0459375_objectives/data/multi_rebar_coordinate_optimizer_summary.json,refreshed,refresh requested,outputs/experiments/817_coordinate_optimizer_variable_depth_radius_seed13_target0_sources8_txrx60_ringdown0459375_objectives/figures/system_scene_geometry.png,outputs/experiments/817_coordinate_optimizer_variable_depth_radius_seed13_target0_sources8_txrx60_ringdown0459375_objectives/data/system_scene_geometry_summary.json,outputs/experiments/817_coordinate_optimizer_variable_depth_radius_seed13_target0_sources8_txrx60_ringdown0459375_objectives/figures/FIGURE_NOTES.md,1771,1064,2081,0.6318097969372896
816,outputs/experiments/816_coordinate_optimizer_variable_depth_radius_seed13_target2_sources9_txrx60_ringdown0459375_objectives,outputs/experiments/816_coordinate_optimizer_variable_depth_radius_seed13_target2_sources9_txrx60_ringdown0459375_objectives/data/multi_rebar_coordinate_optimizer_summary.json,refreshed,refresh requested,outputs/experiments/816_coordinate_optimizer_variable_depth_radius_seed13_target2_sources9_txrx60_ringdown0459375_objectives/figures/system_scene_geometry.png,outputs/experiments/816_coordinate_optimizer_variable_depth_radius_seed13_target2_sources9_txrx60_ringdown0459375_objectives/data/system_scene_geometry_summary.json,outputs/experiments/816_coordinate_optimizer_variable_depth_radius_seed13_target2_sources9_txrx60_ringdown0459375_objectives/figures/FIGURE_NOTES.md,1771,1064,2164,0.6317211719303907
815,outputs/experiments/815_stronger_ringdown_seed13_target1_threshold_summary,,skipped,no compatible coordinate optimizer summary,,,,,,,
814,outputs/experiments/814_coordinate_optimizer_variable_depth_radius_seed13_target1_sources9_txrx60_ringdown0459375_objectives,outputs/experiments/814_coordinate_optimizer_variable_depth_radius_seed13_target1_sources9_txrx60_ringdown0459375_objectives/data/multi_rebar_coordinate_optimizer_summary.json,refreshed,refresh requested,outputs/experiments/814_coordinate_optimizer_variable_depth_radius_seed13_target1_sources9_txrx60_ringdown0459375_objectives/figures/system_scene_geometry.png,outputs/experiments/814_coordinate_optimizer_variable_depth_radius_seed13_target1_sources9_txrx60_ringdown0459375_objectives/data/system_scene_geometry_summary.json,outputs/experiments/814_coordinate_optimizer_variable_depth_radius_seed13_target1_sources9_txrx60_ringdown0459375_objectives/figures/FIGURE_NOTES.md,1771,1064,2097,0.6316930454311952
813,outputs/experiments/813_coordinate_optimizer_variable_depth_radius_seed13_target1_sources9_txrx60_ringdown045625_objectives,outputs/experiments/813_coordinate_optimizer_variable_depth_radius_seed13_target1_sources9_txrx60_ringdown045625_objectives/data/multi_rebar_coordinate_optimizer_summary.json,refreshed,refresh requested,outputs/experiments/813_coordinate_optimizer_variable_depth_radius_seed13_target1_sources9_txrx60_ringdown045625_objectives/figures/system_scene_geometry.png,outputs/experiments/813_coordinate_optimizer_variable_depth_radius_seed13_target1_sources9_txrx60_ringdown045625_objectives/data/system_scene_geometry_summary.json,outputs/experiments/813_coordinate_optimizer_variable_depth_radius_seed13_target1_sources9_txrx60_ringdown045625_objectives/figures/FIGURE_NOTES.md,1760,1064,2099,0.6353506279904306
812,outputs/experiments/812_coordinate_optimizer_variable_depth_radius_seed13_target1_sources9_txrx60_ringdown04625_objectives,outputs/experiments/812_coordinate_optimizer_variable_depth_radius_seed13_target1_sources9_txrx60_ringdown04625_objectives/data/multi_rebar_coordinate_optimizer_summary.json,refreshed,refresh requested,outputs/experiments/812_coordinate_optimizer_variable_depth_radius_seed13_target1_sources9_txrx60_ringdown04625_objectives/figures/system_scene_geometry.png,outputs/experiments/812_coordinate_optimizer_variable_depth_radius_seed13_target1_sources9_txrx60_ringdown04625_objectives/data/system_scene_geometry_summary.json,outputs/experiments/812_coordinate_optimizer_variable_depth_radius_seed13_target1_sources9_txrx60_ringdown04625_objectives/figures/FIGURE_NOTES.md,1759,1064,2061,0.6355905397376329
811,outputs/experiments/811_coordinate_optimizer_variable_depth_radius_seed13_target1_sources9_txrx60_ringdown0475_objectives,outputs/experiments/811_coordinate_optimizer_variable_depth_radius_seed13_target1_sources9_txrx60_ringdown0475_objectives/data/multi_rebar_coordinate_optimizer_summary.json,refreshed,refresh requested,outputs/experiments/811_coordinate_optimizer_variable_depth_radius_seed13_target1_sources9_txrx60_ringdown0475_objectives/figures/system_scene_geometry.png,outputs/experiments/811_coordinate_optimizer_variable_depth_radius_seed13_target1_sources9_txrx60_ringdown0475_objectives/data/system_scene_geometry_summary.json,outputs/experiments/811_coordinate_optimizer_variable_depth_radius_seed13_target1_sources9_txrx60_ringdown0475_objectives/figures/FIGURE_NOTES.md,1757,1064,2070,0.6366109140238188
810,outputs/experiments/810_coordinate_optimizer_variable_depth_radius_seed13_target1_sources9_txrx60_ringdown050_objectives,outputs/experiments/810_coordinate_optimizer_variable_depth_radius_seed13_target1_sources9_txrx60_ringdown050_objectives/data/multi_rebar_coordinate_optimizer_summary.json,refreshed,refresh requested,outputs/experiments/810_coordinate_optimizer_variable_depth_radius_seed13_target1_sources9_txrx60_ringdown050_objectives/figures/system_scene_geometry.png,outputs/experiments/810_coordinate_optimizer_variable_depth_radius_seed13_target1_sources9_txrx60_ringdown050_objectives/data/system_scene_geometry_summary.json,outputs/experiments/810_coordinate_optimizer_variable_depth_radius_seed13_target1_sources9_txrx60_ringdown050_objectives/figures/FIGURE_NOTES.md,1750,1064,2099,0.6385735767991407
809,outputs/experiments/809_coordinate_optimizer_variable_depth_radius_seed13_target1_sources9_txrx60_ringdown045_objectives,outputs/experiments/809_coordinate_optimizer_variable_depth_radius_seed13_target1_sources9_txrx60_ringdown045_objectives/data/multi_rebar_coordinate_optimizer_summary.json,refreshed,refresh requested,outputs/experiments/809_coordinate_optimizer_variable_depth_radius_seed13_target1_sources9_txrx60_ringdown045_objectives/figures/system_scene_geometry.png,outputs/experiments/809_coordinate_optimizer_variable_depth_radius_seed13_target1_sources9_txrx60_ringdown045_objectives/data/system_scene_geometry_summary.json,outputs/experiments/809_coordinate_optimizer_variable_depth_radius_seed13_target1_sources9_txrx60_ringdown045_objectives/figures/FIGURE_NOTES.md,1750,1064,2099,0.6385520945220193
808,outputs/experiments/808_three_seed_target_specific_txrx60_ringdown035_policy_summary,,skipped,no compatible coordinate optimizer summary,,,,,,,
807,outputs/experiments/807_coordinate_optimizer_variable_depth_radius_seed13_target2_sources9_txrx60_ringdown035_objectives,outputs/experiments/807_coordinate_optimizer_variable_depth_radius_seed13_target2_sources9_txrx60_ringdown035_objectives/data/multi_rebar_coordinate_optimizer_summary.json,refreshed,refresh requested,outputs/experiments/807_coordinate_optimizer_variable_depth_radius_seed13_target2_sources9_txrx60_ringdown035_objectives/figures/system_scene_geometry.png,outputs/experiments/807_coordinate_optimizer_variable_depth_radius_seed13_target2_sources9_txrx60_ringdown035_objectives/data/system_scene_geometry_summary.json,outputs/experiments/807_coordinate_optimizer_variable_depth_radius_seed13_target2_sources9_txrx60_ringdown035_objectives/figures/FIGURE_NOTES.md,1750,1064,2133,0.6385816326530612
806,outputs/experiments/806_coordinate_optimizer_variable_depth_radius_seed13_target1_sources9_txrx60_ringdown035_objectives,outputs/experiments/806_coordinate_optimizer_variable_depth_radius_seed13_target1_sources9_txrx60_ringdown035_objectives/data/multi_rebar_coordinate_optimizer_summary.json,refreshed,refresh requested,outputs/experiments/806_coordinate_optimizer_variable_depth_radius_seed13_target1_sources9_txrx60_ringdown035_objectives/figures/system_scene_geometry.png,outputs/experiments/806_coordinate_optimizer_variable_depth_radius_seed13_target1_sources9_txrx60_ringdown035_objectives/data/system_scene_geometry_summary.json,outputs/experiments/806_coordinate_optimizer_variable_depth_radius_seed13_target1_sources9_txrx60_ringdown035_objectives/figures/FIGURE_NOTES.md,1750,1064,2116,0.6385542427497315
805,outputs/experiments/805_coordinate_optimizer_variable_depth_radius_seed13_target0_sources8_txrx60_ringdown035_objectives,outputs/experiments/805_coordinate_optimizer_variable_depth_radius_seed13_target0_sources8_txrx60_ringdown035_objectives/data/multi_rebar_coordinate_optimizer_summary.json,refreshed,refresh requested,outputs/experiments/805_coordinate_optimizer_variable_depth_radius_seed13_target0_sources8_txrx60_ringdown035_objectives/figures/system_scene_geometry.png,outputs/experiments/805_coordinate_optimizer_variable_depth_radius_seed13_target0_sources8_txrx60_ringdown035_objectives/data/system_scene_geometry_summary.json,outputs/experiments/805_coordinate_optimizer_variable_depth_radius_seed13_target0_sources8_txrx60_ringdown035_objectives/figures/FIGURE_NOTES.md,1750,1064,2129,0.638671858216971
804,outputs/experiments/804_coordinate_optimizer_variable_depth_radius_seed21_target2_sources9_txrx60_ringdown035_objectives,outputs/experiments/804_coordinate_optimizer_variable_depth_radius_seed21_target2_sources9_txrx60_ringdown035_objectives/data/multi_rebar_coordinate_optimizer_summary.json,refreshed,refresh requested,outputs/experiments/804_coordinate_optimizer_variable_depth_radius_seed21_target2_sources9_txrx60_ringdown035_objectives/figures/system_scene_geometry.png,outputs/experiments/804_coordinate_optimizer_variable_depth_radius_seed21_target2_sources9_txrx60_ringdown035_objectives/data/system_scene_geometry_summary.json,outputs/experiments/804_coordinate_optimizer_variable_depth_radius_seed21_target2_sources9_txrx60_ringdown035_objectives/figures/FIGURE_NOTES.md,1749,1064,2097,0.6389290120670458
803,outputs/experiments/803_coordinate_optimizer_variable_depth_radius_seed21_target1_sources9_txrx60_ringdown035_objectives,outputs/experiments/803_coordinate_optimizer_variable_depth_radius_seed21_target1_sources9_txrx60_ringdown035_objectives/data/multi_rebar_coordinate_optimizer_summary.json,refreshed,refresh requested,outputs/experiments/803_coordinate_optimizer_variable_depth_radius_seed21_target1_sources9_txrx60_ringdown035_objectives/figures/system_scene_geometry.png,outputs/experiments/803_coordinate_optimizer_variable_depth_radius_seed21_target1_sources9_txrx60_ringdown035_objectives/data/system_scene_geometry_summary.json,outputs/experiments/803_coordinate_optimizer_variable_depth_radius_seed21_target1_sources9_txrx60_ringdown035_objectives/figures/FIGURE_NOTES.md,1750,1064,2104,0.6385520945220193
802,outputs/experiments/802_coordinate_optimizer_variable_depth_radius_seed21_target0_sources8_txrx60_ringdown035_objectives,outputs/experiments/802_coordinate_optimizer_variable_depth_radius_seed21_target0_sources8_txrx60_ringdown035_objectives/data/multi_rebar_coordinate_optimizer_summary.json,refreshed,refresh requested,outputs/experiments/802_coordinate_optimizer_variable_depth_radius_seed21_target0_sources8_txrx60_ringdown035_objectives/figures/system_scene_geometry.png,outputs/experiments/802_coordinate_optimizer_variable_depth_radius_seed21_target0_sources8_txrx60_ringdown035_objectives/data/system_scene_geometry_summary.json,outputs/experiments/802_coordinate_optimizer_variable_depth_radius_seed21_target0_sources8_txrx60_ringdown035_objectives/figures/FIGURE_NOTES.md,1750,1064,2117,0.6386702470461869
801,outputs/experiments/801_coordinate_optimizer_variable_depth_radius_seed89_alltargets_union15_txrx60_ringdown035_objectives,outputs/experiments/801_coordinate_optimizer_variable_depth_radius_seed89_alltargets_union15_txrx60_ringdown035_objectives/data/multi_rebar_coordinate_optimizer_summary.json,refreshed,refresh requested,outputs/experiments/801_coordinate_optimizer_variable_depth_radius_seed89_alltargets_union15_txrx60_ringdown035_objectives/figures/system_scene_geometry.png,outputs/experiments/801_coordinate_optimizer_variable_depth_radius_seed89_alltargets_union15_txrx60_ringdown035_objectives/data/system_scene_geometry_summary.json,outputs/experiments/801_coordinate_optimizer_variable_depth_radius_seed89_alltargets_union15_txrx60_ringdown035_objectives/figures/FIGURE_NOTES.md,1740,1064,2241,0.6426454066199982
800,outputs/experiments/800_coordinate_optimizer_variable_depth_radius_seed89_target0_sources9_txrx60p5_linear_receiver_ringdown035_objectives,outputs/experiments/800_coordinate_optimizer_variable_depth_radius_seed89_target0_sources9_txrx60p5_linear_receiver_ringdown035_objectives/data/multi_rebar_coordinate_optimizer_summary.json,refreshed,refresh requested,outputs/experiments/800_coordinate_optimizer_variable_depth_radius_seed89_target0_sources9_txrx60p5_linear_receiver_ringdown035_objectives/figures/system_scene_geometry.png,outputs/experiments/800_coordinate_optimizer_variable_depth_radius_seed89_target0_sources9_txrx60p5_linear_receiver_ringdown035_objectives/data/system_scene_geometry_summary.json,outputs/experiments/800_coordinate_optimizer_variable_depth_radius_seed89_target0_sources9_txrx60p5_linear_receiver_ringdown035_objectives/figures/FIGURE_NOTES.md,1716,1065,2140,0.6526138962758681
799,outputs/experiments/799_coordinate_optimizer_variable_depth_radius_seed89_target0_sources9_txrx60_linear_receiver_ringdown035_objectives,outputs/experiments/799_coordinate_optimizer_variable_depth_radius_seed89_target0_sources9_txrx60_linear_receiver_ringdown035_objectives/data/multi_rebar_coordinate_optimizer_summary.json,refreshed,refresh requested,outputs/experiments/799_coordinate_optimizer_variable_depth_radius_seed89_target0_sources9_txrx60_linear_receiver_ringdown035_objectives/figures/system_scene_geometry.png,outputs/experiments/799_coordinate_optimizer_variable_depth_radius_seed89_target0_sources9_txrx60_linear_receiver_ringdown035_objectives/data/system_scene_geometry_summary.json,outputs/experiments/799_coordinate_optimizer_variable_depth_radius_seed89_target0_sources9_txrx60_linear_receiver_ringdown035_objectives/figures/FIGURE_NOTES.md,1698,1065,2119,0.6596686518798697
798,outputs/experiments/798_coordinate_optimizer_variable_depth_radius_seed89_target1_sources8_txrx60_ringdown035_objectives,outputs/experiments/798_coordinate_optimizer_variable_depth_radius_seed89_target1_sources8_txrx60_ringdown035_objectives/data/multi_rebar_coordinate_optimizer_summary.json,refreshed,refresh requested,outputs/experiments/798_coordinate_optimizer_variable_depth_radius_seed89_target1_sources8_txrx60_ringdown035_objectives/figures/system_scene_geometry.png,outputs/experiments/798_coordinate_optimizer_variable_depth_radius_seed89_target1_sources8_txrx60_ringdown035_objectives/data/system_scene_geometry_summary.json,outputs/experiments/798_coordinate_optimizer_variable_depth_radius_seed89_target1_sources8_txrx60_ringdown035_objectives/figures/FIGURE_NOTES.md,1750,1064,2106,0.6386847475832438
797,outputs/experiments/797_coordinate_optimizer_variable_depth_radius_seed89_target0_sources9_txrx60_ringdown035_objectives,outputs/experiments/797_coordinate_optimizer_variable_depth_radius_seed89_target0_sources9_txrx60_ringdown035_objectives/data/multi_rebar_coordinate_optimizer_summary.json,refreshed,refresh requested,outputs/experiments/797_coordinate_optimizer_variable_depth_radius_seed89_target0_sources9_txrx60_ringdown035_objectives/figures/system_scene_geometry.png,outputs/experiments/797_coordinate_optimizer_variable_depth_radius_seed89_target0_sources9_txrx60_ringdown035_objectives/data/system_scene_geometry_summary.json,outputs/experiments/797_coordinate_optimizer_variable_depth_radius_seed89_target0_sources9_txrx60_ringdown035_objectives/figures/FIGURE_NOTES.md,1750,1064,2136,0.6387443609022556
796,outputs/experiments/796_coordinate_optimizer_variable_depth_radius_seed89_target2_sources9_txrx60_ringdown035_objectives,outputs/experiments/796_coordinate_optimizer_variable_depth_radius_seed89_target2_sources9_txrx60_ringdown035_objectives/data/multi_rebar_coordinate_optimizer_summary.json,refreshed,refresh requested,outputs/experiments/796_coordinate_optimizer_variable_depth_radius_seed89_target2_sources9_txrx60_ringdown035_objectives/figures/system_scene_geometry.png,outputs/experiments/796_coordinate_optimizer_variable_depth_radius_seed89_target2_sources9_txrx60_ringdown035_objectives/data/system_scene_geometry_summary.json,outputs/experiments/796_coordinate_optimizer_variable_depth_radius_seed89_target2_sources9_txrx60_ringdown035_objectives/figures/FIGURE_NOTES.md,1750,1064,2145,0.6386498388829216
795,outputs/experiments/795_coordinate_optimizer_variable_depth_radius_seed89_target0_sources8_txrx60_ringdown035_objectives,outputs/experiments/795_coordinate_optimizer_variable_depth_radius_seed89_target0_sources8_txrx60_ringdown035_objectives/data/multi_rebar_coordinate_optimizer_summary.json,refreshed,refresh requested,outputs/experiments/795_coordinate_optimizer_variable_depth_radius_seed89_target0_sources8_txrx60_ringdown035_objectives/figures/system_scene_geometry.png,outputs/experiments/795_coordinate_optimizer_variable_depth_radius_seed89_target0_sources8_txrx60_ringdown035_objectives/data/system_scene_geometry_summary.json,outputs/experiments/795_coordinate_optimizer_variable_depth_radius_seed89_target0_sources8_txrx60_ringdown035_objectives/figures/FIGURE_NOTES.md,1750,1064,2103,0.6387459720730397
794,outputs/experiments/794_coordinate_optimizer_variable_depth_radius_seed89_target1_sources9_txrx60_ringdown035_objectives,outputs/experiments/794_coordinate_optimizer_variable_depth_radius_seed89_target1_sources9_txrx60_ringdown035_objectives/data/multi_rebar_coordinate_optimizer_summary.json,refreshed,refresh requested,outputs/experiments/794_coordinate_optimizer_variable_depth_radius_seed89_target1_sources9_txrx60_ringdown035_objectives/figures/system_scene_geometry.png,outputs/experiments/794_coordinate_optimizer_variable_depth_radius_seed89_target1_sources9_txrx60_ringdown035_objectives/data/system_scene_geometry_summary.json,outputs/experiments/794_coordinate_optimizer_variable_depth_radius_seed89_target1_sources9_txrx60_ringdown035_objectives/figures/FIGURE_NOTES.md,1750,1064,2099,0.6386337271750806
793,outputs/experiments/793_coordinate_optimizer_variable_depth_radius_seed89_target1_custom_widecenter_txrx60_ringdown025_objectives,outputs/experiments/793_coordinate_optimizer_variable_depth_radius_seed89_target1_custom_widecenter_txrx60_ringdown025_objectives/data/multi_rebar_coordinate_optimizer_summary.json,refreshed,refresh requested,outputs/experiments/793_coordinate_optimizer_variable_depth_radius_seed89_target1_custom_widecenter_txrx60_ringdown025_objectives/figures/system_scene_geometry.png,outputs/experiments/793_coordinate_optimizer_variable_depth_radius_seed89_target1_custom_widecenter_txrx60_ringdown025_objectives/data/system_scene_geometry_summary.json,outputs/experiments/793_coordinate_optimizer_variable_depth_radius_seed89_target1_custom_widecenter_txrx60_ringdown025_objectives/figures/FIGURE_NOTES.md,1764,1065,2101,0.6340471399827536
792,outputs/experiments/792_coordinate_optimizer_variable_depth_radius_seed89_target1_custom8pluscenter_txrx60_ringdown025_objectives,outputs/experiments/792_coordinate_optimizer_variable_depth_radius_seed89_target1_custom8pluscenter_txrx60_ringdown025_objectives/data/multi_rebar_coordinate_optimizer_summary.json,refreshed,refresh requested,outputs/experiments/792_coordinate_optimizer_variable_depth_radius_seed89_target1_custom8pluscenter_txrx60_ringdown025_objectives/figures/system_scene_geometry.png,outputs/experiments/792_coordinate_optimizer_variable_depth_radius_seed89_target1_custom8pluscenter_txrx60_ringdown025_objectives/data/system_scene_geometry_summary.json,outputs/experiments/792_coordinate_optimizer_variable_depth_radius_seed89_target1_custom8pluscenter_txrx60_ringdown025_objectives/figures/FIGURE_NOTES.md,1761,1065,2115,0.6353437680788497
791,outputs/experiments/791_coordinate_optimizer_variable_depth_radius_seed89_target2_sources8_txrx60_ringdown025_objectives,outputs/experiments/791_coordinate_optimizer_variable_depth_radius_seed89_target2_sources8_txrx60_ringdown025_objectives/data/multi_rebar_coordinate_optimizer_summary.json,refreshed,refresh requested,outputs/experiments/791_coordinate_optimizer_variable_depth_radius_seed89_target2_sources8_txrx60_ringdown025_objectives/figures/system_scene_geometry.png,outputs/experiments/791_coordinate_optimizer_variable_depth_radius_seed89_target2_sources8_txrx60_ringdown025_objectives/data/system_scene_geometry_summary.json,outputs/experiments/791_coordinate_optimizer_variable_depth_radius_seed89_target2_sources8_txrx60_ringdown025_objectives/figures/FIGURE_NOTES.md,1749,1064,2069,0.6390708761612436
790,outputs/experiments/790_coordinate_optimizer_variable_depth_radius_seed89_target1_sources8_txrx60_ringdown025_objectives,outputs/experiments/790_coordinate_optimizer_variable_depth_radius_seed89_target1_sources8_txrx60_ringdown025_objectives/data/multi_rebar_coordinate_optimizer_summary.json,refreshed,refresh requested,outputs/experiments/790_coordinate_optimizer_variable_depth_radius_seed89_target1_sources8_txrx60_ringdown025_objectives/figures/system_scene_geometry.png,outputs/experiments/790_coordinate_optimizer_variable_depth_radius_seed89_target1_sources8_txrx60_ringdown025_objectives/data/system_scene_geometry_summary.json,outputs/experiments/790_coordinate_optimizer_variable_depth_radius_seed89_target1_sources8_txrx60_ringdown025_objectives/figures/FIGURE_NOTES.md,1750,1064,2090,0.6386793770139635
789,outputs/experiments/789_coordinate_optimizer_variable_depth_radius_seed89_target0_sources8_txrx60_ringdown025_objectives,outputs/experiments/789_coordinate_optimizer_variable_depth_radius_seed89_target0_sources8_txrx60_ringdown025_objectives/data/multi_rebar_coordinate_optimizer_summary.json,refreshed,refresh requested,outputs/experiments/789_coordinate_optimizer_variable_depth_radius_seed89_target0_sources8_txrx60_ringdown025_objectives/figures/system_scene_geometry.png,outputs/experiments/789_coordinate_optimizer_variable_depth_radius_seed89_target0_sources8_txrx60_ringdown025_objectives/data/system_scene_geometry_summary.json,outputs/experiments/789_coordinate_optimizer_variable_depth_radius_seed89_target0_sources8_txrx60_ringdown025_objectives/figures/FIGURE_NOTES.md,1750,1064,2129,0.6387486573576799
788,outputs/experiments/788_coordinate_optimizer_variable_depth_radius_seed89_target0_sources9_txrx60_ringdown025_objectives,outputs/experiments/788_coordinate_optimizer_variable_depth_radius_seed89_target0_sources9_txrx60_ringdown025_objectives/data/multi_rebar_coordinate_optimizer_summary.json,refreshed,refresh requested,outputs/experiments/788_coordinate_optimizer_variable_depth_radius_seed89_target0_sources9_txrx60_ringdown025_objectives/figures/system_scene_geometry.png,outputs/experiments/788_coordinate_optimizer_variable_depth_radius_seed89_target0_sources9_txrx60_ringdown025_objectives/data/system_scene_geometry_summary.json,outputs/experiments/788_coordinate_optimizer_variable_depth_radius_seed89_target0_sources9_txrx60_ringdown025_objectives/figures/FIGURE_NOTES.md,1750,1064,2125,0.6386911922663803
787,outputs/experiments/787_coordinate_optimizer_variable_depth_radius_seed89_target2_sources9_txrx60_ringdown025_objectives,outputs/experiments/787_coordinate_optimizer_variable_depth_radius_seed89_target2_sources9_txrx60_ringdown025_objectives/data/multi_rebar_coordinate_optimizer_summary.json,refreshed,refresh requested,outputs/experiments/787_coordinate_optimizer_variable_depth_radius_seed89_target2_sources9_txrx60_ringdown025_objectives/figures/system_scene_geometry.png,outputs/experiments/787_coordinate_optimizer_variable_depth_radius_seed89_target2_sources9_txrx60_ringdown025_objectives/data/system_scene_geometry_summary.json,outputs/experiments/787_coordinate_optimizer_variable_depth_radius_seed89_target2_sources9_txrx60_ringdown025_objectives/figures/FIGURE_NOTES.md,1750,1064,2133,0.6386444683136413
786,outputs/experiments/786_coordinate_optimizer_variable_depth_radius_seed89_target1_sources9_txrx60_ringdown025_objectives,outputs/experiments/786_coordinate_optimizer_variable_depth_radius_seed89_target1_sources9_txrx60_ringdown025_objectives/data/multi_rebar_coordinate_optimizer_summary.json,refreshed,refresh requested,outputs/experiments/786_coordinate_optimizer_variable_depth_radius_seed89_target1_sources9_txrx60_ringdown025_objectives/figures/system_scene_geometry.png,outputs/experiments/786_coordinate_optimizer_variable_depth_radius_seed89_target1_sources9_txrx60_ringdown025_objectives/data/system_scene_geometry_summary.json,outputs/experiments/786_coordinate_optimizer_variable_depth_radius_seed89_target1_sources9_txrx60_ringdown025_objectives/figures/FIGURE_NOTES.md,1750,1064,2116,0.6386364124597207
785,outputs/experiments/785_coordinate_optimizer_variable_depth_radius_seed89_target1_sources7_txrx60_ringdown025_objectives,outputs/experiments/785_coordinate_optimizer_variable_depth_radius_seed89_target1_sources7_txrx60_ringdown025_objectives/data/multi_rebar_coordinate_optimizer_summary.json,refreshed,refresh requested,outputs/experiments/785_coordinate_optimizer_variable_depth_radius_seed89_target1_sources7_txrx60_ringdown025_objectives/figures/system_scene_geometry.png,outputs/experiments/785_coordinate_optimizer_variable_depth_radius_seed89_target1_sources7_txrx60_ringdown025_objectives/data/system_scene_geometry_summary.json,outputs/experiments/785_coordinate_optimizer_variable_depth_radius_seed89_target1_sources7_txrx60_ringdown025_objectives/figures/FIGURE_NOTES.md,1750,1064,2065,0.6385451127819549
784,outputs/experiments/784_coordinate_optimizer_variable_depth_radius_seed89_target0_sources7_txrx60_ringdown025_objectives,outputs/experiments/784_coordinate_optimizer_variable_depth_radius_seed89_target0_sources7_txrx60_ringdown025_objectives/data/multi_rebar_coordinate_optimizer_summary.json,refreshed,refresh requested,outputs/experiments/784_coordinate_optimizer_variable_depth_radius_seed89_target0_sources7_txrx60_ringdown025_objectives/figures/system_scene_geometry.png,outputs/experiments/784_coordinate_optimizer_variable_depth_radius_seed89_target0_sources7_txrx60_ringdown025_objectives/data/system_scene_geometry_summary.json,outputs/experiments/784_coordinate_optimizer_variable_depth_radius_seed89_target0_sources7_txrx60_ringdown025_objectives/figures/FIGURE_NOTES.md,1750,1064,2101,0.638610096670247
783,outputs/experiments/783_coordinate_optimizer_variable_depth_radius_seed89_target2_sources7_txrx60_ringdown025_objectives,outputs/experiments/783_coordinate_optimizer_variable_depth_radius_seed89_target2_sources7_txrx60_ringdown025_objectives/data/multi_rebar_coordinate_optimizer_summary.json,refreshed,refresh requested,outputs/experiments/783_coordinate_optimizer_variable_depth_radius_seed89_target2_sources7_txrx60_ringdown025_objectives/figures/system_scene_geometry.png,outputs/experiments/783_coordinate_optimizer_variable_depth_radius_seed89_target2_sources7_txrx60_ringdown025_objectives/data/system_scene_geometry_summary.json,outputs/experiments/783_coordinate_optimizer_variable_depth_radius_seed89_target2_sources7_txrx60_ringdown025_objectives/figures/FIGURE_NOTES.md,1749,1064,2060,0.638935460434964
782,outputs/experiments/782_coordinate_optimizer_variable_depth_radius_seed89_target2_sources7_txrx50p3125_linear_receiver_ringdown035_objectives,outputs/experiments/782_coordinate_optimizer_variable_depth_radius_seed89_target2_sources7_txrx50p3125_linear_receiver_ringdown035_objectives/data/multi_rebar_coordinate_optimizer_summary.json,refreshed,refresh requested,outputs/experiments/782_coordinate_optimizer_variable_depth_radius_seed89_target2_sources7_txrx50p3125_linear_receiver_ringdown035_objectives/figures/system_scene_geometry.png,outputs/experiments/782_coordinate_optimizer_variable_depth_radius_seed89_target2_sources7_txrx50p3125_linear_receiver_ringdown035_objectives/data/system_scene_geometry_summary.json,outputs/experiments/782_coordinate_optimizer_variable_depth_radius_seed89_target2_sources7_txrx50p3125_linear_receiver_ringdown035_objectives/figures/FIGURE_NOTES.md,1728,1065,2106,0.648253021213702
781,outputs/experiments/781_coordinate_optimizer_variable_depth_radius_seed89_target2_sources9_txrx50p3125_linear_receiver_ringdown025_objectives,outputs/experiments/781_coordinate_optimizer_variable_depth_radius_seed89_target2_sources9_txrx50p3125_linear_receiver_ringdown025_objectives/data/multi_rebar_coordinate_optimizer_summary.json,refreshed,refresh requested,outputs/experiments/781_coordinate_optimizer_variable_depth_radius_seed89_target2_sources9_txrx50p3125_linear_receiver_ringdown025_objectives/figures/system_scene_geometry.png,outputs/experiments/781_coordinate_optimizer_variable_depth_radius_seed89_target2_sources9_txrx50p3125_linear_receiver_ringdown025_objectives/data/system_scene_geometry_summary.json,outputs/experiments/781_coordinate_optimizer_variable_depth_radius_seed89_target2_sources9_txrx50p3125_linear_receiver_ringdown025_objectives/figures/FIGURE_NOTES.md,1728,1065,2132,0.6483720222569987
780,outputs/experiments/780_coordinate_optimizer_variable_depth_radius_seed89_target2_sources7_txrx50p3125_linear_receiver_ringdown025_objectives,outputs/experiments/780_coordinate_optimizer_variable_depth_radius_seed89_target2_sources7_txrx50p3125_linear_receiver_ringdown025_objectives/data/multi_rebar_coordinate_optimizer_summary.json,refreshed,refresh requested,outputs/experiments/780_coordinate_optimizer_variable_depth_radius_seed89_target2_sources7_txrx50p3125_linear_receiver_ringdown025_objectives/figures/system_scene_geometry.png,outputs/experiments/780_coordinate_optimizer_variable_depth_radius_seed89_target2_sources7_txrx50p3125_linear_receiver_ringdown025_objectives/data/system_scene_geometry_summary.json,outputs/experiments/780_coordinate_optimizer_variable_depth_radius_seed89_target2_sources7_txrx50p3125_linear_receiver_ringdown025_objectives/figures/FIGURE_NOTES.md,1728,1065,2106,0.6482503042949053
779,outputs/experiments/779_coordinate_optimizer_variable_depth_radius_seed89_target2_txrx50p3125_linear_receiver_ringdown035_objectives,outputs/experiments/779_coordinate_optimizer_variable_depth_radius_seed89_target2_txrx50p3125_linear_receiver_ringdown035_objectives/data/multi_rebar_coordinate_optimizer_summary.json,refreshed,refresh requested,outputs/experiments/779_coordinate_optimizer_variable_depth_radius_seed89_target2_txrx50p3125_linear_receiver_ringdown035_objectives/figures/system_scene_geometry.png,outputs/experiments/779_coordinate_optimizer_variable_depth_radius_seed89_target2_txrx50p3125_linear_receiver_ringdown035_objectives/data/system_scene_geometry_summary.json,outputs/experiments/779_coordinate_optimizer_variable_depth_radius_seed89_target2_txrx50p3125_linear_receiver_ringdown035_objectives/figures/FIGURE_NOTES.md,1722,1065,2090,0.6495765923454003
778,outputs/experiments/778_seed89_target_linear_receiver_summary,,skipped,no compatible coordinate optimizer summary,,,,,,,
777,outputs/experiments/777_coordinate_optimizer_variable_depth_radius_seed89_target0_txrx50p3125_linear_receiver_ringdown025_objectives,outputs/experiments/777_coordinate_optimizer_variable_depth_radius_seed89_target0_txrx50p3125_linear_receiver_ringdown025_objectives/data/multi_rebar_coordinate_optimizer_summary.json,refreshed,refresh requested,outputs/experiments/777_coordinate_optimizer_variable_depth_radius_seed89_target0_txrx50p3125_linear_receiver_ringdown025_objectives/figures/system_scene_geometry.png,outputs/experiments/777_coordinate_optimizer_variable_depth_radius_seed89_target0_txrx50p3125_linear_receiver_ringdown025_objectives/data/system_scene_geometry_summary.json,outputs/experiments/777_coordinate_optimizer_variable_depth_radius_seed89_target0_txrx50p3125_linear_receiver_ringdown025_objectives/figures/FIGURE_NOTES.md,1722,1065,2078,0.6496234861744996
776,outputs/experiments/776_coordinate_optimizer_variable_depth_radius_seed89_target1_txrx50p3125_linear_receiver_ringdown025_objectives,outputs/experiments/776_coordinate_optimizer_variable_depth_radius_seed89_target1_txrx50p3125_linear_receiver_ringdown025_objectives/data/multi_rebar_coordinate_optimizer_summary.json,refreshed,refresh requested,outputs/experiments/776_coordinate_optimizer_variable_depth_radius_seed89_target1_txrx50p3125_linear_receiver_ringdown025_objectives/figures/system_scene_geometry.png,outputs/experiments/776_coordinate_optimizer_variable_depth_radius_seed89_target1_txrx50p3125_linear_receiver_ringdown025_objectives/data/system_scene_geometry_summary.json,outputs/experiments/776_coordinate_optimizer_variable_depth_radius_seed89_target1_txrx50p3125_linear_receiver_ringdown025_objectives/figures/FIGURE_NOTES.md,1722,1065,2076,0.6495580529245937
775,outputs/experiments/775_three_seed_cross_seed_linear_receiver_summary,,skipped,no compatible coordinate optimizer summary,,,,,,,
774,outputs/experiments/774_coordinate_optimizer_variable_depth_radius_seed13_target2_txrx50p3125_linear_receiver_ringdown025_objectives,outputs/experiments/774_coordinate_optimizer_variable_depth_radius_seed13_target2_txrx50p3125_linear_receiver_ringdown025_objectives/data/multi_rebar_coordinate_optimizer_summary.json,refreshed,refresh requested,outputs/experiments/774_coordinate_optimizer_variable_depth_radius_seed13_target2_txrx50p3125_linear_receiver_ringdown025_objectives/figures/system_scene_geometry.png,outputs/experiments/774_coordinate_optimizer_variable_depth_radius_seed13_target2_txrx50p3125_linear_receiver_ringdown025_objectives/data/system_scene_geometry_summary.json,outputs/experiments/774_coordinate_optimizer_variable_depth_radius_seed13_target2_txrx50p3125_linear_receiver_ringdown025_objectives/figures/FIGURE_NOTES.md,1722,1065,2059,0.6494686274830556
773,outputs/experiments/773_cross_seed_linear_receiver_summary,,skipped,no compatible coordinate optimizer summary,,,,,,,
772,outputs/experiments/772_coordinate_optimizer_variable_depth_radius_seed21_target2_txrx50p3125_linear_receiver_ringdown025_objectives,outputs/experiments/772_coordinate_optimizer_variable_depth_radius_seed21_target2_txrx50p3125_linear_receiver_ringdown025_objectives/data/multi_rebar_coordinate_optimizer_summary.json,refreshed,refresh requested,outputs/experiments/772_coordinate_optimizer_variable_depth_radius_seed21_target2_txrx50p3125_linear_receiver_ringdown025_objectives/figures/system_scene_geometry.png,outputs/experiments/772_coordinate_optimizer_variable_depth_radius_seed21_target2_txrx50p3125_linear_receiver_ringdown025_objectives/data/system_scene_geometry_summary.json,outputs/experiments/772_coordinate_optimizer_variable_depth_radius_seed21_target2_txrx50p3125_linear_receiver_ringdown025_objectives/figures/FIGURE_NOTES.md,1721,1065,2077,0.6498962007567388
771,outputs/experiments/771_coordinate_optimizer_variable_depth_radius_seed21_target2_txrx50p0390625_linear_receiver_ringdown025_objectives,outputs/experiments/771_coordinate_optimizer_variable_depth_radius_seed21_target2_txrx50p0390625_linear_receiver_ringdown025_objectives/data/multi_rebar_coordinate_optimizer_summary.json,refreshed,refresh requested,outputs/experiments/771_coordinate_optimizer_variable_depth_radius_seed21_target2_txrx50p0390625_linear_receiver_ringdown025_objectives/figures/system_scene_geometry.png,outputs/experiments/771_coordinate_optimizer_variable_depth_radius_seed21_target2_txrx50p0390625_linear_receiver_ringdown025_objectives/data/system_scene_geometry_summary.json,outputs/experiments/771_coordinate_optimizer_variable_depth_radius_seed21_target2_txrx50p0390625_linear_receiver_ringdown025_objectives/figures/FIGURE_NOTES.md,1721,1065,2099,0.650597288943812
770,outputs/experiments/770_linear_receiver_threshold_final_summary,,skipped,no compatible coordinate optimizer summary,,,,,,,
769,outputs/experiments/769_coordinate_optimizer_variable_depth_radius_seed89_target2_txrx50p0390625_linear_receiver_ringdown025_objectives,outputs/experiments/769_coordinate_optimizer_variable_depth_radius_seed89_target2_txrx50p0390625_linear_receiver_ringdown025_objectives/data/multi_rebar_coordinate_optimizer_summary.json,refreshed,refresh requested,outputs/experiments/769_coordinate_optimizer_variable_depth_radius_seed89_target2_txrx50p0390625_linear_receiver_ringdown025_objectives/figures/system_scene_geometry.png,outputs/experiments/769_coordinate_optimizer_variable_depth_radius_seed89_target2_txrx50p0390625_linear_receiver_ringdown025_objectives/data/system_scene_geometry_summary.json,outputs/experiments/769_coordinate_optimizer_variable_depth_radius_seed89_target2_txrx50p0390625_linear_receiver_ringdown025_objectives/figures/FIGURE_NOTES.md,1721,1065,2094,0.6506889487223554
768,outputs/experiments/768_linear_receiver_threshold_summary,,skipped,no compatible coordinate optimizer summary,,,,,,,
767,outputs/experiments/767_coordinate_optimizer_variable_depth_radius_seed89_target2_txrx50p078125_linear_receiver_ringdown025_objectives,outputs/experiments/767_coordinate_optimizer_variable_depth_radius_seed89_target2_txrx50p078125_linear_receiver_ringdown025_objectives/data/multi_rebar_coordinate_optimizer_summary.json,refreshed,refresh requested,outputs/experiments/767_coordinate_optimizer_variable_depth_radius_seed89_target2_txrx50p078125_linear_receiver_ringdown025_objectives/figures/system_scene_geometry.png,outputs/experiments/767_coordinate_optimizer_variable_depth_radius_seed89_target2_txrx50p078125_linear_receiver_ringdown025_objectives/data/system_scene_geometry_summary.json,outputs/experiments/767_coordinate_optimizer_variable_depth_radius_seed89_target2_txrx50p078125_linear_receiver_ringdown025_objectives/figures/FIGURE_NOTES.md,1721,1065,2052,0.6502557471499537
766,outputs/experiments/766_coordinate_optimizer_variable_depth_radius_seed89_target2_txrx50p15625_linear_receiver_ringdown025_objectives,outputs/experiments/766_coordinate_optimizer_variable_depth_radius_seed89_target2_txrx50p15625_linear_receiver_ringdown025_objectives/data/multi_rebar_coordinate_optimizer_summary.json,refreshed,refresh requested,outputs/experiments/766_coordinate_optimizer_variable_depth_radius_seed89_target2_txrx50p15625_linear_receiver_ringdown025_objectives/figures/system_scene_geometry.png,outputs/experiments/766_coordinate_optimizer_variable_depth_radius_seed89_target2_txrx50p15625_linear_receiver_ringdown025_objectives/data/system_scene_geometry_summary.json,outputs/experiments/766_coordinate_optimizer_variable_depth_radius_seed89_target2_txrx50p15625_linear_receiver_ringdown025_objectives/figures/FIGURE_NOTES.md,1722,1065,2077,0.6497385396389175
765,outputs/experiments/765_coordinate_optimizer_variable_depth_radius_seed89_target2_txrx50p3125_linear_receiver_ringdown025_objectives,outputs/experiments/765_coordinate_optimizer_variable_depth_radius_seed89_target2_txrx50p3125_linear_receiver_ringdown025_objectives/data/multi_rebar_coordinate_optimizer_summary.json,refreshed,refresh requested,outputs/experiments/765_coordinate_optimizer_variable_depth_radius_seed89_target2_txrx50p3125_linear_receiver_ringdown025_objectives/figures/system_scene_geometry.png,outputs/experiments/765_coordinate_optimizer_variable_depth_radius_seed89_target2_txrx50p3125_linear_receiver_ringdown025_objectives/data/system_scene_geometry_summary.json,outputs/experiments/765_coordinate_optimizer_variable_depth_radius_seed89_target2_txrx50p3125_linear_receiver_ringdown025_objectives/figures/FIGURE_NOTES.md,1722,1065,2090,0.6495602340329238
764,outputs/experiments/764_txrx_target2_threshold_summary,,skipped,no compatible coordinate optimizer summary,,,,,,,
763,outputs/experiments/763_coordinate_optimizer_variable_depth_radius_seed89_target2_txrx50p625_ringdown025_objectives,outputs/experiments/763_coordinate_optimizer_variable_depth_radius_seed89_target2_txrx50p625_ringdown025_objectives/data/multi_rebar_coordinate_optimizer_summary.json,refreshed,refresh requested,outputs/experiments/763_coordinate_optimizer_variable_depth_radius_seed89_target2_txrx50p625_ringdown025_objectives/figures/system_scene_geometry.png,outputs/experiments/763_coordinate_optimizer_variable_depth_radius_seed89_target2_txrx50p625_ringdown025_objectives/data/system_scene_geometry_summary.json,outputs/experiments/763_coordinate_optimizer_variable_depth_radius_seed89_target2_txrx50p625_ringdown025_objectives/figures/FIGURE_NOTES.md,1735,1030,2090,0.6652041073277188
762,outputs/experiments/762_coordinate_optimizer_variable_depth_radius_seed89_target2_txrx51p25_ringdown025_objectives,outputs/experiments/762_coordinate_optimizer_variable_depth_radius_seed89_target2_txrx51p25_ringdown025_objectives/data/multi_rebar_coordinate_optimizer_summary.json,refreshed,refresh requested,outputs/experiments/762_coordinate_optimizer_variable_depth_radius_seed89_target2_txrx51p25_ringdown025_objectives/figures/system_scene_geometry.png,outputs/experiments/762_coordinate_optimizer_variable_depth_radius_seed89_target2_txrx51p25_ringdown025_objectives/data/system_scene_geometry_summary.json,outputs/experiments/762_coordinate_optimizer_variable_depth_radius_seed89_target2_txrx51p25_ringdown025_objectives/figures/FIGURE_NOTES.md,1713,1030,2095,0.6734219758670136
761,outputs/experiments/761_coordinate_optimizer_variable_depth_radius_seed89_target2_txrx52p5_ringdown025_objectives,outputs/experiments/761_coordinate_optimizer_variable_depth_radius_seed89_target2_txrx52p5_ringdown025_objectives/data/multi_rebar_coordinate_optimizer_summary.json,refreshed,refresh requested,outputs/experiments/761_coordinate_optimizer_variable_depth_radius_seed89_target2_txrx52p5_ringdown025_objectives/figures/system_scene_geometry.png,outputs/experiments/761_coordinate_optimizer_variable_depth_radius_seed89_target2_txrx52p5_ringdown025_objectives/data/system_scene_geometry_summary.json,outputs/experiments/761_coordinate_optimizer_variable_depth_radius_seed89_target2_txrx52p5_ringdown025_objectives/figures/FIGURE_NOTES.md,1692,1030,2118,0.6815132318850559
760,outputs/experiments/760_coordinate_optimizer_variable_depth_radius_seed89_target2_txrx55_ringdown025_objectives,outputs/experiments/760_coordinate_optimizer_variable_depth_radius_seed89_target2_txrx55_ringdown025_objectives/data/multi_rebar_coordinate_optimizer_summary.json,refreshed,refresh requested,outputs/experiments/760_coordinate_optimizer_variable_depth_radius_seed89_target2_txrx55_ringdown025_objectives/figures/system_scene_geometry.png,outputs/experiments/760_coordinate_optimizer_variable_depth_radius_seed89_target2_txrx55_ringdown025_objectives/data/system_scene_geometry_summary.json,outputs/experiments/760_coordinate_optimizer_variable_depth_radius_seed89_target2_txrx55_ringdown025_objectives/figures/FIGURE_NOTES.md,1648,1030,2082,0.6994880525968518
759,outputs/experiments/759_coordinate_optimizer_variable_depth_radius_seed89_target2_txrx60_ringdown025_fine_radius_objectives,outputs/experiments/759_coordinate_optimizer_variable_depth_radius_seed89_target2_txrx60_ringdown025_fine_radius_objectives/data/multi_rebar_coordinate_optimizer_summary.json,refreshed,refresh requested,outputs/experiments/759_coordinate_optimizer_variable_depth_radius_seed89_target2_txrx60_ringdown025_fine_radius_objectives/figures/system_scene_geometry.png,outputs/experiments/759_coordinate_optimizer_variable_depth_radius_seed89_target2_txrx60_ringdown025_fine_radius_objectives/data/system_scene_geometry_summary.json,outputs/experiments/759_coordinate_optimizer_variable_depth_radius_seed89_target2_txrx60_ringdown025_fine_radius_objectives/figures/FIGURE_NOTES.md,1731,1064,2098,0.646026895662032
758,outputs/experiments/758_cross_txrx_condition_fitted_ringdown_summary,,skipped,no compatible coordinate optimizer summary,,,,,,,
757,outputs/experiments/757_txrx60_fitted_ringdown_all_target_summary,,skipped,no compatible coordinate optimizer summary,,,,,,,
756,outputs/experiments/756_coordinate_optimizer_variable_depth_radius_seed89_target0_txrx60_ringdown025_objectives,outputs/experiments/756_coordinate_optimizer_variable_depth_radius_seed89_target0_txrx60_ringdown025_objectives/data/multi_rebar_coordinate_optimizer_summary.json,refreshed,refresh requested,outputs/experiments/756_coordinate_optimizer_variable_depth_radius_seed89_target0_txrx60_ringdown025_objectives/figures/system_scene_geometry.png,outputs/experiments/756_coordinate_optimizer_variable_depth_radius_seed89_target0_txrx60_ringdown025_objectives/data/system_scene_geometry_summary.json,outputs/experiments/756_coordinate_optimizer_variable_depth_radius_seed89_target0_txrx60_ringdown025_objectives/figures/FIGURE_NOTES.md,1649,1030,2109,0.6993399942301012
755,outputs/experiments/755_coordinate_optimizer_variable_depth_radius_seed89_target2_txrx60_ringdown025_objectives,outputs/experiments/755_coordinate_optimizer_variable_depth_radius_seed89_target2_txrx60_ringdown025_objectives/data/multi_rebar_coordinate_optimizer_summary.json,refreshed,refresh requested,outputs/experiments/755_coordinate_optimizer_variable_depth_radius_seed89_target2_txrx60_ringdown025_objectives/figures/system_scene_geometry.png,outputs/experiments/755_coordinate_optimizer_variable_depth_radius_seed89_target2_txrx60_ringdown025_objectives/data/system_scene_geometry_summary.json,outputs/experiments/755_coordinate_optimizer_variable_depth_radius_seed89_target2_txrx60_ringdown025_objectives/figures/FIGURE_NOTES.md,1648,1030,2043,0.7000630361014233
754,outputs/experiments/754_coordinate_optimizer_variable_depth_radius_seed89_target1_txrx60_ringdown025_objectives,outputs/experiments/754_coordinate_optimizer_variable_depth_radius_seed89_target1_txrx60_ringdown025_objectives/data/multi_rebar_coordinate_optimizer_summary.json,refreshed,refresh requested,outputs/experiments/754_coordinate_optimizer_variable_depth_radius_seed89_target1_txrx60_ringdown025_objectives/figures/system_scene_geometry.png,outputs/experiments/754_coordinate_optimizer_variable_depth_radius_seed89_target1_txrx60_ringdown025_objectives/data/system_scene_geometry_summary.json,outputs/experiments/754_coordinate_optimizer_variable_depth_radius_seed89_target1_txrx60_ringdown025_objectives/figures/FIGURE_NOTES.md,1649,1030,2074,0.6992716974688985
753,outputs/experiments/753_cross_condition_fitted_ringdown_summary,,skipped,no compatible coordinate optimizer summary,,,,,,,
752,outputs/experiments/752_ringdown035_fitted_ringdown_all_target_summary,,skipped,no compatible coordinate optimizer summary,,,,,,,
751,outputs/experiments/751_coordinate_optimizer_variable_depth_radius_seed89_target0_txrx50_ringdown035_objectives,outputs/experiments/751_coordinate_optimizer_variable_depth_radius_seed89_target0_txrx50_ringdown035_objectives/data/multi_rebar_coordinate_optimizer_summary.json,refreshed,refresh requested,outputs/experiments/751_coordinate_optimizer_variable_depth_radius_seed89_target0_txrx50_ringdown035_objectives/figures/system_scene_geometry.png,outputs/experiments/751_coordinate_optimizer_variable_depth_radius_seed89_target0_txrx50_ringdown035_objectives/data/system_scene_geometry_summary.json,outputs/experiments/751_coordinate_optimizer_variable_depth_radius_seed89_target0_txrx50_ringdown035_objectives/figures/FIGURE_NOTES.md,1649,1030,2022,0.6992817064770058
750,outputs/experiments/750_coordinate_optimizer_variable_depth_radius_seed89_target2_txrx50_ringdown035_objectives,outputs/experiments/750_coordinate_optimizer_variable_depth_radius_seed89_target2_txrx50_ringdown035_objectives/data/multi_rebar_coordinate_optimizer_summary.json,refreshed,refresh requested,outputs/experiments/750_coordinate_optimizer_variable_depth_radius_seed89_target2_txrx50_ringdown035_objectives/figures/system_scene_geometry.png,outputs/experiments/750_coordinate_optimizer_variable_depth_radius_seed89_target2_txrx50_ringdown035_objectives/data/system_scene_geometry_summary.json,outputs/experiments/750_coordinate_optimizer_variable_depth_radius_seed89_target2_txrx50_ringdown035_objectives/figures/FIGURE_NOTES.md,1649,1030,2067,0.6992475580964044
749,outputs/experiments/749_coordinate_optimizer_variable_depth_radius_seed89_target1_txrx50_ringdown035_objectives,outputs/experiments/749_coordinate_optimizer_variable_depth_radius_seed89_target1_txrx50_ringdown035_objectives/data/multi_rebar_coordinate_optimizer_summary.json,refreshed,refresh requested,outputs/experiments/749_coordinate_optimizer_variable_depth_radius_seed89_target1_txrx50_ringdown035_objectives/figures/system_scene_geometry.png,outputs/experiments/749_coordinate_optimizer_variable_depth_radius_seed89_target1_txrx50_ringdown035_objectives/data/system_scene_geometry_summary.json,outputs/experiments/749_coordinate_optimizer_variable_depth_radius_seed89_target1_txrx50_ringdown035_objectives/figures/FIGURE_NOTES.md,1649,1030,2071,0.6992298951409209
748,outputs/experiments/748_cross_seed_fitted_ringdown_summary,,skipped,no compatible coordinate optimizer summary,,,,,,,
747,outputs/experiments/747_seed89_fitted_ringdown_all_target_summary,,skipped,no compatible coordinate optimizer summary,,,,,,,
746,outputs/experiments/746_coordinate_optimizer_variable_depth_radius_seed89_target1_txrx50_ringdown025_objectives,outputs/experiments/746_coordinate_optimizer_variable_depth_radius_seed89_target1_txrx50_ringdown025_objectives/data/multi_rebar_coordinate_optimizer_summary.json,refreshed,refresh requested,outputs/experiments/746_coordinate_optimizer_variable_depth_radius_seed89_target1_txrx50_ringdown025_objectives/figures/system_scene_geometry.png,outputs/experiments/746_coordinate_optimizer_variable_depth_radius_seed89_target1_txrx50_ringdown025_objectives/data/system_scene_geometry_summary.json,outputs/experiments/746_coordinate_optimizer_variable_depth_radius_seed89_target1_txrx50_ringdown025_objectives/figures/FIGURE_NOTES.md,1649,1030,2061,0.699226951315007
745,outputs/experiments/745_coordinate_optimizer_variable_depth_radius_seed89_target2_txrx50_ringdown025_objectives,outputs/experiments/745_coordinate_optimizer_variable_depth_radius_seed89_target2_txrx50_ringdown025_objectives/data/multi_rebar_coordinate_optimizer_summary.json,refreshed,refresh requested,outputs/experiments/745_coordinate_optimizer_variable_depth_radius_seed89_target2_txrx50_ringdown025_objectives/figures/system_scene_geometry.png,outputs/experiments/745_coordinate_optimizer_variable_depth_radius_seed89_target2_txrx50_ringdown025_objectives/data/system_scene_geometry_summary.json,outputs/experiments/745_coordinate_optimizer_variable_depth_radius_seed89_target2_txrx50_ringdown025_objectives/figures/FIGURE_NOTES.md,1648,1030,2028,0.7000135498161938
744,outputs/experiments/744_coordinate_optimizer_variable_depth_radius_seed89_target0_txrx50_ringdown025_objectives,outputs/experiments/744_coordinate_optimizer_variable_depth_radius_seed89_target0_txrx50_ringdown025_objectives/data/multi_rebar_coordinate_optimizer_summary.json,refreshed,refresh requested,outputs/experiments/744_coordinate_optimizer_variable_depth_radius_seed89_target0_txrx50_ringdown025_objectives/figures/system_scene_geometry.png,outputs/experiments/744_coordinate_optimizer_variable_depth_radius_seed89_target0_txrx50_ringdown025_objectives/data/system_scene_geometry_summary.json,outputs/experiments/744_coordinate_optimizer_variable_depth_radius_seed89_target0_txrx50_ringdown025_objectives/figures/FIGURE_NOTES.md,1649,1030,2105,0.6992952480762098
743,outputs/experiments/743_seed21_fitted_ringdown_all_target_summary,,skipped,no compatible coordinate optimizer summary,,,,,,,
742,outputs/experiments/742_coordinate_optimizer_variable_depth_radius_seed21_target1_txrx50_ringdown025_objectives,outputs/experiments/742_coordinate_optimizer_variable_depth_radius_seed21_target1_txrx50_ringdown025_objectives/data/multi_rebar_coordinate_optimizer_summary.json,refreshed,refresh requested,outputs/experiments/742_coordinate_optimizer_variable_depth_radius_seed21_target1_txrx50_ringdown025_objectives/figures/system_scene_geometry.png,outputs/experiments/742_coordinate_optimizer_variable_depth_radius_seed21_target1_txrx50_ringdown025_objectives/data/system_scene_geometry_summary.json,outputs/experiments/742_coordinate_optimizer_variable_depth_radius_seed21_target1_txrx50_ringdown025_objectives/figures/FIGURE_NOTES.md,1648,1030,2041,0.6993943821283816
741,outputs/experiments/741_coordinate_optimizer_variable_depth_radius_seed21_target2_txrx50_ringdown025_objectives,outputs/experiments/741_coordinate_optimizer_variable_depth_radius_seed21_target2_txrx50_ringdown025_objectives/data/multi_rebar_coordinate_optimizer_summary.json,refreshed,refresh requested,outputs/experiments/741_coordinate_optimizer_variable_depth_radius_seed21_target2_txrx50_ringdown025_objectives/figures/system_scene_geometry.png,outputs/experiments/741_coordinate_optimizer_variable_depth_radius_seed21_target2_txrx50_ringdown025_objectives/data/system_scene_geometry_summary.json,outputs/experiments/741_coordinate_optimizer_variable_depth_radius_seed21_target2_txrx50_ringdown025_objectives/figures/FIGURE_NOTES.md,1648,1030,2058,0.6994108775567914
740,outputs/experiments/740_coordinate_optimizer_variable_depth_radius_seed21_target0_txrx50_ringdown025_objectives,outputs/experiments/740_coordinate_optimizer_variable_depth_radius_seed21_target0_txrx50_ringdown025_objectives/data/multi_rebar_coordinate_optimizer_summary.json,refreshed,refresh requested,outputs/experiments/740_coordinate_optimizer_variable_depth_radius_seed21_target0_txrx50_ringdown025_objectives/figures/system_scene_geometry.png,outputs/experiments/740_coordinate_optimizer_variable_depth_radius_seed21_target0_txrx50_ringdown025_objectives/data/system_scene_geometry_summary.json,outputs/experiments/740_coordinate_optimizer_variable_depth_radius_seed21_target0_txrx50_ringdown025_objectives/figures/FIGURE_NOTES.md,1648,1030,2053,0.6999799698369309
739,outputs/experiments/739_experiment_archive_health_report_current,,skipped,no compatible coordinate optimizer summary,,,,,,,
738,outputs/experiments/738_post_archive_coverage_audit_resume_checkpoint,,skipped,no compatible coordinate optimizer summary,,,,,,,
737,outputs/experiments/737_current_archive_coverage_refresh_state_audit,,skipped,no compatible coordinate optimizer summary,,,,,,,
736,outputs/experiments/736_next_action_queue_current_archive_coverage_refresh,,skipped,no compatible coordinate optimizer summary,,,,,,,
735,outputs/experiments/735_commit_pr_summary_current_archive_coverage_refresh,,skipped,no compatible coordinate optimizer summary,,,,,,,
734,outputs/experiments/734_current_state_archive_coverage_audit_refresh,,skipped,no compatible coordinate optimizer summary,,,,,,,
733,outputs/experiments/733_current_manuscript_validation_refresh_state_audit,,skipped,no compatible coordinate optimizer summary,,,,,,,
732,outputs/experiments/732_next_action_queue_current_manuscript_validation_refresh,,skipped,no compatible coordinate optimizer summary,,,,,,,
731,outputs/experiments/731_commit_pr_summary_current_manuscript_validation_refresh,,skipped,no compatible coordinate optimizer summary,,,,,,,
730,outputs/experiments/730_imrad_manuscript_current_validation_refresh,,skipped,no compatible coordinate optimizer summary,,,,,,,
729,outputs/experiments/729_current_validation_refresh_state_audit,,skipped,no compatible coordinate optimizer summary,,,,,,,
728,outputs/experiments/728_next_action_queue_current_validation_refresh,,skipped,no compatible coordinate optimizer summary,,,,,,,
727,outputs/experiments/727_commit_pr_summary_current_validation_refresh,,skipped,no compatible coordinate optimizer summary,,,,,,,
726,outputs/experiments/726_current_precommit_validation_after_archive_coverage_audit_refresh,,skipped,no compatible coordinate optimizer summary,,,,,,,
725,outputs/experiments/725_current_archive_coverage_refresh_state_audit,,skipped,no compatible coordinate optimizer summary,,,,,,,
724,outputs/experiments/724_next_action_queue_current_archive_coverage_refresh,,skipped,no compatible coordinate optimizer summary,,,,,,,
723,outputs/experiments/723_commit_pr_summary_current_archive_coverage_refresh,,skipped,no compatible coordinate optimizer summary,,,,,,,
722,outputs/experiments/722_current_state_archive_coverage_audit_refresh,,skipped,no compatible coordinate optimizer summary,,,,,,,
721,outputs/experiments/721_current_review_refresh_state_audit,,skipped,no compatible coordinate optimizer summary,,,,,,,
720,outputs/experiments/720_next_action_queue_current_review_refresh,,skipped,no compatible coordinate optimizer summary,,,,,,,
719,outputs/experiments/719_commit_pr_summary_current_review_refresh,,skipped,no compatible coordinate optimizer summary,,,,,,,
718,outputs/experiments/718_code_self_review_current_validation_refresh,,skipped,no compatible coordinate optimizer summary,,,,,,,
717,outputs/experiments/717_current_validation_refresh_state_audit,,skipped,no compatible coordinate optimizer summary,,,,,,,
716,outputs/experiments/716_next_action_queue_current_validation_refresh,,skipped,no compatible coordinate optimizer summary,,,,,,,
715,outputs/experiments/715_commit_pr_summary_current_validation_refresh,,skipped,no compatible coordinate optimizer summary,,,,,,,
714,outputs/experiments/714_current_precommit_validation_after_archive_coverage_refresh,,skipped,no compatible coordinate optimizer summary,,,,,,,
713,outputs/experiments/713_current_archive_coverage_refresh_state_audit,,skipped,no compatible coordinate optimizer summary,,,,,,,
712,outputs/experiments/712_next_action_queue_current_archive_coverage_refresh,,skipped,no compatible coordinate optimizer summary,,,,,,,
711,outputs/experiments/711_commit_pr_summary_current_archive_coverage_refresh,,skipped,no compatible coordinate optimizer summary,,,,,,,
710,outputs/experiments/710_current_state_archive_coverage_audit_refresh,,skipped,no compatible coordinate optimizer summary,,,,,,,
709,outputs/experiments/709_current_review_refresh_state_audit,,skipped,no compatible coordinate optimizer summary,,,,,,,
708,outputs/experiments/708_next_action_queue_current_review_refresh,,skipped,no compatible coordinate optimizer summary,,,,,,,
707,outputs/experiments/707_commit_pr_summary_current_review_refresh,,skipped,no compatible coordinate optimizer summary,,,,,,,
706,outputs/experiments/706_code_self_review_current_validation_checkpoint,,skipped,no compatible coordinate optimizer summary,,,,,,,
705,outputs/experiments/705_current_validation_after_coordinate_default_audit_state_audit,,skipped,no compatible coordinate optimizer summary,,,,,,,
704,outputs/experiments/704_next_action_queue_current_validation_after_coordinate_default_audit_refresh,,skipped,no compatible coordinate optimizer summary,,,,,,,
703,outputs/experiments/703_commit_pr_summary_current_validation_after_coordinate_default_audit_refresh,,skipped,no compatible coordinate optimizer summary,,,,,,,
702,outputs/experiments/702_current_precommit_validation_after_coordinate_default_audit_refresh,,skipped,no compatible coordinate optimizer summary,,,,,,,
701,outputs/experiments/701_current_coordinate_default_audit_refresh_state_audit,,skipped,no compatible coordinate optimizer summary,,,,,,,
700,outputs/experiments/700_next_action_queue_coordinate_default_audit_refresh,,skipped,no compatible coordinate optimizer summary,,,,,,,
699,outputs/experiments/699_commit_pr_summary_coordinate_default_audit_refresh,,skipped,no compatible coordinate optimizer summary,,,,,,,
698,outputs/experiments/698_current_coordinate_default_smoke_state_audit,,skipped,no compatible coordinate optimizer summary,,,,,,,
697,outputs/experiments/697_next_action_queue_coordinate_default_smoke_refresh,,skipped,no compatible coordinate optimizer summary,,,,,,,
696,outputs/experiments/696_commit_pr_summary_coordinate_default_smoke_refresh,,skipped,no compatible coordinate optimizer summary,,,,,,,
695,outputs/experiments/695_coordinate_aggregate_invalid_default_smoke,,skipped,no compatible coordinate optimizer summary,,,,,,,
694,outputs/experiments/694_coordinate_confidence_metadata_default_hardening,,skipped,no compatible coordinate optimizer summary,,,,,,,
693,outputs/experiments/693_next_action_queue_current_validation_refresh,,skipped,no compatible coordinate optimizer summary,,,,,,,
692,outputs/experiments/692_commit_pr_summary_current_validation_refresh,,skipped,no compatible coordinate optimizer summary,,,,,,,
691,outputs/experiments/691_current_precommit_validation_after_manuscript_archive_refresh,,skipped,no compatible coordinate optimizer summary,,,,,,,
690,outputs/experiments/690_next_action_queue_current_manuscript_archive_audit_refresh,,skipped,no compatible coordinate optimizer summary,,,,,,,
689,outputs/experiments/689_commit_pr_summary_current_manuscript_archive_audit_refresh,,skipped,no compatible coordinate optimizer summary,,,,,,,
688,outputs/experiments/688_current_manuscript_archive_state_audit,,skipped,no compatible coordinate optimizer summary,,,,,,,
687,outputs/experiments/687_next_action_queue_current_manuscript_validation_refresh,,skipped,no compatible coordinate optimizer summary,,,,,,,
686,outputs/experiments/686_commit_pr_summary_current_manuscript_validation_refresh,,skipped,no compatible coordinate optimizer summary,,,,,,,
685,outputs/experiments/685_imrad_manuscript_current_archive_coverage_validation_refresh,,skipped,no compatible coordinate optimizer summary,,,,,,,
684,outputs/experiments/684_next_action_queue_current_archive_coverage_refresh,,skipped,no compatible coordinate optimizer summary,,,,,,,
683,outputs/experiments/683_commit_pr_summary_current_archive_coverage_refresh,,skipped,no compatible coordinate optimizer summary,,,,,,,
682,outputs/experiments/682_current_state_archive_coverage_audit_refresh,,skipped,no compatible coordinate optimizer summary,,,,,,,
681,outputs/experiments/681_next_action_queue_coordinate_aggregate_audit_refresh,,skipped,no compatible coordinate optimizer summary,,,,,,,
680,outputs/experiments/680_commit_pr_summary_coordinate_aggregate_audit_refresh,,skipped,no compatible coordinate optimizer summary,,,,,,,
679,outputs/experiments/679_current_coordinate_aggregate_smoke_state_audit,,skipped,no compatible coordinate optimizer summary,,,,,,,
678,outputs/experiments/678_next_action_queue_coordinate_aggregate_smoke_refresh,,skipped,no compatible coordinate optimizer summary,,,,,,,
677,outputs/experiments/677_commit_pr_summary_coordinate_aggregate_smoke_refresh,,skipped,no compatible coordinate optimizer summary,,,,,,,
676,outputs/experiments/676_coordinate_aggregate_nonfinite_row_smoke,,skipped,no compatible coordinate optimizer summary,,,,,,,
675,outputs/experiments/675_coordinate_aggregate_row_sanitization_hardening,,skipped,no compatible coordinate optimizer summary,,,,,,,
674,outputs/experiments/674_next_action_queue_nonfinite_confidence_audit_refresh,,skipped,no compatible coordinate optimizer summary,,,,,,,
673,outputs/experiments/673_commit_pr_summary_nonfinite_confidence_audit_refresh,,skipped,no compatible coordinate optimizer summary,,,,,,,
672,outputs/experiments/672_current_nonfinite_confidence_smoke_state_audit,,skipped,no compatible coordinate optimizer summary,,,,,,,
671,outputs/experiments/671_next_action_queue_nonfinite_confidence_smoke_refresh,,skipped,no compatible coordinate optimizer summary,,,,,,,
670,outputs/experiments/670_commit_pr_summary_nonfinite_confidence_smoke_refresh,,skipped,no compatible coordinate optimizer summary,,,,,,,
669,outputs/experiments/669_objective_diagnostic_nonfinite_confidence_smoke,,skipped,no compatible coordinate optimizer summary,,,,,,,
668,outputs/experiments/668_next_action_queue_candidate_row_sanitization_audit_refresh,,skipped,no compatible coordinate optimizer summary,,,,,,,
667,outputs/experiments/667_commit_pr_summary_candidate_row_sanitization_audit_refresh,,skipped,no compatible coordinate optimizer summary,,,,,,,
666,outputs/experiments/666_current_candidate_row_sanitization_state_audit,,skipped,no compatible coordinate optimizer summary,,,,,,,
665,outputs/experiments/665_next_action_queue_candidate_row_sanitization_refresh,,skipped,no compatible coordinate optimizer summary,,,,,,,
664,outputs/experiments/664_commit_pr_summary_candidate_row_sanitization_refresh,,skipped,no compatible coordinate optimizer summary,,,,,,,
663,outputs/experiments/663_candidate_confidence_row_sanitization_hardening,,skipped,no compatible coordinate optimizer summary,,,,,,,
662,outputs/experiments/662_next_action_queue_candidate_confidence_audit_refresh,,skipped,no compatible coordinate optimizer summary,,,,,,,
661,outputs/experiments/661_commit_pr_summary_candidate_confidence_audit_refresh,,skipped,no compatible coordinate optimizer summary,,,,,,,
660,outputs/experiments/660_current_candidate_confidence_state_audit,,skipped,no compatible coordinate optimizer summary,,,,,,,
659,outputs/experiments/659_next_action_queue_candidate_confidence_refresh,,skipped,no compatible coordinate optimizer summary,,,,,,,
658,outputs/experiments/658_commit_pr_summary_candidate_confidence_refresh,,skipped,no compatible coordinate optimizer summary,,,,,,,
657,outputs/experiments/657_candidate_confidence_nonfinite_hardening,,skipped,no compatible coordinate optimizer summary,,,,,,,
656,outputs/experiments/656_next_action_queue_archive_coverage_refresh,,skipped,no compatible coordinate optimizer summary,,,,,,,
655,outputs/experiments/655_commit_pr_summary_current_archive_coverage_refresh,,skipped,no compatible coordinate optimizer summary,,,,,,,
654,outputs/experiments/654_current_state_archive_coverage_audit,,skipped,no compatible coordinate optimizer summary,,,,,,,
653,outputs/experiments/653_next_action_queue_state_audit_refresh,,skipped,no compatible coordinate optimizer summary,,,,,,,
652,outputs/experiments/652_commit_pr_summary_current_state_audit_refresh,,skipped,no compatible coordinate optimizer summary,,,,,,,
651,outputs/experiments/651_current_resume_checkpoint_state_audit,,skipped,no compatible coordinate optimizer summary,,,,,,,
650,outputs/experiments/650_next_action_queue_resume_checkpoint_refresh,,skipped,no compatible coordinate optimizer summary,,,,,,,
649,outputs/experiments/649_commit_pr_summary_current_resume_checkpoint_refresh,,skipped,no compatible coordinate optimizer summary,,,,,,,
648,outputs/experiments/648_post_manifest_audit_resume_checkpoint,,skipped,no compatible coordinate optimizer summary,,,,,,,
647,outputs/experiments/647_next_action_queue_manifest_audit_refresh,,skipped,no compatible coordinate optimizer summary,,,,,,,
646,outputs/experiments/646_commit_pr_summary_current_manifest_audit_refresh,,skipped,no compatible coordinate optimizer summary,,,,,,,
645,outputs/experiments/645_current_manifest_smoke_state_audit,,skipped,no compatible coordinate optimizer summary,,,,,,,
644,outputs/experiments/644_next_action_queue_manifest_smoke_refresh,,skipped,no compatible coordinate optimizer summary,,,,,,,
643,outputs/experiments/643_commit_pr_summary_current_manifest_smoke_refresh,,skipped,no compatible coordinate optimizer summary,,,,,,,
642,outputs/experiments/642_objective_diagnostic_no_confidence_manifest_smoke,,skipped,no compatible coordinate optimizer summary,,,,,,,
641,outputs/experiments/641_next_action_queue_manifest_validation_refresh,,skipped,no compatible coordinate optimizer summary,,,,,,,
640,outputs/experiments/640_commit_pr_summary_current_manifest_validation_refresh,,skipped,no compatible coordinate optimizer summary,,,,,,,
639,outputs/experiments/639_objective_diagnostic_manifest_artifact_hardening,,skipped,no compatible coordinate optimizer summary,,,,,,,
638,outputs/experiments/638_next_action_queue_manuscript_resume_archive_refresh,,skipped,no compatible coordinate optimizer summary,,,,,,,
637,outputs/experiments/637_commit_pr_summary_current_manuscript_resume_archive_refresh,,skipped,no compatible coordinate optimizer summary,,,,,,,
636,outputs/experiments/636_imrad_manuscript_current_resume_archive_validation_refresh,,skipped,no compatible coordinate optimizer summary,,,,,,,
635,outputs/experiments/635_next_action_queue_archive_resume_refresh,,skipped,no compatible coordinate optimizer summary,,,,,,,
634,outputs/experiments/634_commit_pr_summary_current_archive_resume_refresh,,skipped,no compatible coordinate optimizer summary,,,,,,,
633,outputs/experiments/633_current_handoff_archive_resume_refresh,,skipped,no compatible coordinate optimizer summary,,,,,,,
632,outputs/experiments/632_current_resume_archive_size_audit,,skipped,no compatible coordinate optimizer summary,,,,,,,
631,outputs/experiments/631_next_action_queue_resume_audit_refresh,,skipped,no compatible coordinate optimizer summary,,,,,,,
630,outputs/experiments/630_commit_pr_summary_current_resume_audit_refresh,,skipped,no compatible coordinate optimizer summary,,,,,,,
629,outputs/experiments/629_current_resume_state_audit,,skipped,no compatible coordinate optimizer summary,,,,,,,
628,outputs/experiments/628_next_action_queue_resume_refresh,,skipped,no compatible coordinate optimizer summary,,,,,,,
627,outputs/experiments/627_commit_pr_summary_current_resume_refresh,,skipped,no compatible coordinate optimizer summary,,,,,,,
626,outputs/experiments/626_post_manuscript_archive_resume_checkpoint,,skipped,no compatible coordinate optimizer summary,,,,,,,
625,outputs/experiments/625_next_action_queue_manuscript_archive_handoff_refresh,,skipped,no compatible coordinate optimizer summary,,,,,,,
624,outputs/experiments/624_commit_pr_summary_current_manuscript_archive_handoff_refresh,,skipped,no compatible coordinate optimizer summary,,,,,,,
623,outputs/experiments/623_current_handoff_archive_manuscript_refresh,,skipped,no compatible coordinate optimizer summary,,,,,,,
622,outputs/experiments/622_current_manuscript_archive_size_audit,,skipped,no compatible coordinate optimizer summary,,,,,,,
621,outputs/experiments/621_next_action_queue_manuscript_archive_refresh,,skipped,no compatible coordinate optimizer summary,,,,,,,
620,outputs/experiments/620_commit_pr_summary_current_manuscript_archive_refresh,,skipped,no compatible coordinate optimizer summary,,,,,,,
619,outputs/experiments/619_imrad_manuscript_current_archive_validation_refresh,,skipped,no compatible coordinate optimizer summary,,,,,,,
618,outputs/experiments/618_next_action_queue_archive_smoke_audit_refresh,,skipped,no compatible coordinate optimizer summary,,,,,,,
617,outputs/experiments/617_commit_pr_summary_current_archive_smoke_audit_refresh,,skipped,no compatible coordinate optimizer summary,,,,,,,
616,outputs/experiments/616_current_handoff_archive_smoke_audit_refresh,,skipped,no compatible coordinate optimizer summary,,,,,,,
615,outputs/experiments/615_current_smoke_audit_archive_size_audit,,skipped,no compatible coordinate optimizer summary,,,,,,,
614,outputs/experiments/614_next_action_queue_smoke_audit_refresh,,skipped,no compatible coordinate optimizer summary,,,,,,,
613,outputs/experiments/613_commit_pr_summary_current_smoke_audit_refresh,,skipped,no compatible coordinate optimizer summary,,,,,,,
612,outputs/experiments/612_current_nonfinite_hardening_state_audit,,skipped,no compatible coordinate optimizer summary,,,,,,,
611,outputs/experiments/611_objective_cli_sparse_nonfinite_smoke,,skipped,no compatible coordinate optimizer summary,,,,,,,
610,outputs/experiments/610_objective_ratio_null_serialization_hardening,,skipped,no compatible coordinate optimizer summary,,,,,,,
609,outputs/experiments/609_reporting_cli_nonfinite_smoke,,skipped,no compatible coordinate optimizer summary,,,,,,,
608,outputs/experiments/608_next_action_queue_nonfinite_hardening_refresh,,skipped,no compatible coordinate optimizer summary,,,,,,,
607,outputs/experiments/607_commit_pr_summary_current_nonfinite_hardening_refresh,,skipped,no compatible coordinate optimizer summary,,,,,,,
606,outputs/experiments/606_optional_numeric_nonfinite_reporting_hardening,,skipped,no compatible coordinate optimizer summary,,,,,,,
605,outputs/experiments/605_current_diagnostic_hardening_state_audit,,skipped,no compatible coordinate optimizer summary,,,,,,,
604,outputs/experiments/604_next_action_queue_diagnostic_hardening_refresh,,skipped,no compatible coordinate optimizer summary,,,,,,,
603,outputs/experiments/603_commit_pr_summary_current_diagnostic_hardening_refresh,,skipped,no compatible coordinate optimizer summary,,,,,,,
602,outputs/experiments/602_objective_diagnostic_sparse_geometry_hardening,,skipped,no compatible coordinate optimizer summary,,,,,,,
601,outputs/experiments/601_next_action_queue_commit_summary_validation_refresh,,skipped,no compatible coordinate optimizer summary,,,,,,,
600,outputs/experiments/600_commit_pr_summary_current_validation_refresh,,skipped,no compatible coordinate optimizer summary,,,,,,,
599,outputs/experiments/599_next_action_queue_current_validation_refresh,,skipped,no compatible coordinate optimizer summary,,,,,,,
598,outputs/experiments/598_current_precommit_validation_after_archive_refresh,,skipped,no compatible coordinate optimizer summary,,,,,,,
597,outputs/experiments/597_next_action_queue_current_archive_refresh,,skipped,no compatible coordinate optimizer summary,,,,,,,
596,outputs/experiments/596_commit_pr_summary_current_archive_refresh,,skipped,no compatible coordinate optimizer summary,,,,,,,
595,outputs/experiments/595_current_handoff_archive_refresh,,skipped,no compatible coordinate optimizer summary,,,,,,,
594,outputs/experiments/594_current_handoff_archive_refresh_size_audit,,skipped,no compatible coordinate optimizer summary,,,,,,,
593,outputs/experiments/593_next_action_queue_current_manuscript_validation_refresh,,skipped,no compatible coordinate optimizer summary,,,,,,,
592,outputs/experiments/592_commit_pr_summary_current_manuscript_validation_refresh,,skipped,no compatible coordinate optimizer summary,,,,,,,
591,outputs/experiments/591_imrad_manuscript_current_validation_refresh,,skipped,no compatible coordinate optimizer summary,,,,,,,
590,outputs/experiments/590_current_artifact_consistency_audit,,skipped,no compatible coordinate optimizer summary,,,,,,,
589,outputs/experiments/589_next_action_queue_post_sparse_hardening_resume_refresh,,skipped,no compatible coordinate optimizer summary,,,,,,,
588,outputs/experiments/588_post_sparse_hardening_resume_checkpoint,,skipped,no compatible coordinate optimizer summary,,,,,,,
587,outputs/experiments/587_next_action_queue_commit_summary_sparse_hardening_refresh,,skipped,no compatible coordinate optimizer summary,,,,,,,
586,outputs/experiments/586_commit_pr_summary_sparse_hardening_refresh,,skipped,no compatible coordinate optimizer summary,,,,,,,
585,outputs/experiments/585_next_action_queue_objective_sparse_hardening_refresh,,skipped,no compatible coordinate optimizer summary,,,,,,,
584,outputs/experiments/584_objective_confidence_sparse_result_hardening,,skipped,no compatible coordinate optimizer summary,,,,,,,
583,outputs/experiments/583_next_action_queue_precommit_validation_refresh,,skipped,no compatible coordinate optimizer summary,,,,,,,
582,outputs/experiments/582_current_precommit_validation_checkpoint,,skipped,no compatible coordinate optimizer summary,,,,,,,
581,outputs/experiments/581_next_action_queue_current_archive_refresh,,skipped,no compatible coordinate optimizer summary,,,,,,,
580,outputs/experiments/580_current_handoff_archive,,skipped,no compatible coordinate optimizer summary,,,,,,,
579,outputs/experiments/579_current_handoff_archive_size_audit,,skipped,no compatible coordinate optimizer summary,,,,,,,
578,outputs/experiments/578_next_action_queue_commit_summary_refresh,,skipped,no compatible coordinate optimizer summary,,,,,,,
577,outputs/experiments/577_commit_pr_summary_current_refresh,,skipped,no compatible coordinate optimizer summary,,,,,,,
576,outputs/experiments/576_next_action_queue_manuscript_validation_refresh,,skipped,no compatible coordinate optimizer summary,,,,,,,
575,outputs/experiments/575_imrad_manuscript_validation_refresh,,skipped,no compatible coordinate optimizer summary,,,,,,,
574,outputs/experiments/574_next_action_queue_post_hardening,,skipped,no compatible coordinate optimizer summary,,,,,,,
573,outputs/experiments/573_post_hardening_resume_checkpoint,,skipped,no compatible coordinate optimizer summary,,,,,,,
572,outputs/experiments/572_commit_pr_summary_post_hardening,,skipped,no compatible coordinate optimizer summary,,,,,,,
571,outputs/experiments/571_coordinate_aggregate_note_hardening,,skipped,no compatible coordinate optimizer summary,,,,,,,
570,outputs/experiments/570_commit_pr_summary_refresh,,skipped,no compatible coordinate optimizer summary,,,,,,,
569,outputs/experiments/569_next_action_queue_post_polish,,skipped,no compatible coordinate optimizer summary,,,,,,,
568,outputs/experiments/568_post_manuscript_polish_checkpoint,,skipped,no compatible coordinate optimizer summary,,,,,,,
567,outputs/experiments/567_manuscript_guardrail_prose_polish,,skipped,no compatible coordinate optimizer summary,,,,,,,
566,outputs/experiments/566_next_action_queue_manuscript_refresh,,skipped,no compatible coordinate optimizer summary,,,,,,,
565,outputs/experiments/565_manuscript_balance_audit,,skipped,no compatible coordinate optimizer summary,,,,,,,
564,outputs/experiments/564_post_imrad_resume_checkpoint,,skipped,no compatible coordinate optimizer summary,,,,,,,
563,outputs/experiments/563_imrad_manuscript_lint,,skipped,no compatible coordinate optimizer summary,,,,,,,
562,outputs/experiments/562_imrad_manuscript_draft,,skipped,no compatible coordinate optimizer summary,,,,,,,
561,outputs/experiments/561_next_action_queue_refresh,,skipped,no compatible coordinate optimizer summary,,,,,,,
560,outputs/experiments/560_revised_final_report_lint,,skipped,no compatible coordinate optimizer summary,,,,,,,
559,outputs/experiments/559_final_report_reproducibility_refresh,,skipped,no compatible coordinate optimizer summary,,,,,,,
558,outputs/experiments/558_next_action_queue,,skipped,no compatible coordinate optimizer summary,,,,,,,
557,outputs/experiments/557_commit_pr_summary_draft,,skipped,no compatible coordinate optimizer summary,,,,,,,
556,outputs/experiments/556_post_archive_resume_checkpoint,,skipped,no compatible coordinate optimizer summary,,,,,,,
555,outputs/experiments/555_report_dependency_archive,,skipped,no compatible coordinate optimizer summary,,,,,,,
554,outputs/experiments/554_report_dependency_size_audit,,skipped,no compatible coordinate optimizer summary,,,,,,,
553,outputs/experiments/553_post_hardening_resume_checkpoint,,skipped,no compatible coordinate optimizer summary,,,,,,,
552,outputs/experiments/552_code_self_review_objective_notes_hardening,,skipped,no compatible coordinate optimizer summary,,,,,,,
551,outputs/experiments/551_commit_archive_inventory,,skipped,no compatible coordinate optimizer summary,,,,,,,
550,outputs/experiments/550_archive_status_checkpoint,,skipped,no compatible coordinate optimizer summary,,,,,,,
549,outputs/experiments/549_final_report_editorial_lint,,skipped,no compatible coordinate optimizer summary,,,,,,,
548,outputs/experiments/548_final_report_markdown,,skipped,no compatible coordinate optimizer summary,,,,,,,
547,outputs/experiments/547_reporting_reproducibility_bundle,,skipped,no compatible coordinate optimizer summary,,,,,,,
546,outputs/experiments/546_report_claim_consistency_audit,,skipped,no compatible coordinate optimizer summary,,,,,,,
545,outputs/experiments/545_report_figure_caption_package,,skipped,no compatible coordinate optimizer summary,,,,,,,
544,outputs/experiments/544_decision_figure_readiness_audit,,skipped,no compatible coordinate optimizer summary,,,,,,,
543,outputs/experiments/543_compact_objective_summary_figure,,skipped,no compatible coordinate optimizer summary,,,,,,,
542,outputs/experiments/542_decision_figure_map,,skipped,no compatible coordinate optimizer summary,,,,,,,
541,outputs/experiments/541_combined_report_draft,,skipped,no compatible coordinate optimizer summary,,,,,,,
540,outputs/experiments/540_results_methods_evidence_table,,skipped,no compatible coordinate optimizer summary,,,,,,,
539,outputs/experiments/539_results_section_draft,,skipped,no compatible coordinate optimizer summary,,,,,,,
538,outputs/experiments/538_current_evidence_synthesis,,skipped,no compatible coordinate optimizer summary,,,,,,,
537,outputs/experiments/537_marathon_checkpoint_reporting_handoff,,skipped,no compatible coordinate optimizer summary,,,,,,,
536,outputs/experiments/536_single_rebar_shallow_r4_reporting_handoff,,skipped,no compatible coordinate optimizer summary,,,,,,,
535,outputs/experiments/535_source_shape_center_interval_reporting_handoff,,skipped,no compatible coordinate optimizer summary,,,,,,,
534,outputs/experiments/534_coordinate_confidence_aggregate_close50_txrx20_vs_txrx40_sources5_metadata_repair,,skipped,no compatible coordinate optimizer summary,,,,,,,
533,outputs/experiments/533_variable_depth_radius_txrx50_objective_reporting_handoff,,skipped,no compatible coordinate optimizer summary,,,,,,,
532,outputs/experiments/532_variable_depth_radius_txrx50_all_condition_objective_confidence_report,,skipped,no compatible coordinate optimizer summary,,,,,,,
531,outputs/experiments/531_variable_depth_radius_all_targets_three_seed_txrx50_ringdown025_objective_confidence_report,,skipped,no compatible coordinate optimizer summary,,,,,,,
530,outputs/experiments/530_variable_depth_radius_target1_three_seed_txrx50_ringdown025_objective_confidence_report,,skipped,no compatible coordinate optimizer summary,,,,,,,
529,outputs/experiments/529_variable_depth_radius_seed34_target1_txrx50_ringdown025_objective_confidence_report,,skipped,no compatible coordinate optimizer summary,,,,,,,
528,outputs/experiments/528_coordinate_optimizer_variable_depth_radius_seed34_target1_txrx50_ringdown025_objectives,outputs/experiments/528_coordinate_optimizer_variable_depth_radius_seed34_target1_txrx50_ringdown025_objectives/data/multi_rebar_coordinate_optimizer_summary.json,refreshed,refresh requested,outputs/experiments/528_coordinate_optimizer_variable_depth_radius_seed34_target1_txrx50_ringdown025_objectives/figures/system_scene_geometry.png,outputs/experiments/528_coordinate_optimizer_variable_depth_radius_seed34_target1_txrx50_ringdown025_objectives/data/system_scene_geometry_summary.json,outputs/experiments/528_coordinate_optimizer_variable_depth_radius_seed34_target1_txrx50_ringdown025_objectives/figures/FIGURE_NOTES.md,1649,1030,2061,0.6991721961530083
527,outputs/experiments/527_variable_depth_radius_seed13_target1_txrx50_ringdown025_objective_confidence_report,,skipped,no compatible coordinate optimizer summary,,,,,,,
526,outputs/experiments/526_coordinate_optimizer_variable_depth_radius_seed13_target1_txrx50_ringdown025_objectives,outputs/experiments/526_coordinate_optimizer_variable_depth_radius_seed13_target1_txrx50_ringdown025_objectives/data/multi_rebar_coordinate_optimizer_summary.json,refreshed,refresh requested,outputs/experiments/526_coordinate_optimizer_variable_depth_radius_seed13_target1_txrx50_ringdown025_objectives/figures/system_scene_geometry.png,outputs/experiments/526_coordinate_optimizer_variable_depth_radius_seed13_target1_txrx50_ringdown025_objectives/data/system_scene_geometry_summary.json,outputs/experiments/526_coordinate_optimizer_variable_depth_radius_seed13_target1_txrx50_ringdown025_objectives/figures/FIGURE_NOTES.md,1648,1030,2004,0.6999086860213026
525,outputs/experiments/525_variable_depth_radius_target2_three_seed_txrx50_ringdown025_objective_confidence_report,,skipped,no compatible coordinate optimizer summary,,,,,,,
524,outputs/experiments/524_variable_depth_radius_seed34_target2_txrx50_ringdown025_objective_confidence_report,,skipped,no compatible coordinate optimizer summary,,,,,,,
523,outputs/experiments/523_coordinate_optimizer_variable_depth_radius_seed34_target2_txrx50_ringdown025_objectives,outputs/experiments/523_coordinate_optimizer_variable_depth_radius_seed34_target2_txrx50_ringdown025_objectives/data/multi_rebar_coordinate_optimizer_summary.json,refreshed,refresh requested,outputs/experiments/523_coordinate_optimizer_variable_depth_radius_seed34_target2_txrx50_ringdown025_objectives/figures/system_scene_geometry.png,outputs/experiments/523_coordinate_optimizer_variable_depth_radius_seed34_target2_txrx50_ringdown025_objectives/data/system_scene_geometry_summary.json,outputs/experiments/523_coordinate_optimizer_variable_depth_radius_seed34_target2_txrx50_ringdown025_objectives/figures/FIGURE_NOTES.md,1648,1030,2028,0.6999587614289754
522,outputs/experiments/522_variable_depth_radius_seed13_target2_txrx50_ringdown025_objective_confidence_report,,skipped,no compatible coordinate optimizer summary,,,,,,,
521,outputs/experiments/521_coordinate_optimizer_variable_depth_radius_seed13_target2_txrx50_ringdown025_objectives,outputs/experiments/521_coordinate_optimizer_variable_depth_radius_seed13_target2_txrx50_ringdown025_objectives/data/multi_rebar_coordinate_optimizer_summary.json,refreshed,refresh requested,outputs/experiments/521_coordinate_optimizer_variable_depth_radius_seed13_target2_txrx50_ringdown025_objectives/figures/system_scene_geometry.png,outputs/experiments/521_coordinate_optimizer_variable_depth_radius_seed13_target2_txrx50_ringdown025_objectives/data/system_scene_geometry_summary.json,outputs/experiments/521_coordinate_optimizer_variable_depth_radius_seed13_target2_txrx50_ringdown025_objectives/figures/FIGURE_NOTES.md,1648,1030,2055,0.699426783862758
520,outputs/experiments/520_variable_depth_radius_target0_three_seed_txrx50_ringdown025_objective_confidence_report,,skipped,no compatible coordinate optimizer summary,,,,,,,
519,outputs/experiments/519_variable_depth_radius_seed34_target0_txrx50_ringdown025_objective_confidence_report,,skipped,no compatible coordinate optimizer summary,,,,,,,
518,outputs/experiments/518_coordinate_optimizer_variable_depth_radius_seed34_target0_txrx50_ringdown025_objectives,outputs/experiments/518_coordinate_optimizer_variable_depth_radius_seed34_target0_txrx50_ringdown025_objectives/data/multi_rebar_coordinate_optimizer_summary.json,refreshed,refresh requested,outputs/experiments/518_coordinate_optimizer_variable_depth_radius_seed34_target0_txrx50_ringdown025_objectives/figures/system_scene_geometry.png,outputs/experiments/518_coordinate_optimizer_variable_depth_radius_seed34_target0_txrx50_ringdown025_objectives/data/system_scene_geometry_summary.json,outputs/experiments/518_coordinate_optimizer_variable_depth_radius_seed34_target0_txrx50_ringdown025_objectives/figures/FIGURE_NOTES.md,1649,1030,2105,0.699240492914211
517,outputs/experiments/517_variable_depth_radius_target0_seed13_seed55_txrx50_ringdown025_objective_confidence_report,,skipped,no compatible coordinate optimizer summary,,,,,,,
516,outputs/experiments/516_variable_depth_radius_seed13_target0_txrx50_ringdown025_objective_confidence_report,,skipped,no compatible coordinate optimizer summary,,,,,,,
515,outputs/experiments/515_coordinate_optimizer_variable_depth_radius_seed13_target0_txrx50_ringdown025_objectives,outputs/experiments/515_coordinate_optimizer_variable_depth_radius_seed13_target0_txrx50_ringdown025_objectives/data/multi_rebar_coordinate_optimizer_summary.json,refreshed,refresh requested,outputs/experiments/515_coordinate_optimizer_variable_depth_radius_seed13_target0_txrx50_ringdown025_objectives/figures/system_scene_geometry.png,outputs/experiments/515_coordinate_optimizer_variable_depth_radius_seed13_target0_txrx50_ringdown025_objectives/data/system_scene_geometry_summary.json,outputs/experiments/515_coordinate_optimizer_variable_depth_radius_seed13_target0_txrx50_ringdown025_objectives/figures/FIGURE_NOTES.md,1649,1030,2076,0.699213409715803
514,outputs/experiments/514_variable_depth_radius_all_targets_txrx50_ringdown025_objective_confidence_report,,skipped,no compatible coordinate optimizer summary,,,,,,,
513,outputs/experiments/513_variable_depth_radius_target1_txrx50_ringdown025_objective_confidence_report,,skipped,no compatible coordinate optimizer summary,,,,,,,
512,outputs/experiments/512_coordinate_optimizer_variable_depth_radius_target1_txrx50_ringdown025_objectives,outputs/experiments/512_coordinate_optimizer_variable_depth_radius_target1_txrx50_ringdown025_objectives/data/multi_rebar_coordinate_optimizer_summary.json,refreshed,refresh requested,outputs/experiments/512_coordinate_optimizer_variable_depth_radius_target1_txrx50_ringdown025_objectives/figures/system_scene_geometry.png,outputs/experiments/512_coordinate_optimizer_variable_depth_radius_target1_txrx50_ringdown025_objectives/data/system_scene_geometry_summary.json,outputs/experiments/512_coordinate_optimizer_variable_depth_radius_target1_txrx50_ringdown025_objectives/figures/FIGURE_NOTES.md,1575,1030,2044,0.7309002928032055
511,outputs/experiments/511_variable_depth_radius_target2_txrx50_ringdown025_objective_confidence_report,,skipped,no compatible coordinate optimizer summary,,,,,,,
510,outputs/experiments/510_coordinate_optimizer_variable_depth_radius_target2_txrx50_ringdown025_objectives,outputs/experiments/510_coordinate_optimizer_variable_depth_radius_target2_txrx50_ringdown025_objectives/data/multi_rebar_coordinate_optimizer_summary.json,refreshed,refresh requested,outputs/experiments/510_coordinate_optimizer_variable_depth_radius_target2_txrx50_ringdown025_objectives/figures/system_scene_geometry.png,outputs/experiments/510_coordinate_optimizer_variable_depth_radius_target2_txrx50_ringdown025_objectives/data/system_scene_geometry_summary.json,outputs/experiments/510_coordinate_optimizer_variable_depth_radius_target2_txrx50_ringdown025_objectives/figures/FIGURE_NOTES.md,1575,1030,2061,0.7309169363538296
509,outputs/experiments/509_variable_depth_radius_target0_txrx50_ringdown025_objective_confidence_report,,skipped,no compatible coordinate optimizer summary,,,,,,,
508,outputs/experiments/508_coordinate_optimizer_variable_depth_radius_target0_txrx50_ringdown025_objectives,outputs/experiments/508_coordinate_optimizer_variable_depth_radius_target0_txrx50_ringdown025_objectives/data/multi_rebar_coordinate_optimizer_summary.json,refreshed,refresh requested,outputs/experiments/508_coordinate_optimizer_variable_depth_radius_target0_txrx50_ringdown025_objectives/figures/system_scene_geometry.png,outputs/experiments/508_coordinate_optimizer_variable_depth_radius_target0_txrx50_ringdown025_objectives/data/system_scene_geometry_summary.json,outputs/experiments/508_coordinate_optimizer_variable_depth_radius_target0_txrx50_ringdown025_objectives/figures/FIGURE_NOTES.md,1575,1030,2060,0.7309514563106796
507,outputs/experiments/507_source_shape_center_true_state_veryhigh_objective_confidence_report,,skipped,no compatible coordinate optimizer summary,,,,,,,
506,outputs/experiments/506_multi_rebar_coupled_source_shape_true_state_radius_veryhigh_objectives,outputs/experiments/506_multi_rebar_coupled_source_shape_true_state_radius_veryhigh_objectives/data/multi_rebar_coordinate_optimizer_summary.json,refreshed,refresh requested,outputs/experiments/506_multi_rebar_coupled_source_shape_true_state_radius_veryhigh_objectives/figures/system_scene_geometry.png,outputs/experiments/506_multi_rebar_coupled_source_shape_true_state_radius_veryhigh_objectives/data/system_scene_geometry_summary.json,outputs/experiments/506_multi_rebar_coupled_source_shape_true_state_radius_veryhigh_objectives/figures/FIGURE_NOTES.md,1569,1030,1976,0.7320945256084205
505,outputs/experiments/505_variable_depth_radius_all_targets_txrx50_objective_confidence_report,,skipped,no compatible coordinate optimizer summary,,,,,,,
504,outputs/experiments/504_coordinate_optimizer_variable_depth_radius_target1_txrx50_three_seed_objective_variants,outputs/experiments/504_coordinate_optimizer_variable_depth_radius_target1_txrx50_three_seed_objective_variants/data/multi_rebar_coordinate_optimizer_summary.json,refreshed,refresh requested,outputs/experiments/504_coordinate_optimizer_variable_depth_radius_target1_txrx50_three_seed_objective_variants/figures/system_scene_geometry.png,outputs/experiments/504_coordinate_optimizer_variable_depth_radius_target1_txrx50_three_seed_objective_variants/data/system_scene_geometry_summary.json,outputs/experiments/504_coordinate_optimizer_variable_depth_radius_target1_txrx50_three_seed_objective_variants/figures/FIGURE_NOTES.md,1627,1030,2044,0.7080259695311522
503,outputs/experiments/503_variable_depth_radius_target0_target2_txrx50_objective_confidence_report,,skipped,no compatible coordinate optimizer summary,,,,,,,
502,outputs/experiments/502_variable_depth_radius_target0_target2_txrx50_three_seed_objective_variant_report,,skipped,no compatible coordinate optimizer summary,,,,,,,
501,outputs/experiments/501_coordinate_optimizer_variable_depth_radius_target2_txrx50_three_seed_objective_variants,outputs/experiments/501_coordinate_optimizer_variable_depth_radius_target2_txrx50_three_seed_objective_variants/data/multi_rebar_coordinate_optimizer_summary.json,refreshed,refresh requested,outputs/experiments/501_coordinate_optimizer_variable_depth_radius_target2_txrx50_three_seed_objective_variants/figures/system_scene_geometry.png,outputs/experiments/501_coordinate_optimizer_variable_depth_radius_target2_txrx50_three_seed_objective_variants/data/system_scene_geometry_summary.json,outputs/experiments/501_coordinate_optimizer_variable_depth_radius_target2_txrx50_three_seed_objective_variants/figures/FIGURE_NOTES.md,1627,1030,2061,0.7080635632917813
500,outputs/experiments/500_variable_depth_radius_target0_txrx50_three_seed_objective_variant_report,,skipped,no compatible coordinate optimizer summary,,,,,,,
499,outputs/experiments/499_coordinate_optimizer_variable_depth_radius_target0_txrx50_three_seed_objective_variants,outputs/experiments/499_coordinate_optimizer_variable_depth_radius_target0_txrx50_three_seed_objective_variants/data/multi_rebar_coordinate_optimizer_summary.json,refreshed,refresh requested,outputs/experiments/499_coordinate_optimizer_variable_depth_radius_target0_txrx50_three_seed_objective_variants/figures/system_scene_geometry.png,outputs/experiments/499_coordinate_optimizer_variable_depth_radius_target0_txrx50_three_seed_objective_variants/data/system_scene_geometry_summary.json,outputs/experiments/499_coordinate_optimizer_variable_depth_radius_target0_txrx50_three_seed_objective_variants/figures/FIGURE_NOTES.md,1627,1030,2060,0.7080945930624594
498,outputs/experiments/498_variable_depth_radius_seed13_seed34_seed55_txrx50_final_interval_summary,,skipped,no compatible coordinate optimizer summary,,,,,,,
497,outputs/experiments/497_variable_depth_radius_seed13_txrx50_final_interval_summary,,skipped,no compatible coordinate optimizer summary,,,,,,,
496,outputs/experiments/496_coordinate_optimizer_variable_depth_radius_seed13_target2_final_zr_txrx50,outputs/experiments/496_coordinate_optimizer_variable_depth_radius_seed13_target2_final_zr_txrx50/data/multi_rebar_coordinate_optimizer_summary.json,refreshed,refresh requested,outputs/experiments/496_coordinate_optimizer_variable_depth_radius_seed13_target2_final_zr_txrx50/figures/system_scene_geometry.png,outputs/experiments/496_coordinate_optimizer_variable_depth_radius_seed13_target2_final_zr_txrx50/data/system_scene_geometry_summary.json,outputs/experiments/496_coordinate_optimizer_variable_depth_radius_seed13_target2_final_zr_txrx50/figures/FIGURE_NOTES.md,1569,1030,2061,0.7324453767472944
495,outputs/experiments/495_coordinate_optimizer_variable_depth_radius_seed13_target0_final_zr_txrx50,outputs/experiments/495_coordinate_optimizer_variable_depth_radius_seed13_target0_final_zr_txrx50/data/multi_rebar_coordinate_optimizer_summary.json,refreshed,refresh requested,outputs/experiments/495_coordinate_optimizer_variable_depth_radius_seed13_target0_final_zr_txrx50/figures/system_scene_geometry.png,outputs/experiments/495_coordinate_optimizer_variable_depth_radius_seed13_target0_final_zr_txrx50/data/system_scene_geometry_summary.json,outputs/experiments/495_coordinate_optimizer_variable_depth_radius_seed13_target0_final_zr_txrx50/figures/FIGURE_NOTES.md,1569,1030,2060,0.7325351005835143
494,outputs/experiments/494_variable_depth_radius_seed34_seed55_txrx50_final_interval_summary,,skipped,no compatible coordinate optimizer summary,,,,,,,
493,outputs/experiments/493_variable_depth_radius_seed34_txrx50_final_interval_summary,,skipped,no compatible coordinate optimizer summary,,,,,,,
492,outputs/experiments/492_coordinate_optimizer_variable_depth_radius_seed34_target2_final_zr_txrx50,outputs/experiments/492_coordinate_optimizer_variable_depth_radius_seed34_target2_final_zr_txrx50/data/multi_rebar_coordinate_optimizer_summary.json,refreshed,refresh requested,outputs/experiments/492_coordinate_optimizer_variable_depth_radius_seed34_target2_final_zr_txrx50/figures/system_scene_geometry.png,outputs/experiments/492_coordinate_optimizer_variable_depth_radius_seed34_target2_final_zr_txrx50/data/system_scene_geometry_summary.json,outputs/experiments/492_coordinate_optimizer_variable_depth_radius_seed34_target2_final_zr_txrx50/figures/FIGURE_NOTES.md,1569,1030,2061,0.7324998298341037
491,outputs/experiments/491_coordinate_optimizer_variable_depth_radius_seed34_target0_final_zr_txrx50,outputs/experiments/491_coordinate_optimizer_variable_depth_radius_seed34_target0_final_zr_txrx50/data/multi_rebar_coordinate_optimizer_summary.json,refreshed,refresh requested,outputs/experiments/491_coordinate_optimizer_variable_depth_radius_seed34_target0_final_zr_txrx50/figures/system_scene_geometry.png,outputs/experiments/491_coordinate_optimizer_variable_depth_radius_seed34_target0_final_zr_txrx50/data/system_scene_geometry_summary.json,outputs/experiments/491_coordinate_optimizer_variable_depth_radius_seed34_target0_final_zr_txrx50/figures/FIGURE_NOTES.md,1569,1030,2060,0.7325375757238238
490,outputs/experiments/490_variable_depth_radius_seed55_txrx50_final_interval_summary,,skipped,no compatible coordinate optimizer summary,,,,,,,
489,outputs/experiments/489_coordinate_optimizer_variable_depth_radius_seed55_target2_final_zr_txrx50,outputs/experiments/489_coordinate_optimizer_variable_depth_radius_seed55_target2_final_zr_txrx50/data/multi_rebar_coordinate_optimizer_summary.json,refreshed,refresh requested,outputs/experiments/489_coordinate_optimizer_variable_depth_radius_seed55_target2_final_zr_txrx50/figures/system_scene_geometry.png,outputs/experiments/489_coordinate_optimizer_variable_depth_radius_seed55_target2_final_zr_txrx50/data/system_scene_geometry_summary.json,outputs/experiments/489_coordinate_optimizer_variable_depth_radius_seed55_target2_final_zr_txrx50/figures/FIGURE_NOTES.md,1569,1030,2061,0.7324763160011634
488,outputs/experiments/488_coordinate_optimizer_variable_depth_radius_seed55_target0_final_zr_txrx50,outputs/experiments/488_coordinate_optimizer_variable_depth_radius_seed55_target0_final_zr_txrx50/data/multi_rebar_coordinate_optimizer_summary.json,refreshed,refresh requested,outputs/experiments/488_coordinate_optimizer_variable_depth_radius_seed55_target0_final_zr_txrx50/figures/system_scene_geometry.png,outputs/experiments/488_coordinate_optimizer_variable_depth_radius_seed55_target0_final_zr_txrx50/data/system_scene_geometry_summary.json,outputs/experiments/488_coordinate_optimizer_variable_depth_radius_seed55_target0_final_zr_txrx50/figures/FIGURE_NOTES.md,1569,1030,2060,0.7325660398373833
487,outputs/experiments/487_variable_depth_radius_seed55_txrx35_final_interval_summary,,skipped,no compatible coordinate optimizer summary,,,,,,,
486,outputs/experiments/486_coordinate_optimizer_variable_depth_radius_seed55_target2_final_zr_txrx35,outputs/experiments/486_coordinate_optimizer_variable_depth_radius_seed55_target2_final_zr_txrx35/data/multi_rebar_coordinate_optimizer_summary.json,refreshed,refresh requested,outputs/experiments/486_coordinate_optimizer_variable_depth_radius_seed55_target2_final_zr_txrx35/figures/system_scene_geometry.png,outputs/experiments/486_coordinate_optimizer_variable_depth_radius_seed55_target2_final_zr_txrx35/data/system_scene_geometry_summary.json,outputs/experiments/486_coordinate_optimizer_variable_depth_radius_seed55_target2_final_zr_txrx35/figures/FIGURE_NOTES.md,1569,1030,2107,0.732444757962217
485,outputs/experiments/485_coordinate_optimizer_variable_depth_radius_seed55_target0_final_zr_txrx35,outputs/experiments/485_coordinate_optimizer_variable_depth_radius_seed55_target0_final_zr_txrx35/data/multi_rebar_coordinate_optimizer_summary.json,refreshed,refresh requested,outputs/experiments/485_coordinate_optimizer_variable_depth_radius_seed55_target0_final_zr_txrx35/figures/system_scene_geometry.png,outputs/experiments/485_coordinate_optimizer_variable_depth_radius_seed55_target0_final_zr_txrx35/data/system_scene_geometry_summary.json,outputs/experiments/485_coordinate_optimizer_variable_depth_radius_seed55_target0_final_zr_txrx35/figures/FIGURE_NOTES.md,1569,1030,2106,0.7325270563775084
484,outputs/experiments/484_variable_depth_radius_seed55_sources7_final_interval_summary,,skipped,no compatible coordinate optimizer summary,,,,,,,
483,outputs/experiments/483_coordinate_optimizer_variable_depth_radius_seed55_target2_final_zr_sources7,outputs/experiments/483_coordinate_optimizer_variable_depth_radius_seed55_target2_final_zr_sources7/data/multi_rebar_coordinate_optimizer_summary.json,refreshed,refresh requested,outputs/experiments/483_coordinate_optimizer_variable_depth_radius_seed55_target2_final_zr_sources7/figures/system_scene_geometry.png,outputs/experiments/483_coordinate_optimizer_variable_depth_radius_seed55_target2_final_zr_sources7/data/system_scene_geometry_summary.json,outputs/experiments/483_coordinate_optimizer_variable_depth_radius_seed55_target2_final_zr_sources7/figures/FIGURE_NOTES.md,1569,1030,2093,0.732644006757133
482,outputs/experiments/482_coordinate_optimizer_variable_depth_radius_seed55_target0_final_zr_sources7,outputs/experiments/482_coordinate_optimizer_variable_depth_radius_seed55_target0_final_zr_sources7/data/multi_rebar_coordinate_optimizer_summary.json,refreshed,refresh requested,outputs/experiments/482_coordinate_optimizer_variable_depth_radius_seed55_target0_final_zr_sources7/figures/system_scene_geometry.png,outputs/experiments/482_coordinate_optimizer_variable_depth_radius_seed55_target0_final_zr_sources7/data/system_scene_geometry_summary.json,outputs/experiments/482_coordinate_optimizer_variable_depth_radius_seed55_target0_final_zr_sources7/figures/FIGURE_NOTES.md,1569,1030,2092,0.7327374433038173
481,outputs/experiments/481_variable_depth_radius_seed13_seed34_seed55_coordinate_confidence_summary,,skipped,no compatible coordinate optimizer summary,,,,,,,
480,outputs/experiments/480_variable_depth_radius_seed55_staged_coordinate_confidence_summary,,skipped,no compatible coordinate optimizer summary,,,,,,,
479,outputs/experiments/479_coordinate_optimizer_variable_depth_radius_seed55_target0_z_radius_coupled,outputs/experiments/479_coordinate_optimizer_variable_depth_radius_seed55_target0_z_radius_coupled/data/multi_rebar_coordinate_optimizer_summary.json,refreshed,refresh requested,outputs/experiments/479_coordinate_optimizer_variable_depth_radius_seed55_target0_z_radius_coupled/figures/system_scene_geometry.png,outputs/experiments/479_coordinate_optimizer_variable_depth_radius_seed55_target0_z_radius_coupled/data/system_scene_geometry_summary.json,outputs/experiments/479_coordinate_optimizer_variable_depth_radius_seed55_target0_z_radius_coupled/figures/FIGURE_NOTES.md,1569,1030,2372,0.7293316502379229
478,outputs/experiments/478_coordinate_optimizer_variable_depth_radius_seed55_target2_xzr_coupled,outputs/experiments/478_coordinate_optimizer_variable_depth_radius_seed55_target2_xzr_coupled/data/multi_rebar_coordinate_optimizer_summary.json,refreshed,refresh requested,outputs/experiments/478_coordinate_optimizer_variable_depth_radius_seed55_target2_xzr_coupled/figures/system_scene_geometry.png,outputs/experiments/478_coordinate_optimizer_variable_depth_radius_seed55_target2_xzr_coupled/data/system_scene_geometry_summary.json,outputs/experiments/478_coordinate_optimizer_variable_depth_radius_seed55_target2_xzr_coupled/figures/FIGURE_NOTES.md,1569,1030,2517,0.7287450419845675
477,outputs/experiments/477_coordinate_optimizer_variable_depth_radius_seed55_radius_only_pass,outputs/experiments/477_coordinate_optimizer_variable_depth_radius_seed55_radius_only_pass/data/multi_rebar_coordinate_optimizer_summary.json,refreshed,refresh requested,outputs/experiments/477_coordinate_optimizer_variable_depth_radius_seed55_radius_only_pass/figures/system_scene_geometry.png,outputs/experiments/477_coordinate_optimizer_variable_depth_radius_seed55_radius_only_pass/data/system_scene_geometry_summary.json,outputs/experiments/477_coordinate_optimizer_variable_depth_radius_seed55_radius_only_pass/figures/FIGURE_NOTES.md,1569,1030,2732,0.7283081797199379
476,outputs/experiments/476_coordinate_optimizer_variable_depth_radius_seed55_target2_location,outputs/experiments/476_coordinate_optimizer_variable_depth_radius_seed55_target2_location/data/multi_rebar_coordinate_optimizer_summary.json,refreshed,refresh requested,outputs/experiments/476_coordinate_optimizer_variable_depth_radius_seed55_target2_location/figures/system_scene_geometry.png,outputs/experiments/476_coordinate_optimizer_variable_depth_radius_seed55_target2_location/data/system_scene_geometry_summary.json,outputs/experiments/476_coordinate_optimizer_variable_depth_radius_seed55_target2_location/figures/FIGURE_NOTES.md,1569,1030,2713,0.728340975329039
475,outputs/experiments/475_coordinate_optimizer_variable_depth_radius_seed55_target0_location,outputs/experiments/475_coordinate_optimizer_variable_depth_radius_seed55_target0_location/data/multi_rebar_coordinate_optimizer_summary.json,refreshed,refresh requested,outputs/experiments/475_coordinate_optimizer_variable_depth_radius_seed55_target0_location/figures/system_scene_geometry.png,outputs/experiments/475_coordinate_optimizer_variable_depth_radius_seed55_target0_location/data/system_scene_geometry_summary.json,outputs/experiments/475_coordinate_optimizer_variable_depth_radius_seed55_target0_location/figures/FIGURE_NOTES.md,1569,1030,2615,0.7283576825261282
474,outputs/experiments/474_coordinate_optimizer_variable_depth_radius_seed55_target1_location,outputs/experiments/474_coordinate_optimizer_variable_depth_radius_seed55_target1_location/data/multi_rebar_coordinate_optimizer_summary.json,refreshed,refresh requested,outputs/experiments/474_coordinate_optimizer_variable_depth_radius_seed55_target1_location/figures/system_scene_geometry.png,outputs/experiments/474_coordinate_optimizer_variable_depth_radius_seed55_target1_location/data/system_scene_geometry_summary.json,outputs/experiments/474_coordinate_optimizer_variable_depth_radius_seed55_target1_location/figures/FIGURE_NOTES.md,1569,1030,2561,0.7283069421497831
473,outputs/experiments/473_detection_assignment_variable_depth_radius_472,,skipped,no compatible coordinate optimizer summary,,,,,,,
472,outputs/experiments/472_detection_multi_rebar_variable_depth_radius_source_mismatch_noise10_seed55,,skipped,no compatible coordinate optimizer summary,,,,,,,
471,outputs/experiments/471_variable_depth_radius_seed13_seed34_coordinate_confidence_summary,,skipped,no compatible coordinate optimizer summary,,,,,,,
470,outputs/experiments/470_variable_depth_radius_seed34_staged_coordinate_confidence_summary,,skipped,no compatible coordinate optimizer summary,,,,,,,
469,outputs/experiments/469_coordinate_optimizer_variable_depth_radius_seed34_target0_z_radius_coupled,outputs/experiments/469_coordinate_optimizer_variable_depth_radius_seed34_target0_z_radius_coupled/data/multi_rebar_coordinate_optimizer_summary.json,refreshed,refresh requested,outputs/experiments/469_coordinate_optimizer_variable_depth_radius_seed34_target0_z_radius_coupled/figures/system_scene_geometry.png,outputs/experiments/469_coordinate_optimizer_variable_depth_radius_seed34_target0_z_radius_coupled/data/system_scene_geometry_summary.json,outputs/experiments/469_coordinate_optimizer_variable_depth_radius_seed34_target0_z_radius_coupled/figures/FIGURE_NOTES.md,1569,1030,2372,0.7293093739751372
468,outputs/experiments/468_coordinate_optimizer_variable_depth_radius_seed34_target2_z_radius_coupled,outputs/experiments/468_coordinate_optimizer_variable_depth_radius_seed34_target2_z_radius_coupled/data/multi_rebar_coordinate_optimizer_summary.json,refreshed,refresh requested,outputs/experiments/468_coordinate_optimizer_variable_depth_radius_seed34_target2_z_radius_coupled/figures/system_scene_geometry.png,outputs/experiments/468_coordinate_optimizer_variable_depth_radius_seed34_target2_z_radius_coupled/data/system_scene_geometry_summary.json,outputs/experiments/468_coordinate_optimizer_variable_depth_radius_seed34_target2_z_radius_coupled/figures/FIGURE_NOTES.md,1569,1030,2478,0.7293192745363752
467,outputs/experiments/467_coordinate_optimizer_variable_depth_radius_seed34_radius_only_pass,outputs/experiments/467_coordinate_optimizer_variable_depth_radius_seed34_radius_only_pass/data/multi_rebar_coordinate_optimizer_summary.json,refreshed,refresh requested,outputs/experiments/467_coordinate_optimizer_variable_depth_radius_seed34_radius_only_pass/figures/system_scene_geometry.png,outputs/experiments/467_coordinate_optimizer_variable_depth_radius_seed34_radius_only_pass/data/system_scene_geometry_summary.json,outputs/experiments/467_coordinate_optimizer_variable_depth_radius_seed34_radius_only_pass/figures/FIGURE_NOTES.md,1569,1030,2718,0.7282722901854499
466,outputs/experiments/466_coordinate_optimizer_variable_depth_radius_seed34_target2_location,outputs/experiments/466_coordinate_optimizer_variable_depth_radius_seed34_target2_location/data/multi_rebar_coordinate_optimizer_summary.json,refreshed,refresh requested,outputs/experiments/466_coordinate_optimizer_variable_depth_radius_seed34_target2_location/figures/system_scene_geometry.png,outputs/experiments/466_coordinate_optimizer_variable_depth_radius_seed34_target2_location/data/system_scene_geometry_summary.json,outputs/experiments/466_coordinate_optimizer_variable_depth_radius_seed34_target2_location/figures/FIGURE_NOTES.md,1569,1030,2704,0.7283285996274914
465,outputs/experiments/465_coordinate_optimizer_variable_depth_radius_seed34_target1_location,outputs/experiments/465_coordinate_optimizer_variable_depth_radius_seed34_target1_location/data/multi_rebar_coordinate_optimizer_summary.json,refreshed,refresh requested,outputs/experiments/465_coordinate_optimizer_variable_depth_radius_seed34_target1_location/figures/system_scene_geometry.png,outputs/experiments/465_coordinate_optimizer_variable_depth_radius_seed34_target1_location/data/system_scene_geometry_summary.json,outputs/experiments/465_coordinate_optimizer_variable_depth_radius_seed34_target1_location/figures/FIGURE_NOTES.md,1569,1030,2577,0.7283193178513307
464,outputs/experiments/464_coordinate_optimizer_variable_depth_radius_seed34_target0_location,outputs/experiments/464_coordinate_optimizer_variable_depth_radius_seed34_target0_location/data/multi_rebar_coordinate_optimizer_summary.json,refreshed,refresh requested,outputs/experiments/464_coordinate_optimizer_variable_depth_radius_seed34_target0_location/figures/system_scene_geometry.png,outputs/experiments/464_coordinate_optimizer_variable_depth_radius_seed34_target0_location/data/system_scene_geometry_summary.json,outputs/experiments/464_coordinate_optimizer_variable_depth_radius_seed34_target0_location/figures/FIGURE_NOTES.md,1569,1030,2653,0.7283607764515151
463,outputs/experiments/463_detection_assignment_variable_depth_radius_462,,skipped,no compatible coordinate optimizer summary,,,,,,,
462,outputs/experiments/462_detection_multi_rebar_variable_depth_radius_source_mismatch_noise10_seed34,,skipped,no compatible coordinate optimizer summary,,,,,,,
461,outputs/experiments/461_variable_depth_radius_staged_coordinate_confidence_summary,,skipped,no compatible coordinate optimizer summary,,,,,,,
460,outputs/experiments/460_coordinate_optimizer_variable_depth_radius_target2_x_polish_seed13,outputs/experiments/460_coordinate_optimizer_variable_depth_radius_target2_x_polish_seed13/data/multi_rebar_coordinate_optimizer_summary.json,refreshed,refresh requested,outputs/experiments/460_coordinate_optimizer_variable_depth_radius_target2_x_polish_seed13/figures/system_scene_geometry.png,outputs/experiments/460_coordinate_optimizer_variable_depth_radius_target2_x_polish_seed13/data/system_scene_geometry_summary.json,outputs/experiments/460_coordinate_optimizer_variable_depth_radius_target2_x_polish_seed13/figures/FIGURE_NOTES.md,1569,1030,2361,0.7282716714003725
459,outputs/experiments/459_coordinate_optimizer_variable_depth_radius_target0_xz_radius_coupled_seed13,outputs/experiments/459_coordinate_optimizer_variable_depth_radius_target0_xz_radius_coupled_seed13/data/multi_rebar_coordinate_optimizer_summary.json,refreshed,refresh requested,outputs/experiments/459_coordinate_optimizer_variable_depth_radius_target0_xz_radius_coupled_seed13/figures/system_scene_geometry.png,outputs/experiments/459_coordinate_optimizer_variable_depth_radius_target0_xz_radius_coupled_seed13/data/system_scene_geometry_summary.json,outputs/experiments/459_coordinate_optimizer_variable_depth_radius_target0_xz_radius_coupled_seed13/figures/FIGURE_NOTES.md,1569,1030,2477,0.729456026038476
458,outputs/experiments/458_coordinate_optimizer_variable_depth_radius_target0_radius_7source_seed13,outputs/experiments/458_coordinate_optimizer_variable_depth_radius_target0_radius_7source_seed13/data/multi_rebar_coordinate_optimizer_summary.json,refreshed,refresh requested,outputs/experiments/458_coordinate_optimizer_variable_depth_radius_target0_radius_7source_seed13/figures/system_scene_geometry.png,outputs/experiments/458_coordinate_optimizer_variable_depth_radius_target0_radius_7source_seed13/data/system_scene_geometry_summary.json,outputs/experiments/458_coordinate_optimizer_variable_depth_radius_target0_radius_7source_seed13/figures/FIGURE_NOTES.md,1569,1030,2518,0.7290105007827631
457,outputs/experiments/457_coordinate_optimizer_variable_depth_radius_radius_second_pass_seed13,outputs/experiments/457_coordinate_optimizer_variable_depth_radius_radius_second_pass_seed13/data/multi_rebar_coordinate_optimizer_summary.json,refreshed,refresh requested,outputs/experiments/457_coordinate_optimizer_variable_depth_radius_radius_second_pass_seed13/figures/system_scene_geometry.png,outputs/experiments/457_coordinate_optimizer_variable_depth_radius_radius_second_pass_seed13/data/system_scene_geometry_summary.json,outputs/experiments/457_coordinate_optimizer_variable_depth_radius_radius_second_pass_seed13/figures/FIGURE_NOTES.md,1569,1030,2598,0.7285767324435204
456,outputs/experiments/456_coordinate_optimizer_variable_depth_radius_radius_only_seed13,outputs/experiments/456_coordinate_optimizer_variable_depth_radius_radius_only_seed13/data/multi_rebar_coordinate_optimizer_summary.json,refreshed,refresh requested,outputs/experiments/456_coordinate_optimizer_variable_depth_radius_radius_only_seed13/figures/system_scene_geometry.png,outputs/experiments/456_coordinate_optimizer_variable_depth_radius_radius_only_seed13/data/system_scene_geometry_summary.json,outputs/experiments/456_coordinate_optimizer_variable_depth_radius_radius_only_seed13/figures/FIGURE_NOTES.md,1569,1030,2723,0.7276238034243566
455,outputs/experiments/455_coordinate_optimizer_variable_depth_radius_location_only_seed13,outputs/experiments/455_coordinate_optimizer_variable_depth_radius_location_only_seed13/data/multi_rebar_coordinate_optimizer_summary.json,refreshed,refresh requested,outputs/experiments/455_coordinate_optimizer_variable_depth_radius_location_only_seed13/figures/system_scene_geometry.png,outputs/experiments/455_coordinate_optimizer_variable_depth_radius_location_only_seed13/data/system_scene_geometry_summary.json,outputs/experiments/455_coordinate_optimizer_variable_depth_radius_location_only_seed13/figures/FIGURE_NOTES.md,1569,1030,3087,0.7278348091357428
454,outputs/experiments/454_assigned_coordinate_command_variable_depth_radius_location_only_451,,skipped,no compatible coordinate optimizer summary,,,,,,,
453,outputs/experiments/453_assigned_coordinate_command_variable_depth_radius_451,,skipped,no compatible coordinate optimizer summary,,,,,,,
452,outputs/experiments/452_detection_assignment_variable_depth_radius_451,,skipped,no compatible coordinate optimizer summary,,,,,,,
451,outputs/experiments/451_detection_multi_rebar_variable_depth_radius_source_mismatch_noise10,,skipped,no compatible coordinate optimizer summary,,,,,,,
450,outputs/experiments/450_multi_rebar_center_material_radius_profile_seed55_true_state,,skipped,no compatible coordinate optimizer summary,,,,,,,
449,outputs/experiments/449_multi_rebar_material_radius_cpu_smoke,,skipped,no compatible coordinate optimizer summary,,,,,,,
448,outputs/experiments/448_coordinate_objective_diagnostic_report_447,,skipped,no compatible coordinate optimizer summary,,,,,,,
447,outputs/experiments/447_multi_rebar_coupled_source_shape_true_state_radius_objectives,outputs/experiments/447_multi_rebar_coupled_source_shape_true_state_radius_objectives/data/multi_rebar_coordinate_optimizer_summary.json,refreshed,refresh requested,outputs/experiments/447_multi_rebar_coupled_source_shape_true_state_radius_objectives/figures/system_scene_geometry.png,outputs/experiments/447_multi_rebar_coupled_source_shape_true_state_radius_objectives/data/system_scene_geometry_summary.json,outputs/experiments/447_multi_rebar_coupled_source_shape_true_state_radius_objectives/figures/FIGURE_NOTES.md,1569,1030,1976,0.7309584362063525
446,outputs/experiments/446_multi_rebar_coupled_source_shape_seed55_coordinate_aggregate_v3,,skipped,no compatible coordinate optimizer summary,,,,,,,
445,outputs/experiments/445_multi_rebar_coupled_source_shape_seed55_xzr_order_two_pass,outputs/experiments/445_multi_rebar_coupled_source_shape_seed55_xzr_order_two_pass/data/multi_rebar_coordinate_optimizer_summary.json,refreshed,refresh requested,outputs/experiments/445_multi_rebar_coupled_source_shape_seed55_xzr_order_two_pass/figures/system_scene_geometry.png,outputs/experiments/445_multi_rebar_coupled_source_shape_seed55_xzr_order_two_pass/data/system_scene_geometry_summary.json,outputs/experiments/445_multi_rebar_coupled_source_shape_seed55_xzr_order_two_pass/figures/FIGURE_NOTES.md,1569,1030,2616,0.7272420130316137
444,outputs/experiments/444_multi_rebar_coupled_source_shape_seed55_coordinate_aggregate_v2,,skipped,no compatible coordinate optimizer summary,,,,,,,
443,outputs/experiments/443_multi_rebar_coupled_source_shape_seed55_xzr_order_replication,outputs/experiments/443_multi_rebar_coupled_source_shape_seed55_xzr_order_replication/data/multi_rebar_coordinate_optimizer_summary.json,refreshed,refresh requested,outputs/experiments/443_multi_rebar_coupled_source_shape_seed55_xzr_order_replication/figures/system_scene_geometry.png,outputs/experiments/443_multi_rebar_coupled_source_shape_seed55_xzr_order_replication/data/system_scene_geometry_summary.json,outputs/experiments/443_multi_rebar_coupled_source_shape_seed55_xzr_order_replication/figures/FIGURE_NOTES.md,1569,1030,2616,0.7275037591193451
442,outputs/experiments/442_multi_rebar_coupled_source_shape_seed55_coordinate_aggregate,,skipped,no compatible coordinate optimizer summary,,,,,,,
441,outputs/experiments/441_multi_rebar_coupled_source_shape_seed55_xzr_perturbed_pass,outputs/experiments/441_multi_rebar_coupled_source_shape_seed55_xzr_perturbed_pass/data/multi_rebar_coordinate_optimizer_summary.json,refreshed,refresh requested,outputs/experiments/441_multi_rebar_coupled_source_shape_seed55_xzr_perturbed_pass/figures/system_scene_geometry.png,outputs/experiments/441_multi_rebar_coupled_source_shape_seed55_xzr_perturbed_pass/data/system_scene_geometry_summary.json,outputs/experiments/441_multi_rebar_coupled_source_shape_seed55_xzr_perturbed_pass/figures/FIGURE_NOTES.md,1569,1030,2623,0.7273948529457264
440,outputs/experiments/440_multi_rebar_coupled_source_shape_seed55_compact_pass,outputs/experiments/440_multi_rebar_coupled_source_shape_seed55_compact_pass/data/multi_rebar_coordinate_optimizer_summary.json,refreshed,refresh requested,outputs/experiments/440_multi_rebar_coupled_source_shape_seed55_compact_pass/figures/system_scene_geometry.png,outputs/experiments/440_multi_rebar_coupled_source_shape_seed55_compact_pass/data/system_scene_geometry_summary.json,outputs/experiments/440_multi_rebar_coupled_source_shape_seed55_compact_pass/figures/FIGURE_NOTES.md,1569,1030,2318,0.7267692612324961
439,outputs/experiments/439_multi_rebar_source_shape_seed_synthesis,,skipped,no compatible coordinate optimizer summary,,,,,,,
438,outputs/experiments/438_multi_rebar_center_source_shape_seed55_stage4c_dense_radius,,skipped,no compatible coordinate optimizer summary,,,,,,,
437,outputs/experiments/437_multi_rebar_center_source_shape_seed55_high_radius_wide_xz,,skipped,no compatible coordinate optimizer summary,,,,,,,
436,outputs/experiments/436_multi_rebar_center_source_shape_seed_replication_compact_xzr,,skipped,no compatible coordinate optimizer summary,,,,,,,
435,outputs/experiments/435_multi_rebar_source_shape_dense_synthesis,,skipped,no compatible coordinate optimizer summary,,,,,,,
434,outputs/experiments/434_multi_rebar_right_source_shape_basis_fit_stage4c_dense_radius,,skipped,no compatible coordinate optimizer summary,,,,,,,
433,outputs/experiments/433_multi_rebar_left_source_shape_basis_fit_stage4c_dense_radius,,skipped,no compatible coordinate optimizer summary,,,,,,,
432,outputs/experiments/432_multi_rebar_center_source_shape_basis_fit_stage4c_dense_radius,,skipped,no compatible coordinate optimizer summary,,,,,,,
431,outputs/experiments/431_multi_rebar_center_source_shape_basis_fit_high_radius_wide_xz,,skipped,no compatible coordinate optimizer summary,,,,,,,
430,outputs/experiments/430_multi_rebar_center_source_shape_basis_fit_high_radius_compact_xzr,,skipped,no compatible coordinate optimizer summary,,,,,,,
429,outputs/experiments/429_multi_rebar_center_source_shape_basis_fit_hard_noise_compact_xzr,,skipped,no compatible coordinate optimizer summary,,,,,,,
428,outputs/experiments/428_multi_rebar_right_source_shape_basis_fit_compact_xzr,,skipped,no compatible coordinate optimizer summary,,,,,,,
427,outputs/experiments/427_multi_rebar_center_source_shape_basis_fit_compact_xzr,,skipped,no compatible coordinate optimizer summary,,,,,,,
426,outputs/experiments/426_multi_rebar_left_source_shape_basis_fit_compact_xzr,,skipped,no compatible coordinate optimizer summary,,,,,,,
425,outputs/experiments/425_multi_rebar_left_source_shape_basis_fit_narrow,,skipped,no compatible coordinate optimizer summary,,,,,,,
424,outputs/experiments/424_source_shape_ringdown_basis_fit_matrix,,skipped,no compatible coordinate optimizer summary,,,,,,,
423,outputs/experiments/423_source_shape_ringdown_modeled_seed_amplitude_matrix,,skipped,no compatible coordinate optimizer summary,,,,,,,
422,outputs/experiments/422_source_shape_ringdown_modeled_profile_replication,,skipped,no compatible coordinate optimizer summary,,,,,,,
421,outputs/experiments/421_source_shape_ringdown_profiled_replication,,skipped,no compatible coordinate optimizer summary,,,,,,,
420,outputs/experiments/420_material_source_branch_animation_summary,,skipped,no compatible coordinate optimizer summary,,,,,,,
419,outputs/experiments/419_variable_radius_staged_pipeline_seed13_21_34_sources7_replay_plan,,skipped,no compatible coordinate optimizer summary,,,,,,,
418,outputs/experiments/418_coordinate_confidence_close14_txrx50_noise_boundary_summary,,skipped,no compatible coordinate optimizer summary,,,,,,,
417,outputs/experiments/417_coordinate_optimizer_close14_seed34_sources4_txrx50_noise19p64237213134765625_objectives,outputs/experiments/417_coordinate_optimizer_close14_seed34_sources4_txrx50_noise19p64237213134765625_objectives/data/multi_rebar_coordinate_optimizer_summary.json,refreshed,refresh requested,outputs/experiments/417_coordinate_optimizer_close14_seed34_sources4_txrx50_noise19p64237213134765625_objectives/figures/system_scene_geometry.png,outputs/experiments/417_coordinate_optimizer_close14_seed34_sources4_txrx50_noise19p64237213134765625_objectives/data/system_scene_geometry_summary.json,outputs/experiments/417_coordinate_optimizer_close14_seed34_sources4_txrx50_noise19p64237213134765625_objectives/figures/FIGURE_NOTES.md,1718,1030,2594,0.6681538704974174
416,outputs/experiments/416_coordinate_optimizer_close14_seed34_sources4_txrx50_noise19p6424102783203125_objectives,outputs/experiments/416_coordinate_optimizer_close14_seed34_sources4_txrx50_noise19p6424102783203125_objectives/data/multi_rebar_coordinate_optimizer_summary.json,refreshed,refresh requested,outputs/experiments/416_coordinate_optimizer_close14_seed34_sources4_txrx50_noise19p6424102783203125_objectives/figures/system_scene_geometry.png,outputs/experiments/416_coordinate_optimizer_close14_seed34_sources4_txrx50_noise19p6424102783203125_objectives/data/system_scene_geometry_summary.json,outputs/experiments/416_coordinate_optimizer_close14_seed34_sources4_txrx50_noise19p6424102783203125_objectives/figures/FIGURE_NOTES.md,1697,1030,2583,0.6765079437728487
415,outputs/experiments/415_coordinate_optimizer_close14_seed34_sources4_txrx50_noise19p642486572265625_objectives,outputs/experiments/415_coordinate_optimizer_close14_seed34_sources4_txrx50_noise19p642486572265625_objectives/data/multi_rebar_coordinate_optimizer_summary.json,refreshed,refresh requested,outputs/experiments/415_coordinate_optimizer_close14_seed34_sources4_txrx50_noise19p642486572265625_objectives/figures/system_scene_geometry.png,outputs/experiments/415_coordinate_optimizer_close14_seed34_sources4_txrx50_noise19p642486572265625_objectives/data/system_scene_geometry_summary.json,outputs/experiments/415_coordinate_optimizer_close14_seed34_sources4_txrx50_noise19p642486572265625_objectives/figures/FIGURE_NOTES.md,1675,1030,2606,0.6851789595710767
414,outputs/experiments/414_coordinate_optimizer_close14_seed34_sources4_txrx50_noise19p64263916015625_objectives,outputs/experiments/414_coordinate_optimizer_close14_seed34_sources4_txrx50_noise19p64263916015625_objectives/data/multi_rebar_coordinate_optimizer_summary.json,refreshed,refresh requested,outputs/experiments/414_coordinate_optimizer_close14_seed34_sources4_txrx50_noise19p64263916015625_objectives/figures/system_scene_geometry.png,outputs/experiments/414_coordinate_optimizer_close14_seed34_sources4_txrx50_noise19p64263916015625_objectives/data/system_scene_geometry_summary.json,outputs/experiments/414_coordinate_optimizer_close14_seed34_sources4_txrx50_noise19p64263916015625_objectives/figures/FIGURE_NOTES.md,1654,1030,2601,0.6937216045831817
413,outputs/experiments/413_coordinate_optimizer_close14_seed34_sources4_txrx50_noise19p6429443359375_objectives,outputs/experiments/413_coordinate_optimizer_close14_seed34_sources4_txrx50_noise19p6429443359375_objectives/data/multi_rebar_coordinate_optimizer_summary.json,refreshed,refresh requested,outputs/experiments/413_coordinate_optimizer_close14_seed34_sources4_txrx50_noise19p6429443359375_objectives/figures/system_scene_geometry.png,outputs/experiments/413_coordinate_optimizer_close14_seed34_sources4_txrx50_noise19p6429443359375_objectives/data/system_scene_geometry_summary.json,outputs/experiments/413_coordinate_optimizer_close14_seed34_sources4_txrx50_noise19p6429443359375_objectives/figures/FIGURE_NOTES.md,1638,1030,2572,0.7003070284623683
412,outputs/experiments/412_coordinate_confidence_close14_sources4_txrx50_noise19p642333984375_seed_replicates,,skipped,no compatible coordinate optimizer summary,,,,,,,
411,outputs/experiments/411_coordinate_optimizer_close14_seed21_sources4_txrx50_noise19p642333984375_objectives,outputs/experiments/411_coordinate_optimizer_close14_seed21_sources4_txrx50_noise19p642333984375_objectives/data/multi_rebar_coordinate_optimizer_summary.json,refreshed,refresh requested,outputs/experiments/411_coordinate_optimizer_close14_seed21_sources4_txrx50_noise19p642333984375_objectives/figures/system_scene_geometry.png,outputs/experiments/411_coordinate_optimizer_close14_seed21_sources4_txrx50_noise19p642333984375_objectives/data/system_scene_geometry_summary.json,outputs/experiments/411_coordinate_optimizer_close14_seed21_sources4_txrx50_noise19p642333984375_objectives/figures/FIGURE_NOTES.md,1627,1030,2572,0.7048412409521366
410,outputs/experiments/410_coordinate_optimizer_close14_seed13_sources4_txrx50_noise19p642333984375_objectives,outputs/experiments/410_coordinate_optimizer_close14_seed13_sources4_txrx50_noise19p642333984375_objectives/data/multi_rebar_coordinate_optimizer_summary.json,refreshed,refresh requested,outputs/experiments/410_coordinate_optimizer_close14_seed13_sources4_txrx50_noise19p642333984375_objectives/figures/system_scene_geometry.png,outputs/experiments/410_coordinate_optimizer_close14_seed13_sources4_txrx50_noise19p642333984375_objectives/data/system_scene_geometry_summary.json,outputs/experiments/410_coordinate_optimizer_close14_seed13_sources4_txrx50_noise19p642333984375_objectives/figures/FIGURE_NOTES.md,1627,1030,2572,0.7048842052499985
409,outputs/experiments/409_coordinate_optimizer_close14_seed34_sources4_txrx50_noise19p642333984375_objectives,outputs/experiments/409_coordinate_optimizer_close14_seed34_sources4_txrx50_noise19p642333984375_objectives/data/multi_rebar_coordinate_optimizer_summary.json,refreshed,refresh requested,outputs/experiments/409_coordinate_optimizer_close14_seed34_sources4_txrx50_noise19p642333984375_objectives/figures/system_scene_geometry.png,outputs/experiments/409_coordinate_optimizer_close14_seed34_sources4_txrx50_noise19p642333984375_objectives/data/system_scene_geometry_summary.json,outputs/experiments/409_coordinate_optimizer_close14_seed34_sources4_txrx50_noise19p642333984375_objectives/figures/FIGURE_NOTES.md,1627,1030,2572,0.7049074775780071
408,outputs/experiments/408_coordinate_confidence_close14_sources4_txrx50_noise19p64111328125_seed_replicates,,skipped,no compatible coordinate optimizer summary,,,,,,,
407,outputs/experiments/407_coordinate_optimizer_close14_seed21_sources4_txrx50_noise19p64111328125_objectives,outputs/experiments/407_coordinate_optimizer_close14_seed21_sources4_txrx50_noise19p64111328125_objectives/data/multi_rebar_coordinate_optimizer_summary.json,refreshed,refresh requested,outputs/experiments/407_coordinate_optimizer_close14_seed21_sources4_txrx50_noise19p64111328125_objectives/figures/system_scene_geometry.png,outputs/experiments/407_coordinate_optimizer_close14_seed21_sources4_txrx50_noise19p64111328125_objectives/data/system_scene_geometry_summary.json,outputs/experiments/407_coordinate_optimizer_close14_seed21_sources4_txrx50_noise19p64111328125_objectives/figures/FIGURE_NOTES.md,1616,1030,2572,0.7093849130058637
406,outputs/experiments/406_coordinate_optimizer_close14_seed13_sources4_txrx50_noise19p64111328125_objectives,outputs/experiments/406_coordinate_optimizer_close14_seed13_sources4_txrx50_noise19p64111328125_objectives/data/multi_rebar_coordinate_optimizer_summary.json,refreshed,refresh requested,outputs/experiments/406_coordinate_optimizer_close14_seed13_sources4_txrx50_noise19p64111328125_objectives/figures/system_scene_geometry.png,outputs/experiments/406_coordinate_optimizer_close14_seed13_sources4_txrx50_noise19p64111328125_objectives/data/system_scene_geometry_summary.json,outputs/experiments/406_coordinate_optimizer_close14_seed13_sources4_txrx50_noise19p64111328125_objectives/figures/FIGURE_NOTES.md,1616,1030,2572,0.7093927232529078
405,outputs/experiments/405_coordinate_optimizer_close14_seed34_sources4_txrx50_noise19p64111328125_objectives,outputs/experiments/405_coordinate_optimizer_close14_seed34_sources4_txrx50_noise19p64111328125_objectives/data/multi_rebar_coordinate_optimizer_summary.json,refreshed,refresh requested,outputs/experiments/405_coordinate_optimizer_close14_seed34_sources4_txrx50_noise19p64111328125_objectives/figures/system_scene_geometry.png,outputs/experiments/405_coordinate_optimizer_close14_seed34_sources4_txrx50_noise19p64111328125_objectives/data/system_scene_geometry_summary.json,outputs/experiments/405_coordinate_optimizer_close14_seed34_sources4_txrx50_noise19p64111328125_objectives/figures/FIGURE_NOTES.md,1616,1030,2572,0.7094095453234643
404,outputs/experiments/404_coordinate_optimizer_close14_seed34_sources4_txrx50_noise19p6435546875_objectives,outputs/experiments/404_coordinate_optimizer_close14_seed34_sources4_txrx50_noise19p6435546875_objectives/data/multi_rebar_coordinate_optimizer_summary.json,refreshed,refresh requested,outputs/experiments/404_coordinate_optimizer_close14_seed34_sources4_txrx50_noise19p6435546875_objectives/figures/system_scene_geometry.png,outputs/experiments/404_coordinate_optimizer_close14_seed34_sources4_txrx50_noise19p6435546875_objectives/data/system_scene_geometry_summary.json,outputs/experiments/404_coordinate_optimizer_close14_seed34_sources4_txrx50_noise19p6435546875_objectives/figures/FIGURE_NOTES.md,1606,1030,2572,0.7138074453807929
403,outputs/experiments/403_coordinate_confidence_close14_sources4_txrx50_noise19p638671875_seed_replicates,,skipped,no compatible coordinate optimizer summary,,,,,,,
402,outputs/experiments/402_coordinate_optimizer_close14_seed21_sources4_txrx50_noise19p638671875_objectives,outputs/experiments/402_coordinate_optimizer_close14_seed21_sources4_txrx50_noise19p638671875_objectives/data/multi_rebar_coordinate_optimizer_summary.json,refreshed,refresh requested,outputs/experiments/402_coordinate_optimizer_close14_seed21_sources4_txrx50_noise19p638671875_objectives/figures/system_scene_geometry.png,outputs/experiments/402_coordinate_optimizer_close14_seed21_sources4_txrx50_noise19p638671875_objectives/data/system_scene_geometry_summary.json,outputs/experiments/402_coordinate_optimizer_close14_seed21_sources4_txrx50_noise19p638671875_objectives/figures/FIGURE_NOTES.md,1595,1030,2572,0.7184782542532794
401,outputs/experiments/401_coordinate_optimizer_close14_seed13_sources4_txrx50_noise19p638671875_objectives,outputs/experiments/401_coordinate_optimizer_close14_seed13_sources4_txrx50_noise19p638671875_objectives/data/multi_rebar_coordinate_optimizer_summary.json,refreshed,refresh requested,outputs/experiments/401_coordinate_optimizer_close14_seed13_sources4_txrx50_noise19p638671875_objectives/figures/system_scene_geometry.png,outputs/experiments/401_coordinate_optimizer_close14_seed13_sources4_txrx50_noise19p638671875_objectives/data/system_scene_geometry_summary.json,outputs/experiments/401_coordinate_optimizer_close14_seed13_sources4_txrx50_noise19p638671875_objectives/figures/FIGURE_NOTES.md,1595,1030,2572,0.7185135587546033
400,outputs/experiments/400_coordinate_optimizer_close14_seed34_sources4_txrx50_noise19p638671875_objectives,outputs/experiments/400_coordinate_optimizer_close14_seed34_sources4_txrx50_noise19p638671875_objectives/data/multi_rebar_coordinate_optimizer_summary.json,refreshed,refresh requested,outputs/experiments/400_coordinate_optimizer_close14_seed34_sources4_txrx50_noise19p638671875_objectives/figures/system_scene_geometry.png,outputs/experiments/400_coordinate_optimizer_close14_seed34_sources4_txrx50_noise19p638671875_objectives/data/system_scene_geometry_summary.json,outputs/experiments/400_coordinate_optimizer_close14_seed34_sources4_txrx50_noise19p638671875_objectives/figures/FIGURE_NOTES.md,1595,1030,2572,0.7185634720150957
399,outputs/experiments/399_coordinate_confidence_close14_sources4_txrx50_noise19p62890625_seed_replicates,,skipped,no compatible coordinate optimizer summary,,,,,,,
398,outputs/experiments/398_coordinate_optimizer_close14_seed21_sources4_txrx50_noise19p62890625_objectives,outputs/experiments/398_coordinate_optimizer_close14_seed21_sources4_txrx50_noise19p62890625_objectives/data/multi_rebar_coordinate_optimizer_summary.json,refreshed,refresh requested,outputs/experiments/398_coordinate_optimizer_close14_seed21_sources4_txrx50_noise19p62890625_objectives/figures/system_scene_geometry.png,outputs/experiments/398_coordinate_optimizer_close14_seed21_sources4_txrx50_noise19p62890625_objectives/data/system_scene_geometry_summary.json,outputs/experiments/398_coordinate_optimizer_close14_seed21_sources4_txrx50_noise19p62890625_objectives/figures/FIGURE_NOTES.md,1584,1030,2572,0.723424168873198
397,outputs/experiments/397_coordinate_optimizer_close14_seed13_sources4_txrx50_noise19p62890625_objectives,outputs/experiments/397_coordinate_optimizer_close14_seed13_sources4_txrx50_noise19p62890625_objectives/data/multi_rebar_coordinate_optimizer_summary.json,refreshed,refresh requested,outputs/experiments/397_coordinate_optimizer_close14_seed13_sources4_txrx50_noise19p62890625_objectives/figures/system_scene_geometry.png,outputs/experiments/397_coordinate_optimizer_close14_seed13_sources4_txrx50_noise19p62890625_objectives/data/system_scene_geometry_summary.json,outputs/experiments/397_coordinate_optimizer_close14_seed13_sources4_txrx50_noise19p62890625_objectives/figures/FIGURE_NOTES.md,1584,1030,2572,0.7234394920074532
396,outputs/experiments/396_coordinate_optimizer_close14_seed34_sources4_txrx50_noise19p62890625_objectives,outputs/experiments/396_coordinate_optimizer_close14_seed34_sources4_txrx50_noise19p62890625_objectives/data/multi_rebar_coordinate_optimizer_summary.json,refreshed,refresh requested,outputs/experiments/396_coordinate_optimizer_close14_seed34_sources4_txrx50_noise19p62890625_objectives/figures/system_scene_geometry.png,outputs/experiments/396_coordinate_optimizer_close14_seed34_sources4_txrx50_noise19p62890625_objectives/data/system_scene_geometry_summary.json,outputs/experiments/396_coordinate_optimizer_close14_seed34_sources4_txrx50_noise19p62890625_objectives/figures/FIGURE_NOTES.md,1584,1030,2572,0.7234615573207807
395,outputs/experiments/395_coordinate_optimizer_close14_seed34_sources4_txrx50_noise19p6484375_objectives,outputs/experiments/395_coordinate_optimizer_close14_seed34_sources4_txrx50_noise19p6484375_objectives/data/multi_rebar_coordinate_optimizer_summary.json,refreshed,refresh requested,outputs/experiments/395_coordinate_optimizer_close14_seed34_sources4_txrx50_noise19p6484375_objectives/figures/system_scene_geometry.png,outputs/experiments/395_coordinate_optimizer_close14_seed34_sources4_txrx50_noise19p6484375_objectives/data/system_scene_geometry_summary.json,outputs/experiments/395_coordinate_optimizer_close14_seed34_sources4_txrx50_noise19p6484375_objectives/figures/FIGURE_NOTES.md,1573,1030,2572,0.7282763132719002
394,outputs/experiments/394_coordinate_confidence_close14_sources4_txrx50_noise19p609375_seed_replicates,,skipped,no compatible coordinate optimizer summary,,,,,,,
393,outputs/experiments/393_coordinate_optimizer_close14_seed21_sources4_txrx50_noise19p609375_objectives,outputs/experiments/393_coordinate_optimizer_close14_seed21_sources4_txrx50_noise19p609375_objectives/data/multi_rebar_coordinate_optimizer_summary.json,refreshed,refresh requested,outputs/experiments/393_coordinate_optimizer_close14_seed21_sources4_txrx50_noise19p609375_objectives/figures/system_scene_geometry.png,outputs/experiments/393_coordinate_optimizer_close14_seed21_sources4_txrx50_noise19p609375_objectives/data/system_scene_geometry_summary.json,outputs/experiments/393_coordinate_optimizer_close14_seed21_sources4_txrx50_noise19p609375_objectives/figures/FIGURE_NOTES.md,1569,1030,2572,0.7299219712017425
392,outputs/experiments/392_coordinate_optimizer_close14_seed13_sources4_txrx50_noise19p609375_objectives,outputs/experiments/392_coordinate_optimizer_close14_seed13_sources4_txrx50_noise19p609375_objectives/data/multi_rebar_coordinate_optimizer_summary.json,refreshed,refresh requested,outputs/experiments/392_coordinate_optimizer_close14_seed13_sources4_txrx50_noise19p609375_objectives/figures/system_scene_geometry.png,outputs/experiments/392_coordinate_optimizer_close14_seed13_sources4_txrx50_noise19p609375_objectives/data/system_scene_geometry_summary.json,outputs/experiments/392_coordinate_optimizer_close14_seed13_sources4_txrx50_noise19p609375_objectives/figures/FIGURE_NOTES.md,1569,1030,2572,0.7299689988676233
391,outputs/experiments/391_coordinate_optimizer_close14_seed34_sources4_txrx50_noise19p609375_objectives,outputs/experiments/391_coordinate_optimizer_close14_seed34_sources4_txrx50_noise19p609375_objectives/data/multi_rebar_coordinate_optimizer_summary.json,refreshed,refresh requested,outputs/experiments/391_coordinate_optimizer_close14_seed34_sources4_txrx50_noise19p609375_objectives/figures/system_scene_geometry.png,outputs/experiments/391_coordinate_optimizer_close14_seed34_sources4_txrx50_noise19p609375_objectives/data/system_scene_geometry_summary.json,outputs/experiments/391_coordinate_optimizer_close14_seed34_sources4_txrx50_noise19p609375_objectives/figures/FIGURE_NOTES.md,1569,1030,2572,0.7299987005513375
390,outputs/experiments/390_coordinate_confidence_close14_sources4_txrx50_noise19p53125_seed_replicates,,skipped,no compatible coordinate optimizer summary,,,,,,,
389,outputs/experiments/389_coordinate_optimizer_close14_seed21_sources4_txrx50_noise19p53125_objectives,outputs/experiments/389_coordinate_optimizer_close14_seed21_sources4_txrx50_noise19p53125_objectives/data/multi_rebar_coordinate_optimizer_summary.json,refreshed,refresh requested,outputs/experiments/389_coordinate_optimizer_close14_seed21_sources4_txrx50_noise19p53125_objectives/figures/system_scene_geometry.png,outputs/experiments/389_coordinate_optimizer_close14_seed21_sources4_txrx50_noise19p53125_objectives/data/system_scene_geometry_summary.json,outputs/experiments/389_coordinate_optimizer_close14_seed21_sources4_txrx50_noise19p53125_objectives/figures/FIGURE_NOTES.md,1569,1030,2572,0.7296998273589634
388,outputs/experiments/388_coordinate_optimizer_close14_seed13_sources4_txrx50_noise19p53125_objectives,outputs/experiments/388_coordinate_optimizer_close14_seed13_sources4_txrx50_noise19p53125_objectives/data/multi_rebar_coordinate_optimizer_summary.json,refreshed,refresh requested,outputs/experiments/388_coordinate_optimizer_close14_seed13_sources4_txrx50_noise19p53125_objectives/figures/system_scene_geometry.png,outputs/experiments/388_coordinate_optimizer_close14_seed13_sources4_txrx50_noise19p53125_objectives/data/system_scene_geometry_summary.json,outputs/experiments/388_coordinate_optimizer_close14_seed13_sources4_txrx50_noise19p53125_objectives/figures/FIGURE_NOTES.md,1569,1030,2572,0.7297518053054632
387,outputs/experiments/387_coordinate_optimizer_close14_seed34_sources4_txrx50_noise19p53125_objectives,outputs/experiments/387_coordinate_optimizer_close14_seed34_sources4_txrx50_noise19p53125_objectives/data/multi_rebar_coordinate_optimizer_summary.json,refreshed,refresh requested,outputs/experiments/387_coordinate_optimizer_close14_seed34_sources4_txrx50_noise19p53125_objectives/figures/system_scene_geometry.png,outputs/experiments/387_coordinate_optimizer_close14_seed34_sources4_txrx50_noise19p53125_objectives/data/system_scene_geometry_summary.json,outputs/experiments/387_coordinate_optimizer_close14_seed34_sources4_txrx50_noise19p53125_objectives/figures/FIGURE_NOTES.md,1569,1030,2572,0.7297846009145643
386,outputs/experiments/386_coordinate_optimizer_close14_seed34_sources4_txrx50_noise19p6875_objectives,outputs/experiments/386_coordinate_optimizer_close14_seed34_sources4_txrx50_noise19p6875_objectives/data/multi_rebar_coordinate_optimizer_summary.json,refreshed,refresh requested,outputs/experiments/386_coordinate_optimizer_close14_seed34_sources4_txrx50_noise19p6875_objectives/figures/system_scene_geometry.png,outputs/experiments/386_coordinate_optimizer_close14_seed34_sources4_txrx50_noise19p6875_objectives/data/system_scene_geometry_summary.json,outputs/experiments/386_coordinate_optimizer_close14_seed34_sources4_txrx50_noise19p6875_objectives/figures/FIGURE_NOTES.md,1569,1030,2572,0.7296707444603266
385,outputs/experiments/385_coordinate_confidence_close14_sources4_txrx50_noise19p375_seed_replicates,,skipped,no compatible coordinate optimizer summary,,,,,,,
384,outputs/experiments/384_coordinate_optimizer_close14_seed21_sources4_txrx50_noise19p375_objectives,outputs/experiments/384_coordinate_optimizer_close14_seed21_sources4_txrx50_noise19p375_objectives/data/multi_rebar_coordinate_optimizer_summary.json,refreshed,refresh requested,outputs/experiments/384_coordinate_optimizer_close14_seed21_sources4_txrx50_noise19p375_objectives/figures/system_scene_geometry.png,outputs/experiments/384_coordinate_optimizer_close14_seed21_sources4_txrx50_noise19p375_objectives/data/system_scene_geometry_summary.json,outputs/experiments/384_coordinate_optimizer_close14_seed21_sources4_txrx50_noise19p375_objectives/figures/FIGURE_NOTES.md,1569,1030,2572,0.7293731088381072
383,outputs/experiments/383_coordinate_optimizer_close14_seed13_sources4_txrx50_noise19p375_objectives,outputs/experiments/383_coordinate_optimizer_close14_seed13_sources4_txrx50_noise19p375_objectives/data/multi_rebar_coordinate_optimizer_summary.json,refreshed,refresh requested,outputs/experiments/383_coordinate_optimizer_close14_seed13_sources4_txrx50_noise19p375_objectives/figures/system_scene_geometry.png,outputs/experiments/383_coordinate_optimizer_close14_seed13_sources4_txrx50_noise19p375_objectives/data/system_scene_geometry_summary.json,outputs/experiments/383_coordinate_optimizer_close14_seed13_sources4_txrx50_noise19p375_objectives/figures/FIGURE_NOTES.md,1569,1030,2572,0.7293997165964345
382,outputs/experiments/382_coordinate_optimizer_close14_seed34_sources4_txrx50_noise19p375_objectives,outputs/experiments/382_coordinate_optimizer_close14_seed34_sources4_txrx50_noise19p375_objectives/data/multi_rebar_coordinate_optimizer_summary.json,refreshed,refresh requested,outputs/experiments/382_coordinate_optimizer_close14_seed34_sources4_txrx50_noise19p375_objectives/figures/system_scene_geometry.png,outputs/experiments/382_coordinate_optimizer_close14_seed34_sources4_txrx50_noise19p375_objectives/data/system_scene_geometry_summary.json,outputs/experiments/382_coordinate_optimizer_close14_seed34_sources4_txrx50_noise19p375_objectives/figures/FIGURE_NOTES.md,1569,1030,2572,0.7294257055696844
381,outputs/experiments/381_coordinate_confidence_close14_sources4_txrx50_noise18p75_seed_replicates,,skipped,no compatible coordinate optimizer summary,,,,,,,
380,outputs/experiments/380_coordinate_optimizer_close14_seed21_sources4_txrx50_noise18p75_objectives,outputs/experiments/380_coordinate_optimizer_close14_seed21_sources4_txrx50_noise18p75_objectives/data/multi_rebar_coordinate_optimizer_summary.json,refreshed,refresh requested,outputs/experiments/380_coordinate_optimizer_close14_seed21_sources4_txrx50_noise18p75_objectives/figures/system_scene_geometry.png,outputs/experiments/380_coordinate_optimizer_close14_seed21_sources4_txrx50_noise18p75_objectives/data/system_scene_geometry_summary.json,outputs/experiments/380_coordinate_optimizer_close14_seed21_sources4_txrx50_noise18p75_objectives/figures/FIGURE_NOTES.md,1569,1030,2572,0.7292561584584826
379,outputs/experiments/379_coordinate_optimizer_close14_seed13_sources4_txrx50_noise18p75_objectives,outputs/experiments/379_coordinate_optimizer_close14_seed13_sources4_txrx50_noise18p75_objectives/data/multi_rebar_coordinate_optimizer_summary.json,refreshed,refresh requested,outputs/experiments/379_coordinate_optimizer_close14_seed13_sources4_txrx50_noise18p75_objectives/figures/system_scene_geometry.png,outputs/experiments/379_coordinate_optimizer_close14_seed13_sources4_txrx50_noise18p75_objectives/data/system_scene_geometry_summary.json,outputs/experiments/379_coordinate_optimizer_close14_seed13_sources4_txrx50_noise18p75_objectives/figures/FIGURE_NOTES.md,1569,1030,2572,0.7292728656555718
378,outputs/experiments/378_coordinate_optimizer_close14_seed34_sources4_txrx50_noise18p75_objectives,outputs/experiments/378_coordinate_optimizer_close14_seed34_sources4_txrx50_noise18p75_objectives/data/multi_rebar_coordinate_optimizer_summary.json,refreshed,refresh requested,outputs/experiments/378_coordinate_optimizer_close14_seed34_sources4_txrx50_noise18p75_objectives/figures/system_scene_geometry.png,outputs/experiments/378_coordinate_optimizer_close14_seed34_sources4_txrx50_noise18p75_objectives/data/system_scene_geometry_summary.json,outputs/experiments/378_coordinate_optimizer_close14_seed34_sources4_txrx50_noise18p75_objectives/figures/FIGURE_NOTES.md,1569,1030,2572,0.7293044236945182
377,outputs/experiments/377_coordinate_optimizer_close14_seed34_sources4_txrx50_noise20_objectives,outputs/experiments/377_coordinate_optimizer_close14_seed34_sources4_txrx50_noise20_objectives/data/multi_rebar_coordinate_optimizer_summary.json,refreshed,refresh requested,outputs/experiments/377_coordinate_optimizer_close14_seed34_sources4_txrx50_noise20_objectives/figures/system_scene_geometry.png,outputs/experiments/377_coordinate_optimizer_close14_seed34_sources4_txrx50_noise20_objectives/data/system_scene_geometry_summary.json,outputs/experiments/377_coordinate_optimizer_close14_seed34_sources4_txrx50_noise20_objectives/figures/FIGURE_NOTES.md,1569,1030,2572,0.7288483790924898
376,outputs/experiments/376_coordinate_confidence_close14_sources4_txrx50_noise17p5_seed_replicates,,skipped,no compatible coordinate optimizer summary,,,,,,,
375,outputs/experiments/375_coordinate_optimizer_close14_seed21_sources4_txrx50_noise17p5_objectives,outputs/experiments/375_coordinate_optimizer_close14_seed21_sources4_txrx50_noise17p5_objectives/data/multi_rebar_coordinate_optimizer_summary.json,refreshed,refresh requested,outputs/experiments/375_coordinate_optimizer_close14_seed21_sources4_txrx50_noise17p5_objectives/figures/system_scene_geometry.png,outputs/experiments/375_coordinate_optimizer_close14_seed21_sources4_txrx50_noise17p5_objectives/data/system_scene_geometry_summary.json,outputs/experiments/375_coordinate_optimizer_close14_seed21_sources4_txrx50_noise17p5_objectives/figures/FIGURE_NOTES.md,1569,1030,2572,0.7290414400366321
374,outputs/experiments/374_coordinate_optimizer_close14_seed13_sources4_txrx50_noise17p5_objectives,outputs/experiments/374_coordinate_optimizer_close14_seed13_sources4_txrx50_noise17p5_objectives/data/multi_rebar_coordinate_optimizer_summary.json,refreshed,refresh requested,outputs/experiments/374_coordinate_optimizer_close14_seed13_sources4_txrx50_noise17p5_objectives/figures/system_scene_geometry.png,outputs/experiments/374_coordinate_optimizer_close14_seed13_sources4_txrx50_noise17p5_objectives/data/system_scene_geometry_summary.json,outputs/experiments/374_coordinate_optimizer_close14_seed13_sources4_txrx50_noise17p5_objectives/figures/FIGURE_NOTES.md,1569,1030,2572,0.7290550533083344
373,outputs/experiments/373_coordinate_optimizer_close14_seed34_sources4_txrx50_noise17p5_objectives,outputs/experiments/373_coordinate_optimizer_close14_seed34_sources4_txrx50_noise17p5_objectives/data/multi_rebar_coordinate_optimizer_summary.json,refreshed,refresh requested,outputs/experiments/373_coordinate_optimizer_close14_seed34_sources4_txrx50_noise17p5_objectives/figures/system_scene_geometry.png,outputs/experiments/373_coordinate_optimizer_close14_seed34_sources4_txrx50_noise17p5_objectives/data/system_scene_geometry_summary.json,outputs/experiments/373_coordinate_optimizer_close14_seed34_sources4_txrx50_noise17p5_objectives/figures/FIGURE_NOTES.md,1569,1030,2572,0.7290859925622034
372,outputs/experiments/372_coordinate_confidence_close14_sources4_txrx50_noise16p25_seed_replicates,,skipped,no compatible coordinate optimizer summary,,,,,,,
371,outputs/experiments/371_coordinate_optimizer_close14_seed21_sources4_txrx50_noise16p25_objectives,outputs/experiments/371_coordinate_optimizer_close14_seed21_sources4_txrx50_noise16p25_objectives/data/multi_rebar_coordinate_optimizer_summary.json,refreshed,refresh requested,outputs/experiments/371_coordinate_optimizer_close14_seed21_sources4_txrx50_noise16p25_objectives/figures/system_scene_geometry.png,outputs/experiments/371_coordinate_optimizer_close14_seed21_sources4_txrx50_noise16p25_objectives/data/system_scene_geometry_summary.json,outputs/experiments/371_coordinate_optimizer_close14_seed21_sources4_txrx50_noise16p25_objectives/figures/FIGURE_NOTES.md,1569,1030,2572,0.7292505893927862
370,outputs/experiments/370_coordinate_optimizer_close14_seed13_sources4_txrx50_noise16p25_objectives,outputs/experiments/370_coordinate_optimizer_close14_seed13_sources4_txrx50_noise16p25_objectives/data/multi_rebar_coordinate_optimizer_summary.json,refreshed,refresh requested,outputs/experiments/370_coordinate_optimizer_close14_seed13_sources4_txrx50_noise16p25_objectives/figures/system_scene_geometry.png,outputs/experiments/370_coordinate_optimizer_close14_seed13_sources4_txrx50_noise16p25_objectives/data/system_scene_geometry_summary.json,outputs/experiments/370_coordinate_optimizer_close14_seed13_sources4_txrx50_noise16p25_objectives/figures/FIGURE_NOTES.md,1569,1030,2572,0.7292951419183575
369,outputs/experiments/369_coordinate_optimizer_close14_seed34_sources4_txrx50_noise16p25_objectives,outputs/experiments/369_coordinate_optimizer_close14_seed34_sources4_txrx50_noise16p25_objectives/data/multi_rebar_coordinate_optimizer_summary.json,refreshed,refresh requested,outputs/experiments/369_coordinate_optimizer_close14_seed34_sources4_txrx50_noise16p25_objectives/figures/system_scene_geometry.png,outputs/experiments/369_coordinate_optimizer_close14_seed34_sources4_txrx50_noise16p25_objectives/data/system_scene_geometry_summary.json,outputs/experiments/369_coordinate_optimizer_close14_seed34_sources4_txrx50_noise16p25_objectives/figures/FIGURE_NOTES.md,1569,1030,2572,0.7293180369662206
368,outputs/experiments/368_coordinate_confidence_close14_sources4_txrx50_noise15p625_seed_replicates,,skipped,no compatible coordinate optimizer summary,,,,,,,
367,outputs/experiments/367_coordinate_optimizer_close14_seed21_sources4_txrx50_noise15p625_objectives,outputs/experiments/367_coordinate_optimizer_close14_seed21_sources4_txrx50_noise15p625_objectives/data/multi_rebar_coordinate_optimizer_summary.json,refreshed,refresh requested,outputs/experiments/367_coordinate_optimizer_close14_seed21_sources4_txrx50_noise15p625_objectives/figures/system_scene_geometry.png,outputs/experiments/367_coordinate_optimizer_close14_seed21_sources4_txrx50_noise15p625_objectives/data/system_scene_geometry_summary.json,outputs/experiments/367_coordinate_optimizer_close14_seed21_sources4_txrx50_noise15p625_objectives/figures/FIGURE_NOTES.md,1569,1030,2572,0.7294448879070833
366,outputs/experiments/366_coordinate_optimizer_close14_seed13_sources4_txrx50_noise15p625_objectives,outputs/experiments/366_coordinate_optimizer_close14_seed13_sources4_txrx50_noise15p625_objectives/data/multi_rebar_coordinate_optimizer_summary.json,refreshed,refresh requested,outputs/experiments/366_coordinate_optimizer_close14_seed13_sources4_txrx50_noise15p625_objectives/figures/system_scene_geometry.png,outputs/experiments/366_coordinate_optimizer_close14_seed13_sources4_txrx50_noise15p625_objectives/data/system_scene_geometry_summary.json,outputs/experiments/366_coordinate_optimizer_close14_seed13_sources4_txrx50_noise15p625_objectives/figures/FIGURE_NOTES.md,1569,1030,2572,0.7294634514594046
365,outputs/experiments/365_coordinate_optimizer_close14_seed34_sources4_txrx50_noise15p625_objectives,outputs/experiments/365_coordinate_optimizer_close14_seed34_sources4_txrx50_noise15p625_objectives/data/multi_rebar_coordinate_optimizer_summary.json,refreshed,refresh requested,outputs/experiments/365_coordinate_optimizer_close14_seed34_sources4_txrx50_noise15p625_objectives/figures/system_scene_geometry.png,outputs/experiments/365_coordinate_optimizer_close14_seed34_sources4_txrx50_noise15p625_objectives/data/system_scene_geometry_summary.json,outputs/experiments/365_coordinate_optimizer_close14_seed34_sources4_txrx50_noise15p625_objectives/figures/FIGURE_NOTES.md,1569,1030,2572,0.7294659265997141
364,outputs/experiments/364_coordinate_confidence_close14_sources4_txrx50_noise15p46875_seed_replicates,,skipped,no compatible coordinate optimizer summary,,,,,,,
363,outputs/experiments/363_coordinate_optimizer_close14_seed21_sources4_txrx50_noise15p46875_objectives,outputs/experiments/363_coordinate_optimizer_close14_seed21_sources4_txrx50_noise15p46875_objectives/data/multi_rebar_coordinate_optimizer_summary.json,refreshed,refresh requested,outputs/experiments/363_coordinate_optimizer_close14_seed21_sources4_txrx50_noise15p46875_objectives/figures/system_scene_geometry.png,outputs/experiments/363_coordinate_optimizer_close14_seed21_sources4_txrx50_noise15p46875_objectives/data/system_scene_geometry_summary.json,outputs/experiments/363_coordinate_optimizer_close14_seed21_sources4_txrx50_noise15p46875_objectives/figures/FIGURE_NOTES.md,1569,1030,2572,0.7297548992308501
362,outputs/experiments/362_coordinate_optimizer_close14_seed13_sources4_txrx50_noise15p46875_objectives,outputs/experiments/362_coordinate_optimizer_close14_seed13_sources4_txrx50_noise15p46875_objectives/data/multi_rebar_coordinate_optimizer_summary.json,refreshed,refresh requested,outputs/experiments/362_coordinate_optimizer_close14_seed13_sources4_txrx50_noise15p46875_objectives/figures/system_scene_geometry.png,outputs/experiments/362_coordinate_optimizer_close14_seed13_sources4_txrx50_noise15p46875_objectives/data/system_scene_geometry_summary.json,outputs/experiments/362_coordinate_optimizer_close14_seed13_sources4_txrx50_noise15p46875_objectives/figures/FIGURE_NOTES.md,1569,1030,2572,0.7297876948399512
361,outputs/experiments/361_coordinate_optimizer_close14_seed34_sources4_txrx50_noise15p46875_objectives,outputs/experiments/361_coordinate_optimizer_close14_seed34_sources4_txrx50_noise15p46875_objectives/data/multi_rebar_coordinate_optimizer_summary.json,refreshed,refresh requested,outputs/experiments/361_coordinate_optimizer_close14_seed34_sources4_txrx50_noise15p46875_objectives/figures/system_scene_geometry.png,outputs/experiments/361_coordinate_optimizer_close14_seed34_sources4_txrx50_noise15p46875_objectives/data/system_scene_geometry_summary.json,outputs/experiments/361_coordinate_optimizer_close14_seed34_sources4_txrx50_noise15p46875_objectives/figures/FIGURE_NOTES.md,1569,1030,2572,0.7297876948399512
360,outputs/experiments/360_coordinate_confidence_close14_sources4_txrx50_noise15p361328125_seed_replicates,,skipped,no compatible coordinate optimizer summary,,,,,,,
359,outputs/experiments/359_coordinate_optimizer_close14_seed21_sources4_txrx50_noise15p361328125_objectives,outputs/experiments/359_coordinate_optimizer_close14_seed21_sources4_txrx50_noise15p361328125_objectives/data/multi_rebar_coordinate_optimizer_summary.json,refreshed,refresh requested,outputs/experiments/359_coordinate_optimizer_close14_seed21_sources4_txrx50_noise15p361328125_objectives/figures/system_scene_geometry.png,outputs/experiments/359_coordinate_optimizer_close14_seed21_sources4_txrx50_noise15p361328125_objectives/data/system_scene_geometry_summary.json,outputs/experiments/359_coordinate_optimizer_close14_seed21_sources4_txrx50_noise15p361328125_objectives/figures/FIGURE_NOTES.md,1594,1030,2572,0.718902193906762
358,outputs/experiments/358_coordinate_optimizer_close14_seed13_sources4_txrx50_noise15p361328125_objectives,outputs/experiments/358_coordinate_optimizer_close14_seed13_sources4_txrx50_noise15p361328125_objectives/data/multi_rebar_coordinate_optimizer_summary.json,refreshed,refresh requested,outputs/experiments/358_coordinate_optimizer_close14_seed13_sources4_txrx50_noise15p361328125_objectives/figures/system_scene_geometry.png,outputs/experiments/358_coordinate_optimizer_close14_seed13_sources4_txrx50_noise15p361328125_objectives/data/system_scene_geometry_summary.json,outputs/experiments/358_coordinate_optimizer_close14_seed13_sources4_txrx50_noise15p361328125_objectives/figures/FIGURE_NOTES.md,1594,1030,2572,0.718902193906762
357,outputs/experiments/357_coordinate_optimizer_close14_seed34_sources4_txrx50_noise15p361328125_objectives,outputs/experiments/357_coordinate_optimizer_close14_seed34_sources4_txrx50_noise15p361328125_objectives/data/multi_rebar_coordinate_optimizer_summary.json,refreshed,refresh requested,outputs/experiments/357_coordinate_optimizer_close14_seed34_sources4_txrx50_noise15p361328125_objectives/figures/system_scene_geometry.png,outputs/experiments/357_coordinate_optimizer_close14_seed34_sources4_txrx50_noise15p361328125_objectives/data/system_scene_geometry_summary.json,outputs/experiments/357_coordinate_optimizer_close14_seed34_sources4_txrx50_noise15p361328125_objectives/figures/FIGURE_NOTES.md,1595,1030,2572,0.7184715585719937
356,outputs/experiments/356_coordinate_confidence_close14_seed34_noise15p361328125_sources4_5_7_aggregate,,skipped,no compatible coordinate optimizer summary,,,,,,,
355,outputs/experiments/355_coordinate_optimizer_close14_seed34_sources7_txrx45_noise15p361328125_objectives,outputs/experiments/355_coordinate_optimizer_close14_seed34_sources7_txrx45_noise15p361328125_objectives/data/multi_rebar_coordinate_optimizer_summary.json,refreshed,refresh requested,outputs/experiments/355_coordinate_optimizer_close14_seed34_sources7_txrx45_noise15p361328125_objectives/figures/system_scene_geometry.png,outputs/experiments/355_coordinate_optimizer_close14_seed34_sources7_txrx45_noise15p361328125_objectives/data/system_scene_geometry_summary.json,outputs/experiments/355_coordinate_optimizer_close14_seed34_sources7_txrx45_noise15p361328125_objectives/figures/FIGURE_NOTES.md,1594,1030,2607,0.7188254498057034
354,outputs/experiments/354_coordinate_optimizer_close14_seed34_sources5_txrx45_noise15p361328125_objectives,outputs/experiments/354_coordinate_optimizer_close14_seed34_sources5_txrx45_noise15p361328125_objectives/data/multi_rebar_coordinate_optimizer_summary.json,refreshed,refresh requested,outputs/experiments/354_coordinate_optimizer_close14_seed34_sources5_txrx45_noise15p361328125_objectives/figures/system_scene_geometry.png,outputs/experiments/354_coordinate_optimizer_close14_seed34_sources5_txrx45_noise15p361328125_objectives/data/system_scene_geometry_summary.json,outputs/experiments/354_coordinate_optimizer_close14_seed34_sources5_txrx45_noise15p361328125_objectives/figures/FIGURE_NOTES.md,1594,1030,2579,0.7189076756282662
353,outputs/experiments/353_coordinate_optimizer_close14_seed34_sources4_txrx45_noise15p361328125_objectives,outputs/experiments/353_coordinate_optimizer_close14_seed34_sources4_txrx45_noise15p361328125_objectives/data/multi_rebar_coordinate_optimizer_summary.json,refreshed,refresh requested,outputs/experiments/353_coordinate_optimizer_close14_seed34_sources4_txrx45_noise15p361328125_objectives/figures/system_scene_geometry.png,outputs/experiments/353_coordinate_optimizer_close14_seed34_sources4_txrx45_noise15p361328125_objectives/data/system_scene_geometry_summary.json,outputs/experiments/353_coordinate_optimizer_close14_seed34_sources4_txrx45_noise15p361328125_objectives/figures/FIGURE_NOTES.md,1595,1030,2583,0.7184338192774751
352,outputs/experiments/352_coordinate_optimizer_close14_seed34_sources4_txrx45_noise15p37109375_objectives,outputs/experiments/352_coordinate_optimizer_close14_seed34_sources4_txrx45_noise15p37109375_objectives/data/multi_rebar_coordinate_optimizer_summary.json,refreshed,refresh requested,outputs/experiments/352_coordinate_optimizer_close14_seed34_sources4_txrx45_noise15p37109375_objectives/figures/system_scene_geometry.png,outputs/experiments/352_coordinate_optimizer_close14_seed34_sources4_txrx45_noise15p37109375_objectives/data/system_scene_geometry_summary.json,outputs/experiments/352_coordinate_optimizer_close14_seed34_sources4_txrx45_noise15p37109375_objectives/figures/FIGURE_NOTES.md,1584,1030,2583,0.7232188388741787
351,outputs/experiments/351_coordinate_optimizer_close14_seed34_sources4_txrx45_noise15p3515625_objectives,outputs/experiments/351_coordinate_optimizer_close14_seed34_sources4_txrx45_noise15p3515625_objectives/data/multi_rebar_coordinate_optimizer_summary.json,refreshed,refresh requested,outputs/experiments/351_coordinate_optimizer_close14_seed34_sources4_txrx45_noise15p3515625_objectives/figures/system_scene_geometry.png,outputs/experiments/351_coordinate_optimizer_close14_seed34_sources4_txrx45_noise15p3515625_objectives/data/system_scene_geometry_summary.json,outputs/experiments/351_coordinate_optimizer_close14_seed34_sources4_txrx45_noise15p3515625_objectives/figures/FIGURE_NOTES.md,1573,1030,2583,0.7282053339423155
350,outputs/experiments/350_coordinate_optimizer_close14_seed34_sources4_txrx45_noise15p390625_objectives,outputs/experiments/350_coordinate_optimizer_close14_seed34_sources4_txrx45_noise15p390625_objectives/data/multi_rebar_coordinate_optimizer_summary.json,refreshed,refresh requested,outputs/experiments/350_coordinate_optimizer_close14_seed34_sources4_txrx45_noise15p390625_objectives/figures/system_scene_geometry.png,outputs/experiments/350_coordinate_optimizer_close14_seed34_sources4_txrx45_noise15p390625_objectives/data/system_scene_geometry_summary.json,outputs/experiments/350_coordinate_optimizer_close14_seed34_sources4_txrx45_noise15p390625_objectives/figures/FIGURE_NOTES.md,1569,1030,2583,0.7299417723242186
349,outputs/experiments/349_coordinate_confidence_close14_sources4_txrx45_noise15p3125_seed_replicates,,skipped,no compatible coordinate optimizer summary,,,,,,,
348,outputs/experiments/348_coordinate_optimizer_close14_seed21_sources4_txrx45_noise15p3125_objectives,outputs/experiments/348_coordinate_optimizer_close14_seed21_sources4_txrx45_noise15p3125_objectives/data/multi_rebar_coordinate_optimizer_summary.json,refreshed,refresh requested,outputs/experiments/348_coordinate_optimizer_close14_seed21_sources4_txrx45_noise15p3125_objectives/figures/system_scene_geometry.png,outputs/experiments/348_coordinate_optimizer_close14_seed21_sources4_txrx45_noise15p3125_objectives/data/system_scene_geometry_summary.json,outputs/experiments/348_coordinate_optimizer_close14_seed21_sources4_txrx45_noise15p3125_objectives/figures/FIGURE_NOTES.md,1569,1030,2583,0.7294776835161844
347,outputs/experiments/347_coordinate_optimizer_close14_seed13_sources4_txrx45_noise15p3125_objectives,outputs/experiments/347_coordinate_optimizer_close14_seed13_sources4_txrx45_noise15p3125_objectives/data/multi_rebar_coordinate_optimizer_summary.json,refreshed,refresh requested,outputs/experiments/347_coordinate_optimizer_close14_seed13_sources4_txrx45_noise15p3125_objectives/figures/system_scene_geometry.png,outputs/experiments/347_coordinate_optimizer_close14_seed13_sources4_txrx45_noise15p3125_objectives/data/system_scene_geometry_summary.json,outputs/experiments/347_coordinate_optimizer_close14_seed13_sources4_txrx45_noise15p3125_objectives/figures/FIGURE_NOTES.md,1569,1030,2583,0.7294912967878867
346,outputs/experiments/346_coordinate_optimizer_close14_seed34_sources4_txrx45_noise15p46875_objectives,outputs/experiments/346_coordinate_optimizer_close14_seed34_sources4_txrx45_noise15p46875_objectives/data/multi_rebar_coordinate_optimizer_summary.json,refreshed,refresh requested,outputs/experiments/346_coordinate_optimizer_close14_seed34_sources4_txrx45_noise15p46875_objectives/figures/system_scene_geometry.png,outputs/experiments/346_coordinate_optimizer_close14_seed34_sources4_txrx45_noise15p46875_objectives/data/system_scene_geometry_summary.json,outputs/experiments/346_coordinate_optimizer_close14_seed34_sources4_txrx45_noise15p46875_objectives/figures/FIGURE_NOTES.md,1569,1030,2583,0.7297493301651538
345,outputs/experiments/345_coordinate_optimizer_close14_seed34_sources4_txrx45_noise15p3125_objectives,outputs/experiments/345_coordinate_optimizer_close14_seed34_sources4_txrx45_noise15p3125_objectives/data/multi_rebar_coordinate_optimizer_summary.json,refreshed,refresh requested,outputs/experiments/345_coordinate_optimizer_close14_seed34_sources4_txrx45_noise15p3125_objectives/figures/system_scene_geometry.png,outputs/experiments/345_coordinate_optimizer_close14_seed34_sources4_txrx45_noise15p3125_objectives/data/system_scene_geometry_summary.json,outputs/experiments/345_coordinate_optimizer_close14_seed34_sources4_txrx45_noise15p3125_objectives/figures/FIGURE_NOTES.md,1569,1030,2583,0.7295185233312913
344,outputs/experiments/344_coordinate_optimizer_close14_seed34_sources4_txrx45_noise15p625_objectives,outputs/experiments/344_coordinate_optimizer_close14_seed34_sources4_txrx45_noise15p625_objectives/data/multi_rebar_coordinate_optimizer_summary.json,refreshed,refresh requested,outputs/experiments/344_coordinate_optimizer_close14_seed34_sources4_txrx45_noise15p625_objectives/figures/system_scene_geometry.png,outputs/experiments/344_coordinate_optimizer_close14_seed34_sources4_txrx45_noise15p625_objectives/data/system_scene_geometry_summary.json,outputs/experiments/344_coordinate_optimizer_close14_seed34_sources4_txrx45_noise15p625_objectives/figures/FIGURE_NOTES.md,1569,1030,2583,0.7294275619249166
343,outputs/experiments/343_coordinate_optimizer_close14_seed34_sources4_txrx45_noise16p25_objectives,outputs/experiments/343_coordinate_optimizer_close14_seed34_sources4_txrx45_noise16p25_objectives/data/multi_rebar_coordinate_optimizer_summary.json,refreshed,refresh requested,outputs/experiments/343_coordinate_optimizer_close14_seed34_sources4_txrx45_noise16p25_objectives/figures/system_scene_geometry.png,outputs/experiments/343_coordinate_optimizer_close14_seed34_sources4_txrx45_noise16p25_objectives/data/system_scene_geometry_summary.json,outputs/experiments/343_coordinate_optimizer_close14_seed34_sources4_txrx45_noise16p25_objectives/figures/FIGURE_NOTES.md,1569,1030,2583,0.729279672291423
342,outputs/experiments/342_coordinate_optimizer_close14_seed34_sources4_txrx45_noise17p5_objectives,outputs/experiments/342_coordinate_optimizer_close14_seed34_sources4_txrx45_noise17p5_objectives/data/multi_rebar_coordinate_optimizer_summary.json,refreshed,refresh requested,outputs/experiments/342_coordinate_optimizer_close14_seed34_sources4_txrx45_noise17p5_objectives/figures/system_scene_geometry.png,outputs/experiments/342_coordinate_optimizer_close14_seed34_sources4_txrx45_noise17p5_objectives/data/system_scene_geometry_summary.json,outputs/experiments/342_coordinate_optimizer_close14_seed34_sources4_txrx45_noise17p5_objectives/figures/FIGURE_NOTES.md,1569,1030,2583,0.7290476278874058
341,outputs/experiments/341_coordinate_confidence_close14_sources4_txrx45_noise15_seed_replicates,,skipped,no compatible coordinate optimizer summary,,,,,,,
340,outputs/experiments/340_coordinate_optimizer_close14_seed21_sources4_txrx45_noise15_objectives,outputs/experiments/340_coordinate_optimizer_close14_seed21_sources4_txrx45_noise15_objectives/data/multi_rebar_coordinate_optimizer_summary.json,refreshed,refresh requested,outputs/experiments/340_coordinate_optimizer_close14_seed21_sources4_txrx45_noise15_objectives/figures/system_scene_geometry.png,outputs/experiments/340_coordinate_optimizer_close14_seed21_sources4_txrx45_noise15_objectives/data/system_scene_geometry_summary.json,outputs/experiments/340_coordinate_optimizer_close14_seed21_sources4_txrx45_noise15_objectives/figures/FIGURE_NOTES.md,1569,1030,2583,0.7287122463754664
339,outputs/experiments/339_coordinate_optimizer_close14_seed13_sources4_txrx45_noise15_objectives,outputs/experiments/339_coordinate_optimizer_close14_seed13_sources4_txrx45_noise15_objectives/data/multi_rebar_coordinate_optimizer_summary.json,refreshed,refresh requested,outputs/experiments/339_coordinate_optimizer_close14_seed13_sources4_txrx45_noise15_objectives/figures/system_scene_geometry.png,outputs/experiments/339_coordinate_optimizer_close14_seed13_sources4_txrx45_noise15_objectives/data/system_scene_geometry_summary.json,outputs/experiments/339_coordinate_optimizer_close14_seed13_sources4_txrx45_noise15_objectives/figures/FIGURE_NOTES.md,1569,1030,2583,0.7287462795547223
338,outputs/experiments/338_coordinate_optimizer_close14_seed34_sources4_txrx45_noise15_objectives,outputs/experiments/338_coordinate_optimizer_close14_seed34_sources4_txrx45_noise15_objectives/data/multi_rebar_coordinate_optimizer_summary.json,refreshed,refresh requested,outputs/experiments/338_coordinate_optimizer_close14_seed34_sources4_txrx45_noise15_objectives/figures/system_scene_geometry.png,outputs/experiments/338_coordinate_optimizer_close14_seed34_sources4_txrx45_noise15_objectives/data/system_scene_geometry_summary.json,outputs/experiments/338_coordinate_optimizer_close14_seed34_sources4_txrx45_noise15_objectives/figures/FIGURE_NOTES.md,1569,1030,2583,0.7287697933876627
337,outputs/experiments/337_coordinate_optimizer_close14_seed34_sources4_txrx45_noise20_objectives,outputs/experiments/337_coordinate_optimizer_close14_seed34_sources4_txrx45_noise20_objectives/data/multi_rebar_coordinate_optimizer_summary.json,refreshed,refresh requested,outputs/experiments/337_coordinate_optimizer_close14_seed34_sources4_txrx45_noise20_objectives/figures/system_scene_geometry.png,outputs/experiments/337_coordinate_optimizer_close14_seed34_sources4_txrx45_noise20_objectives/data/system_scene_geometry_summary.json,outputs/experiments/337_coordinate_optimizer_close14_seed34_sources4_txrx45_noise20_objectives/figures/FIGURE_NOTES.md,1569,1030,2583,0.7288100144176923
336,outputs/experiments/336_coordinate_optimizer_close14_seed34_sources3_txrx45_objectives,outputs/experiments/336_coordinate_optimizer_close14_seed34_sources3_txrx45_objectives/data/multi_rebar_coordinate_optimizer_summary.json,refreshed,refresh requested,outputs/experiments/336_coordinate_optimizer_close14_seed34_sources3_txrx45_objectives/figures/system_scene_geometry.png,outputs/experiments/336_coordinate_optimizer_close14_seed34_sources3_txrx45_objectives/data/system_scene_geometry_summary.json,outputs/experiments/336_coordinate_optimizer_close14_seed34_sources3_txrx45_objectives/figures/FIGURE_NOTES.md,1569,1030,2663,0.7277803560489335
335,outputs/experiments/335_coordinate_confidence_close14_sources4_txrx45_seed_replicates,,skipped,no compatible coordinate optimizer summary,,,,,,,
334,outputs/experiments/334_coordinate_optimizer_close14_seed21_sources4_txrx45_objectives,outputs/experiments/334_coordinate_optimizer_close14_seed21_sources4_txrx45_objectives/data/multi_rebar_coordinate_optimizer_summary.json,refreshed,refresh requested,outputs/experiments/334_coordinate_optimizer_close14_seed21_sources4_txrx45_objectives/figures/system_scene_geometry.png,outputs/experiments/334_coordinate_optimizer_close14_seed21_sources4_txrx45_objectives/data/system_scene_geometry_summary.json,outputs/experiments/334_coordinate_optimizer_close14_seed21_sources4_txrx45_objectives/figures/FIGURE_NOTES.md,1569,1030,2583,0.7277407538039813
333,outputs/experiments/333_coordinate_optimizer_close14_seed13_sources4_txrx45_objectives,outputs/experiments/333_coordinate_optimizer_close14_seed13_sources4_txrx45_objectives/data/multi_rebar_coordinate_optimizer_summary.json,refreshed,refresh requested,outputs/experiments/333_coordinate_optimizer_close14_seed13_sources4_txrx45_objectives/figures/system_scene_geometry.png,outputs/experiments/333_coordinate_optimizer_close14_seed13_sources4_txrx45_objectives/data/system_scene_geometry_summary.json,outputs/experiments/333_coordinate_optimizer_close14_seed13_sources4_txrx45_objectives/figures/FIGURE_NOTES.md,1569,1030,2583,0.7277401350189039
332,outputs/experiments/332_coordinate_optimizer_close14_seed34_sources4_txrx45_objectives,outputs/experiments/332_coordinate_optimizer_close14_seed34_sources4_txrx45_objectives/data/multi_rebar_coordinate_optimizer_summary.json,refreshed,refresh requested,outputs/experiments/332_coordinate_optimizer_close14_seed34_sources4_txrx45_objectives/figures/system_scene_geometry.png,outputs/experiments/332_coordinate_optimizer_close14_seed34_sources4_txrx45_objectives/data/system_scene_geometry_summary.json,outputs/experiments/332_coordinate_optimizer_close14_seed34_sources4_txrx45_objectives/figures/FIGURE_NOTES.md,1569,1030,2583,0.7277803560489335
331,outputs/experiments/331_coordinate_confidence_close15_sources4_txrx45_seed_replicates,,skipped,no compatible coordinate optimizer summary,,,,,,,
330,outputs/experiments/330_coordinate_optimizer_close15_seed21_sources4_txrx45_objectives,outputs/experiments/330_coordinate_optimizer_close15_seed21_sources4_txrx45_objectives/data/multi_rebar_coordinate_optimizer_summary.json,refreshed,refresh requested,outputs/experiments/330_coordinate_optimizer_close15_seed21_sources4_txrx45_objectives/figures/system_scene_geometry.png,outputs/experiments/330_coordinate_optimizer_close15_seed21_sources4_txrx45_objectives/data/system_scene_geometry_summary.json,outputs/experiments/330_coordinate_optimizer_close15_seed21_sources4_txrx45_objectives/figures/FIGURE_NOTES.md,1569,1030,2612,0.7277327095979753
329,outputs/experiments/329_coordinate_optimizer_close15_seed13_sources4_txrx45_objectives,outputs/experiments/329_coordinate_optimizer_close15_seed13_sources4_txrx45_objectives/data/multi_rebar_coordinate_optimizer_summary.json,refreshed,refresh requested,outputs/experiments/329_coordinate_optimizer_close15_seed13_sources4_txrx45_objectives/figures/system_scene_geometry.png,outputs/experiments/329_coordinate_optimizer_close15_seed13_sources4_txrx45_objectives/data/system_scene_geometry_summary.json,outputs/experiments/329_coordinate_optimizer_close15_seed13_sources4_txrx45_objectives/figures/FIGURE_NOTES.md,1569,1030,2612,0.7277413725890587
328,outputs/experiments/328_coordinate_optimizer_close15_seed34_sources4_txrx45_objectives,outputs/experiments/328_coordinate_optimizer_close15_seed34_sources4_txrx45_objectives/data/multi_rebar_coordinate_optimizer_summary.json,refreshed,refresh requested,outputs/experiments/328_coordinate_optimizer_close15_seed34_sources4_txrx45_objectives/figures/system_scene_geometry.png,outputs/experiments/328_coordinate_optimizer_close15_seed34_sources4_txrx45_objectives/data/system_scene_geometry_summary.json,outputs/experiments/328_coordinate_optimizer_close15_seed34_sources4_txrx45_objectives/figures/FIGURE_NOTES.md,1569,1030,2612,0.7277784996937013
327,outputs/experiments/327_coordinate_confidence_close20_sources4_txrx45_seed_replicates,,skipped,no compatible coordinate optimizer summary,,,,,,,
326,outputs/experiments/326_coordinate_optimizer_close20_seed21_sources4_txrx45_objectives,outputs/experiments/326_coordinate_optimizer_close20_seed21_sources4_txrx45_objectives/data/multi_rebar_coordinate_optimizer_summary.json,refreshed,refresh requested,outputs/experiments/326_coordinate_optimizer_close20_seed21_sources4_txrx45_objectives/figures/system_scene_geometry.png,outputs/experiments/326_coordinate_optimizer_close20_seed21_sources4_txrx45_objectives/data/system_scene_geometry_summary.json,outputs/experiments/326_coordinate_optimizer_close20_seed21_sources4_txrx45_objectives/figures/FIGURE_NOTES.md,1569,1030,2589,0.727772930628005
325,outputs/experiments/325_coordinate_optimizer_close20_seed13_sources4_txrx45_objectives,outputs/experiments/325_coordinate_optimizer_close20_seed13_sources4_txrx45_objectives/data/multi_rebar_coordinate_optimizer_summary.json,refreshed,refresh requested,outputs/experiments/325_coordinate_optimizer_close20_seed13_sources4_txrx45_objectives/figures/system_scene_geometry.png,outputs/experiments/325_coordinate_optimizer_close20_seed13_sources4_txrx45_objectives/data/system_scene_geometry_summary.json,outputs/experiments/325_coordinate_optimizer_close20_seed13_sources4_txrx45_objectives/figures/FIGURE_NOTES.md,1569,1030,2589,0.7277815936190882
324,outputs/experiments/324_coordinate_optimizer_close20_seed34_sources4_txrx45_objectives,outputs/experiments/324_coordinate_optimizer_close20_seed34_sources4_txrx45_objectives/data/multi_rebar_coordinate_optimizer_summary.json,refreshed,refresh requested,outputs/experiments/324_coordinate_optimizer_close20_seed34_sources4_txrx45_objectives/figures/system_scene_geometry.png,outputs/experiments/324_coordinate_optimizer_close20_seed34_sources4_txrx45_objectives/data/system_scene_geometry_summary.json,outputs/experiments/324_coordinate_optimizer_close20_seed34_sources4_txrx45_objectives/figures/FIGURE_NOTES.md,1569,1030,2589,0.727818720723731
323,outputs/experiments/323_coordinate_confidence_close25_sources4_txrx45_seed_replicates,,skipped,no compatible coordinate optimizer summary,,,,,,,
322,outputs/experiments/322_coordinate_optimizer_close25_seed21_sources4_txrx45_objectives,outputs/experiments/322_coordinate_optimizer_close25_seed21_sources4_txrx45_objectives/data/multi_rebar_coordinate_optimizer_summary.json,refreshed,refresh requested,outputs/experiments/322_coordinate_optimizer_close25_seed21_sources4_txrx45_objectives/figures/system_scene_geometry.png,outputs/experiments/322_coordinate_optimizer_close25_seed21_sources4_txrx45_objectives/data/system_scene_geometry_summary.json,outputs/experiments/322_coordinate_optimizer_close25_seed21_sources4_txrx45_objectives/figures/FIGURE_NOTES.md,1569,1030,2585,0.7277401350189039
321,outputs/experiments/321_coordinate_optimizer_close25_seed13_sources4_txrx45_objectives,outputs/experiments/321_coordinate_optimizer_close25_seed13_sources4_txrx45_objectives/data/multi_rebar_coordinate_optimizer_summary.json,refreshed,refresh requested,outputs/experiments/321_coordinate_optimizer_close25_seed13_sources4_txrx45_objectives/figures/system_scene_geometry.png,outputs/experiments/321_coordinate_optimizer_close25_seed13_sources4_txrx45_objectives/data/system_scene_geometry_summary.json,outputs/experiments/321_coordinate_optimizer_close25_seed13_sources4_txrx45_objectives/figures/FIGURE_NOTES.md,1569,1030,2585,0.7277395162338265
320,outputs/experiments/320_coordinate_optimizer_close25_seed34_sources4_txrx45_objectives,outputs/experiments/320_coordinate_optimizer_close25_seed34_sources4_txrx45_objectives/data/multi_rebar_coordinate_optimizer_summary.json,refreshed,refresh requested,outputs/experiments/320_coordinate_optimizer_close25_seed34_sources4_txrx45_objectives/figures/system_scene_geometry.png,outputs/experiments/320_coordinate_optimizer_close25_seed34_sources4_txrx45_objectives/data/system_scene_geometry_summary.json,outputs/experiments/320_coordinate_optimizer_close25_seed34_sources4_txrx45_objectives/figures/FIGURE_NOTES.md,1569,1030,2585,0.7277945881057133
319,outputs/experiments/319_coordinate_confidence_close28_sources4_txrx45_seed_replicates,,skipped,no compatible coordinate optimizer summary,,,,,,,
318,outputs/experiments/318_coordinate_optimizer_close28_seed21_sources4_txrx45_objectives,outputs/experiments/318_coordinate_optimizer_close28_seed21_sources4_txrx45_objectives/data/multi_rebar_coordinate_optimizer_summary.json,refreshed,refresh requested,outputs/experiments/318_coordinate_optimizer_close28_seed21_sources4_txrx45_objectives/figures/system_scene_geometry.png,outputs/experiments/318_coordinate_optimizer_close28_seed21_sources4_txrx45_objectives/data/system_scene_geometry_summary.json,outputs/experiments/318_coordinate_optimizer_close28_seed21_sources4_txrx45_objectives/figures/FIGURE_NOTES.md,1569,1030,2593,0.7277698367026181
317,outputs/experiments/317_coordinate_optimizer_close28_seed13_sources4_txrx45_objectives,outputs/experiments/317_coordinate_optimizer_close28_seed13_sources4_txrx45_objectives/data/multi_rebar_coordinate_optimizer_summary.json,refreshed,refresh requested,outputs/experiments/317_coordinate_optimizer_close28_seed13_sources4_txrx45_objectives/figures/system_scene_geometry.png,outputs/experiments/317_coordinate_optimizer_close28_seed13_sources4_txrx45_objectives/data/system_scene_geometry_summary.json,outputs/experiments/317_coordinate_optimizer_close28_seed13_sources4_txrx45_objectives/figures/FIGURE_NOTES.md,1569,1030,2593,0.7277692179175407
316,outputs/experiments/316_coordinate_optimizer_close28_seed34_sources4_txrx45_objectives,outputs/experiments/316_coordinate_optimizer_close28_seed34_sources4_txrx45_objectives/data/multi_rebar_coordinate_optimizer_summary.json,refreshed,refresh requested,outputs/experiments/316_coordinate_optimizer_close28_seed34_sources4_txrx45_objectives/figures/system_scene_geometry.png,outputs/experiments/316_coordinate_optimizer_close28_seed34_sources4_txrx45_objectives/data/system_scene_geometry_summary.json,outputs/experiments/316_coordinate_optimizer_close28_seed34_sources4_txrx45_objectives/figures/FIGURE_NOTES.md,1569,1030,2593,0.7278242897894275
315,outputs/experiments/315_coordinate_optimizer_close28_seed34_sources4_txrx40_objectives,outputs/experiments/315_coordinate_optimizer_close28_seed34_sources4_txrx40_objectives/data/multi_rebar_coordinate_optimizer_summary.json,refreshed,refresh requested,outputs/experiments/315_coordinate_optimizer_close28_seed34_sources4_txrx40_objectives/figures/system_scene_geometry.png,outputs/experiments/315_coordinate_optimizer_close28_seed34_sources4_txrx40_objectives/data/system_scene_geometry_summary.json,outputs/experiments/315_coordinate_optimizer_close28_seed34_sources4_txrx40_objectives/figures/FIGURE_NOTES.md,1569,1030,2573,0.7278589417537606
314,outputs/experiments/314_coordinate_confidence_close28_sources4_txrx35_seed_replicates,,skipped,no compatible coordinate optimizer summary,,,,,,,
313,outputs/experiments/313_coordinate_optimizer_close28_seed21_sources4_txrx35_objectives,outputs/experiments/313_coordinate_optimizer_close28_seed21_sources4_txrx35_objectives/data/multi_rebar_coordinate_optimizer_summary.json,refreshed,refresh requested,outputs/experiments/313_coordinate_optimizer_close28_seed21_sources4_txrx35_objectives/figures/system_scene_geometry.png,outputs/experiments/313_coordinate_optimizer_close28_seed21_sources4_txrx35_objectives/data/system_scene_geometry_summary.json,outputs/experiments/313_coordinate_optimizer_close28_seed21_sources4_txrx35_objectives/figures/FIGURE_NOTES.md,1569,1030,2605,0.7277921129654037
312,outputs/experiments/312_coordinate_optimizer_close28_seed13_sources4_txrx35_objectives,outputs/experiments/312_coordinate_optimizer_close28_seed13_sources4_txrx35_objectives/data/multi_rebar_coordinate_optimizer_summary.json,refreshed,refresh requested,outputs/experiments/312_coordinate_optimizer_close28_seed13_sources4_txrx35_objectives/figures/system_scene_geometry.png,outputs/experiments/312_coordinate_optimizer_close28_seed13_sources4_txrx35_objectives/data/system_scene_geometry_summary.json,outputs/experiments/312_coordinate_optimizer_close28_seed13_sources4_txrx35_objectives/figures/FIGURE_NOTES.md,1569,1030,2605,0.7277884002549394
311,outputs/experiments/311_coordinate_optimizer_close28_seed34_sources4_txrx35_objectives,outputs/experiments/311_coordinate_optimizer_close28_seed34_sources4_txrx35_objectives/data/multi_rebar_coordinate_optimizer_summary.json,refreshed,refresh requested,outputs/experiments/311_coordinate_optimizer_close28_seed34_sources4_txrx35_objectives/figures/system_scene_geometry.png,outputs/experiments/311_coordinate_optimizer_close28_seed34_sources4_txrx35_objectives/data/system_scene_geometry_summary.json,outputs/experiments/311_coordinate_optimizer_close28_seed34_sources4_txrx35_objectives/figures/FIGURE_NOTES.md,1569,1030,2605,0.7278323339954333
310,outputs/experiments/310_coordinate_confidence_close25_sources4_txrx40_seed_replicates,,skipped,no compatible coordinate optimizer summary,,,,,,,
309,outputs/experiments/309_coordinate_optimizer_close25_seed21_sources4_txrx40_objectives,outputs/experiments/309_coordinate_optimizer_close25_seed21_sources4_txrx40_objectives/data/multi_rebar_coordinate_optimizer_summary.json,refreshed,refresh requested,outputs/experiments/309_coordinate_optimizer_close25_seed21_sources4_txrx40_objectives/figures/system_scene_geometry.png,outputs/experiments/309_coordinate_optimizer_close25_seed21_sources4_txrx40_objectives/data/system_scene_geometry_summary.json,outputs/experiments/309_coordinate_optimizer_close25_seed21_sources4_txrx40_objectives/figures/FIGURE_NOTES.md,1569,1030,2565,0.7277877814698621
308,outputs/experiments/308_coordinate_optimizer_close25_seed13_sources4_txrx40_objectives,outputs/experiments/308_coordinate_optimizer_close25_seed13_sources4_txrx40_objectives/data/multi_rebar_coordinate_optimizer_summary.json,refreshed,refresh requested,outputs/experiments/308_coordinate_optimizer_close25_seed13_sources4_txrx40_objectives/figures/system_scene_geometry.png,outputs/experiments/308_coordinate_optimizer_close25_seed13_sources4_txrx40_objectives/data/system_scene_geometry_summary.json,outputs/experiments/308_coordinate_optimizer_close25_seed13_sources4_txrx40_objectives/figures/FIGURE_NOTES.md,1569,1030,2565,0.7277983008161775
307,outputs/experiments/307_coordinate_optimizer_close25_seed34_sources4_txrx40_objectives,outputs/experiments/307_coordinate_optimizer_close25_seed34_sources4_txrx40_objectives/data/multi_rebar_coordinate_optimizer_summary.json,refreshed,refresh requested,outputs/experiments/307_coordinate_optimizer_close25_seed34_sources4_txrx40_objectives/figures/system_scene_geometry.png,outputs/experiments/307_coordinate_optimizer_close25_seed34_sources4_txrx40_objectives/data/system_scene_geometry_summary.json,outputs/experiments/307_coordinate_optimizer_close25_seed34_sources4_txrx40_objectives/figures/FIGURE_NOTES.md,1569,1030,2565,0.7278292400700465
306,outputs/experiments/306_coordinate_optimizer_close25_seed34_sources4_txrx35_objectives,outputs/experiments/306_coordinate_optimizer_close25_seed34_sources4_txrx35_objectives/data/multi_rebar_coordinate_optimizer_summary.json,refreshed,refresh requested,outputs/experiments/306_coordinate_optimizer_close25_seed34_sources4_txrx35_objectives/figures/system_scene_geometry.png,outputs/experiments/306_coordinate_optimizer_close25_seed34_sources4_txrx35_objectives/data/system_scene_geometry_summary.json,outputs/experiments/306_coordinate_optimizer_close25_seed34_sources4_txrx35_objectives/figures/FIGURE_NOTES.md,1569,1030,2597,0.7278026323117192
305,outputs/experiments/305_coordinate_confidence_close30_sources4_txrx35_seed_replicates,,skipped,no compatible coordinate optimizer summary,,,,,,,
304,outputs/experiments/304_coordinate_optimizer_close30_seed21_sources4_txrx35_objectives,outputs/experiments/304_coordinate_optimizer_close30_seed21_sources4_txrx35_objectives/data/multi_rebar_coordinate_optimizer_summary.json,refreshed,refresh requested,outputs/experiments/304_coordinate_optimizer_close30_seed21_sources4_txrx35_objectives/figures/system_scene_geometry.png,outputs/experiments/304_coordinate_optimizer_close30_seed21_sources4_txrx35_objectives/data/system_scene_geometry_summary.json,outputs/experiments/304_coordinate_optimizer_close30_seed21_sources4_txrx35_objectives/figures/FIGURE_NOTES.md,1569,1030,2607,0.7278088201624929
303,outputs/experiments/303_coordinate_optimizer_close30_seed13_sources4_txrx35_objectives,outputs/experiments/303_coordinate_optimizer_close30_seed13_sources4_txrx35_objectives/data/multi_rebar_coordinate_optimizer_summary.json,refreshed,refresh requested,outputs/experiments/303_coordinate_optimizer_close30_seed13_sources4_txrx35_objectives/figures/system_scene_geometry.png,outputs/experiments/303_coordinate_optimizer_close30_seed13_sources4_txrx35_objectives/data/system_scene_geometry_summary.json,outputs/experiments/303_coordinate_optimizer_close30_seed13_sources4_txrx35_objectives/figures/FIGURE_NOTES.md,1569,1030,2607,0.7278304776402013
302,outputs/experiments/302_coordinate_optimizer_close30_seed34_sources4_txrx35_objectives,outputs/experiments/302_coordinate_optimizer_close30_seed34_sources4_txrx35_objectives/data/multi_rebar_coordinate_optimizer_summary.json,refreshed,refresh requested,outputs/experiments/302_coordinate_optimizer_close30_seed34_sources4_txrx35_objectives/figures/system_scene_geometry.png,outputs/experiments/302_coordinate_optimizer_close30_seed34_sources4_txrx35_objectives/data/system_scene_geometry_summary.json,outputs/experiments/302_coordinate_optimizer_close30_seed34_sources4_txrx35_objectives/figures/FIGURE_NOTES.md,1569,1030,2607,0.7278533726880643
301,outputs/experiments/301_coordinate_confidence_close35_sources4_txrx35_seed_replicates,,skipped,no compatible coordinate optimizer summary,,,,,,,
300,outputs/experiments/300_coordinate_optimizer_close35_seed21_sources4_txrx35_objectives,outputs/experiments/300_coordinate_optimizer_close35_seed21_sources4_txrx35_objectives/data/multi_rebar_coordinate_optimizer_summary.json,refreshed,refresh requested,outputs/experiments/300_coordinate_optimizer_close35_seed21_sources4_txrx35_objectives/figures/system_scene_geometry.png,outputs/experiments/300_coordinate_optimizer_close35_seed21_sources4_txrx35_objectives/data/system_scene_geometry_summary.json,outputs/experiments/300_coordinate_optimizer_close35_seed21_sources4_txrx35_objectives/figures/FIGURE_NOTES.md,1569,1030,2580,0.7277809748340109
299,outputs/experiments/299_coordinate_optimizer_close35_seed13_sources4_txrx35_objectives,outputs/experiments/299_coordinate_optimizer_close35_seed13_sources4_txrx35_objectives/data/multi_rebar_coordinate_optimizer_summary.json,refreshed,refresh requested,outputs/experiments/299_coordinate_optimizer_close35_seed13_sources4_txrx35_objectives/figures/system_scene_geometry.png,outputs/experiments/299_coordinate_optimizer_close35_seed13_sources4_txrx35_objectives/data/system_scene_geometry_summary.json,outputs/experiments/299_coordinate_optimizer_close35_seed13_sources4_txrx35_objectives/figures/FIGURE_NOTES.md,1569,1030,2580,0.7277784996937013
298,outputs/experiments/298_coordinate_optimizer_close35_seed34_sources4_txrx35_objectives,outputs/experiments/298_coordinate_optimizer_close35_seed34_sources4_txrx35_objectives/data/multi_rebar_coordinate_optimizer_summary.json,refreshed,refresh requested,outputs/experiments/298_coordinate_optimizer_close35_seed34_sources4_txrx35_objectives/figures/system_scene_geometry.png,outputs/experiments/298_coordinate_optimizer_close35_seed34_sources4_txrx35_objectives/data/system_scene_geometry_summary.json,outputs/experiments/298_coordinate_optimizer_close35_seed34_sources4_txrx35_objectives/figures/FIGURE_NOTES.md,1569,1030,2580,0.7278379030611298
297,outputs/experiments/297_coordinate_confidence_close40_sources4_txrx35_seed_replicates,,skipped,no compatible coordinate optimizer summary,,,,,,,
296,outputs/experiments/296_coordinate_optimizer_close40_seed21_sources4_txrx35_objectives,outputs/experiments/296_coordinate_optimizer_close40_seed21_sources4_txrx35_objectives/data/multi_rebar_coordinate_optimizer_summary.json,refreshed,refresh requested,outputs/experiments/296_coordinate_optimizer_close40_seed21_sources4_txrx35_objectives/figures/system_scene_geometry.png,outputs/experiments/296_coordinate_optimizer_close40_seed21_sources4_txrx35_objectives/data/system_scene_geometry_summary.json,outputs/experiments/296_coordinate_optimizer_close40_seed21_sources4_txrx35_objectives/figures/FIGURE_NOTES.md,1569,1030,2622,0.7278205770789632
295,outputs/experiments/295_coordinate_optimizer_close40_seed13_sources4_txrx35_objectives,outputs/experiments/295_coordinate_optimizer_close40_seed13_sources4_txrx35_objectives/data/multi_rebar_coordinate_optimizer_summary.json,refreshed,refresh requested,outputs/experiments/295_coordinate_optimizer_close40_seed13_sources4_txrx35_objectives/figures/system_scene_geometry.png,outputs/experiments/295_coordinate_optimizer_close40_seed13_sources4_txrx35_objectives/data/system_scene_geometry_summary.json,outputs/experiments/295_coordinate_optimizer_close40_seed13_sources4_txrx35_objectives/figures/FIGURE_NOTES.md,1569,1030,2622,0.7278211958640406
294,outputs/experiments/294_coordinate_optimizer_close40_seed34_sources4_txrx35_objectives,outputs/experiments/294_coordinate_optimizer_close40_seed34_sources4_txrx35_objectives/data/multi_rebar_coordinate_optimizer_summary.json,refreshed,refresh requested,outputs/experiments/294_coordinate_optimizer_close40_seed34_sources4_txrx35_objectives/figures/system_scene_geometry.png,outputs/experiments/294_coordinate_optimizer_close40_seed34_sources4_txrx35_objectives/data/system_scene_geometry_summary.json,outputs/experiments/294_coordinate_optimizer_close40_seed34_sources4_txrx35_objectives/figures/FIGURE_NOTES.md,1569,1030,2622,0.7278533726880643
293,outputs/experiments/293_coordinate_confidence_close45_sources4_txrx35_seed_replicates,,skipped,no compatible coordinate optimizer summary,,,,,,,
292,outputs/experiments/292_coordinate_optimizer_close45_seed21_sources4_txrx35_objectives,outputs/experiments/292_coordinate_optimizer_close45_seed21_sources4_txrx35_objectives/data/multi_rebar_coordinate_optimizer_summary.json,refreshed,refresh requested,outputs/experiments/292_coordinate_optimizer_close45_seed21_sources4_txrx35_objectives/figures/system_scene_geometry.png,outputs/experiments/292_coordinate_optimizer_close45_seed21_sources4_txrx35_objectives/data/system_scene_geometry_summary.json,outputs/experiments/292_coordinate_optimizer_close45_seed21_sources4_txrx35_objectives/figures/FIGURE_NOTES.md,1569,1030,2648,0.7277896378250942
291,outputs/experiments/291_coordinate_optimizer_close45_seed13_sources4_txrx35_objectives,outputs/experiments/291_coordinate_optimizer_close45_seed13_sources4_txrx35_objectives/data/multi_rebar_coordinate_optimizer_summary.json,refreshed,refresh requested,outputs/experiments/291_coordinate_optimizer_close45_seed13_sources4_txrx35_objectives/figures/system_scene_geometry.png,outputs/experiments/291_coordinate_optimizer_close45_seed13_sources4_txrx35_objectives/data/system_scene_geometry_summary.json,outputs/experiments/291_coordinate_optimizer_close45_seed13_sources4_txrx35_objectives/figures/FIGURE_NOTES.md,1569,1030,2648,0.7278112953028025
290,outputs/experiments/290_coordinate_optimizer_close45_seed34_sources4_txrx35_objectives,outputs/experiments/290_coordinate_optimizer_close45_seed34_sources4_txrx35_objectives/data/multi_rebar_coordinate_optimizer_summary.json,refreshed,refresh requested,outputs/experiments/290_coordinate_optimizer_close45_seed34_sources4_txrx35_objectives/figures/system_scene_geometry.png,outputs/experiments/290_coordinate_optimizer_close45_seed34_sources4_txrx35_objectives/data/system_scene_geometry_summary.json,outputs/experiments/290_coordinate_optimizer_close45_seed34_sources4_txrx35_objectives/figures/FIGURE_NOTES.md,1569,1030,2648,0.7278341903506655
289,outputs/experiments/289_coordinate_confidence_close50_sources4_txrx35_seed_replicates,,skipped,no compatible coordinate optimizer summary,,,,,,,
288,outputs/experiments/288_coordinate_optimizer_close50_seed21_sources4_txrx35_objectives,outputs/experiments/288_coordinate_optimizer_close50_seed21_sources4_txrx35_objectives/data/multi_rebar_coordinate_optimizer_summary.json,refreshed,refresh requested,outputs/experiments/288_coordinate_optimizer_close50_seed21_sources4_txrx35_objectives/figures/system_scene_geometry.png,outputs/experiments/288_coordinate_optimizer_close50_seed21_sources4_txrx35_objectives/data/system_scene_geometry_summary.json,outputs/experiments/288_coordinate_optimizer_close50_seed21_sources4_txrx35_objectives/figures/FIGURE_NOTES.md,1569,1030,2608,0.7278143892281894
287,outputs/experiments/287_coordinate_optimizer_close50_seed13_sources4_txrx35_objectives,outputs/experiments/287_coordinate_optimizer_close50_seed13_sources4_txrx35_objectives/data/multi_rebar_coordinate_optimizer_summary.json,refreshed,refresh requested,outputs/experiments/287_coordinate_optimizer_close50_seed13_sources4_txrx35_objectives/figures/system_scene_geometry.png,outputs/experiments/287_coordinate_optimizer_close50_seed13_sources4_txrx35_objectives/data/system_scene_geometry_summary.json,outputs/experiments/287_coordinate_optimizer_close50_seed13_sources4_txrx35_objectives/figures/FIGURE_NOTES.md,1569,1030,2608,0.7278360467058976
286,outputs/experiments/286_coordinate_optimizer_close50_seed34_sources4_txrx35_objectives,outputs/experiments/286_coordinate_optimizer_close50_seed34_sources4_txrx35_objectives/data/multi_rebar_coordinate_optimizer_summary.json,refreshed,refresh requested,outputs/experiments/286_coordinate_optimizer_close50_seed34_sources4_txrx35_objectives/figures/system_scene_geometry.png,outputs/experiments/286_coordinate_optimizer_close50_seed34_sources4_txrx35_objectives/data/system_scene_geometry_summary.json,outputs/experiments/286_coordinate_optimizer_close50_seed34_sources4_txrx35_objectives/figures/FIGURE_NOTES.md,1569,1030,2608,0.7278589417537606
285,outputs/experiments/285_coordinate_optimizer_close50_seed34_sources4_txrx25_objectives,outputs/experiments/285_coordinate_optimizer_close50_seed34_sources4_txrx25_objectives/data/multi_rebar_coordinate_optimizer_summary.json,refreshed,refresh requested,outputs/experiments/285_coordinate_optimizer_close50_seed34_sources4_txrx25_objectives/figures/system_scene_geometry.png,outputs/experiments/285_coordinate_optimizer_close50_seed34_sources4_txrx25_objectives/data/system_scene_geometry_summary.json,outputs/experiments/285_coordinate_optimizer_close50_seed34_sources4_txrx25_objectives/figures/FIGURE_NOTES.md,1569,1030,2665,0.7278552290432964
284,outputs/experiments/284_coordinate_confidence_close50_sources4_txrx30_seed_replicates,,skipped,no compatible coordinate optimizer summary,,,,,,,
283,outputs/experiments/283_coordinate_optimizer_close50_seed21_sources4_txrx30_objectives,outputs/experiments/283_coordinate_optimizer_close50_seed21_sources4_txrx30_objectives/data/multi_rebar_coordinate_optimizer_summary.json,refreshed,refresh requested,outputs/experiments/283_coordinate_optimizer_close50_seed21_sources4_txrx30_objectives/figures/system_scene_geometry.png,outputs/experiments/283_coordinate_optimizer_close50_seed21_sources4_txrx30_objectives/data/system_scene_geometry_summary.json,outputs/experiments/283_coordinate_optimizer_close50_seed21_sources4_txrx30_objectives/figures/FIGURE_NOTES.md,1569,1030,2576,0.7278533726880643
282,outputs/experiments/282_coordinate_optimizer_close50_seed13_sources4_txrx30_objectives,outputs/experiments/282_coordinate_optimizer_close50_seed13_sources4_txrx30_objectives/data/multi_rebar_coordinate_optimizer_summary.json,refreshed,refresh requested,outputs/experiments/282_coordinate_optimizer_close50_seed13_sources4_txrx30_objectives/figures/system_scene_geometry.png,outputs/experiments/282_coordinate_optimizer_close50_seed13_sources4_txrx30_objectives/data/system_scene_geometry_summary.json,outputs/experiments/282_coordinate_optimizer_close50_seed13_sources4_txrx30_objectives/figures/FIGURE_NOTES.md,1569,1030,2576,0.7278508975477548
281,outputs/experiments/281_coordinate_optimizer_close50_seed34_sources4_txrx30_objectives,outputs/experiments/281_coordinate_optimizer_close50_seed34_sources4_txrx30_objectives/data/multi_rebar_coordinate_optimizer_summary.json,refreshed,refresh requested,outputs/experiments/281_coordinate_optimizer_close50_seed34_sources4_txrx30_objectives/figures/system_scene_geometry.png,outputs/experiments/281_coordinate_optimizer_close50_seed34_sources4_txrx30_objectives/data/system_scene_geometry_summary.json,outputs/experiments/281_coordinate_optimizer_close50_seed34_sources4_txrx30_objectives/figures/FIGURE_NOTES.md,1569,1030,2576,0.7278818368016237
280,outputs/experiments/280_coordinate_confidence_close50_sources4_txrx40_seed_replicates,,skipped,no compatible coordinate optimizer summary,,,,,,,
279,outputs/experiments/279_coordinate_optimizer_close50_seed21_sources4_txrx40_objectives,outputs/experiments/279_coordinate_optimizer_close50_seed21_sources4_txrx40_objectives/data/multi_rebar_coordinate_optimizer_summary.json,refreshed,refresh requested,outputs/experiments/279_coordinate_optimizer_close50_seed21_sources4_txrx40_objectives/figures/system_scene_geometry.png,outputs/experiments/279_coordinate_optimizer_close50_seed21_sources4_txrx40_objectives/data/system_scene_geometry_summary.json,outputs/experiments/279_coordinate_optimizer_close50_seed21_sources4_txrx40_objectives/figures/FIGURE_NOTES.md,1569,1030,2576,0.7278409969865167
278,outputs/experiments/278_coordinate_optimizer_close50_seed13_sources4_txrx40_objectives,outputs/experiments/278_coordinate_optimizer_close50_seed13_sources4_txrx40_objectives/data/multi_rebar_coordinate_optimizer_summary.json,refreshed,refresh requested,outputs/experiments/278_coordinate_optimizer_close50_seed13_sources4_txrx40_objectives/figures/system_scene_geometry.png,outputs/experiments/278_coordinate_optimizer_close50_seed13_sources4_txrx40_objectives/data/system_scene_geometry_summary.json,outputs/experiments/278_coordinate_optimizer_close50_seed13_sources4_txrx40_objectives/figures/FIGURE_NOTES.md,1569,1030,2576,0.7278484224074452
277,outputs/experiments/277_coordinate_confidence_aggregate_close50_txrx40_sources3_4_5_seed34,,skipped,no compatible coordinate optimizer summary,,,,,,,
276,outputs/experiments/276_coordinate_optimizer_close50_seed34_sources4_txrx40_objectives,outputs/experiments/276_coordinate_optimizer_close50_seed34_sources4_txrx40_objectives/data/multi_rebar_coordinate_optimizer_summary.json,refreshed,refresh requested,outputs/experiments/276_coordinate_optimizer_close50_seed34_sources4_txrx40_objectives/figures/system_scene_geometry.png,outputs/experiments/276_coordinate_optimizer_close50_seed34_sources4_txrx40_objectives/data/system_scene_geometry_summary.json,outputs/experiments/276_coordinate_optimizer_close50_seed34_sources4_txrx40_objectives/figures/FIGURE_NOTES.md,1569,1030,2576,0.7278787428762368
275,outputs/experiments/275_coordinate_confidence_aggregate_close50_txrx40_sources3_vs5_seed34,,skipped,no compatible coordinate optimizer summary,,,,,,,
274,outputs/experiments/274_coordinate_optimizer_close50_seed34_sources3_txrx40_objectives,outputs/experiments/274_coordinate_optimizer_close50_seed34_sources3_txrx40_objectives/data/multi_rebar_coordinate_optimizer_summary.json,refreshed,refresh requested,outputs/experiments/274_coordinate_optimizer_close50_seed34_sources3_txrx40_objectives/figures/system_scene_geometry.png,outputs/experiments/274_coordinate_optimizer_close50_seed34_sources3_txrx40_objectives/data/system_scene_geometry_summary.json,outputs/experiments/274_coordinate_optimizer_close50_seed34_sources3_txrx40_objectives/figures/FIGURE_NOTES.md,1569,1030,2685,0.7278688423149987
273,outputs/experiments/273_coordinate_confidence_aggregate_close50_txrx20_vs_txrx40_sources5,,skipped,no compatible coordinate optimizer summary,,,,,,,
272,outputs/experiments/272_variable_radius_staged_pipeline_acquisition_metadata_smoke,,skipped,no compatible coordinate optimizer summary,,,,,,,
271,outputs/experiments/271_close50_txrx40_seed_replication_summary,,skipped,no compatible coordinate optimizer summary,,,,,,,
270,outputs/experiments/270_coordinate_optimizer_close50_seed21_sources5_txrx40_objectives,outputs/experiments/270_coordinate_optimizer_close50_seed21_sources5_txrx40_objectives/data/multi_rebar_coordinate_optimizer_summary.json,refreshed,refresh requested,outputs/experiments/270_coordinate_optimizer_close50_seed21_sources5_txrx40_objectives/figures/system_scene_geometry.png,outputs/experiments/270_coordinate_optimizer_close50_seed21_sources5_txrx40_objectives/data/system_scene_geometry_summary.json,outputs/experiments/270_coordinate_optimizer_close50_seed21_sources5_txrx40_objectives/figures/FIGURE_NOTES.md,1569,1030,2589,0.727857704183606
269,outputs/experiments/269_coordinate_optimizer_close50_seed13_sources5_txrx40_objectives,outputs/experiments/269_coordinate_optimizer_close50_seed13_sources5_txrx40_objectives/data/multi_rebar_coordinate_optimizer_summary.json,refreshed,refresh requested,outputs/experiments/269_coordinate_optimizer_close50_seed13_sources5_txrx40_objectives/figures/system_scene_geometry.png,outputs/experiments/269_coordinate_optimizer_close50_seed13_sources5_txrx40_objectives/data/system_scene_geometry_summary.json,outputs/experiments/269_coordinate_optimizer_close50_seed13_sources5_txrx40_objectives/figures/FIGURE_NOTES.md,1569,1030,2589,0.7278379030611298
268,outputs/experiments/268_close50_txrx_offset_objective_gap_summary,,skipped,no compatible coordinate optimizer summary,,,,,,,
267,outputs/experiments/267_coordinate_optimizer_close50_seed34_sources5_txrx40_objectives,outputs/experiments/267_coordinate_optimizer_close50_seed34_sources5_txrx40_objectives/data/multi_rebar_coordinate_optimizer_summary.json,refreshed,refresh requested,outputs/experiments/267_coordinate_optimizer_close50_seed34_sources5_txrx40_objectives/figures/system_scene_geometry.png,outputs/experiments/267_coordinate_optimizer_close50_seed34_sources5_txrx40_objectives/data/system_scene_geometry_summary.json,outputs/experiments/267_coordinate_optimizer_close50_seed34_sources5_txrx40_objectives/figures/FIGURE_NOTES.md,1569,1030,2589,0.7278762677359273
266,outputs/experiments/266_coordinate_optimizer_txrx_offset_reporting_smoke,outputs/experiments/266_coordinate_optimizer_txrx_offset_reporting_smoke/data/multi_rebar_coordinate_optimizer_summary.json,refreshed,refresh requested,outputs/experiments/266_coordinate_optimizer_txrx_offset_reporting_smoke/figures/system_scene_geometry.png,outputs/experiments/266_coordinate_optimizer_txrx_offset_reporting_smoke/data/system_scene_geometry_summary.json,outputs/experiments/266_coordinate_optimizer_txrx_offset_reporting_smoke/figures/FIGURE_NOTES.md,1569,1030,2033,0.7294615951041725
265,outputs/experiments/265_coordinate_optimizer_close50_seed34_sources5_topcandidate_objectives,outputs/experiments/265_coordinate_optimizer_close50_seed34_sources5_topcandidate_objectives/data/multi_rebar_coordinate_optimizer_summary.json,skipped,incompatible metadata: missing scan_x_values_mm Tx/Rx acquisition metadata,,,outputs/experiments/265_coordinate_optimizer_close50_seed34_sources5_topcandidate_objectives/figures/FIGURE_NOTES.md,,,,
264,outputs/experiments/264_coordinate_objective_top_candidate_reporting_smoke,outputs/experiments/264_coordinate_objective_top_candidate_reporting_smoke/data/multi_rebar_coordinate_optimizer_summary.json,skipped,incompatible metadata: missing scan_x_values_mm Tx/Rx acquisition metadata,,,outputs/experiments/264_coordinate_objective_top_candidate_reporting_smoke/figures/FIGURE_NOTES.md,,,,
263,outputs/experiments/263_lateral_gap_threshold_close50_vs_close60_summary,,skipped,no compatible coordinate optimizer summary,,,,,,,
262,outputs/experiments/262_coordinate_confidence_aggregate_close50_seed34_sources5_7_9,,skipped,no compatible coordinate optimizer summary,,,,,,,
261,outputs/experiments/261_coordinate_optimizer_variable_radius_target2_close50_seed34_sources9,outputs/experiments/261_coordinate_optimizer_variable_radius_target2_close50_seed34_sources9/data/multi_rebar_coordinate_optimizer_summary.json,skipped,incompatible metadata: missing scan_x_values_mm Tx/Rx acquisition metadata,,,outputs/experiments/261_coordinate_optimizer_variable_radius_target2_close50_seed34_sources9/figures/FIGURE_NOTES.md,,,,
260,outputs/experiments/260_coordinate_confidence_aggregate_close50_seed34_sources5_vs7,,skipped,no compatible coordinate optimizer summary,,,,,,,
259,outputs/experiments/259_coordinate_optimizer_variable_radius_target2_close50_seed34_sources7,outputs/experiments/259_coordinate_optimizer_variable_radius_target2_close50_seed34_sources7/data/multi_rebar_coordinate_optimizer_summary.json,skipped,incompatible metadata: missing scan_x_values_mm Tx/Rx acquisition metadata,,,outputs/experiments/259_coordinate_optimizer_variable_radius_target2_close50_seed34_sources7/figures/FIGURE_NOTES.md,,,,
258,outputs/experiments/258_coordinate_optimizer_variable_radius_target2_close50_seed34_sources5,outputs/experiments/258_coordinate_optimizer_variable_radius_target2_close50_seed34_sources5/data/multi_rebar_coordinate_optimizer_summary.json,skipped,incompatible metadata: missing scan_x_values_mm Tx/Rx acquisition metadata,,,outputs/experiments/258_coordinate_optimizer_variable_radius_target2_close50_seed34_sources5/figures/FIGURE_NOTES.md,,,,
257,outputs/experiments/257_variable_radius_staged_pipeline_seed13_21_34_sources7_refinement_summary,,skipped,no compatible coordinate optimizer summary,,,,,,,
256,outputs/experiments/256_coordinate_confidence_aggregate_variable_radius_target2_seeds13_21_34_sources5_vs7,,skipped,no compatible coordinate optimizer summary,,,,,,,
255,outputs/experiments/255_coordinate_optimizer_variable_radius_target2_seed21_sources7,outputs/experiments/255_coordinate_optimizer_variable_radius_target2_seed21_sources7/data/multi_rebar_coordinate_optimizer_summary.json,skipped,incompatible metadata: missing scan_x_values_mm Tx/Rx acquisition metadata,,,outputs/experiments/255_coordinate_optimizer_variable_radius_target2_seed21_sources7/figures/FIGURE_NOTES.md,,,,
254,outputs/experiments/254_coordinate_optimizer_variable_radius_target2_seed13_sources7,outputs/experiments/254_coordinate_optimizer_variable_radius_target2_seed13_sources7/data/multi_rebar_coordinate_optimizer_summary.json,skipped,incompatible metadata: missing scan_x_values_mm Tx/Rx acquisition metadata,,,outputs/experiments/254_coordinate_optimizer_variable_radius_target2_seed13_sources7/figures/FIGURE_NOTES.md,,,,
253,outputs/experiments/253_coordinate_confidence_aggregate_seed34_target2_sources5_7_9,,skipped,no compatible coordinate optimizer summary,,,,,,,
252,outputs/experiments/252_coordinate_optimizer_variable_radius_target2_seed34_sources7,outputs/experiments/252_coordinate_optimizer_variable_radius_target2_seed34_sources7/data/multi_rebar_coordinate_optimizer_summary.json,skipped,incompatible metadata: missing scan_x_values_mm Tx/Rx acquisition metadata,,,outputs/experiments/252_coordinate_optimizer_variable_radius_target2_seed34_sources7/figures/FIGURE_NOTES.md,,,,
251,outputs/experiments/251_coordinate_confidence_aggregate_seed34_target2_sources5_vs_sources9,,skipped,no compatible coordinate optimizer summary,,,,,,,
250,outputs/experiments/250_coordinate_optimizer_variable_radius_target2_seed34_sources9,outputs/experiments/250_coordinate_optimizer_variable_radius_target2_seed34_sources9/data/multi_rebar_coordinate_optimizer_summary.json,skipped,incompatible metadata: missing scan_x_values_mm Tx/Rx acquisition metadata,,,outputs/experiments/250_coordinate_optimizer_variable_radius_target2_seed34_sources9/figures/FIGURE_NOTES.md,,,,
249,outputs/experiments/249_coordinate_confidence_aggregate_variable_radius_target2_seed13_21_34_xambiguity,,skipped,no compatible coordinate optimizer summary,,,,,,,
248,outputs/experiments/248_variable_radius_staged_pipeline_seed13_21_34_summary,,skipped,no compatible coordinate optimizer summary,,,,,,,
247,outputs/experiments/247_joint_radius_variable_radius_staged_xz_seed34_x310,,skipped,no compatible coordinate optimizer summary,,,,,,,
246,outputs/experiments/246_coordinate_objective_diagnostic_target2_focus_seed13_21_34,,skipped,no compatible coordinate optimizer summary,,,,,,,
245,outputs/experiments/245_coordinate_confidence_aggregate_variable_radius_target2_seed13_21_34,,skipped,no compatible coordinate optimizer summary,,,,,,,
244,outputs/experiments/244_joint_radius_variable_radius_staged_xz_seed34_x309,,skipped,no compatible coordinate optimizer summary,,,,,,,
243,outputs/experiments/243_coordinate_optimizer_variable_radius_target2_after_location_polish_seed34,outputs/experiments/243_coordinate_optimizer_variable_radius_target2_after_location_polish_seed34/data/multi_rebar_coordinate_optimizer_summary.json,skipped,incompatible metadata: missing scan_x_values_mm Tx/Rx acquisition metadata,,,outputs/experiments/243_coordinate_optimizer_variable_radius_target2_after_location_polish_seed34/figures/FIGURE_NOTES.md,,,,
242,outputs/experiments/242_coordinate_optimizer_variable_radius_location_only_seed34,outputs/experiments/242_coordinate_optimizer_variable_radius_location_only_seed34/data/multi_rebar_coordinate_optimizer_summary.json,skipped,incompatible metadata: missing scan_x_values_mm Tx/Rx acquisition metadata,,,outputs/experiments/242_coordinate_optimizer_variable_radius_location_only_seed34/figures/FIGURE_NOTES.md,,,,
241,outputs/experiments/241_assigned_coordinate_command_variable_radius_location_only_seed34_239,,skipped,no compatible coordinate optimizer summary,,,,,,,
240,outputs/experiments/240_detection_assignment_variable_radius_close_spacing_seed34_239,,skipped,no compatible coordinate optimizer summary,,,,,,,
239,outputs/experiments/239_detection_multi_rebar_variable_radius_close_spacing_source_mismatch_noise10_seed34,,skipped,no compatible coordinate optimizer summary,,,,,,,
238,outputs/experiments/238_variable_radius_staged_pipeline_seed13_21_summary,,skipped,no compatible coordinate optimizer summary,,,,,,,
237,outputs/experiments/237_coordinate_objective_diagnostic_target2_focus_seed13_21,,skipped,no compatible coordinate optimizer summary,,,,,,,
236,outputs/experiments/236_coordinate_confidence_aggregate_variable_radius_target2_seed13_21,,skipped,no compatible coordinate optimizer summary,,,,,,,
235,outputs/experiments/235_joint_radius_variable_radius_staged_xz_seed21,,skipped,no compatible coordinate optimizer summary,,,,,,,
234,outputs/experiments/234_coordinate_optimizer_variable_radius_target2_after_location_polish_seed21,outputs/experiments/234_coordinate_optimizer_variable_radius_target2_after_location_polish_seed21/data/multi_rebar_coordinate_optimizer_summary.json,skipped,incompatible metadata: missing scan_x_values_mm Tx/Rx acquisition metadata,,,outputs/experiments/234_coordinate_optimizer_variable_radius_target2_after_location_polish_seed21/figures/FIGURE_NOTES.md,,,,
233,outputs/experiments/233_coordinate_optimizer_variable_radius_location_only_seed21,outputs/experiments/233_coordinate_optimizer_variable_radius_location_only_seed21/data/multi_rebar_coordinate_optimizer_summary.json,skipped,incompatible metadata: missing scan_x_values_mm Tx/Rx acquisition metadata,,,outputs/experiments/233_coordinate_optimizer_variable_radius_location_only_seed21/figures/FIGURE_NOTES.md,,,,
232,outputs/experiments/232_assigned_coordinate_command_variable_radius_location_only_seed21_230,,skipped,no compatible coordinate optimizer summary,,,,,,,
231,outputs/experiments/231_detection_assignment_variable_radius_close_spacing_seed21_230,,skipped,no compatible coordinate optimizer summary,,,,,,,
230,outputs/experiments/230_detection_multi_rebar_variable_radius_close_spacing_source_mismatch_noise10_seed21,,skipped,no compatible coordinate optimizer summary,,,,,,,
229,outputs/experiments/229_coordinate_objective_diagnostic_variable_radius_219_221_225,,skipped,no compatible coordinate optimizer summary,,,,,,,
228,outputs/experiments/228_two_stage_refinement_aggregate_118_128_nan_notice_plotfix,,skipped,no compatible coordinate optimizer summary,,,,,,,
227,outputs/experiments/227_coordinate_optimizer_variable_radius_target2_after_location_polish_seed13,outputs/experiments/227_coordinate_optimizer_variable_radius_target2_after_location_polish_seed13/data/multi_rebar_coordinate_optimizer_summary.json,skipped,incompatible metadata: missing scan_x_values_mm Tx/Rx acquisition metadata,,,outputs/experiments/227_coordinate_optimizer_variable_radius_target2_after_location_polish_seed13/figures/FIGURE_NOTES.md,,,,
226,outputs/experiments/226_joint_radius_variable_radius_location_only_xz_seed13,,skipped,no compatible coordinate optimizer summary,,,,,,,
225,outputs/experiments/225_coordinate_optimizer_variable_radius_location_only_seed13,outputs/experiments/225_coordinate_optimizer_variable_radius_location_only_seed13/data/multi_rebar_coordinate_optimizer_summary.json,skipped,incompatible metadata: missing scan_x_values_mm Tx/Rx acquisition metadata,,,outputs/experiments/225_coordinate_optimizer_variable_radius_location_only_seed13/figures/FIGURE_NOTES.md,,,,
224,outputs/experiments/224_assigned_coordinate_command_variable_radius_location_only_216,,skipped,no compatible coordinate optimizer summary,,,,,,,
223,outputs/experiments/223_joint_radius_variable_radius_assigned_xz_seed13,,skipped,no compatible coordinate optimizer summary,,,,,,,
222,outputs/experiments/222_joint_radius_variable_radius_true_xz_seed13,,skipped,no compatible coordinate optimizer summary,,,,,,,
221,outputs/experiments/221_coordinate_optimizer_variable_radius_target_order_210_seed13,outputs/experiments/221_coordinate_optimizer_variable_radius_target_order_210_seed13/data/multi_rebar_coordinate_optimizer_summary.json,skipped,incompatible metadata: missing scan_x_values_mm Tx/Rx acquisition metadata,,,outputs/experiments/221_coordinate_optimizer_variable_radius_target_order_210_seed13/figures/FIGURE_NOTES.md,,,,
220,outputs/experiments/220_assigned_coordinate_command_variable_radius_order210_216,,skipped,no compatible coordinate optimizer summary,,,,,,,
219,outputs/experiments/219_coordinate_optimizer_variable_radius_close_spacing_from_assignment_seed13,outputs/experiments/219_coordinate_optimizer_variable_radius_close_spacing_from_assignment_seed13/data/multi_rebar_coordinate_optimizer_summary.json,skipped,incompatible metadata: missing scan_x_values_mm Tx/Rx acquisition metadata,,,outputs/experiments/219_coordinate_optimizer_variable_radius_close_spacing_from_assignment_seed13/figures/FIGURE_NOTES.md,,,,
218,outputs/experiments/218_assigned_coordinate_command_variable_radius_216,,skipped,no compatible coordinate optimizer summary,,,,,,,
217,outputs/experiments/217_detection_assignment_variable_radius_close_spacing_216,,skipped,no compatible coordinate optimizer summary,,,,,,,
216,outputs/experiments/216_detection_multi_rebar_variable_radius_close_spacing_source_mismatch_noise10,,skipped,no compatible coordinate optimizer summary,,,,,,,
215,outputs/experiments/215_assigned_coordinate_command_close_spacing_114,,skipped,no compatible coordinate optimizer summary,,,,,,,
214,outputs/experiments/214_assigned_coordinate_command_variable_depth_115,,skipped,no compatible coordinate optimizer summary,,,,,,,
213,outputs/experiments/213_detection_assignment_close_spacing_114,,skipped,no compatible coordinate optimizer summary,,,,,,,
212,outputs/experiments/212_detection_assignment_variable_depth_115,,skipped,no compatible coordinate optimizer summary,,,,,,,
211,outputs/experiments/211_coordinate_objective_diagnostic_report_210,,skipped,no compatible coordinate optimizer summary,,,,,,,
210,outputs/experiments/210_coordinate_optimizer_variable_depth_broad_ambiguity_revisit_seed13,outputs/experiments/210_coordinate_optimizer_variable_depth_broad_ambiguity_revisit_seed13/data/multi_rebar_coordinate_optimizer_summary.json,skipped,"incompatible metadata: x, z, and radius lists must have the same length",,,outputs/experiments/210_coordinate_optimizer_variable_depth_broad_ambiguity_revisit_seed13/figures/FIGURE_NOTES.md,,,,
209,outputs/experiments/209_coordinate_objective_diagnostic_report_208,,skipped,no compatible coordinate optimizer summary,,,,,,,
208,outputs/experiments/208_coordinate_optimizer_close_spacing_broad_ambiguity_revisit_seed13,outputs/experiments/208_coordinate_optimizer_close_spacing_broad_ambiguity_revisit_seed13/data/multi_rebar_coordinate_optimizer_summary.json,skipped,"incompatible metadata: x, z, and radius lists must have the same length",,,outputs/experiments/208_coordinate_optimizer_close_spacing_broad_ambiguity_revisit_seed13/figures/FIGURE_NOTES.md,,,,
207,outputs/experiments/207_coordinate_objective_diagnostic_report_206,,skipped,no compatible coordinate optimizer summary,,,,,,,
206,outputs/experiments/206_coordinate_optimizer_close_spacing_detector_seeded_highband_diag_seed13,outputs/experiments/206_coordinate_optimizer_close_spacing_detector_seeded_highband_diag_seed13/data/multi_rebar_coordinate_optimizer_summary.json,skipped,"incompatible metadata: x, z, and radius lists must have the same length",,,outputs/experiments/206_coordinate_optimizer_close_spacing_detector_seeded_highband_diag_seed13/figures/FIGURE_NOTES.md,,,,
205,outputs/experiments/205_coordinate_objective_diagnostic_report_106_203,,skipped,no compatible coordinate optimizer summary,,,,,,,
204,outputs/experiments/204_coordinate_objective_diagnostic_report_203,,skipped,no compatible coordinate optimizer summary,,,,,,,
203,outputs/experiments/203_coordinate_optimizer_seed_offset2mm_guarded_highband_diag_seed34,outputs/experiments/203_coordinate_optimizer_seed_offset2mm_guarded_highband_diag_seed34/data/multi_rebar_coordinate_optimizer_summary.json,skipped,"incompatible metadata: x, z, and radius lists must have the same length",,,outputs/experiments/203_coordinate_optimizer_seed_offset2mm_guarded_highband_diag_seed34/figures/FIGURE_NOTES.md,,,,
202,outputs/experiments/202_coordinate_objective_diagnostic_report_106,,skipped,no compatible coordinate optimizer summary,,,,,,,
201,outputs/experiments/201_packaged_highband_material_uncertainty_r4_r8_178_200,,skipped,no compatible coordinate optimizer summary,,,,,,,
200,outputs/experiments/200_detection_seeded_highband_material_uncertainty_smoke_depth110_r8_seed13,,skipped,no compatible coordinate optimizer summary,,,,,,,
199,outputs/experiments/199_packaged_highband_material_uncertainty_aggregate_178_198,,skipped,no compatible coordinate optimizer summary,,,,,,,
198,outputs/experiments/198_detection_seeded_highband_material_uncertainty_smoke_depth70_r4_seed13,,skipped,no compatible coordinate optimizer summary,,,,,,,
197,outputs/experiments/197_radius_uncertainty_report_r4_r8_material_source_191_196,,skipped,no compatible coordinate optimizer summary,,,,,,,
196,outputs/experiments/196_single_rebar_r8_highband25ghz_subcell13_fine_radius005_seed13,,skipped,no compatible coordinate optimizer summary,,,,,,,
195,outputs/experiments/195_single_rebar_r8_material_source_tradeoff_highband_subcell13_seed13,,skipped,no compatible coordinate optimizer summary,,,,,,,
194,outputs/experiments/194_single_rebar_r4_material_source_tradeoff_highband_subcell13_seed13,,skipped,no compatible coordinate optimizer summary,,,,,,,
193,outputs/experiments/193_shallow_r4_highband_subcell_radius_source_aggregate_167_192,,skipped,no compatible coordinate optimizer summary,,,,,,,
192,outputs/experiments/192_single_rebar_r4_highband25ghz_subcell13_fine_radius0025_seed13_noamp,,skipped,no compatible coordinate optimizer summary,,,,,,,
191,outputs/experiments/191_single_rebar_r4_highband25ghz_subcell13_fine_radius0025_seed13,,skipped,no compatible coordinate optimizer summary,,,,,,,
190,outputs/experiments/190_single_rebar_r4_highband25ghz_subcell13_src9_seed13,,skipped,no compatible coordinate optimizer summary,,,,,,,
189,outputs/experiments/189_single_rebar_r4_subcell13_geometry_quantization_005mm,,skipped,no compatible coordinate optimizer summary,,,,,,,
188,outputs/experiments/188_packaged_highband_r8_seed_aggregate_120_187,,skipped,no compatible coordinate optimizer summary,,,,,,,
187,outputs/experiments/187_detection_seeded_highband_polish_depth110_r8_noise10_seed34,,skipped,no compatible coordinate optimizer summary,,,,,,,
186,outputs/experiments/186_detection_seeded_highband_polish_depth110_r8_noise10_seed21,,skipped,no compatible coordinate optimizer summary,,,,,,,
185,outputs/experiments/185_packaged_highband_r8_comparison_120_184,,skipped,no compatible coordinate optimizer summary,,,,,,,
184,outputs/experiments/184_detection_seeded_highband_polish_depth110_r8_noise10_seed13,,skipped,no compatible coordinate optimizer summary,,,,,,,
183,outputs/experiments/183_packaged_highband_seed_aggregate_148_182,,skipped,no compatible coordinate optimizer summary,,,,,,,
182,outputs/experiments/182_detection_seeded_highband_polish_depth70_r4_noise10_seed34,,skipped,no compatible coordinate optimizer summary,,,,,,,
181,outputs/experiments/181_detection_seeded_highband_polish_depth70_r4_noise10_seed21,,skipped,no compatible coordinate optimizer summary,,,,,,,
180,outputs/experiments/180_packaged_highband_comparison_148_178_notes_v2,,skipped,no compatible coordinate optimizer summary,,,,,,,
179,outputs/experiments/179_packaged_highband_comparison_148_178,,skipped,no compatible coordinate optimizer summary,,,,,,,
178,outputs/experiments/178_detection_seeded_highband_polish_depth70_r4_noise10_seed13,,skipped,no compatible coordinate optimizer summary,,,,,,,
177,outputs/experiments/177_r8_highband25_seed_aggregate_153_176,,skipped,no compatible coordinate optimizer summary,,,,,,,
176,outputs/experiments/176_single_rebar_r8_highband25ghz_subcell9_src9_seed34,,skipped,no compatible coordinate optimizer summary,,,,,,,
175,outputs/experiments/175_single_rebar_r8_highband25ghz_subcell9_src9_seed21,,skipped,no compatible coordinate optimizer summary,,,,,,,
174,outputs/experiments/174_r4_highband25_seed_aggregate_148_173,,skipped,no compatible coordinate optimizer summary,,,,,,,
173,outputs/experiments/173_single_rebar_r4_highband25ghz_subcell9_src9_seed34,,skipped,no compatible coordinate optimizer summary,,,,,,,
172,outputs/experiments/172_single_rebar_r4_highband25ghz_subcell9_src9_seed21,,skipped,no compatible coordinate optimizer summary,,,,,,,
171,outputs/experiments/171_highband25_acquisition_diagnostic_r4_r8_labeled,,skipped,no compatible coordinate optimizer summary,,,,,,,
170,outputs/experiments/170_highband25_acquisition_diagnostic_r4_r8,,skipped,no compatible coordinate optimizer summary,,,,,,,
169,outputs/experiments/169_single_rebar_r8_highband25ghz_subcell9_src9_seed13,,skipped,no compatible coordinate optimizer summary,,,,,,,
168,outputs/experiments/168_r4_highband_acquisition_diagnostic_148_167,,skipped,no compatible coordinate optimizer summary,,,,,,,
167,outputs/experiments/167_single_rebar_r4_highband25ghz_subcell9_src9_seed13,,skipped,no compatible coordinate optimizer summary,,,,,,,
166,outputs/experiments/166_single_rebar_r4_highband2ghz_subcell9_src9_seed13,,skipped,no compatible coordinate optimizer summary,,,,,,,
165,outputs/experiments/165_r4_guarded_weighting_diagnostic_148_164,,skipped,no compatible coordinate optimizer summary,,,,,,,
164,outputs/experiments/164_single_rebar_r4_guarded_subcell9_src9_weighted025_1_seed13,,skipped,no compatible coordinate optimizer summary,,,,,,,
163,outputs/experiments/163_r8_guarded_objective_design_diagnostic_153_162_with_weights,,skipped,no compatible coordinate optimizer summary,,,,,,,
162,outputs/experiments/162_single_rebar_r8_guarded_subcell9_src9_weighted025_1,,skipped,no compatible coordinate optimizer summary,,,,,,,
161,outputs/experiments/161_r8_guarded_objective_design_diagnostic_153_159_with_amp_mode,,skipped,no compatible coordinate optimizer summary,,,,,,,
160,outputs/experiments/160_r8_guarded_objective_design_diagnostic_153_159,,skipped,no compatible coordinate optimizer summary,,,,,,,
159,outputs/experiments/159_single_rebar_r8_guarded_subcell9_src9_multifreq_no_amp_fit,,skipped,no compatible coordinate optimizer summary,,,,,,,
158,outputs/experiments/158_r8_guarded_frequency_geometry_diagnostic_153_157,,skipped,no compatible coordinate optimizer summary,,,,,,,
157,outputs/experiments/157_single_rebar_r8_guarded_subcell9_src9_10ghz_only,,skipped,no compatible coordinate optimizer summary,,,,,,,
156,outputs/experiments/156_single_rebar_r8_guarded_subcell9_src9_15ghz_only,,skipped,no compatible coordinate optimizer summary,,,,,,,
155,outputs/experiments/155_single_rebar_r8_guarded_hard_local_multifreq,,skipped,no compatible coordinate optimizer summary,,,,,,,
154,outputs/experiments/154_guarded_stage_confidence_120_153,,skipped,no compatible coordinate optimizer summary,,,,,,,
153,outputs/experiments/153_detection_seeded_guarded_polish_depth110_r8_noise10_seed13,,skipped,no compatible coordinate optimizer summary,,,,,,,
152,outputs/experiments/152_guarded_pipeline_seed_aggregate_148_151,,skipped,no compatible coordinate optimizer summary,,,,,,,
151,outputs/experiments/151_detection_seeded_guarded_polish_depth70_r4_noise10_seed34,,skipped,no compatible coordinate optimizer summary,,,,,,,
150,outputs/experiments/150_detection_seeded_guarded_polish_depth70_r4_noise10_seed21,,skipped,no compatible coordinate optimizer summary,,,,,,,
149,outputs/experiments/149_two_stage_refinement_aggregate_118_148_guarded,,skipped,no compatible coordinate optimizer summary,,,,,,,
148,outputs/experiments/148_detection_seeded_guarded_polish_depth70_r4_noise10_seed13,,skipped,no compatible coordinate optimizer summary,,,,,,,
147,outputs/experiments/147_single_rebar_source_profiled_multifreq_subcell9_src9_z69_71_r39_41,,skipped,no compatible coordinate optimizer summary,,,,,,,
146,outputs/experiments/146_single_rebar_source_profiled_multifreq_grid05_hard_tie_smoke,,skipped,no compatible coordinate optimizer summary,,,,,,,
145,outputs/experiments/145_single_rebar_geometry_quantization_radius37_43_grid05,,skipped,no compatible coordinate optimizer summary,,,,,,,
144,outputs/experiments/144_source_profiled_polish_aggregate_subcell9_src9_noise_seeds,,skipped,no compatible coordinate optimizer summary,,,,,,,
143,outputs/experiments/143_single_rebar_source_profiled_multifreq_subcell9_radius37_43_src9_seed34,,skipped,no compatible coordinate optimizer summary,,,,,,,
142,outputs/experiments/142_single_rebar_source_profiled_multifreq_subcell9_radius37_43_src9_seed21,,skipped,no compatible coordinate optimizer summary,,,,,,,
141,outputs/experiments/141_frequency_reweight_diagnostic_exp140_subcell9_src9,,skipped,no compatible coordinate optimizer summary,,,,,,,
140,outputs/experiments/140_single_rebar_source_profiled_multifreq_subcell9_radius37_43_src9,,skipped,no compatible coordinate optimizer summary,,,,,,,
139,outputs/experiments/139_single_rebar_source_profiled_multifreq_subcell9_radius37_43,,skipped,no compatible coordinate optimizer summary,,,,,,,
138,outputs/experiments/138_single_rebar_source_profiled_multifreq_subcell9_tie_smoke,,skipped,no compatible coordinate optimizer summary,,,,,,,
137,outputs/experiments/137_single_rebar_source_profiled_multifreq_subcell_tie_smoke,,skipped,no compatible coordinate optimizer summary,,,,,,,
136,outputs/experiments/136_single_rebar_geometry_quantization_radius37_43,,skipped,no compatible coordinate optimizer summary,,,,,,,
135,outputs/experiments/135_single_rebar_source_profiled_multifreq_csv_plot_smoke,,skipped,no compatible coordinate optimizer summary,,,,,,,
134,outputs/experiments/134_two_stage_refinement_aggregate_118_132_interval_runtime,,skipped,no compatible coordinate optimizer summary,,,,,,,
133,outputs/experiments/133_two_stage_refinement_aggregate_118_132_multifreq,,skipped,no compatible coordinate optimizer summary,,,,,,,
132,outputs/experiments/132_detection_seeded_two_stage_refinement_depth70_r4_mismatch_noise10_fine01_highfreq,,skipped,no compatible coordinate optimizer summary,,,,,,,
131,outputs/experiments/131_detection_seeded_two_stage_refinement_depth70_r4_mismatch_noise10_fine01_multifreq,,skipped,no compatible coordinate optimizer summary,,,,,,,
130,outputs/experiments/130_two_stage_refinement_aggregate_118_128_geometry_plotfix,,skipped,no compatible coordinate optimizer summary,,,,,,,
129,outputs/experiments/129_two_stage_refinement_aggregate_118_128_geometry,,skipped,no compatible coordinate optimizer summary,,,,,,,
128,outputs/experiments/128_detection_seeded_two_stage_refinement_depth70_r4_mismatch_noise10_fine01_subcell,,skipped,no compatible coordinate optimizer summary,,,,,,,
127,outputs/experiments/127_two_stage_refinement_aggregate_118_126_intervals,,skipped,no compatible coordinate optimizer summary,,,,,,,
126,outputs/experiments/126_detection_seeded_two_stage_refinement_depth70_r4_mismatch_noise10_fine01,,skipped,no compatible coordinate optimizer summary,,,,,,,
125,outputs/experiments/125_two_stage_refinement_aggregate_118_124,,skipped,no compatible coordinate optimizer summary,,,,,,,
124,outputs/experiments/124_detection_seeded_two_stage_refinement_depth70_r4_mismatch_noise10_seed34,,skipped,no compatible coordinate optimizer summary,,,,,,,
123,outputs/experiments/123_detection_seeded_two_stage_refinement_depth70_r4_mismatch_noise10_seed21,,skipped,no compatible coordinate optimizer summary,,,,,,,
122,outputs/experiments/122_two_stage_refinement_aggregate_118_121,,skipped,no compatible coordinate optimizer summary,,,,,,,
121,outputs/experiments/121_detection_seeded_two_stage_refinement_depth70_r4_mismatch_noise10,,skipped,no compatible coordinate optimizer summary,,,,,,,
120,outputs/experiments/120_detection_seeded_two_stage_refinement_depth110_r8_mismatch_noise10,,skipped,no compatible coordinate optimizer summary,,,,,,,
119,outputs/experiments/119_detection_seeded_two_stage_refinement_depth110_r8_smoke,,skipped,no compatible coordinate optimizer summary,,,,,,,
118,outputs/experiments/118_detection_seeded_two_stage_refinement_smoke,,skipped,no compatible coordinate optimizer summary,,,,,,,
117,outputs/experiments/117_detection_seeded_narrow_1mm_polish_smoke,,skipped,no compatible coordinate optimizer summary,,,,,,,
116,outputs/experiments/116_detection_seeded_coarse_2mm_screen_smoke,,skipped,no compatible coordinate optimizer summary,,,,,,,
115,outputs/experiments/115_detection_multi_rebar_variable_depth_source_mismatch_noise10,,skipped,no compatible coordinate optimizer summary,,,,,,,
114,outputs/experiments/114_detection_multi_rebar_close_spacing_source_mismatch_noise10,,skipped,no compatible coordinate optimizer summary,,,,,,,
113,outputs/experiments/113_single_rebar_detection_source_mismatch_benchmark,,skipped,no compatible coordinate optimizer summary,,,,,,,
112,outputs/experiments/112_single_rebar_detection_depth_radius_noise_benchmark,,skipped,no compatible coordinate optimizer summary,,,,,,,
111,outputs/experiments/111_detection_seeded_source_profiled_polish_smoke,,skipped,no compatible coordinate optimizer summary,,,,,,,
110,outputs/experiments/110_detection_multi_rebar_same_depth_smoke,,skipped,no compatible coordinate optimizer summary,,,,,,,
109,outputs/experiments/109_detection_single_rebar_offset_grid_smoke,,skipped,no compatible coordinate optimizer summary,,,,,,,
108,outputs/experiments/108_detection_single_rebar_source_delay_smoke,,skipped,no compatible coordinate optimizer summary,,,,,,,
107,outputs/experiments/107_detection_single_rebar_default_smoke,,skipped,no compatible coordinate optimizer summary,,,,,,,
106,outputs/experiments/106_coordinate_optimizer_seed_offset2mm_guarded_diag_seed55,outputs/experiments/106_coordinate_optimizer_seed_offset2mm_guarded_diag_seed55/data/multi_rebar_coordinate_optimizer_summary.json,skipped,"incompatible metadata: x, z, and radius lists must have the same length",,,,,,,
105,outputs/experiments/105_coordinate_optimizer_diagnostic_objective_cpu_smoke,outputs/experiments/105_coordinate_optimizer_diagnostic_objective_cpu_smoke/data/multi_rebar_coordinate_optimizer_summary.json,skipped,"incompatible metadata: x, z, and radius lists must have the same length",,,,,,,
104,outputs/experiments/104_multi_rebar_target0_radius_objective_matrix_seed13,,skipped,no compatible coordinate optimizer summary,,,,,,,
103,outputs/experiments/103_multi_rebar_target2_radius_objective_matrix_seed13,,skipped,no compatible coordinate optimizer summary,,,,,,,
102,outputs/experiments/102_multi_rebar_target0_radius_objective_matrix_seed34,,skipped,no compatible coordinate optimizer summary,,,,,,,
101,outputs/experiments/101_multi_rebar_target0_branch_objective_matrix_seed34,,skipped,no compatible coordinate optimizer summary,,,,,,,
100,outputs/experiments/100_multi_rebar_target2_radius_objective_matrix_seed34,,skipped,no compatible coordinate optimizer summary,,,,,,,
99,outputs/experiments/099_objective_variant_cli_cpu_smoke,,skipped,no compatible coordinate optimizer summary,,,,,,,
98,outputs/experiments/098_coordinate_optimizer_seed_offset2mm_guarded_seed13_21_34_aggregate,,skipped,no compatible coordinate optimizer summary,,,,,,,
97,outputs/experiments/097_coordinate_optimizer_seed_offset2mm_guarded_revisit_seed34,outputs/experiments/097_coordinate_optimizer_seed_offset2mm_guarded_revisit_seed34/data/multi_rebar_coordinate_optimizer_summary.json,skipped,"incompatible metadata: x, z, and radius lists must have the same length",,,,,,,
96,outputs/experiments/096_coordinate_optimizer_seed_offset2mm_guarded_seed13_21_aggregate,,skipped,no compatible coordinate optimizer summary,,,,,,,
95,outputs/experiments/095_coordinate_optimizer_seed_offset2mm_guarded_revisit_seed21,outputs/experiments/095_coordinate_optimizer_seed_offset2mm_guarded_revisit_seed21/data/multi_rebar_coordinate_optimizer_summary.json,skipped,"incompatible metadata: x, z, and radius lists must have the same length",,,,,,,
94,outputs/experiments/094_coordinate_optimizer_seed_offset2mm_guarded_revisit_seed13,outputs/experiments/094_coordinate_optimizer_seed_offset2mm_guarded_revisit_seed13/data/multi_rebar_coordinate_optimizer_summary.json,skipped,"incompatible metadata: x, z, and radius lists must have the same length",,,,,,,
93,outputs/experiments/093_coordinate_optimizer_seed_offset2mm_target2_revisit_seed13,outputs/experiments/093_coordinate_optimizer_seed_offset2mm_target2_revisit_seed13/data/multi_rebar_coordinate_optimizer_summary.json,skipped,"incompatible metadata: x, z, and radius lists must have the same length",,,,,,,
92,outputs/experiments/092_coordinate_optimizer_seed_offset2mm_order120_noise10_seed13,outputs/experiments/092_coordinate_optimizer_seed_offset2mm_order120_noise10_seed13/data/multi_rebar_coordinate_optimizer_summary.json,skipped,"incompatible metadata: x, z, and radius lists must have the same length",,,,,,,
91,outputs/experiments/091_coordinate_optimizer_seed_offset2mm_target0_revisit_seed13,outputs/experiments/091_coordinate_optimizer_seed_offset2mm_target0_revisit_seed13/data/multi_rebar_coordinate_optimizer_summary.json,skipped,"incompatible metadata: x, z, and radius lists must have the same length",,,,,,,
90,outputs/experiments/090_coordinate_optimizer_seed_offset2mm_noise10_seed13,outputs/experiments/090_coordinate_optimizer_seed_offset2mm_noise10_seed13/data/multi_rebar_coordinate_optimizer_summary.json,skipped,"incompatible metadata: x, z, and radius lists must have the same length",,,,,,,
89,outputs/experiments/089_coordinate_optimizer_noise_seed13_21_34_55_aggregate,,skipped,no compatible coordinate optimizer summary,,,,,,,
88,outputs/experiments/088_coordinate_optimizer_noise10_seed55,outputs/experiments/088_coordinate_optimizer_noise10_seed55/data/multi_rebar_coordinate_optimizer_summary.json,skipped,"incompatible metadata: x, z, and radius lists must have the same length",,,,,,,
87,outputs/experiments/087_coordinate_optimizer_noise_seed13_21_34_aggregate,,skipped,no compatible coordinate optimizer summary,,,,,,,
86,outputs/experiments/086_coordinate_optimizer_noise10_seed34,outputs/experiments/086_coordinate_optimizer_noise10_seed34/data/multi_rebar_coordinate_optimizer_summary.json,skipped,"incompatible metadata: x, z, and radius lists must have the same length",,,,,,,
85,outputs/experiments/085_coordinate_optimizer_noise_seed13_21_aggregate,,skipped,no compatible coordinate optimizer summary,,,,,,,
84,outputs/experiments/084_coordinate_optimizer_noise10_seed21,outputs/experiments/084_coordinate_optimizer_noise10_seed21/data/multi_rebar_coordinate_optimizer_summary.json,skipped,"incompatible metadata: x, z, and radius lists must have the same length",,,,,,,
83,outputs/experiments/083_coordinate_optimizer_noise10_seed13,outputs/experiments/083_coordinate_optimizer_noise10_seed13/data/multi_rebar_coordinate_optimizer_summary.json,skipped,"incompatible metadata: x, z, and radius lists must have the same length",,,,,,,
82,outputs/experiments/082_coordinate_optimizer_gpu_compact_perturbed_seed,outputs/experiments/082_coordinate_optimizer_gpu_compact_perturbed_seed/data/multi_rebar_coordinate_optimizer_summary.json,skipped,"incompatible metadata: x, z, and radius lists must have the same length",,,,,,,
81,outputs/experiments/081_coordinate_optimizer_cpu_smoke,outputs/experiments/081_coordinate_optimizer_cpu_smoke/data/multi_rebar_coordinate_optimizer_summary.json,skipped,"incompatible metadata: x, z, and radius lists must have the same length",,,,,,,
80,outputs/experiments/080_multi_rebar_stage7_ambiguity_interval_report,,skipped,no compatible coordinate optimizer summary,,,,,,,
79,outputs/experiments/079_multi_rebar_stage6_all_targets_confidence_report,,skipped,no compatible coordinate optimizer summary,,,,,,,
78,outputs/experiments/078_multi_rebar_right_seed13_21_34_55_confidence_report,,skipped,no compatible coordinate optimizer summary,,,,,,,
77,outputs/experiments/077_multi_rebar_right_local_geometry_noise10_seeds21_34_55,,skipped,no compatible coordinate optimizer summary,,,,,,,
76,outputs/experiments/076_multi_rebar_center_seed13_21_34_55_confidence_report,,skipped,no compatible coordinate optimizer summary,,,,,,,
75,outputs/experiments/075_multi_rebar_center_local_geometry_noise10_seeds21_34_55,,skipped,no compatible coordinate optimizer summary,,,,,,,
74,outputs/experiments/074_multi_rebar_left_seed13_21_34_55_confidence_report,,skipped,no compatible coordinate optimizer summary,,,,,,,
73,outputs/experiments/073_multi_rebar_left_local_geometry_noise10_seeds34_55,,skipped,no compatible coordinate optimizer summary,,,,,,,
72,outputs/experiments/072_multi_rebar_left_seed_confidence_report,,skipped,no compatible coordinate optimizer summary,,,,,,,
71,outputs/experiments/071_multi_rebar_left_local_geometry_noise10_seed21,,skipped,no compatible coordinate optimizer summary,,,,,,,
70,outputs/experiments/070_multi_rebar_stage4c_confidence_report,,skipped,no compatible coordinate optimizer summary,,,,,,,
69,outputs/experiments/069_multi_rebar_right_local_geometry_noise10,,skipped,no compatible coordinate optimizer summary,,,,,,,
68,outputs/experiments/068_multi_rebar_center_local_geometry_noise10,,skipped,no compatible coordinate optimizer summary,,,,,,,
67,outputs/experiments/067_multi_rebar_left_local_geometry_noise10,,skipped,no compatible coordinate optimizer summary,,,,,,,
66,outputs/experiments/066_multi_rebar_right_radius_profile,,skipped,no compatible coordinate optimizer summary,,,,,,,
65,outputs/experiments/065_multi_rebar_left_radius_profile,,skipped,no compatible coordinate optimizer summary,,,,,,,
64,outputs/experiments/064_multi_rebar_center_radius_profile,,skipped,no compatible coordinate optimizer summary,,,,,,,
63,outputs/experiments/063_multi_rebar_common_radius_profile,,skipped,no compatible coordinate optimizer summary,,,,,,,
62,outputs/experiments/062_source_profiled_geometry_window_noise10,,skipped,no compatible coordinate optimizer summary,,,,,,,
61,outputs/experiments/061_source_profiled_geometry_window_exact_mismatch,,skipped,no compatible coordinate optimizer summary,,,,,,,
60,outputs/experiments/060_source_profiled_replication_seed_matrix,,skipped,no compatible coordinate optimizer summary,,,,,,,
59,outputs/experiments/059_source_profiled_replication_compact,,skipped,no compatible coordinate optimizer summary,,,,,,,
58,outputs/experiments/058_source_profiled_polish_combined_mismatch,,skipped,no compatible coordinate optimizer summary,,,,,,,
57,outputs/experiments/057_source_profiled_polish_nominal_smoke,,skipped,no compatible coordinate optimizer summary,,,,,,,
56,outputs/experiments/056_material_tradeoff_fixed_xz_exact,,skipped,no compatible coordinate optimizer summary,,,,,,,
55,outputs/experiments/055_wavelet_mismatch_radius_amp_time_freqfit,,skipped,no compatible coordinate optimizer summary,,,,,,,
54,outputs/experiments/054_wavelet_mismatch_radius_amp_timefit,,skipped,no compatible coordinate optimizer summary,,,,,,,
53,outputs/experiments/053_wavelet_mismatch_radius_amplitude_fit,,skipped,no compatible coordinate optimizer summary,,,,,,,
52,outputs/experiments/052_wavelet_mismatch_radius_exact,,skipped,no compatible coordinate optimizer summary,,,,,,,
51,outputs/experiments/051_w2_landscape_exact_beta8_ds8,,skipped,no compatible coordinate optimizer summary,,,,,,,
50,outputs/experiments/050_w2_landscape_exact_beta8_ds16,,skipped,no compatible coordinate optimizer summary,,,,,,,
49,outputs/experiments/049_frequency_weight_radius_margin_noise05_seed13,,skipped,no compatible coordinate optimizer summary,,,,,,,
48,outputs/experiments/048_trace_wasserstein_convexity_smoke,,skipped,no compatible coordinate optimizer summary,,,,,,,
47,outputs/experiments/047_frequency_weight_radius_margin_noise10_seed13,,skipped,no compatible coordinate optimizer summary,,,,,,,
46,outputs/experiments/046_frequency_weight_radius_margin_exact,,skipped,no compatible coordinate optimizer summary,,,,,,,
45,outputs/experiments/045_pebd_spectrum_bands_exact,,skipped,no compatible coordinate optimizer summary,,,,,,,
44,outputs/experiments/044_pebd_spectrum_design_noise10_seed13,,skipped,no compatible coordinate optimizer summary,,,,,,,
43,outputs/experiments/043_pebd_spectrum_design_exact,,skipped,no compatible coordinate optimizer summary,,,,,,,
42,outputs/experiments/042_plotting_template_validation_smoke,,skipped,no compatible coordinate optimizer summary,,,,,,,
41,outputs/experiments/041_cumulative_frequency_weighted_objective_smoke,,skipped,no compatible coordinate optimizer summary,,,,,,,
40,outputs/experiments/040_cumulative_frequency_10_15_coarsepolish_from_highradius,,skipped,no compatible coordinate optimizer summary,,,,,,,
39,outputs/experiments/039_cumulative_frequency_gridpolish_topk_smoke,,skipped,no compatible coordinate optimizer summary,,,,,,,
38,outputs/experiments/038_cumulative_frequency_misfit_summary_smoke,,skipped,no compatible coordinate optimizer summary,,,,,,,
37,outputs/experiments/037_bandwidth_noise10_full_coarsepolish_from_lowband_seed13,,skipped,no compatible coordinate optimizer summary,,,,,,,
36,outputs/experiments/036_bandwidth_noise10_stage1_020_080_seed13,,skipped,no compatible coordinate optimizer summary,,,,,,,
35,outputs/experiments/035_bandwidth_noise05_full_coarsepolish_from_lowband_seed13,,skipped,no compatible coordinate optimizer summary,,,,,,,
34,outputs/experiments/034_bandwidth_noise05_stage1_020_080_seed13,,skipped,no compatible coordinate optimizer summary,,,,,,,
33,outputs/experiments/033_bandwidth_stage1_then_full_coarsepolish,,skipped,no compatible coordinate optimizer summary,,,,,,,
32,outputs/experiments/032_bandwidth_full_from_stage1_no_polish,,skipped,no compatible coordinate optimizer summary,,,,,,,
31,outputs/experiments/031_bandwidth_stage3_full_from_stage2_coarsepolish,,skipped,no compatible coordinate optimizer summary,,,,,,,
30,outputs/experiments/030_bandwidth_stage2_020_110_from_stage1,,skipped,no compatible coordinate optimizer summary,,,,,,,
29,outputs/experiments/029_bandwidth_stage1_020_080_from_2mm,,skipped,no compatible coordinate optimizer summary,,,,,,,
28,outputs/experiments/028_bandpass_objective_summary_smoke,,skipped,no compatible coordinate optimizer summary,,,,,,,
27,outputs/experiments/027_trace_shift_summary_smoke,,skipped,no compatible coordinate optimizer summary,,,,,,,
26,outputs/experiments/026_trace_shift_noise05_optimizer_vs_recovered,,skipped,no compatible coordinate optimizer summary,,,,,,,
25,outputs/experiments/025_trace_shift_noise10_top_candidates,,skipped,no compatible coordinate optimizer summary,,,,,,,
24,outputs/experiments/024_trace_shift_exact_powell_vs_polish,,skipped,no compatible coordinate optimizer summary,,,,,,,
23,outputs/experiments/023_single_rebar_grid1mm_noise10_coarsepolish_topk,,skipped,no compatible coordinate optimizer summary,,,,,,,
22,outputs/experiments/022_single_rebar_grid1mm_noise10_coarsepolish,,skipped,no compatible coordinate optimizer summary,,,,,,,
21,outputs/experiments/021_single_rebar_grid1mm_noise05_seed21_coarsepolish,,skipped,no compatible coordinate optimizer summary,,,,,,,
20,outputs/experiments/020_single_rebar_grid1mm_noise05_coarsepolish,,skipped,no compatible coordinate optimizer summary,,,,,,,
19,outputs/experiments/019_single_rebar_grid1mm_noise05_gridpolish_stop006,,skipped,no compatible coordinate optimizer summary,,,,,,,
18,outputs/experiments/018_single_rebar_grid1mm_noise05_gridpolish,,skipped,no compatible coordinate optimizer summary,,,,,,,
17,outputs/experiments/017_single_rebar_grid1mm_noise01_gridpolish,,skipped,no compatible coordinate optimizer summary,,,,,,,
16,outputs/experiments/016_single_rebar_grid1mm_gridpolish_earlystop_from_run009,,skipped,no compatible coordinate optimizer summary,,,,,,,
15,outputs/experiments/015_single_rebar_grid1mm_powell_gridpolish_from_2mm,,skipped,no compatible coordinate optimizer summary,,,,,,,
14,outputs/experiments/014_single_rebar_grid1mm_gridpolish_from_run009,,skipped,no compatible coordinate optimizer summary,,,,,,,
13,outputs/experiments/013_radius_profile_grid1mm_9src_at_run009,,skipped,no compatible coordinate optimizer summary,,,,,,,
12,outputs/experiments/012_z_radius_grid1mm_5src_run009x,,skipped,no compatible coordinate optimizer summary,,,,,,,
11,outputs/experiments/011_radius_profile_grid1mm_5src_run009x_truez,,skipped,no compatible coordinate optimizer summary,,,,,,,
10,outputs/experiments/010_radius_profile_grid1mm_5src_at_run009,,skipped,no compatible coordinate optimizer summary,,,,,,,
9,outputs/experiments/009_single_rebar_grid1mm_powell_refine_from_2mm,,skipped,no compatible coordinate optimizer summary,,,,,,,
8,outputs/experiments/008_single_rebar_grid1mm_de_5src_60eval_bounded,,skipped,no compatible coordinate optimizer summary,,,,,,,
7,outputs/experiments/007_single_rebar_grid1mm_cli_smoke,,skipped,no compatible coordinate optimizer summary,,,,,,,
6,outputs/experiments/006_radius_subcell2mm_s9_logsigma_probe,,skipped,no compatible coordinate optimizer summary,,,,,,,
5,outputs/experiments/005_radius_subcell2mm_s9_probe,,skipped,no compatible coordinate optimizer summary,,,,,,,
4,outputs/experiments/004_radius_subcell2mm_probe,,skipped,no compatible coordinate optimizer summary,,,,,,,
3,outputs/experiments/003_radius_grid1mm_probe,,skipped,no compatible coordinate optimizer summary,,,,,,,
2,outputs/experiments/002_radius_grid2mm_probe,,skipped,no compatible coordinate optimizer summary,,,,,,,
1,outputs/experiments/001_landscape_numbering_smoke,,skipped,no compatible coordinate optimizer summary,,,,,,,
