branch_key,seed,case_variant,run_name,config_key,background_mode,top_k,separation_profile,time_offset_family,x_min_separation_mm,z_min_separation_mm,detected_candidate_count,all_truths_within_tolerance,truth_hit_count,target0_hit,target1_hit,target2_hit,unique_truth_hit_count,unique_all_truths_within_tolerance,unique_target0_hit,unique_target1_hit,unique_target2_hit,assigned_candidate_ranks,best_candidate_x_mm,best_candidate_z_mm,best_candidate_score,elapsed_time_s
target2_close14,13,nominal,local2d_detector_baseline_target2_close14_seed13_nominal_cpu,mean_top20_dense4_baseline,mean,20,dense4,baseline,4.0,4.0,20,False,2,False,True,True,2,False,False,True,True,"6,9,8",265.0,85.0,1.1466866922793297,0.5582716464996338
target2_close14,13,nominal,local2d_detector_baseline_target2_close14_seed13_nominal_cpu,mean_top20_dense4_single667,mean,20,dense4,single667,4.0,4.0,20,False,2,False,True,True,2,False,False,True,True,"17,18,20",259.0,80.0,1.0102732383036794,0.08061790466308594
target2_close14,13,nominal,local2d_detector_baseline_target2_close14_seed13_nominal_cpu,mean_top20_dense4_wide,mean,20,dense4,wide,4.0,4.0,20,False,2,False,True,True,2,False,False,True,True,"18,19,5",263.0,98.0,1.1761678911181814,0.8937239646911621
target2_close14,13,nominal,local2d_detector_baseline_target2_close14_seed13_nominal_cpu,mean_top20_distinct20_baseline,mean,20,distinct20,baseline,20.0,10.0,13,True,3,True,True,True,3,True,True,True,True,"8,5,1",265.0,85.0,1.1466866922793297,0.5082528591156006
target2_close14,13,nominal,local2d_detector_baseline_target2_close14_seed13_nominal_cpu,mean_top20_distinct20_single667,mean,20,distinct20,single667,20.0,10.0,15,True,3,True,True,True,3,True,True,True,True,"6,4,3",259.0,80.0,1.0102732383036794,0.07340455055236816
target2_close14,13,nominal,local2d_detector_baseline_target2_close14_seed13_nominal_cpu,mean_top20_distinct20_wide,mean,20,distinct20,wide,20.0,10.0,14,True,3,True,True,True,3,True,True,True,True,"11,7,2",263.0,98.0,1.1761678911181814,0.8028960227966309
target2_close14,13,nominal,local2d_detector_baseline_target2_close14_seed13_nominal_cpu,mean_top20_moderate12_baseline,mean,20,moderate12,baseline,12.0,8.0,20,True,3,True,True,True,3,True,True,True,True,"15,6,1",265.0,85.0,1.1466866922793297,0.5152144432067871
target2_close14,13,nominal,local2d_detector_baseline_target2_close14_seed13_nominal_cpu,mean_top20_moderate12_single667,mean,20,moderate12,single667,12.0,8.0,20,True,3,True,True,True,3,True,True,True,True,"13,5,4",259.0,80.0,1.0102732383036794,0.07520031929016113
target2_close14,13,nominal,local2d_detector_baseline_target2_close14_seed13_nominal_cpu,mean_top20_moderate12_wide,mean,20,moderate12,wide,12.0,8.0,20,True,3,True,True,True,3,True,True,True,True,"19,7,2",263.0,98.0,1.1761678911181814,0.810081958770752
target2_close14,13,nominal,local2d_detector_baseline_target2_close14_seed13_nominal_cpu,mean_top40_dense4_baseline,mean,40,dense4,baseline,4.0,4.0,40,False,2,False,True,True,2,False,False,True,True,"40,9,8",265.0,85.0,1.1466866922793297,0.5806498527526855
target2_close14,13,nominal,local2d_detector_baseline_target2_close14_seed13_nominal_cpu,mean_top40_dense4_single667,mean,40,dense4,single667,4.0,4.0,40,True,3,True,True,True,3,True,True,True,True,"39,26,24",259.0,80.0,1.0102732383036794,0.10025572776794434
target2_close14,13,nominal,local2d_detector_baseline_target2_close14_seed13_nominal_cpu,mean_top40_dense4_wide,mean,40,dense4,wide,4.0,4.0,40,False,2,False,True,True,2,False,False,True,True,"36,18,5",263.0,98.0,1.1761678911181814,0.894784688949585
target2_close14,13,nominal,local2d_detector_baseline_target2_close14_seed13_nominal_cpu,mean_top40_distinct20_baseline,mean,40,distinct20,baseline,20.0,10.0,13,True,3,True,True,True,3,True,True,True,True,"8,5,1",265.0,85.0,1.1466866922793297,0.5286667346954346
target2_close14,13,nominal,local2d_detector_baseline_target2_close14_seed13_nominal_cpu,mean_top40_distinct20_single667,mean,40,distinct20,single667,20.0,10.0,15,True,3,True,True,True,3,True,True,True,True,"6,4,3",259.0,80.0,1.0102732383036794,0.07375025749206543
target2_close14,13,nominal,local2d_detector_baseline_target2_close14_seed13_nominal_cpu,mean_top40_distinct20_wide,mean,40,distinct20,wide,20.0,10.0,14,True,3,True,True,True,3,True,True,True,True,"11,7,2",263.0,98.0,1.1761678911181814,0.8031008243560791
target2_close14,13,nominal,local2d_detector_baseline_target2_close14_seed13_nominal_cpu,mean_top40_moderate12_baseline,mean,40,moderate12,baseline,12.0,8.0,28,True,3,True,True,True,3,True,True,True,True,"15,6,1",265.0,85.0,1.1466866922793297,0.5213446617126465
target2_close14,13,nominal,local2d_detector_baseline_target2_close14_seed13_nominal_cpu,mean_top40_moderate12_single667,mean,40,moderate12,single667,12.0,8.0,29,True,3,True,True,True,3,True,True,True,True,"13,5,4",259.0,80.0,1.0102732383036794,0.08170652389526367
target2_close14,13,nominal,local2d_detector_baseline_target2_close14_seed13_nominal_cpu,mean_top40_moderate12_wide,mean,40,moderate12,wide,12.0,8.0,25,True,3,True,True,True,3,True,True,True,True,"19,7,2",263.0,98.0,1.1761678911181814,0.817124605178833
target2_close14,13,nominal,local2d_detector_baseline_target2_close14_seed13_nominal_cpu,mean_top80_dense4_baseline,mean,80,dense4,baseline,4.0,4.0,80,True,3,True,True,True,3,True,True,True,True,"70,9,8",265.0,85.0,1.1466866922793297,0.7370991706848145
target2_close14,13,nominal,local2d_detector_baseline_target2_close14_seed13_nominal_cpu,mean_top80_dense4_single667,mean,80,dense4,single667,4.0,4.0,80,True,3,True,True,True,3,True,True,True,True,"46,26,24",259.0,80.0,1.0102732383036794,0.2565877437591553
target2_close14,13,nominal,local2d_detector_baseline_target2_close14_seed13_nominal_cpu,mean_top80_dense4_wide,mean,80,dense4,wide,4.0,4.0,80,False,2,False,True,True,2,False,False,True,True,"76,18,5",263.0,98.0,1.1761678911181814,1.0559287071228027
target2_close14,13,nominal,local2d_detector_baseline_target2_close14_seed13_nominal_cpu,mean_top80_distinct20_baseline,mean,80,distinct20,baseline,20.0,10.0,13,True,3,True,True,True,3,True,True,True,True,"8,5,1",265.0,85.0,1.1466866922793297,0.5098638534545898
target2_close14,13,nominal,local2d_detector_baseline_target2_close14_seed13_nominal_cpu,mean_top80_distinct20_single667,mean,80,distinct20,single667,20.0,10.0,15,True,3,True,True,True,3,True,True,True,True,"6,4,3",259.0,80.0,1.0102732383036794,0.0742483139038086
target2_close14,13,nominal,local2d_detector_baseline_target2_close14_seed13_nominal_cpu,mean_top80_distinct20_wide,mean,80,distinct20,wide,20.0,10.0,14,True,3,True,True,True,3,True,True,True,True,"11,7,2",263.0,98.0,1.1761678911181814,0.8039720058441162
target2_close14,13,nominal,local2d_detector_baseline_target2_close14_seed13_nominal_cpu,mean_top80_moderate12_baseline,mean,80,moderate12,baseline,12.0,8.0,28,True,3,True,True,True,3,True,True,True,True,"15,6,1",265.0,85.0,1.1466866922793297,0.525216817855835
target2_close14,13,nominal,local2d_detector_baseline_target2_close14_seed13_nominal_cpu,mean_top80_moderate12_single667,mean,80,moderate12,single667,12.0,8.0,29,True,3,True,True,True,3,True,True,True,True,"13,5,4",259.0,80.0,1.0102732383036794,0.08183646202087402
target2_close14,13,nominal,local2d_detector_baseline_target2_close14_seed13_nominal_cpu,mean_top80_moderate12_wide,mean,80,moderate12,wide,12.0,8.0,25,True,3,True,True,True,3,True,True,True,True,"19,7,2",263.0,98.0,1.1761678911181814,0.81758713722229
target2_close14,13,nominal,local2d_detector_baseline_target2_close14_seed13_nominal_cpu,median_top20_dense4_baseline,median,20,dense4,baseline,4.0,4.0,20,False,2,False,True,True,2,False,False,True,True,"18,6,12",261.0,88.0,1.2670388469589275,0.5607624053955078
target2_close14,13,nominal,local2d_detector_baseline_target2_close14_seed13_nominal_cpu,median_top20_dense4_single667,median,20,dense4,single667,4.0,4.0,20,False,2,False,True,True,2,False,False,True,True,"19,6,20",259.0,80.0,1.1755366980483988,0.08154439926147461
target2_close14,13,nominal,local2d_detector_baseline_target2_close14_seed13_nominal_cpu,median_top20_dense4_wide,median,20,dense4,wide,4.0,4.0,20,False,2,False,True,True,2,False,False,True,True,"11,16,20",263.0,98.0,1.3280937832871758,0.8977565765380859
target2_close14,13,nominal,local2d_detector_baseline_target2_close14_seed13_nominal_cpu,median_top20_distinct20_baseline,median,20,distinct20,baseline,20.0,10.0,15,False,2,True,False,True,3,True,True,True,True,"8,10,1",261.0,88.0,1.2670388469589275,0.513282060623169
target2_close14,13,nominal,local2d_detector_baseline_target2_close14_seed13_nominal_cpu,median_top20_distinct20_single667,median,20,distinct20,single667,20.0,10.0,16,False,2,True,True,False,2,False,True,True,False,"4,3,5",259.0,80.0,1.1755366980483988,0.07409906387329102
target2_close14,13,nominal,local2d_detector_baseline_target2_close14_seed13_nominal_cpu,median_top20_distinct20_wide,median,20,distinct20,wide,20.0,10.0,14,False,2,True,False,True,3,True,True,True,True,"11,7,2",263.0,98.0,1.3280937832871758,0.8067834377288818
target2_close14,13,nominal,local2d_detector_baseline_target2_close14_seed13_nominal_cpu,median_top20_moderate12_baseline,median,20,moderate12,baseline,12.0,8.0,20,True,3,True,True,True,3,True,True,True,True,"13,5,1",261.0,88.0,1.2670388469589275,0.5204362869262695
target2_close14,13,nominal,local2d_detector_baseline_target2_close14_seed13_nominal_cpu,median_top20_moderate12_single667,median,20,moderate12,single667,12.0,8.0,20,True,3,True,True,True,3,True,True,True,True,"11,5,8",259.0,80.0,1.1755366980483988,0.07629227638244629
target2_close14,13,nominal,local2d_detector_baseline_target2_close14_seed13_nominal_cpu,median_top20_moderate12_wide,median,20,moderate12,wide,12.0,8.0,20,True,3,True,True,True,3,True,True,True,True,"19,9,2",263.0,98.0,1.3280937832871758,0.8125884532928467
target2_close14,13,nominal,local2d_detector_baseline_target2_close14_seed13_nominal_cpu,median_top40_dense4_baseline,median,40,dense4,baseline,4.0,4.0,40,False,2,False,True,True,2,False,False,True,True,"23,18,12",261.0,88.0,1.2670388469589275,0.5780465602874756
target2_close14,13,nominal,local2d_detector_baseline_target2_close14_seed13_nominal_cpu,median_top40_dense4_single667,median,40,dense4,single667,4.0,4.0,40,True,3,True,True,True,3,True,True,True,True,"39,23,29",259.0,80.0,1.1755366980483988,0.10086274147033691
target2_close14,13,nominal,local2d_detector_baseline_target2_close14_seed13_nominal_cpu,median_top40_dense4_wide,median,40,dense4,wide,4.0,4.0,40,False,2,False,True,True,2,False,False,True,True,"38,34,20",263.0,98.0,1.3280937832871758,0.9035677909851074
target2_close14,13,nominal,local2d_detector_baseline_target2_close14_seed13_nominal_cpu,median_top40_distinct20_baseline,median,40,distinct20,baseline,20.0,10.0,15,False,2,True,False,True,3,True,True,True,True,"8,10,1",261.0,88.0,1.2670388469589275,0.5314366817474365
target2_close14,13,nominal,local2d_detector_baseline_target2_close14_seed13_nominal_cpu,median_top40_distinct20_single667,median,40,distinct20,single667,20.0,10.0,16,False,2,True,True,False,2,False,True,True,False,"4,3,5",259.0,80.0,1.1755366980483988,0.07490897178649902
target2_close14,13,nominal,local2d_detector_baseline_target2_close14_seed13_nominal_cpu,median_top40_distinct20_wide,median,40,distinct20,wide,20.0,10.0,14,False,2,True,False,True,3,True,True,True,True,"11,7,2",263.0,98.0,1.3280937832871758,0.8059754371643066
target2_close14,13,nominal,local2d_detector_baseline_target2_close14_seed13_nominal_cpu,median_top40_moderate12_baseline,median,40,moderate12,baseline,12.0,8.0,28,True,3,True,True,True,3,True,True,True,True,"13,5,1",261.0,88.0,1.2670388469589275,0.5246133804321289
target2_close14,13,nominal,local2d_detector_baseline_target2_close14_seed13_nominal_cpu,median_top40_moderate12_single667,median,40,moderate12,single667,12.0,8.0,32,True,3,True,True,True,3,True,True,True,True,"11,5,8",259.0,80.0,1.1755366980483988,0.0861208438873291
target2_close14,13,nominal,local2d_detector_baseline_target2_close14_seed13_nominal_cpu,median_top40_moderate12_wide,median,40,moderate12,wide,12.0,8.0,27,True,3,True,True,True,3,True,True,True,True,"19,9,2",263.0,98.0,1.3280937832871758,0.8234355449676514
target2_close14,13,nominal,local2d_detector_baseline_target2_close14_seed13_nominal_cpu,median_top80_dense4_baseline,median,80,dense4,baseline,4.0,4.0,80,True,3,True,True,True,3,True,True,True,True,"58,18,12",261.0,88.0,1.2670388469589275,0.7386932373046875
target2_close14,13,nominal,local2d_detector_baseline_target2_close14_seed13_nominal_cpu,median_top80_dense4_single667,median,80,dense4,single667,4.0,4.0,80,True,3,True,True,True,3,True,True,True,True,"39,23,29",259.0,80.0,1.1755366980483988,0.2626307010650635
target2_close14,13,nominal,local2d_detector_baseline_target2_close14_seed13_nominal_cpu,median_top80_dense4_wide,median,80,dense4,wide,4.0,4.0,80,False,2,False,True,True,2,False,False,True,True,"80,34,20",263.0,98.0,1.3280937832871758,1.0604221820831299
target2_close14,13,nominal,local2d_detector_baseline_target2_close14_seed13_nominal_cpu,median_top80_distinct20_baseline,median,80,distinct20,baseline,20.0,10.0,15,False,2,True,False,True,3,True,True,True,True,"8,10,1",261.0,88.0,1.2670388469589275,0.5170266628265381
target2_close14,13,nominal,local2d_detector_baseline_target2_close14_seed13_nominal_cpu,median_top80_distinct20_single667,median,80,distinct20,single667,20.0,10.0,16,False,2,True,True,False,2,False,True,True,False,"4,3,5",259.0,80.0,1.1755366980483988,0.07493734359741211
target2_close14,13,nominal,local2d_detector_baseline_target2_close14_seed13_nominal_cpu,median_top80_distinct20_wide,median,80,distinct20,wide,20.0,10.0,14,False,2,True,False,True,3,True,True,True,True,"11,7,2",263.0,98.0,1.3280937832871758,0.8103902339935303
target2_close14,13,nominal,local2d_detector_baseline_target2_close14_seed13_nominal_cpu,median_top80_moderate12_baseline,median,80,moderate12,baseline,12.0,8.0,28,True,3,True,True,True,3,True,True,True,True,"13,5,1",261.0,88.0,1.2670388469589275,0.52469801902771
target2_close14,13,nominal,local2d_detector_baseline_target2_close14_seed13_nominal_cpu,median_top80_moderate12_single667,median,80,moderate12,single667,12.0,8.0,32,True,3,True,True,True,3,True,True,True,True,"11,5,8",259.0,80.0,1.1755366980483988,0.08556795120239258
target2_close14,13,nominal,local2d_detector_baseline_target2_close14_seed13_nominal_cpu,median_top80_moderate12_wide,median,80,moderate12,wide,12.0,8.0,27,True,3,True,True,True,3,True,True,True,True,"19,9,2",263.0,98.0,1.3280937832871758,0.8207352161407471
target2_close14,13,nominal,local2d_detector_baseline_target2_close14_seed13_nominal_cpu,none_top20_dense4_baseline,none,20,dense4,baseline,4.0,4.0,20,False,2,False,True,True,2,False,False,True,True,"20,6,4",256.0,95.0,0.43607359214599745,0.5488901138305664
target2_close14,13,nominal,local2d_detector_baseline_target2_close14_seed13_nominal_cpu,none_top20_dense4_single667,none,20,dense4,single667,4.0,4.0,20,False,2,False,True,True,2,False,False,True,True,"20,16,17",252.0,79.0,0.4159149515611717,0.08239364624023438
target2_close14,13,nominal,local2d_detector_baseline_target2_close14_seed13_nominal_cpu,none_top20_dense4_wide,none,20,dense4,wide,4.0,4.0,20,False,2,False,True,True,2,False,False,True,True,"20,13,9",263.0,98.0,0.447266266200738,0.9024021625518799
target2_close14,13,nominal,local2d_detector_baseline_target2_close14_seed13_nominal_cpu,none_top20_distinct20_baseline,none,20,distinct20,baseline,20.0,10.0,12,True,3,True,True,True,2,False,True,False,True,"8,6,1",256.0,95.0,0.43607359214599745,0.499957799911499
target2_close14,13,nominal,local2d_detector_baseline_target2_close14_seed13_nominal_cpu,none_top20_distinct20_single667,none,20,distinct20,single667,20.0,10.0,15,False,2,True,True,False,2,False,True,True,False,"7,2,6",252.0,79.0,0.4159149515611717,0.07279348373413086
target2_close14,13,nominal,local2d_detector_baseline_target2_close14_seed13_nominal_cpu,none_top20_distinct20_wide,none,20,distinct20,wide,20.0,10.0,14,True,3,True,True,True,3,True,True,True,True,"13,3,1",263.0,98.0,0.447266266200738,0.7943861484527588
target2_close14,13,nominal,local2d_detector_baseline_target2_close14_seed13_nominal_cpu,none_top20_moderate12_baseline,none,20,moderate12,baseline,12.0,8.0,20,True,3,True,True,True,3,True,True,True,True,"16,1,7",256.0,95.0,0.43607359214599745,0.5085084438323975
target2_close14,13,nominal,local2d_detector_baseline_target2_close14_seed13_nominal_cpu,none_top20_moderate12_single667,none,20,moderate12,single667,12.0,8.0,20,True,3,True,True,True,3,True,True,True,True,"8,2,5",252.0,79.0,0.4159149515611717,0.07509851455688477
target2_close14,13,nominal,local2d_detector_baseline_target2_close14_seed13_nominal_cpu,none_top20_moderate12_wide,none,20,moderate12,wide,12.0,8.0,20,True,3,True,True,True,3,True,True,True,True,"20,5,3",263.0,98.0,0.447266266200738,0.8015861511230469
target2_close14,13,nominal,local2d_detector_baseline_target2_close14_seed13_nominal_cpu,none_top40_dense4_baseline,none,40,dense4,baseline,4.0,4.0,40,False,2,False,True,True,2,False,False,True,True,"35,6,4",256.0,95.0,0.43607359214599745,0.5673139095306396
target2_close14,13,nominal,local2d_detector_baseline_target2_close14_seed13_nominal_cpu,none_top40_dense4_single667,none,40,dense4,single667,4.0,4.0,40,True,3,True,True,True,3,True,True,True,True,"40,16,26",252.0,79.0,0.4159149515611717,0.09848165512084961
target2_close14,13,nominal,local2d_detector_baseline_target2_close14_seed13_nominal_cpu,none_top40_dense4_wide,none,40,dense4,wide,4.0,4.0,40,False,2,False,True,True,2,False,False,True,True,"33,13,9",263.0,98.0,0.447266266200738,0.8803822994232178
target2_close14,13,nominal,local2d_detector_baseline_target2_close14_seed13_nominal_cpu,none_top40_distinct20_baseline,none,40,distinct20,baseline,20.0,10.0,12,True,3,True,True,True,2,False,True,False,True,"8,6,1",256.0,95.0,0.43607359214599745,0.5040950775146484
target2_close14,13,nominal,local2d_detector_baseline_target2_close14_seed13_nominal_cpu,none_top40_distinct20_single667,none,40,distinct20,single667,20.0,10.0,15,False,2,True,True,False,2,False,True,True,False,"7,2,6",252.0,79.0,0.4159149515611717,0.07309174537658691
target2_close14,13,nominal,local2d_detector_baseline_target2_close14_seed13_nominal_cpu,none_top40_distinct20_wide,none,40,distinct20,wide,20.0,10.0,14,True,3,True,True,True,3,True,True,True,True,"13,3,1",263.0,98.0,0.447266266200738,0.818814754486084
target2_close14,13,nominal,local2d_detector_baseline_target2_close14_seed13_nominal_cpu,none_top40_moderate12_baseline,none,40,moderate12,baseline,12.0,8.0,26,True,3,True,True,True,3,True,True,True,True,"16,1,7",256.0,95.0,0.43607359214599745,0.5118377208709717
target2_close14,13,nominal,local2d_detector_baseline_target2_close14_seed13_nominal_cpu,none_top40_moderate12_single667,none,40,moderate12,single667,12.0,8.0,29,True,3,True,True,True,3,True,True,True,True,"8,2,5",252.0,79.0,0.4159149515611717,0.08051633834838867
target2_close14,13,nominal,local2d_detector_baseline_target2_close14_seed13_nominal_cpu,none_top40_moderate12_wide,none,40,moderate12,wide,12.0,8.0,25,True,3,True,True,True,3,True,True,True,True,"20,5,3",263.0,98.0,0.447266266200738,0.8087856769561768
target2_close14,13,nominal,local2d_detector_baseline_target2_close14_seed13_nominal_cpu,none_top80_dense4_baseline,none,80,dense4,baseline,4.0,4.0,80,True,3,True,True,True,3,True,True,True,True,"69,6,4",256.0,95.0,0.43607359214599745,0.7305443286895752
target2_close14,13,nominal,local2d_detector_baseline_target2_close14_seed13_nominal_cpu,none_top80_dense4_single667,none,80,dense4,single667,4.0,4.0,80,True,3,True,True,True,3,True,True,True,True,"40,16,26",252.0,79.0,0.4159149515611717,0.2592029571533203
target2_close14,13,nominal,local2d_detector_baseline_target2_close14_seed13_nominal_cpu,none_top80_dense4_wide,none,80,dense4,wide,4.0,4.0,80,False,2,False,True,True,2,False,False,True,True,"79,13,9",263.0,98.0,0.447266266200738,1.0521273612976074
target2_close14,13,nominal,local2d_detector_baseline_target2_close14_seed13_nominal_cpu,none_top80_distinct20_baseline,none,80,distinct20,baseline,20.0,10.0,12,True,3,True,True,True,2,False,True,False,True,"8,6,1",256.0,95.0,0.43607359214599745,0.5064263343811035
target2_close14,13,nominal,local2d_detector_baseline_target2_close14_seed13_nominal_cpu,none_top80_distinct20_single667,none,80,distinct20,single667,20.0,10.0,15,False,2,True,True,False,2,False,True,True,False,"7,2,6",252.0,79.0,0.4159149515611717,0.0733191967010498
target2_close14,13,nominal,local2d_detector_baseline_target2_close14_seed13_nominal_cpu,none_top80_distinct20_wide,none,80,distinct20,wide,20.0,10.0,14,True,3,True,True,True,3,True,True,True,True,"13,3,1",263.0,98.0,0.447266266200738,0.7986104488372803
target2_close14,13,nominal,local2d_detector_baseline_target2_close14_seed13_nominal_cpu,none_top80_moderate12_baseline,none,80,moderate12,baseline,12.0,8.0,26,True,3,True,True,True,3,True,True,True,True,"16,1,7",256.0,95.0,0.43607359214599745,0.5171661376953125
target2_close14,13,nominal,local2d_detector_baseline_target2_close14_seed13_nominal_cpu,none_top80_moderate12_single667,none,80,moderate12,single667,12.0,8.0,29,True,3,True,True,True,3,True,True,True,True,"8,2,5",252.0,79.0,0.4159149515611717,0.08144950866699219
target2_close14,13,nominal,local2d_detector_baseline_target2_close14_seed13_nominal_cpu,none_top80_moderate12_wide,none,80,moderate12,wide,12.0,8.0,25,True,3,True,True,True,3,True,True,True,True,"20,5,3",263.0,98.0,0.447266266200738,0.8111903667449951
target2_close14,13,source_mismatch,local2d_detector_baseline_target2_close14_seed13_source_mismatch_cpu,mean_top20_dense4_baseline,mean,20,dense4,baseline,4.0,4.0,20,False,2,False,True,True,2,False,False,True,True,"17,8,11",264.0,81.0,1.06176201821208,0.5548138618469238
target2_close14,13,source_mismatch,local2d_detector_baseline_target2_close14_seed13_source_mismatch_cpu,mean_top20_dense4_single667,mean,20,dense4,single667,4.0,4.0,20,False,1,False,True,False,1,False,False,True,False,"20,17,15",265.0,77.0,0.8993792193240642,0.0807795524597168
target2_close14,13,source_mismatch,local2d_detector_baseline_target2_close14_seed13_source_mismatch_cpu,mean_top20_dense4_wide,mean,20,dense4,wide,4.0,4.0,20,False,2,False,True,True,2,False,False,True,True,"15,10,3",259.0,92.0,1.12529848044002,0.8947386741638184
target2_close14,13,source_mismatch,local2d_detector_baseline_target2_close14_seed13_source_mismatch_cpu,mean_top20_distinct20_baseline,mean,20,distinct20,baseline,20.0,10.0,15,True,3,True,True,True,3,True,True,True,True,"5,4,3",264.0,81.0,1.06176201821208,0.5099985599517822
target2_close14,13,source_mismatch,local2d_detector_baseline_target2_close14_seed13_source_mismatch_cpu,mean_top20_distinct20_single667,mean,20,distinct20,single667,20.0,10.0,15,False,2,True,True,False,3,True,True,True,True,"6,7,15",265.0,77.0,0.8993792193240642,0.07405328750610352
target2_close14,13,source_mismatch,local2d_detector_baseline_target2_close14_seed13_source_mismatch_cpu,mean_top20_distinct20_wide,mean,20,distinct20,wide,20.0,10.0,12,False,2,True,False,True,2,False,True,False,True,"6,5,1",259.0,92.0,1.12529848044002,0.8032021522521973
target2_close14,13,source_mismatch,local2d_detector_baseline_target2_close14_seed13_source_mismatch_cpu,mean_top20_moderate12_baseline,mean,20,moderate12,baseline,12.0,8.0,20,True,3,True,True,True,3,True,True,True,True,"7,4,2",264.0,81.0,1.06176201821208,0.5146071910858154
target2_close14,13,source_mismatch,local2d_detector_baseline_target2_close14_seed13_source_mismatch_cpu,mean_top20_moderate12_single667,mean,20,moderate12,single667,12.0,8.0,20,True,3,True,True,True,3,True,True,True,True,"8,10,5",265.0,77.0,0.8993792193240642,0.07558512687683105
target2_close14,13,source_mismatch,local2d_detector_baseline_target2_close14_seed13_source_mismatch_cpu,mean_top20_moderate12_wide,mean,20,moderate12,wide,12.0,8.0,20,True,3,True,True,True,3,True,True,True,True,"14,8,1",259.0,92.0,1.12529848044002,0.8126330375671387
target2_close14,13,source_mismatch,local2d_detector_baseline_target2_close14_seed13_source_mismatch_cpu,mean_top40_dense4_baseline,mean,40,dense4,baseline,4.0,4.0,40,True,3,True,True,True,3,True,True,True,True,"39,21,11",264.0,81.0,1.06176201821208,0.5753910541534424
target2_close14,13,source_mismatch,local2d_detector_baseline_target2_close14_seed13_source_mismatch_cpu,mean_top40_dense4_single667,mean,40,dense4,single667,4.0,4.0,40,True,3,True,True,True,3,True,True,True,True,"39,32,26",265.0,77.0,0.8993792193240642,0.10049700736999512
target2_close14,13,source_mismatch,local2d_detector_baseline_target2_close14_seed13_source_mismatch_cpu,mean_top40_dense4_wide,mean,40,dense4,wide,4.0,4.0,40,False,2,False,True,True,2,False,False,True,True,"30,23,3",259.0,92.0,1.12529848044002,0.8934459686279297
target2_close14,13,source_mismatch,local2d_detector_baseline_target2_close14_seed13_source_mismatch_cpu,mean_top40_distinct20_baseline,mean,40,distinct20,baseline,20.0,10.0,15,True,3,True,True,True,3,True,True,True,True,"5,4,3",264.0,81.0,1.06176201821208,0.5312545299530029
target2_close14,13,source_mismatch,local2d_detector_baseline_target2_close14_seed13_source_mismatch_cpu,mean_top40_distinct20_single667,mean,40,distinct20,single667,20.0,10.0,15,False,2,True,True,False,3,True,True,True,True,"6,7,15",265.0,77.0,0.8993792193240642,0.07367682456970215
target2_close14,13,source_mismatch,local2d_detector_baseline_target2_close14_seed13_source_mismatch_cpu,mean_top40_distinct20_wide,mean,40,distinct20,wide,20.0,10.0,12,False,2,True,False,True,2,False,True,False,True,"6,5,1",259.0,92.0,1.12529848044002,0.80491042137146
target2_close14,13,source_mismatch,local2d_detector_baseline_target2_close14_seed13_source_mismatch_cpu,mean_top40_moderate12_baseline,mean,40,moderate12,baseline,12.0,8.0,26,True,3,True,True,True,3,True,True,True,True,"7,4,2",264.0,81.0,1.06176201821208,0.5184743404388428
target2_close14,13,source_mismatch,local2d_detector_baseline_target2_close14_seed13_source_mismatch_cpu,mean_top40_moderate12_single667,mean,40,moderate12,single667,12.0,8.0,31,True,3,True,True,True,3,True,True,True,True,"8,10,5",265.0,77.0,0.8993792193240642,0.08292245864868164
target2_close14,13,source_mismatch,local2d_detector_baseline_target2_close14_seed13_source_mismatch_cpu,mean_top40_moderate12_wide,mean,40,moderate12,wide,12.0,8.0,25,True,3,True,True,True,3,True,True,True,True,"14,8,1",259.0,92.0,1.12529848044002,0.8147058486938477
target2_close14,13,source_mismatch,local2d_detector_baseline_target2_close14_seed13_source_mismatch_cpu,mean_top80_dense4_baseline,mean,80,dense4,baseline,4.0,4.0,80,True,3,True,True,True,3,True,True,True,True,"41,21,11",264.0,81.0,1.06176201821208,0.7324619293212891
target2_close14,13,source_mismatch,local2d_detector_baseline_target2_close14_seed13_source_mismatch_cpu,mean_top80_dense4_single667,mean,80,dense4,single667,4.0,4.0,80,True,3,True,True,True,3,True,True,True,True,"69,77,46",265.0,77.0,0.8993792193240642,0.25487661361694336
target2_close14,13,source_mismatch,local2d_detector_baseline_target2_close14_seed13_source_mismatch_cpu,mean_top80_dense4_wide,mean,80,dense4,wide,4.0,4.0,80,True,3,True,True,True,3,True,True,True,True,"69,23,3",259.0,92.0,1.12529848044002,1.0493857860565186
target2_close14,13,source_mismatch,local2d_detector_baseline_target2_close14_seed13_source_mismatch_cpu,mean_top80_distinct20_baseline,mean,80,distinct20,baseline,20.0,10.0,15,True,3,True,True,True,3,True,True,True,True,"5,4,3",264.0,81.0,1.06176201821208,0.5121407508850098
target2_close14,13,source_mismatch,local2d_detector_baseline_target2_close14_seed13_source_mismatch_cpu,mean_top80_distinct20_single667,mean,80,distinct20,single667,20.0,10.0,15,False,2,True,True,False,3,True,True,True,True,"6,7,15",265.0,77.0,0.8993792193240642,0.07374334335327148
target2_close14,13,source_mismatch,local2d_detector_baseline_target2_close14_seed13_source_mismatch_cpu,mean_top80_distinct20_wide,mean,80,distinct20,wide,20.0,10.0,12,False,2,True,False,True,2,False,True,False,True,"6,5,1",259.0,92.0,1.12529848044002,0.80731201171875
target2_close14,13,source_mismatch,local2d_detector_baseline_target2_close14_seed13_source_mismatch_cpu,mean_top80_moderate12_baseline,mean,80,moderate12,baseline,12.0,8.0,26,True,3,True,True,True,3,True,True,True,True,"7,4,2",264.0,81.0,1.06176201821208,0.523021936416626
target2_close14,13,source_mismatch,local2d_detector_baseline_target2_close14_seed13_source_mismatch_cpu,mean_top80_moderate12_single667,mean,80,moderate12,single667,12.0,8.0,31,True,3,True,True,True,3,True,True,True,True,"8,10,5",265.0,77.0,0.8993792193240642,0.08296394348144531
target2_close14,13,source_mismatch,local2d_detector_baseline_target2_close14_seed13_source_mismatch_cpu,mean_top80_moderate12_wide,mean,80,moderate12,wide,12.0,8.0,25,True,3,True,True,True,3,True,True,True,True,"14,8,1",259.0,92.0,1.12529848044002,0.8146295547485352
target2_close14,13,source_mismatch,local2d_detector_baseline_target2_close14_seed13_source_mismatch_cpu,median_top20_dense4_baseline,median,20,dense4,baseline,4.0,4.0,20,False,2,False,True,True,2,False,False,True,True,"20,11,17",258.0,78.0,1.2596720403316455,0.5597343444824219
target2_close14,13,source_mismatch,local2d_detector_baseline_target2_close14_seed13_source_mismatch_cpu,median_top20_dense4_single667,median,20,dense4,single667,4.0,4.0,20,False,0,False,False,False,0,False,False,False,False,"18,10,16",251.0,76.0,1.0556794815436585,0.0818336009979248
target2_close14,13,source_mismatch,local2d_detector_baseline_target2_close14_seed13_source_mismatch_cpu,median_top20_dense4_wide,median,20,dense4,wide,4.0,4.0,20,False,2,False,True,True,2,False,False,True,True,"13,15,3",259.0,92.0,1.3181028906733736,0.8966121673583984
target2_close14,13,source_mismatch,local2d_detector_baseline_target2_close14_seed13_source_mismatch_cpu,median_top20_distinct20_baseline,median,20,distinct20,baseline,20.0,10.0,15,True,3,True,True,True,2,False,True,True,False,"5,2,11",258.0,78.0,1.2596720403316455,0.5157039165496826
target2_close14,13,source_mismatch,local2d_detector_baseline_target2_close14_seed13_source_mismatch_cpu,median_top20_distinct20_single667,median,20,distinct20,single667,20.0,10.0,15,True,3,True,True,True,3,True,True,True,True,"6,8,5",251.0,76.0,1.0556794815436585,0.07401347160339355
target2_close14,13,source_mismatch,local2d_detector_baseline_target2_close14_seed13_source_mismatch_cpu,median_top20_distinct20_wide,median,20,distinct20,wide,20.0,10.0,12,False,2,True,False,True,2,False,True,False,True,"8,5,1",259.0,92.0,1.3181028906733736,0.8046190738677979
target2_close14,13,source_mismatch,local2d_detector_baseline_target2_close14_seed13_source_mismatch_cpu,median_top20_moderate12_baseline,median,20,moderate12,baseline,12.0,8.0,20,True,3,True,True,True,3,True,True,True,True,"12,13,2",258.0,78.0,1.2596720403316455,0.5188632011413574
target2_close14,13,source_mismatch,local2d_detector_baseline_target2_close14_seed13_source_mismatch_cpu,median_top20_moderate12_single667,median,20,moderate12,single667,12.0,8.0,20,True,3,True,True,True,3,True,True,True,True,"8,6,11",251.0,76.0,1.0556794815436585,0.07645106315612793
target2_close14,13,source_mismatch,local2d_detector_baseline_target2_close14_seed13_source_mismatch_cpu,median_top20_moderate12_wide,median,20,moderate12,wide,12.0,8.0,20,True,3,True,True,True,3,True,True,True,True,"13,6,1",259.0,92.0,1.3181028906733736,0.8153111934661865
target2_close14,13,source_mismatch,local2d_detector_baseline_target2_close14_seed13_source_mismatch_cpu,median_top40_dense4_baseline,median,40,dense4,baseline,4.0,4.0,40,True,3,True,True,True,3,True,True,True,True,"40,23,22",258.0,78.0,1.2596720403316455,0.578467607498169
target2_close14,13,source_mismatch,local2d_detector_baseline_target2_close14_seed13_source_mismatch_cpu,median_top40_dense4_single667,median,40,dense4,single667,4.0,4.0,40,False,2,True,True,False,3,True,True,True,True,"38,33,34",251.0,76.0,1.0556794815436585,0.10069561004638672
target2_close14,13,source_mismatch,local2d_detector_baseline_target2_close14_seed13_source_mismatch_cpu,median_top40_dense4_wide,median,40,dense4,wide,4.0,4.0,40,False,2,False,True,True,2,False,False,True,True,"31,15,3",259.0,92.0,1.3181028906733736,0.8971548080444336
target2_close14,13,source_mismatch,local2d_detector_baseline_target2_close14_seed13_source_mismatch_cpu,median_top40_distinct20_baseline,median,40,distinct20,baseline,20.0,10.0,15,True,3,True,True,True,2,False,True,True,False,"5,2,11",258.0,78.0,1.2596720403316455,0.5327036380767822
target2_close14,13,source_mismatch,local2d_detector_baseline_target2_close14_seed13_source_mismatch_cpu,median_top40_distinct20_single667,median,40,distinct20,single667,20.0,10.0,15,True,3,True,True,True,3,True,True,True,True,"6,8,5",251.0,76.0,1.0556794815436585,0.07433915138244629
target2_close14,13,source_mismatch,local2d_detector_baseline_target2_close14_seed13_source_mismatch_cpu,median_top40_distinct20_wide,median,40,distinct20,wide,20.0,10.0,12,False,2,True,False,True,2,False,True,False,True,"8,5,1",259.0,92.0,1.3181028906733736,0.8097198009490967
target2_close14,13,source_mismatch,local2d_detector_baseline_target2_close14_seed13_source_mismatch_cpu,median_top40_moderate12_baseline,median,40,moderate12,baseline,12.0,8.0,29,True,3,True,True,True,3,True,True,True,True,"12,13,2",258.0,78.0,1.2596720403316455,0.5241293907165527
target2_close14,13,source_mismatch,local2d_detector_baseline_target2_close14_seed13_source_mismatch_cpu,median_top40_moderate12_single667,median,40,moderate12,single667,12.0,8.0,29,True,3,True,True,True,3,True,True,True,True,"8,6,11",251.0,76.0,1.0556794815436585,0.08192181587219238
target2_close14,13,source_mismatch,local2d_detector_baseline_target2_close14_seed13_source_mismatch_cpu,median_top40_moderate12_wide,median,40,moderate12,wide,12.0,8.0,27,True,3,True,True,True,3,True,True,True,True,"13,6,1",259.0,92.0,1.3181028906733736,0.8167834281921387
target2_close14,13,source_mismatch,local2d_detector_baseline_target2_close14_seed13_source_mismatch_cpu,median_top80_dense4_baseline,median,80,dense4,baseline,4.0,4.0,80,True,3,True,True,True,3,True,True,True,True,"44,23,22",258.0,78.0,1.2596720403316455,0.7369868755340576
target2_close14,13,source_mismatch,local2d_detector_baseline_target2_close14_seed13_source_mismatch_cpu,median_top80_dense4_single667,median,80,dense4,single667,4.0,4.0,80,True,3,True,True,True,3,True,True,True,True,"38,63,57",251.0,76.0,1.0556794815436585,0.25608158111572266
target2_close14,13,source_mismatch,local2d_detector_baseline_target2_close14_seed13_source_mismatch_cpu,median_top80_dense4_wide,median,80,dense4,wide,4.0,4.0,80,True,3,True,True,True,3,True,True,True,True,"76,15,3",259.0,92.0,1.3181028906733736,1.0580298900604248
target2_close14,13,source_mismatch,local2d_detector_baseline_target2_close14_seed13_source_mismatch_cpu,median_top80_distinct20_baseline,median,80,distinct20,baseline,20.0,10.0,15,True,3,True,True,True,2,False,True,True,False,"5,2,11",258.0,78.0,1.2596720403316455,0.5135364532470703
target2_close14,13,source_mismatch,local2d_detector_baseline_target2_close14_seed13_source_mismatch_cpu,median_top80_distinct20_single667,median,80,distinct20,single667,20.0,10.0,15,True,3,True,True,True,3,True,True,True,True,"6,8,5",251.0,76.0,1.0556794815436585,0.07449460029602051
target2_close14,13,source_mismatch,local2d_detector_baseline_target2_close14_seed13_source_mismatch_cpu,median_top80_distinct20_wide,median,80,distinct20,wide,20.0,10.0,12,False,2,True,False,True,2,False,True,False,True,"8,5,1",259.0,92.0,1.3181028906733736,0.8027715682983398
target2_close14,13,source_mismatch,local2d_detector_baseline_target2_close14_seed13_source_mismatch_cpu,median_top80_moderate12_baseline,median,80,moderate12,baseline,12.0,8.0,29,True,3,True,True,True,3,True,True,True,True,"12,13,2",258.0,78.0,1.2596720403316455,0.5266079902648926
target2_close14,13,source_mismatch,local2d_detector_baseline_target2_close14_seed13_source_mismatch_cpu,median_top80_moderate12_single667,median,80,moderate12,single667,12.0,8.0,29,True,3,True,True,True,3,True,True,True,True,"8,6,11",251.0,76.0,1.0556794815436585,0.08231973648071289
target2_close14,13,source_mismatch,local2d_detector_baseline_target2_close14_seed13_source_mismatch_cpu,median_top80_moderate12_wide,median,80,moderate12,wide,12.0,8.0,27,True,3,True,True,True,3,True,True,True,True,"13,6,1",259.0,92.0,1.3181028906733736,0.8217589855194092
target2_close14,13,source_mismatch,local2d_detector_baseline_target2_close14_seed13_source_mismatch_cpu,none_top20_dense4_baseline,none,20,dense4,baseline,4.0,4.0,20,False,2,False,True,True,2,False,False,True,True,"11,19,3",258.0,82.0,0.43889058801828257,0.5520036220550537
target2_close14,13,source_mismatch,local2d_detector_baseline_target2_close14_seed13_source_mismatch_cpu,none_top20_dense4_single667,none,20,dense4,single667,4.0,4.0,20,False,1,False,True,False,1,False,False,True,False,"20,12,16",254.0,79.0,0.39775285435793456,0.09801054000854492
target2_close14,13,source_mismatch,local2d_detector_baseline_target2_close14_seed13_source_mismatch_cpu,none_top20_dense4_wide,none,20,dense4,wide,4.0,4.0,20,False,2,False,True,True,2,False,False,True,True,"12,10,20",256.0,96.0,0.4655653928613458,0.9035928249359131
target2_close14,13,source_mismatch,local2d_detector_baseline_target2_close14_seed13_source_mismatch_cpu,none_top20_distinct20_baseline,none,20,distinct20,baseline,20.0,10.0,13,False,2,True,False,True,3,True,True,True,True,"5,1,2",258.0,82.0,0.43889058801828257,0.5015881061553955
target2_close14,13,source_mismatch,local2d_detector_baseline_target2_close14_seed13_source_mismatch_cpu,none_top20_distinct20_single667,none,20,distinct20,single667,20.0,10.0,14,False,2,True,True,False,2,False,True,True,False,"7,10,6",254.0,79.0,0.39775285435793456,0.07255697250366211
target2_close14,13,source_mismatch,local2d_detector_baseline_target2_close14_seed13_source_mismatch_cpu,none_top20_distinct20_wide,none,20,distinct20,wide,20.0,10.0,10,True,3,True,True,True,3,True,True,True,True,"6,1,2",256.0,96.0,0.4655653928613458,0.7934479713439941
target2_close14,13,source_mismatch,local2d_detector_baseline_target2_close14_seed13_source_mismatch_cpu,none_top20_moderate12_baseline,none,20,moderate12,baseline,12.0,8.0,20,True,3,True,True,True,3,True,True,True,True,"9,4,3",258.0,82.0,0.43889058801828257,0.5088324546813965
target2_close14,13,source_mismatch,local2d_detector_baseline_target2_close14_seed13_source_mismatch_cpu,none_top20_moderate12_single667,none,20,moderate12,single667,12.0,8.0,20,False,2,True,True,False,2,False,True,True,False,"13,12,4",254.0,79.0,0.39775285435793456,0.07511401176452637
target2_close14,13,source_mismatch,local2d_detector_baseline_target2_close14_seed13_source_mismatch_cpu,none_top20_moderate12_wide,none,20,moderate12,wide,12.0,8.0,20,True,3,True,True,True,3,True,True,True,True,"16,2,6",256.0,96.0,0.4655653928613458,0.8032207489013672
target2_close14,13,source_mismatch,local2d_detector_baseline_target2_close14_seed13_source_mismatch_cpu,none_top40_dense4_baseline,none,40,dense4,baseline,4.0,4.0,40,False,2,False,True,True,2,False,False,True,True,"37,19,3",258.0,82.0,0.43889058801828257,0.5697674751281738
target2_close14,13,source_mismatch,local2d_detector_baseline_target2_close14_seed13_source_mismatch_cpu,none_top40_dense4_single667,none,40,dense4,single667,4.0,4.0,40,False,2,False,True,True,3,True,True,True,True,"34,12,35",254.0,79.0,0.39775285435793456,0.09895753860473633
target2_close14,13,source_mismatch,local2d_detector_baseline_target2_close14_seed13_source_mismatch_cpu,none_top40_dense4_wide,none,40,dense4,wide,4.0,4.0,40,False,2,False,True,True,2,False,False,True,True,"28,10,20",256.0,96.0,0.4655653928613458,0.8825032711029053
target2_close14,13,source_mismatch,local2d_detector_baseline_target2_close14_seed13_source_mismatch_cpu,none_top40_distinct20_baseline,none,40,distinct20,baseline,20.0,10.0,13,False,2,True,False,True,3,True,True,True,True,"5,1,2",258.0,82.0,0.43889058801828257,0.5056953430175781
target2_close14,13,source_mismatch,local2d_detector_baseline_target2_close14_seed13_source_mismatch_cpu,none_top40_distinct20_single667,none,40,distinct20,single667,20.0,10.0,14,False,2,True,True,False,2,False,True,True,False,"7,10,6",254.0,79.0,0.39775285435793456,0.07255387306213379
target2_close14,13,source_mismatch,local2d_detector_baseline_target2_close14_seed13_source_mismatch_cpu,none_top40_distinct20_wide,none,40,distinct20,wide,20.0,10.0,10,True,3,True,True,True,3,True,True,True,True,"6,1,2",256.0,96.0,0.4655653928613458,0.8179256916046143
target2_close14,13,source_mismatch,local2d_detector_baseline_target2_close14_seed13_source_mismatch_cpu,none_top40_moderate12_baseline,none,40,moderate12,baseline,12.0,8.0,28,True,3,True,True,True,3,True,True,True,True,"9,4,3",258.0,82.0,0.43889058801828257,0.5135807991027832
target2_close14,13,source_mismatch,local2d_detector_baseline_target2_close14_seed13_source_mismatch_cpu,none_top40_moderate12_single667,none,40,moderate12,single667,12.0,8.0,29,False,2,True,True,False,3,True,True,True,True,"13,12,29",254.0,79.0,0.39775285435793456,0.08065557479858398
target2_close14,13,source_mismatch,local2d_detector_baseline_target2_close14_seed13_source_mismatch_cpu,none_top40_moderate12_wide,none,40,moderate12,wide,12.0,8.0,26,True,3,True,True,True,3,True,True,True,True,"16,2,6",256.0,96.0,0.4655653928613458,0.8068416118621826
target2_close14,13,source_mismatch,local2d_detector_baseline_target2_close14_seed13_source_mismatch_cpu,none_top80_dense4_baseline,none,80,dense4,baseline,4.0,4.0,80,True,3,True,True,True,3,True,True,True,True,"56,19,3",258.0,82.0,0.43889058801828257,0.7323024272918701
target2_close14,13,source_mismatch,local2d_detector_baseline_target2_close14_seed13_source_mismatch_cpu,none_top80_dense4_single667,none,80,dense4,single667,4.0,4.0,80,True,3,True,True,True,3,True,True,True,True,"60,61,35",254.0,79.0,0.39775285435793456,0.25545787811279297
target2_close14,13,source_mismatch,local2d_detector_baseline_target2_close14_seed13_source_mismatch_cpu,none_top80_dense4_wide,none,80,dense4,wide,4.0,4.0,80,True,3,True,True,True,3,True,True,True,True,"77,10,20",256.0,96.0,0.4655653928613458,1.047203779220581
target2_close14,13,source_mismatch,local2d_detector_baseline_target2_close14_seed13_source_mismatch_cpu,none_top80_distinct20_baseline,none,80,distinct20,baseline,20.0,10.0,13,False,2,True,False,True,3,True,True,True,True,"5,1,2",258.0,82.0,0.43889058801828257,0.5083560943603516
target2_close14,13,source_mismatch,local2d_detector_baseline_target2_close14_seed13_source_mismatch_cpu,none_top80_distinct20_single667,none,80,distinct20,single667,20.0,10.0,14,False,2,True,True,False,2,False,True,True,False,"7,10,6",254.0,79.0,0.39775285435793456,0.07364106178283691
target2_close14,13,source_mismatch,local2d_detector_baseline_target2_close14_seed13_source_mismatch_cpu,none_top80_distinct20_wide,none,80,distinct20,wide,20.0,10.0,10,True,3,True,True,True,3,True,True,True,True,"6,1,2",256.0,96.0,0.4655653928613458,0.8012526035308838
target2_close14,13,source_mismatch,local2d_detector_baseline_target2_close14_seed13_source_mismatch_cpu,none_top80_moderate12_baseline,none,80,moderate12,baseline,12.0,8.0,28,True,3,True,True,True,3,True,True,True,True,"9,4,3",258.0,82.0,0.43889058801828257,0.5152254104614258
target2_close14,13,source_mismatch,local2d_detector_baseline_target2_close14_seed13_source_mismatch_cpu,none_top80_moderate12_single667,none,80,moderate12,single667,12.0,8.0,29,False,2,True,True,False,3,True,True,True,True,"13,12,29",254.0,79.0,0.39775285435793456,0.08113384246826172
target2_close14,13,source_mismatch,local2d_detector_baseline_target2_close14_seed13_source_mismatch_cpu,none_top80_moderate12_wide,none,80,moderate12,wide,12.0,8.0,26,True,3,True,True,True,3,True,True,True,True,"16,2,6",256.0,96.0,0.4655653928613458,0.813025951385498
target2_close14,21,nominal,local2d_detector_baseline_target2_close14_seed21_nominal_cpu,mean_top20_dense4_baseline,mean,20,dense4,baseline,4.0,4.0,20,False,2,False,True,True,2,False,False,True,True,"9,15,1",266.0,91.0,1.1418902463106826,0.5524792671203613
target2_close14,21,nominal,local2d_detector_baseline_target2_close14_seed21_nominal_cpu,mean_top20_dense4_single667,mean,20,dense4,single667,4.0,4.0,20,False,2,False,True,True,2,False,False,True,True,"19,20,17",263.0,78.0,1.0158549934165437,0.08009195327758789
target2_close14,21,nominal,local2d_detector_baseline_target2_close14_seed21_nominal_cpu,mean_top20_dense4_wide,mean,20,dense4,wide,4.0,4.0,20,False,2,False,True,True,2,False,False,True,True,"11,18,6",263.0,98.0,1.163692437808045,0.8934762477874756
target2_close14,21,nominal,local2d_detector_baseline_target2_close14_seed21_nominal_cpu,mean_top20_distinct20_baseline,mean,20,distinct20,baseline,20.0,10.0,12,True,3,True,True,True,3,True,True,True,True,"6,5,1",266.0,91.0,1.1418902463106826,0.5115089416503906
target2_close14,21,nominal,local2d_detector_baseline_target2_close14_seed21_nominal_cpu,mean_top20_distinct20_single667,mean,20,distinct20,single667,20.0,10.0,14,False,2,True,True,False,2,False,True,True,False,"7,3,4",263.0,78.0,1.0158549934165437,0.0730292797088623
target2_close14,21,nominal,local2d_detector_baseline_target2_close14_seed21_nominal_cpu,mean_top20_distinct20_wide,mean,20,distinct20,wide,20.0,10.0,12,False,2,True,False,True,2,False,True,False,True,"8,2,1",263.0,98.0,1.163692437808045,0.8033404350280762
target2_close14,21,nominal,local2d_detector_baseline_target2_close14_seed21_nominal_cpu,mean_top20_moderate12_baseline,mean,20,moderate12,baseline,12.0,8.0,20,True,3,True,True,True,3,True,True,True,True,"13,3,1",266.0,91.0,1.1418902463106826,0.5147004127502441
target2_close14,21,nominal,local2d_detector_baseline_target2_close14_seed21_nominal_cpu,mean_top20_moderate12_single667,mean,20,moderate12,single667,12.0,8.0,20,True,3,True,True,True,3,True,True,True,True,"10,3,11",263.0,78.0,1.0158549934165437,0.0751192569732666
target2_close14,21,nominal,local2d_detector_baseline_target2_close14_seed21_nominal_cpu,mean_top20_moderate12_wide,mean,20,moderate12,wide,12.0,8.0,20,True,3,True,True,True,3,True,True,True,True,"17,4,2",263.0,98.0,1.163692437808045,0.8098974227905273
target2_close14,21,nominal,local2d_detector_baseline_target2_close14_seed21_nominal_cpu,mean_top40_dense4_baseline,mean,40,dense4,baseline,4.0,4.0,40,False,2,False,True,True,2,False,False,True,True,"28,31,1",266.0,91.0,1.1418902463106826,0.5734341144561768
target2_close14,21,nominal,local2d_detector_baseline_target2_close14_seed21_nominal_cpu,mean_top40_dense4_single667,mean,40,dense4,single667,4.0,4.0,40,True,3,True,True,True,3,True,True,True,True,"37,24,17",263.0,78.0,1.0158549934165437,0.09937286376953125
target2_close14,21,nominal,local2d_detector_baseline_target2_close14_seed21_nominal_cpu,mean_top40_dense4_wide,mean,40,dense4,wide,4.0,4.0,40,False,2,False,True,True,2,False,False,True,True,"34,35,6",263.0,98.0,1.163692437808045,0.8944580554962158
target2_close14,21,nominal,local2d_detector_baseline_target2_close14_seed21_nominal_cpu,mean_top40_distinct20_baseline,mean,40,distinct20,baseline,20.0,10.0,12,True,3,True,True,True,3,True,True,True,True,"6,5,1",266.0,91.0,1.1418902463106826,0.5278372764587402
target2_close14,21,nominal,local2d_detector_baseline_target2_close14_seed21_nominal_cpu,mean_top40_distinct20_single667,mean,40,distinct20,single667,20.0,10.0,14,False,2,True,True,False,2,False,True,True,False,"7,3,4",263.0,78.0,1.0158549934165437,0.07379508018493652
target2_close14,21,nominal,local2d_detector_baseline_target2_close14_seed21_nominal_cpu,mean_top40_distinct20_wide,mean,40,distinct20,wide,20.0,10.0,12,False,2,True,False,True,2,False,True,False,True,"8,2,1",263.0,98.0,1.163692437808045,0.802330732345581
target2_close14,21,nominal,local2d_detector_baseline_target2_close14_seed21_nominal_cpu,mean_top40_moderate12_baseline,mean,40,moderate12,baseline,12.0,8.0,26,True,3,True,True,True,3,True,True,True,True,"13,3,1",266.0,91.0,1.1418902463106826,0.5191090106964111
target2_close14,21,nominal,local2d_detector_baseline_target2_close14_seed21_nominal_cpu,mean_top40_moderate12_single667,mean,40,moderate12,single667,12.0,8.0,29,True,3,True,True,True,3,True,True,True,True,"10,3,11",263.0,78.0,1.0158549934165437,0.08214068412780762
target2_close14,21,nominal,local2d_detector_baseline_target2_close14_seed21_nominal_cpu,mean_top40_moderate12_wide,mean,40,moderate12,wide,12.0,8.0,25,True,3,True,True,True,3,True,True,True,True,"17,4,2",263.0,98.0,1.163692437808045,0.8160185813903809
target2_close14,21,nominal,local2d_detector_baseline_target2_close14_seed21_nominal_cpu,mean_top80_dense4_baseline,mean,80,dense4,baseline,4.0,4.0,80,True,3,True,True,True,3,True,True,True,True,"69,31,1",266.0,91.0,1.1418902463106826,0.7327938079833984
target2_close14,21,nominal,local2d_detector_baseline_target2_close14_seed21_nominal_cpu,mean_top80_dense4_single667,mean,80,dense4,single667,4.0,4.0,80,True,3,True,True,True,3,True,True,True,True,"37,24,17",263.0,78.0,1.0158549934165437,0.2544291019439697
target2_close14,21,nominal,local2d_detector_baseline_target2_close14_seed21_nominal_cpu,mean_top80_dense4_wide,mean,80,dense4,wide,4.0,4.0,80,False,2,False,True,True,2,False,False,True,True,"79,35,6",263.0,98.0,1.163692437808045,1.0508489608764648
target2_close14,21,nominal,local2d_detector_baseline_target2_close14_seed21_nominal_cpu,mean_top80_distinct20_baseline,mean,80,distinct20,baseline,20.0,10.0,12,True,3,True,True,True,3,True,True,True,True,"6,5,1",266.0,91.0,1.1418902463106826,0.508439302444458
target2_close14,21,nominal,local2d_detector_baseline_target2_close14_seed21_nominal_cpu,mean_top80_distinct20_single667,mean,80,distinct20,single667,20.0,10.0,14,False,2,True,True,False,2,False,True,True,False,"7,3,4",263.0,78.0,1.0158549934165437,0.07348084449768066
target2_close14,21,nominal,local2d_detector_baseline_target2_close14_seed21_nominal_cpu,mean_top80_distinct20_wide,mean,80,distinct20,wide,20.0,10.0,12,False,2,True,False,True,2,False,True,False,True,"8,2,1",263.0,98.0,1.163692437808045,0.7998607158660889
target2_close14,21,nominal,local2d_detector_baseline_target2_close14_seed21_nominal_cpu,mean_top80_moderate12_baseline,mean,80,moderate12,baseline,12.0,8.0,26,True,3,True,True,True,3,True,True,True,True,"13,3,1",266.0,91.0,1.1418902463106826,0.5211567878723145
target2_close14,21,nominal,local2d_detector_baseline_target2_close14_seed21_nominal_cpu,mean_top80_moderate12_single667,mean,80,moderate12,single667,12.0,8.0,29,True,3,True,True,True,3,True,True,True,True,"10,3,11",263.0,78.0,1.0158549934165437,0.083404541015625
target2_close14,21,nominal,local2d_detector_baseline_target2_close14_seed21_nominal_cpu,mean_top80_moderate12_wide,mean,80,moderate12,wide,12.0,8.0,25,True,3,True,True,True,3,True,True,True,True,"17,4,2",263.0,98.0,1.163692437808045,0.8166537284851074
target2_close14,21,nominal,local2d_detector_baseline_target2_close14_seed21_nominal_cpu,median_top20_dense4_baseline,median,20,dense4,baseline,4.0,4.0,20,False,2,False,True,True,2,False,False,True,True,"3,14,5",258.0,84.0,1.2488376854727916,0.5582625865936279
target2_close14,21,nominal,local2d_detector_baseline_target2_close14_seed21_nominal_cpu,median_top20_dense4_single667,median,20,dense4,single667,4.0,4.0,20,False,2,False,True,True,2,False,False,True,True,"20,14,8",252.0,78.0,1.133540419031719,0.08175539970397949
target2_close14,21,nominal,local2d_detector_baseline_target2_close14_seed21_nominal_cpu,median_top20_dense4_wide,median,20,dense4,wide,4.0,4.0,20,False,2,False,True,True,2,False,False,True,True,"8,19,6",263.0,98.0,1.2797435571190008,0.8941268920898438
target2_close14,21,nominal,local2d_detector_baseline_target2_close14_seed21_nominal_cpu,median_top20_distinct20_baseline,median,20,distinct20,baseline,20.0,10.0,12,True,3,True,True,True,3,True,True,True,True,"8,1,2",258.0,84.0,1.2488376854727916,0.5103476047515869
target2_close14,21,nominal,local2d_detector_baseline_target2_close14_seed21_nominal_cpu,median_top20_distinct20_single667,median,20,distinct20,single667,20.0,10.0,16,False,2,True,True,False,2,False,True,True,False,"4,3,5",252.0,78.0,1.133540419031719,0.07490134239196777
target2_close14,21,nominal,local2d_detector_baseline_target2_close14_seed21_nominal_cpu,median_top20_distinct20_wide,median,20,distinct20,wide,20.0,10.0,10,True,3,True,True,True,3,True,True,True,True,"8,2,1",263.0,98.0,1.2797435571190008,0.8024487495422363
target2_close14,21,nominal,local2d_detector_baseline_target2_close14_seed21_nominal_cpu,median_top20_moderate12_baseline,median,20,moderate12,baseline,12.0,8.0,20,True,3,True,True,True,3,True,True,True,True,"15,7,2",258.0,84.0,1.2488376854727916,0.5169103145599365
target2_close14,21,nominal,local2d_detector_baseline_target2_close14_seed21_nominal_cpu,median_top20_moderate12_single667,median,20,moderate12,single667,12.0,8.0,20,True,3,True,True,True,3,True,True,True,True,"7,3,11",252.0,78.0,1.133540419031719,0.07533717155456543
target2_close14,21,nominal,local2d_detector_baseline_target2_close14_seed21_nominal_cpu,median_top20_moderate12_wide,median,20,moderate12,wide,12.0,8.0,20,True,3,True,True,True,3,True,True,True,True,"18,7,1",263.0,98.0,1.2797435571190008,0.8118753433227539
target2_close14,21,nominal,local2d_detector_baseline_target2_close14_seed21_nominal_cpu,median_top40_dense4_baseline,median,40,dense4,baseline,4.0,4.0,40,False,2,False,True,True,2,False,False,True,True,"29,21,5",258.0,84.0,1.2488376854727916,0.5787732601165771
target2_close14,21,nominal,local2d_detector_baseline_target2_close14_seed21_nominal_cpu,median_top40_dense4_single667,median,40,dense4,single667,4.0,4.0,40,True,3,True,True,True,3,True,True,True,True,"28,25,31",252.0,78.0,1.133540419031719,0.10077381134033203
target2_close14,21,nominal,local2d_detector_baseline_target2_close14_seed21_nominal_cpu,median_top40_dense4_wide,median,40,dense4,wide,4.0,4.0,40,False,2,False,True,True,2,False,False,True,True,"30,28,6",263.0,98.0,1.2797435571190008,0.8972821235656738
target2_close14,21,nominal,local2d_detector_baseline_target2_close14_seed21_nominal_cpu,median_top40_distinct20_baseline,median,40,distinct20,baseline,20.0,10.0,12,True,3,True,True,True,3,True,True,True,True,"8,1,2",258.0,84.0,1.2488376854727916,0.5271754264831543
target2_close14,21,nominal,local2d_detector_baseline_target2_close14_seed21_nominal_cpu,median_top40_distinct20_single667,median,40,distinct20,single667,20.0,10.0,16,False,2,True,True,False,2,False,True,True,False,"4,3,5",252.0,78.0,1.133540419031719,0.07484173774719238
target2_close14,21,nominal,local2d_detector_baseline_target2_close14_seed21_nominal_cpu,median_top40_distinct20_wide,median,40,distinct20,wide,20.0,10.0,10,True,3,True,True,True,3,True,True,True,True,"8,2,1",263.0,98.0,1.2797435571190008,0.8031785488128662
target2_close14,21,nominal,local2d_detector_baseline_target2_close14_seed21_nominal_cpu,median_top40_moderate12_baseline,median,40,moderate12,baseline,12.0,8.0,30,True,3,True,True,True,3,True,True,True,True,"15,7,2",258.0,84.0,1.2488376854727916,0.5251321792602539
target2_close14,21,nominal,local2d_detector_baseline_target2_close14_seed21_nominal_cpu,median_top40_moderate12_single667,median,40,moderate12,single667,12.0,8.0,27,True,3,True,True,True,3,True,True,True,True,"7,3,11",252.0,78.0,1.133540419031719,0.07963418960571289
target2_close14,21,nominal,local2d_detector_baseline_target2_close14_seed21_nominal_cpu,median_top40_moderate12_wide,median,40,moderate12,wide,12.0,8.0,28,True,3,True,True,True,3,True,True,True,True,"18,7,1",263.0,98.0,1.2797435571190008,0.8161642551422119
target2_close14,21,nominal,local2d_detector_baseline_target2_close14_seed21_nominal_cpu,median_top80_dense4_baseline,median,80,dense4,baseline,4.0,4.0,80,True,3,True,True,True,3,True,True,True,True,"70,21,5",258.0,84.0,1.2488376854727916,0.7396173477172852
target2_close14,21,nominal,local2d_detector_baseline_target2_close14_seed21_nominal_cpu,median_top80_dense4_single667,median,80,dense4,single667,4.0,4.0,80,True,3,True,True,True,3,True,True,True,True,"48,25,31",252.0,78.0,1.133540419031719,0.2563314437866211
target2_close14,21,nominal,local2d_detector_baseline_target2_close14_seed21_nominal_cpu,median_top80_dense4_wide,median,80,dense4,wide,4.0,4.0,80,False,2,False,True,True,2,False,False,True,True,"78,28,6",263.0,98.0,1.2797435571190008,1.0567295551300049
target2_close14,21,nominal,local2d_detector_baseline_target2_close14_seed21_nominal_cpu,median_top80_distinct20_baseline,median,80,distinct20,baseline,20.0,10.0,12,True,3,True,True,True,3,True,True,True,True,"8,1,2",258.0,84.0,1.2488376854727916,0.5122954845428467
target2_close14,21,nominal,local2d_detector_baseline_target2_close14_seed21_nominal_cpu,median_top80_distinct20_single667,median,80,distinct20,single667,20.0,10.0,16,False,2,True,True,False,2,False,True,True,False,"4,3,5",252.0,78.0,1.133540419031719,0.07480406761169434
target2_close14,21,nominal,local2d_detector_baseline_target2_close14_seed21_nominal_cpu,median_top80_distinct20_wide,median,80,distinct20,wide,20.0,10.0,10,True,3,True,True,True,3,True,True,True,True,"8,2,1",263.0,98.0,1.2797435571190008,0.8040215969085693
target2_close14,21,nominal,local2d_detector_baseline_target2_close14_seed21_nominal_cpu,median_top80_moderate12_baseline,median,80,moderate12,baseline,12.0,8.0,30,True,3,True,True,True,3,True,True,True,True,"15,7,2",258.0,84.0,1.2488376854727916,0.5255858898162842
target2_close14,21,nominal,local2d_detector_baseline_target2_close14_seed21_nominal_cpu,median_top80_moderate12_single667,median,80,moderate12,single667,12.0,8.0,27,True,3,True,True,True,3,True,True,True,True,"7,3,11",252.0,78.0,1.133540419031719,0.08239436149597168
target2_close14,21,nominal,local2d_detector_baseline_target2_close14_seed21_nominal_cpu,median_top80_moderate12_wide,median,80,moderate12,wide,12.0,8.0,28,True,3,True,True,True,3,True,True,True,True,"18,7,1",263.0,98.0,1.2797435571190008,0.819711446762085
target2_close14,21,nominal,local2d_detector_baseline_target2_close14_seed21_nominal_cpu,none_top20_dense4_baseline,none,20,dense4,baseline,4.0,4.0,20,False,2,False,True,True,2,False,False,True,True,"7,13,4",263.0,96.0,0.443003092346598,0.54654860496521
target2_close14,21,nominal,local2d_detector_baseline_target2_close14_seed21_nominal_cpu,none_top20_dense4_single667,none,20,dense4,single667,4.0,4.0,20,False,2,False,True,True,2,False,False,True,True,"16,14,11",253.0,82.0,0.41772529482261234,0.08243775367736816
target2_close14,21,nominal,local2d_detector_baseline_target2_close14_seed21_nominal_cpu,none_top20_dense4_wide,none,20,dense4,wide,4.0,4.0,20,False,2,False,True,True,2,False,False,True,True,"5,14,10",266.0,97.0,0.44832704667072004,0.9016871452331543
target2_close14,21,nominal,local2d_detector_baseline_target2_close14_seed21_nominal_cpu,none_top20_distinct20_baseline,none,20,distinct20,baseline,20.0,10.0,12,True,3,True,True,True,3,True,True,True,True,"8,2,1",263.0,96.0,0.443003092346598,0.5009019374847412
target2_close14,21,nominal,local2d_detector_baseline_target2_close14_seed21_nominal_cpu,none_top20_distinct20_single667,none,20,distinct20,single667,20.0,10.0,15,False,2,True,True,False,2,False,True,True,False,"5,3,6",253.0,82.0,0.41772529482261234,0.07304048538208008
target2_close14,21,nominal,local2d_detector_baseline_target2_close14_seed21_nominal_cpu,none_top20_distinct20_wide,none,20,distinct20,wide,20.0,10.0,13,True,3,True,True,True,3,True,True,True,True,"11,2,1",266.0,97.0,0.44832704667072004,0.7949872016906738
target2_close14,21,nominal,local2d_detector_baseline_target2_close14_seed21_nominal_cpu,none_top20_moderate12_baseline,none,20,moderate12,baseline,12.0,8.0,20,True,3,True,True,True,3,True,True,True,True,"15,4,1",263.0,96.0,0.443003092346598,0.5066878795623779
target2_close14,21,nominal,local2d_detector_baseline_target2_close14_seed21_nominal_cpu,none_top20_moderate12_single667,none,20,moderate12,single667,12.0,8.0,20,True,3,True,True,True,3,True,True,True,True,"7,5,6",253.0,82.0,0.41772529482261234,0.07541942596435547
target2_close14,21,nominal,local2d_detector_baseline_target2_close14_seed21_nominal_cpu,none_top20_moderate12_wide,none,20,moderate12,wide,12.0,8.0,20,True,3,True,True,True,3,True,True,True,True,"19,3,1",266.0,97.0,0.44832704667072004,0.7988183498382568
target2_close14,21,nominal,local2d_detector_baseline_target2_close14_seed21_nominal_cpu,none_top40_dense4_baseline,none,40,dense4,baseline,4.0,4.0,40,False,2,False,True,True,2,False,False,True,True,"35,7,4",263.0,96.0,0.443003092346598,0.5660762786865234
target2_close14,21,nominal,local2d_detector_baseline_target2_close14_seed21_nominal_cpu,none_top40_dense4_single667,none,40,dense4,single667,4.0,4.0,40,True,3,True,True,True,3,True,True,True,True,"34,24,26",253.0,82.0,0.41772529482261234,0.09847545623779297
target2_close14,21,nominal,local2d_detector_baseline_target2_close14_seed21_nominal_cpu,none_top40_dense4_wide,none,40,dense4,wide,4.0,4.0,40,False,2,False,True,True,2,False,False,True,True,"29,14,10",266.0,97.0,0.44832704667072004,0.8805711269378662
target2_close14,21,nominal,local2d_detector_baseline_target2_close14_seed21_nominal_cpu,none_top40_distinct20_baseline,none,40,distinct20,baseline,20.0,10.0,12,True,3,True,True,True,3,True,True,True,True,"8,2,1",263.0,96.0,0.443003092346598,0.5038061141967773
target2_close14,21,nominal,local2d_detector_baseline_target2_close14_seed21_nominal_cpu,none_top40_distinct20_single667,none,40,distinct20,single667,20.0,10.0,15,False,2,True,True,False,2,False,True,True,False,"5,3,6",253.0,82.0,0.41772529482261234,0.07299447059631348
target2_close14,21,nominal,local2d_detector_baseline_target2_close14_seed21_nominal_cpu,none_top40_distinct20_wide,none,40,distinct20,wide,20.0,10.0,13,True,3,True,True,True,3,True,True,True,True,"11,2,1",266.0,97.0,0.44832704667072004,0.8092162609100342
target2_close14,21,nominal,local2d_detector_baseline_target2_close14_seed21_nominal_cpu,none_top40_moderate12_baseline,none,40,moderate12,baseline,12.0,8.0,27,True,3,True,True,True,3,True,True,True,True,"15,4,1",263.0,96.0,0.443003092346598,0.5115330219268799
target2_close14,21,nominal,local2d_detector_baseline_target2_close14_seed21_nominal_cpu,none_top40_moderate12_single667,none,40,moderate12,single667,12.0,8.0,28,True,3,True,True,True,3,True,True,True,True,"7,5,6",253.0,82.0,0.41772529482261234,0.07996463775634766
target2_close14,21,nominal,local2d_detector_baseline_target2_close14_seed21_nominal_cpu,none_top40_moderate12_wide,none,40,moderate12,wide,12.0,8.0,27,True,3,True,True,True,3,True,True,True,True,"19,3,1",266.0,97.0,0.44832704667072004,0.8049323558807373
target2_close14,21,nominal,local2d_detector_baseline_target2_close14_seed21_nominal_cpu,none_top80_dense4_baseline,none,80,dense4,baseline,4.0,4.0,80,True,3,True,True,True,3,True,True,True,True,"75,7,4",263.0,96.0,0.443003092346598,0.7243242263793945
target2_close14,21,nominal,local2d_detector_baseline_target2_close14_seed21_nominal_cpu,none_top80_dense4_single667,none,80,dense4,single667,4.0,4.0,80,True,3,True,True,True,3,True,True,True,True,"34,24,26",253.0,82.0,0.41772529482261234,0.25539398193359375
target2_close14,21,nominal,local2d_detector_baseline_target2_close14_seed21_nominal_cpu,none_top80_dense4_wide,none,80,dense4,wide,4.0,4.0,80,False,2,False,True,True,2,False,False,True,True,"72,14,10",266.0,97.0,0.44832704667072004,1.0421006679534912
target2_close14,21,nominal,local2d_detector_baseline_target2_close14_seed21_nominal_cpu,none_top80_distinct20_baseline,none,80,distinct20,baseline,20.0,10.0,12,True,3,True,True,True,3,True,True,True,True,"8,2,1",263.0,96.0,0.443003092346598,0.5090229511260986
target2_close14,21,nominal,local2d_detector_baseline_target2_close14_seed21_nominal_cpu,none_top80_distinct20_single667,none,80,distinct20,single667,20.0,10.0,15,False,2,True,True,False,2,False,True,True,False,"5,3,6",253.0,82.0,0.41772529482261234,0.07311296463012695
target2_close14,21,nominal,local2d_detector_baseline_target2_close14_seed21_nominal_cpu,none_top80_distinct20_wide,none,80,distinct20,wide,20.0,10.0,13,True,3,True,True,True,3,True,True,True,True,"11,2,1",266.0,97.0,0.44832704667072004,0.7997961044311523
target2_close14,21,nominal,local2d_detector_baseline_target2_close14_seed21_nominal_cpu,none_top80_moderate12_baseline,none,80,moderate12,baseline,12.0,8.0,27,True,3,True,True,True,3,True,True,True,True,"15,4,1",263.0,96.0,0.443003092346598,0.5163977146148682
target2_close14,21,nominal,local2d_detector_baseline_target2_close14_seed21_nominal_cpu,none_top80_moderate12_single667,none,80,moderate12,single667,12.0,8.0,28,True,3,True,True,True,3,True,True,True,True,"7,5,6",253.0,82.0,0.41772529482261234,0.08181118965148926
target2_close14,21,nominal,local2d_detector_baseline_target2_close14_seed21_nominal_cpu,none_top80_moderate12_wide,none,80,moderate12,wide,12.0,8.0,27,True,3,True,True,True,3,True,True,True,True,"19,3,1",266.0,97.0,0.44832704667072004,0.8149926662445068
target2_close14,21,source_mismatch,local2d_detector_baseline_target2_close14_seed21_source_mismatch_cpu,mean_top20_dense4_baseline,mean,20,dense4,baseline,4.0,4.0,20,False,2,False,True,True,2,False,False,True,True,"19,15,6",263.0,81.0,1.1039173915769012,0.5620207786560059
target2_close14,21,source_mismatch,local2d_detector_baseline_target2_close14_seed21_source_mismatch_cpu,mean_top20_dense4_single667,mean,20,dense4,single667,4.0,4.0,20,False,1,False,False,True,1,False,False,False,True,"17,6,19",252.0,75.0,0.9098315027841207,0.08205842971801758
target2_close14,21,source_mismatch,local2d_detector_baseline_target2_close14_seed21_source_mismatch_cpu,mean_top20_dense4_wide,mean,20,dense4,wide,4.0,4.0,20,False,2,False,True,True,2,False,False,True,True,"19,20,2",263.0,93.0,1.174639472978576,0.9039356708526611
target2_close14,21,source_mismatch,local2d_detector_baseline_target2_close14_seed21_source_mismatch_cpu,mean_top20_distinct20_baseline,mean,20,distinct20,baseline,20.0,10.0,13,False,2,True,True,False,3,True,True,True,True,"5,4,3",263.0,81.0,1.1039173915769012,0.5103962421417236
target2_close14,21,source_mismatch,local2d_detector_baseline_target2_close14_seed21_source_mismatch_cpu,mean_top20_distinct20_single667,mean,20,distinct20,single667,20.0,10.0,15,False,2,True,True,False,2,False,True,True,False,"8,4,6",252.0,75.0,0.9098315027841207,0.07447361946105957
target2_close14,21,source_mismatch,local2d_detector_baseline_target2_close14_seed21_source_mismatch_cpu,mean_top20_distinct20_wide,mean,20,distinct20,wide,20.0,10.0,13,True,3,True,True,True,3,True,True,True,True,"7,6,1",263.0,93.0,1.174639472978576,0.8084006309509277
target2_close14,21,source_mismatch,local2d_detector_baseline_target2_close14_seed21_source_mismatch_cpu,mean_top20_moderate12_baseline,mean,20,moderate12,baseline,12.0,8.0,20,True,3,True,True,True,3,True,True,True,True,"12,3,4",263.0,81.0,1.1039173915769012,0.5185015201568604
target2_close14,21,source_mismatch,local2d_detector_baseline_target2_close14_seed21_source_mismatch_cpu,mean_top20_moderate12_single667,mean,20,moderate12,single667,12.0,8.0,20,False,2,True,True,False,3,True,True,True,True,"12,16,5",252.0,75.0,0.9098315027841207,0.07674241065979004
target2_close14,21,source_mismatch,local2d_detector_baseline_target2_close14_seed21_source_mismatch_cpu,mean_top20_moderate12_wide,mean,20,moderate12,wide,12.0,8.0,20,True,3,True,True,True,3,True,True,True,True,"12,5,1",263.0,93.0,1.174639472978576,0.8143022060394287
target2_close14,21,source_mismatch,local2d_detector_baseline_target2_close14_seed21_source_mismatch_cpu,mean_top40_dense4_baseline,mean,40,dense4,baseline,4.0,4.0,40,True,3,True,True,True,3,True,True,True,True,"38,29,22",263.0,81.0,1.1039173915769012,0.5821638107299805
target2_close14,21,source_mismatch,local2d_detector_baseline_target2_close14_seed21_source_mismatch_cpu,mean_top40_dense4_single667,mean,40,dense4,single667,4.0,4.0,40,True,3,True,True,True,3,True,True,True,True,"33,26,19",252.0,75.0,0.9098315027841207,0.10072827339172363
target2_close14,21,source_mismatch,local2d_detector_baseline_target2_close14_seed21_source_mismatch_cpu,mean_top40_dense4_wide,mean,40,dense4,wide,4.0,4.0,40,False,2,False,True,True,2,False,False,True,True,"34,20,2",263.0,93.0,1.174639472978576,0.9008932113647461
target2_close14,21,source_mismatch,local2d_detector_baseline_target2_close14_seed21_source_mismatch_cpu,mean_top40_distinct20_baseline,mean,40,distinct20,baseline,20.0,10.0,13,False,2,True,True,False,3,True,True,True,True,"5,4,3",263.0,81.0,1.1039173915769012,0.5351669788360596
target2_close14,21,source_mismatch,local2d_detector_baseline_target2_close14_seed21_source_mismatch_cpu,mean_top40_distinct20_single667,mean,40,distinct20,single667,20.0,10.0,15,False,2,True,True,False,2,False,True,True,False,"8,4,6",252.0,75.0,0.9098315027841207,0.0748450756072998
target2_close14,21,source_mismatch,local2d_detector_baseline_target2_close14_seed21_source_mismatch_cpu,mean_top40_distinct20_wide,mean,40,distinct20,wide,20.0,10.0,13,True,3,True,True,True,3,True,True,True,True,"7,6,1",263.0,93.0,1.174639472978576,0.8083641529083252
target2_close14,21,source_mismatch,local2d_detector_baseline_target2_close14_seed21_source_mismatch_cpu,mean_top40_moderate12_baseline,mean,40,moderate12,baseline,12.0,8.0,25,True,3,True,True,True,3,True,True,True,True,"12,3,4",263.0,81.0,1.1039173915769012,0.5208945274353027
target2_close14,21,source_mismatch,local2d_detector_baseline_target2_close14_seed21_source_mismatch_cpu,mean_top40_moderate12_single667,mean,40,moderate12,single667,12.0,8.0,27,False,2,True,True,False,3,True,True,True,True,"12,16,5",252.0,75.0,0.9098315027841207,0.08040404319763184
target2_close14,21,source_mismatch,local2d_detector_baseline_target2_close14_seed21_source_mismatch_cpu,mean_top40_moderate12_wide,mean,40,moderate12,wide,12.0,8.0,24,True,3,True,True,True,3,True,True,True,True,"12,5,1",263.0,93.0,1.174639472978576,0.8196725845336914
target2_close14,21,source_mismatch,local2d_detector_baseline_target2_close14_seed21_source_mismatch_cpu,mean_top80_dense4_baseline,mean,80,dense4,baseline,4.0,4.0,80,True,3,True,True,True,3,True,True,True,True,"47,29,22",263.0,81.0,1.1039173915769012,0.7372925281524658
target2_close14,21,source_mismatch,local2d_detector_baseline_target2_close14_seed21_source_mismatch_cpu,mean_top80_dense4_single667,mean,80,dense4,single667,4.0,4.0,80,True,3,True,True,True,3,True,True,True,True,"78,70,62",252.0,75.0,0.9098315027841207,0.2566392421722412
target2_close14,21,source_mismatch,local2d_detector_baseline_target2_close14_seed21_source_mismatch_cpu,mean_top80_dense4_wide,mean,80,dense4,wide,4.0,4.0,80,True,3,True,True,True,3,True,True,True,True,"79,20,2",263.0,93.0,1.174639472978576,1.0624661445617676
target2_close14,21,source_mismatch,local2d_detector_baseline_target2_close14_seed21_source_mismatch_cpu,mean_top80_distinct20_baseline,mean,80,distinct20,baseline,20.0,10.0,13,False,2,True,True,False,3,True,True,True,True,"5,4,3",263.0,81.0,1.1039173915769012,0.5116143226623535
target2_close14,21,source_mismatch,local2d_detector_baseline_target2_close14_seed21_source_mismatch_cpu,mean_top80_distinct20_single667,mean,80,distinct20,single667,20.0,10.0,15,False,2,True,True,False,2,False,True,True,False,"8,4,6",252.0,75.0,0.9098315027841207,0.0744330883026123
target2_close14,21,source_mismatch,local2d_detector_baseline_target2_close14_seed21_source_mismatch_cpu,mean_top80_distinct20_wide,mean,80,distinct20,wide,20.0,10.0,13,True,3,True,True,True,3,True,True,True,True,"7,6,1",263.0,93.0,1.174639472978576,0.8035786151885986
target2_close14,21,source_mismatch,local2d_detector_baseline_target2_close14_seed21_source_mismatch_cpu,mean_top80_moderate12_baseline,mean,80,moderate12,baseline,12.0,8.0,25,True,3,True,True,True,3,True,True,True,True,"12,3,4",263.0,81.0,1.1039173915769012,0.5213267803192139
target2_close14,21,source_mismatch,local2d_detector_baseline_target2_close14_seed21_source_mismatch_cpu,mean_top80_moderate12_single667,mean,80,moderate12,single667,12.0,8.0,27,False,2,True,True,False,3,True,True,True,True,"12,16,5",252.0,75.0,0.9098315027841207,0.0805814266204834
target2_close14,21,source_mismatch,local2d_detector_baseline_target2_close14_seed21_source_mismatch_cpu,mean_top80_moderate12_wide,mean,80,moderate12,wide,12.0,8.0,24,True,3,True,True,True,3,True,True,True,True,"12,5,1",263.0,93.0,1.174639472978576,0.8171353340148926
target2_close14,21,source_mismatch,local2d_detector_baseline_target2_close14_seed21_source_mismatch_cpu,median_top20_dense4_baseline,median,20,dense4,baseline,4.0,4.0,20,False,2,False,True,True,2,False,False,True,True,"18,10,7",263.0,81.0,1.2475013603236675,0.5598950386047363
target2_close14,21,source_mismatch,local2d_detector_baseline_target2_close14_seed21_source_mismatch_cpu,median_top20_dense4_single667,median,20,dense4,single667,4.0,4.0,20,False,0,False,False,False,1,False,False,True,False,"15,20,16",249.0,75.0,1.0305897920650373,0.0820913314819336
target2_close14,21,source_mismatch,local2d_detector_baseline_target2_close14_seed21_source_mismatch_cpu,median_top20_dense4_wide,median,20,dense4,wide,4.0,4.0,20,False,2,False,True,True,2,False,False,True,True,"16,12,2",258.0,94.0,1.3255026581307343,0.8986642360687256
target2_close14,21,source_mismatch,local2d_detector_baseline_target2_close14_seed21_source_mismatch_cpu,median_top20_distinct20_baseline,median,20,distinct20,baseline,20.0,10.0,13,True,3,True,True,True,3,True,True,True,True,"5,4,3",263.0,81.0,1.2475013603236675,0.515343427658081
target2_close14,21,source_mismatch,local2d_detector_baseline_target2_close14_seed21_source_mismatch_cpu,median_top20_distinct20_single667,median,20,distinct20,single667,20.0,10.0,13,False,1,False,True,False,1,False,False,True,False,"9,5,8",249.0,75.0,1.0305897920650373,0.07427835464477539
target2_close14,21,source_mismatch,local2d_detector_baseline_target2_close14_seed21_source_mismatch_cpu,median_top20_distinct20_wide,median,20,distinct20,wide,20.0,10.0,12,True,3,True,True,True,2,False,True,True,False,"6,1,2",258.0,94.0,1.3255026581307343,0.8117461204528809
target2_close14,21,source_mismatch,local2d_detector_baseline_target2_close14_seed21_source_mismatch_cpu,median_top20_moderate12_baseline,median,20,moderate12,baseline,12.0,8.0,20,True,3,True,True,True,3,True,True,True,True,"6,3,4",263.0,81.0,1.2475013603236675,0.519763708114624
target2_close14,21,source_mismatch,local2d_detector_baseline_target2_close14_seed21_source_mismatch_cpu,median_top20_moderate12_single667,median,20,moderate12,single667,12.0,8.0,20,True,3,True,True,True,3,True,True,True,True,"8,6,7",249.0,75.0,1.0305897920650373,0.07663989067077637
target2_close14,21,source_mismatch,local2d_detector_baseline_target2_close14_seed21_source_mismatch_cpu,median_top20_moderate12_wide,median,20,moderate12,wide,12.0,8.0,20,True,3,True,True,True,3,True,True,True,True,"14,8,1",258.0,94.0,1.3255026581307343,0.814831018447876
target2_close14,21,source_mismatch,local2d_detector_baseline_target2_close14_seed21_source_mismatch_cpu,median_top40_dense4_baseline,median,40,dense4,baseline,4.0,4.0,40,True,3,True,True,True,3,True,True,True,True,"35,27,22",263.0,81.0,1.2475013603236675,0.579082727432251
target2_close14,21,source_mismatch,local2d_detector_baseline_target2_close14_seed21_source_mismatch_cpu,median_top40_dense4_single667,median,40,dense4,single667,4.0,4.0,40,False,2,False,True,True,3,True,True,True,True,"29,30,34",249.0,75.0,1.0305897920650373,0.10107684135437012
target2_close14,21,source_mismatch,local2d_detector_baseline_target2_close14_seed21_source_mismatch_cpu,median_top40_dense4_wide,median,40,dense4,wide,4.0,4.0,40,False,2,False,True,True,2,False,False,True,True,"32,12,2",258.0,94.0,1.3255026581307343,0.9006369113922119
target2_close14,21,source_mismatch,local2d_detector_baseline_target2_close14_seed21_source_mismatch_cpu,median_top40_distinct20_baseline,median,40,distinct20,baseline,20.0,10.0,13,True,3,True,True,True,3,True,True,True,True,"5,4,3",263.0,81.0,1.2475013603236675,0.5338871479034424
target2_close14,21,source_mismatch,local2d_detector_baseline_target2_close14_seed21_source_mismatch_cpu,median_top40_distinct20_single667,median,40,distinct20,single667,20.0,10.0,13,False,1,False,True,False,1,False,False,True,False,"9,5,8",249.0,75.0,1.0305897920650373,0.07426977157592773
target2_close14,21,source_mismatch,local2d_detector_baseline_target2_close14_seed21_source_mismatch_cpu,median_top40_distinct20_wide,median,40,distinct20,wide,20.0,10.0,12,True,3,True,True,True,2,False,True,True,False,"6,1,2",258.0,94.0,1.3255026581307343,0.814157247543335
target2_close14,21,source_mismatch,local2d_detector_baseline_target2_close14_seed21_source_mismatch_cpu,median_top40_moderate12_baseline,median,40,moderate12,baseline,12.0,8.0,27,True,3,True,True,True,3,True,True,True,True,"6,3,4",263.0,81.0,1.2475013603236675,0.5252230167388916
target2_close14,21,source_mismatch,local2d_detector_baseline_target2_close14_seed21_source_mismatch_cpu,median_top40_moderate12_single667,median,40,moderate12,single667,12.0,8.0,29,True,3,True,True,True,3,True,True,True,True,"24,26,29",249.0,75.0,1.0305897920650373,0.08225131034851074
target2_close14,21,source_mismatch,local2d_detector_baseline_target2_close14_seed21_source_mismatch_cpu,median_top40_moderate12_wide,median,40,moderate12,wide,12.0,8.0,29,True,3,True,True,True,3,True,True,True,True,"14,8,1",258.0,94.0,1.3255026581307343,0.827338695526123
target2_close14,21,source_mismatch,local2d_detector_baseline_target2_close14_seed21_source_mismatch_cpu,median_top80_dense4_baseline,median,80,dense4,baseline,4.0,4.0,80,True,3,True,True,True,3,True,True,True,True,"43,27,22",263.0,81.0,1.2475013603236675,0.7410058975219727
target2_close14,21,source_mismatch,local2d_detector_baseline_target2_close14_seed21_source_mismatch_cpu,median_top80_dense4_single667,median,80,dense4,single667,4.0,4.0,80,True,3,True,True,True,3,True,True,True,True,"65,30,34",249.0,75.0,1.0305897920650373,0.25728726387023926
target2_close14,21,source_mismatch,local2d_detector_baseline_target2_close14_seed21_source_mismatch_cpu,median_top80_dense4_wide,median,80,dense4,wide,4.0,4.0,80,True,3,True,True,True,3,True,True,True,True,"76,12,2",258.0,94.0,1.3255026581307343,1.063603401184082
target2_close14,21,source_mismatch,local2d_detector_baseline_target2_close14_seed21_source_mismatch_cpu,median_top80_distinct20_baseline,median,80,distinct20,baseline,20.0,10.0,13,True,3,True,True,True,3,True,True,True,True,"5,4,3",263.0,81.0,1.2475013603236675,0.5151247978210449
target2_close14,21,source_mismatch,local2d_detector_baseline_target2_close14_seed21_source_mismatch_cpu,median_top80_distinct20_single667,median,80,distinct20,single667,20.0,10.0,13,False,1,False,True,False,1,False,False,True,False,"9,5,8",249.0,75.0,1.0305897920650373,0.07513809204101562
target2_close14,21,source_mismatch,local2d_detector_baseline_target2_close14_seed21_source_mismatch_cpu,median_top80_distinct20_wide,median,80,distinct20,wide,20.0,10.0,12,True,3,True,True,True,2,False,True,True,False,"6,1,2",258.0,94.0,1.3255026581307343,0.8125896453857422
target2_close14,21,source_mismatch,local2d_detector_baseline_target2_close14_seed21_source_mismatch_cpu,median_top80_moderate12_baseline,median,80,moderate12,baseline,12.0,8.0,27,True,3,True,True,True,3,True,True,True,True,"6,3,4",263.0,81.0,1.2475013603236675,0.523036003112793
target2_close14,21,source_mismatch,local2d_detector_baseline_target2_close14_seed21_source_mismatch_cpu,median_top80_moderate12_single667,median,80,moderate12,single667,12.0,8.0,29,True,3,True,True,True,3,True,True,True,True,"24,26,29",249.0,75.0,1.0305897920650373,0.0826411247253418
target2_close14,21,source_mismatch,local2d_detector_baseline_target2_close14_seed21_source_mismatch_cpu,median_top80_moderate12_wide,median,80,moderate12,wide,12.0,8.0,29,True,3,True,True,True,3,True,True,True,True,"14,8,1",258.0,94.0,1.3255026581307343,0.828096866607666
target2_close14,21,source_mismatch,local2d_detector_baseline_target2_close14_seed21_source_mismatch_cpu,none_top20_dense4_baseline,none,20,dense4,baseline,4.0,4.0,20,False,2,False,True,True,2,False,False,True,True,"17,3,18",260.0,86.0,0.4533357817812081,0.5519304275512695
target2_close14,21,source_mismatch,local2d_detector_baseline_target2_close14_seed21_source_mismatch_cpu,none_top20_dense4_single667,none,20,dense4,single667,4.0,4.0,20,False,1,False,True,False,2,False,False,True,True,"19,15,17",252.0,75.0,0.420640755006407,0.08365321159362793
target2_close14,21,source_mismatch,local2d_detector_baseline_target2_close14_seed21_source_mismatch_cpu,none_top20_dense4_wide,none,20,dense4,wide,4.0,4.0,20,False,2,False,True,True,2,False,False,True,True,"20,2,14",260.0,96.0,0.46151034671057034,0.9133799076080322
target2_close14,21,source_mismatch,local2d_detector_baseline_target2_close14_seed21_source_mismatch_cpu,none_top20_distinct20_baseline,none,20,distinct20,baseline,20.0,10.0,15,False,2,True,False,True,2,False,True,False,True,"7,1,5",260.0,86.0,0.4533357817812081,0.5082831382751465
target2_close14,21,source_mismatch,local2d_detector_baseline_target2_close14_seed21_source_mismatch_cpu,none_top20_distinct20_single667,none,20,distinct20,single667,20.0,10.0,14,False,1,False,True,False,1,False,False,True,False,"10,4,8",252.0,75.0,0.420640755006407,0.07327032089233398
target2_close14,21,source_mismatch,local2d_detector_baseline_target2_close14_seed21_source_mismatch_cpu,none_top20_distinct20_wide,none,20,distinct20,wide,20.0,10.0,13,False,2,True,False,True,2,False,True,False,True,"9,1,2",260.0,96.0,0.46151034671057034,0.7989552021026611
target2_close14,21,source_mismatch,local2d_detector_baseline_target2_close14_seed21_source_mismatch_cpu,none_top20_moderate12_baseline,none,20,moderate12,baseline,12.0,8.0,20,True,3,True,True,True,3,True,True,True,True,"9,6,1",260.0,86.0,0.4533357817812081,0.5132944583892822
target2_close14,21,source_mismatch,local2d_detector_baseline_target2_close14_seed21_source_mismatch_cpu,none_top20_moderate12_single667,none,20,moderate12,single667,12.0,8.0,20,True,3,True,True,True,3,True,True,True,True,"10,4,6",252.0,75.0,0.420640755006407,0.07596230506896973
target2_close14,21,source_mismatch,local2d_detector_baseline_target2_close14_seed21_source_mismatch_cpu,none_top20_moderate12_wide,none,20,moderate12,wide,12.0,8.0,20,True,3,True,True,True,3,True,True,True,True,"16,2,8",260.0,96.0,0.46151034671057034,0.8080549240112305
target2_close14,21,source_mismatch,local2d_detector_baseline_target2_close14_seed21_source_mismatch_cpu,none_top40_dense4_baseline,none,40,dense4,baseline,4.0,4.0,40,True,3,True,True,True,3,True,True,True,True,"40,23,18",260.0,86.0,0.4533357817812081,0.5724983215332031
target2_close14,21,source_mismatch,local2d_detector_baseline_target2_close14_seed21_source_mismatch_cpu,none_top40_dense4_single667,none,40,dense4,single667,4.0,4.0,40,True,3,True,True,True,3,True,True,True,True,"36,15,21",252.0,75.0,0.420640755006407,0.09983634948730469
target2_close14,21,source_mismatch,local2d_detector_baseline_target2_close14_seed21_source_mismatch_cpu,none_top40_dense4_wide,none,40,dense4,wide,4.0,4.0,40,False,2,False,True,True,2,False,False,True,True,"31,2,14",260.0,96.0,0.46151034671057034,0.8876993656158447
target2_close14,21,source_mismatch,local2d_detector_baseline_target2_close14_seed21_source_mismatch_cpu,none_top40_distinct20_baseline,none,40,distinct20,baseline,20.0,10.0,15,False,2,True,False,True,2,False,True,False,True,"7,1,5",260.0,86.0,0.4533357817812081,0.511732816696167
target2_close14,21,source_mismatch,local2d_detector_baseline_target2_close14_seed21_source_mismatch_cpu,none_top40_distinct20_single667,none,40,distinct20,single667,20.0,10.0,14,False,1,False,True,False,1,False,False,True,False,"10,4,8",252.0,75.0,0.420640755006407,0.07378697395324707
target2_close14,21,source_mismatch,local2d_detector_baseline_target2_close14_seed21_source_mismatch_cpu,none_top40_distinct20_wide,none,40,distinct20,wide,20.0,10.0,13,False,2,True,False,True,2,False,True,False,True,"9,1,2",260.0,96.0,0.46151034671057034,0.8197445869445801
target2_close14,21,source_mismatch,local2d_detector_baseline_target2_close14_seed21_source_mismatch_cpu,none_top40_moderate12_baseline,none,40,moderate12,baseline,12.0,8.0,30,True,3,True,True,True,3,True,True,True,True,"9,6,1",260.0,86.0,0.4533357817812081,0.5182723999023438
target2_close14,21,source_mismatch,local2d_detector_baseline_target2_close14_seed21_source_mismatch_cpu,none_top40_moderate12_single667,none,40,moderate12,single667,12.0,8.0,29,True,3,True,True,True,3,True,True,True,True,"23,4,6",252.0,75.0,0.420640755006407,0.08109593391418457
target2_close14,21,source_mismatch,local2d_detector_baseline_target2_close14_seed21_source_mismatch_cpu,none_top40_moderate12_wide,none,40,moderate12,wide,12.0,8.0,26,True,3,True,True,True,3,True,True,True,True,"16,2,8",260.0,96.0,0.46151034671057034,0.8099799156188965
target2_close14,21,source_mismatch,local2d_detector_baseline_target2_close14_seed21_source_mismatch_cpu,none_top80_dense4_baseline,none,80,dense4,baseline,4.0,4.0,80,True,3,True,True,True,3,True,True,True,True,"40,23,18",260.0,86.0,0.4533357817812081,0.7291429042816162
target2_close14,21,source_mismatch,local2d_detector_baseline_target2_close14_seed21_source_mismatch_cpu,none_top80_dense4_single667,none,80,dense4,single667,4.0,4.0,80,True,3,True,True,True,3,True,True,True,True,"77,72,66",252.0,75.0,0.420640755006407,0.26004743576049805
target2_close14,21,source_mismatch,local2d_detector_baseline_target2_close14_seed21_source_mismatch_cpu,none_top80_dense4_wide,none,80,dense4,wide,4.0,4.0,80,True,3,True,True,True,3,True,True,True,True,"74,2,14",260.0,96.0,0.46151034671057034,1.0551722049713135
target2_close14,21,source_mismatch,local2d_detector_baseline_target2_close14_seed21_source_mismatch_cpu,none_top80_distinct20_baseline,none,80,distinct20,baseline,20.0,10.0,15,False,2,True,False,True,2,False,True,False,True,"7,1,5",260.0,86.0,0.4533357817812081,0.5123744010925293
target2_close14,21,source_mismatch,local2d_detector_baseline_target2_close14_seed21_source_mismatch_cpu,none_top80_distinct20_single667,none,80,distinct20,single667,20.0,10.0,14,False,1,False,True,False,1,False,False,True,False,"10,4,8",252.0,75.0,0.420640755006407,0.07443976402282715
target2_close14,21,source_mismatch,local2d_detector_baseline_target2_close14_seed21_source_mismatch_cpu,none_top80_distinct20_wide,none,80,distinct20,wide,20.0,10.0,13,False,2,True,False,True,2,False,True,False,True,"9,1,2",260.0,96.0,0.46151034671057034,0.8039848804473877
target2_close14,21,source_mismatch,local2d_detector_baseline_target2_close14_seed21_source_mismatch_cpu,none_top80_moderate12_baseline,none,80,moderate12,baseline,12.0,8.0,30,True,3,True,True,True,3,True,True,True,True,"9,6,1",260.0,86.0,0.4533357817812081,0.5245635509490967
target2_close14,21,source_mismatch,local2d_detector_baseline_target2_close14_seed21_source_mismatch_cpu,none_top80_moderate12_single667,none,80,moderate12,single667,12.0,8.0,29,True,3,True,True,True,3,True,True,True,True,"23,4,6",252.0,75.0,0.420640755006407,0.08152580261230469
target2_close14,21,source_mismatch,local2d_detector_baseline_target2_close14_seed21_source_mismatch_cpu,none_top80_moderate12_wide,none,80,moderate12,wide,12.0,8.0,26,True,3,True,True,True,3,True,True,True,True,"16,2,8",260.0,96.0,0.46151034671057034,0.8144004344940186
target2_close14,34,nominal,local2d_detector_baseline_target2_close14_seed34_nominal_cpu,mean_top20_dense4_baseline,mean,20,dense4,baseline,4.0,4.0,20,False,2,False,True,True,2,False,False,True,True,"16,20,3",260.0,87.0,1.1412492226085482,0.5583281517028809
target2_close14,34,nominal,local2d_detector_baseline_target2_close14_seed34_nominal_cpu,mean_top20_dense4_single667,mean,20,dense4,single667,4.0,4.0,20,False,2,False,True,True,2,False,False,True,True,"16,17,18",262.0,78.0,1.0601606055182744,0.08069729804992676
target2_close14,34,nominal,local2d_detector_baseline_target2_close14_seed34_nominal_cpu,mean_top20_dense4_wide,mean,20,dense4,wide,4.0,4.0,20,False,2,False,True,True,2,False,False,True,True,"19,20,3",266.0,100.0,1.1790498219065573,0.8989262580871582
target2_close14,34,nominal,local2d_detector_baseline_target2_close14_seed34_nominal_cpu,mean_top20_distinct20_baseline,mean,20,distinct20,baseline,20.0,10.0,14,False,2,True,False,True,2,False,True,False,True,"6,5,1",260.0,87.0,1.1412492226085482,0.5103750228881836
target2_close14,34,nominal,local2d_detector_baseline_target2_close14_seed34_nominal_cpu,mean_top20_distinct20_single667,mean,20,distinct20,single667,20.0,10.0,15,True,3,True,True,True,3,True,True,True,True,"5,4,2",262.0,78.0,1.0601606055182744,0.07397961616516113
target2_close14,34,nominal,local2d_detector_baseline_target2_close14_seed34_nominal_cpu,mean_top20_distinct20_wide,mean,20,distinct20,wide,20.0,10.0,11,False,2,True,False,True,2,False,True,False,True,"9,6,2",266.0,100.0,1.1790498219065573,0.8058538436889648
target2_close14,34,nominal,local2d_detector_baseline_target2_close14_seed34_nominal_cpu,mean_top20_moderate12_baseline,mean,20,moderate12,baseline,12.0,8.0,20,True,3,True,True,True,3,True,True,True,True,"14,7,1",260.0,87.0,1.1412492226085482,0.5163393020629883
target2_close14,34,nominal,local2d_detector_baseline_target2_close14_seed34_nominal_cpu,mean_top20_moderate12_single667,mean,20,moderate12,single667,12.0,8.0,20,True,3,True,True,True,3,True,True,True,True,"7,8,5",262.0,78.0,1.0601606055182744,0.07558417320251465
target2_close14,34,nominal,local2d_detector_baseline_target2_close14_seed34_nominal_cpu,mean_top20_moderate12_wide,mean,20,moderate12,wide,12.0,8.0,20,False,2,False,True,True,2,False,False,True,True,"20,11,2",266.0,100.0,1.1790498219065573,0.8115882873535156
target2_close14,34,nominal,local2d_detector_baseline_target2_close14_seed34_nominal_cpu,mean_top40_dense4_baseline,mean,40,dense4,baseline,4.0,4.0,40,False,2,False,True,True,2,False,False,True,True,"40,31,3",260.0,87.0,1.1412492226085482,0.5770549774169922
target2_close14,34,nominal,local2d_detector_baseline_target2_close14_seed34_nominal_cpu,mean_top40_dense4_single667,mean,40,dense4,single667,4.0,4.0,40,True,3,True,True,True,3,True,True,True,True,"29,27,26",262.0,78.0,1.0601606055182744,0.09962749481201172
target2_close14,34,nominal,local2d_detector_baseline_target2_close14_seed34_nominal_cpu,mean_top40_dense4_wide,mean,40,dense4,wide,4.0,4.0,40,False,2,False,True,True,2,False,False,True,True,"39,30,3",266.0,100.0,1.1790498219065573,0.8920750617980957
target2_close14,34,nominal,local2d_detector_baseline_target2_close14_seed34_nominal_cpu,mean_top40_distinct20_baseline,mean,40,distinct20,baseline,20.0,10.0,14,False,2,True,False,True,2,False,True,False,True,"6,5,1",260.0,87.0,1.1412492226085482,0.5336697101593018
target2_close14,34,nominal,local2d_detector_baseline_target2_close14_seed34_nominal_cpu,mean_top40_distinct20_single667,mean,40,distinct20,single667,20.0,10.0,15,True,3,True,True,True,3,True,True,True,True,"5,4,2",262.0,78.0,1.0601606055182744,0.07365202903747559
target2_close14,34,nominal,local2d_detector_baseline_target2_close14_seed34_nominal_cpu,mean_top40_distinct20_wide,mean,40,distinct20,wide,20.0,10.0,11,False,2,True,False,True,2,False,True,False,True,"9,6,2",266.0,100.0,1.1790498219065573,0.8060357570648193
target2_close14,34,nominal,local2d_detector_baseline_target2_close14_seed34_nominal_cpu,mean_top40_moderate12_baseline,mean,40,moderate12,baseline,12.0,8.0,27,True,3,True,True,True,3,True,True,True,True,"14,7,1",260.0,87.0,1.1412492226085482,0.5201869010925293
target2_close14,34,nominal,local2d_detector_baseline_target2_close14_seed34_nominal_cpu,mean_top40_moderate12_single667,mean,40,moderate12,single667,12.0,8.0,28,True,3,True,True,True,3,True,True,True,True,"7,8,5",262.0,78.0,1.0601606055182744,0.0807046890258789
target2_close14,34,nominal,local2d_detector_baseline_target2_close14_seed34_nominal_cpu,mean_top40_moderate12_wide,mean,40,moderate12,wide,12.0,8.0,27,True,3,True,True,True,3,True,True,True,True,"23,11,2",266.0,100.0,1.1790498219065573,0.8186936378479004
target2_close14,34,nominal,local2d_detector_baseline_target2_close14_seed34_nominal_cpu,mean_top80_dense4_baseline,mean,80,dense4,baseline,4.0,4.0,80,True,3,True,True,True,3,True,True,True,True,"72,31,3",260.0,87.0,1.1412492226085482,0.7321066856384277
target2_close14,34,nominal,local2d_detector_baseline_target2_close14_seed34_nominal_cpu,mean_top80_dense4_single667,mean,80,dense4,single667,4.0,4.0,80,True,3,True,True,True,3,True,True,True,True,"64,27,26",262.0,78.0,1.0601606055182744,0.25516414642333984
target2_close14,34,nominal,local2d_detector_baseline_target2_close14_seed34_nominal_cpu,mean_top80_dense4_wide,mean,80,dense4,wide,4.0,4.0,80,False,2,False,True,True,2,False,False,True,True,"80,30,3",266.0,100.0,1.1790498219065573,1.0503296852111816
target2_close14,34,nominal,local2d_detector_baseline_target2_close14_seed34_nominal_cpu,mean_top80_distinct20_baseline,mean,80,distinct20,baseline,20.0,10.0,14,False,2,True,False,True,2,False,True,False,True,"6,5,1",260.0,87.0,1.1412492226085482,0.5098700523376465
target2_close14,34,nominal,local2d_detector_baseline_target2_close14_seed34_nominal_cpu,mean_top80_distinct20_single667,mean,80,distinct20,single667,20.0,10.0,15,True,3,True,True,True,3,True,True,True,True,"5,4,2",262.0,78.0,1.0601606055182744,0.0742805004119873
target2_close14,34,nominal,local2d_detector_baseline_target2_close14_seed34_nominal_cpu,mean_top80_distinct20_wide,mean,80,distinct20,wide,20.0,10.0,11,False,2,True,False,True,2,False,True,False,True,"9,6,2",266.0,100.0,1.1790498219065573,0.8052711486816406
target2_close14,34,nominal,local2d_detector_baseline_target2_close14_seed34_nominal_cpu,mean_top80_moderate12_baseline,mean,80,moderate12,baseline,12.0,8.0,27,True,3,True,True,True,3,True,True,True,True,"14,7,1",260.0,87.0,1.1412492226085482,0.5236833095550537
target2_close14,34,nominal,local2d_detector_baseline_target2_close14_seed34_nominal_cpu,mean_top80_moderate12_single667,mean,80,moderate12,single667,12.0,8.0,28,True,3,True,True,True,3,True,True,True,True,"7,8,5",262.0,78.0,1.0601606055182744,0.08101701736450195
target2_close14,34,nominal,local2d_detector_baseline_target2_close14_seed34_nominal_cpu,mean_top80_moderate12_wide,mean,80,moderate12,wide,12.0,8.0,27,True,3,True,True,True,3,True,True,True,True,"23,11,2",266.0,100.0,1.1790498219065573,0.8218793869018555
target2_close14,34,nominal,local2d_detector_baseline_target2_close14_seed34_nominal_cpu,median_top20_dense4_baseline,median,20,dense4,baseline,4.0,4.0,20,False,2,False,True,True,2,False,False,True,True,"14,17,4",261.0,90.0,1.3151407667815873,0.5593521595001221
target2_close14,34,nominal,local2d_detector_baseline_target2_close14_seed34_nominal_cpu,median_top20_dense4_single667,median,20,dense4,single667,4.0,4.0,20,False,2,False,True,True,2,False,False,True,True,"17,3,20",262.0,78.0,1.197070046515569,0.08151412010192871
target2_close14,34,nominal,local2d_detector_baseline_target2_close14_seed34_nominal_cpu,median_top20_dense4_wide,median,20,dense4,wide,4.0,4.0,20,False,2,False,True,True,2,False,False,True,True,"17,18,11",261.0,90.0,1.3151407667815873,0.9047219753265381
target2_close14,34,nominal,local2d_detector_baseline_target2_close14_seed34_nominal_cpu,median_top20_distinct20_baseline,median,20,distinct20,baseline,20.0,10.0,13,False,2,True,False,True,2,False,True,False,True,"7,5,1",261.0,90.0,1.3151407667815873,0.5114140510559082
target2_close14,34,nominal,local2d_detector_baseline_target2_close14_seed34_nominal_cpu,median_top20_distinct20_single667,median,20,distinct20,single667,20.0,10.0,13,True,3,True,True,True,3,True,True,True,True,"4,5,2",262.0,78.0,1.197070046515569,0.07383179664611816
target2_close14,34,nominal,local2d_detector_baseline_target2_close14_seed34_nominal_cpu,median_top20_distinct20_wide,median,20,distinct20,wide,20.0,10.0,12,False,2,True,False,True,2,False,True,False,True,"10,6,1",261.0,90.0,1.3151407667815873,0.8045761585235596
target2_close14,34,nominal,local2d_detector_baseline_target2_close14_seed34_nominal_cpu,median_top20_moderate12_baseline,median,20,moderate12,baseline,12.0,8.0,20,True,3,True,True,True,3,True,True,True,True,"13,4,1",261.0,90.0,1.3151407667815873,0.5188603401184082
target2_close14,34,nominal,local2d_detector_baseline_target2_close14_seed34_nominal_cpu,median_top20_moderate12_single667,median,20,moderate12,single667,12.0,8.0,20,True,3,True,True,True,3,True,True,True,True,"8,11,7",262.0,78.0,1.197070046515569,0.07668066024780273
target2_close14,34,nominal,local2d_detector_baseline_target2_close14_seed34_nominal_cpu,median_top20_moderate12_wide,median,20,moderate12,wide,12.0,8.0,20,True,3,True,True,True,3,True,True,True,True,"19,6,1",261.0,90.0,1.3151407667815873,0.8132450580596924
target2_close14,34,nominal,local2d_detector_baseline_target2_close14_seed34_nominal_cpu,median_top40_dense4_baseline,median,40,dense4,baseline,4.0,4.0,40,False,2,False,True,True,2,False,False,True,True,"40,14,4",261.0,90.0,1.3151407667815873,0.5735399723052979
target2_close14,34,nominal,local2d_detector_baseline_target2_close14_seed34_nominal_cpu,median_top40_dense4_single667,median,40,dense4,single667,4.0,4.0,40,True,3,True,True,True,3,True,True,True,True,"29,25,28",262.0,78.0,1.197070046515569,0.10014605522155762
target2_close14,34,nominal,local2d_detector_baseline_target2_close14_seed34_nominal_cpu,median_top40_dense4_wide,median,40,dense4,wide,4.0,4.0,40,False,2,False,True,True,2,False,False,True,True,"31,18,11",261.0,90.0,1.3151407667815873,0.8969025611877441
target2_close14,34,nominal,local2d_detector_baseline_target2_close14_seed34_nominal_cpu,median_top40_distinct20_baseline,median,40,distinct20,baseline,20.0,10.0,13,False,2,True,False,True,2,False,True,False,True,"7,5,1",261.0,90.0,1.3151407667815873,0.5324385166168213
target2_close14,34,nominal,local2d_detector_baseline_target2_close14_seed34_nominal_cpu,median_top40_distinct20_single667,median,40,distinct20,single667,20.0,10.0,13,True,3,True,True,True,3,True,True,True,True,"4,5,2",262.0,78.0,1.197070046515569,0.07373857498168945
target2_close14,34,nominal,local2d_detector_baseline_target2_close14_seed34_nominal_cpu,median_top40_distinct20_wide,median,40,distinct20,wide,20.0,10.0,12,False,2,True,False,True,2,False,True,False,True,"10,6,1",261.0,90.0,1.3151407667815873,0.8046164512634277
target2_close14,34,nominal,local2d_detector_baseline_target2_close14_seed34_nominal_cpu,median_top40_moderate12_baseline,median,40,moderate12,baseline,12.0,8.0,29,True,3,True,True,True,3,True,True,True,True,"13,4,1",261.0,90.0,1.3151407667815873,0.5223038196563721
target2_close14,34,nominal,local2d_detector_baseline_target2_close14_seed34_nominal_cpu,median_top40_moderate12_single667,median,40,moderate12,single667,12.0,8.0,30,True,3,True,True,True,3,True,True,True,True,"8,11,7",262.0,78.0,1.197070046515569,0.08306694030761719
target2_close14,34,nominal,local2d_detector_baseline_target2_close14_seed34_nominal_cpu,median_top40_moderate12_wide,median,40,moderate12,wide,12.0,8.0,26,True,3,True,True,True,3,True,True,True,True,"19,6,1",261.0,90.0,1.3151407667815873,0.8169388771057129
target2_close14,34,nominal,local2d_detector_baseline_target2_close14_seed34_nominal_cpu,median_top80_dense4_baseline,median,80,dense4,baseline,4.0,4.0,80,True,3,True,True,True,3,True,True,True,True,"71,14,4",261.0,90.0,1.3151407667815873,0.7324495315551758
target2_close14,34,nominal,local2d_detector_baseline_target2_close14_seed34_nominal_cpu,median_top80_dense4_single667,median,80,dense4,single667,4.0,4.0,80,True,3,True,True,True,3,True,True,True,True,"48,25,28",262.0,78.0,1.197070046515569,0.2604830265045166
target2_close14,34,nominal,local2d_detector_baseline_target2_close14_seed34_nominal_cpu,median_top80_dense4_wide,median,80,dense4,wide,4.0,4.0,80,True,3,True,True,True,3,True,True,True,True,"80,18,11",261.0,90.0,1.3151407667815873,1.051560640335083
target2_close14,34,nominal,local2d_detector_baseline_target2_close14_seed34_nominal_cpu,median_top80_distinct20_baseline,median,80,distinct20,baseline,20.0,10.0,13,False,2,True,False,True,2,False,True,False,True,"7,5,1",261.0,90.0,1.3151407667815873,0.509702205657959
target2_close14,34,nominal,local2d_detector_baseline_target2_close14_seed34_nominal_cpu,median_top80_distinct20_single667,median,80,distinct20,single667,20.0,10.0,13,True,3,True,True,True,3,True,True,True,True,"4,5,2",262.0,78.0,1.197070046515569,0.07334733009338379
target2_close14,34,nominal,local2d_detector_baseline_target2_close14_seed34_nominal_cpu,median_top80_distinct20_wide,median,80,distinct20,wide,20.0,10.0,12,False,2,True,False,True,2,False,True,False,True,"10,6,1",261.0,90.0,1.3151407667815873,0.8013870716094971
target2_close14,34,nominal,local2d_detector_baseline_target2_close14_seed34_nominal_cpu,median_top80_moderate12_baseline,median,80,moderate12,baseline,12.0,8.0,29,True,3,True,True,True,3,True,True,True,True,"13,4,1",261.0,90.0,1.3151407667815873,0.5228242874145508
target2_close14,34,nominal,local2d_detector_baseline_target2_close14_seed34_nominal_cpu,median_top80_moderate12_single667,median,80,moderate12,single667,12.0,8.0,30,True,3,True,True,True,3,True,True,True,True,"8,11,7",262.0,78.0,1.197070046515569,0.08362793922424316
target2_close14,34,nominal,local2d_detector_baseline_target2_close14_seed34_nominal_cpu,median_top80_moderate12_wide,median,80,moderate12,wide,12.0,8.0,26,True,3,True,True,True,3,True,True,True,True,"19,6,1",261.0,90.0,1.3151407667815873,0.8141281604766846
target2_close14,34,nominal,local2d_detector_baseline_target2_close14_seed34_nominal_cpu,none_top20_dense4_baseline,none,20,dense4,baseline,4.0,4.0,20,False,2,False,True,True,2,False,False,True,True,"10,16,3",260.0,97.0,0.43858953171354603,0.5472807884216309
target2_close14,34,nominal,local2d_detector_baseline_target2_close14_seed34_nominal_cpu,none_top20_dense4_single667,none,20,dense4,single667,4.0,4.0,20,False,2,False,True,True,2,False,False,True,True,"9,18,19",250.0,84.0,0.413355992626282,0.08234214782714844
target2_close14,34,nominal,local2d_detector_baseline_target2_close14_seed34_nominal_cpu,none_top20_dense4_wide,none,20,dense4,wide,4.0,4.0,20,False,2,False,True,True,2,False,False,True,True,"20,14,7",260.0,106.0,0.4399869457410595,0.9046425819396973
target2_close14,34,nominal,local2d_detector_baseline_target2_close14_seed34_nominal_cpu,none_top20_distinct20_baseline,none,20,distinct20,baseline,20.0,10.0,10,True,3,True,True,True,3,True,True,True,True,"5,2,1",260.0,97.0,0.43858953171354603,0.5008578300476074
target2_close14,34,nominal,local2d_detector_baseline_target2_close14_seed34_nominal_cpu,none_top20_distinct20_single667,none,20,distinct20,single667,20.0,10.0,13,True,3,True,True,True,3,True,True,True,True,"5,1,3",250.0,84.0,0.413355992626282,0.07261848449707031
target2_close14,34,nominal,local2d_detector_baseline_target2_close14_seed34_nominal_cpu,none_top20_distinct20_wide,none,20,distinct20,wide,20.0,10.0,11,True,3,True,True,True,3,True,True,True,True,"10,2,3",260.0,106.0,0.4399869457410595,0.7961297035217285
target2_close14,34,nominal,local2d_detector_baseline_target2_close14_seed34_nominal_cpu,none_top20_moderate12_baseline,none,20,moderate12,baseline,12.0,8.0,20,True,3,True,True,True,3,True,True,True,True,"13,5,3",260.0,97.0,0.43858953171354603,0.5081360340118408
target2_close14,34,nominal,local2d_detector_baseline_target2_close14_seed34_nominal_cpu,none_top20_moderate12_single667,none,20,moderate12,single667,12.0,8.0,20,True,3,True,True,True,3,True,True,True,True,"13,1,6",250.0,84.0,0.413355992626282,0.0758969783782959
target2_close14,34,nominal,local2d_detector_baseline_target2_close14_seed34_nominal_cpu,none_top20_moderate12_wide,none,20,moderate12,wide,12.0,8.0,20,True,3,True,True,True,3,True,True,True,True,"19,11,8",260.0,106.0,0.4399869457410595,0.804161787033081
target2_close14,34,nominal,local2d_detector_baseline_target2_close14_seed34_nominal_cpu,none_top40_dense4_baseline,none,40,dense4,baseline,4.0,4.0,40,False,2,False,True,True,2,False,False,True,True,"24,16,3",260.0,97.0,0.43858953171354603,0.5670619010925293
target2_close14,34,nominal,local2d_detector_baseline_target2_close14_seed34_nominal_cpu,none_top40_dense4_single667,none,40,dense4,single667,4.0,4.0,40,True,3,True,True,True,3,True,True,True,True,"32,18,38",250.0,84.0,0.413355992626282,0.09862542152404785
target2_close14,34,nominal,local2d_detector_baseline_target2_close14_seed34_nominal_cpu,none_top40_dense4_wide,none,40,dense4,wide,4.0,4.0,40,False,2,False,True,True,2,False,False,True,True,"28,23,7",260.0,106.0,0.4399869457410595,0.8808226585388184
target2_close14,34,nominal,local2d_detector_baseline_target2_close14_seed34_nominal_cpu,none_top40_distinct20_baseline,none,40,distinct20,baseline,20.0,10.0,10,True,3,True,True,True,3,True,True,True,True,"5,2,1",260.0,97.0,0.43858953171354603,0.5038778781890869
target2_close14,34,nominal,local2d_detector_baseline_target2_close14_seed34_nominal_cpu,none_top40_distinct20_single667,none,40,distinct20,single667,20.0,10.0,13,True,3,True,True,True,3,True,True,True,True,"5,1,3",250.0,84.0,0.413355992626282,0.07246661186218262
target2_close14,34,nominal,local2d_detector_baseline_target2_close14_seed34_nominal_cpu,none_top40_distinct20_wide,none,40,distinct20,wide,20.0,10.0,11,True,3,True,True,True,3,True,True,True,True,"10,2,3",260.0,106.0,0.4399869457410595,0.8197360038757324
target2_close14,34,nominal,local2d_detector_baseline_target2_close14_seed34_nominal_cpu,none_top40_moderate12_baseline,none,40,moderate12,baseline,12.0,8.0,26,True,3,True,True,True,3,True,True,True,True,"13,5,3",260.0,97.0,0.43858953171354603,0.5133776664733887
target2_close14,34,nominal,local2d_detector_baseline_target2_close14_seed34_nominal_cpu,none_top40_moderate12_single667,none,40,moderate12,single667,12.0,8.0,28,True,3,True,True,True,3,True,True,True,True,"13,1,6",250.0,84.0,0.413355992626282,0.07983946800231934
target2_close14,34,nominal,local2d_detector_baseline_target2_close14_seed34_nominal_cpu,none_top40_moderate12_wide,none,40,moderate12,wide,12.0,8.0,26,True,3,True,True,True,3,True,True,True,True,"19,11,8",260.0,106.0,0.4399869457410595,0.8086082935333252
target2_close14,34,nominal,local2d_detector_baseline_target2_close14_seed34_nominal_cpu,none_top80_dense4_baseline,none,80,dense4,baseline,4.0,4.0,80,True,3,True,True,True,3,True,True,True,True,"62,16,3",260.0,97.0,0.43858953171354603,0.7257823944091797
target2_close14,34,nominal,local2d_detector_baseline_target2_close14_seed34_nominal_cpu,none_top80_dense4_single667,none,80,dense4,single667,4.0,4.0,80,True,3,True,True,True,3,True,True,True,True,"42,18,38",250.0,84.0,0.413355992626282,0.2562236785888672
target2_close14,34,nominal,local2d_detector_baseline_target2_close14_seed34_nominal_cpu,none_top80_dense4_wide,none,80,dense4,wide,4.0,4.0,80,False,2,False,True,True,2,False,False,True,True,"78,43,7",260.0,106.0,0.4399869457410595,1.0448863506317139
target2_close14,34,nominal,local2d_detector_baseline_target2_close14_seed34_nominal_cpu,none_top80_distinct20_baseline,none,80,distinct20,baseline,20.0,10.0,10,True,3,True,True,True,3,True,True,True,True,"5,2,1",260.0,97.0,0.43858953171354603,0.5056312084197998
target2_close14,34,nominal,local2d_detector_baseline_target2_close14_seed34_nominal_cpu,none_top80_distinct20_single667,none,80,distinct20,single667,20.0,10.0,13,True,3,True,True,True,3,True,True,True,True,"5,1,3",250.0,84.0,0.413355992626282,0.0728759765625
target2_close14,34,nominal,local2d_detector_baseline_target2_close14_seed34_nominal_cpu,none_top80_distinct20_wide,none,80,distinct20,wide,20.0,10.0,11,True,3,True,True,True,3,True,True,True,True,"10,2,3",260.0,106.0,0.4399869457410595,0.8006212711334229
target2_close14,34,nominal,local2d_detector_baseline_target2_close14_seed34_nominal_cpu,none_top80_moderate12_baseline,none,80,moderate12,baseline,12.0,8.0,26,True,3,True,True,True,3,True,True,True,True,"13,5,3",260.0,97.0,0.43858953171354603,0.5182502269744873
target2_close14,34,nominal,local2d_detector_baseline_target2_close14_seed34_nominal_cpu,none_top80_moderate12_single667,none,80,moderate12,single667,12.0,8.0,28,True,3,True,True,True,3,True,True,True,True,"13,1,6",250.0,84.0,0.413355992626282,0.08103251457214355
target2_close14,34,nominal,local2d_detector_baseline_target2_close14_seed34_nominal_cpu,none_top80_moderate12_wide,none,80,moderate12,wide,12.0,8.0,26,True,3,True,True,True,3,True,True,True,True,"19,11,8",260.0,106.0,0.4399869457410595,0.8109171390533447
target2_close14,34,source_mismatch,local2d_detector_baseline_target2_close14_seed34_source_mismatch_cpu,mean_top20_dense4_baseline,mean,20,dense4,baseline,4.0,4.0,20,False,2,False,True,True,2,False,False,True,True,"5,17,14",261.0,83.0,1.0774586152267631,0.5525100231170654
target2_close14,34,source_mismatch,local2d_detector_baseline_target2_close14_seed34_source_mismatch_cpu,mean_top20_dense4_single667,mean,20,dense4,single667,4.0,4.0,20,False,1,False,True,False,1,False,False,True,False,"19,15,9",260.0,75.0,0.9195805747816219,0.08024835586547852
target2_close14,34,source_mismatch,local2d_detector_baseline_target2_close14_seed34_source_mismatch_cpu,mean_top20_dense4_wide,mean,20,dense4,wide,4.0,4.0,20,False,2,False,True,True,2,False,False,True,True,"17,20,2",264.0,95.0,1.1656167964749746,0.8934063911437988
target2_close14,34,source_mismatch,local2d_detector_baseline_target2_close14_seed34_source_mismatch_cpu,mean_top20_distinct20_baseline,mean,20,distinct20,baseline,20.0,10.0,13,False,2,True,False,True,2,False,True,False,True,"4,5,3",261.0,83.0,1.0774586152267631,0.5088858604431152
target2_close14,34,source_mismatch,local2d_detector_baseline_target2_close14_seed34_source_mismatch_cpu,mean_top20_distinct20_single667,mean,20,distinct20,single667,20.0,10.0,17,False,2,True,True,False,2,False,True,True,False,"7,5,4",260.0,75.0,0.9195805747816219,0.07359623908996582
target2_close14,34,source_mismatch,local2d_detector_baseline_target2_close14_seed34_source_mismatch_cpu,mean_top20_distinct20_wide,mean,20,distinct20,wide,20.0,10.0,12,False,2,True,False,True,2,False,True,False,True,"7,2,1",264.0,95.0,1.1656167964749746,0.7989623546600342
target2_close14,34,source_mismatch,local2d_detector_baseline_target2_close14_seed34_source_mismatch_cpu,mean_top20_moderate12_baseline,mean,20,moderate12,baseline,12.0,8.0,20,True,3,True,True,True,3,True,True,True,True,"14,12,6",261.0,83.0,1.0774586152267631,0.5155272483825684
target2_close14,34,source_mismatch,local2d_detector_baseline_target2_close14_seed34_source_mismatch_cpu,mean_top20_moderate12_single667,mean,20,moderate12,single667,12.0,8.0,20,False,2,True,True,False,2,False,True,True,False,"11,4,6",260.0,75.0,0.9195805747816219,0.07493281364440918
target2_close14,34,source_mismatch,local2d_detector_baseline_target2_close14_seed34_source_mismatch_cpu,mean_top20_moderate12_wide,mean,20,moderate12,wide,12.0,8.0,20,True,3,True,True,True,3,True,True,True,True,"16,8,1",264.0,95.0,1.1656167964749746,0.8097584247589111
target2_close14,34,source_mismatch,local2d_detector_baseline_target2_close14_seed34_source_mismatch_cpu,mean_top40_dense4_baseline,mean,40,dense4,baseline,4.0,4.0,40,True,3,True,True,True,3,True,True,True,True,"39,33,14",261.0,83.0,1.0774586152267631,0.5728974342346191
target2_close14,34,source_mismatch,local2d_detector_baseline_target2_close14_seed34_source_mismatch_cpu,mean_top40_dense4_single667,mean,40,dense4,single667,4.0,4.0,40,True,3,True,True,True,3,True,True,True,True,"39,22,34",260.0,75.0,0.9195805747816219,0.09940648078918457
target2_close14,34,source_mismatch,local2d_detector_baseline_target2_close14_seed34_source_mismatch_cpu,mean_top40_dense4_wide,mean,40,dense4,wide,4.0,4.0,40,False,2,False,True,True,2,False,False,True,True,"38,20,2",264.0,95.0,1.1656167964749746,0.8923544883728027
target2_close14,34,source_mismatch,local2d_detector_baseline_target2_close14_seed34_source_mismatch_cpu,mean_top40_distinct20_baseline,mean,40,distinct20,baseline,20.0,10.0,13,False,2,True,False,True,2,False,True,False,True,"4,5,3",261.0,83.0,1.0774586152267631,0.5227751731872559
target2_close14,34,source_mismatch,local2d_detector_baseline_target2_close14_seed34_source_mismatch_cpu,mean_top40_distinct20_single667,mean,40,distinct20,single667,20.0,10.0,17,False,2,True,True,False,2,False,True,True,False,"7,5,4",260.0,75.0,0.9195805747816219,0.07393026351928711
target2_close14,34,source_mismatch,local2d_detector_baseline_target2_close14_seed34_source_mismatch_cpu,mean_top40_distinct20_wide,mean,40,distinct20,wide,20.0,10.0,12,False,2,True,False,True,2,False,True,False,True,"7,2,1",264.0,95.0,1.1656167964749746,0.7986941337585449
target2_close14,34,source_mismatch,local2d_detector_baseline_target2_close14_seed34_source_mismatch_cpu,mean_top40_moderate12_baseline,mean,40,moderate12,baseline,12.0,8.0,30,True,3,True,True,True,3,True,True,True,True,"14,12,6",261.0,83.0,1.0774586152267631,0.5199882984161377
target2_close14,34,source_mismatch,local2d_detector_baseline_target2_close14_seed34_source_mismatch_cpu,mean_top40_moderate12_single667,mean,40,moderate12,single667,12.0,8.0,30,True,3,True,True,True,3,True,True,True,True,"22,25,21",260.0,75.0,0.9195805747816219,0.08259439468383789
target2_close14,34,source_mismatch,local2d_detector_baseline_target2_close14_seed34_source_mismatch_cpu,mean_top40_moderate12_wide,mean,40,moderate12,wide,12.0,8.0,27,True,3,True,True,True,3,True,True,True,True,"16,8,1",264.0,95.0,1.1656167964749746,0.813035249710083
target2_close14,34,source_mismatch,local2d_detector_baseline_target2_close14_seed34_source_mismatch_cpu,mean_top80_dense4_baseline,mean,80,dense4,baseline,4.0,4.0,80,True,3,True,True,True,3,True,True,True,True,"55,33,14",261.0,83.0,1.0774586152267631,0.7289762496948242
target2_close14,34,source_mismatch,local2d_detector_baseline_target2_close14_seed34_source_mismatch_cpu,mean_top80_dense4_single667,mean,80,dense4,single667,4.0,4.0,80,True,3,True,True,True,3,True,True,True,True,"68,53,34",260.0,75.0,0.9195805747816219,0.2556445598602295
target2_close14,34,source_mismatch,local2d_detector_baseline_target2_close14_seed34_source_mismatch_cpu,mean_top80_dense4_wide,mean,80,dense4,wide,4.0,4.0,80,True,3,True,True,True,3,True,True,True,True,"71,20,2",264.0,95.0,1.1656167964749746,1.0501439571380615
target2_close14,34,source_mismatch,local2d_detector_baseline_target2_close14_seed34_source_mismatch_cpu,mean_top80_distinct20_baseline,mean,80,distinct20,baseline,20.0,10.0,13,False,2,True,False,True,2,False,True,False,True,"4,5,3",261.0,83.0,1.0774586152267631,0.5076642036437988
target2_close14,34,source_mismatch,local2d_detector_baseline_target2_close14_seed34_source_mismatch_cpu,mean_top80_distinct20_single667,mean,80,distinct20,single667,20.0,10.0,17,False,2,True,True,False,2,False,True,True,False,"7,5,4",260.0,75.0,0.9195805747816219,0.07420587539672852
target2_close14,34,source_mismatch,local2d_detector_baseline_target2_close14_seed34_source_mismatch_cpu,mean_top80_distinct20_wide,mean,80,distinct20,wide,20.0,10.0,12,False,2,True,False,True,2,False,True,False,True,"7,2,1",264.0,95.0,1.1656167964749746,0.7947683334350586
target2_close14,34,source_mismatch,local2d_detector_baseline_target2_close14_seed34_source_mismatch_cpu,mean_top80_moderate12_baseline,mean,80,moderate12,baseline,12.0,8.0,30,True,3,True,True,True,3,True,True,True,True,"14,12,6",261.0,83.0,1.0774586152267631,0.5246102809906006
target2_close14,34,source_mismatch,local2d_detector_baseline_target2_close14_seed34_source_mismatch_cpu,mean_top80_moderate12_single667,mean,80,moderate12,single667,12.0,8.0,30,True,3,True,True,True,3,True,True,True,True,"22,25,21",260.0,75.0,0.9195805747816219,0.08405780792236328
target2_close14,34,source_mismatch,local2d_detector_baseline_target2_close14_seed34_source_mismatch_cpu,mean_top80_moderate12_wide,mean,80,moderate12,wide,12.0,8.0,27,True,3,True,True,True,3,True,True,True,True,"16,8,1",264.0,95.0,1.1656167964749746,0.8159244060516357
target2_close14,34,source_mismatch,local2d_detector_baseline_target2_close14_seed34_source_mismatch_cpu,median_top20_dense4_baseline,median,20,dense4,baseline,4.0,4.0,20,False,2,False,True,True,2,False,False,True,True,"20,14,15",260.0,79.0,1.246464870751656,0.5554916858673096
target2_close14,34,source_mismatch,local2d_detector_baseline_target2_close14_seed34_source_mismatch_cpu,median_top20_dense4_single667,median,20,dense4,single667,4.0,4.0,20,False,0,False,False,False,0,False,False,False,False,"15,12,10",252.0,75.0,1.0592192964591531,0.08215570449829102
target2_close14,34,source_mismatch,local2d_detector_baseline_target2_close14_seed34_source_mismatch_cpu,median_top20_dense4_wide,median,20,dense4,wide,4.0,4.0,20,False,2,False,True,True,2,False,False,True,True,"12,10,3",260.0,93.0,1.3371309708856807,0.8896236419677734
target2_close14,34,source_mismatch,local2d_detector_baseline_target2_close14_seed34_source_mismatch_cpu,median_top20_distinct20_baseline,median,20,distinct20,baseline,20.0,10.0,13,False,2,True,False,True,2,False,True,False,True,"4,11,2",260.0,79.0,1.246464870751656,0.507744550704956
target2_close14,34,source_mismatch,local2d_detector_baseline_target2_close14_seed34_source_mismatch_cpu,median_top20_distinct20_single667,median,20,distinct20,single667,20.0,10.0,16,True,3,True,True,True,3,True,True,True,True,"6,5,7",252.0,75.0,1.0592192964591531,0.0745997428894043
target2_close14,34,source_mismatch,local2d_detector_baseline_target2_close14_seed34_source_mismatch_cpu,median_top20_distinct20_wide,median,20,distinct20,wide,20.0,10.0,12,False,2,True,False,True,2,False,True,False,True,"6,7,1",260.0,93.0,1.3371309708856807,0.7969663143157959
target2_close14,34,source_mismatch,local2d_detector_baseline_target2_close14_seed34_source_mismatch_cpu,median_top20_moderate12_baseline,median,20,moderate12,baseline,12.0,8.0,20,True,3,True,True,True,3,True,True,True,True,"8,6,2",260.0,79.0,1.246464870751656,0.5127851963043213
target2_close14,34,source_mismatch,local2d_detector_baseline_target2_close14_seed34_source_mismatch_cpu,median_top20_moderate12_single667,median,20,moderate12,single667,12.0,8.0,20,True,3,True,True,True,3,True,True,True,True,"20,19,9",252.0,75.0,1.0592192964591531,0.07580876350402832
target2_close14,34,source_mismatch,local2d_detector_baseline_target2_close14_seed34_source_mismatch_cpu,median_top20_moderate12_wide,median,20,moderate12,wide,12.0,8.0,20,True,3,True,True,True,3,True,True,True,True,"13,7,1",260.0,93.0,1.3371309708856807,0.809058666229248
target2_close14,34,source_mismatch,local2d_detector_baseline_target2_close14_seed34_source_mismatch_cpu,median_top40_dense4_baseline,median,40,dense4,baseline,4.0,4.0,40,True,3,True,True,True,3,True,True,True,True,"31,14,23",260.0,79.0,1.246464870751656,0.5732574462890625
target2_close14,34,source_mismatch,local2d_detector_baseline_target2_close14_seed34_source_mismatch_cpu,median_top40_dense4_single667,median,40,dense4,single667,4.0,4.0,40,False,1,False,True,False,2,False,False,True,True,"22,27,36",252.0,75.0,1.0592192964591531,0.1006467342376709
target2_close14,34,source_mismatch,local2d_detector_baseline_target2_close14_seed34_source_mismatch_cpu,median_top40_dense4_wide,median,40,dense4,wide,4.0,4.0,40,False,2,False,True,True,2,False,False,True,True,"33,10,3",260.0,93.0,1.3371309708856807,0.8923964500427246
target2_close14,34,source_mismatch,local2d_detector_baseline_target2_close14_seed34_source_mismatch_cpu,median_top40_distinct20_baseline,median,40,distinct20,baseline,20.0,10.0,13,False,2,True,False,True,2,False,True,False,True,"4,11,2",260.0,79.0,1.246464870751656,0.5243465900421143
target2_close14,34,source_mismatch,local2d_detector_baseline_target2_close14_seed34_source_mismatch_cpu,median_top40_distinct20_single667,median,40,distinct20,single667,20.0,10.0,16,True,3,True,True,True,3,True,True,True,True,"6,5,7",252.0,75.0,1.0592192964591531,0.07409334182739258
target2_close14,34,source_mismatch,local2d_detector_baseline_target2_close14_seed34_source_mismatch_cpu,median_top40_distinct20_wide,median,40,distinct20,wide,20.0,10.0,12,False,2,True,False,True,2,False,True,False,True,"6,7,1",260.0,93.0,1.3371309708856807,0.7991914749145508
target2_close14,34,source_mismatch,local2d_detector_baseline_target2_close14_seed34_source_mismatch_cpu,median_top40_moderate12_baseline,median,40,moderate12,baseline,12.0,8.0,29,True,3,True,True,True,3,True,True,True,True,"8,6,2",260.0,79.0,1.246464870751656,0.5183038711547852
target2_close14,34,source_mismatch,local2d_detector_baseline_target2_close14_seed34_source_mismatch_cpu,median_top40_moderate12_single667,median,40,moderate12,single667,12.0,8.0,31,True,3,True,True,True,3,True,True,True,True,"20,19,9",252.0,75.0,1.0592192964591531,0.0829164981842041
target2_close14,34,source_mismatch,local2d_detector_baseline_target2_close14_seed34_source_mismatch_cpu,median_top40_moderate12_wide,median,40,moderate12,wide,12.0,8.0,29,True,3,True,True,True,3,True,True,True,True,"13,7,1",260.0,93.0,1.3371309708856807,0.8107602596282959
target2_close14,34,source_mismatch,local2d_detector_baseline_target2_close14_seed34_source_mismatch_cpu,median_top80_dense4_baseline,median,80,dense4,baseline,4.0,4.0,80,True,3,True,True,True,3,True,True,True,True,"42,14,23",260.0,79.0,1.246464870751656,0.733212947845459
target2_close14,34,source_mismatch,local2d_detector_baseline_target2_close14_seed34_source_mismatch_cpu,median_top80_dense4_single667,median,80,dense4,single667,4.0,4.0,80,True,3,True,True,True,3,True,True,True,True,"43,79,44",252.0,75.0,1.0592192964591531,0.2535855770111084
target2_close14,34,source_mismatch,local2d_detector_baseline_target2_close14_seed34_source_mismatch_cpu,median_top80_dense4_wide,median,80,dense4,wide,4.0,4.0,80,True,3,True,True,True,3,True,True,True,True,"64,10,3",260.0,93.0,1.3371309708856807,1.0508129596710205
target2_close14,34,source_mismatch,local2d_detector_baseline_target2_close14_seed34_source_mismatch_cpu,median_top80_distinct20_baseline,median,80,distinct20,baseline,20.0,10.0,13,False,2,True,False,True,2,False,True,False,True,"4,11,2",260.0,79.0,1.246464870751656,0.5113189220428467
target2_close14,34,source_mismatch,local2d_detector_baseline_target2_close14_seed34_source_mismatch_cpu,median_top80_distinct20_single667,median,80,distinct20,single667,20.0,10.0,16,True,3,True,True,True,3,True,True,True,True,"6,5,7",252.0,75.0,1.0592192964591531,0.07456064224243164
target2_close14,34,source_mismatch,local2d_detector_baseline_target2_close14_seed34_source_mismatch_cpu,median_top80_distinct20_wide,median,80,distinct20,wide,20.0,10.0,12,False,2,True,False,True,2,False,True,False,True,"6,7,1",260.0,93.0,1.3371309708856807,0.8021748065948486
target2_close14,34,source_mismatch,local2d_detector_baseline_target2_close14_seed34_source_mismatch_cpu,median_top80_moderate12_baseline,median,80,moderate12,baseline,12.0,8.0,29,True,3,True,True,True,3,True,True,True,True,"8,6,2",260.0,79.0,1.246464870751656,0.5227859020233154
target2_close14,34,source_mismatch,local2d_detector_baseline_target2_close14_seed34_source_mismatch_cpu,median_top80_moderate12_single667,median,80,moderate12,single667,12.0,8.0,31,True,3,True,True,True,3,True,True,True,True,"20,19,9",252.0,75.0,1.0592192964591531,0.08458542823791504
target2_close14,34,source_mismatch,local2d_detector_baseline_target2_close14_seed34_source_mismatch_cpu,median_top80_moderate12_wide,median,80,moderate12,wide,12.0,8.0,29,True,3,True,True,True,3,True,True,True,True,"13,7,1",260.0,93.0,1.3371309708856807,0.8148279190063477
target2_close14,34,source_mismatch,local2d_detector_baseline_target2_close14_seed34_source_mismatch_cpu,none_top20_dense4_baseline,none,20,dense4,baseline,4.0,4.0,20,False,2,False,True,True,2,False,False,True,True,"15,20,11",256.0,86.0,0.4462333618375264,0.5526995658874512
target2_close14,34,source_mismatch,local2d_detector_baseline_target2_close14_seed34_source_mismatch_cpu,none_top20_dense4_single667,none,20,dense4,single667,4.0,4.0,20,False,1,False,True,False,1,False,False,True,False,"19,15,11",252.0,75.0,0.4084671611458566,0.09793281555175781
target2_close14,34,source_mismatch,local2d_detector_baseline_target2_close14_seed34_source_mismatch_cpu,none_top20_dense4_wide,none,20,dense4,wide,4.0,4.0,20,False,2,False,True,True,2,False,False,True,True,"13,6,8",257.0,95.0,0.4764339594803108,0.8959798812866211
target2_close14,34,source_mismatch,local2d_detector_baseline_target2_close14_seed34_source_mismatch_cpu,none_top20_distinct20_baseline,none,20,distinct20,baseline,20.0,10.0,13,True,3,True,True,True,3,True,True,True,True,"6,5,1",256.0,86.0,0.4462333618375264,0.4994230270385742
target2_close14,34,source_mismatch,local2d_detector_baseline_target2_close14_seed34_source_mismatch_cpu,none_top20_distinct20_single667,none,20,distinct20,single667,20.0,10.0,13,True,3,True,True,True,3,True,True,True,True,"9,5,8",252.0,75.0,0.4084671611458566,0.07218408584594727
target2_close14,34,source_mismatch,local2d_detector_baseline_target2_close14_seed34_source_mismatch_cpu,none_top20_distinct20_wide,none,20,distinct20,wide,20.0,10.0,11,True,3,True,True,True,3,True,True,True,True,"6,1,2",257.0,95.0,0.4764339594803108,0.7888319492340088
target2_close14,34,source_mismatch,local2d_detector_baseline_target2_close14_seed34_source_mismatch_cpu,none_top20_moderate12_baseline,none,20,moderate12,baseline,12.0,8.0,20,True,3,True,True,True,3,True,True,True,True,"9,7,4",256.0,86.0,0.4462333618375264,0.508833646774292
target2_close14,34,source_mismatch,local2d_detector_baseline_target2_close14_seed34_source_mismatch_cpu,none_top20_moderate12_single667,none,20,moderate12,single667,12.0,8.0,20,False,2,True,True,False,2,False,True,True,False,"11,19,2",252.0,75.0,0.4084671611458566,0.07512521743774414
target2_close14,34,source_mismatch,local2d_detector_baseline_target2_close14_seed34_source_mismatch_cpu,none_top20_moderate12_wide,none,20,moderate12,wide,12.0,8.0,20,True,3,True,True,True,3,True,True,True,True,"14,6,2",257.0,95.0,0.4764339594803108,0.800426721572876
target2_close14,34,source_mismatch,local2d_detector_baseline_target2_close14_seed34_source_mismatch_cpu,none_top40_dense4_baseline,none,40,dense4,baseline,4.0,4.0,40,False,2,False,True,True,2,False,False,True,True,"32,20,11",256.0,86.0,0.4462333618375264,0.5707087516784668
target2_close14,34,source_mismatch,local2d_detector_baseline_target2_close14_seed34_source_mismatch_cpu,none_top40_dense4_single667,none,40,dense4,single667,4.0,4.0,40,True,3,True,True,True,3,True,True,True,True,"40,15,32",252.0,75.0,0.4084671611458566,0.09888315200805664
target2_close14,34,source_mismatch,local2d_detector_baseline_target2_close14_seed34_source_mismatch_cpu,none_top40_dense4_wide,none,40,dense4,wide,4.0,4.0,40,False,2,False,True,True,2,False,False,True,True,"30,6,8",257.0,95.0,0.4764339594803108,0.8789465427398682
target2_close14,34,source_mismatch,local2d_detector_baseline_target2_close14_seed34_source_mismatch_cpu,none_top40_distinct20_baseline,none,40,distinct20,baseline,20.0,10.0,13,True,3,True,True,True,3,True,True,True,True,"6,5,1",256.0,86.0,0.4462333618375264,0.5034220218658447
target2_close14,34,source_mismatch,local2d_detector_baseline_target2_close14_seed34_source_mismatch_cpu,none_top40_distinct20_single667,none,40,distinct20,single667,20.0,10.0,13,True,3,True,True,True,3,True,True,True,True,"9,5,8",252.0,75.0,0.4084671611458566,0.0723729133605957
target2_close14,34,source_mismatch,local2d_detector_baseline_target2_close14_seed34_source_mismatch_cpu,none_top40_distinct20_wide,none,40,distinct20,wide,20.0,10.0,11,True,3,True,True,True,3,True,True,True,True,"6,1,2",257.0,95.0,0.4764339594803108,0.8118240833282471
target2_close14,34,source_mismatch,local2d_detector_baseline_target2_close14_seed34_source_mismatch_cpu,none_top40_moderate12_baseline,none,40,moderate12,baseline,12.0,8.0,28,True,3,True,True,True,3,True,True,True,True,"9,7,4",256.0,86.0,0.4462333618375264,0.5139374732971191
target2_close14,34,source_mismatch,local2d_detector_baseline_target2_close14_seed34_source_mismatch_cpu,none_top40_moderate12_single667,none,40,moderate12,single667,12.0,8.0,29,True,3,True,True,True,3,True,True,True,True,"11,19,25",252.0,75.0,0.4084671611458566,0.08043861389160156
target2_close14,34,source_mismatch,local2d_detector_baseline_target2_close14_seed34_source_mismatch_cpu,none_top40_moderate12_wide,none,40,moderate12,wide,12.0,8.0,26,True,3,True,True,True,3,True,True,True,True,"14,6,2",257.0,95.0,0.4764339594803108,0.8054373264312744
target2_close14,34,source_mismatch,local2d_detector_baseline_target2_close14_seed34_source_mismatch_cpu,none_top80_dense4_baseline,none,80,dense4,baseline,4.0,4.0,80,True,3,True,True,True,3,True,True,True,True,"47,20,11",256.0,86.0,0.4462333618375264,0.7250595092773438
target2_close14,34,source_mismatch,local2d_detector_baseline_target2_close14_seed34_source_mismatch_cpu,none_top80_dense4_single667,none,80,dense4,single667,4.0,4.0,80,True,3,True,True,True,3,True,True,True,True,"40,55,32",252.0,75.0,0.4084671611458566,0.2578272819519043
target2_close14,34,source_mismatch,local2d_detector_baseline_target2_close14_seed34_source_mismatch_cpu,none_top80_dense4_wide,none,80,dense4,wide,4.0,4.0,80,True,3,True,True,True,3,True,True,True,True,"70,6,8",257.0,95.0,0.4764339594803108,1.0396034717559814
target2_close14,34,source_mismatch,local2d_detector_baseline_target2_close14_seed34_source_mismatch_cpu,none_top80_distinct20_baseline,none,80,distinct20,baseline,20.0,10.0,13,True,3,True,True,True,3,True,True,True,True,"6,5,1",256.0,86.0,0.4462333618375264,0.5057663917541504
target2_close14,34,source_mismatch,local2d_detector_baseline_target2_close14_seed34_source_mismatch_cpu,none_top80_distinct20_single667,none,80,distinct20,single667,20.0,10.0,13,True,3,True,True,True,3,True,True,True,True,"9,5,8",252.0,75.0,0.4084671611458566,0.07251572608947754
target2_close14,34,source_mismatch,local2d_detector_baseline_target2_close14_seed34_source_mismatch_cpu,none_top80_distinct20_wide,none,80,distinct20,wide,20.0,10.0,11,True,3,True,True,True,3,True,True,True,True,"6,1,2",257.0,95.0,0.4764339594803108,0.7944605350494385
target2_close14,34,source_mismatch,local2d_detector_baseline_target2_close14_seed34_source_mismatch_cpu,none_top80_moderate12_baseline,none,80,moderate12,baseline,12.0,8.0,28,True,3,True,True,True,3,True,True,True,True,"9,7,4",256.0,86.0,0.4462333618375264,0.5158863067626953
target2_close14,34,source_mismatch,local2d_detector_baseline_target2_close14_seed34_source_mismatch_cpu,none_top80_moderate12_single667,none,80,moderate12,single667,12.0,8.0,29,True,3,True,True,True,3,True,True,True,True,"11,19,25",252.0,75.0,0.4084671611458566,0.0813291072845459
target2_close14,34,source_mismatch,local2d_detector_baseline_target2_close14_seed34_source_mismatch_cpu,none_top80_moderate12_wide,none,80,moderate12,wide,12.0,8.0,26,True,3,True,True,True,3,True,True,True,True,"14,6,2",257.0,95.0,0.4764339594803108,0.8050723075866699
target2_close50_linear29p5,13,nominal,local2d_detector_baseline_target2_close50_linear29p5_seed13_nominal_cpu,mean_top20_dense4_baseline,mean,20,dense4,baseline,4.0,4.0,20,False,1,False,True,False,1,False,False,True,False,"19,11,17",270.0,77.0,1.0569710159683996,0.7969949245452881
target2_close50_linear29p5,13,nominal,local2d_detector_baseline_target2_close50_linear29p5_seed13_nominal_cpu,mean_top20_dense4_single667,mean,20,dense4,single667,4.0,4.0,20,False,1,False,True,False,1,False,False,True,False,"16,11,18",257.0,78.0,0.983350391000211,0.11581587791442871
target2_close50_linear29p5,13,nominal,local2d_detector_baseline_target2_close50_linear29p5_seed13_nominal_cpu,mean_top20_dense4_wide,mean,20,dense4,wide,4.0,4.0,20,False,1,False,True,False,1,False,False,True,False,"13,20,12",274.0,78.0,1.0909870667941153,1.2852449417114258
target2_close50_linear29p5,13,nominal,local2d_detector_baseline_target2_close50_linear29p5_seed13_nominal_cpu,mean_top20_distinct20_baseline,mean,20,distinct20,baseline,20.0,10.0,17,True,3,True,True,True,3,True,True,True,True,"15,3,8",270.0,77.0,1.0569710159683996,0.713543176651001
target2_close50_linear29p5,13,nominal,local2d_detector_baseline_target2_close50_linear29p5_seed13_nominal_cpu,mean_top20_distinct20_single667,mean,20,distinct20,single667,20.0,10.0,20,True,3,True,True,True,3,True,True,True,True,"20,2,8",257.0,78.0,0.983350391000211,0.10437202453613281
target2_close50_linear29p5,13,nominal,local2d_detector_baseline_target2_close50_linear29p5_seed13_nominal_cpu,mean_top20_distinct20_wide,mean,20,distinct20,wide,20.0,10.0,19,False,1,False,True,False,1,False,False,True,False,"17,5,15",274.0,78.0,1.0909870667941153,1.136561632156372
target2_close50_linear29p5,13,nominal,local2d_detector_baseline_target2_close50_linear29p5_seed13_nominal_cpu,mean_top20_moderate12_baseline,mean,20,moderate12,baseline,12.0,8.0,20,False,2,False,True,True,2,False,False,True,True,"19,2,18",270.0,77.0,1.0569710159683996,0.7237300872802734
target2_close50_linear29p5,13,nominal,local2d_detector_baseline_target2_close50_linear29p5_seed13_nominal_cpu,mean_top20_moderate12_single667,mean,20,moderate12,single667,12.0,8.0,20,False,2,False,True,True,2,False,False,True,True,"10,2,15",257.0,78.0,0.983350391000211,0.11360549926757812
target2_close50_linear29p5,13,nominal,local2d_detector_baseline_target2_close50_linear29p5_seed13_nominal_cpu,mean_top20_moderate12_wide,mean,20,moderate12,wide,12.0,8.0,20,False,1,False,True,False,1,False,False,True,False,"20,8,12",274.0,78.0,1.0909870667941153,1.1392452716827393
target2_close50_linear29p5,13,nominal,local2d_detector_baseline_target2_close50_linear29p5_seed13_nominal_cpu,mean_top40_dense4_baseline,mean,40,dense4,baseline,4.0,4.0,40,False,1,False,True,False,1,False,False,True,False,"34,11,29",270.0,77.0,1.0569710159683996,0.8376436233520508
target2_close50_linear29p5,13,nominal,local2d_detector_baseline_target2_close50_linear29p5_seed13_nominal_cpu,mean_top40_dense4_single667,mean,40,dense4,single667,4.0,4.0,40,False,1,False,True,False,1,False,False,True,False,"24,11,33",257.0,78.0,0.983350391000211,0.13848328590393066
target2_close50_linear29p5,13,nominal,local2d_detector_baseline_target2_close50_linear29p5_seed13_nominal_cpu,mean_top40_dense4_wide,mean,40,dense4,wide,4.0,4.0,40,False,1,False,True,False,1,False,False,True,False,"35,24,38",274.0,78.0,1.0909870667941153,1.316603183746338
target2_close50_linear29p5,13,nominal,local2d_detector_baseline_target2_close50_linear29p5_seed13_nominal_cpu,mean_top40_distinct20_baseline,mean,40,distinct20,baseline,20.0,10.0,17,True,3,True,True,True,3,True,True,True,True,"15,3,8",270.0,77.0,1.0569710159683996,0.7262921333312988
target2_close50_linear29p5,13,nominal,local2d_detector_baseline_target2_close50_linear29p5_seed13_nominal_cpu,mean_top40_distinct20_single667,mean,40,distinct20,single667,20.0,10.0,21,True,3,True,True,True,3,True,True,True,True,"20,2,8",257.0,78.0,0.983350391000211,0.1069483757019043
target2_close50_linear29p5,13,nominal,local2d_detector_baseline_target2_close50_linear29p5_seed13_nominal_cpu,mean_top40_distinct20_wide,mean,40,distinct20,wide,20.0,10.0,19,False,1,False,True,False,1,False,False,True,False,"17,5,15",274.0,78.0,1.0909870667941153,1.1446914672851562
target2_close50_linear29p5,13,nominal,local2d_detector_baseline_target2_close50_linear29p5_seed13_nominal_cpu,mean_top40_moderate12_baseline,mean,40,moderate12,baseline,12.0,8.0,36,True,3,True,True,True,3,True,True,True,True,"29,2,24",270.0,77.0,1.0569710159683996,0.7465386390686035
target2_close50_linear29p5,13,nominal,local2d_detector_baseline_target2_close50_linear29p5_seed13_nominal_cpu,mean_top40_moderate12_single667,mean,40,moderate12,single667,12.0,8.0,36,True,3,True,True,True,3,True,True,True,True,"35,2,15",257.0,78.0,0.983350391000211,0.12158918380737305
target2_close50_linear29p5,13,nominal,local2d_detector_baseline_target2_close50_linear29p5_seed13_nominal_cpu,mean_top40_moderate12_wide,mean,40,moderate12,wide,12.0,8.0,35,True,3,True,True,True,3,True,True,True,True,"31,8,23",274.0,78.0,1.0909870667941153,1.1750459671020508
target2_close50_linear29p5,13,nominal,local2d_detector_baseline_target2_close50_linear29p5_seed13_nominal_cpu,mean_top80_dense4_baseline,mean,80,dense4,baseline,4.0,4.0,80,False,2,False,True,True,2,False,False,True,True,"77,11,74",270.0,77.0,1.0569710159683996,0.986964225769043
target2_close50_linear29p5,13,nominal,local2d_detector_baseline_target2_close50_linear29p5_seed13_nominal_cpu,mean_top80_dense4_single667,mean,80,dense4,single667,4.0,4.0,80,False,2,False,True,True,2,False,False,True,True,"56,11,62",257.0,78.0,0.983350391000211,0.2954850196838379
target2_close50_linear29p5,13,nominal,local2d_detector_baseline_target2_close50_linear29p5_seed13_nominal_cpu,mean_top80_dense4_wide,mean,80,dense4,wide,4.0,4.0,80,False,1,False,True,False,1,False,False,True,False,"80,24,75",274.0,78.0,1.0909870667941153,1.468827486038208
target2_close50_linear29p5,13,nominal,local2d_detector_baseline_target2_close50_linear29p5_seed13_nominal_cpu,mean_top80_distinct20_baseline,mean,80,distinct20,baseline,20.0,10.0,17,True,3,True,True,True,3,True,True,True,True,"15,3,8",270.0,77.0,1.0569710159683996,0.7204651832580566
target2_close50_linear29p5,13,nominal,local2d_detector_baseline_target2_close50_linear29p5_seed13_nominal_cpu,mean_top80_distinct20_single667,mean,80,distinct20,single667,20.0,10.0,21,True,3,True,True,True,3,True,True,True,True,"20,2,8",257.0,78.0,0.983350391000211,0.10673928260803223
target2_close50_linear29p5,13,nominal,local2d_detector_baseline_target2_close50_linear29p5_seed13_nominal_cpu,mean_top80_distinct20_wide,mean,80,distinct20,wide,20.0,10.0,19,False,1,False,True,False,1,False,False,True,False,"17,5,15",274.0,78.0,1.0909870667941153,1.1453680992126465
target2_close50_linear29p5,13,nominal,local2d_detector_baseline_target2_close50_linear29p5_seed13_nominal_cpu,mean_top80_moderate12_baseline,mean,80,moderate12,baseline,12.0,8.0,36,True,3,True,True,True,3,True,True,True,True,"29,2,24",270.0,77.0,1.0569710159683996,0.7454466819763184
target2_close50_linear29p5,13,nominal,local2d_detector_baseline_target2_close50_linear29p5_seed13_nominal_cpu,mean_top80_moderate12_single667,mean,80,moderate12,single667,12.0,8.0,36,True,3,True,True,True,3,True,True,True,True,"35,2,15",257.0,78.0,0.983350391000211,0.11855816841125488
target2_close50_linear29p5,13,nominal,local2d_detector_baseline_target2_close50_linear29p5_seed13_nominal_cpu,mean_top80_moderate12_wide,mean,80,moderate12,wide,12.0,8.0,35,True,3,True,True,True,3,True,True,True,True,"31,8,23",274.0,78.0,1.0909870667941153,1.1705553531646729
target2_close50_linear29p5,13,nominal,local2d_detector_baseline_target2_close50_linear29p5_seed13_nominal_cpu,median_top20_dense4_baseline,median,20,dense4,baseline,4.0,4.0,20,False,1,False,True,False,1,False,False,True,False,"20,3,11",274.0,78.0,1.2359204315979984,0.8074069023132324
target2_close50_linear29p5,13,nominal,local2d_detector_baseline_target2_close50_linear29p5_seed13_nominal_cpu,median_top20_dense4_single667,median,20,dense4,single667,4.0,4.0,20,False,1,False,True,False,1,False,False,True,False,"10,5,17",251.0,86.0,1.168919436658192,0.11844706535339355
target2_close50_linear29p5,13,nominal,local2d_detector_baseline_target2_close50_linear29p5_seed13_nominal_cpu,median_top20_dense4_wide,median,20,dense4,wide,4.0,4.0,20,False,1,False,True,False,1,False,False,True,False,"11,20,7",274.0,78.0,1.2649262604994032,1.2926020622253418
target2_close50_linear29p5,13,nominal,local2d_detector_baseline_target2_close50_linear29p5_seed13_nominal_cpu,median_top20_distinct20_baseline,median,20,distinct20,baseline,20.0,10.0,18,False,2,True,True,False,3,True,True,True,True,"17,2,8",274.0,78.0,1.2359204315979984,0.724407434463501
target2_close50_linear29p5,13,nominal,local2d_detector_baseline_target2_close50_linear29p5_seed13_nominal_cpu,median_top20_distinct20_single667,median,20,distinct20,single667,20.0,10.0,20,True,3,True,True,True,3,True,True,True,True,"18,1,8",251.0,86.0,1.168919436658192,0.10627269744873047
target2_close50_linear29p5,13,nominal,local2d_detector_baseline_target2_close50_linear29p5_seed13_nominal_cpu,median_top20_distinct20_wide,median,20,distinct20,wide,20.0,10.0,19,True,3,True,True,True,3,True,True,True,True,"17,4,9",274.0,78.0,1.2649262604994032,1.1391119956970215
target2_close50_linear29p5,13,nominal,local2d_detector_baseline_target2_close50_linear29p5_seed13_nominal_cpu,median_top20_moderate12_baseline,median,20,moderate12,baseline,12.0,8.0,20,False,2,False,True,True,2,False,False,True,True,"20,2,16",274.0,78.0,1.2359204315979984,0.7237215042114258
target2_close50_linear29p5,13,nominal,local2d_detector_baseline_target2_close50_linear29p5_seed13_nominal_cpu,median_top20_moderate12_single667,median,20,moderate12,single667,12.0,8.0,20,False,2,False,True,True,2,False,False,True,True,"9,1,11",251.0,86.0,1.168919436658192,0.10678815841674805
target2_close50_linear29p5,13,nominal,local2d_detector_baseline_target2_close50_linear29p5_seed13_nominal_cpu,median_top20_moderate12_wide,median,20,moderate12,wide,12.0,8.0,20,False,2,False,True,True,2,False,False,True,True,"17,4,19",274.0,78.0,1.2649262604994032,1.1536006927490234
target2_close50_linear29p5,13,nominal,local2d_detector_baseline_target2_close50_linear29p5_seed13_nominal_cpu,median_top40_dense4_baseline,median,40,dense4,baseline,4.0,4.0,40,False,1,False,True,False,1,False,False,True,False,"20,3,35",274.0,78.0,1.2359204315979984,0.8250131607055664
target2_close50_linear29p5,13,nominal,local2d_detector_baseline_target2_close50_linear29p5_seed13_nominal_cpu,median_top40_dense4_single667,median,40,dense4,single667,4.0,4.0,40,False,2,False,True,True,2,False,False,True,True,"40,5,35",251.0,86.0,1.168919436658192,0.13691282272338867
target2_close50_linear29p5,13,nominal,local2d_detector_baseline_target2_close50_linear29p5_seed13_nominal_cpu,median_top40_dense4_wide,median,40,dense4,wide,4.0,4.0,40,False,1,False,True,False,1,False,False,True,False,"31,11,7",274.0,78.0,1.2649262604994032,1.314514398574829
target2_close50_linear29p5,13,nominal,local2d_detector_baseline_target2_close50_linear29p5_seed13_nominal_cpu,median_top40_distinct20_baseline,median,40,distinct20,baseline,20.0,10.0,18,False,2,True,True,False,3,True,True,True,True,"17,2,8",274.0,78.0,1.2359204315979984,0.7234337329864502
target2_close50_linear29p5,13,nominal,local2d_detector_baseline_target2_close50_linear29p5_seed13_nominal_cpu,median_top40_distinct20_single667,median,40,distinct20,single667,20.0,10.0,20,True,3,True,True,True,3,True,True,True,True,"18,1,8",251.0,86.0,1.168919436658192,0.10592770576477051
target2_close50_linear29p5,13,nominal,local2d_detector_baseline_target2_close50_linear29p5_seed13_nominal_cpu,median_top40_distinct20_wide,median,40,distinct20,wide,20.0,10.0,19,True,3,True,True,True,3,True,True,True,True,"17,4,9",274.0,78.0,1.2649262604994032,1.1424849033355713
target2_close50_linear29p5,13,nominal,local2d_detector_baseline_target2_close50_linear29p5_seed13_nominal_cpu,median_top40_moderate12_baseline,median,40,moderate12,baseline,12.0,8.0,37,True,3,True,True,True,3,True,True,True,True,"32,2,16",274.0,78.0,1.2359204315979984,0.7351341247558594
target2_close50_linear29p5,13,nominal,local2d_detector_baseline_target2_close50_linear29p5_seed13_nominal_cpu,median_top40_moderate12_single667,median,40,moderate12,single667,12.0,8.0,36,True,3,True,True,True,3,True,True,True,True,"36,1,11",251.0,86.0,1.168919436658192,0.12075614929199219
target2_close50_linear29p5,13,nominal,local2d_detector_baseline_target2_close50_linear29p5_seed13_nominal_cpu,median_top40_moderate12_wide,median,40,moderate12,wide,12.0,8.0,38,True,3,True,True,True,3,True,True,True,True,"37,4,19",274.0,78.0,1.2649262604994032,1.172428846359253
target2_close50_linear29p5,13,nominal,local2d_detector_baseline_target2_close50_linear29p5_seed13_nominal_cpu,median_top80_dense4_baseline,median,80,dense4,baseline,4.0,4.0,80,False,2,False,True,True,2,False,False,True,True,"61,3,69",274.0,78.0,1.2359204315979984,0.9794130325317383
target2_close50_linear29p5,13,nominal,local2d_detector_baseline_target2_close50_linear29p5_seed13_nominal_cpu,median_top80_dense4_single667,median,80,dense4,single667,4.0,4.0,80,False,2,False,True,True,2,False,False,True,True,"47,5,46",251.0,86.0,1.168919436658192,0.2932097911834717
target2_close50_linear29p5,13,nominal,local2d_detector_baseline_target2_close50_linear29p5_seed13_nominal_cpu,median_top80_dense4_wide,median,80,dense4,wide,4.0,4.0,80,False,2,False,True,True,2,False,False,True,True,"76,11,80",274.0,78.0,1.2649262604994032,1.4441990852355957
target2_close50_linear29p5,13,nominal,local2d_detector_baseline_target2_close50_linear29p5_seed13_nominal_cpu,median_top80_distinct20_baseline,median,80,distinct20,baseline,20.0,10.0,18,False,2,True,True,False,3,True,True,True,True,"17,2,8",274.0,78.0,1.2359204315979984,0.7163846492767334
target2_close50_linear29p5,13,nominal,local2d_detector_baseline_target2_close50_linear29p5_seed13_nominal_cpu,median_top80_distinct20_single667,median,80,distinct20,single667,20.0,10.0,20,True,3,True,True,True,3,True,True,True,True,"18,1,8",251.0,86.0,1.168919436658192,0.10673308372497559
target2_close50_linear29p5,13,nominal,local2d_detector_baseline_target2_close50_linear29p5_seed13_nominal_cpu,median_top80_distinct20_wide,median,80,distinct20,wide,20.0,10.0,19,True,3,True,True,True,3,True,True,True,True,"17,4,9",274.0,78.0,1.2649262604994032,1.131575345993042
target2_close50_linear29p5,13,nominal,local2d_detector_baseline_target2_close50_linear29p5_seed13_nominal_cpu,median_top80_moderate12_baseline,median,80,moderate12,baseline,12.0,8.0,37,True,3,True,True,True,3,True,True,True,True,"32,2,16",274.0,78.0,1.2359204315979984,0.7572906017303467
target2_close50_linear29p5,13,nominal,local2d_detector_baseline_target2_close50_linear29p5_seed13_nominal_cpu,median_top80_moderate12_single667,median,80,moderate12,single667,12.0,8.0,36,True,3,True,True,True,3,True,True,True,True,"36,1,11",251.0,86.0,1.168919436658192,0.11966586112976074
target2_close50_linear29p5,13,nominal,local2d_detector_baseline_target2_close50_linear29p5_seed13_nominal_cpu,median_top80_moderate12_wide,median,80,moderate12,wide,12.0,8.0,38,True,3,True,True,True,3,True,True,True,True,"37,4,19",274.0,78.0,1.2649262604994032,1.1696696281433105
target2_close50_linear29p5,13,nominal,local2d_detector_baseline_target2_close50_linear29p5_seed13_nominal_cpu,none_top20_dense4_baseline,none,20,dense4,baseline,4.0,4.0,20,False,1,False,True,False,1,False,False,True,False,"17,4,18",273.0,75.0,0.30836743311206183,0.8081409931182861
target2_close50_linear29p5,13,nominal,local2d_detector_baseline_target2_close50_linear29p5_seed13_nominal_cpu,none_top20_dense4_single667,none,20,dense4,single667,4.0,4.0,20,False,1,False,True,False,1,False,False,True,False,"15,2,20",254.0,86.0,0.2903967671112336,0.1144554615020752
target2_close50_linear29p5,13,nominal,local2d_detector_baseline_target2_close50_linear29p5_seed13_nominal_cpu,none_top20_dense4_wide,none,20,dense4,wide,4.0,4.0,20,False,1,False,True,False,1,False,False,True,False,"2,15,7",197.0,75.0,0.34184558650345853,1.2512531280517578
target2_close50_linear29p5,13,nominal,local2d_detector_baseline_target2_close50_linear29p5_seed13_nominal_cpu,none_top20_distinct20_baseline,none,20,distinct20,baseline,20.0,10.0,15,True,3,True,True,True,3,True,True,True,True,"15,2,6",273.0,75.0,0.30836743311206183,0.7056994438171387
target2_close50_linear29p5,13,nominal,local2d_detector_baseline_target2_close50_linear29p5_seed13_nominal_cpu,none_top20_distinct20_single667,none,20,distinct20,single667,20.0,10.0,19,True,3,True,True,True,3,True,True,True,True,"14,1,5",254.0,86.0,0.2903967671112336,0.1020510196685791
target2_close50_linear29p5,13,nominal,local2d_detector_baseline_target2_close50_linear29p5_seed13_nominal_cpu,none_top20_distinct20_wide,none,20,distinct20,wide,20.0,10.0,17,True,3,True,True,True,3,True,True,True,True,"16,4,12",197.0,75.0,0.34184558650345853,1.1325299739837646
target2_close50_linear29p5,13,nominal,local2d_detector_baseline_target2_close50_linear29p5_seed13_nominal_cpu,none_top20_moderate12_baseline,none,20,moderate12,baseline,12.0,8.0,20,False,2,False,True,True,2,False,False,True,True,"16,2,18",273.0,75.0,0.30836743311206183,0.7096247673034668
target2_close50_linear29p5,13,nominal,local2d_detector_baseline_target2_close50_linear29p5_seed13_nominal_cpu,none_top20_moderate12_single667,none,20,moderate12,single667,12.0,8.0,20,False,2,False,True,True,2,False,False,True,True,"16,1,9",254.0,86.0,0.2903967671112336,0.10335040092468262
target2_close50_linear29p5,13,nominal,local2d_detector_baseline_target2_close50_linear29p5_seed13_nominal_cpu,none_top20_moderate12_wide,none,20,moderate12,wide,12.0,8.0,20,False,2,False,True,True,2,False,False,True,True,"5,6,20",197.0,75.0,0.34184558650345853,1.1210622787475586
target2_close50_linear29p5,13,nominal,local2d_detector_baseline_target2_close50_linear29p5_seed13_nominal_cpu,none_top40_dense4_baseline,none,40,dense4,baseline,4.0,4.0,40,False,1,False,True,False,1,False,False,True,False,"40,4,32",273.0,75.0,0.30836743311206183,0.8115925788879395
target2_close50_linear29p5,13,nominal,local2d_detector_baseline_target2_close50_linear29p5_seed13_nominal_cpu,none_top40_dense4_single667,none,40,dense4,single667,4.0,4.0,40,False,2,False,True,True,2,False,False,True,True,"36,2,38",254.0,86.0,0.2903967671112336,0.1342449188232422
target2_close50_linear29p5,13,nominal,local2d_detector_baseline_target2_close50_linear29p5_seed13_nominal_cpu,none_top40_dense4_wide,none,40,dense4,wide,4.0,4.0,40,False,1,False,True,False,1,False,False,True,False,"2,15,7",197.0,75.0,0.34184558650345853,1.2765436172485352
target2_close50_linear29p5,13,nominal,local2d_detector_baseline_target2_close50_linear29p5_seed13_nominal_cpu,none_top40_distinct20_baseline,none,40,distinct20,baseline,20.0,10.0,15,True,3,True,True,True,3,True,True,True,True,"15,2,6",273.0,75.0,0.30836743311206183,0.7016568183898926
target2_close50_linear29p5,13,nominal,local2d_detector_baseline_target2_close50_linear29p5_seed13_nominal_cpu,none_top40_distinct20_single667,none,40,distinct20,single667,20.0,10.0,19,True,3,True,True,True,3,True,True,True,True,"14,1,5",254.0,86.0,0.2903967671112336,0.10227155685424805
target2_close50_linear29p5,13,nominal,local2d_detector_baseline_target2_close50_linear29p5_seed13_nominal_cpu,none_top40_distinct20_wide,none,40,distinct20,wide,20.0,10.0,17,True,3,True,True,True,3,True,True,True,True,"16,4,12",197.0,75.0,0.34184558650345853,1.112985372543335
target2_close50_linear29p5,13,nominal,local2d_detector_baseline_target2_close50_linear29p5_seed13_nominal_cpu,none_top40_moderate12_baseline,none,40,moderate12,baseline,12.0,8.0,33,True,3,True,True,True,3,True,True,True,True,"30,2,18",273.0,75.0,0.30836743311206183,0.7221815586090088
target2_close50_linear29p5,13,nominal,local2d_detector_baseline_target2_close50_linear29p5_seed13_nominal_cpu,none_top40_moderate12_single667,none,40,moderate12,single667,12.0,8.0,37,True,3,True,True,True,3,True,True,True,True,"23,1,9",254.0,86.0,0.2903967671112336,0.11729979515075684
target2_close50_linear29p5,13,nominal,local2d_detector_baseline_target2_close50_linear29p5_seed13_nominal_cpu,none_top40_moderate12_wide,none,40,moderate12,wide,12.0,8.0,37,True,3,True,True,True,3,True,True,True,True,"37,6,20",197.0,75.0,0.34184558650345853,1.1382172107696533
target2_close50_linear29p5,13,nominal,local2d_detector_baseline_target2_close50_linear29p5_seed13_nominal_cpu,none_top80_dense4_baseline,none,80,dense4,baseline,4.0,4.0,80,False,2,False,True,True,2,False,False,True,True,"75,4,66",273.0,75.0,0.30836743311206183,0.970665454864502
target2_close50_linear29p5,13,nominal,local2d_detector_baseline_target2_close50_linear29p5_seed13_nominal_cpu,none_top80_dense4_single667,none,80,dense4,single667,4.0,4.0,80,False,2,False,True,True,2,False,False,True,True,"73,2,38",254.0,86.0,0.2903967671112336,0.29276394844055176
target2_close50_linear29p5,13,nominal,local2d_detector_baseline_target2_close50_linear29p5_seed13_nominal_cpu,none_top80_dense4_wide,none,80,dense4,wide,4.0,4.0,80,False,1,False,True,False,1,False,False,True,False,"49,15,76",197.0,75.0,0.34184558650345853,1.4420905113220215
target2_close50_linear29p5,13,nominal,local2d_detector_baseline_target2_close50_linear29p5_seed13_nominal_cpu,none_top80_distinct20_baseline,none,80,distinct20,baseline,20.0,10.0,15,True,3,True,True,True,3,True,True,True,True,"15,2,6",273.0,75.0,0.30836743311206183,0.7097117900848389
target2_close50_linear29p5,13,nominal,local2d_detector_baseline_target2_close50_linear29p5_seed13_nominal_cpu,none_top80_distinct20_single667,none,80,distinct20,single667,20.0,10.0,19,True,3,True,True,True,3,True,True,True,True,"14,1,5",254.0,86.0,0.2903967671112336,0.10229969024658203
target2_close50_linear29p5,13,nominal,local2d_detector_baseline_target2_close50_linear29p5_seed13_nominal_cpu,none_top80_distinct20_wide,none,80,distinct20,wide,20.0,10.0,17,True,3,True,True,True,3,True,True,True,True,"16,4,12",197.0,75.0,0.34184558650345853,1.1203932762145996
target2_close50_linear29p5,13,nominal,local2d_detector_baseline_target2_close50_linear29p5_seed13_nominal_cpu,none_top80_moderate12_baseline,none,80,moderate12,baseline,12.0,8.0,33,True,3,True,True,True,3,True,True,True,True,"30,2,18",273.0,75.0,0.30836743311206183,0.7287471294403076
target2_close50_linear29p5,13,nominal,local2d_detector_baseline_target2_close50_linear29p5_seed13_nominal_cpu,none_top80_moderate12_single667,none,80,moderate12,single667,12.0,8.0,37,True,3,True,True,True,3,True,True,True,True,"23,1,9",254.0,86.0,0.2903967671112336,0.12015247344970703
target2_close50_linear29p5,13,nominal,local2d_detector_baseline_target2_close50_linear29p5_seed13_nominal_cpu,none_top80_moderate12_wide,none,80,moderate12,wide,12.0,8.0,37,True,3,True,True,True,3,True,True,True,True,"37,6,20",197.0,75.0,0.34184558650345853,1.1404476165771484
target2_close50_linear29p5,13,source_mismatch,local2d_detector_baseline_target2_close50_linear29p5_seed13_source_mismatch_cpu,mean_top20_dense4_baseline,mean,20,dense4,baseline,4.0,4.0,20,False,1,False,True,False,1,False,False,True,False,"17,8,19",257.0,78.0,0.9867302696697681,0.7932271957397461
target2_close50_linear29p5,13,source_mismatch,local2d_detector_baseline_target2_close50_linear29p5_seed13_source_mismatch_cpu,mean_top20_dense4_single667,mean,20,dense4,single667,4.0,4.0,20,False,1,False,True,False,1,False,False,True,False,"18,17,19",251.0,75.0,0.9137572318577437,0.11497855186462402
target2_close50_linear29p5,13,source_mismatch,local2d_detector_baseline_target2_close50_linear29p5_seed13_source_mismatch_cpu,mean_top20_dense4_wide,mean,20,dense4,wide,4.0,4.0,20,False,1,False,True,False,1,False,False,True,False,"4,13,19",274.0,77.0,1.0264427620968826,1.262955665588379
target2_close50_linear29p5,13,source_mismatch,local2d_detector_baseline_target2_close50_linear29p5_seed13_source_mismatch_cpu,mean_top20_distinct20_baseline,mean,20,distinct20,baseline,20.0,10.0,17,True,3,True,True,True,3,True,True,True,True,"15,2,11",257.0,78.0,0.9867302696697681,0.7298953533172607
target2_close50_linear29p5,13,source_mismatch,local2d_detector_baseline_target2_close50_linear29p5_seed13_source_mismatch_cpu,mean_top20_distinct20_single667,mean,20,distinct20,single667,20.0,10.0,18,False,1,False,True,False,1,False,False,True,False,"11,2,12",251.0,75.0,0.9137572318577437,0.1060032844543457
target2_close50_linear29p5,13,source_mismatch,local2d_detector_baseline_target2_close50_linear29p5_seed13_source_mismatch_cpu,mean_top20_distinct20_wide,mean,20,distinct20,wide,20.0,10.0,19,True,3,True,True,True,3,True,True,True,True,"18,2,11",274.0,77.0,1.0264427620968826,1.1494314670562744
target2_close50_linear29p5,13,source_mismatch,local2d_detector_baseline_target2_close50_linear29p5_seed13_source_mismatch_cpu,mean_top20_moderate12_baseline,mean,20,moderate12,baseline,12.0,8.0,20,False,2,False,True,True,2,False,False,True,True,"14,5,11",257.0,78.0,0.9867302696697681,0.7257649898529053
target2_close50_linear29p5,13,source_mismatch,local2d_detector_baseline_target2_close50_linear29p5_seed13_source_mismatch_cpu,mean_top20_moderate12_single667,mean,20,moderate12,single667,12.0,8.0,20,False,1,False,True,False,1,False,False,True,False,"8,15,12",251.0,75.0,0.9137572318577437,0.10427403450012207
target2_close50_linear29p5,13,source_mismatch,local2d_detector_baseline_target2_close50_linear29p5_seed13_source_mismatch_cpu,mean_top20_moderate12_wide,mean,20,moderate12,wide,12.0,8.0,20,True,3,True,True,True,3,True,True,True,True,"18,2,17",274.0,77.0,1.0264427620968826,1.1659984588623047
target2_close50_linear29p5,13,source_mismatch,local2d_detector_baseline_target2_close50_linear29p5_seed13_source_mismatch_cpu,mean_top40_dense4_baseline,mean,40,dense4,baseline,4.0,4.0,40,False,1,False,True,False,1,False,False,True,False,"34,8,40",257.0,78.0,0.9867302696697681,0.8374567031860352
target2_close50_linear29p5,13,source_mismatch,local2d_detector_baseline_target2_close50_linear29p5_seed13_source_mismatch_cpu,mean_top40_dense4_single667,mean,40,dense4,single667,4.0,4.0,40,False,1,False,True,False,1,False,False,True,False,"40,17,30",251.0,75.0,0.9137572318577437,0.1376330852508545
target2_close50_linear29p5,13,source_mismatch,local2d_detector_baseline_target2_close50_linear29p5_seed13_source_mismatch_cpu,mean_top40_dense4_wide,mean,40,dense4,wide,4.0,4.0,40,False,1,False,True,False,1,False,False,True,False,"24,13,37",274.0,77.0,1.0264427620968826,1.3204224109649658
target2_close50_linear29p5,13,source_mismatch,local2d_detector_baseline_target2_close50_linear29p5_seed13_source_mismatch_cpu,mean_top40_distinct20_baseline,mean,40,distinct20,baseline,20.0,10.0,17,True,3,True,True,True,3,True,True,True,True,"15,2,11",257.0,78.0,0.9867302696697681,0.7280330657958984
target2_close50_linear29p5,13,source_mismatch,local2d_detector_baseline_target2_close50_linear29p5_seed13_source_mismatch_cpu,mean_top40_distinct20_single667,mean,40,distinct20,single667,20.0,10.0,18,False,1,False,True,False,1,False,False,True,False,"11,2,12",251.0,75.0,0.9137572318577437,0.10680198669433594
target2_close50_linear29p5,13,source_mismatch,local2d_detector_baseline_target2_close50_linear29p5_seed13_source_mismatch_cpu,mean_top40_distinct20_wide,mean,40,distinct20,wide,20.0,10.0,19,True,3,True,True,True,3,True,True,True,True,"18,2,11",274.0,77.0,1.0264427620968826,1.149515151977539
target2_close50_linear29p5,13,source_mismatch,local2d_detector_baseline_target2_close50_linear29p5_seed13_source_mismatch_cpu,mean_top40_moderate12_baseline,mean,40,moderate12,baseline,12.0,8.0,38,True,3,True,True,True,3,True,True,True,True,"35,5,11",257.0,78.0,0.9867302696697681,0.7547495365142822
target2_close50_linear29p5,13,source_mismatch,local2d_detector_baseline_target2_close50_linear29p5_seed13_source_mismatch_cpu,mean_top40_moderate12_single667,mean,40,moderate12,single667,12.0,8.0,36,False,2,False,True,True,3,True,True,True,True,"34,15,25",251.0,75.0,0.9137572318577437,0.11905741691589355
target2_close50_linear29p5,13,source_mismatch,local2d_detector_baseline_target2_close50_linear29p5_seed13_source_mismatch_cpu,mean_top40_moderate12_wide,mean,40,moderate12,wide,12.0,8.0,36,True,3,True,True,True,3,True,True,True,True,"30,2,17",274.0,77.0,1.0264427620968826,1.1810953617095947
target2_close50_linear29p5,13,source_mismatch,local2d_detector_baseline_target2_close50_linear29p5_seed13_source_mismatch_cpu,mean_top80_dense4_baseline,mean,80,dense4,baseline,4.0,4.0,80,False,2,False,True,True,2,False,False,True,True,"63,8,60",257.0,78.0,0.9867302696697681,0.9920132160186768
target2_close50_linear29p5,13,source_mismatch,local2d_detector_baseline_target2_close50_linear29p5_seed13_source_mismatch_cpu,mean_top80_dense4_single667,mean,80,dense4,single667,4.0,4.0,80,True,3,True,True,True,3,True,True,True,True,"58,17,45",251.0,75.0,0.9137572318577437,0.294893741607666
target2_close50_linear29p5,13,source_mismatch,local2d_detector_baseline_target2_close50_linear29p5_seed13_source_mismatch_cpu,mean_top80_dense4_wide,mean,80,dense4,wide,4.0,4.0,80,True,3,True,True,True,3,True,True,True,True,"80,13,74",274.0,77.0,1.0264427620968826,1.4768784046173096
target2_close50_linear29p5,13,source_mismatch,local2d_detector_baseline_target2_close50_linear29p5_seed13_source_mismatch_cpu,mean_top80_distinct20_baseline,mean,80,distinct20,baseline,20.0,10.0,17,True,3,True,True,True,3,True,True,True,True,"15,2,11",257.0,78.0,0.9867302696697681,0.723712682723999
target2_close50_linear29p5,13,source_mismatch,local2d_detector_baseline_target2_close50_linear29p5_seed13_source_mismatch_cpu,mean_top80_distinct20_single667,mean,80,distinct20,single667,20.0,10.0,18,False,1,False,True,False,1,False,False,True,False,"11,2,12",251.0,75.0,0.9137572318577437,0.10540485382080078
target2_close50_linear29p5,13,source_mismatch,local2d_detector_baseline_target2_close50_linear29p5_seed13_source_mismatch_cpu,mean_top80_distinct20_wide,mean,80,distinct20,wide,20.0,10.0,19,True,3,True,True,True,3,True,True,True,True,"18,2,11",274.0,77.0,1.0264427620968826,1.144536018371582
target2_close50_linear29p5,13,source_mismatch,local2d_detector_baseline_target2_close50_linear29p5_seed13_source_mismatch_cpu,mean_top80_moderate12_baseline,mean,80,moderate12,baseline,12.0,8.0,38,True,3,True,True,True,3,True,True,True,True,"35,5,11",257.0,78.0,0.9867302696697681,0.7538187503814697
target2_close50_linear29p5,13,source_mismatch,local2d_detector_baseline_target2_close50_linear29p5_seed13_source_mismatch_cpu,mean_top80_moderate12_single667,mean,80,moderate12,single667,12.0,8.0,36,False,2,False,True,True,3,True,True,True,True,"34,15,25",251.0,75.0,0.9137572318577437,0.1189413070678711
target2_close50_linear29p5,13,source_mismatch,local2d_detector_baseline_target2_close50_linear29p5_seed13_source_mismatch_cpu,mean_top80_moderate12_wide,mean,80,moderate12,wide,12.0,8.0,36,True,3,True,True,True,3,True,True,True,True,"30,2,17",274.0,77.0,1.0264427620968826,1.1729040145874023
target2_close50_linear29p5,13,source_mismatch,local2d_detector_baseline_target2_close50_linear29p5_seed13_source_mismatch_cpu,median_top20_dense4_baseline,median,20,dense4,baseline,4.0,4.0,20,False,1,False,True,False,1,False,False,True,False,"19,10,20",252.0,85.0,1.1045412527264344,0.810795783996582
target2_close50_linear29p5,13,source_mismatch,local2d_detector_baseline_target2_close50_linear29p5_seed13_source_mismatch_cpu,median_top20_dense4_single667,median,20,dense4,single667,4.0,4.0,20,False,1,False,True,False,1,False,False,True,False,"20,16,19",257.0,78.0,1.085885894037456,0.11776113510131836
target2_close50_linear29p5,13,source_mismatch,local2d_detector_baseline_target2_close50_linear29p5_seed13_source_mismatch_cpu,median_top20_dense4_wide,median,20,dense4,wide,4.0,4.0,20,False,1,False,True,False,1,False,False,True,False,"19,13,4",270.0,80.0,1.1650217670562926,1.2930238246917725
target2_close50_linear29p5,13,source_mismatch,local2d_detector_baseline_target2_close50_linear29p5_seed13_source_mismatch_cpu,median_top20_distinct20_baseline,median,20,distinct20,baseline,20.0,10.0,18,False,2,False,True,True,2,False,False,True,True,"11,1,12",252.0,85.0,1.1045412527264344,0.7241284847259521
target2_close50_linear29p5,13,source_mismatch,local2d_detector_baseline_target2_close50_linear29p5_seed13_source_mismatch_cpu,median_top20_distinct20_single667,median,20,distinct20,single667,20.0,10.0,16,False,2,True,True,False,2,False,True,True,False,"8,6,13",257.0,78.0,1.085885894037456,0.10491943359375
target2_close50_linear29p5,13,source_mismatch,local2d_detector_baseline_target2_close50_linear29p5_seed13_source_mismatch_cpu,median_top20_distinct20_wide,median,20,distinct20,wide,20.0,10.0,19,False,2,True,False,True,2,False,True,False,True,"16,2,7",270.0,80.0,1.1650217670562926,1.144315242767334
target2_close50_linear29p5,13,source_mismatch,local2d_detector_baseline_target2_close50_linear29p5_seed13_source_mismatch_cpu,median_top20_moderate12_baseline,median,20,moderate12,baseline,12.0,8.0,20,False,2,False,True,True,2,False,False,True,True,"19,1,11",252.0,85.0,1.1045412527264344,0.728935956954956
target2_close50_linear29p5,13,source_mismatch,local2d_detector_baseline_target2_close50_linear29p5_seed13_source_mismatch_cpu,median_top20_moderate12_single667,median,20,moderate12,single667,12.0,8.0,20,True,3,True,True,True,3,True,True,True,True,"10,6,12",257.0,78.0,1.085885894037456,0.1058645248413086
target2_close50_linear29p5,13,source_mismatch,local2d_detector_baseline_target2_close50_linear29p5_seed13_source_mismatch_cpu,median_top20_moderate12_wide,median,20,moderate12,wide,12.0,8.0,20,True,3,True,True,True,3,True,True,True,True,"16,2,12",270.0,80.0,1.1650217670562926,1.1545825004577637
target2_close50_linear29p5,13,source_mismatch,local2d_detector_baseline_target2_close50_linear29p5_seed13_source_mismatch_cpu,median_top40_dense4_baseline,median,40,dense4,baseline,4.0,4.0,40,False,2,False,True,True,2,False,False,True,True,"32,10,36",252.0,85.0,1.1045412527264344,0.8291072845458984
target2_close50_linear29p5,13,source_mismatch,local2d_detector_baseline_target2_close50_linear29p5_seed13_source_mismatch_cpu,median_top40_dense4_single667,median,40,dense4,single667,4.0,4.0,40,False,2,True,True,False,2,False,True,True,False,"34,16,19",257.0,78.0,1.085885894037456,0.1371936798095703
target2_close50_linear29p5,13,source_mismatch,local2d_detector_baseline_target2_close50_linear29p5_seed13_source_mismatch_cpu,median_top40_dense4_wide,median,40,dense4,wide,4.0,4.0,40,False,1,False,True,False,1,False,False,True,False,"25,13,39",270.0,80.0,1.1650217670562926,1.314518690109253
target2_close50_linear29p5,13,source_mismatch,local2d_detector_baseline_target2_close50_linear29p5_seed13_source_mismatch_cpu,median_top40_distinct20_baseline,median,40,distinct20,baseline,20.0,10.0,18,False,2,False,True,True,2,False,False,True,True,"11,1,12",252.0,85.0,1.1045412527264344,0.7261061668395996
target2_close50_linear29p5,13,source_mismatch,local2d_detector_baseline_target2_close50_linear29p5_seed13_source_mismatch_cpu,median_top40_distinct20_single667,median,40,distinct20,single667,20.0,10.0,16,False,2,True,True,False,2,False,True,True,False,"8,6,13",257.0,78.0,1.085885894037456,0.10520458221435547
target2_close50_linear29p5,13,source_mismatch,local2d_detector_baseline_target2_close50_linear29p5_seed13_source_mismatch_cpu,median_top40_distinct20_wide,median,40,distinct20,wide,20.0,10.0,19,False,2,True,False,True,2,False,True,False,True,"16,2,7",270.0,80.0,1.1650217670562926,1.1428449153900146
target2_close50_linear29p5,13,source_mismatch,local2d_detector_baseline_target2_close50_linear29p5_seed13_source_mismatch_cpu,median_top40_moderate12_baseline,median,40,moderate12,baseline,12.0,8.0,36,False,2,False,True,True,2,False,False,True,True,"31,1,11",252.0,85.0,1.1045412527264344,0.7464611530303955
target2_close50_linear29p5,13,source_mismatch,local2d_detector_baseline_target2_close50_linear29p5_seed13_source_mismatch_cpu,median_top40_moderate12_single667,median,40,moderate12,single667,12.0,8.0,34,True,3,True,True,True,3,True,True,True,True,"10,6,28",257.0,78.0,1.085885894037456,0.11512303352355957
target2_close50_linear29p5,13,source_mismatch,local2d_detector_baseline_target2_close50_linear29p5_seed13_source_mismatch_cpu,median_top40_moderate12_wide,median,40,moderate12,wide,12.0,8.0,35,True,3,True,True,True,3,True,True,True,True,"29,2,12",270.0,80.0,1.1650217670562926,1.1686608791351318
target2_close50_linear29p5,13,source_mismatch,local2d_detector_baseline_target2_close50_linear29p5_seed13_source_mismatch_cpu,median_top80_dense4_baseline,median,80,dense4,baseline,4.0,4.0,80,False,2,False,True,True,2,False,False,True,True,"68,10,72",252.0,85.0,1.1045412527264344,0.9808807373046875
target2_close50_linear29p5,13,source_mismatch,local2d_detector_baseline_target2_close50_linear29p5_seed13_source_mismatch_cpu,median_top80_dense4_single667,median,80,dense4,single667,4.0,4.0,80,False,2,False,True,True,3,True,True,True,True,"34,16,79",257.0,78.0,1.085885894037456,0.2904834747314453
target2_close50_linear29p5,13,source_mismatch,local2d_detector_baseline_target2_close50_linear29p5_seed13_source_mismatch_cpu,median_top80_dense4_wide,median,80,dense4,wide,4.0,4.0,80,False,2,False,True,True,2,False,False,True,True,"78,25,63",270.0,80.0,1.1650217670562926,1.4434144496917725
target2_close50_linear29p5,13,source_mismatch,local2d_detector_baseline_target2_close50_linear29p5_seed13_source_mismatch_cpu,median_top80_distinct20_baseline,median,80,distinct20,baseline,20.0,10.0,18,False,2,False,True,True,2,False,False,True,True,"11,1,12",252.0,85.0,1.1045412527264344,0.7178912162780762
target2_close50_linear29p5,13,source_mismatch,local2d_detector_baseline_target2_close50_linear29p5_seed13_source_mismatch_cpu,median_top80_distinct20_single667,median,80,distinct20,single667,20.0,10.0,16,False,2,True,True,False,2,False,True,True,False,"8,6,13",257.0,78.0,1.085885894037456,0.1044313907623291
target2_close50_linear29p5,13,source_mismatch,local2d_detector_baseline_target2_close50_linear29p5_seed13_source_mismatch_cpu,median_top80_distinct20_wide,median,80,distinct20,wide,20.0,10.0,19,False,2,True,False,True,2,False,True,False,True,"16,2,7",270.0,80.0,1.1650217670562926,1.133815050125122
target2_close50_linear29p5,13,source_mismatch,local2d_detector_baseline_target2_close50_linear29p5_seed13_source_mismatch_cpu,median_top80_moderate12_baseline,median,80,moderate12,baseline,12.0,8.0,36,False,2,False,True,True,2,False,False,True,True,"31,1,11",252.0,85.0,1.1045412527264344,0.761563777923584
target2_close50_linear29p5,13,source_mismatch,local2d_detector_baseline_target2_close50_linear29p5_seed13_source_mismatch_cpu,median_top80_moderate12_single667,median,80,moderate12,single667,12.0,8.0,34,True,3,True,True,True,3,True,True,True,True,"10,6,28",257.0,78.0,1.085885894037456,0.11512470245361328
target2_close50_linear29p5,13,source_mismatch,local2d_detector_baseline_target2_close50_linear29p5_seed13_source_mismatch_cpu,median_top80_moderate12_wide,median,80,moderate12,wide,12.0,8.0,35,True,3,True,True,True,3,True,True,True,True,"29,2,12",270.0,80.0,1.1650217670562926,1.1715097427368164
target2_close50_linear29p5,13,source_mismatch,local2d_detector_baseline_target2_close50_linear29p5_seed13_source_mismatch_cpu,none_top20_dense4_baseline,none,20,dense4,baseline,4.0,4.0,20,False,1,False,True,False,1,False,False,True,False,"16,3,6",252.0,76.0,0.325247705116752,0.8044078350067139
target2_close50_linear29p5,13,source_mismatch,local2d_detector_baseline_target2_close50_linear29p5_seed13_source_mismatch_cpu,none_top20_dense4_single667,none,20,dense4,single667,4.0,4.0,20,False,1,False,True,False,1,False,False,True,False,"17,20,13",257.0,78.0,0.3081976826090582,0.11517786979675293
target2_close50_linear29p5,13,source_mismatch,local2d_detector_baseline_target2_close50_linear29p5_seed13_source_mismatch_cpu,none_top20_dense4_wide,none,20,dense4,wide,4.0,4.0,20,False,1,False,True,False,1,False,False,True,False,"10,17,5",274.0,77.0,0.34987677877014534,1.2427988052368164
target2_close50_linear29p5,13,source_mismatch,local2d_detector_baseline_target2_close50_linear29p5_seed13_source_mismatch_cpu,none_top20_distinct20_baseline,none,20,distinct20,baseline,20.0,10.0,17,True,3,True,True,True,3,True,True,True,True,"17,2,6",252.0,76.0,0.325247705116752,0.7147705554962158
target2_close50_linear29p5,13,source_mismatch,local2d_detector_baseline_target2_close50_linear29p5_seed13_source_mismatch_cpu,none_top20_distinct20_single667,none,20,distinct20,single667,20.0,10.0,19,False,1,False,True,False,1,False,False,True,False,"12,3,8",257.0,78.0,0.3081976826090582,0.1023869514465332
target2_close50_linear29p5,13,source_mismatch,local2d_detector_baseline_target2_close50_linear29p5_seed13_source_mismatch_cpu,none_top20_distinct20_wide,none,20,distinct20,wide,20.0,10.0,19,True,3,True,True,True,3,True,True,True,True,"16,4,6",274.0,77.0,0.34987677877014534,1.1309001445770264
target2_close50_linear29p5,13,source_mismatch,local2d_detector_baseline_target2_close50_linear29p5_seed13_source_mismatch_cpu,none_top20_moderate12_baseline,none,20,moderate12,baseline,12.0,8.0,20,True,3,True,True,True,3,True,True,True,True,"17,3,8",252.0,76.0,0.325247705116752,0.7139368057250977
target2_close50_linear29p5,13,source_mismatch,local2d_detector_baseline_target2_close50_linear29p5_seed13_source_mismatch_cpu,none_top20_moderate12_single667,none,20,moderate12,single667,12.0,8.0,20,False,2,False,True,True,2,False,False,True,True,"7,6,16",257.0,78.0,0.3081976826090582,0.10353803634643555
target2_close50_linear29p5,13,source_mismatch,local2d_detector_baseline_target2_close50_linear29p5_seed13_source_mismatch_cpu,none_top20_moderate12_wide,none,20,moderate12,wide,12.0,8.0,20,True,3,True,True,True,3,True,True,True,True,"17,5,13",274.0,77.0,0.34987677877014534,1.1240265369415283
target2_close50_linear29p5,13,source_mismatch,local2d_detector_baseline_target2_close50_linear29p5_seed13_source_mismatch_cpu,none_top40_dense4_baseline,none,40,dense4,baseline,4.0,4.0,40,False,2,False,True,True,2,False,False,True,True,"16,3,36",252.0,76.0,0.325247705116752,0.8082914352416992
target2_close50_linear29p5,13,source_mismatch,local2d_detector_baseline_target2_close50_linear29p5_seed13_source_mismatch_cpu,none_top40_dense4_single667,none,40,dense4,single667,4.0,4.0,40,False,1,False,True,False,2,False,False,True,True,"27,20,25",257.0,78.0,0.3081976826090582,0.13480281829833984
target2_close50_linear29p5,13,source_mismatch,local2d_detector_baseline_target2_close50_linear29p5_seed13_source_mismatch_cpu,none_top40_dense4_wide,none,40,dense4,wide,4.0,4.0,40,False,1,False,True,False,1,False,False,True,False,"39,17,33",274.0,77.0,0.34987677877014534,1.2721943855285645
target2_close50_linear29p5,13,source_mismatch,local2d_detector_baseline_target2_close50_linear29p5_seed13_source_mismatch_cpu,none_top40_distinct20_baseline,none,40,distinct20,baseline,20.0,10.0,17,True,3,True,True,True,3,True,True,True,True,"17,2,6",252.0,76.0,0.325247705116752,0.707805871963501
target2_close50_linear29p5,13,source_mismatch,local2d_detector_baseline_target2_close50_linear29p5_seed13_source_mismatch_cpu,none_top40_distinct20_single667,none,40,distinct20,single667,20.0,10.0,19,False,1,False,True,False,1,False,False,True,False,"12,3,8",257.0,78.0,0.3081976826090582,0.10256719589233398
target2_close50_linear29p5,13,source_mismatch,local2d_detector_baseline_target2_close50_linear29p5_seed13_source_mismatch_cpu,none_top40_distinct20_wide,none,40,distinct20,wide,20.0,10.0,19,True,3,True,True,True,3,True,True,True,True,"16,4,6",274.0,77.0,0.34987677877014534,1.1152820587158203
target2_close50_linear29p5,13,source_mismatch,local2d_detector_baseline_target2_close50_linear29p5_seed13_source_mismatch_cpu,none_top40_moderate12_baseline,none,40,moderate12,baseline,12.0,8.0,37,True,3,True,True,True,3,True,True,True,True,"31,3,8",252.0,76.0,0.325247705116752,0.735602617263794
target2_close50_linear29p5,13,source_mismatch,local2d_detector_baseline_target2_close50_linear29p5_seed13_source_mismatch_cpu,none_top40_moderate12_single667,none,40,moderate12,single667,12.0,8.0,37,True,3,True,True,True,3,True,True,True,True,"36,6,33",257.0,78.0,0.3081976826090582,0.11801695823669434
target2_close50_linear29p5,13,source_mismatch,local2d_detector_baseline_target2_close50_linear29p5_seed13_source_mismatch_cpu,none_top40_moderate12_wide,none,40,moderate12,wide,12.0,8.0,38,True,3,True,True,True,3,True,True,True,True,"37,5,13",274.0,77.0,0.34987677877014534,1.1436655521392822
target2_close50_linear29p5,13,source_mismatch,local2d_detector_baseline_target2_close50_linear29p5_seed13_source_mismatch_cpu,none_top80_dense4_baseline,none,80,dense4,baseline,4.0,4.0,80,True,3,True,True,True,3,True,True,True,True,"70,3,49",252.0,76.0,0.325247705116752,0.9672574996948242
target2_close50_linear29p5,13,source_mismatch,local2d_detector_baseline_target2_close50_linear29p5_seed13_source_mismatch_cpu,none_top80_dense4_single667,none,80,dense4,single667,4.0,4.0,80,False,2,False,True,True,2,False,False,True,True,"49,20,70",257.0,78.0,0.3081976826090582,0.2883644104003906
target2_close50_linear29p5,13,source_mismatch,local2d_detector_baseline_target2_close50_linear29p5_seed13_source_mismatch_cpu,none_top80_dense4_wide,none,80,dense4,wide,4.0,4.0,80,False,2,False,True,True,2,False,False,True,True,"66,17,57",274.0,77.0,0.34987677877014534,1.4338741302490234
target2_close50_linear29p5,13,source_mismatch,local2d_detector_baseline_target2_close50_linear29p5_seed13_source_mismatch_cpu,none_top80_distinct20_baseline,none,80,distinct20,baseline,20.0,10.0,17,True,3,True,True,True,3,True,True,True,True,"17,2,6",252.0,76.0,0.325247705116752,0.7056849002838135
target2_close50_linear29p5,13,source_mismatch,local2d_detector_baseline_target2_close50_linear29p5_seed13_source_mismatch_cpu,none_top80_distinct20_single667,none,80,distinct20,single667,20.0,10.0,19,False,1,False,True,False,1,False,False,True,False,"12,3,8",257.0,78.0,0.3081976826090582,0.10230636596679688
target2_close50_linear29p5,13,source_mismatch,local2d_detector_baseline_target2_close50_linear29p5_seed13_source_mismatch_cpu,none_top80_distinct20_wide,none,80,distinct20,wide,20.0,10.0,19,True,3,True,True,True,3,True,True,True,True,"16,4,6",274.0,77.0,0.34987677877014534,1.1186614036560059
target2_close50_linear29p5,13,source_mismatch,local2d_detector_baseline_target2_close50_linear29p5_seed13_source_mismatch_cpu,none_top80_moderate12_baseline,none,80,moderate12,baseline,12.0,8.0,37,True,3,True,True,True,3,True,True,True,True,"31,3,8",252.0,76.0,0.325247705116752,0.7314746379852295
target2_close50_linear29p5,13,source_mismatch,local2d_detector_baseline_target2_close50_linear29p5_seed13_source_mismatch_cpu,none_top80_moderate12_single667,none,80,moderate12,single667,12.0,8.0,37,True,3,True,True,True,3,True,True,True,True,"36,6,33",257.0,78.0,0.3081976826090582,0.12124800682067871
target2_close50_linear29p5,13,source_mismatch,local2d_detector_baseline_target2_close50_linear29p5_seed13_source_mismatch_cpu,none_top80_moderate12_wide,none,80,moderate12,wide,12.0,8.0,38,True,3,True,True,True,3,True,True,True,True,"37,5,13",274.0,77.0,0.34987677877014534,1.1414589881896973
target2_close50_linear29p5,21,nominal,local2d_detector_baseline_target2_close50_linear29p5_seed21_nominal_cpu,mean_top20_dense4_baseline,mean,20,dense4,baseline,4.0,4.0,20,False,1,False,True,False,1,False,False,True,False,"13,16,4",253.0,101.0,1.0583767214560238,0.7892866134643555
target2_close50_linear29p5,21,nominal,local2d_detector_baseline_target2_close50_linear29p5_seed21_nominal_cpu,mean_top20_dense4_single667,mean,20,dense4,single667,4.0,4.0,20,False,1,False,True,False,1,False,False,True,False,"19,6,18",247.0,86.0,0.9893847172777877,0.11442232131958008
target2_close50_linear29p5,21,nominal,local2d_detector_baseline_target2_close50_linear29p5_seed21_nominal_cpu,mean_top20_dense4_wide,mean,20,dense4,wide,4.0,4.0,20,False,1,False,True,False,1,False,False,True,False,"11,16,18",274.0,82.0,1.0883240923040503,1.269343614578247
target2_close50_linear29p5,21,nominal,local2d_detector_baseline_target2_close50_linear29p5_seed21_nominal_cpu,mean_top20_distinct20_baseline,mean,20,distinct20,baseline,20.0,10.0,20,True,3,True,True,True,3,True,True,True,True,"18,3,11",253.0,101.0,1.0583767214560238,0.730276346206665
target2_close50_linear29p5,21,nominal,local2d_detector_baseline_target2_close50_linear29p5_seed21_nominal_cpu,mean_top20_distinct20_single667,mean,20,distinct20,single667,20.0,10.0,20,False,2,False,True,True,2,False,False,True,True,"16,1,8",247.0,86.0,0.9893847172777877,0.10599040985107422
target2_close50_linear29p5,21,nominal,local2d_detector_baseline_target2_close50_linear29p5_seed21_nominal_cpu,mean_top20_distinct20_wide,mean,20,distinct20,wide,20.0,10.0,20,True,3,True,True,True,3,True,True,True,True,"17,5,9",274.0,82.0,1.0883240923040503,1.150914192199707
target2_close50_linear29p5,21,nominal,local2d_detector_baseline_target2_close50_linear29p5_seed21_nominal_cpu,mean_top20_moderate12_baseline,mean,20,moderate12,baseline,12.0,8.0,20,False,2,False,True,True,2,False,False,True,True,"17,4,18",253.0,101.0,1.0583767214560238,0.7506859302520752
target2_close50_linear29p5,21,nominal,local2d_detector_baseline_target2_close50_linear29p5_seed21_nominal_cpu,mean_top20_moderate12_single667,mean,20,moderate12,single667,12.0,8.0,20,False,2,False,True,True,2,False,False,True,True,"9,1,12",247.0,86.0,0.9893847172777877,0.10415506362915039
target2_close50_linear29p5,21,nominal,local2d_detector_baseline_target2_close50_linear29p5_seed21_nominal_cpu,mean_top20_moderate12_wide,mean,20,moderate12,wide,12.0,8.0,20,False,2,False,True,True,2,False,False,True,True,"20,5,19",274.0,82.0,1.0883240923040503,1.1659870147705078
target2_close50_linear29p5,21,nominal,local2d_detector_baseline_target2_close50_linear29p5_seed21_nominal_cpu,mean_top40_dense4_baseline,mean,40,dense4,baseline,4.0,4.0,40,False,1,False,True,False,1,False,False,True,False,"32,16,37",253.0,101.0,1.0583767214560238,0.834352970123291
target2_close50_linear29p5,21,nominal,local2d_detector_baseline_target2_close50_linear29p5_seed21_nominal_cpu,mean_top40_dense4_single667,mean,40,dense4,single667,4.0,4.0,40,False,1,False,True,False,1,False,False,True,False,"23,6,36",247.0,86.0,0.9893847172777877,0.13568425178527832
target2_close50_linear29p5,21,nominal,local2d_detector_baseline_target2_close50_linear29p5_seed21_nominal_cpu,mean_top40_dense4_wide,mean,40,dense4,wide,4.0,4.0,40,False,1,False,True,False,1,False,False,True,False,"34,33,29",274.0,82.0,1.0883240923040503,1.3162999153137207
target2_close50_linear29p5,21,nominal,local2d_detector_baseline_target2_close50_linear29p5_seed21_nominal_cpu,mean_top40_distinct20_baseline,mean,40,distinct20,baseline,20.0,10.0,20,True,3,True,True,True,3,True,True,True,True,"18,3,11",253.0,101.0,1.0583767214560238,0.7304303646087646
target2_close50_linear29p5,21,nominal,local2d_detector_baseline_target2_close50_linear29p5_seed21_nominal_cpu,mean_top40_distinct20_single667,mean,40,distinct20,single667,20.0,10.0,21,False,2,False,True,True,2,False,False,True,True,"16,1,8",247.0,86.0,0.9893847172777877,0.10729670524597168
target2_close50_linear29p5,21,nominal,local2d_detector_baseline_target2_close50_linear29p5_seed21_nominal_cpu,mean_top40_distinct20_wide,mean,40,distinct20,wide,20.0,10.0,20,True,3,True,True,True,3,True,True,True,True,"17,5,9",274.0,82.0,1.0883240923040503,1.1532540321350098
target2_close50_linear29p5,21,nominal,local2d_detector_baseline_target2_close50_linear29p5_seed21_nominal_cpu,mean_top40_moderate12_baseline,mean,40,moderate12,baseline,12.0,8.0,39,True,3,True,True,True,3,True,True,True,True,"35,4,18",253.0,101.0,1.0583767214560238,0.7584381103515625
target2_close50_linear29p5,21,nominal,local2d_detector_baseline_target2_close50_linear29p5_seed21_nominal_cpu,mean_top40_moderate12_single667,mean,40,moderate12,single667,12.0,8.0,37,True,3,True,True,True,3,True,True,True,True,"33,1,12",247.0,86.0,0.9893847172777877,0.11954832077026367
target2_close50_linear29p5,21,nominal,local2d_detector_baseline_target2_close50_linear29p5_seed21_nominal_cpu,mean_top40_moderate12_wide,mean,40,moderate12,wide,12.0,8.0,36,False,2,False,True,True,2,False,False,True,True,"32,5,19",274.0,82.0,1.0883240923040503,1.1815111637115479
target2_close50_linear29p5,21,nominal,local2d_detector_baseline_target2_close50_linear29p5_seed21_nominal_cpu,mean_top80_dense4_baseline,mean,80,dense4,baseline,4.0,4.0,80,False,2,False,True,True,2,False,False,True,True,"79,16,69",253.0,101.0,1.0583767214560238,0.9898426532745361
target2_close50_linear29p5,21,nominal,local2d_detector_baseline_target2_close50_linear29p5_seed21_nominal_cpu,mean_top80_dense4_single667,mean,80,dense4,single667,4.0,4.0,80,False,2,False,True,True,2,False,False,True,True,"58,6,65",247.0,86.0,0.9893847172777877,0.29543590545654297
target2_close50_linear29p5,21,nominal,local2d_detector_baseline_target2_close50_linear29p5_seed21_nominal_cpu,mean_top80_dense4_wide,mean,80,dense4,wide,4.0,4.0,80,False,2,False,True,True,2,False,False,True,True,"79,33,75",274.0,82.0,1.0883240923040503,1.4761009216308594
target2_close50_linear29p5,21,nominal,local2d_detector_baseline_target2_close50_linear29p5_seed21_nominal_cpu,mean_top80_distinct20_baseline,mean,80,distinct20,baseline,20.0,10.0,20,True,3,True,True,True,3,True,True,True,True,"18,3,11",253.0,101.0,1.0583767214560238,0.7285494804382324
target2_close50_linear29p5,21,nominal,local2d_detector_baseline_target2_close50_linear29p5_seed21_nominal_cpu,mean_top80_distinct20_single667,mean,80,distinct20,single667,20.0,10.0,21,False,2,False,True,True,2,False,False,True,True,"16,1,8",247.0,86.0,0.9893847172777877,0.10731816291809082
target2_close50_linear29p5,21,nominal,local2d_detector_baseline_target2_close50_linear29p5_seed21_nominal_cpu,mean_top80_distinct20_wide,mean,80,distinct20,wide,20.0,10.0,20,True,3,True,True,True,3,True,True,True,True,"17,5,9",274.0,82.0,1.0883240923040503,1.1427628993988037
target2_close50_linear29p5,21,nominal,local2d_detector_baseline_target2_close50_linear29p5_seed21_nominal_cpu,mean_top80_moderate12_baseline,mean,80,moderate12,baseline,12.0,8.0,39,True,3,True,True,True,3,True,True,True,True,"35,4,18",253.0,101.0,1.0583767214560238,0.7572026252746582
target2_close50_linear29p5,21,nominal,local2d_detector_baseline_target2_close50_linear29p5_seed21_nominal_cpu,mean_top80_moderate12_single667,mean,80,moderate12,single667,12.0,8.0,37,True,3,True,True,True,3,True,True,True,True,"33,1,12",247.0,86.0,0.9893847172777877,0.12245512008666992
target2_close50_linear29p5,21,nominal,local2d_detector_baseline_target2_close50_linear29p5_seed21_nominal_cpu,mean_top80_moderate12_wide,mean,80,moderate12,wide,12.0,8.0,36,False,2,False,True,True,2,False,False,True,True,"32,5,19",274.0,82.0,1.0883240923040503,1.172400951385498
target2_close50_linear29p5,21,nominal,local2d_detector_baseline_target2_close50_linear29p5_seed21_nominal_cpu,median_top20_dense4_baseline,median,20,dense4,baseline,4.0,4.0,20,False,1,False,True,False,1,False,False,True,False,"18,5,15",253.0,101.0,1.2341100041704314,0.8095896244049072
target2_close50_linear29p5,21,nominal,local2d_detector_baseline_target2_close50_linear29p5_seed21_nominal_cpu,median_top20_dense4_single667,median,20,dense4,single667,4.0,4.0,20,False,1,False,True,False,1,False,False,True,False,"20,1,8",253.0,89.0,1.1596082445036868,0.11840009689331055
target2_close50_linear29p5,21,nominal,local2d_detector_baseline_target2_close50_linear29p5_seed21_nominal_cpu,median_top20_dense4_wide,median,20,dense4,wide,4.0,4.0,20,False,1,False,True,False,1,False,False,True,False,"12,14,17",274.0,82.0,1.2867875702236171,1.2933480739593506
target2_close50_linear29p5,21,nominal,local2d_detector_baseline_target2_close50_linear29p5_seed21_nominal_cpu,median_top20_distinct20_baseline,median,20,distinct20,baseline,20.0,10.0,20,False,2,False,True,True,2,False,False,True,True,"19,3,6",253.0,101.0,1.2341100041704314,0.7282862663269043
target2_close50_linear29p5,21,nominal,local2d_detector_baseline_target2_close50_linear29p5_seed21_nominal_cpu,median_top20_distinct20_single667,median,20,distinct20,single667,20.0,10.0,16,True,3,True,True,True,3,True,True,True,True,"14,1,6",253.0,89.0,1.1596082445036868,0.10471057891845703
target2_close50_linear29p5,21,nominal,local2d_detector_baseline_target2_close50_linear29p5_seed21_nominal_cpu,median_top20_distinct20_wide,median,20,distinct20,wide,20.0,10.0,20,True,3,True,True,True,3,True,True,True,True,"17,4,6",274.0,82.0,1.2867875702236171,1.1497819423675537
target2_close50_linear29p5,21,nominal,local2d_detector_baseline_target2_close50_linear29p5_seed21_nominal_cpu,median_top20_moderate12_baseline,median,20,moderate12,baseline,12.0,8.0,20,False,2,False,True,True,2,False,False,True,True,"16,3,12",253.0,101.0,1.2341100041704314,0.7362315654754639
target2_close50_linear29p5,21,nominal,local2d_detector_baseline_target2_close50_linear29p5_seed21_nominal_cpu,median_top20_moderate12_single667,median,20,moderate12,single667,12.0,8.0,20,False,2,False,True,True,2,False,False,True,True,"12,1,10",253.0,89.0,1.1596082445036868,0.10515642166137695
target2_close50_linear29p5,21,nominal,local2d_detector_baseline_target2_close50_linear29p5_seed21_nominal_cpu,median_top20_moderate12_wide,median,20,moderate12,wide,12.0,8.0,20,False,2,False,True,True,2,False,False,True,True,"17,5,15",274.0,82.0,1.2867875702236171,1.162248134613037
target2_close50_linear29p5,21,nominal,local2d_detector_baseline_target2_close50_linear29p5_seed21_nominal_cpu,median_top40_dense4_baseline,median,40,dense4,baseline,4.0,4.0,40,False,1,False,True,False,1,False,False,True,False,"28,5,39",253.0,101.0,1.2341100041704314,0.8262925148010254
target2_close50_linear29p5,21,nominal,local2d_detector_baseline_target2_close50_linear29p5_seed21_nominal_cpu,median_top40_dense4_single667,median,40,dense4,single667,4.0,4.0,40,False,2,False,True,True,2,False,False,True,True,"22,1,26",253.0,89.0,1.1596082445036868,0.13742494583129883
target2_close50_linear29p5,21,nominal,local2d_detector_baseline_target2_close50_linear29p5_seed21_nominal_cpu,median_top40_dense4_wide,median,40,dense4,wide,4.0,4.0,40,False,1,False,True,False,1,False,False,True,False,"37,14,23",274.0,82.0,1.2867875702236171,1.3066813945770264
target2_close50_linear29p5,21,nominal,local2d_detector_baseline_target2_close50_linear29p5_seed21_nominal_cpu,median_top40_distinct20_baseline,median,40,distinct20,baseline,20.0,10.0,22,False,2,False,True,True,2,False,False,True,True,"21,3,6",253.0,101.0,1.2341100041704314,0.7268040180206299
target2_close50_linear29p5,21,nominal,local2d_detector_baseline_target2_close50_linear29p5_seed21_nominal_cpu,median_top40_distinct20_single667,median,40,distinct20,single667,20.0,10.0,16,True,3,True,True,True,3,True,True,True,True,"14,1,6",253.0,89.0,1.1596082445036868,0.10489201545715332
target2_close50_linear29p5,21,nominal,local2d_detector_baseline_target2_close50_linear29p5_seed21_nominal_cpu,median_top40_distinct20_wide,median,40,distinct20,wide,20.0,10.0,20,True,3,True,True,True,3,True,True,True,True,"17,4,6",274.0,82.0,1.2867875702236171,1.1421279907226562
target2_close50_linear29p5,21,nominal,local2d_detector_baseline_target2_close50_linear29p5_seed21_nominal_cpu,median_top40_moderate12_baseline,median,40,moderate12,baseline,12.0,8.0,38,True,3,True,True,True,3,True,True,True,True,"35,3,12",253.0,101.0,1.2341100041704314,0.7533919811248779
target2_close50_linear29p5,21,nominal,local2d_detector_baseline_target2_close50_linear29p5_seed21_nominal_cpu,median_top40_moderate12_single667,median,40,moderate12,single667,12.0,8.0,35,True,3,True,True,True,3,True,True,True,True,"27,1,10",253.0,89.0,1.1596082445036868,0.11663651466369629
target2_close50_linear29p5,21,nominal,local2d_detector_baseline_target2_close50_linear29p5_seed21_nominal_cpu,median_top40_moderate12_wide,median,40,moderate12,wide,12.0,8.0,36,False,2,False,True,True,2,False,False,True,True,"32,5,15",274.0,82.0,1.2867875702236171,1.1685304641723633
target2_close50_linear29p5,21,nominal,local2d_detector_baseline_target2_close50_linear29p5_seed21_nominal_cpu,median_top80_dense4_baseline,median,80,dense4,baseline,4.0,4.0,80,False,2,False,True,True,2,False,False,True,True,"79,5,49",253.0,101.0,1.2341100041704314,0.9908561706542969
target2_close50_linear29p5,21,nominal,local2d_detector_baseline_target2_close50_linear29p5_seed21_nominal_cpu,median_top80_dense4_single667,median,80,dense4,single667,4.0,4.0,80,False,2,False,True,True,2,False,False,True,True,"72,1,42",253.0,89.0,1.1596082445036868,0.29940199851989746
target2_close50_linear29p5,21,nominal,local2d_detector_baseline_target2_close50_linear29p5_seed21_nominal_cpu,median_top80_dense4_wide,median,80,dense4,wide,4.0,4.0,80,False,2,False,True,True,2,False,False,True,True,"76,37,70",274.0,82.0,1.2867875702236171,1.447437047958374
target2_close50_linear29p5,21,nominal,local2d_detector_baseline_target2_close50_linear29p5_seed21_nominal_cpu,median_top80_distinct20_baseline,median,80,distinct20,baseline,20.0,10.0,22,False,2,False,True,True,2,False,False,True,True,"21,3,6",253.0,101.0,1.2341100041704314,0.7215371131896973
target2_close50_linear29p5,21,nominal,local2d_detector_baseline_target2_close50_linear29p5_seed21_nominal_cpu,median_top80_distinct20_single667,median,80,distinct20,single667,20.0,10.0,16,True,3,True,True,True,3,True,True,True,True,"14,1,6",253.0,89.0,1.1596082445036868,0.10419344902038574
target2_close50_linear29p5,21,nominal,local2d_detector_baseline_target2_close50_linear29p5_seed21_nominal_cpu,median_top80_distinct20_wide,median,80,distinct20,wide,20.0,10.0,20,True,3,True,True,True,3,True,True,True,True,"17,4,6",274.0,82.0,1.2867875702236171,1.1334564685821533
target2_close50_linear29p5,21,nominal,local2d_detector_baseline_target2_close50_linear29p5_seed21_nominal_cpu,median_top80_moderate12_baseline,median,80,moderate12,baseline,12.0,8.0,38,True,3,True,True,True,3,True,True,True,True,"35,3,12",253.0,101.0,1.2341100041704314,0.7651350498199463
target2_close50_linear29p5,21,nominal,local2d_detector_baseline_target2_close50_linear29p5_seed21_nominal_cpu,median_top80_moderate12_single667,median,80,moderate12,single667,12.0,8.0,35,True,3,True,True,True,3,True,True,True,True,"27,1,10",253.0,89.0,1.1596082445036868,0.11908912658691406
target2_close50_linear29p5,21,nominal,local2d_detector_baseline_target2_close50_linear29p5_seed21_nominal_cpu,median_top80_moderate12_wide,median,80,moderate12,wide,12.0,8.0,36,False,2,False,True,True,2,False,False,True,True,"32,5,15",274.0,82.0,1.2867875702236171,1.175170660018921
target2_close50_linear29p5,21,nominal,local2d_detector_baseline_target2_close50_linear29p5_seed21_nominal_cpu,none_top20_dense4_baseline,none,20,dense4,baseline,4.0,4.0,20,False,1,False,True,False,1,False,False,True,False,"7,12,20",272.0,75.0,0.3177869887309461,0.8148119449615479
target2_close50_linear29p5,21,nominal,local2d_detector_baseline_target2_close50_linear29p5_seed21_nominal_cpu,none_top20_dense4_single667,none,20,dense4,single667,4.0,4.0,20,False,1,False,True,False,1,False,False,True,False,"20,4,17",247.0,86.0,0.29235312243317263,0.11381721496582031
target2_close50_linear29p5,21,nominal,local2d_detector_baseline_target2_close50_linear29p5_seed21_nominal_cpu,none_top20_dense4_wide,none,20,dense4,wide,4.0,4.0,20,False,1,False,True,False,1,False,False,True,False,"1,20,15",189.0,75.0,0.34267235809713426,1.2582991123199463
target2_close50_linear29p5,21,nominal,local2d_detector_baseline_target2_close50_linear29p5_seed21_nominal_cpu,none_top20_distinct20_baseline,none,20,distinct20,baseline,20.0,10.0,17,True,3,True,True,True,3,True,True,True,True,"16,3,6",272.0,75.0,0.3177869887309461,0.7118852138519287
target2_close50_linear29p5,21,nominal,local2d_detector_baseline_target2_close50_linear29p5_seed21_nominal_cpu,none_top20_distinct20_single667,none,20,distinct20,single667,20.0,10.0,20,True,3,True,True,True,3,True,True,True,True,"15,1,4",247.0,86.0,0.29235312243317263,0.10273861885070801
target2_close50_linear29p5,21,nominal,local2d_detector_baseline_target2_close50_linear29p5_seed21_nominal_cpu,none_top20_distinct20_wide,none,20,distinct20,wide,20.0,10.0,18,True,3,True,True,True,3,True,True,True,True,"17,6,9",189.0,75.0,0.34267235809713426,1.1218245029449463
target2_close50_linear29p5,21,nominal,local2d_detector_baseline_target2_close50_linear29p5_seed21_nominal_cpu,none_top20_moderate12_baseline,none,20,moderate12,baseline,12.0,8.0,20,False,2,False,True,True,2,False,False,True,True,"20,3,11",272.0,75.0,0.3177869887309461,0.7141082286834717
target2_close50_linear29p5,21,nominal,local2d_detector_baseline_target2_close50_linear29p5_seed21_nominal_cpu,none_top20_moderate12_single667,none,20,moderate12,single667,12.0,8.0,20,False,2,False,True,True,2,False,False,True,True,"12,3,18",247.0,86.0,0.29235312243317263,0.10410833358764648
target2_close50_linear29p5,21,nominal,local2d_detector_baseline_target2_close50_linear29p5_seed21_nominal_cpu,none_top20_moderate12_wide,none,20,moderate12,wide,12.0,8.0,20,False,2,False,True,True,2,False,False,True,True,"1,8,15",189.0,75.0,0.34267235809713426,1.1280393600463867
target2_close50_linear29p5,21,nominal,local2d_detector_baseline_target2_close50_linear29p5_seed21_nominal_cpu,none_top40_dense4_baseline,none,40,dense4,baseline,4.0,4.0,40,False,1,False,True,False,1,False,False,True,False,"27,12,37",272.0,75.0,0.3177869887309461,0.8136866092681885
target2_close50_linear29p5,21,nominal,local2d_detector_baseline_target2_close50_linear29p5_seed21_nominal_cpu,none_top40_dense4_single667,none,40,dense4,single667,4.0,4.0,40,False,2,False,True,True,2,False,False,True,True,"20,4,33",247.0,86.0,0.29235312243317263,0.13294458389282227
target2_close50_linear29p5,21,nominal,local2d_detector_baseline_target2_close50_linear29p5_seed21_nominal_cpu,none_top40_dense4_wide,none,40,dense4,wide,4.0,4.0,40,False,1,False,True,False,1,False,False,True,False,"1,36,26",189.0,75.0,0.34267235809713426,1.2910869121551514
target2_close50_linear29p5,21,nominal,local2d_detector_baseline_target2_close50_linear29p5_seed21_nominal_cpu,none_top40_distinct20_baseline,none,40,distinct20,baseline,20.0,10.0,17,True,3,True,True,True,3,True,True,True,True,"16,3,6",272.0,75.0,0.3177869887309461,0.706099271774292
target2_close50_linear29p5,21,nominal,local2d_detector_baseline_target2_close50_linear29p5_seed21_nominal_cpu,none_top40_distinct20_single667,none,40,distinct20,single667,20.0,10.0,20,True,3,True,True,True,3,True,True,True,True,"15,1,4",247.0,86.0,0.29235312243317263,0.1034235954284668
target2_close50_linear29p5,21,nominal,local2d_detector_baseline_target2_close50_linear29p5_seed21_nominal_cpu,none_top40_distinct20_wide,none,40,distinct20,wide,20.0,10.0,18,True,3,True,True,True,3,True,True,True,True,"17,6,9",189.0,75.0,0.34267235809713426,1.1146364212036133
target2_close50_linear29p5,21,nominal,local2d_detector_baseline_target2_close50_linear29p5_seed21_nominal_cpu,none_top40_moderate12_baseline,none,40,moderate12,baseline,12.0,8.0,37,True,3,True,True,True,3,True,True,True,True,"32,3,11",272.0,75.0,0.3177869887309461,0.7317135334014893
target2_close50_linear29p5,21,nominal,local2d_detector_baseline_target2_close50_linear29p5_seed21_nominal_cpu,none_top40_moderate12_single667,none,40,moderate12,single667,12.0,8.0,37,True,3,True,True,True,3,True,True,True,True,"36,3,18",247.0,86.0,0.29235312243317263,0.11843442916870117
target2_close50_linear29p5,21,nominal,local2d_detector_baseline_target2_close50_linear29p5_seed21_nominal_cpu,none_top40_moderate12_wide,none,40,moderate12,wide,12.0,8.0,35,True,3,True,True,True,3,True,True,True,True,"25,8,15",189.0,75.0,0.34267235809713426,1.1433937549591064
target2_close50_linear29p5,21,nominal,local2d_detector_baseline_target2_close50_linear29p5_seed21_nominal_cpu,none_top80_dense4_baseline,none,80,dense4,baseline,4.0,4.0,80,False,2,False,True,True,2,False,False,True,True,"77,12,69",272.0,75.0,0.3177869887309461,0.9693417549133301
target2_close50_linear29p5,21,nominal,local2d_detector_baseline_target2_close50_linear29p5_seed21_nominal_cpu,none_top80_dense4_single667,none,80,dense4,single667,4.0,4.0,80,False,2,False,True,True,2,False,False,True,True,"72,4,54",247.0,86.0,0.29235312243317263,0.2893393039703369
target2_close50_linear29p5,21,nominal,local2d_detector_baseline_target2_close50_linear29p5_seed21_nominal_cpu,none_top80_dense4_wide,none,80,dense4,wide,4.0,4.0,80,False,1,False,True,False,1,False,False,True,False,"54,36,57",189.0,75.0,0.34267235809713426,1.462517261505127
target2_close50_linear29p5,21,nominal,local2d_detector_baseline_target2_close50_linear29p5_seed21_nominal_cpu,none_top80_distinct20_baseline,none,80,distinct20,baseline,20.0,10.0,17,True,3,True,True,True,3,True,True,True,True,"16,3,6",272.0,75.0,0.3177869887309461,0.712623119354248
target2_close50_linear29p5,21,nominal,local2d_detector_baseline_target2_close50_linear29p5_seed21_nominal_cpu,none_top80_distinct20_single667,none,80,distinct20,single667,20.0,10.0,20,True,3,True,True,True,3,True,True,True,True,"15,1,4",247.0,86.0,0.29235312243317263,0.1031959056854248
target2_close50_linear29p5,21,nominal,local2d_detector_baseline_target2_close50_linear29p5_seed21_nominal_cpu,none_top80_distinct20_wide,none,80,distinct20,wide,20.0,10.0,18,True,3,True,True,True,3,True,True,True,True,"17,6,9",189.0,75.0,0.34267235809713426,1.1214385032653809
target2_close50_linear29p5,21,nominal,local2d_detector_baseline_target2_close50_linear29p5_seed21_nominal_cpu,none_top80_moderate12_baseline,none,80,moderate12,baseline,12.0,8.0,37,True,3,True,True,True,3,True,True,True,True,"32,3,11",272.0,75.0,0.3177869887309461,0.7329819202423096
target2_close50_linear29p5,21,nominal,local2d_detector_baseline_target2_close50_linear29p5_seed21_nominal_cpu,none_top80_moderate12_single667,none,80,moderate12,single667,12.0,8.0,37,True,3,True,True,True,3,True,True,True,True,"36,3,18",247.0,86.0,0.29235312243317263,0.12056112289428711
target2_close50_linear29p5,21,nominal,local2d_detector_baseline_target2_close50_linear29p5_seed21_nominal_cpu,none_top80_moderate12_wide,none,80,moderate12,wide,12.0,8.0,35,True,3,True,True,True,3,True,True,True,True,"25,8,15",189.0,75.0,0.34267235809713426,1.1450021266937256
target2_close50_linear29p5,21,source_mismatch,local2d_detector_baseline_target2_close50_linear29p5_seed21_source_mismatch_cpu,mean_top20_dense4_baseline,mean,20,dense4,baseline,4.0,4.0,20,False,1,False,True,False,1,False,False,True,False,"9,3,8",252.0,82.0,1.006896497698903,0.789046049118042
target2_close50_linear29p5,21,source_mismatch,local2d_detector_baseline_target2_close50_linear29p5_seed21_source_mismatch_cpu,mean_top20_dense4_single667,mean,20,dense4,single667,4.0,4.0,20,False,1,False,True,False,1,False,False,True,False,"19,12,16",252.0,75.0,0.9355954179689464,0.11370849609375
target2_close50_linear29p5,21,source_mismatch,local2d_detector_baseline_target2_close50_linear29p5_seed21_source_mismatch_cpu,mean_top20_dense4_wide,mean,20,dense4,wide,4.0,4.0,20,False,1,False,True,False,1,False,False,True,False,"8,11,19",269.0,76.0,1.0222895658093263,1.2642769813537598
target2_close50_linear29p5,21,source_mismatch,local2d_detector_baseline_target2_close50_linear29p5_seed21_source_mismatch_cpu,mean_top20_distinct20_baseline,mean,20,distinct20,baseline,20.0,10.0,20,True,3,True,True,True,3,True,True,True,True,"12,2,9",252.0,82.0,1.006896497698903,0.7166285514831543
target2_close50_linear29p5,21,source_mismatch,local2d_detector_baseline_target2_close50_linear29p5_seed21_source_mismatch_cpu,mean_top20_distinct20_single667,mean,20,distinct20,single667,20.0,10.0,19,False,2,False,True,True,2,False,False,True,True,"14,2,13",252.0,75.0,0.9355954179689464,0.10284209251403809
target2_close50_linear29p5,21,source_mismatch,local2d_detector_baseline_target2_close50_linear29p5_seed21_source_mismatch_cpu,mean_top20_distinct20_wide,mean,20,distinct20,wide,20.0,10.0,19,True,3,True,True,True,3,True,True,True,True,"11,2,10",269.0,76.0,1.0222895658093263,1.1261494159698486
target2_close50_linear29p5,21,source_mismatch,local2d_detector_baseline_target2_close50_linear29p5_seed21_source_mismatch_cpu,mean_top20_moderate12_baseline,mean,20,moderate12,baseline,12.0,8.0,20,True,3,True,True,True,3,True,True,True,True,"17,2,16",252.0,82.0,1.006896497698903,0.7249412536621094
target2_close50_linear29p5,21,source_mismatch,local2d_detector_baseline_target2_close50_linear29p5_seed21_source_mismatch_cpu,mean_top20_moderate12_single667,mean,20,moderate12,single667,12.0,8.0,20,False,2,False,True,True,2,False,False,True,True,"8,11,16",252.0,75.0,0.9355954179689464,0.10468912124633789
target2_close50_linear29p5,21,source_mismatch,local2d_detector_baseline_target2_close50_linear29p5_seed21_source_mismatch_cpu,mean_top20_moderate12_wide,mean,20,moderate12,wide,12.0,8.0,20,True,3,True,True,True,3,True,True,True,True,"19,4,18",269.0,76.0,1.0222895658093263,1.1354706287384033
target2_close50_linear29p5,21,source_mismatch,local2d_detector_baseline_target2_close50_linear29p5_seed21_source_mismatch_cpu,mean_top40_dense4_baseline,mean,40,dense4,baseline,4.0,4.0,40,False,1,False,True,False,1,False,False,True,False,"33,9,32",252.0,82.0,1.006896497698903,0.8185300827026367
target2_close50_linear29p5,21,source_mismatch,local2d_detector_baseline_target2_close50_linear29p5_seed21_source_mismatch_cpu,mean_top40_dense4_single667,mean,40,dense4,single667,4.0,4.0,40,False,1,False,True,False,1,False,False,True,False,"25,12,38",252.0,75.0,0.9355954179689464,0.13214516639709473
target2_close50_linear29p5,21,source_mismatch,local2d_detector_baseline_target2_close50_linear29p5_seed21_source_mismatch_cpu,mean_top40_dense4_wide,mean,40,dense4,wide,4.0,4.0,40,False,1,False,True,False,1,False,False,True,False,"33,25,31",269.0,76.0,1.0222895658093263,1.290726661682129
target2_close50_linear29p5,21,source_mismatch,local2d_detector_baseline_target2_close50_linear29p5_seed21_source_mismatch_cpu,mean_top40_distinct20_baseline,mean,40,distinct20,baseline,20.0,10.0,20,True,3,True,True,True,3,True,True,True,True,"12,2,9",252.0,82.0,1.006896497698903,0.7165567874908447
target2_close50_linear29p5,21,source_mismatch,local2d_detector_baseline_target2_close50_linear29p5_seed21_source_mismatch_cpu,mean_top40_distinct20_single667,mean,40,distinct20,single667,20.0,10.0,19,False,2,False,True,True,2,False,False,True,True,"14,2,13",252.0,75.0,0.9355954179689464,0.10428404808044434
target2_close50_linear29p5,21,source_mismatch,local2d_detector_baseline_target2_close50_linear29p5_seed21_source_mismatch_cpu,mean_top40_distinct20_wide,mean,40,distinct20,wide,20.0,10.0,19,True,3,True,True,True,3,True,True,True,True,"11,2,10",269.0,76.0,1.0222895658093263,1.1261770725250244
target2_close50_linear29p5,21,source_mismatch,local2d_detector_baseline_target2_close50_linear29p5_seed21_source_mismatch_cpu,mean_top40_moderate12_baseline,mean,40,moderate12,baseline,12.0,8.0,36,True,3,True,True,True,3,True,True,True,True,"17,2,24",252.0,82.0,1.006896497698903,0.7369987964630127
target2_close50_linear29p5,21,source_mismatch,local2d_detector_baseline_target2_close50_linear29p5_seed21_source_mismatch_cpu,mean_top40_moderate12_single667,mean,40,moderate12,single667,12.0,8.0,39,True,3,True,True,True,3,True,True,True,True,"33,11,24",252.0,75.0,0.9355954179689464,0.12125873565673828
target2_close50_linear29p5,21,source_mismatch,local2d_detector_baseline_target2_close50_linear29p5_seed21_source_mismatch_cpu,mean_top40_moderate12_wide,mean,40,moderate12,wide,12.0,8.0,35,True,3,True,True,True,3,True,True,True,True,"19,4,18",269.0,76.0,1.0222895658093263,1.1543583869934082
target2_close50_linear29p5,21,source_mismatch,local2d_detector_baseline_target2_close50_linear29p5_seed21_source_mismatch_cpu,mean_top80_dense4_baseline,mean,80,dense4,baseline,4.0,4.0,80,True,3,True,True,True,3,True,True,True,True,"76,9,71",252.0,82.0,1.006896497698903,0.9698412418365479
target2_close50_linear29p5,21,source_mismatch,local2d_detector_baseline_target2_close50_linear29p5_seed21_source_mismatch_cpu,mean_top80_dense4_single667,mean,80,dense4,single667,4.0,4.0,80,False,2,False,True,True,3,True,True,True,True,"54,12,61",252.0,75.0,0.9355954179689464,0.2864198684692383
target2_close50_linear29p5,21,source_mismatch,local2d_detector_baseline_target2_close50_linear29p5_seed21_source_mismatch_cpu,mean_top80_dense4_wide,mean,80,dense4,wide,4.0,4.0,80,False,2,False,True,True,2,False,False,True,True,"63,25,74",269.0,76.0,1.0222895658093263,1.4469034671783447
target2_close50_linear29p5,21,source_mismatch,local2d_detector_baseline_target2_close50_linear29p5_seed21_source_mismatch_cpu,mean_top80_distinct20_baseline,mean,80,distinct20,baseline,20.0,10.0,20,True,3,True,True,True,3,True,True,True,True,"12,2,9",252.0,82.0,1.006896497698903,0.7107381820678711
target2_close50_linear29p5,21,source_mismatch,local2d_detector_baseline_target2_close50_linear29p5_seed21_source_mismatch_cpu,mean_top80_distinct20_single667,mean,80,distinct20,single667,20.0,10.0,19,False,2,False,True,True,2,False,False,True,True,"14,2,13",252.0,75.0,0.9355954179689464,0.10254883766174316
target2_close50_linear29p5,21,source_mismatch,local2d_detector_baseline_target2_close50_linear29p5_seed21_source_mismatch_cpu,mean_top80_distinct20_wide,mean,80,distinct20,wide,20.0,10.0,19,True,3,True,True,True,3,True,True,True,True,"11,2,10",269.0,76.0,1.0222895658093263,1.1185946464538574
target2_close50_linear29p5,21,source_mismatch,local2d_detector_baseline_target2_close50_linear29p5_seed21_source_mismatch_cpu,mean_top80_moderate12_baseline,mean,80,moderate12,baseline,12.0,8.0,36,True,3,True,True,True,3,True,True,True,True,"17,2,24",252.0,82.0,1.006896497698903,0.737891435623169
target2_close50_linear29p5,21,source_mismatch,local2d_detector_baseline_target2_close50_linear29p5_seed21_source_mismatch_cpu,mean_top80_moderate12_single667,mean,80,moderate12,single667,12.0,8.0,39,True,3,True,True,True,3,True,True,True,True,"33,11,24",252.0,75.0,0.9355954179689464,0.12071824073791504
target2_close50_linear29p5,21,source_mismatch,local2d_detector_baseline_target2_close50_linear29p5_seed21_source_mismatch_cpu,mean_top80_moderate12_wide,mean,80,moderate12,wide,12.0,8.0,35,True,3,True,True,True,3,True,True,True,True,"19,4,18",269.0,76.0,1.0222895658093263,1.1484596729278564
target2_close50_linear29p5,21,source_mismatch,local2d_detector_baseline_target2_close50_linear29p5_seed21_source_mismatch_cpu,median_top20_dense4_baseline,median,20,dense4,baseline,4.0,4.0,20,False,1,False,True,False,1,False,False,True,False,"16,7,14",252.0,82.0,1.1262611163273062,0.7922573089599609
target2_close50_linear29p5,21,source_mismatch,local2d_detector_baseline_target2_close50_linear29p5_seed21_source_mismatch_cpu,median_top20_dense4_single667,median,20,dense4,single667,4.0,4.0,20,False,1,False,True,False,1,False,False,True,False,"12,16,18",252.0,75.0,1.059046393995338,0.11452341079711914
target2_close50_linear29p5,21,source_mismatch,local2d_detector_baseline_target2_close50_linear29p5_seed21_source_mismatch_cpu,median_top20_dense4_wide,median,20,dense4,wide,4.0,4.0,20,False,1,False,True,False,1,False,False,True,False,"19,17,16",276.0,75.0,1.1269329637787897,1.2701337337493896
target2_close50_linear29p5,21,source_mismatch,local2d_detector_baseline_target2_close50_linear29p5_seed21_source_mismatch_cpu,median_top20_distinct20_baseline,median,20,distinct20,baseline,20.0,10.0,16,True,3,True,True,True,3,True,True,True,True,"11,2,6",252.0,82.0,1.1262611163273062,0.708688497543335
target2_close50_linear29p5,21,source_mismatch,local2d_detector_baseline_target2_close50_linear29p5_seed21_source_mismatch_cpu,median_top20_distinct20_single667,median,20,distinct20,single667,20.0,10.0,17,False,2,False,True,True,2,False,False,True,True,"13,2,11",252.0,75.0,1.059046393995338,0.10210728645324707
target2_close50_linear29p5,21,source_mismatch,local2d_detector_baseline_target2_close50_linear29p5_seed21_source_mismatch_cpu,median_top20_distinct20_wide,median,20,distinct20,wide,20.0,10.0,17,True,3,True,True,True,3,True,True,True,True,"12,2,6",276.0,75.0,1.1269329637787897,1.1184091567993164
target2_close50_linear29p5,21,source_mismatch,local2d_detector_baseline_target2_close50_linear29p5_seed21_source_mismatch_cpu,median_top20_moderate12_baseline,median,20,moderate12,baseline,12.0,8.0,20,False,2,False,True,True,2,False,False,True,True,"16,2,19",252.0,82.0,1.1262611163273062,0.714510440826416
target2_close50_linear29p5,21,source_mismatch,local2d_detector_baseline_target2_close50_linear29p5_seed21_source_mismatch_cpu,median_top20_moderate12_single667,median,20,moderate12,single667,12.0,8.0,20,False,2,True,True,False,2,False,True,True,False,"14,2,5",252.0,75.0,1.059046393995338,0.10448813438415527
target2_close50_linear29p5,21,source_mismatch,local2d_detector_baseline_target2_close50_linear29p5_seed21_source_mismatch_cpu,median_top20_moderate12_wide,median,20,moderate12,wide,12.0,8.0,20,False,2,False,True,True,2,False,False,True,True,"18,2,13",276.0,75.0,1.1269329637787897,1.127997636795044
target2_close50_linear29p5,21,source_mismatch,local2d_detector_baseline_target2_close50_linear29p5_seed21_source_mismatch_cpu,median_top40_dense4_baseline,median,40,dense4,baseline,4.0,4.0,40,False,2,False,True,True,2,False,False,True,True,"30,7,39",252.0,82.0,1.1262611163273062,0.8078956604003906
target2_close50_linear29p5,21,source_mismatch,local2d_detector_baseline_target2_close50_linear29p5_seed21_source_mismatch_cpu,median_top40_dense4_single667,median,40,dense4,single667,4.0,4.0,40,False,1,False,True,False,1,False,False,True,False,"32,16,18",252.0,75.0,1.059046393995338,0.1330716609954834
target2_close50_linear29p5,21,source_mismatch,local2d_detector_baseline_target2_close50_linear29p5_seed21_source_mismatch_cpu,median_top40_dense4_wide,median,40,dense4,wide,4.0,4.0,40,False,1,False,True,False,1,False,False,True,False,"30,17,29",276.0,75.0,1.1269329637787897,1.2892723083496094
target2_close50_linear29p5,21,source_mismatch,local2d_detector_baseline_target2_close50_linear29p5_seed21_source_mismatch_cpu,median_top40_distinct20_baseline,median,40,distinct20,baseline,20.0,10.0,16,True,3,True,True,True,3,True,True,True,True,"11,2,6",252.0,82.0,1.1262611163273062,0.7087101936340332
target2_close50_linear29p5,21,source_mismatch,local2d_detector_baseline_target2_close50_linear29p5_seed21_source_mismatch_cpu,median_top40_distinct20_single667,median,40,distinct20,single667,20.0,10.0,17,False,2,False,True,True,2,False,False,True,True,"13,2,11",252.0,75.0,1.059046393995338,0.10249996185302734
target2_close50_linear29p5,21,source_mismatch,local2d_detector_baseline_target2_close50_linear29p5_seed21_source_mismatch_cpu,median_top40_distinct20_wide,median,40,distinct20,wide,20.0,10.0,17,True,3,True,True,True,3,True,True,True,True,"12,2,6",276.0,75.0,1.1269329637787897,1.1179394721984863
target2_close50_linear29p5,21,source_mismatch,local2d_detector_baseline_target2_close50_linear29p5_seed21_source_mismatch_cpu,median_top40_moderate12_baseline,median,40,moderate12,baseline,12.0,8.0,33,True,3,True,True,True,3,True,True,True,True,"22,2,19",252.0,82.0,1.1262611163273062,0.7251908779144287
target2_close50_linear29p5,21,source_mismatch,local2d_detector_baseline_target2_close50_linear29p5_seed21_source_mismatch_cpu,median_top40_moderate12_single667,median,40,moderate12,single667,12.0,8.0,36,True,3,True,True,True,3,True,True,True,True,"35,2,26",252.0,75.0,1.059046393995338,0.11683773994445801
target2_close50_linear29p5,21,source_mismatch,local2d_detector_baseline_target2_close50_linear29p5_seed21_source_mismatch_cpu,median_top40_moderate12_wide,median,40,moderate12,wide,12.0,8.0,35,True,3,True,True,True,3,True,True,True,True,"21,2,13",276.0,75.0,1.1269329637787897,1.1445612907409668
target2_close50_linear29p5,21,source_mismatch,local2d_detector_baseline_target2_close50_linear29p5_seed21_source_mismatch_cpu,median_top80_dense4_baseline,median,80,dense4,baseline,4.0,4.0,80,False,2,False,True,True,2,False,False,True,True,"80,7,63",252.0,82.0,1.1262611163273062,0.9673986434936523
target2_close50_linear29p5,21,source_mismatch,local2d_detector_baseline_target2_close50_linear29p5_seed21_source_mismatch_cpu,median_top80_dense4_single667,median,80,dense4,single667,4.0,4.0,80,False,2,False,True,True,3,True,True,True,True,"55,16,64",252.0,75.0,1.059046393995338,0.2908618450164795
target2_close50_linear29p5,21,source_mismatch,local2d_detector_baseline_target2_close50_linear29p5_seed21_source_mismatch_cpu,median_top80_dense4_wide,median,80,dense4,wide,4.0,4.0,80,False,2,False,True,True,2,False,False,True,True,"56,17,59",276.0,75.0,1.1269329637787897,1.4200403690338135
target2_close50_linear29p5,21,source_mismatch,local2d_detector_baseline_target2_close50_linear29p5_seed21_source_mismatch_cpu,median_top80_distinct20_baseline,median,80,distinct20,baseline,20.0,10.0,16,True,3,True,True,True,3,True,True,True,True,"11,2,6",252.0,82.0,1.1262611163273062,0.7065339088439941
target2_close50_linear29p5,21,source_mismatch,local2d_detector_baseline_target2_close50_linear29p5_seed21_source_mismatch_cpu,median_top80_distinct20_single667,median,80,distinct20,single667,20.0,10.0,17,False,2,False,True,True,2,False,False,True,True,"13,2,11",252.0,75.0,1.059046393995338,0.10193538665771484
target2_close50_linear29p5,21,source_mismatch,local2d_detector_baseline_target2_close50_linear29p5_seed21_source_mismatch_cpu,median_top80_distinct20_wide,median,80,distinct20,wide,20.0,10.0,17,True,3,True,True,True,3,True,True,True,True,"12,2,6",276.0,75.0,1.1269329637787897,1.1185886859893799
target2_close50_linear29p5,21,source_mismatch,local2d_detector_baseline_target2_close50_linear29p5_seed21_source_mismatch_cpu,median_top80_moderate12_baseline,median,80,moderate12,baseline,12.0,8.0,33,True,3,True,True,True,3,True,True,True,True,"22,2,19",252.0,82.0,1.1262611163273062,0.7443952560424805
target2_close50_linear29p5,21,source_mismatch,local2d_detector_baseline_target2_close50_linear29p5_seed21_source_mismatch_cpu,median_top80_moderate12_single667,median,80,moderate12,single667,12.0,8.0,36,True,3,True,True,True,3,True,True,True,True,"35,2,26",252.0,75.0,1.059046393995338,0.11668205261230469
target2_close50_linear29p5,21,source_mismatch,local2d_detector_baseline_target2_close50_linear29p5_seed21_source_mismatch_cpu,median_top80_moderate12_wide,median,80,moderate12,wide,12.0,8.0,35,True,3,True,True,True,3,True,True,True,True,"21,2,13",276.0,75.0,1.1269329637787897,1.143324375152588
target2_close50_linear29p5,21,source_mismatch,local2d_detector_baseline_target2_close50_linear29p5_seed21_source_mismatch_cpu,none_top20_dense4_baseline,none,20,dense4,baseline,4.0,4.0,20,False,1,False,True,False,1,False,False,True,False,"17,4,19",249.0,78.0,0.3254858638480844,0.8110101222991943
target2_close50_linear29p5,21,source_mismatch,local2d_detector_baseline_target2_close50_linear29p5_seed21_source_mismatch_cpu,none_top20_dense4_single667,none,20,dense4,single667,4.0,4.0,20,False,1,False,True,False,1,False,False,True,False,"15,13,18",252.0,75.0,0.3090727369983551,0.11428332328796387
target2_close50_linear29p5,21,source_mismatch,local2d_detector_baseline_target2_close50_linear29p5_seed21_source_mismatch_cpu,none_top20_dense4_wide,none,20,dense4,wide,4.0,4.0,20,False,1,False,True,False,1,False,False,True,False,"12,20,18",275.0,76.0,0.34728902837597303,1.2491257190704346
target2_close50_linear29p5,21,source_mismatch,local2d_detector_baseline_target2_close50_linear29p5_seed21_source_mismatch_cpu,none_top20_distinct20_baseline,none,20,distinct20,baseline,20.0,10.0,17,True,3,True,True,True,3,True,True,True,True,"12,2,6",249.0,78.0,0.3254858638480844,0.7128758430480957
target2_close50_linear29p5,21,source_mismatch,local2d_detector_baseline_target2_close50_linear29p5_seed21_source_mismatch_cpu,none_top20_distinct20_single667,none,20,distinct20,single667,20.0,10.0,20,False,2,True,True,False,2,False,True,True,False,"17,2,16",252.0,75.0,0.3090727369983551,0.10273289680480957
target2_close50_linear29p5,21,source_mismatch,local2d_detector_baseline_target2_close50_linear29p5_seed21_source_mismatch_cpu,none_top20_distinct20_wide,none,20,distinct20,wide,20.0,10.0,18,False,2,False,True,True,2,False,False,True,True,"13,4,8",275.0,76.0,0.34728902837597303,1.118088722229004
target2_close50_linear29p5,21,source_mismatch,local2d_detector_baseline_target2_close50_linear29p5_seed21_source_mismatch_cpu,none_top20_moderate12_baseline,none,20,moderate12,baseline,12.0,8.0,20,True,3,True,True,True,3,True,True,True,True,"15,2,9",249.0,78.0,0.3254858638480844,0.7152314186096191
target2_close50_linear29p5,21,source_mismatch,local2d_detector_baseline_target2_close50_linear29p5_seed21_source_mismatch_cpu,none_top20_moderate12_single667,none,20,moderate12,single667,12.0,8.0,20,False,1,False,True,False,1,False,False,True,False,"6,11,5",252.0,75.0,0.3090727369983551,0.10393118858337402
target2_close50_linear29p5,21,source_mismatch,local2d_detector_baseline_target2_close50_linear29p5_seed21_source_mismatch_cpu,none_top20_moderate12_wide,none,20,moderate12,wide,12.0,8.0,20,True,3,True,True,True,3,True,True,True,True,"19,4,17",275.0,76.0,0.34728902837597303,1.1254169940948486
target2_close50_linear29p5,21,source_mismatch,local2d_detector_baseline_target2_close50_linear29p5_seed21_source_mismatch_cpu,none_top40_dense4_baseline,none,40,dense4,baseline,4.0,4.0,40,False,2,False,True,True,2,False,False,True,True,"31,4,38",249.0,78.0,0.3254858638480844,0.8100080490112305
target2_close50_linear29p5,21,source_mismatch,local2d_detector_baseline_target2_close50_linear29p5_seed21_source_mismatch_cpu,none_top40_dense4_single667,none,40,dense4,single667,4.0,4.0,40,False,1,False,True,False,1,False,False,True,False,"23,13,18",252.0,75.0,0.3090727369983551,0.13287019729614258
target2_close50_linear29p5,21,source_mismatch,local2d_detector_baseline_target2_close50_linear29p5_seed21_source_mismatch_cpu,none_top40_dense4_wide,none,40,dense4,wide,4.0,4.0,40,False,1,False,True,False,1,False,False,True,False,"37,20,36",275.0,76.0,0.34728902837597303,1.2847073078155518
target2_close50_linear29p5,21,source_mismatch,local2d_detector_baseline_target2_close50_linear29p5_seed21_source_mismatch_cpu,none_top40_distinct20_baseline,none,40,distinct20,baseline,20.0,10.0,17,True,3,True,True,True,3,True,True,True,True,"12,2,6",249.0,78.0,0.3254858638480844,0.7083885669708252
target2_close50_linear29p5,21,source_mismatch,local2d_detector_baseline_target2_close50_linear29p5_seed21_source_mismatch_cpu,none_top40_distinct20_single667,none,40,distinct20,single667,20.0,10.0,20,False,2,True,True,False,2,False,True,True,False,"17,2,16",252.0,75.0,0.3090727369983551,0.10321307182312012
target2_close50_linear29p5,21,source_mismatch,local2d_detector_baseline_target2_close50_linear29p5_seed21_source_mismatch_cpu,none_top40_distinct20_wide,none,40,distinct20,wide,20.0,10.0,18,False,2,False,True,True,2,False,False,True,True,"13,4,8",275.0,76.0,0.34728902837597303,1.116304874420166
target2_close50_linear29p5,21,source_mismatch,local2d_detector_baseline_target2_close50_linear29p5_seed21_source_mismatch_cpu,none_top40_moderate12_baseline,none,40,moderate12,baseline,12.0,8.0,38,True,3,True,True,True,3,True,True,True,True,"30,2,9",249.0,78.0,0.3254858638480844,0.7347800731658936
target2_close50_linear29p5,21,source_mismatch,local2d_detector_baseline_target2_close50_linear29p5_seed21_source_mismatch_cpu,none_top40_moderate12_single667,none,40,moderate12,single667,12.0,8.0,37,True,3,True,True,True,3,True,True,True,True,"34,11,26",252.0,75.0,0.3090727369983551,0.11876487731933594
target2_close50_linear29p5,21,source_mismatch,local2d_detector_baseline_target2_close50_linear29p5_seed21_source_mismatch_cpu,none_top40_moderate12_wide,none,40,moderate12,wide,12.0,8.0,36,True,3,True,True,True,3,True,True,True,True,"35,4,17",275.0,76.0,0.34728902837597303,1.1394195556640625
target2_close50_linear29p5,21,source_mismatch,local2d_detector_baseline_target2_close50_linear29p5_seed21_source_mismatch_cpu,none_top80_dense4_baseline,none,80,dense4,baseline,4.0,4.0,80,True,3,True,True,True,3,True,True,True,True,"65,4,54",249.0,78.0,0.3254858638480844,0.965491771697998
target2_close50_linear29p5,21,source_mismatch,local2d_detector_baseline_target2_close50_linear29p5_seed21_source_mismatch_cpu,none_top80_dense4_single667,none,80,dense4,single667,4.0,4.0,80,False,2,False,True,True,2,False,False,True,True,"23,13,50",252.0,75.0,0.3090727369983551,0.28821849822998047
target2_close50_linear29p5,21,source_mismatch,local2d_detector_baseline_target2_close50_linear29p5_seed21_source_mismatch_cpu,none_top80_dense4_wide,none,80,dense4,wide,4.0,4.0,80,False,2,False,True,True,2,False,False,True,True,"70,20,75",275.0,76.0,0.34728902837597303,1.4412531852722168
target2_close50_linear29p5,21,source_mismatch,local2d_detector_baseline_target2_close50_linear29p5_seed21_source_mismatch_cpu,none_top80_distinct20_baseline,none,80,distinct20,baseline,20.0,10.0,17,True,3,True,True,True,3,True,True,True,True,"12,2,6",249.0,78.0,0.3254858638480844,0.7133162021636963
target2_close50_linear29p5,21,source_mismatch,local2d_detector_baseline_target2_close50_linear29p5_seed21_source_mismatch_cpu,none_top80_distinct20_single667,none,80,distinct20,single667,20.0,10.0,20,False,2,True,True,False,2,False,True,True,False,"17,2,16",252.0,75.0,0.3090727369983551,0.1031804084777832
target2_close50_linear29p5,21,source_mismatch,local2d_detector_baseline_target2_close50_linear29p5_seed21_source_mismatch_cpu,none_top80_distinct20_wide,none,80,distinct20,wide,20.0,10.0,18,False,2,False,True,True,2,False,False,True,True,"13,4,8",275.0,76.0,0.34728902837597303,1.1216626167297363
target2_close50_linear29p5,21,source_mismatch,local2d_detector_baseline_target2_close50_linear29p5_seed21_source_mismatch_cpu,none_top80_moderate12_baseline,none,80,moderate12,baseline,12.0,8.0,38,True,3,True,True,True,3,True,True,True,True,"30,2,9",249.0,78.0,0.3254858638480844,0.7360658645629883
target2_close50_linear29p5,21,source_mismatch,local2d_detector_baseline_target2_close50_linear29p5_seed21_source_mismatch_cpu,none_top80_moderate12_single667,none,80,moderate12,single667,12.0,8.0,37,True,3,True,True,True,3,True,True,True,True,"34,11,26",252.0,75.0,0.3090727369983551,0.1197512149810791
target2_close50_linear29p5,21,source_mismatch,local2d_detector_baseline_target2_close50_linear29p5_seed21_source_mismatch_cpu,none_top80_moderate12_wide,none,80,moderate12,wide,12.0,8.0,36,True,3,True,True,True,3,True,True,True,True,"35,4,17",275.0,76.0,0.34728902837597303,1.1511070728302002
target2_close50_linear29p5,34,nominal,local2d_detector_baseline_target2_close50_linear29p5_seed34_nominal_cpu,mean_top20_dense4_baseline,mean,20,dense4,baseline,4.0,4.0,20,False,1,False,True,False,1,False,False,True,False,"12,15,3",272.0,76.0,1.0470487307943048,0.7939515113830566
target2_close50_linear29p5,34,nominal,local2d_detector_baseline_target2_close50_linear29p5_seed34_nominal_cpu,mean_top20_dense4_single667,mean,20,dense4,single667,4.0,4.0,20,False,1,False,True,False,1,False,False,True,False,"12,7,13",254.0,79.0,1.003039352933472,0.11458015441894531
target2_close50_linear29p5,34,nominal,local2d_detector_baseline_target2_close50_linear29p5_seed34_nominal_cpu,mean_top20_dense4_wide,mean,20,dense4,wide,4.0,4.0,20,False,1,False,True,False,1,False,False,True,False,"14,15,16",276.0,82.0,1.0831458371984146,1.2644240856170654
target2_close50_linear29p5,34,nominal,local2d_detector_baseline_target2_close50_linear29p5_seed34_nominal_cpu,mean_top20_distinct20_baseline,mean,20,distinct20,baseline,20.0,10.0,20,True,3,True,True,True,3,True,True,True,True,"16,2,10",272.0,76.0,1.0470487307943048,0.7325725555419922
target2_close50_linear29p5,34,nominal,local2d_detector_baseline_target2_close50_linear29p5_seed34_nominal_cpu,mean_top20_distinct20_single667,mean,20,distinct20,single667,20.0,10.0,19,False,2,False,True,True,3,True,True,True,True,"14,2,7",254.0,79.0,1.003039352933472,0.10707855224609375
target2_close50_linear29p5,34,nominal,local2d_detector_baseline_target2_close50_linear29p5_seed34_nominal_cpu,mean_top20_distinct20_wide,mean,20,distinct20,wide,20.0,10.0,20,True,3,True,True,True,3,True,True,True,True,"17,3,8",276.0,82.0,1.0831458371984146,1.1507160663604736
target2_close50_linear29p5,34,nominal,local2d_detector_baseline_target2_close50_linear29p5_seed34_nominal_cpu,mean_top20_moderate12_baseline,mean,20,moderate12,baseline,12.0,8.0,20,False,2,False,True,True,2,False,False,True,True,"15,6,14",272.0,76.0,1.0470487307943048,0.7416598796844482
target2_close50_linear29p5,34,nominal,local2d_detector_baseline_target2_close50_linear29p5_seed34_nominal_cpu,mean_top20_moderate12_single667,mean,20,moderate12,single667,12.0,8.0,20,False,2,False,True,True,2,False,False,True,True,"15,2,17",254.0,79.0,1.003039352933472,0.1055154800415039
target2_close50_linear29p5,34,nominal,local2d_detector_baseline_target2_close50_linear29p5_seed34_nominal_cpu,mean_top20_moderate12_wide,mean,20,moderate12,wide,12.0,8.0,20,False,2,False,True,True,2,False,False,True,True,"20,10,18",276.0,82.0,1.0831458371984146,1.1687979698181152
target2_close50_linear29p5,34,nominal,local2d_detector_baseline_target2_close50_linear29p5_seed34_nominal_cpu,mean_top40_dense4_baseline,mean,40,dense4,baseline,4.0,4.0,40,False,1,False,True,False,1,False,False,True,False,"31,15,39",272.0,76.0,1.0470487307943048,0.8359279632568359
target2_close50_linear29p5,34,nominal,local2d_detector_baseline_target2_close50_linear29p5_seed34_nominal_cpu,mean_top40_dense4_single667,mean,40,dense4,single667,4.0,4.0,40,False,2,False,True,True,2,False,False,True,True,"36,7,38",254.0,79.0,1.003039352933472,0.1383349895477295
target2_close50_linear29p5,34,nominal,local2d_detector_baseline_target2_close50_linear29p5_seed34_nominal_cpu,mean_top40_dense4_wide,mean,40,dense4,wide,4.0,4.0,40,False,1,False,True,False,1,False,False,True,False,"38,27,35",276.0,82.0,1.0831458371984146,1.3207602500915527
target2_close50_linear29p5,34,nominal,local2d_detector_baseline_target2_close50_linear29p5_seed34_nominal_cpu,mean_top40_distinct20_baseline,mean,40,distinct20,baseline,20.0,10.0,20,True,3,True,True,True,3,True,True,True,True,"16,2,10",272.0,76.0,1.0470487307943048,0.7310085296630859
target2_close50_linear29p5,34,nominal,local2d_detector_baseline_target2_close50_linear29p5_seed34_nominal_cpu,mean_top40_distinct20_single667,mean,40,distinct20,single667,20.0,10.0,19,False,2,False,True,True,3,True,True,True,True,"14,2,7",254.0,79.0,1.003039352933472,0.10677599906921387
target2_close50_linear29p5,34,nominal,local2d_detector_baseline_target2_close50_linear29p5_seed34_nominal_cpu,mean_top40_distinct20_wide,mean,40,distinct20,wide,20.0,10.0,20,True,3,True,True,True,3,True,True,True,True,"17,3,8",276.0,82.0,1.0831458371984146,1.1493332386016846
target2_close50_linear29p5,34,nominal,local2d_detector_baseline_target2_close50_linear29p5_seed34_nominal_cpu,mean_top40_moderate12_baseline,mean,40,moderate12,baseline,12.0,8.0,35,True,3,True,True,True,3,True,True,True,True,"31,6,14",272.0,76.0,1.0470487307943048,0.7559752464294434
target2_close50_linear29p5,34,nominal,local2d_detector_baseline_target2_close50_linear29p5_seed34_nominal_cpu,mean_top40_moderate12_single667,mean,40,moderate12,single667,12.0,8.0,38,True,3,True,True,True,3,True,True,True,True,"37,2,17",254.0,79.0,1.003039352933472,0.12450766563415527
target2_close50_linear29p5,34,nominal,local2d_detector_baseline_target2_close50_linear29p5_seed34_nominal_cpu,mean_top40_moderate12_wide,mean,40,moderate12,wide,12.0,8.0,36,True,3,True,True,True,3,True,True,True,True,"29,10,18",276.0,82.0,1.0831458371984146,1.1802046298980713
target2_close50_linear29p5,34,nominal,local2d_detector_baseline_target2_close50_linear29p5_seed34_nominal_cpu,mean_top80_dense4_baseline,mean,80,dense4,baseline,4.0,4.0,80,False,2,False,True,True,2,False,False,True,True,"70,15,71",272.0,76.0,1.0470487307943048,0.9928402900695801
target2_close50_linear29p5,34,nominal,local2d_detector_baseline_target2_close50_linear29p5_seed34_nominal_cpu,mean_top80_dense4_single667,mean,80,dense4,single667,4.0,4.0,80,False,2,False,True,True,2,False,False,True,True,"77,7,66",254.0,79.0,1.003039352933472,0.29920196533203125
target2_close50_linear29p5,34,nominal,local2d_detector_baseline_target2_close50_linear29p5_seed34_nominal_cpu,mean_top80_dense4_wide,mean,80,dense4,wide,4.0,4.0,80,False,1,False,True,False,1,False,False,True,False,"68,27,70",276.0,82.0,1.0831458371984146,1.4779059886932373
target2_close50_linear29p5,34,nominal,local2d_detector_baseline_target2_close50_linear29p5_seed34_nominal_cpu,mean_top80_distinct20_baseline,mean,80,distinct20,baseline,20.0,10.0,20,True,3,True,True,True,3,True,True,True,True,"16,2,10",272.0,76.0,1.0470487307943048,0.7326610088348389
target2_close50_linear29p5,34,nominal,local2d_detector_baseline_target2_close50_linear29p5_seed34_nominal_cpu,mean_top80_distinct20_single667,mean,80,distinct20,single667,20.0,10.0,19,False,2,False,True,True,3,True,True,True,True,"14,2,7",254.0,79.0,1.003039352933472,0.10580325126647949
target2_close50_linear29p5,34,nominal,local2d_detector_baseline_target2_close50_linear29p5_seed34_nominal_cpu,mean_top80_distinct20_wide,mean,80,distinct20,wide,20.0,10.0,20,True,3,True,True,True,3,True,True,True,True,"17,3,8",276.0,82.0,1.0831458371984146,1.1486008167266846
target2_close50_linear29p5,34,nominal,local2d_detector_baseline_target2_close50_linear29p5_seed34_nominal_cpu,mean_top80_moderate12_baseline,mean,80,moderate12,baseline,12.0,8.0,35,True,3,True,True,True,3,True,True,True,True,"31,6,14",272.0,76.0,1.0470487307943048,0.753110408782959
target2_close50_linear29p5,34,nominal,local2d_detector_baseline_target2_close50_linear29p5_seed34_nominal_cpu,mean_top80_moderate12_single667,mean,80,moderate12,single667,12.0,8.0,38,True,3,True,True,True,3,True,True,True,True,"37,2,17",254.0,79.0,1.003039352933472,0.12372350692749023
target2_close50_linear29p5,34,nominal,local2d_detector_baseline_target2_close50_linear29p5_seed34_nominal_cpu,mean_top80_moderate12_wide,mean,80,moderate12,wide,12.0,8.0,36,True,3,True,True,True,3,True,True,True,True,"29,10,18",276.0,82.0,1.0831458371984146,1.1799979209899902
target2_close50_linear29p5,34,nominal,local2d_detector_baseline_target2_close50_linear29p5_seed34_nominal_cpu,median_top20_dense4_baseline,median,20,dense4,baseline,4.0,4.0,20,False,1,False,True,False,1,False,False,True,False,"3,10,16",274.0,79.0,1.2380144003364957,0.8118922710418701
target2_close50_linear29p5,34,nominal,local2d_detector_baseline_target2_close50_linear29p5_seed34_nominal_cpu,median_top20_dense4_single667,median,20,dense4,single667,4.0,4.0,20,False,1,False,True,False,1,False,False,True,False,"15,3,20",255.0,89.0,1.1586669534684548,0.11839675903320312
target2_close50_linear29p5,34,nominal,local2d_detector_baseline_target2_close50_linear29p5_seed34_nominal_cpu,median_top20_dense4_wide,median,20,dense4,wide,4.0,4.0,20,False,1,False,True,False,1,False,False,True,False,"11,20,6",275.0,89.0,1.2795739349192812,1.3006563186645508
target2_close50_linear29p5,34,nominal,local2d_detector_baseline_target2_close50_linear29p5_seed34_nominal_cpu,median_top20_distinct20_baseline,median,20,distinct20,baseline,20.0,10.0,17,True,3,True,True,True,3,True,True,True,True,"15,2,7",274.0,79.0,1.2380144003364957,0.7303318977355957
target2_close50_linear29p5,34,nominal,local2d_detector_baseline_target2_close50_linear29p5_seed34_nominal_cpu,median_top20_distinct20_single667,median,20,distinct20,single667,20.0,10.0,20,True,3,True,True,True,3,True,True,True,True,"19,1,5",255.0,89.0,1.1586669534684548,0.10697221755981445
target2_close50_linear29p5,34,nominal,local2d_detector_baseline_target2_close50_linear29p5_seed34_nominal_cpu,median_top20_distinct20_wide,median,20,distinct20,wide,20.0,10.0,19,False,2,False,True,True,2,False,False,True,True,"14,3,8",275.0,89.0,1.2795739349192812,1.1477749347686768
target2_close50_linear29p5,34,nominal,local2d_detector_baseline_target2_close50_linear29p5_seed34_nominal_cpu,median_top20_moderate12_baseline,median,20,moderate12,baseline,12.0,8.0,20,False,2,False,True,True,2,False,False,True,True,"15,2,10",274.0,79.0,1.2380144003364957,0.7352180480957031
target2_close50_linear29p5,34,nominal,local2d_detector_baseline_target2_close50_linear29p5_seed34_nominal_cpu,median_top20_moderate12_single667,median,20,moderate12,single667,12.0,8.0,20,False,2,False,True,True,2,False,False,True,True,"20,1,17",255.0,89.0,1.1586669534684548,0.10789322853088379
target2_close50_linear29p5,34,nominal,local2d_detector_baseline_target2_close50_linear29p5_seed34_nominal_cpu,median_top20_moderate12_wide,median,20,moderate12,wide,12.0,8.0,20,False,2,False,True,True,2,False,False,True,True,"19,4,15",275.0,89.0,1.2795739349192812,1.158564567565918
target2_close50_linear29p5,34,nominal,local2d_detector_baseline_target2_close50_linear29p5_seed34_nominal_cpu,median_top40_dense4_baseline,median,40,dense4,baseline,4.0,4.0,40,False,1,False,True,False,1,False,False,True,False,"32,3,40",274.0,79.0,1.2380144003364957,0.8329582214355469
target2_close50_linear29p5,34,nominal,local2d_detector_baseline_target2_close50_linear29p5_seed34_nominal_cpu,median_top40_dense4_single667,median,40,dense4,single667,4.0,4.0,40,False,2,False,True,True,2,False,False,True,True,"30,3,28",255.0,89.0,1.1586669534684548,0.13785147666931152
target2_close50_linear29p5,34,nominal,local2d_detector_baseline_target2_close50_linear29p5_seed34_nominal_cpu,median_top40_dense4_wide,median,40,dense4,wide,4.0,4.0,40,False,1,False,True,False,1,False,False,True,False,"37,11,6",275.0,89.0,1.2795739349192812,1.3190944194793701
target2_close50_linear29p5,34,nominal,local2d_detector_baseline_target2_close50_linear29p5_seed34_nominal_cpu,median_top40_distinct20_baseline,median,40,distinct20,baseline,20.0,10.0,17,True,3,True,True,True,3,True,True,True,True,"15,2,7",274.0,79.0,1.2380144003364957,0.7259228229522705
target2_close50_linear29p5,34,nominal,local2d_detector_baseline_target2_close50_linear29p5_seed34_nominal_cpu,median_top40_distinct20_single667,median,40,distinct20,single667,20.0,10.0,21,True,3,True,True,True,3,True,True,True,True,"19,1,5",255.0,89.0,1.1586669534684548,0.10683465003967285
target2_close50_linear29p5,34,nominal,local2d_detector_baseline_target2_close50_linear29p5_seed34_nominal_cpu,median_top40_distinct20_wide,median,40,distinct20,wide,20.0,10.0,19,False,2,False,True,True,2,False,False,True,True,"14,3,8",275.0,89.0,1.2795739349192812,1.1414945125579834
target2_close50_linear29p5,34,nominal,local2d_detector_baseline_target2_close50_linear29p5_seed34_nominal_cpu,median_top40_moderate12_baseline,median,40,moderate12,baseline,12.0,8.0,38,True,3,True,True,True,3,True,True,True,True,"32,2,10",274.0,79.0,1.2380144003364957,0.7530608177185059
target2_close50_linear29p5,34,nominal,local2d_detector_baseline_target2_close50_linear29p5_seed34_nominal_cpu,median_top40_moderate12_single667,median,40,moderate12,single667,12.0,8.0,39,True,3,True,True,True,3,True,True,True,True,"30,1,17",255.0,89.0,1.1586669534684548,0.12540411949157715
target2_close50_linear29p5,34,nominal,local2d_detector_baseline_target2_close50_linear29p5_seed34_nominal_cpu,median_top40_moderate12_wide,median,40,moderate12,wide,12.0,8.0,36,False,2,False,True,True,3,True,True,True,True,"35,4,15",275.0,89.0,1.2795739349192812,1.1681814193725586
target2_close50_linear29p5,34,nominal,local2d_detector_baseline_target2_close50_linear29p5_seed34_nominal_cpu,median_top80_dense4_baseline,median,80,dense4,baseline,4.0,4.0,80,False,2,False,True,True,2,False,False,True,True,"64,3,73",274.0,79.0,1.2380144003364957,0.9850635528564453
target2_close50_linear29p5,34,nominal,local2d_detector_baseline_target2_close50_linear29p5_seed34_nominal_cpu,median_top80_dense4_single667,median,80,dense4,single667,4.0,4.0,80,False,2,False,True,True,2,False,False,True,True,"58,3,61",255.0,89.0,1.1586669534684548,0.29900431632995605
target2_close50_linear29p5,34,nominal,local2d_detector_baseline_target2_close50_linear29p5_seed34_nominal_cpu,median_top80_dense4_wide,median,80,dense4,wide,4.0,4.0,80,False,2,False,True,True,2,False,False,True,True,"68,47,76",275.0,89.0,1.2795739349192812,1.448970079421997
target2_close50_linear29p5,34,nominal,local2d_detector_baseline_target2_close50_linear29p5_seed34_nominal_cpu,median_top80_distinct20_baseline,median,80,distinct20,baseline,20.0,10.0,17,True,3,True,True,True,3,True,True,True,True,"15,2,7",274.0,79.0,1.2380144003364957,0.7202820777893066
target2_close50_linear29p5,34,nominal,local2d_detector_baseline_target2_close50_linear29p5_seed34_nominal_cpu,median_top80_distinct20_single667,median,80,distinct20,single667,20.0,10.0,21,True,3,True,True,True,3,True,True,True,True,"19,1,5",255.0,89.0,1.1586669534684548,0.10625839233398438
target2_close50_linear29p5,34,nominal,local2d_detector_baseline_target2_close50_linear29p5_seed34_nominal_cpu,median_top80_distinct20_wide,median,80,distinct20,wide,20.0,10.0,19,False,2,False,True,True,2,False,False,True,True,"14,3,8",275.0,89.0,1.2795739349192812,1.1212873458862305
target2_close50_linear29p5,34,nominal,local2d_detector_baseline_target2_close50_linear29p5_seed34_nominal_cpu,median_top80_moderate12_baseline,median,80,moderate12,baseline,12.0,8.0,38,True,3,True,True,True,3,True,True,True,True,"32,2,10",274.0,79.0,1.2380144003364957,0.7664871215820312
target2_close50_linear29p5,34,nominal,local2d_detector_baseline_target2_close50_linear29p5_seed34_nominal_cpu,median_top80_moderate12_single667,median,80,moderate12,single667,12.0,8.0,39,True,3,True,True,True,3,True,True,True,True,"30,1,17",255.0,89.0,1.1586669534684548,0.12336254119873047
target2_close50_linear29p5,34,nominal,local2d_detector_baseline_target2_close50_linear29p5_seed34_nominal_cpu,median_top80_moderate12_wide,median,80,moderate12,wide,12.0,8.0,36,False,2,False,True,True,3,True,True,True,True,"35,4,15",275.0,89.0,1.2795739349192812,1.1729145050048828
target2_close50_linear29p5,34,nominal,local2d_detector_baseline_target2_close50_linear29p5_seed34_nominal_cpu,none_top20_dense4_baseline,none,20,dense4,baseline,4.0,4.0,20,False,1,False,True,False,1,False,False,True,False,"10,3,12",272.0,76.0,0.308386482293638,0.8134827613830566
target2_close50_linear29p5,34,nominal,local2d_detector_baseline_target2_close50_linear29p5_seed34_nominal_cpu,none_top20_dense4_single667,none,20,dense4,single667,4.0,4.0,20,False,1,False,True,False,1,False,False,True,False,"14,11,10",257.0,84.0,0.29421852858067876,0.11534929275512695
target2_close50_linear29p5,34,nominal,local2d_detector_baseline_target2_close50_linear29p5_seed34_nominal_cpu,none_top20_dense4_wide,none,20,dense4,wide,4.0,4.0,20,False,1,False,True,False,1,False,False,True,False,"1,18,13",191.0,75.0,0.3441687021007346,1.2563703060150146
target2_close50_linear29p5,34,nominal,local2d_detector_baseline_target2_close50_linear29p5_seed34_nominal_cpu,none_top20_distinct20_baseline,none,20,distinct20,baseline,20.0,10.0,16,True,3,True,True,True,3,True,True,True,True,"16,2,6",272.0,76.0,0.308386482293638,0.721832275390625
target2_close50_linear29p5,34,nominal,local2d_detector_baseline_target2_close50_linear29p5_seed34_nominal_cpu,none_top20_distinct20_single667,none,20,distinct20,single667,20.0,10.0,19,True,3,True,True,True,3,True,True,True,True,"12,2,8",257.0,84.0,0.29421852858067876,0.10306882858276367
target2_close50_linear29p5,34,nominal,local2d_detector_baseline_target2_close50_linear29p5_seed34_nominal_cpu,none_top20_distinct20_wide,none,20,distinct20,wide,20.0,10.0,17,True,3,True,True,True,3,True,True,True,True,"17,6,11",191.0,75.0,0.3441687021007346,1.1312048435211182
target2_close50_linear29p5,34,nominal,local2d_detector_baseline_target2_close50_linear29p5_seed34_nominal_cpu,none_top20_moderate12_baseline,none,20,moderate12,baseline,12.0,8.0,20,False,2,False,True,True,2,False,False,True,True,"17,2,18",272.0,76.0,0.308386482293638,0.716447114944458
target2_close50_linear29p5,34,nominal,local2d_detector_baseline_target2_close50_linear29p5_seed34_nominal_cpu,none_top20_moderate12_single667,none,20,moderate12,single667,12.0,8.0,20,False,2,False,True,True,2,False,False,True,True,"18,2,11",257.0,84.0,0.29421852858067876,0.1045677661895752
target2_close50_linear29p5,34,nominal,local2d_detector_baseline_target2_close50_linear29p5_seed34_nominal_cpu,none_top20_moderate12_wide,none,20,moderate12,wide,12.0,8.0,20,False,2,False,True,True,2,False,False,True,True,"1,7,19",191.0,75.0,0.3441687021007346,1.1317522525787354
target2_close50_linear29p5,34,nominal,local2d_detector_baseline_target2_close50_linear29p5_seed34_nominal_cpu,none_top40_dense4_baseline,none,40,dense4,baseline,4.0,4.0,40,False,1,False,True,False,1,False,False,True,False,"38,3,35",272.0,76.0,0.308386482293638,0.8138713836669922
target2_close50_linear29p5,34,nominal,local2d_detector_baseline_target2_close50_linear29p5_seed34_nominal_cpu,none_top40_dense4_single667,none,40,dense4,single667,4.0,4.0,40,False,2,False,True,True,2,False,False,True,True,"30,11,37",257.0,84.0,0.29421852858067876,0.13614797592163086
target2_close50_linear29p5,34,nominal,local2d_detector_baseline_target2_close50_linear29p5_seed34_nominal_cpu,none_top40_dense4_wide,none,40,dense4,wide,4.0,4.0,40,False,1,False,True,False,1,False,False,True,False,"1,18,13",191.0,75.0,0.3441687021007346,1.2849018573760986
target2_close50_linear29p5,34,nominal,local2d_detector_baseline_target2_close50_linear29p5_seed34_nominal_cpu,none_top40_distinct20_baseline,none,40,distinct20,baseline,20.0,10.0,16,True,3,True,True,True,3,True,True,True,True,"16,2,6",272.0,76.0,0.308386482293638,0.7078537940979004
target2_close50_linear29p5,34,nominal,local2d_detector_baseline_target2_close50_linear29p5_seed34_nominal_cpu,none_top40_distinct20_single667,none,40,distinct20,single667,20.0,10.0,19,True,3,True,True,True,3,True,True,True,True,"12,2,8",257.0,84.0,0.29421852858067876,0.10324788093566895
target2_close50_linear29p5,34,nominal,local2d_detector_baseline_target2_close50_linear29p5_seed34_nominal_cpu,none_top40_distinct20_wide,none,40,distinct20,wide,20.0,10.0,17,True,3,True,True,True,3,True,True,True,True,"17,6,11",191.0,75.0,0.3441687021007346,1.1214172840118408
target2_close50_linear29p5,34,nominal,local2d_detector_baseline_target2_close50_linear29p5_seed34_nominal_cpu,none_top40_moderate12_baseline,none,40,moderate12,baseline,12.0,8.0,39,True,3,True,True,True,3,True,True,True,True,"32,2,18",272.0,76.0,0.308386482293638,0.7368454933166504
target2_close50_linear29p5,34,nominal,local2d_detector_baseline_target2_close50_linear29p5_seed34_nominal_cpu,none_top40_moderate12_single667,none,40,moderate12,single667,12.0,8.0,40,True,3,True,True,True,3,True,True,True,True,"25,2,11",257.0,84.0,0.29421852858067876,0.12347745895385742
target2_close50_linear29p5,34,nominal,local2d_detector_baseline_target2_close50_linear29p5_seed34_nominal_cpu,none_top40_moderate12_wide,none,40,moderate12,wide,12.0,8.0,37,True,3,True,True,True,3,True,True,True,True,"35,7,24",191.0,75.0,0.3441687021007346,1.1478066444396973
target2_close50_linear29p5,34,nominal,local2d_detector_baseline_target2_close50_linear29p5_seed34_nominal_cpu,none_top80_dense4_baseline,none,80,dense4,baseline,4.0,4.0,80,False,2,False,True,True,2,False,False,True,True,"67,3,65",272.0,76.0,0.308386482293638,0.9799418449401855
target2_close50_linear29p5,34,nominal,local2d_detector_baseline_target2_close50_linear29p5_seed34_nominal_cpu,none_top80_dense4_single667,none,80,dense4,single667,4.0,4.0,80,False,2,False,True,True,2,False,False,True,True,"70,11,75",257.0,84.0,0.29421852858067876,0.29435157775878906
target2_close50_linear29p5,34,nominal,local2d_detector_baseline_target2_close50_linear29p5_seed34_nominal_cpu,none_top80_dense4_wide,none,80,dense4,wide,4.0,4.0,80,False,1,False,True,False,1,False,False,True,False,"64,18,57",191.0,75.0,0.3441687021007346,1.4509732723236084
target2_close50_linear29p5,34,nominal,local2d_detector_baseline_target2_close50_linear29p5_seed34_nominal_cpu,none_top80_distinct20_baseline,none,80,distinct20,baseline,20.0,10.0,16,True,3,True,True,True,3,True,True,True,True,"16,2,6",272.0,76.0,0.308386482293638,0.7132301330566406
target2_close50_linear29p5,34,nominal,local2d_detector_baseline_target2_close50_linear29p5_seed34_nominal_cpu,none_top80_distinct20_single667,none,80,distinct20,single667,20.0,10.0,19,True,3,True,True,True,3,True,True,True,True,"12,2,8",257.0,84.0,0.29421852858067876,0.10274219512939453
target2_close50_linear29p5,34,nominal,local2d_detector_baseline_target2_close50_linear29p5_seed34_nominal_cpu,none_top80_distinct20_wide,none,80,distinct20,wide,20.0,10.0,17,True,3,True,True,True,3,True,True,True,True,"17,6,11",191.0,75.0,0.3441687021007346,1.126091480255127
target2_close50_linear29p5,34,nominal,local2d_detector_baseline_target2_close50_linear29p5_seed34_nominal_cpu,none_top80_moderate12_baseline,none,80,moderate12,baseline,12.0,8.0,39,True,3,True,True,True,3,True,True,True,True,"32,2,18",272.0,76.0,0.308386482293638,0.7379534244537354
target2_close50_linear29p5,34,nominal,local2d_detector_baseline_target2_close50_linear29p5_seed34_nominal_cpu,none_top80_moderate12_single667,none,80,moderate12,single667,12.0,8.0,40,True,3,True,True,True,3,True,True,True,True,"25,2,11",257.0,84.0,0.29421852858067876,0.12342667579650879
target2_close50_linear29p5,34,nominal,local2d_detector_baseline_target2_close50_linear29p5_seed34_nominal_cpu,none_top80_moderate12_wide,none,80,moderate12,wide,12.0,8.0,37,True,3,True,True,True,3,True,True,True,True,"35,7,24",191.0,75.0,0.3441687021007346,1.1387057304382324
target2_close50_linear29p5,34,source_mismatch,local2d_detector_baseline_target2_close50_linear29p5_seed34_source_mismatch_cpu,mean_top20_dense4_baseline,mean,20,dense4,baseline,4.0,4.0,20,False,1,False,True,False,1,False,False,True,False,"19,7,11",250.0,84.0,1.0200356888558892,0.7946414947509766
target2_close50_linear29p5,34,source_mismatch,local2d_detector_baseline_target2_close50_linear29p5_seed34_source_mismatch_cpu,mean_top20_dense4_single667,mean,20,dense4,single667,4.0,4.0,20,False,1,False,True,False,1,False,False,True,False,"20,6,18",253.0,75.0,0.9195417631522459,0.11504244804382324
target2_close50_linear29p5,34,source_mismatch,local2d_detector_baseline_target2_close50_linear29p5_seed34_source_mismatch_cpu,mean_top20_dense4_wide,mean,20,dense4,wide,4.0,4.0,20,False,1,False,True,False,1,False,False,True,False,"4,11,13",276.0,75.0,1.0338518731884456,1.2695882320404053
target2_close50_linear29p5,34,source_mismatch,local2d_detector_baseline_target2_close50_linear29p5_seed34_source_mismatch_cpu,mean_top20_distinct20_baseline,mean,20,distinct20,baseline,20.0,10.0,16,True,3,True,True,True,3,True,True,True,True,"13,1,7",250.0,84.0,1.0200356888558892,0.7205328941345215
target2_close50_linear29p5,34,source_mismatch,local2d_detector_baseline_target2_close50_linear29p5_seed34_source_mismatch_cpu,mean_top20_distinct20_single667,mean,20,distinct20,single667,20.0,10.0,18,False,2,False,True,True,2,False,False,True,True,"12,2,9",253.0,75.0,0.9195417631522459,0.10461759567260742
target2_close50_linear29p5,34,source_mismatch,local2d_detector_baseline_target2_close50_linear29p5_seed34_source_mismatch_cpu,mean_top20_distinct20_wide,mean,20,distinct20,wide,20.0,10.0,18,True,3,True,True,True,3,True,True,True,True,"11,2,6",276.0,75.0,1.0338518731884456,1.1393194198608398
target2_close50_linear29p5,34,source_mismatch,local2d_detector_baseline_target2_close50_linear29p5_seed34_source_mismatch_cpu,mean_top20_moderate12_baseline,mean,20,moderate12,baseline,12.0,8.0,20,False,2,False,True,True,2,False,False,True,True,"16,3,14",250.0,84.0,1.0200356888558892,0.7333815097808838
target2_close50_linear29p5,34,source_mismatch,local2d_detector_baseline_target2_close50_linear29p5_seed34_source_mismatch_cpu,mean_top20_moderate12_single667,mean,20,moderate12,single667,12.0,8.0,20,False,1,False,True,False,1,False,False,True,False,"6,11,17",253.0,75.0,0.9195417631522459,0.10643482208251953
target2_close50_linear29p5,34,source_mismatch,local2d_detector_baseline_target2_close50_linear29p5_seed34_source_mismatch_cpu,mean_top20_moderate12_wide,mean,20,moderate12,wide,12.0,8.0,20,True,3,True,True,True,3,True,True,True,True,"19,3,15",276.0,75.0,1.0338518731884456,1.1530797481536865
target2_close50_linear29p5,34,source_mismatch,local2d_detector_baseline_target2_close50_linear29p5_seed34_source_mismatch_cpu,mean_top40_dense4_baseline,mean,40,dense4,baseline,4.0,4.0,40,False,1,False,True,False,1,False,False,True,False,"32,7,38",250.0,84.0,1.0200356888558892,0.8261637687683105
target2_close50_linear29p5,34,source_mismatch,local2d_detector_baseline_target2_close50_linear29p5_seed34_source_mismatch_cpu,mean_top40_dense4_single667,mean,40,dense4,single667,4.0,4.0,40,False,1,False,True,False,1,False,False,True,False,"31,6,36",253.0,75.0,0.9195417631522459,0.1362302303314209
target2_close50_linear29p5,34,source_mismatch,local2d_detector_baseline_target2_close50_linear29p5_seed34_source_mismatch_cpu,mean_top40_dense4_wide,mean,40,dense4,wide,4.0,4.0,40,False,1,False,True,False,1,False,False,True,False,"30,23,38",276.0,75.0,1.0338518731884456,1.2999873161315918
target2_close50_linear29p5,34,source_mismatch,local2d_detector_baseline_target2_close50_linear29p5_seed34_source_mismatch_cpu,mean_top40_distinct20_baseline,mean,40,distinct20,baseline,20.0,10.0,16,True,3,True,True,True,3,True,True,True,True,"13,1,7",250.0,84.0,1.0200356888558892,0.719069242477417
target2_close50_linear29p5,34,source_mismatch,local2d_detector_baseline_target2_close50_linear29p5_seed34_source_mismatch_cpu,mean_top40_distinct20_single667,mean,40,distinct20,single667,20.0,10.0,18,False,2,False,True,True,2,False,False,True,True,"12,2,9",253.0,75.0,0.9195417631522459,0.10493326187133789
target2_close50_linear29p5,34,source_mismatch,local2d_detector_baseline_target2_close50_linear29p5_seed34_source_mismatch_cpu,mean_top40_distinct20_wide,mean,40,distinct20,wide,20.0,10.0,18,True,3,True,True,True,3,True,True,True,True,"11,2,6",276.0,75.0,1.0338518731884456,1.1338074207305908
target2_close50_linear29p5,34,source_mismatch,local2d_detector_baseline_target2_close50_linear29p5_seed34_source_mismatch_cpu,mean_top40_moderate12_baseline,mean,40,moderate12,baseline,12.0,8.0,39,False,2,False,True,True,2,False,False,True,True,"28,3,23",250.0,84.0,1.0200356888558892,0.7484667301177979
target2_close50_linear29p5,34,source_mismatch,local2d_detector_baseline_target2_close50_linear29p5_seed34_source_mismatch_cpu,mean_top40_moderate12_single667,mean,40,moderate12,single667,12.0,8.0,38,False,2,False,True,True,2,False,False,True,True,"26,11,22",253.0,75.0,0.9195417631522459,0.12247753143310547
target2_close50_linear29p5,34,source_mismatch,local2d_detector_baseline_target2_close50_linear29p5_seed34_source_mismatch_cpu,mean_top40_moderate12_wide,mean,40,moderate12,wide,12.0,8.0,38,True,3,True,True,True,3,True,True,True,True,"32,3,15",276.0,75.0,1.0338518731884456,1.1671710014343262
target2_close50_linear29p5,34,source_mismatch,local2d_detector_baseline_target2_close50_linear29p5_seed34_source_mismatch_cpu,mean_top80_dense4_baseline,mean,80,dense4,baseline,4.0,4.0,80,False,2,False,True,True,2,False,False,True,True,"67,7,59",250.0,84.0,1.0200356888558892,0.9798626899719238
target2_close50_linear29p5,34,source_mismatch,local2d_detector_baseline_target2_close50_linear29p5_seed34_source_mismatch_cpu,mean_top80_dense4_single667,mean,80,dense4,single667,4.0,4.0,80,False,1,False,True,False,2,False,False,True,True,"45,56,79",253.0,75.0,0.9195417631522459,0.2946465015411377
target2_close50_linear29p5,34,source_mismatch,local2d_detector_baseline_target2_close50_linear29p5_seed34_source_mismatch_cpu,mean_top80_dense4_wide,mean,80,dense4,wide,4.0,4.0,80,False,2,False,True,True,2,False,False,True,True,"77,23,73",276.0,75.0,1.0338518731884456,1.46771240234375
target2_close50_linear29p5,34,source_mismatch,local2d_detector_baseline_target2_close50_linear29p5_seed34_source_mismatch_cpu,mean_top80_distinct20_baseline,mean,80,distinct20,baseline,20.0,10.0,16,True,3,True,True,True,3,True,True,True,True,"13,1,7",250.0,84.0,1.0200356888558892,0.715266227722168
target2_close50_linear29p5,34,source_mismatch,local2d_detector_baseline_target2_close50_linear29p5_seed34_source_mismatch_cpu,mean_top80_distinct20_single667,mean,80,distinct20,single667,20.0,10.0,18,False,2,False,True,True,2,False,False,True,True,"12,2,9",253.0,75.0,0.9195417631522459,0.1030130386352539
target2_close50_linear29p5,34,source_mismatch,local2d_detector_baseline_target2_close50_linear29p5_seed34_source_mismatch_cpu,mean_top80_distinct20_wide,mean,80,distinct20,wide,20.0,10.0,18,True,3,True,True,True,3,True,True,True,True,"11,2,6",276.0,75.0,1.0338518731884456,1.1293060779571533
target2_close50_linear29p5,34,source_mismatch,local2d_detector_baseline_target2_close50_linear29p5_seed34_source_mismatch_cpu,mean_top80_moderate12_baseline,mean,80,moderate12,baseline,12.0,8.0,39,False,2,False,True,True,2,False,False,True,True,"28,3,23",250.0,84.0,1.0200356888558892,0.7489392757415771
target2_close50_linear29p5,34,source_mismatch,local2d_detector_baseline_target2_close50_linear29p5_seed34_source_mismatch_cpu,mean_top80_moderate12_single667,mean,80,moderate12,single667,12.0,8.0,38,False,2,False,True,True,2,False,False,True,True,"26,11,22",253.0,75.0,0.9195417631522459,0.12179183959960938
target2_close50_linear29p5,34,source_mismatch,local2d_detector_baseline_target2_close50_linear29p5_seed34_source_mismatch_cpu,mean_top80_moderate12_wide,mean,80,moderate12,wide,12.0,8.0,38,True,3,True,True,True,3,True,True,True,True,"32,3,15",276.0,75.0,1.0338518731884456,1.1593680381774902
target2_close50_linear29p5,34,source_mismatch,local2d_detector_baseline_target2_close50_linear29p5_seed34_source_mismatch_cpu,median_top20_dense4_baseline,median,20,dense4,baseline,4.0,4.0,20,False,1,False,True,False,1,False,False,True,False,"18,5,15",254.0,88.0,1.1202948486268272,0.8031175136566162
target2_close50_linear29p5,34,source_mismatch,local2d_detector_baseline_target2_close50_linear29p5_seed34_source_mismatch_cpu,median_top20_dense4_single667,median,20,dense4,single667,4.0,4.0,20,False,1,False,True,False,1,False,False,True,False,"19,11,16",253.0,75.0,1.0562967175536369,0.11525678634643555
target2_close50_linear29p5,34,source_mismatch,local2d_detector_baseline_target2_close50_linear29p5_seed34_source_mismatch_cpu,median_top20_dense4_wide,median,20,dense4,wide,4.0,4.0,20,False,1,False,True,False,1,False,False,True,False,"12,7,17",276.0,75.0,1.1729851304753633,1.2826740741729736
target2_close50_linear29p5,34,source_mismatch,local2d_detector_baseline_target2_close50_linear29p5_seed34_source_mismatch_cpu,median_top20_distinct20_baseline,median,20,distinct20,baseline,20.0,10.0,20,True,3,True,True,True,3,True,True,True,True,"18,1,5",254.0,88.0,1.1202948486268272,0.7182557582855225
target2_close50_linear29p5,34,source_mismatch,local2d_detector_baseline_target2_close50_linear29p5_seed34_source_mismatch_cpu,median_top20_distinct20_single667,median,20,distinct20,single667,20.0,10.0,20,False,1,False,True,False,1,False,False,True,False,"11,2,8",253.0,75.0,1.0562967175536369,0.10403013229370117
target2_close50_linear29p5,34,source_mismatch,local2d_detector_baseline_target2_close50_linear29p5_seed34_source_mismatch_cpu,median_top20_distinct20_wide,median,20,distinct20,wide,20.0,10.0,19,True,3,True,True,True,3,True,True,True,True,"13,2,7",276.0,75.0,1.1729851304753633,1.1262047290802002
target2_close50_linear29p5,34,source_mismatch,local2d_detector_baseline_target2_close50_linear29p5_seed34_source_mismatch_cpu,median_top20_moderate12_baseline,median,20,moderate12,baseline,12.0,8.0,20,False,2,False,True,True,2,False,False,True,True,"20,1,9",254.0,88.0,1.1202948486268272,0.7268199920654297
target2_close50_linear29p5,34,source_mismatch,local2d_detector_baseline_target2_close50_linear29p5_seed34_source_mismatch_cpu,median_top20_moderate12_single667,median,20,moderate12,single667,12.0,8.0,20,False,2,False,True,True,2,False,False,True,True,"17,9,13",253.0,75.0,1.0562967175536369,0.1059422492980957
target2_close50_linear29p5,34,source_mismatch,local2d_detector_baseline_target2_close50_linear29p5_seed34_source_mismatch_cpu,median_top20_moderate12_wide,median,20,moderate12,wide,12.0,8.0,20,False,2,False,True,True,2,False,False,True,True,"19,3,11",276.0,75.0,1.1729851304753633,1.1477830410003662
target2_close50_linear29p5,34,source_mismatch,local2d_detector_baseline_target2_close50_linear29p5_seed34_source_mismatch_cpu,median_top40_dense4_baseline,median,40,dense4,baseline,4.0,4.0,40,False,2,False,True,True,2,False,False,True,True,"29,5,33",254.0,88.0,1.1202948486268272,0.8206682205200195
target2_close50_linear29p5,34,source_mismatch,local2d_detector_baseline_target2_close50_linear29p5_seed34_source_mismatch_cpu,median_top40_dense4_single667,median,40,dense4,single667,4.0,4.0,40,False,1,False,True,False,1,False,False,True,False,"34,11,16",253.0,75.0,1.0562967175536369,0.13373374938964844
target2_close50_linear29p5,34,source_mismatch,local2d_detector_baseline_target2_close50_linear29p5_seed34_source_mismatch_cpu,median_top40_dense4_wide,median,40,dense4,wide,4.0,4.0,40,False,1,False,True,False,1,False,False,True,False,"24,12,37",276.0,75.0,1.1729851304753633,1.3039355278015137
target2_close50_linear29p5,34,source_mismatch,local2d_detector_baseline_target2_close50_linear29p5_seed34_source_mismatch_cpu,median_top40_distinct20_baseline,median,40,distinct20,baseline,20.0,10.0,20,True,3,True,True,True,3,True,True,True,True,"18,1,5",254.0,88.0,1.1202948486268272,0.7163357734680176
target2_close50_linear29p5,34,source_mismatch,local2d_detector_baseline_target2_close50_linear29p5_seed34_source_mismatch_cpu,median_top40_distinct20_single667,median,40,distinct20,single667,20.0,10.0,20,False,1,False,True,False,1,False,False,True,False,"11,2,8",253.0,75.0,1.0562967175536369,0.10423159599304199
target2_close50_linear29p5,34,source_mismatch,local2d_detector_baseline_target2_close50_linear29p5_seed34_source_mismatch_cpu,median_top40_distinct20_wide,median,40,distinct20,wide,20.0,10.0,19,True,3,True,True,True,3,True,True,True,True,"13,2,7",276.0,75.0,1.1729851304753633,1.1316120624542236
target2_close50_linear29p5,34,source_mismatch,local2d_detector_baseline_target2_close50_linear29p5_seed34_source_mismatch_cpu,median_top40_moderate12_baseline,median,40,moderate12,baseline,12.0,8.0,36,True,3,True,True,True,3,True,True,True,True,"29,1,9",254.0,88.0,1.1202948486268272,0.7409827709197998
target2_close50_linear29p5,34,source_mismatch,local2d_detector_baseline_target2_close50_linear29p5_seed34_source_mismatch_cpu,median_top40_moderate12_single667,median,40,moderate12,single667,12.0,8.0,36,True,3,True,True,True,3,True,True,True,True,"32,9,13",253.0,75.0,1.0562967175536369,0.11879968643188477
target2_close50_linear29p5,34,source_mismatch,local2d_detector_baseline_target2_close50_linear29p5_seed34_source_mismatch_cpu,median_top40_moderate12_wide,median,40,moderate12,wide,12.0,8.0,37,True,3,True,True,True,3,True,True,True,True,"26,3,11",276.0,75.0,1.1729851304753633,1.1555192470550537
target2_close50_linear29p5,34,source_mismatch,local2d_detector_baseline_target2_close50_linear29p5_seed34_source_mismatch_cpu,median_top80_dense4_baseline,median,80,dense4,baseline,4.0,4.0,80,False,2,False,True,True,2,False,False,True,True,"73,5,80",254.0,88.0,1.1202948486268272,0.9773788452148438
target2_close50_linear29p5,34,source_mismatch,local2d_detector_baseline_target2_close50_linear29p5_seed34_source_mismatch_cpu,median_top80_dense4_single667,median,80,dense4,single667,4.0,4.0,80,False,1,False,True,False,2,False,False,True,True,"34,11,59",253.0,75.0,1.0562967175536369,0.28901147842407227
target2_close50_linear29p5,34,source_mismatch,local2d_detector_baseline_target2_close50_linear29p5_seed34_source_mismatch_cpu,median_top80_dense4_wide,median,80,dense4,wide,4.0,4.0,80,False,2,False,True,True,2,False,False,True,True,"54,12,58",276.0,75.0,1.1729851304753633,1.428898811340332
target2_close50_linear29p5,34,source_mismatch,local2d_detector_baseline_target2_close50_linear29p5_seed34_source_mismatch_cpu,median_top80_distinct20_baseline,median,80,distinct20,baseline,20.0,10.0,20,True,3,True,True,True,3,True,True,True,True,"18,1,5",254.0,88.0,1.1202948486268272,0.7147750854492188
target2_close50_linear29p5,34,source_mismatch,local2d_detector_baseline_target2_close50_linear29p5_seed34_source_mismatch_cpu,median_top80_distinct20_single667,median,80,distinct20,single667,20.0,10.0,20,False,1,False,True,False,1,False,False,True,False,"11,2,8",253.0,75.0,1.0562967175536369,0.10351061820983887
target2_close50_linear29p5,34,source_mismatch,local2d_detector_baseline_target2_close50_linear29p5_seed34_source_mismatch_cpu,median_top80_distinct20_wide,median,80,distinct20,wide,20.0,10.0,19,True,3,True,True,True,3,True,True,True,True,"13,2,7",276.0,75.0,1.1729851304753633,1.1190376281738281
target2_close50_linear29p5,34,source_mismatch,local2d_detector_baseline_target2_close50_linear29p5_seed34_source_mismatch_cpu,median_top80_moderate12_baseline,median,80,moderate12,baseline,12.0,8.0,36,True,3,True,True,True,3,True,True,True,True,"29,1,9",254.0,88.0,1.1202948486268272,0.7607529163360596
target2_close50_linear29p5,34,source_mismatch,local2d_detector_baseline_target2_close50_linear29p5_seed34_source_mismatch_cpu,median_top80_moderate12_single667,median,80,moderate12,single667,12.0,8.0,36,True,3,True,True,True,3,True,True,True,True,"32,9,13",253.0,75.0,1.0562967175536369,0.11802506446838379
target2_close50_linear29p5,34,source_mismatch,local2d_detector_baseline_target2_close50_linear29p5_seed34_source_mismatch_cpu,median_top80_moderate12_wide,median,80,moderate12,wide,12.0,8.0,37,True,3,True,True,True,3,True,True,True,True,"26,3,11",276.0,75.0,1.1729851304753633,1.153341293334961
target2_close50_linear29p5,34,source_mismatch,local2d_detector_baseline_target2_close50_linear29p5_seed34_source_mismatch_cpu,none_top20_dense4_baseline,none,20,dense4,baseline,4.0,4.0,20,False,1,False,True,False,1,False,False,True,False,"20,6,19",253.0,92.0,0.32923922248723586,0.8214354515075684
target2_close50_linear29p5,34,source_mismatch,local2d_detector_baseline_target2_close50_linear29p5_seed34_source_mismatch_cpu,none_top20_dense4_single667,none,20,dense4,single667,4.0,4.0,20,False,1,False,True,False,1,False,False,True,False,"11,16,20",250.0,75.0,0.3136322169881074,0.11487984657287598
target2_close50_linear29p5,34,source_mismatch,local2d_detector_baseline_target2_close50_linear29p5_seed34_source_mismatch_cpu,none_top20_dense4_wide,none,20,dense4,wide,4.0,4.0,20,False,1,False,True,False,1,False,False,True,False,"13,9,14",276.0,75.0,0.34814773477220295,1.2493577003479004
target2_close50_linear29p5,34,source_mismatch,local2d_detector_baseline_target2_close50_linear29p5_seed34_source_mismatch_cpu,none_top20_distinct20_baseline,none,20,distinct20,baseline,20.0,10.0,19,False,2,False,True,True,2,False,False,True,True,"17,1,6",253.0,92.0,0.32923922248723586,0.7204604148864746
target2_close50_linear29p5,34,source_mismatch,local2d_detector_baseline_target2_close50_linear29p5_seed34_source_mismatch_cpu,none_top20_distinct20_single667,none,20,distinct20,single667,20.0,10.0,19,True,3,True,True,True,3,True,True,True,True,"12,2,14",250.0,75.0,0.3136322169881074,0.10354304313659668
target2_close50_linear29p5,34,source_mismatch,local2d_detector_baseline_target2_close50_linear29p5_seed34_source_mismatch_cpu,none_top20_distinct20_wide,none,20,distinct20,wide,20.0,10.0,19,True,3,True,True,True,3,True,True,True,True,"13,2,7",276.0,75.0,0.34814773477220295,1.1289539337158203
target2_close50_linear29p5,34,source_mismatch,local2d_detector_baseline_target2_close50_linear29p5_seed34_source_mismatch_cpu,none_top20_moderate12_baseline,none,20,moderate12,baseline,12.0,8.0,20,True,3,True,True,True,3,True,True,True,True,"17,1,7",253.0,92.0,0.32923922248723586,0.7188112735748291
target2_close50_linear29p5,34,source_mismatch,local2d_detector_baseline_target2_close50_linear29p5_seed34_source_mismatch_cpu,none_top20_moderate12_single667,none,20,moderate12,single667,12.0,8.0,20,False,2,False,True,True,2,False,False,True,True,"17,10,15",250.0,75.0,0.3136322169881074,0.10446524620056152
target2_close50_linear29p5,34,source_mismatch,local2d_detector_baseline_target2_close50_linear29p5_seed34_source_mismatch_cpu,none_top20_moderate12_wide,none,20,moderate12,wide,12.0,8.0,20,True,3,True,True,True,3,True,True,True,True,"19,2,11",276.0,75.0,0.34814773477220295,1.1307051181793213
target2_close50_linear29p5,34,source_mismatch,local2d_detector_baseline_target2_close50_linear29p5_seed34_source_mismatch_cpu,none_top40_dense4_baseline,none,40,dense4,baseline,4.0,4.0,40,False,2,False,True,True,2,False,False,True,True,"33,6,32",253.0,92.0,0.32923922248723586,0.809218168258667
target2_close50_linear29p5,34,source_mismatch,local2d_detector_baseline_target2_close50_linear29p5_seed34_source_mismatch_cpu,none_top40_dense4_single667,none,40,dense4,single667,4.0,4.0,40,False,1,False,True,False,1,False,False,True,False,"36,23,30",250.0,75.0,0.3136322169881074,0.13241958618164062
target2_close50_linear29p5,34,source_mismatch,local2d_detector_baseline_target2_close50_linear29p5_seed34_source_mismatch_cpu,none_top40_dense4_wide,none,40,dense4,wide,4.0,4.0,40,False,1,False,True,False,1,False,False,True,False,"28,13,38",276.0,75.0,0.34814773477220295,1.2817766666412354
target2_close50_linear29p5,34,source_mismatch,local2d_detector_baseline_target2_close50_linear29p5_seed34_source_mismatch_cpu,none_top40_distinct20_baseline,none,40,distinct20,baseline,20.0,10.0,19,False,2,False,True,True,2,False,False,True,True,"17,1,6",253.0,92.0,0.32923922248723586,0.7110130786895752
target2_close50_linear29p5,34,source_mismatch,local2d_detector_baseline_target2_close50_linear29p5_seed34_source_mismatch_cpu,none_top40_distinct20_single667,none,40,distinct20,single667,20.0,10.0,19,True,3,True,True,True,3,True,True,True,True,"12,2,14",250.0,75.0,0.3136322169881074,0.10332679748535156
target2_close50_linear29p5,34,source_mismatch,local2d_detector_baseline_target2_close50_linear29p5_seed34_source_mismatch_cpu,none_top40_distinct20_wide,none,40,distinct20,wide,20.0,10.0,19,True,3,True,True,True,3,True,True,True,True,"13,2,7",276.0,75.0,0.34814773477220295,1.126255750656128
target2_close50_linear29p5,34,source_mismatch,local2d_detector_baseline_target2_close50_linear29p5_seed34_source_mismatch_cpu,none_top40_moderate12_baseline,none,40,moderate12,baseline,12.0,8.0,34,True,3,True,True,True,3,True,True,True,True,"30,1,7",253.0,92.0,0.32923922248723586,0.7296063899993896
target2_close50_linear29p5,34,source_mismatch,local2d_detector_baseline_target2_close50_linear29p5_seed34_source_mismatch_cpu,none_top40_moderate12_single667,none,40,moderate12,single667,12.0,8.0,39,False,2,False,True,True,3,True,True,True,True,"37,10,15",250.0,75.0,0.3136322169881074,0.12154650688171387
target2_close50_linear29p5,34,source_mismatch,local2d_detector_baseline_target2_close50_linear29p5_seed34_source_mismatch_cpu,none_top40_moderate12_wide,none,40,moderate12,wide,12.0,8.0,30,True,3,True,True,True,3,True,True,True,True,"19,2,11",276.0,75.0,0.34814773477220295,1.1382536888122559
target2_close50_linear29p5,34,source_mismatch,local2d_detector_baseline_target2_close50_linear29p5_seed34_source_mismatch_cpu,none_top80_dense4_baseline,none,80,dense4,baseline,4.0,4.0,80,False,2,False,True,True,2,False,False,True,True,"66,6,47",253.0,92.0,0.32923922248723586,0.9754631519317627
target2_close50_linear29p5,34,source_mismatch,local2d_detector_baseline_target2_close50_linear29p5_seed34_source_mismatch_cpu,none_top80_dense4_single667,none,80,dense4,single667,4.0,4.0,80,False,1,False,True,False,2,False,False,True,True,"48,23,60",250.0,75.0,0.3136322169881074,0.28923797607421875
target2_close50_linear29p5,34,source_mismatch,local2d_detector_baseline_target2_close50_linear29p5_seed34_source_mismatch_cpu,none_top80_dense4_wide,none,80,dense4,wide,4.0,4.0,80,False,2,False,True,True,2,False,False,True,True,"63,13,73",276.0,75.0,0.34814773477220295,1.4470317363739014
target2_close50_linear29p5,34,source_mismatch,local2d_detector_baseline_target2_close50_linear29p5_seed34_source_mismatch_cpu,none_top80_distinct20_baseline,none,80,distinct20,baseline,20.0,10.0,19,False,2,False,True,True,2,False,False,True,True,"17,1,6",253.0,92.0,0.32923922248723586,0.7118465900421143
target2_close50_linear29p5,34,source_mismatch,local2d_detector_baseline_target2_close50_linear29p5_seed34_source_mismatch_cpu,none_top80_distinct20_single667,none,80,distinct20,single667,20.0,10.0,19,True,3,True,True,True,3,True,True,True,True,"12,2,14",250.0,75.0,0.3136322169881074,0.10319089889526367
target2_close50_linear29p5,34,source_mismatch,local2d_detector_baseline_target2_close50_linear29p5_seed34_source_mismatch_cpu,none_top80_distinct20_wide,none,80,distinct20,wide,20.0,10.0,19,True,3,True,True,True,3,True,True,True,True,"13,2,7",276.0,75.0,0.34814773477220295,1.1264228820800781
target2_close50_linear29p5,34,source_mismatch,local2d_detector_baseline_target2_close50_linear29p5_seed34_source_mismatch_cpu,none_top80_moderate12_baseline,none,80,moderate12,baseline,12.0,8.0,34,True,3,True,True,True,3,True,True,True,True,"30,1,7",253.0,92.0,0.32923922248723586,0.735079288482666
target2_close50_linear29p5,34,source_mismatch,local2d_detector_baseline_target2_close50_linear29p5_seed34_source_mismatch_cpu,none_top80_moderate12_single667,none,80,moderate12,single667,12.0,8.0,39,False,2,False,True,True,3,True,True,True,True,"37,10,15",250.0,75.0,0.3136322169881074,0.12263321876525879
target2_close50_linear29p5,34,source_mismatch,local2d_detector_baseline_target2_close50_linear29p5_seed34_source_mismatch_cpu,none_top80_moderate12_wide,none,80,moderate12,wide,12.0,8.0,30,True,3,True,True,True,3,True,True,True,True,"19,2,11",276.0,75.0,0.34814773477220295,1.1391007900238037
