run,slug,path,reference_file_count,reference_files,safe_move_requirement
537,marathon_checkpoint_reporting_handoff,outputs/experiments/537_marathon_checkpoint_reporting_handoff,3,docs/experiments/70_marathon_checkpoint_reporting_handoff.md|outputs/experiments/538_current_evidence_synthesis/run_manifest.json|outputs/experiments/537_marathon_checkpoint_reporting_handoff/run_manifest.json,move directory then create compatibility symlink at original outputs/experiments path
550,archive_status_checkpoint,outputs/experiments/550_archive_status_checkpoint,8,docs/experiments/83_archive_status_checkpoint.md|docs/experiments/84_commit_archive_inventory.md|outputs/experiments/551_commit_archive_inventory/run_manifest.json|outputs/experiments/553_post_hardening_resume_checkpoint/README.md|outputs/experiments/550_archive_status_checkpoint/run_manifest.json|outputs/experiments/554_report_dependency_size_audit/data/report_dependency_size_audit.json|outputs/experiments/554_report_dependency_size_audit/data/report_dependency_size_audit.csv|outputs/experiments/555_report_dependency_archive/data/archive_file_list.txt,move directory then create compatibility symlink at original outputs/experiments path
551,commit_archive_inventory,outputs/experiments/551_commit_archive_inventory,13,docs/experiments/84_commit_archive_inventory.md|outputs/experiments/570_commit_pr_summary_refresh/run_manifest.json|outputs/experiments/557_commit_pr_summary_draft/run_manifest.json|outputs/experiments/569_next_action_queue_post_polish/next_action_queue.md|outputs/experiments/569_next_action_queue_post_polish/run_manifest.json|outputs/experiments/551_commit_archive_inventory/run_manifest.json|outputs/experiments/553_post_hardening_resume_checkpoint/README.md|outputs/experiments/558_next_action_queue/next_action_queue.md|outputs/experiments/566_next_action_queue_manuscript_refresh/next_action_queue.md|outputs/experiments/561_next_action_queue_refresh/next_action_queue.md|outputs/experiments/554_report_dependency_size_audit/data/report_dependency_size_audit.json|outputs/experiments/554_report_dependency_size_audit/data/report_dependency_size_audit.csv|outputs/experiments/555_report_dependency_archive/data/archive_file_list.txt,move directory then create compatibility symlink at original outputs/experiments path
553,post_hardening_resume_checkpoint,outputs/experiments/553_post_hardening_resume_checkpoint,6,docs/experiments/86_post_hardening_resume_checkpoint.md|outputs/experiments/554_report_dependency_size_audit/run_manifest.json|outputs/experiments/553_post_hardening_resume_checkpoint/run_manifest.json|outputs/experiments/554_report_dependency_size_audit/data/report_dependency_size_audit.json|outputs/experiments/554_report_dependency_size_audit/data/report_dependency_size_audit.csv|outputs/experiments/555_report_dependency_archive/data/archive_file_list.txt,move directory then create compatibility symlink at original outputs/experiments path
556,post_archive_resume_checkpoint,outputs/experiments/556_post_archive_resume_checkpoint,8,docs/experiments/89_post_archive_resume_checkpoint.md|outputs/experiments/557_commit_pr_summary_draft/commit_pr_summary.md|outputs/experiments/557_commit_pr_summary_draft/run_manifest.json|outputs/experiments/556_post_archive_resume_checkpoint/run_manifest.json|outputs/experiments/558_next_action_queue/run_manifest.json|outputs/experiments/559_final_report_reproducibility_refresh/README.md|outputs/experiments/559_final_report_reproducibility_refresh/final_report_revised.md|outputs/experiments/559_final_report_reproducibility_refresh/run_manifest.json,move directory then create compatibility symlink at original outputs/experiments path
557,commit_pr_summary_draft,outputs/experiments/557_commit_pr_summary_draft,9,docs/experiments/90_commit_pr_summary_draft.md|outputs/experiments/570_commit_pr_summary_refresh/run_manifest.json|outputs/experiments/557_commit_pr_summary_draft/run_manifest.json|outputs/experiments/569_next_action_queue_post_polish/next_action_queue.md|outputs/experiments/569_next_action_queue_post_polish/run_manifest.json|outputs/experiments/558_next_action_queue/next_action_queue.md|outputs/experiments/558_next_action_queue/run_manifest.json|outputs/experiments/566_next_action_queue_manuscript_refresh/next_action_queue.md|outputs/experiments/561_next_action_queue_refresh/next_action_queue.md,move directory then create compatibility symlink at original outputs/experiments path
558,next_action_queue,outputs/experiments/558_next_action_queue,4,docs/experiments/91_next_action_queue.md|docs/experiments/94_next_action_queue_refresh.md|outputs/experiments/558_next_action_queue/run_manifest.json|outputs/experiments/561_next_action_queue_refresh/run_manifest.json,move directory then create compatibility symlink at original outputs/experiments path
561,next_action_queue_refresh,outputs/experiments/561_next_action_queue_refresh,7,docs/experiments/99_next_action_queue_manuscript_refresh.md|docs/experiments/94_next_action_queue_refresh.md|outputs/experiments/562_imrad_manuscript_draft/run_manifest.json|outputs/experiments/566_next_action_queue_manuscript_refresh/run_manifest.json|outputs/experiments/561_next_action_queue_refresh/run_manifest.json|outputs/experiments/564_post_imrad_resume_checkpoint/README.md|outputs/experiments/564_post_imrad_resume_checkpoint/run_manifest.json,move directory then create compatibility symlink at original outputs/experiments path
564,post_imrad_resume_checkpoint,outputs/experiments/564_post_imrad_resume_checkpoint,2,docs/experiments/97_post_imrad_resume_checkpoint.md|outputs/experiments/564_post_imrad_resume_checkpoint/run_manifest.json,move directory then create compatibility symlink at original outputs/experiments path
566,next_action_queue_manuscript_refresh,outputs/experiments/566_next_action_queue_manuscript_refresh,3,docs/experiments/99_next_action_queue_manuscript_refresh.md|docs/experiments/102_next_action_queue_post_polish.md|outputs/experiments/566_next_action_queue_manuscript_refresh/run_manifest.json,move directory then create compatibility symlink at original outputs/experiments path
568,post_manuscript_polish_checkpoint,outputs/experiments/568_post_manuscript_polish_checkpoint,7,docs/experiments/101_post_manuscript_polish_checkpoint.md|outputs/experiments/570_commit_pr_summary_refresh/run_manifest.json|outputs/experiments/570_commit_pr_summary_refresh/commit_pr_summary_refresh.md|outputs/experiments/569_next_action_queue_post_polish/README.md|outputs/experiments/569_next_action_queue_post_polish/run_manifest.json|outputs/experiments/568_post_manuscript_polish_checkpoint/run_manifest.json|outputs/experiments/572_commit_pr_summary_post_hardening/commit_pr_summary_post_hardening.md,move directory then create compatibility symlink at original outputs/experiments path
569,next_action_queue_post_polish,outputs/experiments/569_next_action_queue_post_polish,6,docs/experiments/107_next_action_queue_post_hardening.md|docs/experiments/102_next_action_queue_post_polish.md|outputs/experiments/570_commit_pr_summary_refresh/run_manifest.json|outputs/experiments/570_commit_pr_summary_refresh/commit_pr_summary_refresh.md|outputs/experiments/569_next_action_queue_post_polish/run_manifest.json|outputs/experiments/572_commit_pr_summary_post_hardening/commit_pr_summary_post_hardening.md,move directory then create compatibility symlink at original outputs/experiments path
570,commit_pr_summary_refresh,outputs/experiments/570_commit_pr_summary_refresh,3,docs/experiments/103_commit_pr_summary_refresh.md|outputs/experiments/570_commit_pr_summary_refresh/run_manifest.json|outputs/experiments/572_commit_pr_summary_post_hardening/run_manifest.json,move directory then create compatibility symlink at original outputs/experiments path
572,commit_pr_summary_post_hardening,outputs/experiments/572_commit_pr_summary_post_hardening,11,docs/experiments/105_commit_pr_summary_post_hardening.md|outputs/experiments/577_commit_pr_summary_current_refresh/run_manifest.json|outputs/experiments/576_next_action_queue_manuscript_validation_refresh/next_action_queue.md|outputs/experiments/576_next_action_queue_manuscript_validation_refresh/README.md|outputs/experiments/576_next_action_queue_manuscript_validation_refresh/run_manifest.json|outputs/experiments/574_next_action_queue_post_hardening/next_action_queue.md|outputs/experiments/574_next_action_queue_post_hardening/README.md|outputs/experiments/574_next_action_queue_post_hardening/run_manifest.json|outputs/experiments/572_commit_pr_summary_post_hardening/run_manifest.json|outputs/experiments/573_post_hardening_resume_checkpoint/README.md|outputs/experiments/573_post_hardening_resume_checkpoint/run_manifest.json,move directory then create compatibility symlink at original outputs/experiments path
573,post_hardening_resume_checkpoint,outputs/experiments/573_post_hardening_resume_checkpoint,13,docs/experiments/106_post_hardening_resume_checkpoint.md|outputs/experiments/577_commit_pr_summary_current_refresh/commit_pr_summary_current_refresh.md|outputs/experiments/576_next_action_queue_manuscript_validation_refresh/README.md|outputs/experiments/576_next_action_queue_manuscript_validation_refresh/run_manifest.json|outputs/experiments/574_next_action_queue_post_hardening/README.md|outputs/experiments/574_next_action_queue_post_hardening/run_manifest.json|outputs/experiments/586_commit_pr_summary_sparse_hardening_refresh/commit_pr_summary_sparse_hardening_refresh.md|outputs/experiments/575_imrad_manuscript_validation_refresh/run_manifest.json|outputs/experiments/573_post_hardening_resume_checkpoint/run_manifest.json|outputs/experiments/578_next_action_queue_commit_summary_refresh/run_manifest.json|outputs/experiments/580_current_handoff_archive/data/current_handoff_archive_file_list.txt|outputs/experiments/579_current_handoff_archive_size_audit/data/current_handoff_archive_file_list.txt|outputs/experiments/579_current_handoff_archive_size_audit/data/current_handoff_archive_size_audit.json,move directory then create compatibility symlink at original outputs/experiments path
574,next_action_queue_post_hardening,outputs/experiments/574_next_action_queue_post_hardening,3,docs/experiments/107_next_action_queue_post_hardening.md|docs/experiments/109_next_action_queue_manuscript_validation_refresh.md|outputs/experiments/574_next_action_queue_post_hardening/run_manifest.json,move directory then create compatibility symlink at original outputs/experiments path
576,next_action_queue_manuscript_validation_refresh,outputs/experiments/576_next_action_queue_manuscript_validation_refresh,4,docs/experiments/109_next_action_queue_manuscript_validation_refresh.md|docs/experiments/111_next_action_queue_commit_summary_refresh.md|outputs/experiments/576_next_action_queue_manuscript_validation_refresh/run_manifest.json|outputs/experiments/578_next_action_queue_commit_summary_refresh/run_manifest.json,move directory then create compatibility symlink at original outputs/experiments path
577,commit_pr_summary_current_refresh,outputs/experiments/577_commit_pr_summary_current_refresh,18,docs/experiments/110_commit_pr_summary_current_refresh.md|outputs/experiments/577_commit_pr_summary_current_refresh/commit_pr_summary_current_refresh.md|outputs/experiments/577_commit_pr_summary_current_refresh/run_manifest.json|outputs/experiments/585_next_action_queue_objective_sparse_hardening_refresh/next_action_queue.md|outputs/experiments/585_next_action_queue_objective_sparse_hardening_refresh/run_manifest.json|outputs/experiments/583_next_action_queue_precommit_validation_refresh/next_action_queue.md|outputs/experiments/583_next_action_queue_precommit_validation_refresh/run_manifest.json|outputs/experiments/586_commit_pr_summary_sparse_hardening_refresh/run_manifest.json|outputs/experiments/575_imrad_manuscript_validation_refresh/run_manifest.json|outputs/experiments/582_current_precommit_validation_checkpoint/run_manifest.json|outputs/experiments/578_next_action_queue_commit_summary_refresh/next_action_queue.md|outputs/experiments/578_next_action_queue_commit_summary_refresh/README.md|outputs/experiments/578_next_action_queue_commit_summary_refresh/run_manifest.json|outputs/experiments/581_next_action_queue_current_archive_refresh/next_action_queue.md|outputs/experiments/581_next_action_queue_current_archive_refresh/run_manifest.json|outputs/experiments/580_current_handoff_archive/data/current_handoff_archive_file_list.txt|outputs/experiments/579_current_handoff_archive_size_audit/data/current_handoff_archive_file_list.txt|outputs/experiments/579_current_handoff_archive_size_audit/data/current_handoff_archive_size_audit.json,move directory then create compatibility symlink at original outputs/experiments path
578,next_action_queue_commit_summary_refresh,outputs/experiments/578_next_action_queue_commit_summary_refresh,8,docs/experiments/111_next_action_queue_commit_summary_refresh.md|docs/experiments/114_next_action_queue_current_archive_refresh.md|outputs/experiments/579_current_handoff_archive_size_audit/run_manifest.json|outputs/experiments/578_next_action_queue_commit_summary_refresh/run_manifest.json|outputs/experiments/581_next_action_queue_current_archive_refresh/run_manifest.json|outputs/experiments/580_current_handoff_archive/data/current_handoff_archive_file_list.txt|outputs/experiments/579_current_handoff_archive_size_audit/data/current_handoff_archive_file_list.txt|outputs/experiments/579_current_handoff_archive_size_audit/data/current_handoff_archive_size_audit.json,move directory then create compatibility symlink at original outputs/experiments path
579,current_handoff_archive_size_audit,outputs/experiments/579_current_handoff_archive_size_audit,5,docs/experiments/112_current_handoff_archive_size_audit.md|outputs/experiments/579_current_handoff_archive_size_audit/run_manifest.json|outputs/experiments/580_current_handoff_archive/run_manifest.json|outputs/experiments/580_current_handoff_archive/data/current_handoff_archive.json|outputs/experiments/580_current_handoff_archive/data/current_handoff_archive_file_list.txt,move directory then create compatibility symlink at original outputs/experiments path
580,current_handoff_archive,outputs/experiments/580_current_handoff_archive,59,docs/experiments/113_current_handoff_archive.md|outputs/experiments/577_commit_pr_summary_current_refresh/commit_pr_summary_current_refresh.md|outputs/experiments/577_commit_pr_summary_current_refresh/run_manifest.json|outputs/experiments/607_commit_pr_summary_current_nonfinite_hardening_refresh/commit_pr_summary_current_nonfinite_hardening_refresh.md|outputs/experiments/585_next_action_queue_objective_sparse_hardening_refresh/next_action_queue.md|outputs/experiments/585_next_action_queue_objective_sparse_hardening_refresh/README.md|outputs/experiments/585_next_action_queue_objective_sparse_hardening_refresh/run_manifest.json|outputs/experiments/583_next_action_queue_precommit_validation_refresh/next_action_queue.md|outputs/experiments/583_next_action_queue_precommit_validation_refresh/README.md|outputs/experiments/583_next_action_queue_precommit_validation_refresh/run_manifest.json|outputs/experiments/586_commit_pr_summary_sparse_hardening_refresh/run_manifest.json|outputs/experiments/586_commit_pr_summary_sparse_hardening_refresh/commit_pr_summary_sparse_hardening_refresh.md|outputs/experiments/596_commit_pr_summary_current_archive_refresh/commit_pr_summary_current_archive_refresh.md|outputs/experiments/613_commit_pr_summary_current_smoke_audit_refresh/commit_pr_summary_current_smoke_audit_refresh.md|outputs/experiments/580_current_handoff_archive/README.md|outputs/experiments/580_current_handoff_archive/run_manifest.json|outputs/experiments/594_current_handoff_archive_refresh_size_audit/run_manifest.json|outputs/experiments/593_next_action_queue_current_manuscript_validation_refresh/next_action_queue.md|outputs/experiments/593_next_action_queue_current_manuscript_validation_refresh/README.md|outputs/experiments/593_next_action_queue_current_manuscript_validation_refresh/run_manifest.json|outputs/experiments/589_next_action_queue_post_sparse_hardening_resume_refresh/next_action_queue.md|outputs/experiments/589_next_action_queue_post_sparse_hardening_resume_refresh/README.md|outputs/experiments/589_next_action_queue_post_sparse_hardening_resume_refresh/run_manifest.json|outputs/experiments/587_next_action_queue_commit_summary_sparse_hardening_refresh/next_action_queue.md|outputs/experiments/587_next_action_queue_commit_summary_sparse_hardening_refresh/README.md|outputs/experiments/587_next_action_queue_commit_summary_sparse_hardening_refresh/run_manifest.json|outputs/experiments/590_current_artifact_consistency_audit/run_manifest.json|outputs/experiments/588_post_sparse_hardening_resume_checkpoint/README.md|outputs/experiments/588_post_sparse_hardening_resume_checkpoint/run_manifest.json|outputs/experiments/581_next_action_queue_current_archive_refresh/next_action_queue.md|outputs/experiments/581_next_action_queue_current_archive_refresh/README.md|outputs/experiments/581_next_action_queue_current_archive_refresh/run_manifest.json|outputs/experiments/603_commit_pr_summary_current_diagnostic_hardening_refresh/commit_pr_summary_current_diagnostic_hardening_refresh.md|outputs/experiments/617_commit_pr_summary_current_archive_smoke_audit_refresh/commit_pr_summary_current_archive_smoke_audit_refresh.md|outputs/experiments/600_commit_pr_summary_current_validation_refresh/commit_pr_summary_current_validation_refresh.md|outputs/experiments/592_commit_pr_summary_current_manuscript_validation_refresh/run_manifest.json|outputs/experiments/592_commit_pr_summary_current_manuscript_validation_refresh/commit_pr_summary_current_manuscript_validation_refresh.md|outputs/experiments/722_current_state_archive_coverage_audit_refresh/data/current_state_archive_file_list.txt|outputs/experiments/654_current_state_archive_coverage_audit/data/current_state_archive_file_list.txt|outputs/experiments/584_objective_confidence_sparse_result_hardening/data/objective_confidence_sparse_result_hardening.json|outputs/experiments/615_current_smoke_audit_archive_size_audit/data/current_smoke_audit_archive_file_list.txt|outputs/experiments/615_current_smoke_audit_archive_size_audit/data/current_smoke_audit_archive_size_audit.json|outputs/experiments/632_current_resume_archive_size_audit/data/current_resume_archive_file_list.txt|outputs/experiments/632_current_resume_archive_size_audit/data/current_resume_archive_size_audit.json|outputs/experiments/588_post_sparse_hardening_resume_checkpoint/data/post_sparse_hardening_resume_checkpoint.json|outputs/experiments/590_current_artifact_consistency_audit/data/current_artifact_consistency_audit.json|outputs/experiments/594_current_handoff_archive_refresh_size_audit/data/current_handoff_archive_refresh_file_list.txt|outputs/experiments/594_current_handoff_archive_refresh_size_audit/data/current_handoff_archive_refresh_size_audit.json|outputs/experiments/682_current_state_archive_coverage_audit_refresh/data/current_state_archive_file_list.txt|outputs/experiments/580_current_handoff_archive/data/current_handoff_archive.json|outputs/experiments/623_current_handoff_archive_manuscript_refresh/data/current_handoff_archive_manuscript_refresh_file_list.txt|outputs/experiments/616_current_handoff_archive_smoke_audit_refresh/data/current_handoff_archive_smoke_audit_refresh_file_list.txt|outputs/experiments/622_current_manuscript_archive_size_audit/data/current_manuscript_archive_file_list.txt|outputs/experiments/622_current_manuscript_archive_size_audit/data/current_manuscript_archive_size_audit.json|outputs/experiments/710_current_state_archive_coverage_audit_refresh/data/current_state_archive_file_list.txt|outputs/experiments/595_current_handoff_archive_refresh/data/current_handoff_archive_refresh_file_list.txt|outputs/experiments/595_current_handoff_archive_refresh/data/current_handoff_archive_refresh.json|outputs/experiments/734_current_state_archive_coverage_audit_refresh/data/current_state_archive_file_list.txt|outputs/experiments/633_current_handoff_archive_resume_refresh/data/current_handoff_archive_resume_refresh_file_list.txt,move directory then create compatibility symlink at original outputs/experiments path
581,next_action_queue_current_archive_refresh,outputs/experiments/581_next_action_queue_current_archive_refresh,8,docs/experiments/116_next_action_queue_precommit_validation_refresh.md|docs/experiments/114_next_action_queue_current_archive_refresh.md|outputs/experiments/577_commit_pr_summary_current_refresh/commit_pr_summary_current_refresh.md|outputs/experiments/577_commit_pr_summary_current_refresh/run_manifest.json|outputs/experiments/583_next_action_queue_precommit_validation_refresh/run_manifest.json|outputs/experiments/575_imrad_manuscript_validation_refresh/run_manifest.json|outputs/experiments/582_current_precommit_validation_checkpoint/run_manifest.json|outputs/experiments/581_next_action_queue_current_archive_refresh/run_manifest.json,move directory then create compatibility symlink at original outputs/experiments path
582,current_precommit_validation_checkpoint,outputs/experiments/582_current_precommit_validation_checkpoint,10,docs/experiments/115_current_precommit_validation_checkpoint.md|docs/experiments/110_commit_pr_summary_current_refresh.md|outputs/experiments/577_commit_pr_summary_current_refresh/README.md|outputs/experiments/577_commit_pr_summary_current_refresh/commit_pr_summary_current_refresh.md|outputs/experiments/577_commit_pr_summary_current_refresh/run_manifest.json|outputs/experiments/583_next_action_queue_precommit_validation_refresh/next_action_queue.md|outputs/experiments/583_next_action_queue_precommit_validation_refresh/README.md|outputs/experiments/583_next_action_queue_precommit_validation_refresh/run_manifest.json|outputs/experiments/582_current_precommit_validation_checkpoint/run_manifest.json|outputs/experiments/584_objective_confidence_sparse_result_hardening/run_manifest.json,move directory then create compatibility symlink at original outputs/experiments path
583,next_action_queue_precommit_validation_refresh,outputs/experiments/583_next_action_queue_precommit_validation_refresh,4,docs/experiments/116_next_action_queue_precommit_validation_refresh.md|outputs/experiments/585_next_action_queue_objective_sparse_hardening_refresh/run_manifest.json|outputs/experiments/583_next_action_queue_precommit_validation_refresh/run_manifest.json|outputs/experiments/584_objective_confidence_sparse_result_hardening/run_manifest.json,move directory then create compatibility symlink at original outputs/experiments path
585,next_action_queue_objective_sparse_hardening_refresh,outputs/experiments/585_next_action_queue_objective_sparse_hardening_refresh,24,docs/experiments/118_next_action_queue_objective_sparse_hardening_refresh.md|outputs/experiments/585_next_action_queue_objective_sparse_hardening_refresh/run_manifest.json|outputs/experiments/586_commit_pr_summary_sparse_hardening_refresh/README.md|outputs/experiments/586_commit_pr_summary_sparse_hardening_refresh/run_manifest.json|outputs/experiments/586_commit_pr_summary_sparse_hardening_refresh/commit_pr_summary_sparse_hardening_refresh.md|outputs/experiments/587_next_action_queue_commit_summary_sparse_hardening_refresh/run_manifest.json|outputs/experiments/590_current_artifact_consistency_audit/run_manifest.json|outputs/experiments/722_current_state_archive_coverage_audit_refresh/data/current_state_archive_file_list.txt|outputs/experiments/654_current_state_archive_coverage_audit/data/current_state_archive_file_list.txt|outputs/experiments/615_current_smoke_audit_archive_size_audit/data/current_smoke_audit_archive_file_list.txt|outputs/experiments/615_current_smoke_audit_archive_size_audit/data/current_smoke_audit_archive_size_audit.json|outputs/experiments/632_current_resume_archive_size_audit/data/current_resume_archive_file_list.txt|outputs/experiments/632_current_resume_archive_size_audit/data/current_resume_archive_size_audit.json|outputs/experiments/594_current_handoff_archive_refresh_size_audit/data/current_handoff_archive_refresh_file_list.txt|outputs/experiments/594_current_handoff_archive_refresh_size_audit/data/current_handoff_archive_refresh_size_audit.json|outputs/experiments/682_current_state_archive_coverage_audit_refresh/data/current_state_archive_file_list.txt|outputs/experiments/623_current_handoff_archive_manuscript_refresh/data/current_handoff_archive_manuscript_refresh_file_list.txt|outputs/experiments/616_current_handoff_archive_smoke_audit_refresh/data/current_handoff_archive_smoke_audit_refresh_file_list.txt|outputs/experiments/622_current_manuscript_archive_size_audit/data/current_manuscript_archive_file_list.txt|outputs/experiments/622_current_manuscript_archive_size_audit/data/current_manuscript_archive_size_audit.json|outputs/experiments/710_current_state_archive_coverage_audit_refresh/data/current_state_archive_file_list.txt|outputs/experiments/595_current_handoff_archive_refresh/data/current_handoff_archive_refresh_file_list.txt|outputs/experiments/734_current_state_archive_coverage_audit_refresh/data/current_state_archive_file_list.txt|outputs/experiments/633_current_handoff_archive_resume_refresh/data/current_handoff_archive_resume_refresh_file_list.txt,move directory then create compatibility symlink at original outputs/experiments path
586,commit_pr_summary_sparse_hardening_refresh,outputs/experiments/586_commit_pr_summary_sparse_hardening_refresh,33,docs/experiments/119_commit_pr_summary_sparse_hardening_refresh.md|outputs/experiments/586_commit_pr_summary_sparse_hardening_refresh/run_manifest.json|outputs/experiments/586_commit_pr_summary_sparse_hardening_refresh/commit_pr_summary_sparse_hardening_refresh.md|outputs/experiments/591_imrad_manuscript_current_validation_refresh/README.md|outputs/experiments/591_imrad_manuscript_current_validation_refresh/run_manifest.json|outputs/experiments/589_next_action_queue_post_sparse_hardening_resume_refresh/next_action_queue.md|outputs/experiments/589_next_action_queue_post_sparse_hardening_resume_refresh/README.md|outputs/experiments/589_next_action_queue_post_sparse_hardening_resume_refresh/run_manifest.json|outputs/experiments/587_next_action_queue_commit_summary_sparse_hardening_refresh/next_action_queue.md|outputs/experiments/587_next_action_queue_commit_summary_sparse_hardening_refresh/README.md|outputs/experiments/587_next_action_queue_commit_summary_sparse_hardening_refresh/run_manifest.json|outputs/experiments/590_current_artifact_consistency_audit/run_manifest.json|outputs/experiments/588_post_sparse_hardening_resume_checkpoint/README.md|outputs/experiments/588_post_sparse_hardening_resume_checkpoint/run_manifest.json|outputs/experiments/592_commit_pr_summary_current_manuscript_validation_refresh/run_manifest.json|outputs/experiments/722_current_state_archive_coverage_audit_refresh/data/current_state_archive_file_list.txt|outputs/experiments/654_current_state_archive_coverage_audit/data/current_state_archive_file_list.txt|outputs/experiments/615_current_smoke_audit_archive_size_audit/data/current_smoke_audit_archive_file_list.txt|outputs/experiments/615_current_smoke_audit_archive_size_audit/data/current_smoke_audit_archive_size_audit.json|outputs/experiments/632_current_resume_archive_size_audit/data/current_resume_archive_file_list.txt|outputs/experiments/632_current_resume_archive_size_audit/data/current_resume_archive_size_audit.json|outputs/experiments/588_post_sparse_hardening_resume_checkpoint/data/post_sparse_hardening_resume_checkpoint.json|outputs/experiments/594_current_handoff_archive_refresh_size_audit/data/current_handoff_archive_refresh_file_list.txt|outputs/experiments/594_current_handoff_archive_refresh_size_audit/data/current_handoff_archive_refresh_size_audit.json|outputs/experiments/682_current_state_archive_coverage_audit_refresh/data/current_state_archive_file_list.txt|outputs/experiments/623_current_handoff_archive_manuscript_refresh/data/current_handoff_archive_manuscript_refresh_file_list.txt|outputs/experiments/616_current_handoff_archive_smoke_audit_refresh/data/current_handoff_archive_smoke_audit_refresh_file_list.txt|outputs/experiments/622_current_manuscript_archive_size_audit/data/current_manuscript_archive_file_list.txt|outputs/experiments/622_current_manuscript_archive_size_audit/data/current_manuscript_archive_size_audit.json|outputs/experiments/710_current_state_archive_coverage_audit_refresh/data/current_state_archive_file_list.txt|outputs/experiments/595_current_handoff_archive_refresh/data/current_handoff_archive_refresh_file_list.txt|outputs/experiments/734_current_state_archive_coverage_audit_refresh/data/current_state_archive_file_list.txt|outputs/experiments/633_current_handoff_archive_resume_refresh/data/current_handoff_archive_resume_refresh_file_list.txt,move directory then create compatibility symlink at original outputs/experiments path
587,next_action_queue_commit_summary_sparse_hardening_refresh,outputs/experiments/587_next_action_queue_commit_summary_sparse_hardening_refresh,24,docs/experiments/120_next_action_queue_commit_summary_sparse_hardening_refresh.md|outputs/experiments/589_next_action_queue_post_sparse_hardening_resume_refresh/run_manifest.json|outputs/experiments/587_next_action_queue_commit_summary_sparse_hardening_refresh/run_manifest.json|outputs/experiments/590_current_artifact_consistency_audit/run_manifest.json|outputs/experiments/588_post_sparse_hardening_resume_checkpoint/README.md|outputs/experiments/588_post_sparse_hardening_resume_checkpoint/run_manifest.json|outputs/experiments/722_current_state_archive_coverage_audit_refresh/data/current_state_archive_file_list.txt|outputs/experiments/654_current_state_archive_coverage_audit/data/current_state_archive_file_list.txt|outputs/experiments/615_current_smoke_audit_archive_size_audit/data/current_smoke_audit_archive_file_list.txt|outputs/experiments/615_current_smoke_audit_archive_size_audit/data/current_smoke_audit_archive_size_audit.json|outputs/experiments/632_current_resume_archive_size_audit/data/current_resume_archive_file_list.txt|outputs/experiments/632_current_resume_archive_size_audit/data/current_resume_archive_size_audit.json|outputs/experiments/588_post_sparse_hardening_resume_checkpoint/data/post_sparse_hardening_resume_checkpoint.json|outputs/experiments/594_current_handoff_archive_refresh_size_audit/data/current_handoff_archive_refresh_file_list.txt|outputs/experiments/594_current_handoff_archive_refresh_size_audit/data/current_handoff_archive_refresh_size_audit.json|outputs/experiments/682_current_state_archive_coverage_audit_refresh/data/current_state_archive_file_list.txt|outputs/experiments/623_current_handoff_archive_manuscript_refresh/data/current_handoff_archive_manuscript_refresh_file_list.txt|outputs/experiments/616_current_handoff_archive_smoke_audit_refresh/data/current_handoff_archive_smoke_audit_refresh_file_list.txt|outputs/experiments/622_current_manuscript_archive_size_audit/data/current_manuscript_archive_file_list.txt|outputs/experiments/622_current_manuscript_archive_size_audit/data/current_manuscript_archive_size_audit.json|outputs/experiments/710_current_state_archive_coverage_audit_refresh/data/current_state_archive_file_list.txt|outputs/experiments/595_current_handoff_archive_refresh/data/current_handoff_archive_refresh_file_list.txt|outputs/experiments/734_current_state_archive_coverage_audit_refresh/data/current_state_archive_file_list.txt|outputs/experiments/633_current_handoff_archive_resume_refresh/data/current_handoff_archive_resume_refresh_file_list.txt,move directory then create compatibility symlink at original outputs/experiments path
588,post_sparse_hardening_resume_checkpoint,outputs/experiments/588_post_sparse_hardening_resume_checkpoint,65,docs/experiments/121_post_sparse_hardening_resume_checkpoint.md|outputs/experiments/607_commit_pr_summary_current_nonfinite_hardening_refresh/commit_pr_summary_current_nonfinite_hardening_refresh.md|outputs/experiments/601_next_action_queue_commit_summary_validation_refresh/next_action_queue.md|outputs/experiments/601_next_action_queue_commit_summary_validation_refresh/README.md|outputs/experiments/601_next_action_queue_commit_summary_validation_refresh/run_manifest.json|outputs/experiments/621_next_action_queue_manuscript_archive_refresh/next_action_queue.md|outputs/experiments/621_next_action_queue_manuscript_archive_refresh/README.md|outputs/experiments/621_next_action_queue_manuscript_archive_refresh/run_manifest.json|outputs/experiments/599_next_action_queue_current_validation_refresh/next_action_queue.md|outputs/experiments/599_next_action_queue_current_validation_refresh/README.md|outputs/experiments/599_next_action_queue_current_validation_refresh/run_manifest.json|outputs/experiments/625_next_action_queue_manuscript_archive_handoff_refresh/next_action_queue.md|outputs/experiments/625_next_action_queue_manuscript_archive_handoff_refresh/README.md|outputs/experiments/625_next_action_queue_manuscript_archive_handoff_refresh/run_manifest.json|outputs/experiments/596_commit_pr_summary_current_archive_refresh/commit_pr_summary_current_archive_refresh.md|outputs/experiments/613_commit_pr_summary_current_smoke_audit_refresh/commit_pr_summary_current_smoke_audit_refresh.md|outputs/experiments/626_post_manuscript_archive_resume_checkpoint/README.md|outputs/experiments/626_post_manuscript_archive_resume_checkpoint/run_manifest.json|outputs/experiments/597_next_action_queue_current_archive_refresh/next_action_queue.md|outputs/experiments/597_next_action_queue_current_archive_refresh/README.md|outputs/experiments/597_next_action_queue_current_archive_refresh/run_manifest.json|outputs/experiments/591_imrad_manuscript_current_validation_refresh/README.md|outputs/experiments/591_imrad_manuscript_current_validation_refresh/run_manifest.json|outputs/experiments/604_next_action_queue_diagnostic_hardening_refresh/next_action_queue.md|outputs/experiments/604_next_action_queue_diagnostic_hardening_refresh/README.md|outputs/experiments/604_next_action_queue_diagnostic_hardening_refresh/run_manifest.json|outputs/experiments/614_next_action_queue_smoke_audit_refresh/next_action_queue.md|outputs/experiments/614_next_action_queue_smoke_audit_refresh/README.md|outputs/experiments/614_next_action_queue_smoke_audit_refresh/run_manifest.json|outputs/experiments/618_next_action_queue_archive_smoke_audit_refresh/next_action_queue.md|outputs/experiments/618_next_action_queue_archive_smoke_audit_refresh/README.md|outputs/experiments/618_next_action_queue_archive_smoke_audit_refresh/run_manifest.json|outputs/experiments/593_next_action_queue_current_manuscript_validation_refresh/next_action_queue.md|outputs/experiments/593_next_action_queue_current_manuscript_validation_refresh/README.md|outputs/experiments/593_next_action_queue_current_manuscript_validation_refresh/run_manifest.json|outputs/experiments/589_next_action_queue_post_sparse_hardening_resume_refresh/next_action_queue.md|outputs/experiments/589_next_action_queue_post_sparse_hardening_resume_refresh/README.md|outputs/experiments/589_next_action_queue_post_sparse_hardening_resume_refresh/run_manifest.json|outputs/experiments/590_current_artifact_consistency_audit/run_manifest.json|outputs/experiments/588_post_sparse_hardening_resume_checkpoint/run_manifest.json|outputs/experiments/608_next_action_queue_nonfinite_hardening_refresh/next_action_queue.md|outputs/experiments/608_next_action_queue_nonfinite_hardening_refresh/README.md|outputs/experiments/608_next_action_queue_nonfinite_hardening_refresh/run_manifest.json|outputs/experiments/603_commit_pr_summary_current_diagnostic_hardening_refresh/commit_pr_summary_current_diagnostic_hardening_refresh.md|outputs/experiments/617_commit_pr_summary_current_archive_smoke_audit_refresh/commit_pr_summary_current_archive_smoke_audit_refresh.md|outputs/experiments/600_commit_pr_summary_current_validation_refresh/commit_pr_summary_current_validation_refresh.md|outputs/experiments/592_commit_pr_summary_current_manuscript_validation_refresh/commit_pr_summary_current_manuscript_validation_refresh.md|outputs/experiments/722_current_state_archive_coverage_audit_refresh/data/current_state_archive_file_list.txt|outputs/experiments/654_current_state_archive_coverage_audit/data/current_state_archive_file_list.txt|outputs/experiments/615_current_smoke_audit_archive_size_audit/data/current_smoke_audit_archive_file_list.txt|outputs/experiments/615_current_smoke_audit_archive_size_audit/data/current_smoke_audit_archive_size_audit.json|outputs/experiments/632_current_resume_archive_size_audit/data/current_resume_archive_file_list.txt|outputs/experiments/632_current_resume_archive_size_audit/data/current_resume_archive_size_audit.json|outputs/experiments/594_current_handoff_archive_refresh_size_audit/data/current_handoff_archive_refresh_file_list.txt|outputs/experiments/594_current_handoff_archive_refresh_size_audit/data/current_handoff_archive_refresh_size_audit.json|outputs/experiments/682_current_state_archive_coverage_audit_refresh/data/current_state_archive_file_list.txt|outputs/experiments/623_current_handoff_archive_manuscript_refresh/data/current_handoff_archive_manuscript_refresh_file_list.txt|outputs/experiments/626_post_manuscript_archive_resume_checkpoint/data/post_manuscript_archive_resume_checkpoint.json|outputs/experiments/616_current_handoff_archive_smoke_audit_refresh/data/current_handoff_archive_smoke_audit_refresh_file_list.txt|outputs/experiments/622_current_manuscript_archive_size_audit/data/current_manuscript_archive_file_list.txt|outputs/experiments/622_current_manuscript_archive_size_audit/data/current_manuscript_archive_size_audit.json|outputs/experiments/710_current_state_archive_coverage_audit_refresh/data/current_state_archive_file_list.txt|outputs/experiments/595_current_handoff_archive_refresh/data/current_handoff_archive_refresh_file_list.txt|outputs/experiments/734_current_state_archive_coverage_audit_refresh/data/current_state_archive_file_list.txt|outputs/experiments/633_current_handoff_archive_resume_refresh/data/current_handoff_archive_resume_refresh_file_list.txt,move directory then create compatibility symlink at original outputs/experiments path
589,next_action_queue_post_sparse_hardening_resume_refresh,outputs/experiments/589_next_action_queue_post_sparse_hardening_resume_refresh,24,docs/experiments/122_next_action_queue_post_sparse_hardening_resume_refresh.md|outputs/experiments/591_imrad_manuscript_current_validation_refresh/README.md|outputs/experiments/591_imrad_manuscript_current_validation_refresh/run_manifest.json|outputs/experiments/593_next_action_queue_current_manuscript_validation_refresh/run_manifest.json|outputs/experiments/589_next_action_queue_post_sparse_hardening_resume_refresh/run_manifest.json|outputs/experiments/590_current_artifact_consistency_audit/run_manifest.json|outputs/experiments/722_current_state_archive_coverage_audit_refresh/data/current_state_archive_file_list.txt|outputs/experiments/654_current_state_archive_coverage_audit/data/current_state_archive_file_list.txt|outputs/experiments/615_current_smoke_audit_archive_size_audit/data/current_smoke_audit_archive_file_list.txt|outputs/experiments/615_current_smoke_audit_archive_size_audit/data/current_smoke_audit_archive_size_audit.json|outputs/experiments/632_current_resume_archive_size_audit/data/current_resume_archive_file_list.txt|outputs/experiments/632_current_resume_archive_size_audit/data/current_resume_archive_size_audit.json|outputs/experiments/590_current_artifact_consistency_audit/data/current_artifact_consistency_audit.json|outputs/experiments/594_current_handoff_archive_refresh_size_audit/data/current_handoff_archive_refresh_file_list.txt|outputs/experiments/594_current_handoff_archive_refresh_size_audit/data/current_handoff_archive_refresh_size_audit.json|outputs/experiments/682_current_state_archive_coverage_audit_refresh/data/current_state_archive_file_list.txt|outputs/experiments/623_current_handoff_archive_manuscript_refresh/data/current_handoff_archive_manuscript_refresh_file_list.txt|outputs/experiments/616_current_handoff_archive_smoke_audit_refresh/data/current_handoff_archive_smoke_audit_refresh_file_list.txt|outputs/experiments/622_current_manuscript_archive_size_audit/data/current_manuscript_archive_file_list.txt|outputs/experiments/622_current_manuscript_archive_size_audit/data/current_manuscript_archive_size_audit.json|outputs/experiments/710_current_state_archive_coverage_audit_refresh/data/current_state_archive_file_list.txt|outputs/experiments/595_current_handoff_archive_refresh/data/current_handoff_archive_refresh_file_list.txt|outputs/experiments/734_current_state_archive_coverage_audit_refresh/data/current_state_archive_file_list.txt|outputs/experiments/633_current_handoff_archive_resume_refresh/data/current_handoff_archive_resume_refresh_file_list.txt,move directory then create compatibility symlink at original outputs/experiments path
591,imrad_manuscript_current_validation_refresh,outputs/experiments/591_imrad_manuscript_current_validation_refresh,69,docs/experiments/124_imrad_manuscript_current_validation_refresh.md|outputs/experiments/598_current_precommit_validation_after_archive_refresh/README.md|outputs/experiments/607_commit_pr_summary_current_nonfinite_hardening_refresh/README.md|outputs/experiments/607_commit_pr_summary_current_nonfinite_hardening_refresh/commit_pr_summary_current_nonfinite_hardening_refresh.md|outputs/experiments/607_commit_pr_summary_current_nonfinite_hardening_refresh/run_manifest.json|outputs/experiments/601_next_action_queue_commit_summary_validation_refresh/next_action_queue.md|outputs/experiments/601_next_action_queue_commit_summary_validation_refresh/README.md|outputs/experiments/601_next_action_queue_commit_summary_validation_refresh/run_manifest.json|outputs/experiments/599_next_action_queue_current_validation_refresh/next_action_queue.md|outputs/experiments/599_next_action_queue_current_validation_refresh/README.md|outputs/experiments/599_next_action_queue_current_validation_refresh/run_manifest.json|outputs/experiments/596_commit_pr_summary_current_archive_refresh/README.md|outputs/experiments/596_commit_pr_summary_current_archive_refresh/run_manifest.json|outputs/experiments/596_commit_pr_summary_current_archive_refresh/commit_pr_summary_current_archive_refresh.md|outputs/experiments/562_imrad_manuscript_draft/manuscript_draft.md|outputs/experiments/613_commit_pr_summary_current_smoke_audit_refresh/README.md|outputs/experiments/613_commit_pr_summary_current_smoke_audit_refresh/run_manifest.json|outputs/experiments/613_commit_pr_summary_current_smoke_audit_refresh/commit_pr_summary_current_smoke_audit_refresh.md|outputs/experiments/597_next_action_queue_current_archive_refresh/next_action_queue.md|outputs/experiments/597_next_action_queue_current_archive_refresh/README.md|outputs/experiments/597_next_action_queue_current_archive_refresh/run_manifest.json|outputs/experiments/591_imrad_manuscript_current_validation_refresh/run_manifest.json|outputs/experiments/594_current_handoff_archive_refresh_size_audit/run_manifest.json|outputs/experiments/604_next_action_queue_diagnostic_hardening_refresh/next_action_queue.md|outputs/experiments/604_next_action_queue_diagnostic_hardening_refresh/README.md|outputs/experiments/604_next_action_queue_diagnostic_hardening_refresh/run_manifest.json|outputs/experiments/614_next_action_queue_smoke_audit_refresh/next_action_queue.md|outputs/experiments/614_next_action_queue_smoke_audit_refresh/README.md|outputs/experiments/614_next_action_queue_smoke_audit_refresh/run_manifest.json|outputs/experiments/618_next_action_queue_archive_smoke_audit_refresh/next_action_queue.md|outputs/experiments/618_next_action_queue_archive_smoke_audit_refresh/run_manifest.json|outputs/experiments/593_next_action_queue_current_manuscript_validation_refresh/next_action_queue.md|outputs/experiments/593_next_action_queue_current_manuscript_validation_refresh/README.md|outputs/experiments/593_next_action_queue_current_manuscript_validation_refresh/run_manifest.json|outputs/experiments/608_next_action_queue_nonfinite_hardening_refresh/next_action_queue.md|outputs/experiments/608_next_action_queue_nonfinite_hardening_refresh/README.md|outputs/experiments/608_next_action_queue_nonfinite_hardening_refresh/run_manifest.json|outputs/experiments/619_imrad_manuscript_current_archive_validation_refresh/run_manifest.json|outputs/experiments/603_commit_pr_summary_current_diagnostic_hardening_refresh/README.md|outputs/experiments/603_commit_pr_summary_current_diagnostic_hardening_refresh/run_manifest.json|outputs/experiments/603_commit_pr_summary_current_diagnostic_hardening_refresh/commit_pr_summary_current_diagnostic_hardening_refresh.md|outputs/experiments/617_commit_pr_summary_current_archive_smoke_audit_refresh/README.md|outputs/experiments/617_commit_pr_summary_current_archive_smoke_audit_refresh/run_manifest.json|outputs/experiments/617_commit_pr_summary_current_archive_smoke_audit_refresh/commit_pr_summary_current_archive_smoke_audit_refresh.md|outputs/experiments/600_commit_pr_summary_current_validation_refresh/README.md|outputs/experiments/600_commit_pr_summary_current_validation_refresh/commit_pr_summary_current_validation_refresh.md|outputs/experiments/592_commit_pr_summary_current_manuscript_validation_refresh/README.md|outputs/experiments/592_commit_pr_summary_current_manuscript_validation_refresh/run_manifest.json|outputs/experiments/592_commit_pr_summary_current_manuscript_validation_refresh/commit_pr_summary_current_manuscript_validation_refresh.md|outputs/experiments/722_current_state_archive_coverage_audit_refresh/data/current_state_archive_file_list.txt|outputs/experiments/654_current_state_archive_coverage_audit/data/current_state_archive_file_list.txt|outputs/experiments/602_objective_diagnostic_sparse_geometry_hardening/data/objective_diagnostic_sparse_geometry_hardening.json|outputs/experiments/615_current_smoke_audit_archive_size_audit/data/current_smoke_audit_archive_file_list.txt|outputs/experiments/615_current_smoke_audit_archive_size_audit/data/current_smoke_audit_archive_size_audit.json|outputs/experiments/632_current_resume_archive_size_audit/data/current_resume_archive_file_list.txt|outputs/experiments/632_current_resume_archive_size_audit/data/current_resume_archive_size_audit.json|outputs/experiments/594_current_handoff_archive_refresh_size_audit/data/current_handoff_archive_refresh_file_list.txt|outputs/experiments/594_current_handoff_archive_refresh_size_audit/data/current_handoff_archive_refresh_size_audit.json|outputs/experiments/682_current_state_archive_coverage_audit_refresh/data/current_state_archive_file_list.txt|outputs/experiments/623_current_handoff_archive_manuscript_refresh/data/current_handoff_archive_manuscript_refresh_file_list.txt|outputs/experiments/606_optional_numeric_nonfinite_reporting_hardening/data/optional_numeric_nonfinite_reporting_hardening.json|outputs/experiments/616_current_handoff_archive_smoke_audit_refresh/data/current_handoff_archive_smoke_audit_refresh_file_list.txt|outputs/experiments/622_current_manuscript_archive_size_audit/data/current_manuscript_archive_file_list.txt|outputs/experiments/622_current_manuscript_archive_size_audit/data/current_manuscript_archive_size_audit.json|outputs/experiments/710_current_state_archive_coverage_audit_refresh/data/current_state_archive_file_list.txt|outputs/experiments/595_current_handoff_archive_refresh/data/current_handoff_archive_refresh_file_list.txt|outputs/experiments/734_current_state_archive_coverage_audit_refresh/data/current_state_archive_file_list.txt|outputs/experiments/598_current_precommit_validation_after_archive_refresh/data/current_precommit_validation_after_archive_refresh.json|outputs/experiments/633_current_handoff_archive_resume_refresh/data/current_handoff_archive_resume_refresh_file_list.txt,move directory then create compatibility symlink at original outputs/experiments path
592,commit_pr_summary_current_manuscript_validation_refresh,outputs/experiments/592_commit_pr_summary_current_manuscript_validation_refresh,25,docs/experiments/125_commit_pr_summary_current_manuscript_validation_refresh.md|outputs/experiments/596_commit_pr_summary_current_archive_refresh/run_manifest.json|outputs/experiments/594_current_handoff_archive_refresh_size_audit/run_manifest.json|outputs/experiments/593_next_action_queue_current_manuscript_validation_refresh/next_action_queue.md|outputs/experiments/593_next_action_queue_current_manuscript_validation_refresh/README.md|outputs/experiments/593_next_action_queue_current_manuscript_validation_refresh/run_manifest.json|outputs/experiments/592_commit_pr_summary_current_manuscript_validation_refresh/run_manifest.json|outputs/experiments/592_commit_pr_summary_current_manuscript_validation_refresh/commit_pr_summary_current_manuscript_validation_refresh.md|outputs/experiments/722_current_state_archive_coverage_audit_refresh/data/current_state_archive_file_list.txt|outputs/experiments/654_current_state_archive_coverage_audit/data/current_state_archive_file_list.txt|outputs/experiments/615_current_smoke_audit_archive_size_audit/data/current_smoke_audit_archive_file_list.txt|outputs/experiments/615_current_smoke_audit_archive_size_audit/data/current_smoke_audit_archive_size_audit.json|outputs/experiments/632_current_resume_archive_size_audit/data/current_resume_archive_file_list.txt|outputs/experiments/632_current_resume_archive_size_audit/data/current_resume_archive_size_audit.json|outputs/experiments/594_current_handoff_archive_refresh_size_audit/data/current_handoff_archive_refresh_file_list.txt|outputs/experiments/594_current_handoff_archive_refresh_size_audit/data/current_handoff_archive_refresh_size_audit.json|outputs/experiments/682_current_state_archive_coverage_audit_refresh/data/current_state_archive_file_list.txt|outputs/experiments/623_current_handoff_archive_manuscript_refresh/data/current_handoff_archive_manuscript_refresh_file_list.txt|outputs/experiments/616_current_handoff_archive_smoke_audit_refresh/data/current_handoff_archive_smoke_audit_refresh_file_list.txt|outputs/experiments/622_current_manuscript_archive_size_audit/data/current_manuscript_archive_file_list.txt|outputs/experiments/622_current_manuscript_archive_size_audit/data/current_manuscript_archive_size_audit.json|outputs/experiments/710_current_state_archive_coverage_audit_refresh/data/current_state_archive_file_list.txt|outputs/experiments/595_current_handoff_archive_refresh/data/current_handoff_archive_refresh_file_list.txt|outputs/experiments/734_current_state_archive_coverage_audit_refresh/data/current_state_archive_file_list.txt|outputs/experiments/633_current_handoff_archive_resume_refresh/data/current_handoff_archive_resume_refresh_file_list.txt,move directory then create compatibility symlink at original outputs/experiments path
593,next_action_queue_current_manuscript_validation_refresh,outputs/experiments/593_next_action_queue_current_manuscript_validation_refresh,21,docs/experiments/126_next_action_queue_current_manuscript_validation_refresh.md|outputs/experiments/597_next_action_queue_current_archive_refresh/run_manifest.json|outputs/experiments/594_current_handoff_archive_refresh_size_audit/run_manifest.json|outputs/experiments/593_next_action_queue_current_manuscript_validation_refresh/run_manifest.json|outputs/experiments/722_current_state_archive_coverage_audit_refresh/data/current_state_archive_file_list.txt|outputs/experiments/654_current_state_archive_coverage_audit/data/current_state_archive_file_list.txt|outputs/experiments/615_current_smoke_audit_archive_size_audit/data/current_smoke_audit_archive_file_list.txt|outputs/experiments/615_current_smoke_audit_archive_size_audit/data/current_smoke_audit_archive_size_audit.json|outputs/experiments/632_current_resume_archive_size_audit/data/current_resume_archive_file_list.txt|outputs/experiments/632_current_resume_archive_size_audit/data/current_resume_archive_size_audit.json|outputs/experiments/594_current_handoff_archive_refresh_size_audit/data/current_handoff_archive_refresh_file_list.txt|outputs/experiments/594_current_handoff_archive_refresh_size_audit/data/current_handoff_archive_refresh_size_audit.json|outputs/experiments/682_current_state_archive_coverage_audit_refresh/data/current_state_archive_file_list.txt|outputs/experiments/623_current_handoff_archive_manuscript_refresh/data/current_handoff_archive_manuscript_refresh_file_list.txt|outputs/experiments/616_current_handoff_archive_smoke_audit_refresh/data/current_handoff_archive_smoke_audit_refresh_file_list.txt|outputs/experiments/622_current_manuscript_archive_size_audit/data/current_manuscript_archive_file_list.txt|outputs/experiments/622_current_manuscript_archive_size_audit/data/current_manuscript_archive_size_audit.json|outputs/experiments/710_current_state_archive_coverage_audit_refresh/data/current_state_archive_file_list.txt|outputs/experiments/595_current_handoff_archive_refresh/data/current_handoff_archive_refresh_file_list.txt|outputs/experiments/734_current_state_archive_coverage_audit_refresh/data/current_state_archive_file_list.txt|outputs/experiments/633_current_handoff_archive_resume_refresh/data/current_handoff_archive_resume_refresh_file_list.txt,move directory then create compatibility symlink at original outputs/experiments path
594,current_handoff_archive_refresh_size_audit,outputs/experiments/594_current_handoff_archive_refresh_size_audit,21,docs/experiments/127_current_handoff_archive_refresh_size_audit.md|outputs/experiments/595_current_handoff_archive_refresh/run_manifest.json|outputs/experiments/594_current_handoff_archive_refresh_size_audit/run_manifest.json|outputs/experiments/722_current_state_archive_coverage_audit_refresh/data/current_state_archive_file_list.txt|outputs/experiments/654_current_state_archive_coverage_audit/data/current_state_archive_file_list.txt|outputs/experiments/615_current_smoke_audit_archive_size_audit/data/current_smoke_audit_archive_file_list.txt|outputs/experiments/615_current_smoke_audit_archive_size_audit/data/current_smoke_audit_archive_size_audit.json|outputs/experiments/632_current_resume_archive_size_audit/data/current_resume_archive_file_list.txt|outputs/experiments/632_current_resume_archive_size_audit/data/current_resume_archive_size_audit.json|outputs/experiments/594_current_handoff_archive_refresh_size_audit/data/current_handoff_archive_refresh_file_list.txt|outputs/experiments/594_current_handoff_archive_refresh_size_audit/data/current_handoff_archive_refresh_size_audit.json|outputs/experiments/682_current_state_archive_coverage_audit_refresh/data/current_state_archive_file_list.txt|outputs/experiments/623_current_handoff_archive_manuscript_refresh/data/current_handoff_archive_manuscript_refresh_file_list.txt|outputs/experiments/616_current_handoff_archive_smoke_audit_refresh/data/current_handoff_archive_smoke_audit_refresh_file_list.txt|outputs/experiments/622_current_manuscript_archive_size_audit/data/current_manuscript_archive_file_list.txt|outputs/experiments/622_current_manuscript_archive_size_audit/data/current_manuscript_archive_size_audit.json|outputs/experiments/710_current_state_archive_coverage_audit_refresh/data/current_state_archive_file_list.txt|outputs/experiments/595_current_handoff_archive_refresh/data/current_handoff_archive_refresh_file_list.txt|outputs/experiments/595_current_handoff_archive_refresh/data/current_handoff_archive_refresh.json|outputs/experiments/734_current_state_archive_coverage_audit_refresh/data/current_state_archive_file_list.txt|outputs/experiments/633_current_handoff_archive_resume_refresh/data/current_handoff_archive_resume_refresh_file_list.txt,move directory then create compatibility symlink at original outputs/experiments path
595,current_handoff_archive_refresh,outputs/experiments/595_current_handoff_archive_refresh,65,docs/experiments/128_current_handoff_archive_refresh.md|outputs/experiments/598_current_precommit_validation_after_archive_refresh/README.md|outputs/experiments/598_current_precommit_validation_after_archive_refresh/run_manifest.json|outputs/experiments/607_commit_pr_summary_current_nonfinite_hardening_refresh/README.md|outputs/experiments/607_commit_pr_summary_current_nonfinite_hardening_refresh/commit_pr_summary_current_nonfinite_hardening_refresh.md|outputs/experiments/607_commit_pr_summary_current_nonfinite_hardening_refresh/run_manifest.json|outputs/experiments/601_next_action_queue_commit_summary_validation_refresh/next_action_queue.md|outputs/experiments/601_next_action_queue_commit_summary_validation_refresh/README.md|outputs/experiments/601_next_action_queue_commit_summary_validation_refresh/run_manifest.json|outputs/experiments/599_next_action_queue_current_validation_refresh/next_action_queue.md|outputs/experiments/599_next_action_queue_current_validation_refresh/README.md|outputs/experiments/599_next_action_queue_current_validation_refresh/run_manifest.json|outputs/experiments/595_current_handoff_archive_refresh/README.md|outputs/experiments/595_current_handoff_archive_refresh/run_manifest.json|outputs/experiments/612_current_nonfinite_hardening_state_audit/run_manifest.json|outputs/experiments/596_commit_pr_summary_current_archive_refresh/README.md|outputs/experiments/596_commit_pr_summary_current_archive_refresh/run_manifest.json|outputs/experiments/596_commit_pr_summary_current_archive_refresh/commit_pr_summary_current_archive_refresh.md|outputs/experiments/613_commit_pr_summary_current_smoke_audit_refresh/README.md|outputs/experiments/613_commit_pr_summary_current_smoke_audit_refresh/run_manifest.json|outputs/experiments/613_commit_pr_summary_current_smoke_audit_refresh/commit_pr_summary_current_smoke_audit_refresh.md|outputs/experiments/597_next_action_queue_current_archive_refresh/next_action_queue.md|outputs/experiments/597_next_action_queue_current_archive_refresh/README.md|outputs/experiments/597_next_action_queue_current_archive_refresh/run_manifest.json|outputs/experiments/605_current_diagnostic_hardening_state_audit/run_manifest.json|outputs/experiments/604_next_action_queue_diagnostic_hardening_refresh/next_action_queue.md|outputs/experiments/604_next_action_queue_diagnostic_hardening_refresh/README.md|outputs/experiments/604_next_action_queue_diagnostic_hardening_refresh/run_manifest.json|outputs/experiments/614_next_action_queue_smoke_audit_refresh/next_action_queue.md|outputs/experiments/614_next_action_queue_smoke_audit_refresh/README.md|outputs/experiments/614_next_action_queue_smoke_audit_refresh/run_manifest.json|outputs/experiments/615_current_smoke_audit_archive_size_audit/run_manifest.json|outputs/experiments/602_objective_diagnostic_sparse_geometry_hardening/run_manifest.json|outputs/experiments/608_next_action_queue_nonfinite_hardening_refresh/next_action_queue.md|outputs/experiments/608_next_action_queue_nonfinite_hardening_refresh/README.md|outputs/experiments/608_next_action_queue_nonfinite_hardening_refresh/run_manifest.json|outputs/experiments/603_commit_pr_summary_current_diagnostic_hardening_refresh/README.md|outputs/experiments/603_commit_pr_summary_current_diagnostic_hardening_refresh/run_manifest.json|outputs/experiments/603_commit_pr_summary_current_diagnostic_hardening_refresh/commit_pr_summary_current_diagnostic_hardening_refresh.md|outputs/experiments/617_commit_pr_summary_current_archive_smoke_audit_refresh/commit_pr_summary_current_archive_smoke_audit_refresh.md|outputs/experiments/600_commit_pr_summary_current_validation_refresh/README.md|outputs/experiments/600_commit_pr_summary_current_validation_refresh/commit_pr_summary_current_validation_refresh.md|outputs/experiments/600_commit_pr_summary_current_validation_refresh/run_manifest.json|outputs/experiments/610_objective_ratio_null_serialization_hardening/data/objective_ratio_null_serialization_hardening.json|outputs/experiments/722_current_state_archive_coverage_audit_refresh/data/current_state_archive_file_list.txt|outputs/experiments/654_current_state_archive_coverage_audit/data/current_state_archive_file_list.txt|outputs/experiments/602_objective_diagnostic_sparse_geometry_hardening/data/objective_diagnostic_sparse_geometry_hardening.json|outputs/experiments/615_current_smoke_audit_archive_size_audit/data/current_smoke_audit_archive_file_list.txt|outputs/experiments/615_current_smoke_audit_archive_size_audit/data/current_smoke_audit_archive_size_audit.json|outputs/experiments/632_current_resume_archive_size_audit/data/current_resume_archive_file_list.txt|outputs/experiments/632_current_resume_archive_size_audit/data/current_resume_archive_size_audit.json|outputs/experiments/605_current_diagnostic_hardening_state_audit/data/current_diagnostic_hardening_state_audit.json|outputs/experiments/682_current_state_archive_coverage_audit_refresh/data/current_state_archive_file_list.txt|outputs/experiments/623_current_handoff_archive_manuscript_refresh/data/current_handoff_archive_manuscript_refresh_file_list.txt|outputs/experiments/606_optional_numeric_nonfinite_reporting_hardening/data/optional_numeric_nonfinite_reporting_hardening.json|outputs/experiments/616_current_handoff_archive_smoke_audit_refresh/data/current_handoff_archive_smoke_audit_refresh.json|outputs/experiments/616_current_handoff_archive_smoke_audit_refresh/data/current_handoff_archive_smoke_audit_refresh_file_list.txt|outputs/experiments/622_current_manuscript_archive_size_audit/data/current_manuscript_archive_file_list.txt|outputs/experiments/622_current_manuscript_archive_size_audit/data/current_manuscript_archive_size_audit.json|outputs/experiments/710_current_state_archive_coverage_audit_refresh/data/current_state_archive_file_list.txt|outputs/experiments/612_current_nonfinite_hardening_state_audit/data/current_nonfinite_hardening_state_audit.json|outputs/experiments/595_current_handoff_archive_refresh/data/current_handoff_archive_refresh.json|outputs/experiments/734_current_state_archive_coverage_audit_refresh/data/current_state_archive_file_list.txt|outputs/experiments/598_current_precommit_validation_after_archive_refresh/data/current_precommit_validation_after_archive_refresh.json|outputs/experiments/633_current_handoff_archive_resume_refresh/data/current_handoff_archive_resume_refresh_file_list.txt,move directory then create compatibility symlink at original outputs/experiments path
596,commit_pr_summary_current_archive_refresh,outputs/experiments/596_commit_pr_summary_current_archive_refresh,27,docs/experiments/129_commit_pr_summary_current_archive_refresh.md|outputs/experiments/598_current_precommit_validation_after_archive_refresh/README.md|outputs/experiments/598_current_precommit_validation_after_archive_refresh/run_manifest.json|outputs/experiments/599_next_action_queue_current_validation_refresh/next_action_queue.md|outputs/experiments/599_next_action_queue_current_validation_refresh/README.md|outputs/experiments/599_next_action_queue_current_validation_refresh/run_manifest.json|outputs/experiments/596_commit_pr_summary_current_archive_refresh/run_manifest.json|outputs/experiments/596_commit_pr_summary_current_archive_refresh/commit_pr_summary_current_archive_refresh.md|outputs/experiments/597_next_action_queue_current_archive_refresh/next_action_queue.md|outputs/experiments/597_next_action_queue_current_archive_refresh/README.md|outputs/experiments/597_next_action_queue_current_archive_refresh/run_manifest.json|outputs/experiments/600_commit_pr_summary_current_validation_refresh/run_manifest.json|outputs/experiments/722_current_state_archive_coverage_audit_refresh/data/current_state_archive_file_list.txt|outputs/experiments/654_current_state_archive_coverage_audit/data/current_state_archive_file_list.txt|outputs/experiments/615_current_smoke_audit_archive_size_audit/data/current_smoke_audit_archive_file_list.txt|outputs/experiments/615_current_smoke_audit_archive_size_audit/data/current_smoke_audit_archive_size_audit.json|outputs/experiments/632_current_resume_archive_size_audit/data/current_resume_archive_file_list.txt|outputs/experiments/632_current_resume_archive_size_audit/data/current_resume_archive_size_audit.json|outputs/experiments/682_current_state_archive_coverage_audit_refresh/data/current_state_archive_file_list.txt|outputs/experiments/623_current_handoff_archive_manuscript_refresh/data/current_handoff_archive_manuscript_refresh_file_list.txt|outputs/experiments/616_current_handoff_archive_smoke_audit_refresh/data/current_handoff_archive_smoke_audit_refresh_file_list.txt|outputs/experiments/622_current_manuscript_archive_size_audit/data/current_manuscript_archive_file_list.txt|outputs/experiments/622_current_manuscript_archive_size_audit/data/current_manuscript_archive_size_audit.json|outputs/experiments/710_current_state_archive_coverage_audit_refresh/data/current_state_archive_file_list.txt|outputs/experiments/734_current_state_archive_coverage_audit_refresh/data/current_state_archive_file_list.txt|outputs/experiments/598_current_precommit_validation_after_archive_refresh/data/current_precommit_validation_after_archive_refresh.json|outputs/experiments/633_current_handoff_archive_resume_refresh/data/current_handoff_archive_resume_refresh_file_list.txt,move directory then create compatibility symlink at original outputs/experiments path
597,next_action_queue_current_archive_refresh,outputs/experiments/597_next_action_queue_current_archive_refresh,20,docs/experiments/130_next_action_queue_current_archive_refresh.md|outputs/experiments/598_current_precommit_validation_after_archive_refresh/README.md|outputs/experiments/598_current_precommit_validation_after_archive_refresh/run_manifest.json|outputs/experiments/599_next_action_queue_current_validation_refresh/run_manifest.json|outputs/experiments/597_next_action_queue_current_archive_refresh/run_manifest.json|outputs/experiments/722_current_state_archive_coverage_audit_refresh/data/current_state_archive_file_list.txt|outputs/experiments/654_current_state_archive_coverage_audit/data/current_state_archive_file_list.txt|outputs/experiments/615_current_smoke_audit_archive_size_audit/data/current_smoke_audit_archive_file_list.txt|outputs/experiments/615_current_smoke_audit_archive_size_audit/data/current_smoke_audit_archive_size_audit.json|outputs/experiments/632_current_resume_archive_size_audit/data/current_resume_archive_file_list.txt|outputs/experiments/632_current_resume_archive_size_audit/data/current_resume_archive_size_audit.json|outputs/experiments/682_current_state_archive_coverage_audit_refresh/data/current_state_archive_file_list.txt|outputs/experiments/623_current_handoff_archive_manuscript_refresh/data/current_handoff_archive_manuscript_refresh_file_list.txt|outputs/experiments/616_current_handoff_archive_smoke_audit_refresh/data/current_handoff_archive_smoke_audit_refresh_file_list.txt|outputs/experiments/622_current_manuscript_archive_size_audit/data/current_manuscript_archive_file_list.txt|outputs/experiments/622_current_manuscript_archive_size_audit/data/current_manuscript_archive_size_audit.json|outputs/experiments/710_current_state_archive_coverage_audit_refresh/data/current_state_archive_file_list.txt|outputs/experiments/734_current_state_archive_coverage_audit_refresh/data/current_state_archive_file_list.txt|outputs/experiments/598_current_precommit_validation_after_archive_refresh/data/current_precommit_validation_after_archive_refresh.json|outputs/experiments/633_current_handoff_archive_resume_refresh/data/current_handoff_archive_resume_refresh_file_list.txt,move directory then create compatibility symlink at original outputs/experiments path
598,current_precommit_validation_after_archive_refresh,outputs/experiments/598_current_precommit_validation_after_archive_refresh,29,docs/experiments/131_current_precommit_validation_after_archive_refresh.md|outputs/experiments/598_current_precommit_validation_after_archive_refresh/README.md|outputs/experiments/598_current_precommit_validation_after_archive_refresh/run_manifest.json|outputs/experiments/601_next_action_queue_commit_summary_validation_refresh/next_action_queue.md|outputs/experiments/601_next_action_queue_commit_summary_validation_refresh/README.md|outputs/experiments/601_next_action_queue_commit_summary_validation_refresh/run_manifest.json|outputs/experiments/599_next_action_queue_current_validation_refresh/next_action_queue.md|outputs/experiments/599_next_action_queue_current_validation_refresh/README.md|outputs/experiments/599_next_action_queue_current_validation_refresh/run_manifest.json|outputs/experiments/602_objective_diagnostic_sparse_geometry_hardening/run_manifest.json|outputs/experiments/600_commit_pr_summary_current_validation_refresh/README.md|outputs/experiments/600_commit_pr_summary_current_validation_refresh/commit_pr_summary_current_validation_refresh.md|outputs/experiments/600_commit_pr_summary_current_validation_refresh/run_manifest.json|outputs/experiments/722_current_state_archive_coverage_audit_refresh/data/current_state_archive_file_list.txt|outputs/experiments/654_current_state_archive_coverage_audit/data/current_state_archive_file_list.txt|outputs/experiments/602_objective_diagnostic_sparse_geometry_hardening/data/objective_diagnostic_sparse_geometry_hardening.json|outputs/experiments/615_current_smoke_audit_archive_size_audit/data/current_smoke_audit_archive_file_list.txt|outputs/experiments/615_current_smoke_audit_archive_size_audit/data/current_smoke_audit_archive_size_audit.json|outputs/experiments/632_current_resume_archive_size_audit/data/current_resume_archive_file_list.txt|outputs/experiments/632_current_resume_archive_size_audit/data/current_resume_archive_size_audit.json|outputs/experiments/682_current_state_archive_coverage_audit_refresh/data/current_state_archive_file_list.txt|outputs/experiments/623_current_handoff_archive_manuscript_refresh/data/current_handoff_archive_manuscript_refresh_file_list.txt|outputs/experiments/616_current_handoff_archive_smoke_audit_refresh/data/current_handoff_archive_smoke_audit_refresh_file_list.txt|outputs/experiments/622_current_manuscript_archive_size_audit/data/current_manuscript_archive_file_list.txt|outputs/experiments/622_current_manuscript_archive_size_audit/data/current_manuscript_archive_size_audit.json|outputs/experiments/710_current_state_archive_coverage_audit_refresh/data/current_state_archive_file_list.txt|outputs/experiments/734_current_state_archive_coverage_audit_refresh/data/current_state_archive_file_list.txt|outputs/experiments/598_current_precommit_validation_after_archive_refresh/data/current_precommit_validation_after_archive_refresh.json|outputs/experiments/633_current_handoff_archive_resume_refresh/data/current_handoff_archive_resume_refresh_file_list.txt,move directory then create compatibility symlink at original outputs/experiments path
599,next_action_queue_current_validation_refresh,outputs/experiments/599_next_action_queue_current_validation_refresh,18,docs/experiments/132_next_action_queue_current_validation_refresh.md|outputs/experiments/601_next_action_queue_commit_summary_validation_refresh/run_manifest.json|outputs/experiments/599_next_action_queue_current_validation_refresh/run_manifest.json|outputs/experiments/600_commit_pr_summary_current_validation_refresh/run_manifest.json|outputs/experiments/722_current_state_archive_coverage_audit_refresh/data/current_state_archive_file_list.txt|outputs/experiments/654_current_state_archive_coverage_audit/data/current_state_archive_file_list.txt|outputs/experiments/615_current_smoke_audit_archive_size_audit/data/current_smoke_audit_archive_file_list.txt|outputs/experiments/615_current_smoke_audit_archive_size_audit/data/current_smoke_audit_archive_size_audit.json|outputs/experiments/632_current_resume_archive_size_audit/data/current_resume_archive_file_list.txt|outputs/experiments/632_current_resume_archive_size_audit/data/current_resume_archive_size_audit.json|outputs/experiments/682_current_state_archive_coverage_audit_refresh/data/current_state_archive_file_list.txt|outputs/experiments/623_current_handoff_archive_manuscript_refresh/data/current_handoff_archive_manuscript_refresh_file_list.txt|outputs/experiments/616_current_handoff_archive_smoke_audit_refresh/data/current_handoff_archive_smoke_audit_refresh_file_list.txt|outputs/experiments/622_current_manuscript_archive_size_audit/data/current_manuscript_archive_file_list.txt|outputs/experiments/622_current_manuscript_archive_size_audit/data/current_manuscript_archive_size_audit.json|outputs/experiments/710_current_state_archive_coverage_audit_refresh/data/current_state_archive_file_list.txt|outputs/experiments/734_current_state_archive_coverage_audit_refresh/data/current_state_archive_file_list.txt|outputs/experiments/633_current_handoff_archive_resume_refresh/data/current_handoff_archive_resume_refresh_file_list.txt,move directory then create compatibility symlink at original outputs/experiments path
600,commit_pr_summary_current_validation_refresh,outputs/experiments/600_commit_pr_summary_current_validation_refresh,23,docs/experiments/133_commit_pr_summary_current_validation_refresh.md|outputs/experiments/601_next_action_queue_commit_summary_validation_refresh/next_action_queue.md|outputs/experiments/601_next_action_queue_commit_summary_validation_refresh/README.md|outputs/experiments/601_next_action_queue_commit_summary_validation_refresh/run_manifest.json|outputs/experiments/602_objective_diagnostic_sparse_geometry_hardening/run_manifest.json|outputs/experiments/603_commit_pr_summary_current_diagnostic_hardening_refresh/run_manifest.json|outputs/experiments/600_commit_pr_summary_current_validation_refresh/commit_pr_summary_current_validation_refresh.md|outputs/experiments/600_commit_pr_summary_current_validation_refresh/run_manifest.json|outputs/experiments/722_current_state_archive_coverage_audit_refresh/data/current_state_archive_file_list.txt|outputs/experiments/654_current_state_archive_coverage_audit/data/current_state_archive_file_list.txt|outputs/experiments/602_objective_diagnostic_sparse_geometry_hardening/data/objective_diagnostic_sparse_geometry_hardening.json|outputs/experiments/615_current_smoke_audit_archive_size_audit/data/current_smoke_audit_archive_file_list.txt|outputs/experiments/615_current_smoke_audit_archive_size_audit/data/current_smoke_audit_archive_size_audit.json|outputs/experiments/632_current_resume_archive_size_audit/data/current_resume_archive_file_list.txt|outputs/experiments/632_current_resume_archive_size_audit/data/current_resume_archive_size_audit.json|outputs/experiments/682_current_state_archive_coverage_audit_refresh/data/current_state_archive_file_list.txt|outputs/experiments/623_current_handoff_archive_manuscript_refresh/data/current_handoff_archive_manuscript_refresh_file_list.txt|outputs/experiments/616_current_handoff_archive_smoke_audit_refresh/data/current_handoff_archive_smoke_audit_refresh_file_list.txt|outputs/experiments/622_current_manuscript_archive_size_audit/data/current_manuscript_archive_file_list.txt|outputs/experiments/622_current_manuscript_archive_size_audit/data/current_manuscript_archive_size_audit.json|outputs/experiments/710_current_state_archive_coverage_audit_refresh/data/current_state_archive_file_list.txt|outputs/experiments/734_current_state_archive_coverage_audit_refresh/data/current_state_archive_file_list.txt|outputs/experiments/633_current_handoff_archive_resume_refresh/data/current_handoff_archive_resume_refresh_file_list.txt,move directory then create compatibility symlink at original outputs/experiments path
601,next_action_queue_commit_summary_validation_refresh,outputs/experiments/601_next_action_queue_commit_summary_validation_refresh,19,docs/experiments/134_next_action_queue_commit_summary_validation_refresh.md|outputs/experiments/601_next_action_queue_commit_summary_validation_refresh/run_manifest.json|outputs/experiments/604_next_action_queue_diagnostic_hardening_refresh/run_manifest.json|outputs/experiments/602_objective_diagnostic_sparse_geometry_hardening/run_manifest.json|outputs/experiments/722_current_state_archive_coverage_audit_refresh/data/current_state_archive_file_list.txt|outputs/experiments/654_current_state_archive_coverage_audit/data/current_state_archive_file_list.txt|outputs/experiments/602_objective_diagnostic_sparse_geometry_hardening/data/objective_diagnostic_sparse_geometry_hardening.json|outputs/experiments/615_current_smoke_audit_archive_size_audit/data/current_smoke_audit_archive_file_list.txt|outputs/experiments/615_current_smoke_audit_archive_size_audit/data/current_smoke_audit_archive_size_audit.json|outputs/experiments/632_current_resume_archive_size_audit/data/current_resume_archive_file_list.txt|outputs/experiments/632_current_resume_archive_size_audit/data/current_resume_archive_size_audit.json|outputs/experiments/682_current_state_archive_coverage_audit_refresh/data/current_state_archive_file_list.txt|outputs/experiments/623_current_handoff_archive_manuscript_refresh/data/current_handoff_archive_manuscript_refresh_file_list.txt|outputs/experiments/616_current_handoff_archive_smoke_audit_refresh/data/current_handoff_archive_smoke_audit_refresh_file_list.txt|outputs/experiments/622_current_manuscript_archive_size_audit/data/current_manuscript_archive_file_list.txt|outputs/experiments/622_current_manuscript_archive_size_audit/data/current_manuscript_archive_size_audit.json|outputs/experiments/710_current_state_archive_coverage_audit_refresh/data/current_state_archive_file_list.txt|outputs/experiments/734_current_state_archive_coverage_audit_refresh/data/current_state_archive_file_list.txt|outputs/experiments/633_current_handoff_archive_resume_refresh/data/current_handoff_archive_resume_refresh_file_list.txt,move directory then create compatibility symlink at original outputs/experiments path
603,commit_pr_summary_current_diagnostic_hardening_refresh,outputs/experiments/603_commit_pr_summary_current_diagnostic_hardening_refresh,24,docs/experiments/136_commit_pr_summary_current_diagnostic_hardening_refresh.md|outputs/experiments/607_commit_pr_summary_current_nonfinite_hardening_refresh/run_manifest.json|outputs/experiments/605_current_diagnostic_hardening_state_audit/run_manifest.json|outputs/experiments/604_next_action_queue_diagnostic_hardening_refresh/next_action_queue.md|outputs/experiments/604_next_action_queue_diagnostic_hardening_refresh/README.md|outputs/experiments/604_next_action_queue_diagnostic_hardening_refresh/run_manifest.json|outputs/experiments/603_commit_pr_summary_current_diagnostic_hardening_refresh/run_manifest.json|outputs/experiments/603_commit_pr_summary_current_diagnostic_hardening_refresh/commit_pr_summary_current_diagnostic_hardening_refresh.md|outputs/experiments/722_current_state_archive_coverage_audit_refresh/data/current_state_archive_file_list.txt|outputs/experiments/654_current_state_archive_coverage_audit/data/current_state_archive_file_list.txt|outputs/experiments/615_current_smoke_audit_archive_size_audit/data/current_smoke_audit_archive_file_list.txt|outputs/experiments/615_current_smoke_audit_archive_size_audit/data/current_smoke_audit_archive_size_audit.json|outputs/experiments/632_current_resume_archive_size_audit/data/current_resume_archive_file_list.txt|outputs/experiments/632_current_resume_archive_size_audit/data/current_resume_archive_size_audit.json|outputs/experiments/605_current_diagnostic_hardening_state_audit/data/current_diagnostic_hardening_state_audit.json|outputs/experiments/682_current_state_archive_coverage_audit_refresh/data/current_state_archive_file_list.txt|outputs/experiments/623_current_handoff_archive_manuscript_refresh/data/current_handoff_archive_manuscript_refresh_file_list.txt|outputs/experiments/606_optional_numeric_nonfinite_reporting_hardening/data/optional_numeric_nonfinite_reporting_hardening.json|outputs/experiments/616_current_handoff_archive_smoke_audit_refresh/data/current_handoff_archive_smoke_audit_refresh_file_list.txt|outputs/experiments/622_current_manuscript_archive_size_audit/data/current_manuscript_archive_file_list.txt|outputs/experiments/622_current_manuscript_archive_size_audit/data/current_manuscript_archive_size_audit.json|outputs/experiments/710_current_state_archive_coverage_audit_refresh/data/current_state_archive_file_list.txt|outputs/experiments/734_current_state_archive_coverage_audit_refresh/data/current_state_archive_file_list.txt|outputs/experiments/633_current_handoff_archive_resume_refresh/data/current_handoff_archive_resume_refresh_file_list.txt,move directory then create compatibility symlink at original outputs/experiments path
604,next_action_queue_diagnostic_hardening_refresh,outputs/experiments/604_next_action_queue_diagnostic_hardening_refresh,20,docs/experiments/137_next_action_queue_diagnostic_hardening_refresh.md|outputs/experiments/605_current_diagnostic_hardening_state_audit/run_manifest.json|outputs/experiments/604_next_action_queue_diagnostic_hardening_refresh/run_manifest.json|outputs/experiments/608_next_action_queue_nonfinite_hardening_refresh/run_manifest.json|outputs/experiments/722_current_state_archive_coverage_audit_refresh/data/current_state_archive_file_list.txt|outputs/experiments/654_current_state_archive_coverage_audit/data/current_state_archive_file_list.txt|outputs/experiments/615_current_smoke_audit_archive_size_audit/data/current_smoke_audit_archive_file_list.txt|outputs/experiments/615_current_smoke_audit_archive_size_audit/data/current_smoke_audit_archive_size_audit.json|outputs/experiments/632_current_resume_archive_size_audit/data/current_resume_archive_file_list.txt|outputs/experiments/632_current_resume_archive_size_audit/data/current_resume_archive_size_audit.json|outputs/experiments/605_current_diagnostic_hardening_state_audit/data/current_diagnostic_hardening_state_audit.json|outputs/experiments/682_current_state_archive_coverage_audit_refresh/data/current_state_archive_file_list.txt|outputs/experiments/623_current_handoff_archive_manuscript_refresh/data/current_handoff_archive_manuscript_refresh_file_list.txt|outputs/experiments/606_optional_numeric_nonfinite_reporting_hardening/data/optional_numeric_nonfinite_reporting_hardening.json|outputs/experiments/616_current_handoff_archive_smoke_audit_refresh/data/current_handoff_archive_smoke_audit_refresh_file_list.txt|outputs/experiments/622_current_manuscript_archive_size_audit/data/current_manuscript_archive_file_list.txt|outputs/experiments/622_current_manuscript_archive_size_audit/data/current_manuscript_archive_size_audit.json|outputs/experiments/710_current_state_archive_coverage_audit_refresh/data/current_state_archive_file_list.txt|outputs/experiments/734_current_state_archive_coverage_audit_refresh/data/current_state_archive_file_list.txt|outputs/experiments/633_current_handoff_archive_resume_refresh/data/current_handoff_archive_resume_refresh_file_list.txt,move directory then create compatibility symlink at original outputs/experiments path
605,current_diagnostic_hardening_state_audit,outputs/experiments/605_current_diagnostic_hardening_state_audit,26,docs/experiments/138_current_diagnostic_hardening_state_audit.md|outputs/experiments/607_commit_pr_summary_current_nonfinite_hardening_refresh/README.md|outputs/experiments/607_commit_pr_summary_current_nonfinite_hardening_refresh/commit_pr_summary_current_nonfinite_hardening_refresh.md|outputs/experiments/607_commit_pr_summary_current_nonfinite_hardening_refresh/run_manifest.json|outputs/experiments/606_optional_numeric_nonfinite_reporting_hardening/run_manifest.json|outputs/experiments/605_current_diagnostic_hardening_state_audit/run_manifest.json|outputs/experiments/608_next_action_queue_nonfinite_hardening_refresh/next_action_queue.md|outputs/experiments/608_next_action_queue_nonfinite_hardening_refresh/README.md|outputs/experiments/608_next_action_queue_nonfinite_hardening_refresh/run_manifest.json|outputs/experiments/610_objective_ratio_null_serialization_hardening/data/objective_ratio_null_serialization_hardening.json|outputs/experiments/722_current_state_archive_coverage_audit_refresh/data/current_state_archive_file_list.txt|outputs/experiments/654_current_state_archive_coverage_audit/data/current_state_archive_file_list.txt|outputs/experiments/615_current_smoke_audit_archive_size_audit/data/current_smoke_audit_archive_file_list.txt|outputs/experiments/615_current_smoke_audit_archive_size_audit/data/current_smoke_audit_archive_size_audit.json|outputs/experiments/632_current_resume_archive_size_audit/data/current_resume_archive_file_list.txt|outputs/experiments/632_current_resume_archive_size_audit/data/current_resume_archive_size_audit.json|outputs/experiments/682_current_state_archive_coverage_audit_refresh/data/current_state_archive_file_list.txt|outputs/experiments/623_current_handoff_archive_manuscript_refresh/data/current_handoff_archive_manuscript_refresh_file_list.txt|outputs/experiments/606_optional_numeric_nonfinite_reporting_hardening/data/optional_numeric_nonfinite_reporting_hardening.json|outputs/experiments/616_current_handoff_archive_smoke_audit_refresh/data/current_handoff_archive_smoke_audit_refresh_file_list.txt|outputs/experiments/622_current_manuscript_archive_size_audit/data/current_manuscript_archive_file_list.txt|outputs/experiments/622_current_manuscript_archive_size_audit/data/current_manuscript_archive_size_audit.json|outputs/experiments/710_current_state_archive_coverage_audit_refresh/data/current_state_archive_file_list.txt|outputs/experiments/734_current_state_archive_coverage_audit_refresh/data/current_state_archive_file_list.txt|outputs/experiments/607_commit_pr_summary_current_nonfinite_hardening_refresh/data/current_commit_inventory.json|outputs/experiments/633_current_handoff_archive_resume_refresh/data/current_handoff_archive_resume_refresh_file_list.txt,move directory then create compatibility symlink at original outputs/experiments path
607,commit_pr_summary_current_nonfinite_hardening_refresh,outputs/experiments/607_commit_pr_summary_current_nonfinite_hardening_refresh,24,docs/experiments/140_commit_pr_summary_current_nonfinite_hardening_refresh.md|outputs/experiments/607_commit_pr_summary_current_nonfinite_hardening_refresh/commit_pr_summary_current_nonfinite_hardening_refresh.md|outputs/experiments/607_commit_pr_summary_current_nonfinite_hardening_refresh/run_manifest.json|outputs/experiments/612_current_nonfinite_hardening_state_audit/run_manifest.json|outputs/experiments/613_commit_pr_summary_current_smoke_audit_refresh/run_manifest.json|outputs/experiments/608_next_action_queue_nonfinite_hardening_refresh/next_action_queue.md|outputs/experiments/608_next_action_queue_nonfinite_hardening_refresh/README.md|outputs/experiments/608_next_action_queue_nonfinite_hardening_refresh/run_manifest.json|outputs/experiments/610_objective_ratio_null_serialization_hardening/data/objective_ratio_null_serialization_hardening.json|outputs/experiments/722_current_state_archive_coverage_audit_refresh/data/current_state_archive_file_list.txt|outputs/experiments/654_current_state_archive_coverage_audit/data/current_state_archive_file_list.txt|outputs/experiments/615_current_smoke_audit_archive_size_audit/data/current_smoke_audit_archive_file_list.txt|outputs/experiments/615_current_smoke_audit_archive_size_audit/data/current_smoke_audit_archive_size_audit.json|outputs/experiments/632_current_resume_archive_size_audit/data/current_resume_archive_file_list.txt|outputs/experiments/632_current_resume_archive_size_audit/data/current_resume_archive_size_audit.json|outputs/experiments/682_current_state_archive_coverage_audit_refresh/data/current_state_archive_file_list.txt|outputs/experiments/623_current_handoff_archive_manuscript_refresh/data/current_handoff_archive_manuscript_refresh_file_list.txt|outputs/experiments/616_current_handoff_archive_smoke_audit_refresh/data/current_handoff_archive_smoke_audit_refresh_file_list.txt|outputs/experiments/622_current_manuscript_archive_size_audit/data/current_manuscript_archive_file_list.txt|outputs/experiments/622_current_manuscript_archive_size_audit/data/current_manuscript_archive_size_audit.json|outputs/experiments/710_current_state_archive_coverage_audit_refresh/data/current_state_archive_file_list.txt|outputs/experiments/612_current_nonfinite_hardening_state_audit/data/current_nonfinite_hardening_state_audit.json|outputs/experiments/734_current_state_archive_coverage_audit_refresh/data/current_state_archive_file_list.txt|outputs/experiments/633_current_handoff_archive_resume_refresh/data/current_handoff_archive_resume_refresh_file_list.txt,move directory then create compatibility symlink at original outputs/experiments path
608,next_action_queue_nonfinite_hardening_refresh,outputs/experiments/608_next_action_queue_nonfinite_hardening_refresh,20,docs/experiments/141_next_action_queue_nonfinite_hardening_refresh.md|outputs/experiments/612_current_nonfinite_hardening_state_audit/run_manifest.json|outputs/experiments/614_next_action_queue_smoke_audit_refresh/run_manifest.json|outputs/experiments/608_next_action_queue_nonfinite_hardening_refresh/run_manifest.json|outputs/experiments/610_objective_ratio_null_serialization_hardening/data/objective_ratio_null_serialization_hardening.json|outputs/experiments/722_current_state_archive_coverage_audit_refresh/data/current_state_archive_file_list.txt|outputs/experiments/654_current_state_archive_coverage_audit/data/current_state_archive_file_list.txt|outputs/experiments/615_current_smoke_audit_archive_size_audit/data/current_smoke_audit_archive_file_list.txt|outputs/experiments/615_current_smoke_audit_archive_size_audit/data/current_smoke_audit_archive_size_audit.json|outputs/experiments/632_current_resume_archive_size_audit/data/current_resume_archive_file_list.txt|outputs/experiments/632_current_resume_archive_size_audit/data/current_resume_archive_size_audit.json|outputs/experiments/682_current_state_archive_coverage_audit_refresh/data/current_state_archive_file_list.txt|outputs/experiments/623_current_handoff_archive_manuscript_refresh/data/current_handoff_archive_manuscript_refresh_file_list.txt|outputs/experiments/616_current_handoff_archive_smoke_audit_refresh/data/current_handoff_archive_smoke_audit_refresh_file_list.txt|outputs/experiments/622_current_manuscript_archive_size_audit/data/current_manuscript_archive_file_list.txt|outputs/experiments/622_current_manuscript_archive_size_audit/data/current_manuscript_archive_size_audit.json|outputs/experiments/710_current_state_archive_coverage_audit_refresh/data/current_state_archive_file_list.txt|outputs/experiments/612_current_nonfinite_hardening_state_audit/data/current_nonfinite_hardening_state_audit.json|outputs/experiments/734_current_state_archive_coverage_audit_refresh/data/current_state_archive_file_list.txt|outputs/experiments/633_current_handoff_archive_resume_refresh/data/current_handoff_archive_resume_refresh_file_list.txt,move directory then create compatibility symlink at original outputs/experiments path
612,current_nonfinite_hardening_state_audit,outputs/experiments/612_current_nonfinite_hardening_state_audit,42,docs/experiments/145_current_nonfinite_hardening_state_audit.md|outputs/experiments/627_commit_pr_summary_current_resume_refresh/commit_pr_summary_current_resume_refresh.md|outputs/experiments/621_next_action_queue_manuscript_archive_refresh/next_action_queue.md|outputs/experiments/621_next_action_queue_manuscript_archive_refresh/run_manifest.json|outputs/experiments/612_current_nonfinite_hardening_state_audit/run_manifest.json|outputs/experiments/625_next_action_queue_manuscript_archive_handoff_refresh/next_action_queue.md|outputs/experiments/625_next_action_queue_manuscript_archive_handoff_refresh/run_manifest.json|outputs/experiments/613_commit_pr_summary_current_smoke_audit_refresh/run_manifest.json|outputs/experiments/613_commit_pr_summary_current_smoke_audit_refresh/commit_pr_summary_current_smoke_audit_refresh.md|outputs/experiments/626_post_manuscript_archive_resume_checkpoint/README.md|outputs/experiments/626_post_manuscript_archive_resume_checkpoint/run_manifest.json|outputs/experiments/624_commit_pr_summary_current_manuscript_archive_handoff_refresh/commit_pr_summary_current_manuscript_archive_handoff_refresh.md|outputs/experiments/614_next_action_queue_smoke_audit_refresh/next_action_queue.md|outputs/experiments/614_next_action_queue_smoke_audit_refresh/README.md|outputs/experiments/614_next_action_queue_smoke_audit_refresh/run_manifest.json|outputs/experiments/628_next_action_queue_resume_refresh/next_action_queue.md|outputs/experiments/628_next_action_queue_resume_refresh/README.md|outputs/experiments/628_next_action_queue_resume_refresh/run_manifest.json|outputs/experiments/618_next_action_queue_archive_smoke_audit_refresh/next_action_queue.md|outputs/experiments/618_next_action_queue_archive_smoke_audit_refresh/README.md|outputs/experiments/618_next_action_queue_archive_smoke_audit_refresh/run_manifest.json|outputs/experiments/615_current_smoke_audit_archive_size_audit/run_manifest.json|outputs/experiments/619_imrad_manuscript_current_archive_validation_refresh/README.md|outputs/experiments/619_imrad_manuscript_current_archive_validation_refresh/run_manifest.json|outputs/experiments/617_commit_pr_summary_current_archive_smoke_audit_refresh/run_manifest.json|outputs/experiments/617_commit_pr_summary_current_archive_smoke_audit_refresh/commit_pr_summary_current_archive_smoke_audit_refresh.md|outputs/experiments/620_commit_pr_summary_current_manuscript_archive_refresh/commit_pr_summary_current_manuscript_archive_refresh.md|outputs/experiments/722_current_state_archive_coverage_audit_refresh/data/current_state_archive_file_list.txt|outputs/experiments/654_current_state_archive_coverage_audit/data/current_state_archive_file_list.txt|outputs/experiments/615_current_smoke_audit_archive_size_audit/data/current_smoke_audit_archive_file_list.txt|outputs/experiments/615_current_smoke_audit_archive_size_audit/data/current_smoke_audit_archive_size_audit.json|outputs/experiments/632_current_resume_archive_size_audit/data/current_resume_archive_file_list.txt|outputs/experiments/632_current_resume_archive_size_audit/data/current_resume_archive_size_audit.json|outputs/experiments/682_current_state_archive_coverage_audit_refresh/data/current_state_archive_file_list.txt|outputs/experiments/623_current_handoff_archive_manuscript_refresh/data/current_handoff_archive_manuscript_refresh_file_list.txt|outputs/experiments/626_post_manuscript_archive_resume_checkpoint/data/post_manuscript_archive_resume_checkpoint.json|outputs/experiments/616_current_handoff_archive_smoke_audit_refresh/data/current_handoff_archive_smoke_audit_refresh_file_list.txt|outputs/experiments/622_current_manuscript_archive_size_audit/data/current_manuscript_archive_file_list.txt|outputs/experiments/622_current_manuscript_archive_size_audit/data/current_manuscript_archive_size_audit.json|outputs/experiments/710_current_state_archive_coverage_audit_refresh/data/current_state_archive_file_list.txt|outputs/experiments/734_current_state_archive_coverage_audit_refresh/data/current_state_archive_file_list.txt|outputs/experiments/633_current_handoff_archive_resume_refresh/data/current_handoff_archive_resume_refresh_file_list.txt,move directory then create compatibility symlink at original outputs/experiments path
613,commit_pr_summary_current_smoke_audit_refresh,outputs/experiments/613_commit_pr_summary_current_smoke_audit_refresh,22,docs/experiments/146_commit_pr_summary_current_smoke_audit_refresh.md|outputs/experiments/613_commit_pr_summary_current_smoke_audit_refresh/run_manifest.json|outputs/experiments/613_commit_pr_summary_current_smoke_audit_refresh/commit_pr_summary_current_smoke_audit_refresh.md|outputs/experiments/614_next_action_queue_smoke_audit_refresh/next_action_queue.md|outputs/experiments/614_next_action_queue_smoke_audit_refresh/README.md|outputs/experiments/614_next_action_queue_smoke_audit_refresh/run_manifest.json|outputs/experiments/615_current_smoke_audit_archive_size_audit/run_manifest.json|outputs/experiments/617_commit_pr_summary_current_archive_smoke_audit_refresh/run_manifest.json|outputs/experiments/722_current_state_archive_coverage_audit_refresh/data/current_state_archive_file_list.txt|outputs/experiments/654_current_state_archive_coverage_audit/data/current_state_archive_file_list.txt|outputs/experiments/615_current_smoke_audit_archive_size_audit/data/current_smoke_audit_archive_file_list.txt|outputs/experiments/615_current_smoke_audit_archive_size_audit/data/current_smoke_audit_archive_size_audit.json|outputs/experiments/632_current_resume_archive_size_audit/data/current_resume_archive_file_list.txt|outputs/experiments/632_current_resume_archive_size_audit/data/current_resume_archive_size_audit.json|outputs/experiments/682_current_state_archive_coverage_audit_refresh/data/current_state_archive_file_list.txt|outputs/experiments/623_current_handoff_archive_manuscript_refresh/data/current_handoff_archive_manuscript_refresh_file_list.txt|outputs/experiments/616_current_handoff_archive_smoke_audit_refresh/data/current_handoff_archive_smoke_audit_refresh_file_list.txt|outputs/experiments/622_current_manuscript_archive_size_audit/data/current_manuscript_archive_file_list.txt|outputs/experiments/622_current_manuscript_archive_size_audit/data/current_manuscript_archive_size_audit.json|outputs/experiments/710_current_state_archive_coverage_audit_refresh/data/current_state_archive_file_list.txt|outputs/experiments/734_current_state_archive_coverage_audit_refresh/data/current_state_archive_file_list.txt|outputs/experiments/633_current_handoff_archive_resume_refresh/data/current_handoff_archive_resume_refresh_file_list.txt,move directory then create compatibility symlink at original outputs/experiments path
614,next_action_queue_smoke_audit_refresh,outputs/experiments/614_next_action_queue_smoke_audit_refresh,18,docs/experiments/147_next_action_queue_smoke_audit_refresh.md|outputs/experiments/614_next_action_queue_smoke_audit_refresh/run_manifest.json|outputs/experiments/618_next_action_queue_archive_smoke_audit_refresh/run_manifest.json|outputs/experiments/615_current_smoke_audit_archive_size_audit/run_manifest.json|outputs/experiments/722_current_state_archive_coverage_audit_refresh/data/current_state_archive_file_list.txt|outputs/experiments/654_current_state_archive_coverage_audit/data/current_state_archive_file_list.txt|outputs/experiments/615_current_smoke_audit_archive_size_audit/data/current_smoke_audit_archive_file_list.txt|outputs/experiments/615_current_smoke_audit_archive_size_audit/data/current_smoke_audit_archive_size_audit.json|outputs/experiments/632_current_resume_archive_size_audit/data/current_resume_archive_file_list.txt|outputs/experiments/632_current_resume_archive_size_audit/data/current_resume_archive_size_audit.json|outputs/experiments/682_current_state_archive_coverage_audit_refresh/data/current_state_archive_file_list.txt|outputs/experiments/623_current_handoff_archive_manuscript_refresh/data/current_handoff_archive_manuscript_refresh_file_list.txt|outputs/experiments/616_current_handoff_archive_smoke_audit_refresh/data/current_handoff_archive_smoke_audit_refresh_file_list.txt|outputs/experiments/622_current_manuscript_archive_size_audit/data/current_manuscript_archive_file_list.txt|outputs/experiments/622_current_manuscript_archive_size_audit/data/current_manuscript_archive_size_audit.json|outputs/experiments/710_current_state_archive_coverage_audit_refresh/data/current_state_archive_file_list.txt|outputs/experiments/734_current_state_archive_coverage_audit_refresh/data/current_state_archive_file_list.txt|outputs/experiments/633_current_handoff_archive_resume_refresh/data/current_handoff_archive_resume_refresh_file_list.txt,move directory then create compatibility symlink at original outputs/experiments path
615,current_smoke_audit_archive_size_audit,outputs/experiments/615_current_smoke_audit_archive_size_audit,22,docs/experiments/148_current_smoke_audit_archive_size_audit.md|docs/experiments/149_current_handoff_archive_smoke_audit_refresh.md|outputs/experiments/616_current_handoff_archive_smoke_audit_refresh/README.md|outputs/experiments/616_current_handoff_archive_smoke_audit_refresh/run_manifest.json|outputs/experiments/615_current_smoke_audit_archive_size_audit/run_manifest.json|outputs/experiments/617_commit_pr_summary_current_archive_smoke_audit_refresh/run_manifest.json|outputs/experiments/617_commit_pr_summary_current_archive_smoke_audit_refresh/commit_pr_summary_current_archive_smoke_audit_refresh.md|outputs/experiments/722_current_state_archive_coverage_audit_refresh/data/current_state_archive_file_list.txt|outputs/experiments/654_current_state_archive_coverage_audit/data/current_state_archive_file_list.txt|outputs/experiments/615_current_smoke_audit_archive_size_audit/data/current_smoke_audit_archive_file_list.txt|outputs/experiments/615_current_smoke_audit_archive_size_audit/data/current_smoke_audit_archive_size_audit.json|outputs/experiments/632_current_resume_archive_size_audit/data/current_resume_archive_file_list.txt|outputs/experiments/632_current_resume_archive_size_audit/data/current_resume_archive_size_audit.json|outputs/experiments/682_current_state_archive_coverage_audit_refresh/data/current_state_archive_file_list.txt|outputs/experiments/623_current_handoff_archive_manuscript_refresh/data/current_handoff_archive_manuscript_refresh_file_list.txt|outputs/experiments/616_current_handoff_archive_smoke_audit_refresh/data/current_handoff_archive_smoke_audit_refresh.json|outputs/experiments/616_current_handoff_archive_smoke_audit_refresh/data/current_handoff_archive_smoke_audit_refresh_file_list.txt|outputs/experiments/622_current_manuscript_archive_size_audit/data/current_manuscript_archive_file_list.txt|outputs/experiments/622_current_manuscript_archive_size_audit/data/current_manuscript_archive_size_audit.json|outputs/experiments/710_current_state_archive_coverage_audit_refresh/data/current_state_archive_file_list.txt|outputs/experiments/734_current_state_archive_coverage_audit_refresh/data/current_state_archive_file_list.txt|outputs/experiments/633_current_handoff_archive_resume_refresh/data/current_handoff_archive_resume_refresh_file_list.txt,move directory then create compatibility symlink at original outputs/experiments path
616,current_handoff_archive_smoke_audit_refresh,outputs/experiments/616_current_handoff_archive_smoke_audit_refresh,31,docs/experiments/149_current_handoff_archive_smoke_audit_refresh.md|outputs/experiments/621_next_action_queue_manuscript_archive_refresh/next_action_queue.md|outputs/experiments/621_next_action_queue_manuscript_archive_refresh/README.md|outputs/experiments/621_next_action_queue_manuscript_archive_refresh/run_manifest.json|outputs/experiments/622_current_manuscript_archive_size_audit/run_manifest.json|outputs/experiments/616_current_handoff_archive_smoke_audit_refresh/README.md|outputs/experiments/616_current_handoff_archive_smoke_audit_refresh/run_manifest.json|outputs/experiments/618_next_action_queue_archive_smoke_audit_refresh/next_action_queue.md|outputs/experiments/618_next_action_queue_archive_smoke_audit_refresh/README.md|outputs/experiments/618_next_action_queue_archive_smoke_audit_refresh/run_manifest.json|outputs/experiments/619_imrad_manuscript_current_archive_validation_refresh/README.md|outputs/experiments/619_imrad_manuscript_current_archive_validation_refresh/run_manifest.json|outputs/experiments/617_commit_pr_summary_current_archive_smoke_audit_refresh/README.md|outputs/experiments/617_commit_pr_summary_current_archive_smoke_audit_refresh/run_manifest.json|outputs/experiments/617_commit_pr_summary_current_archive_smoke_audit_refresh/commit_pr_summary_current_archive_smoke_audit_refresh.md|outputs/experiments/620_commit_pr_summary_current_manuscript_archive_refresh/README.md|outputs/experiments/620_commit_pr_summary_current_manuscript_archive_refresh/run_manifest.json|outputs/experiments/620_commit_pr_summary_current_manuscript_archive_refresh/commit_pr_summary_current_manuscript_archive_refresh.md|outputs/experiments/722_current_state_archive_coverage_audit_refresh/data/current_state_archive_file_list.txt|outputs/experiments/654_current_state_archive_coverage_audit/data/current_state_archive_file_list.txt|outputs/experiments/632_current_resume_archive_size_audit/data/current_resume_archive_file_list.txt|outputs/experiments/632_current_resume_archive_size_audit/data/current_resume_archive_size_audit.json|outputs/experiments/682_current_state_archive_coverage_audit_refresh/data/current_state_archive_file_list.txt|outputs/experiments/623_current_handoff_archive_manuscript_refresh/data/current_handoff_archive_manuscript_refresh_file_list.txt|outputs/experiments/623_current_handoff_archive_manuscript_refresh/data/current_handoff_archive_manuscript_refresh.json|outputs/experiments/616_current_handoff_archive_smoke_audit_refresh/data/current_handoff_archive_smoke_audit_refresh.json|outputs/experiments/622_current_manuscript_archive_size_audit/data/current_manuscript_archive_file_list.txt|outputs/experiments/622_current_manuscript_archive_size_audit/data/current_manuscript_archive_size_audit.json|outputs/experiments/710_current_state_archive_coverage_audit_refresh/data/current_state_archive_file_list.txt|outputs/experiments/734_current_state_archive_coverage_audit_refresh/data/current_state_archive_file_list.txt|outputs/experiments/633_current_handoff_archive_resume_refresh/data/current_handoff_archive_resume_refresh_file_list.txt,move directory then create compatibility symlink at original outputs/experiments path
617,commit_pr_summary_current_archive_smoke_audit_refresh,outputs/experiments/617_commit_pr_summary_current_archive_smoke_audit_refresh,20,docs/experiments/150_commit_pr_summary_current_archive_smoke_audit_refresh.md|outputs/experiments/618_next_action_queue_archive_smoke_audit_refresh/next_action_queue.md|outputs/experiments/618_next_action_queue_archive_smoke_audit_refresh/README.md|outputs/experiments/618_next_action_queue_archive_smoke_audit_refresh/run_manifest.json|outputs/experiments/619_imrad_manuscript_current_archive_validation_refresh/README.md|outputs/experiments/619_imrad_manuscript_current_archive_validation_refresh/run_manifest.json|outputs/experiments/617_commit_pr_summary_current_archive_smoke_audit_refresh/run_manifest.json|outputs/experiments/617_commit_pr_summary_current_archive_smoke_audit_refresh/commit_pr_summary_current_archive_smoke_audit_refresh.md|outputs/experiments/620_commit_pr_summary_current_manuscript_archive_refresh/run_manifest.json|outputs/experiments/722_current_state_archive_coverage_audit_refresh/data/current_state_archive_file_list.txt|outputs/experiments/654_current_state_archive_coverage_audit/data/current_state_archive_file_list.txt|outputs/experiments/632_current_resume_archive_size_audit/data/current_resume_archive_file_list.txt|outputs/experiments/632_current_resume_archive_size_audit/data/current_resume_archive_size_audit.json|outputs/experiments/682_current_state_archive_coverage_audit_refresh/data/current_state_archive_file_list.txt|outputs/experiments/623_current_handoff_archive_manuscript_refresh/data/current_handoff_archive_manuscript_refresh_file_list.txt|outputs/experiments/622_current_manuscript_archive_size_audit/data/current_manuscript_archive_file_list.txt|outputs/experiments/622_current_manuscript_archive_size_audit/data/current_manuscript_archive_size_audit.json|outputs/experiments/710_current_state_archive_coverage_audit_refresh/data/current_state_archive_file_list.txt|outputs/experiments/734_current_state_archive_coverage_audit_refresh/data/current_state_archive_file_list.txt|outputs/experiments/633_current_handoff_archive_resume_refresh/data/current_handoff_archive_resume_refresh_file_list.txt,move directory then create compatibility symlink at original outputs/experiments path
618,next_action_queue_archive_smoke_audit_refresh,outputs/experiments/618_next_action_queue_archive_smoke_audit_refresh,18,docs/experiments/151_next_action_queue_archive_smoke_audit_refresh.md|outputs/experiments/621_next_action_queue_manuscript_archive_refresh/run_manifest.json|outputs/experiments/618_next_action_queue_archive_smoke_audit_refresh/run_manifest.json|outputs/experiments/619_imrad_manuscript_current_archive_validation_refresh/README.md|outputs/experiments/619_imrad_manuscript_current_archive_validation_refresh/run_manifest.json|outputs/experiments/620_commit_pr_summary_current_manuscript_archive_refresh/run_manifest.json|outputs/experiments/620_commit_pr_summary_current_manuscript_archive_refresh/commit_pr_summary_current_manuscript_archive_refresh.md|outputs/experiments/722_current_state_archive_coverage_audit_refresh/data/current_state_archive_file_list.txt|outputs/experiments/654_current_state_archive_coverage_audit/data/current_state_archive_file_list.txt|outputs/experiments/632_current_resume_archive_size_audit/data/current_resume_archive_file_list.txt|outputs/experiments/632_current_resume_archive_size_audit/data/current_resume_archive_size_audit.json|outputs/experiments/682_current_state_archive_coverage_audit_refresh/data/current_state_archive_file_list.txt|outputs/experiments/623_current_handoff_archive_manuscript_refresh/data/current_handoff_archive_manuscript_refresh_file_list.txt|outputs/experiments/622_current_manuscript_archive_size_audit/data/current_manuscript_archive_file_list.txt|outputs/experiments/622_current_manuscript_archive_size_audit/data/current_manuscript_archive_size_audit.json|outputs/experiments/710_current_state_archive_coverage_audit_refresh/data/current_state_archive_file_list.txt|outputs/experiments/734_current_state_archive_coverage_audit_refresh/data/current_state_archive_file_list.txt|outputs/experiments/633_current_handoff_archive_resume_refresh/data/current_handoff_archive_resume_refresh_file_list.txt,move directory then create compatibility symlink at original outputs/experiments path
620,commit_pr_summary_current_manuscript_archive_refresh,outputs/experiments/620_commit_pr_summary_current_manuscript_archive_refresh,19,docs/experiments/153_commit_pr_summary_current_manuscript_archive_refresh.md|outputs/experiments/621_next_action_queue_manuscript_archive_refresh/next_action_queue.md|outputs/experiments/621_next_action_queue_manuscript_archive_refresh/README.md|outputs/experiments/621_next_action_queue_manuscript_archive_refresh/run_manifest.json|outputs/experiments/622_current_manuscript_archive_size_audit/run_manifest.json|outputs/experiments/624_commit_pr_summary_current_manuscript_archive_handoff_refresh/run_manifest.json|outputs/experiments/620_commit_pr_summary_current_manuscript_archive_refresh/run_manifest.json|outputs/experiments/620_commit_pr_summary_current_manuscript_archive_refresh/commit_pr_summary_current_manuscript_archive_refresh.md|outputs/experiments/722_current_state_archive_coverage_audit_refresh/data/current_state_archive_file_list.txt|outputs/experiments/654_current_state_archive_coverage_audit/data/current_state_archive_file_list.txt|outputs/experiments/632_current_resume_archive_size_audit/data/current_resume_archive_file_list.txt|outputs/experiments/632_current_resume_archive_size_audit/data/current_resume_archive_size_audit.json|outputs/experiments/682_current_state_archive_coverage_audit_refresh/data/current_state_archive_file_list.txt|outputs/experiments/623_current_handoff_archive_manuscript_refresh/data/current_handoff_archive_manuscript_refresh_file_list.txt|outputs/experiments/622_current_manuscript_archive_size_audit/data/current_manuscript_archive_file_list.txt|outputs/experiments/622_current_manuscript_archive_size_audit/data/current_manuscript_archive_size_audit.json|outputs/experiments/710_current_state_archive_coverage_audit_refresh/data/current_state_archive_file_list.txt|outputs/experiments/734_current_state_archive_coverage_audit_refresh/data/current_state_archive_file_list.txt|outputs/experiments/633_current_handoff_archive_resume_refresh/data/current_handoff_archive_resume_refresh_file_list.txt,move directory then create compatibility symlink at original outputs/experiments path
621,next_action_queue_manuscript_archive_refresh,outputs/experiments/621_next_action_queue_manuscript_archive_refresh,16,docs/experiments/154_next_action_queue_manuscript_archive_refresh.md|outputs/experiments/621_next_action_queue_manuscript_archive_refresh/run_manifest.json|outputs/experiments/625_next_action_queue_manuscript_archive_handoff_refresh/run_manifest.json|outputs/experiments/622_current_manuscript_archive_size_audit/run_manifest.json|outputs/experiments/624_commit_pr_summary_current_manuscript_archive_handoff_refresh/commit_pr_summary_current_manuscript_archive_handoff_refresh.md|outputs/experiments/722_current_state_archive_coverage_audit_refresh/data/current_state_archive_file_list.txt|outputs/experiments/654_current_state_archive_coverage_audit/data/current_state_archive_file_list.txt|outputs/experiments/632_current_resume_archive_size_audit/data/current_resume_archive_file_list.txt|outputs/experiments/632_current_resume_archive_size_audit/data/current_resume_archive_size_audit.json|outputs/experiments/682_current_state_archive_coverage_audit_refresh/data/current_state_archive_file_list.txt|outputs/experiments/623_current_handoff_archive_manuscript_refresh/data/current_handoff_archive_manuscript_refresh_file_list.txt|outputs/experiments/622_current_manuscript_archive_size_audit/data/current_manuscript_archive_file_list.txt|outputs/experiments/622_current_manuscript_archive_size_audit/data/current_manuscript_archive_size_audit.json|outputs/experiments/710_current_state_archive_coverage_audit_refresh/data/current_state_archive_file_list.txt|outputs/experiments/734_current_state_archive_coverage_audit_refresh/data/current_state_archive_file_list.txt|outputs/experiments/633_current_handoff_archive_resume_refresh/data/current_handoff_archive_resume_refresh_file_list.txt,move directory then create compatibility symlink at original outputs/experiments path
622,current_manuscript_archive_size_audit,outputs/experiments/622_current_manuscript_archive_size_audit,18,docs/experiments/156_current_handoff_archive_manuscript_refresh.md|docs/experiments/155_current_manuscript_archive_size_audit.md|outputs/experiments/622_current_manuscript_archive_size_audit/run_manifest.json|outputs/experiments/624_commit_pr_summary_current_manuscript_archive_handoff_refresh/run_manifest.json|outputs/experiments/623_current_handoff_archive_manuscript_refresh/README.md|outputs/experiments/623_current_handoff_archive_manuscript_refresh/run_manifest.json|outputs/experiments/722_current_state_archive_coverage_audit_refresh/data/current_state_archive_file_list.txt|outputs/experiments/654_current_state_archive_coverage_audit/data/current_state_archive_file_list.txt|outputs/experiments/632_current_resume_archive_size_audit/data/current_resume_archive_file_list.txt|outputs/experiments/632_current_resume_archive_size_audit/data/current_resume_archive_size_audit.json|outputs/experiments/682_current_state_archive_coverage_audit_refresh/data/current_state_archive_file_list.txt|outputs/experiments/623_current_handoff_archive_manuscript_refresh/data/current_handoff_archive_manuscript_refresh_file_list.txt|outputs/experiments/623_current_handoff_archive_manuscript_refresh/data/current_handoff_archive_manuscript_refresh.json|outputs/experiments/622_current_manuscript_archive_size_audit/data/current_manuscript_archive_file_list.txt|outputs/experiments/622_current_manuscript_archive_size_audit/data/current_manuscript_archive_size_audit.json|outputs/experiments/710_current_state_archive_coverage_audit_refresh/data/current_state_archive_file_list.txt|outputs/experiments/734_current_state_archive_coverage_audit_refresh/data/current_state_archive_file_list.txt|outputs/experiments/633_current_handoff_archive_resume_refresh/data/current_handoff_archive_resume_refresh_file_list.txt,move directory then create compatibility symlink at original outputs/experiments path
623,current_handoff_archive_manuscript_refresh,outputs/experiments/623_current_handoff_archive_manuscript_refresh,37,docs/experiments/156_current_handoff_archive_manuscript_refresh.md|outputs/experiments/627_commit_pr_summary_current_resume_refresh/README.md|outputs/experiments/627_commit_pr_summary_current_resume_refresh/run_manifest.json|outputs/experiments/627_commit_pr_summary_current_resume_refresh/commit_pr_summary_current_resume_refresh.md|outputs/experiments/625_next_action_queue_manuscript_archive_handoff_refresh/next_action_queue.md|outputs/experiments/625_next_action_queue_manuscript_archive_handoff_refresh/README.md|outputs/experiments/625_next_action_queue_manuscript_archive_handoff_refresh/run_manifest.json|outputs/experiments/626_post_manuscript_archive_resume_checkpoint/README.md|outputs/experiments/626_post_manuscript_archive_resume_checkpoint/run_manifest.json|outputs/experiments/631_next_action_queue_resume_audit_refresh/next_action_queue.md|outputs/experiments/631_next_action_queue_resume_audit_refresh/README.md|outputs/experiments/631_next_action_queue_resume_audit_refresh/run_manifest.json|outputs/experiments/624_commit_pr_summary_current_manuscript_archive_handoff_refresh/README.md|outputs/experiments/624_commit_pr_summary_current_manuscript_archive_handoff_refresh/commit_pr_summary_current_manuscript_archive_handoff_refresh.md|outputs/experiments/624_commit_pr_summary_current_manuscript_archive_handoff_refresh/run_manifest.json|outputs/experiments/623_current_handoff_archive_manuscript_refresh/README.md|outputs/experiments/623_current_handoff_archive_manuscript_refresh/run_manifest.json|outputs/experiments/628_next_action_queue_resume_refresh/next_action_queue.md|outputs/experiments/628_next_action_queue_resume_refresh/README.md|outputs/experiments/628_next_action_queue_resume_refresh/run_manifest.json|outputs/experiments/632_current_resume_archive_size_audit/run_manifest.json|outputs/experiments/629_current_resume_state_audit/run_manifest.json|outputs/experiments/630_commit_pr_summary_current_resume_audit_refresh/README.md|outputs/experiments/630_commit_pr_summary_current_resume_audit_refresh/run_manifest.json|outputs/experiments/630_commit_pr_summary_current_resume_audit_refresh/commit_pr_summary_current_resume_audit_refresh.md|outputs/experiments/629_current_resume_state_audit/data/current_resume_state_audit.json|outputs/experiments/722_current_state_archive_coverage_audit_refresh/data/current_state_archive_file_list.txt|outputs/experiments/654_current_state_archive_coverage_audit/data/current_state_archive_file_list.txt|outputs/experiments/632_current_resume_archive_size_audit/data/current_resume_archive_file_list.txt|outputs/experiments/632_current_resume_archive_size_audit/data/current_resume_archive_size_audit.json|outputs/experiments/682_current_state_archive_coverage_audit_refresh/data/current_state_archive_file_list.txt|outputs/experiments/623_current_handoff_archive_manuscript_refresh/data/current_handoff_archive_manuscript_refresh.json|outputs/experiments/626_post_manuscript_archive_resume_checkpoint/data/post_manuscript_archive_resume_checkpoint.json|outputs/experiments/710_current_state_archive_coverage_audit_refresh/data/current_state_archive_file_list.txt|outputs/experiments/734_current_state_archive_coverage_audit_refresh/data/current_state_archive_file_list.txt|outputs/experiments/633_current_handoff_archive_resume_refresh/data/current_handoff_archive_resume_refresh_file_list.txt|outputs/experiments/633_current_handoff_archive_resume_refresh/data/current_handoff_archive_resume_refresh.json,move directory then create compatibility symlink at original outputs/experiments path
624,commit_pr_summary_current_manuscript_archive_handoff_refresh,outputs/experiments/624_commit_pr_summary_current_manuscript_archive_handoff_refresh,18,docs/experiments/157_commit_pr_summary_current_manuscript_archive_handoff_refresh.md|outputs/experiments/627_commit_pr_summary_current_resume_refresh/run_manifest.json|outputs/experiments/625_next_action_queue_manuscript_archive_handoff_refresh/next_action_queue.md|outputs/experiments/625_next_action_queue_manuscript_archive_handoff_refresh/README.md|outputs/experiments/625_next_action_queue_manuscript_archive_handoff_refresh/run_manifest.json|outputs/experiments/626_post_manuscript_archive_resume_checkpoint/README.md|outputs/experiments/626_post_manuscript_archive_resume_checkpoint/run_manifest.json|outputs/experiments/624_commit_pr_summary_current_manuscript_archive_handoff_refresh/commit_pr_summary_current_manuscript_archive_handoff_refresh.md|outputs/experiments/624_commit_pr_summary_current_manuscript_archive_handoff_refresh/run_manifest.json|outputs/experiments/722_current_state_archive_coverage_audit_refresh/data/current_state_archive_file_list.txt|outputs/experiments/654_current_state_archive_coverage_audit/data/current_state_archive_file_list.txt|outputs/experiments/632_current_resume_archive_size_audit/data/current_resume_archive_file_list.txt|outputs/experiments/632_current_resume_archive_size_audit/data/current_resume_archive_size_audit.json|outputs/experiments/682_current_state_archive_coverage_audit_refresh/data/current_state_archive_file_list.txt|outputs/experiments/626_post_manuscript_archive_resume_checkpoint/data/post_manuscript_archive_resume_checkpoint.json|outputs/experiments/710_current_state_archive_coverage_audit_refresh/data/current_state_archive_file_list.txt|outputs/experiments/734_current_state_archive_coverage_audit_refresh/data/current_state_archive_file_list.txt|outputs/experiments/633_current_handoff_archive_resume_refresh/data/current_handoff_archive_resume_refresh_file_list.txt,move directory then create compatibility symlink at original outputs/experiments path
625,next_action_queue_manuscript_archive_handoff_refresh,outputs/experiments/625_next_action_queue_manuscript_archive_handoff_refresh,16,docs/experiments/158_next_action_queue_manuscript_archive_handoff_refresh.md|outputs/experiments/627_commit_pr_summary_current_resume_refresh/run_manifest.json|outputs/experiments/627_commit_pr_summary_current_resume_refresh/commit_pr_summary_current_resume_refresh.md|outputs/experiments/625_next_action_queue_manuscript_archive_handoff_refresh/run_manifest.json|outputs/experiments/626_post_manuscript_archive_resume_checkpoint/README.md|outputs/experiments/626_post_manuscript_archive_resume_checkpoint/run_manifest.json|outputs/experiments/628_next_action_queue_resume_refresh/run_manifest.json|outputs/experiments/722_current_state_archive_coverage_audit_refresh/data/current_state_archive_file_list.txt|outputs/experiments/654_current_state_archive_coverage_audit/data/current_state_archive_file_list.txt|outputs/experiments/632_current_resume_archive_size_audit/data/current_resume_archive_file_list.txt|outputs/experiments/632_current_resume_archive_size_audit/data/current_resume_archive_size_audit.json|outputs/experiments/682_current_state_archive_coverage_audit_refresh/data/current_state_archive_file_list.txt|outputs/experiments/626_post_manuscript_archive_resume_checkpoint/data/post_manuscript_archive_resume_checkpoint.json|outputs/experiments/710_current_state_archive_coverage_audit_refresh/data/current_state_archive_file_list.txt|outputs/experiments/734_current_state_archive_coverage_audit_refresh/data/current_state_archive_file_list.txt|outputs/experiments/633_current_handoff_archive_resume_refresh/data/current_handoff_archive_resume_refresh_file_list.txt,move directory then create compatibility symlink at original outputs/experiments path
626,post_manuscript_archive_resume_checkpoint,outputs/experiments/626_post_manuscript_archive_resume_checkpoint,63,docs/experiments/159_post_manuscript_archive_resume_checkpoint.md|outputs/experiments/637_commit_pr_summary_current_manuscript_resume_archive_refresh/README.md|outputs/experiments/637_commit_pr_summary_current_manuscript_resume_archive_refresh/run_manifest.json|outputs/experiments/637_commit_pr_summary_current_manuscript_resume_archive_refresh/commit_pr_summary_current_manuscript_resume_archive_refresh.md|outputs/experiments/627_commit_pr_summary_current_resume_refresh/README.md|outputs/experiments/627_commit_pr_summary_current_resume_refresh/run_manifest.json|outputs/experiments/627_commit_pr_summary_current_resume_refresh/commit_pr_summary_current_resume_refresh.md|outputs/experiments/644_next_action_queue_manifest_smoke_refresh/next_action_queue.md|outputs/experiments/644_next_action_queue_manifest_smoke_refresh/README.md|outputs/experiments/644_next_action_queue_manifest_smoke_refresh/run_manifest.json|outputs/experiments/648_post_manifest_audit_resume_checkpoint/README.md|outputs/experiments/648_post_manifest_audit_resume_checkpoint/run_manifest.json|outputs/experiments/641_next_action_queue_manifest_validation_refresh/next_action_queue.md|outputs/experiments/641_next_action_queue_manifest_validation_refresh/README.md|outputs/experiments/641_next_action_queue_manifest_validation_refresh/run_manifest.json|outputs/experiments/634_commit_pr_summary_current_archive_resume_refresh/README.md|outputs/experiments/634_commit_pr_summary_current_archive_resume_refresh/commit_pr_summary_current_archive_resume_refresh.md|outputs/experiments/634_commit_pr_summary_current_archive_resume_refresh/run_manifest.json|outputs/experiments/626_post_manuscript_archive_resume_checkpoint/README.md|outputs/experiments/626_post_manuscript_archive_resume_checkpoint/run_manifest.json|outputs/experiments/638_next_action_queue_manuscript_resume_archive_refresh/next_action_queue.md|outputs/experiments/638_next_action_queue_manuscript_resume_archive_refresh/README.md|outputs/experiments/638_next_action_queue_manuscript_resume_archive_refresh/run_manifest.json|outputs/experiments/631_next_action_queue_resume_audit_refresh/next_action_queue.md|outputs/experiments/631_next_action_queue_resume_audit_refresh/README.md|outputs/experiments/631_next_action_queue_resume_audit_refresh/run_manifest.json|outputs/experiments/647_next_action_queue_manifest_audit_refresh/next_action_queue.md|outputs/experiments/647_next_action_queue_manifest_audit_refresh/README.md|outputs/experiments/647_next_action_queue_manifest_audit_refresh/run_manifest.json|outputs/experiments/628_next_action_queue_resume_refresh/next_action_queue.md|outputs/experiments/628_next_action_queue_resume_refresh/README.md|outputs/experiments/628_next_action_queue_resume_refresh/run_manifest.json|outputs/experiments/636_imrad_manuscript_current_resume_archive_validation_refresh/README.md|outputs/experiments/636_imrad_manuscript_current_resume_archive_validation_refresh/run_manifest.json|outputs/experiments/640_commit_pr_summary_current_manifest_validation_refresh/README.md|outputs/experiments/640_commit_pr_summary_current_manifest_validation_refresh/commit_pr_summary_current_manifest_validation_refresh.md|outputs/experiments/640_commit_pr_summary_current_manifest_validation_refresh/run_manifest.json|outputs/experiments/632_current_resume_archive_size_audit/run_manifest.json|outputs/experiments/643_commit_pr_summary_current_manifest_smoke_refresh/README.md|outputs/experiments/643_commit_pr_summary_current_manifest_smoke_refresh/commit_pr_summary_current_manifest_smoke_refresh.md|outputs/experiments/643_commit_pr_summary_current_manifest_smoke_refresh/run_manifest.json|outputs/experiments/635_next_action_queue_archive_resume_refresh/next_action_queue.md|outputs/experiments/635_next_action_queue_archive_resume_refresh/README.md|outputs/experiments/635_next_action_queue_archive_resume_refresh/run_manifest.json|outputs/experiments/629_current_resume_state_audit/run_manifest.json|outputs/experiments/630_commit_pr_summary_current_resume_audit_refresh/README.md|outputs/experiments/630_commit_pr_summary_current_resume_audit_refresh/run_manifest.json|outputs/experiments/630_commit_pr_summary_current_resume_audit_refresh/commit_pr_summary_current_resume_audit_refresh.md|outputs/experiments/646_commit_pr_summary_current_manifest_audit_refresh/README.md|outputs/experiments/646_commit_pr_summary_current_manifest_audit_refresh/run_manifest.json|outputs/experiments/646_commit_pr_summary_current_manifest_audit_refresh/commit_pr_summary_current_manifest_audit_refresh.md|outputs/experiments/629_current_resume_state_audit/data/current_resume_state_audit.json|outputs/experiments/722_current_state_archive_coverage_audit_refresh/data/current_state_archive_file_list.txt|outputs/experiments/654_current_state_archive_coverage_audit/data/current_state_archive_file_list.txt|outputs/experiments/632_current_resume_archive_size_audit/data/current_resume_archive_file_list.txt|outputs/experiments/632_current_resume_archive_size_audit/data/current_resume_archive_size_audit.json|outputs/experiments/682_current_state_archive_coverage_audit_refresh/data/current_state_archive_file_list.txt|outputs/experiments/626_post_manuscript_archive_resume_checkpoint/data/post_manuscript_archive_resume_checkpoint.json|outputs/experiments/710_current_state_archive_coverage_audit_refresh/data/current_state_archive_file_list.txt|outputs/experiments/734_current_state_archive_coverage_audit_refresh/data/current_state_archive_file_list.txt|outputs/experiments/648_post_manifest_audit_resume_checkpoint/data/post_manifest_audit_resume_checkpoint.json|outputs/experiments/633_current_handoff_archive_resume_refresh/data/current_handoff_archive_resume_refresh_file_list.txt|outputs/experiments/633_current_handoff_archive_resume_refresh/data/current_handoff_archive_resume_refresh.json,move directory then create compatibility symlink at original outputs/experiments path
627,commit_pr_summary_current_resume_refresh,outputs/experiments/627_commit_pr_summary_current_resume_refresh,17,docs/experiments/160_commit_pr_summary_current_resume_refresh.md|outputs/experiments/627_commit_pr_summary_current_resume_refresh/run_manifest.json|outputs/experiments/627_commit_pr_summary_current_resume_refresh/commit_pr_summary_current_resume_refresh.md|outputs/experiments/628_next_action_queue_resume_refresh/next_action_queue.md|outputs/experiments/628_next_action_queue_resume_refresh/README.md|outputs/experiments/628_next_action_queue_resume_refresh/run_manifest.json|outputs/experiments/629_current_resume_state_audit/run_manifest.json|outputs/experiments/630_commit_pr_summary_current_resume_audit_refresh/run_manifest.json|outputs/experiments/629_current_resume_state_audit/data/current_resume_state_audit.json|outputs/experiments/722_current_state_archive_coverage_audit_refresh/data/current_state_archive_file_list.txt|outputs/experiments/654_current_state_archive_coverage_audit/data/current_state_archive_file_list.txt|outputs/experiments/632_current_resume_archive_size_audit/data/current_resume_archive_file_list.txt|outputs/experiments/632_current_resume_archive_size_audit/data/current_resume_archive_size_audit.json|outputs/experiments/682_current_state_archive_coverage_audit_refresh/data/current_state_archive_file_list.txt|outputs/experiments/710_current_state_archive_coverage_audit_refresh/data/current_state_archive_file_list.txt|outputs/experiments/734_current_state_archive_coverage_audit_refresh/data/current_state_archive_file_list.txt|outputs/experiments/633_current_handoff_archive_resume_refresh/data/current_handoff_archive_resume_refresh_file_list.txt,move directory then create compatibility symlink at original outputs/experiments path
628,next_action_queue_resume_refresh,outputs/experiments/628_next_action_queue_resume_refresh,15,docs/experiments/161_next_action_queue_resume_refresh.md|outputs/experiments/631_next_action_queue_resume_audit_refresh/run_manifest.json|outputs/experiments/628_next_action_queue_resume_refresh/run_manifest.json|outputs/experiments/629_current_resume_state_audit/run_manifest.json|outputs/experiments/630_commit_pr_summary_current_resume_audit_refresh/run_manifest.json|outputs/experiments/630_commit_pr_summary_current_resume_audit_refresh/commit_pr_summary_current_resume_audit_refresh.md|outputs/experiments/629_current_resume_state_audit/data/current_resume_state_audit.json|outputs/experiments/722_current_state_archive_coverage_audit_refresh/data/current_state_archive_file_list.txt|outputs/experiments/654_current_state_archive_coverage_audit/data/current_state_archive_file_list.txt|outputs/experiments/632_current_resume_archive_size_audit/data/current_resume_archive_file_list.txt|outputs/experiments/632_current_resume_archive_size_audit/data/current_resume_archive_size_audit.json|outputs/experiments/682_current_state_archive_coverage_audit_refresh/data/current_state_archive_file_list.txt|outputs/experiments/710_current_state_archive_coverage_audit_refresh/data/current_state_archive_file_list.txt|outputs/experiments/734_current_state_archive_coverage_audit_refresh/data/current_state_archive_file_list.txt|outputs/experiments/633_current_handoff_archive_resume_refresh/data/current_handoff_archive_resume_refresh_file_list.txt,move directory then create compatibility symlink at original outputs/experiments path
629,current_resume_state_audit,outputs/experiments/629_current_resume_state_audit,39,docs/experiments/162_current_resume_state_audit.md|outputs/experiments/637_commit_pr_summary_current_manuscript_resume_archive_refresh/run_manifest.json|outputs/experiments/637_commit_pr_summary_current_manuscript_resume_archive_refresh/commit_pr_summary_current_manuscript_resume_archive_refresh.md|outputs/experiments/644_next_action_queue_manifest_smoke_refresh/next_action_queue.md|outputs/experiments/644_next_action_queue_manifest_smoke_refresh/README.md|outputs/experiments/644_next_action_queue_manifest_smoke_refresh/run_manifest.json|outputs/experiments/641_next_action_queue_manifest_validation_refresh/next_action_queue.md|outputs/experiments/641_next_action_queue_manifest_validation_refresh/README.md|outputs/experiments/641_next_action_queue_manifest_validation_refresh/run_manifest.json|outputs/experiments/634_commit_pr_summary_current_archive_resume_refresh/commit_pr_summary_current_archive_resume_refresh.md|outputs/experiments/634_commit_pr_summary_current_archive_resume_refresh/run_manifest.json|outputs/experiments/638_next_action_queue_manuscript_resume_archive_refresh/next_action_queue.md|outputs/experiments/638_next_action_queue_manuscript_resume_archive_refresh/README.md|outputs/experiments/638_next_action_queue_manuscript_resume_archive_refresh/run_manifest.json|outputs/experiments/631_next_action_queue_resume_audit_refresh/next_action_queue.md|outputs/experiments/631_next_action_queue_resume_audit_refresh/README.md|outputs/experiments/631_next_action_queue_resume_audit_refresh/run_manifest.json|outputs/experiments/636_imrad_manuscript_current_resume_archive_validation_refresh/README.md|outputs/experiments/636_imrad_manuscript_current_resume_archive_validation_refresh/run_manifest.json|outputs/experiments/640_commit_pr_summary_current_manifest_validation_refresh/commit_pr_summary_current_manifest_validation_refresh.md|outputs/experiments/640_commit_pr_summary_current_manifest_validation_refresh/run_manifest.json|outputs/experiments/632_current_resume_archive_size_audit/run_manifest.json|outputs/experiments/643_commit_pr_summary_current_manifest_smoke_refresh/commit_pr_summary_current_manifest_smoke_refresh.md|outputs/experiments/643_commit_pr_summary_current_manifest_smoke_refresh/run_manifest.json|outputs/experiments/635_next_action_queue_archive_resume_refresh/next_action_queue.md|outputs/experiments/635_next_action_queue_archive_resume_refresh/README.md|outputs/experiments/635_next_action_queue_archive_resume_refresh/run_manifest.json|outputs/experiments/629_current_resume_state_audit/run_manifest.json|outputs/experiments/630_commit_pr_summary_current_resume_audit_refresh/run_manifest.json|outputs/experiments/630_commit_pr_summary_current_resume_audit_refresh/commit_pr_summary_current_resume_audit_refresh.md|outputs/experiments/722_current_state_archive_coverage_audit_refresh/data/current_state_archive_file_list.txt|outputs/experiments/654_current_state_archive_coverage_audit/data/current_state_archive_file_list.txt|outputs/experiments/632_current_resume_archive_size_audit/data/current_resume_archive_file_list.txt|outputs/experiments/632_current_resume_archive_size_audit/data/current_resume_archive_size_audit.json|outputs/experiments/682_current_state_archive_coverage_audit_refresh/data/current_state_archive_file_list.txt|outputs/experiments/710_current_state_archive_coverage_audit_refresh/data/current_state_archive_file_list.txt|outputs/experiments/734_current_state_archive_coverage_audit_refresh/data/current_state_archive_file_list.txt|outputs/experiments/633_current_handoff_archive_resume_refresh/data/current_handoff_archive_resume_refresh_file_list.txt|outputs/experiments/633_current_handoff_archive_resume_refresh/data/current_handoff_archive_resume_refresh.json,move directory then create compatibility symlink at original outputs/experiments path
630,commit_pr_summary_current_resume_audit_refresh,outputs/experiments/630_commit_pr_summary_current_resume_audit_refresh,17,docs/experiments/163_commit_pr_summary_current_resume_audit_refresh.md|outputs/experiments/634_commit_pr_summary_current_archive_resume_refresh/run_manifest.json|outputs/experiments/631_next_action_queue_resume_audit_refresh/next_action_queue.md|outputs/experiments/631_next_action_queue_resume_audit_refresh/README.md|outputs/experiments/631_next_action_queue_resume_audit_refresh/run_manifest.json|outputs/experiments/632_current_resume_archive_size_audit/run_manifest.json|outputs/experiments/630_commit_pr_summary_current_resume_audit_refresh/run_manifest.json|outputs/experiments/630_commit_pr_summary_current_resume_audit_refresh/commit_pr_summary_current_resume_audit_refresh.md|outputs/experiments/722_current_state_archive_coverage_audit_refresh/data/current_state_archive_file_list.txt|outputs/experiments/654_current_state_archive_coverage_audit/data/current_state_archive_file_list.txt|outputs/experiments/632_current_resume_archive_size_audit/data/current_resume_archive_file_list.txt|outputs/experiments/632_current_resume_archive_size_audit/data/current_resume_archive_size_audit.json|outputs/experiments/682_current_state_archive_coverage_audit_refresh/data/current_state_archive_file_list.txt|outputs/experiments/710_current_state_archive_coverage_audit_refresh/data/current_state_archive_file_list.txt|outputs/experiments/734_current_state_archive_coverage_audit_refresh/data/current_state_archive_file_list.txt|outputs/experiments/633_current_handoff_archive_resume_refresh/data/current_handoff_archive_resume_refresh_file_list.txt|outputs/experiments/633_current_handoff_archive_resume_refresh/data/current_handoff_archive_resume_refresh.json,move directory then create compatibility symlink at original outputs/experiments path
631,next_action_queue_resume_audit_refresh,outputs/experiments/631_next_action_queue_resume_audit_refresh,14,docs/experiments/164_next_action_queue_resume_audit_refresh.md|outputs/experiments/634_commit_pr_summary_current_archive_resume_refresh/commit_pr_summary_current_archive_resume_refresh.md|outputs/experiments/631_next_action_queue_resume_audit_refresh/run_manifest.json|outputs/experiments/632_current_resume_archive_size_audit/run_manifest.json|outputs/experiments/635_next_action_queue_archive_resume_refresh/run_manifest.json|outputs/experiments/722_current_state_archive_coverage_audit_refresh/data/current_state_archive_file_list.txt|outputs/experiments/654_current_state_archive_coverage_audit/data/current_state_archive_file_list.txt|outputs/experiments/632_current_resume_archive_size_audit/data/current_resume_archive_file_list.txt|outputs/experiments/632_current_resume_archive_size_audit/data/current_resume_archive_size_audit.json|outputs/experiments/682_current_state_archive_coverage_audit_refresh/data/current_state_archive_file_list.txt|outputs/experiments/710_current_state_archive_coverage_audit_refresh/data/current_state_archive_file_list.txt|outputs/experiments/734_current_state_archive_coverage_audit_refresh/data/current_state_archive_file_list.txt|outputs/experiments/633_current_handoff_archive_resume_refresh/data/current_handoff_archive_resume_refresh_file_list.txt|outputs/experiments/633_current_handoff_archive_resume_refresh/data/current_handoff_archive_resume_refresh.json,move directory then create compatibility symlink at original outputs/experiments path
632,current_resume_archive_size_audit,outputs/experiments/632_current_resume_archive_size_audit,15,docs/experiments/165_current_resume_archive_size_audit.md|docs/experiments/166_current_handoff_archive_resume_refresh.md|outputs/experiments/633_current_handoff_archive_resume_refresh/README.md|outputs/experiments/633_current_handoff_archive_resume_refresh/run_manifest.json|outputs/experiments/634_commit_pr_summary_current_archive_resume_refresh/run_manifest.json|outputs/experiments/632_current_resume_archive_size_audit/run_manifest.json|outputs/experiments/722_current_state_archive_coverage_audit_refresh/data/current_state_archive_file_list.txt|outputs/experiments/654_current_state_archive_coverage_audit/data/current_state_archive_file_list.txt|outputs/experiments/632_current_resume_archive_size_audit/data/current_resume_archive_file_list.txt|outputs/experiments/632_current_resume_archive_size_audit/data/current_resume_archive_size_audit.json|outputs/experiments/682_current_state_archive_coverage_audit_refresh/data/current_state_archive_file_list.txt|outputs/experiments/710_current_state_archive_coverage_audit_refresh/data/current_state_archive_file_list.txt|outputs/experiments/734_current_state_archive_coverage_audit_refresh/data/current_state_archive_file_list.txt|outputs/experiments/633_current_handoff_archive_resume_refresh/data/current_handoff_archive_resume_refresh_file_list.txt|outputs/experiments/633_current_handoff_archive_resume_refresh/data/current_handoff_archive_resume_refresh.json,move directory then create compatibility symlink at original outputs/experiments path
633,current_handoff_archive_resume_refresh,outputs/experiments/633_current_handoff_archive_resume_refresh,138,docs/experiments/166_current_handoff_archive_resume_refresh.md|outputs/experiments/681_next_action_queue_coordinate_aggregate_audit_refresh/next_action_queue.md|outputs/experiments/728_next_action_queue_current_validation_refresh/next_action_queue.md|outputs/experiments/637_commit_pr_summary_current_manuscript_resume_archive_refresh/README.md|outputs/experiments/637_commit_pr_summary_current_manuscript_resume_archive_refresh/run_manifest.json|outputs/experiments/637_commit_pr_summary_current_manuscript_resume_archive_refresh/commit_pr_summary_current_manuscript_resume_archive_refresh.md|outputs/experiments/673_commit_pr_summary_nonfinite_confidence_audit_refresh/README.md|outputs/experiments/673_commit_pr_summary_nonfinite_confidence_audit_refresh/run_manifest.json|outputs/experiments/673_commit_pr_summary_nonfinite_confidence_audit_refresh/commit_pr_summary_nonfinite_confidence_audit_refresh.md|outputs/experiments/633_current_handoff_archive_resume_refresh/README.md|outputs/experiments/633_current_handoff_archive_resume_refresh/run_manifest.json|outputs/experiments/661_commit_pr_summary_candidate_confidence_audit_refresh/README.md|outputs/experiments/661_commit_pr_summary_candidate_confidence_audit_refresh/commit_pr_summary_candidate_confidence_audit_refresh.md|outputs/experiments/661_commit_pr_summary_candidate_confidence_audit_refresh/run_manifest.json|outputs/experiments/645_current_manifest_smoke_state_audit/run_manifest.json|outputs/experiments/680_commit_pr_summary_coordinate_aggregate_audit_refresh/commit_pr_summary_coordinate_aggregate_audit_refresh.md|outputs/experiments/727_commit_pr_summary_current_validation_refresh/commit_pr_summary_current_validation_refresh.md|outputs/experiments/674_next_action_queue_nonfinite_confidence_audit_refresh/next_action_queue.md|outputs/experiments/674_next_action_queue_nonfinite_confidence_audit_refresh/run_manifest.json|outputs/experiments/738_post_archive_coverage_audit_resume_checkpoint/README.md|outputs/experiments/738_post_archive_coverage_audit_resume_checkpoint/run_manifest.json|outputs/experiments/670_commit_pr_summary_nonfinite_confidence_smoke_refresh/README.md|outputs/experiments/670_commit_pr_summary_nonfinite_confidence_smoke_refresh/run_manifest.json|outputs/experiments/670_commit_pr_summary_nonfinite_confidence_smoke_refresh/commit_pr_summary_nonfinite_confidence_smoke_refresh.md|outputs/experiments/667_commit_pr_summary_candidate_row_sanitization_audit_refresh/README.md|outputs/experiments/667_commit_pr_summary_candidate_row_sanitization_audit_refresh/commit_pr_summary_candidate_row_sanitization_audit_refresh.md|outputs/experiments/667_commit_pr_summary_candidate_row_sanitization_audit_refresh/run_manifest.json|outputs/experiments/707_commit_pr_summary_current_review_refresh/commit_pr_summary_current_review_refresh.md|outputs/experiments/644_next_action_queue_manifest_smoke_refresh/next_action_queue.md|outputs/experiments/644_next_action_queue_manifest_smoke_refresh/README.md|outputs/experiments/644_next_action_queue_manifest_smoke_refresh/run_manifest.json|outputs/experiments/656_next_action_queue_archive_coverage_refresh/next_action_queue.md|outputs/experiments/656_next_action_queue_archive_coverage_refresh/run_manifest.json|outputs/experiments/659_next_action_queue_candidate_confidence_refresh/next_action_queue.md|outputs/experiments/659_next_action_queue_candidate_confidence_refresh/run_manifest.json|outputs/experiments/731_commit_pr_summary_current_manuscript_validation_refresh/commit_pr_summary_current_manuscript_validation_refresh.md|outputs/experiments/648_post_manifest_audit_resume_checkpoint/README.md|outputs/experiments/648_post_manifest_audit_resume_checkpoint/run_manifest.json|outputs/experiments/712_next_action_queue_current_archive_coverage_refresh/next_action_queue.md|outputs/experiments/655_commit_pr_summary_current_archive_coverage_refresh/README.md|outputs/experiments/655_commit_pr_summary_current_archive_coverage_refresh/run_manifest.json|outputs/experiments/655_commit_pr_summary_current_archive_coverage_refresh/commit_pr_summary_current_archive_coverage_refresh.md|outputs/experiments/650_next_action_queue_resume_checkpoint_refresh/next_action_queue.md|outputs/experiments/650_next_action_queue_resume_checkpoint_refresh/run_manifest.json|outputs/experiments/641_next_action_queue_manifest_validation_refresh/next_action_queue.md|outputs/experiments/641_next_action_queue_manifest_validation_refresh/README.md|outputs/experiments/641_next_action_queue_manifest_validation_refresh/run_manifest.json|outputs/experiments/716_next_action_queue_current_validation_refresh/next_action_queue.md|outputs/experiments/732_next_action_queue_current_manuscript_validation_refresh/next_action_queue.md|outputs/experiments/668_next_action_queue_candidate_row_sanitization_audit_refresh/next_action_queue.md|outputs/experiments/668_next_action_queue_candidate_row_sanitization_audit_refresh/run_manifest.json|outputs/experiments/711_commit_pr_summary_current_archive_coverage_refresh/commit_pr_summary_current_archive_coverage_refresh.md|outputs/experiments/684_next_action_queue_current_archive_coverage_refresh/next_action_queue.md|outputs/experiments/634_commit_pr_summary_current_archive_resume_refresh/README.md|outputs/experiments/634_commit_pr_summary_current_archive_resume_refresh/commit_pr_summary_current_archive_resume_refresh.md|outputs/experiments/634_commit_pr_summary_current_archive_resume_refresh/run_manifest.json|outputs/experiments/665_next_action_queue_candidate_row_sanitization_refresh/next_action_queue.md|outputs/experiments/665_next_action_queue_candidate_row_sanitization_refresh/run_manifest.json|outputs/experiments/562_imrad_manuscript_draft/manuscript_draft.md|outputs/experiments/735_commit_pr_summary_current_archive_coverage_refresh/commit_pr_summary_current_archive_coverage_refresh.md|outputs/experiments/703_commit_pr_summary_current_validation_after_coordinate_default_audit_refresh/commit_pr_summary_current_validation_after_coordinate_default_audit_refresh.md|outputs/experiments/697_next_action_queue_coordinate_default_smoke_refresh/next_action_queue.md|outputs/experiments/704_next_action_queue_current_validation_after_coordinate_default_audit_refresh/next_action_queue.md|outputs/experiments/658_commit_pr_summary_candidate_confidence_refresh/README.md|outputs/experiments/658_commit_pr_summary_candidate_confidence_refresh/run_manifest.json|outputs/experiments/658_commit_pr_summary_candidate_confidence_refresh/commit_pr_summary_candidate_confidence_refresh.md|outputs/experiments/638_next_action_queue_manuscript_resume_archive_refresh/next_action_queue.md|outputs/experiments/638_next_action_queue_manuscript_resume_archive_refresh/README.md|outputs/experiments/638_next_action_queue_manuscript_resume_archive_refresh/run_manifest.json|outputs/experiments/723_commit_pr_summary_current_archive_coverage_refresh/commit_pr_summary_current_archive_coverage_refresh.md|outputs/experiments/715_commit_pr_summary_current_validation_refresh/commit_pr_summary_current_validation_refresh.md|outputs/experiments/647_next_action_queue_manifest_audit_refresh/next_action_queue.md|outputs/experiments/647_next_action_queue_manifest_audit_refresh/README.md|outputs/experiments/647_next_action_queue_manifest_audit_refresh/run_manifest.json|outputs/experiments/690_next_action_queue_current_manuscript_archive_audit_refresh/next_action_queue.md|outputs/experiments/683_commit_pr_summary_current_archive_coverage_refresh/commit_pr_summary_current_archive_coverage_refresh.md|outputs/experiments/736_next_action_queue_current_archive_coverage_refresh/next_action_queue.md|outputs/experiments/689_commit_pr_summary_current_manuscript_archive_audit_refresh/commit_pr_summary_current_manuscript_archive_audit_refresh.md|outputs/experiments/682_current_state_archive_coverage_audit_refresh/run_manifest.json|outputs/experiments/687_next_action_queue_current_manuscript_validation_refresh/next_action_queue.md|outputs/experiments/692_commit_pr_summary_current_validation_refresh/commit_pr_summary_current_validation_refresh.md|outputs/experiments/664_commit_pr_summary_candidate_row_sanitization_refresh/README.md|outputs/experiments/664_commit_pr_summary_candidate_row_sanitization_refresh/run_manifest.json|outputs/experiments/664_commit_pr_summary_candidate_row_sanitization_refresh/commit_pr_summary_candidate_row_sanitization_refresh.md|outputs/experiments/671_next_action_queue_nonfinite_confidence_smoke_refresh/next_action_queue.md|outputs/experiments/671_next_action_queue_nonfinite_confidence_smoke_refresh/run_manifest.json|outputs/experiments/653_next_action_queue_state_audit_refresh/next_action_queue.md|outputs/experiments/653_next_action_queue_state_audit_refresh/run_manifest.json|outputs/experiments/696_commit_pr_summary_coordinate_default_smoke_refresh/commit_pr_summary_coordinate_default_smoke_refresh.md|outputs/experiments/719_commit_pr_summary_current_review_refresh/commit_pr_summary_current_review_refresh.md|outputs/experiments/651_current_resume_checkpoint_state_audit/run_manifest.json|outputs/experiments/678_next_action_queue_coordinate_aggregate_smoke_refresh/next_action_queue.md|outputs/experiments/662_next_action_queue_candidate_confidence_audit_refresh/next_action_queue.md|outputs/experiments/662_next_action_queue_candidate_confidence_audit_refresh/run_manifest.json|outputs/experiments/708_next_action_queue_current_review_refresh/next_action_queue.md|outputs/experiments/699_commit_pr_summary_coordinate_default_audit_refresh/commit_pr_summary_coordinate_default_audit_refresh.md|outputs/experiments/677_commit_pr_summary_coordinate_aggregate_smoke_refresh/commit_pr_summary_coordinate_aggregate_smoke_refresh.md|outputs/experiments/636_imrad_manuscript_current_resume_archive_validation_refresh/README.md|outputs/experiments/636_imrad_manuscript_current_resume_archive_validation_refresh/run_manifest.json|outputs/experiments/640_commit_pr_summary_current_manifest_validation_refresh/README.md|outputs/experiments/640_commit_pr_summary_current_manifest_validation_refresh/commit_pr_summary_current_manifest_validation_refresh.md|outputs/experiments/640_commit_pr_summary_current_manifest_validation_refresh/run_manifest.json|outputs/experiments/724_next_action_queue_current_archive_coverage_refresh/next_action_queue.md|outputs/experiments/652_commit_pr_summary_current_state_audit_refresh/README.md|outputs/experiments/652_commit_pr_summary_current_state_audit_refresh/run_manifest.json|outputs/experiments/652_commit_pr_summary_current_state_audit_refresh/commit_pr_summary_current_state_audit_refresh.md|outputs/experiments/643_commit_pr_summary_current_manifest_smoke_refresh/README.md|outputs/experiments/643_commit_pr_summary_current_manifest_smoke_refresh/commit_pr_summary_current_manifest_smoke_refresh.md|outputs/experiments/643_commit_pr_summary_current_manifest_smoke_refresh/run_manifest.json|outputs/experiments/649_commit_pr_summary_current_resume_checkpoint_refresh/README.md|outputs/experiments/649_commit_pr_summary_current_resume_checkpoint_refresh/commit_pr_summary_current_resume_checkpoint_refresh.md|outputs/experiments/649_commit_pr_summary_current_resume_checkpoint_refresh/run_manifest.json|outputs/experiments/686_commit_pr_summary_current_manuscript_validation_refresh/commit_pr_summary_current_manuscript_validation_refresh.md|outputs/experiments/693_next_action_queue_current_validation_refresh/next_action_queue.md|outputs/experiments/654_current_state_archive_coverage_audit/run_manifest.json|outputs/experiments/635_next_action_queue_archive_resume_refresh/next_action_queue.md|outputs/experiments/635_next_action_queue_archive_resume_refresh/README.md|outputs/experiments/635_next_action_queue_archive_resume_refresh/run_manifest.json|outputs/experiments/720_next_action_queue_current_review_refresh/next_action_queue.md|outputs/experiments/646_commit_pr_summary_current_manifest_audit_refresh/README.md|outputs/experiments/646_commit_pr_summary_current_manifest_audit_refresh/run_manifest.json|outputs/experiments/646_commit_pr_summary_current_manifest_audit_refresh/commit_pr_summary_current_manifest_audit_refresh.md|outputs/experiments/700_next_action_queue_coordinate_default_audit_refresh/next_action_queue.md|outputs/experiments/722_current_state_archive_coverage_audit_refresh/data/current_state_archive_file_list.txt|outputs/experiments/722_current_state_archive_coverage_audit_refresh/data/current_state_archive_coverage_audit_refresh.json|outputs/experiments/654_current_state_archive_coverage_audit/data/current_state_archive_file_list.txt|outputs/experiments/654_current_state_archive_coverage_audit/data/current_state_archive_coverage_audit.json|outputs/experiments/651_current_resume_checkpoint_state_audit/data/current_resume_checkpoint_state_audit.json|outputs/experiments/682_current_state_archive_coverage_audit_refresh/data/current_state_archive_file_list.txt|outputs/experiments/682_current_state_archive_coverage_audit_refresh/data/current_state_archive_coverage_audit.json|outputs/experiments/710_current_state_archive_coverage_audit_refresh/data/current_state_archive_file_list.txt|outputs/experiments/710_current_state_archive_coverage_audit_refresh/data/current_state_archive_coverage_audit_refresh.json|outputs/experiments/734_current_state_archive_coverage_audit_refresh/data/current_state_archive_file_list.txt|outputs/experiments/734_current_state_archive_coverage_audit_refresh/data/current_state_archive_coverage_audit_refresh.json|outputs/experiments/648_post_manifest_audit_resume_checkpoint/data/post_manifest_audit_resume_checkpoint.json|outputs/experiments/738_post_archive_coverage_audit_resume_checkpoint/data/post_archive_coverage_audit_resume_checkpoint.json|outputs/experiments/645_current_manifest_smoke_state_audit/data/current_manifest_smoke_state_audit.json|outputs/experiments/633_current_handoff_archive_resume_refresh/data/current_handoff_archive_resume_refresh.json,move directory then create compatibility symlink at original outputs/experiments path
634,commit_pr_summary_current_archive_resume_refresh,outputs/experiments/634_commit_pr_summary_current_archive_resume_refresh,19,docs/experiments/167_commit_pr_summary_current_archive_resume_refresh.md|outputs/experiments/637_commit_pr_summary_current_manuscript_resume_archive_refresh/run_manifest.json|outputs/experiments/634_commit_pr_summary_current_archive_resume_refresh/commit_pr_summary_current_archive_resume_refresh.md|outputs/experiments/634_commit_pr_summary_current_archive_resume_refresh/run_manifest.json|outputs/experiments/636_imrad_manuscript_current_resume_archive_validation_refresh/README.md|outputs/experiments/636_imrad_manuscript_current_resume_archive_validation_refresh/run_manifest.json|outputs/experiments/635_next_action_queue_archive_resume_refresh/next_action_queue.md|outputs/experiments/635_next_action_queue_archive_resume_refresh/README.md|outputs/experiments/635_next_action_queue_archive_resume_refresh/run_manifest.json|outputs/experiments/722_current_state_archive_coverage_audit_refresh/data/current_state_archive_file_list.txt|outputs/experiments/722_current_state_archive_coverage_audit_refresh/data/current_state_archive_coverage_audit_refresh.json|outputs/experiments/654_current_state_archive_coverage_audit/data/current_state_archive_file_list.txt|outputs/experiments/654_current_state_archive_coverage_audit/data/current_state_archive_coverage_audit.json|outputs/experiments/682_current_state_archive_coverage_audit_refresh/data/current_state_archive_file_list.txt|outputs/experiments/682_current_state_archive_coverage_audit_refresh/data/current_state_archive_coverage_audit.json|outputs/experiments/710_current_state_archive_coverage_audit_refresh/data/current_state_archive_file_list.txt|outputs/experiments/710_current_state_archive_coverage_audit_refresh/data/current_state_archive_coverage_audit_refresh.json|outputs/experiments/734_current_state_archive_coverage_audit_refresh/data/current_state_archive_file_list.txt|outputs/experiments/734_current_state_archive_coverage_audit_refresh/data/current_state_archive_coverage_audit_refresh.json,move directory then create compatibility symlink at original outputs/experiments path
635,next_action_queue_archive_resume_refresh,outputs/experiments/635_next_action_queue_archive_resume_refresh,16,docs/experiments/168_next_action_queue_archive_resume_refresh.md|outputs/experiments/637_commit_pr_summary_current_manuscript_resume_archive_refresh/commit_pr_summary_current_manuscript_resume_archive_refresh.md|outputs/experiments/638_next_action_queue_manuscript_resume_archive_refresh/run_manifest.json|outputs/experiments/636_imrad_manuscript_current_resume_archive_validation_refresh/README.md|outputs/experiments/636_imrad_manuscript_current_resume_archive_validation_refresh/run_manifest.json|outputs/experiments/635_next_action_queue_archive_resume_refresh/run_manifest.json|outputs/experiments/722_current_state_archive_coverage_audit_refresh/data/current_state_archive_file_list.txt|outputs/experiments/722_current_state_archive_coverage_audit_refresh/data/current_state_archive_coverage_audit_refresh.json|outputs/experiments/654_current_state_archive_coverage_audit/data/current_state_archive_file_list.txt|outputs/experiments/654_current_state_archive_coverage_audit/data/current_state_archive_coverage_audit.json|outputs/experiments/682_current_state_archive_coverage_audit_refresh/data/current_state_archive_file_list.txt|outputs/experiments/682_current_state_archive_coverage_audit_refresh/data/current_state_archive_coverage_audit.json|outputs/experiments/710_current_state_archive_coverage_audit_refresh/data/current_state_archive_file_list.txt|outputs/experiments/710_current_state_archive_coverage_audit_refresh/data/current_state_archive_coverage_audit_refresh.json|outputs/experiments/734_current_state_archive_coverage_audit_refresh/data/current_state_archive_file_list.txt|outputs/experiments/734_current_state_archive_coverage_audit_refresh/data/current_state_archive_coverage_audit_refresh.json,move directory then create compatibility symlink at original outputs/experiments path
636,imrad_manuscript_current_resume_archive_validation_refresh,outputs/experiments/636_imrad_manuscript_current_resume_archive_validation_refresh,79,docs/experiments/169_imrad_manuscript_current_resume_archive_validation_refresh.md|outputs/experiments/681_next_action_queue_coordinate_aggregate_audit_refresh/next_action_queue.md|outputs/experiments/637_commit_pr_summary_current_manuscript_resume_archive_refresh/run_manifest.json|outputs/experiments/637_commit_pr_summary_current_manuscript_resume_archive_refresh/commit_pr_summary_current_manuscript_resume_archive_refresh.md|outputs/experiments/673_commit_pr_summary_nonfinite_confidence_audit_refresh/run_manifest.json|outputs/experiments/673_commit_pr_summary_nonfinite_confidence_audit_refresh/commit_pr_summary_nonfinite_confidence_audit_refresh.md|outputs/experiments/661_commit_pr_summary_candidate_confidence_audit_refresh/commit_pr_summary_candidate_confidence_audit_refresh.md|outputs/experiments/661_commit_pr_summary_candidate_confidence_audit_refresh/run_manifest.json|outputs/experiments/680_commit_pr_summary_coordinate_aggregate_audit_refresh/commit_pr_summary_coordinate_aggregate_audit_refresh.md|outputs/experiments/674_next_action_queue_nonfinite_confidence_audit_refresh/next_action_queue.md|outputs/experiments/674_next_action_queue_nonfinite_confidence_audit_refresh/run_manifest.json|outputs/experiments/670_commit_pr_summary_nonfinite_confidence_smoke_refresh/run_manifest.json|outputs/experiments/670_commit_pr_summary_nonfinite_confidence_smoke_refresh/commit_pr_summary_nonfinite_confidence_smoke_refresh.md|outputs/experiments/667_commit_pr_summary_candidate_row_sanitization_audit_refresh/commit_pr_summary_candidate_row_sanitization_audit_refresh.md|outputs/experiments/667_commit_pr_summary_candidate_row_sanitization_audit_refresh/run_manifest.json|outputs/experiments/644_next_action_queue_manifest_smoke_refresh/next_action_queue.md|outputs/experiments/644_next_action_queue_manifest_smoke_refresh/README.md|outputs/experiments/644_next_action_queue_manifest_smoke_refresh/run_manifest.json|outputs/experiments/656_next_action_queue_archive_coverage_refresh/next_action_queue.md|outputs/experiments/656_next_action_queue_archive_coverage_refresh/run_manifest.json|outputs/experiments/659_next_action_queue_candidate_confidence_refresh/next_action_queue.md|outputs/experiments/659_next_action_queue_candidate_confidence_refresh/run_manifest.json|outputs/experiments/648_post_manifest_audit_resume_checkpoint/README.md|outputs/experiments/648_post_manifest_audit_resume_checkpoint/run_manifest.json|outputs/experiments/655_commit_pr_summary_current_archive_coverage_refresh/run_manifest.json|outputs/experiments/655_commit_pr_summary_current_archive_coverage_refresh/commit_pr_summary_current_archive_coverage_refresh.md|outputs/experiments/650_next_action_queue_resume_checkpoint_refresh/next_action_queue.md|outputs/experiments/650_next_action_queue_resume_checkpoint_refresh/run_manifest.json|outputs/experiments/641_next_action_queue_manifest_validation_refresh/next_action_queue.md|outputs/experiments/641_next_action_queue_manifest_validation_refresh/README.md|outputs/experiments/641_next_action_queue_manifest_validation_refresh/run_manifest.json|outputs/experiments/668_next_action_queue_candidate_row_sanitization_audit_refresh/next_action_queue.md|outputs/experiments/668_next_action_queue_candidate_row_sanitization_audit_refresh/run_manifest.json|outputs/experiments/684_next_action_queue_current_archive_coverage_refresh/next_action_queue.md|outputs/experiments/665_next_action_queue_candidate_row_sanitization_refresh/next_action_queue.md|outputs/experiments/665_next_action_queue_candidate_row_sanitization_refresh/run_manifest.json|outputs/experiments/562_imrad_manuscript_draft/manuscript_draft.md|outputs/experiments/658_commit_pr_summary_candidate_confidence_refresh/run_manifest.json|outputs/experiments/658_commit_pr_summary_candidate_confidence_refresh/commit_pr_summary_candidate_confidence_refresh.md|outputs/experiments/638_next_action_queue_manuscript_resume_archive_refresh/next_action_queue.md|outputs/experiments/638_next_action_queue_manuscript_resume_archive_refresh/README.md|outputs/experiments/638_next_action_queue_manuscript_resume_archive_refresh/run_manifest.json|outputs/experiments/647_next_action_queue_manifest_audit_refresh/next_action_queue.md|outputs/experiments/647_next_action_queue_manifest_audit_refresh/README.md|outputs/experiments/647_next_action_queue_manifest_audit_refresh/run_manifest.json|outputs/experiments/683_commit_pr_summary_current_archive_coverage_refresh/commit_pr_summary_current_archive_coverage_refresh.md|outputs/experiments/664_commit_pr_summary_candidate_row_sanitization_refresh/run_manifest.json|outputs/experiments/664_commit_pr_summary_candidate_row_sanitization_refresh/commit_pr_summary_candidate_row_sanitization_refresh.md|outputs/experiments/671_next_action_queue_nonfinite_confidence_smoke_refresh/next_action_queue.md|outputs/experiments/671_next_action_queue_nonfinite_confidence_smoke_refresh/run_manifest.json|outputs/experiments/653_next_action_queue_state_audit_refresh/next_action_queue.md|outputs/experiments/653_next_action_queue_state_audit_refresh/run_manifest.json|outputs/experiments/678_next_action_queue_coordinate_aggregate_smoke_refresh/next_action_queue.md|outputs/experiments/662_next_action_queue_candidate_confidence_audit_refresh/next_action_queue.md|outputs/experiments/662_next_action_queue_candidate_confidence_audit_refresh/run_manifest.json|outputs/experiments/677_commit_pr_summary_coordinate_aggregate_smoke_refresh/commit_pr_summary_coordinate_aggregate_smoke_refresh.md|outputs/experiments/636_imrad_manuscript_current_resume_archive_validation_refresh/README.md|outputs/experiments/636_imrad_manuscript_current_resume_archive_validation_refresh/run_manifest.json|outputs/experiments/640_commit_pr_summary_current_manifest_validation_refresh/commit_pr_summary_current_manifest_validation_refresh.md|outputs/experiments/640_commit_pr_summary_current_manifest_validation_refresh/run_manifest.json|outputs/experiments/652_commit_pr_summary_current_state_audit_refresh/run_manifest.json|outputs/experiments/652_commit_pr_summary_current_state_audit_refresh/commit_pr_summary_current_state_audit_refresh.md|outputs/experiments/643_commit_pr_summary_current_manifest_smoke_refresh/commit_pr_summary_current_manifest_smoke_refresh.md|outputs/experiments/643_commit_pr_summary_current_manifest_smoke_refresh/run_manifest.json|outputs/experiments/649_commit_pr_summary_current_resume_checkpoint_refresh/commit_pr_summary_current_resume_checkpoint_refresh.md|outputs/experiments/649_commit_pr_summary_current_resume_checkpoint_refresh/run_manifest.json|outputs/experiments/646_commit_pr_summary_current_manifest_audit_refresh/run_manifest.json|outputs/experiments/646_commit_pr_summary_current_manifest_audit_refresh/commit_pr_summary_current_manifest_audit_refresh.md|outputs/experiments/722_current_state_archive_coverage_audit_refresh/data/current_state_archive_file_list.txt|outputs/experiments/722_current_state_archive_coverage_audit_refresh/data/current_state_archive_coverage_audit_refresh.json|outputs/experiments/654_current_state_archive_coverage_audit/data/current_state_archive_file_list.txt|outputs/experiments/654_current_state_archive_coverage_audit/data/current_state_archive_coverage_audit.json|outputs/experiments/682_current_state_archive_coverage_audit_refresh/data/current_state_archive_file_list.txt|outputs/experiments/682_current_state_archive_coverage_audit_refresh/data/current_state_archive_coverage_audit.json|outputs/experiments/710_current_state_archive_coverage_audit_refresh/data/current_state_archive_file_list.txt|outputs/experiments/710_current_state_archive_coverage_audit_refresh/data/current_state_archive_coverage_audit_refresh.json|outputs/experiments/734_current_state_archive_coverage_audit_refresh/data/current_state_archive_file_list.txt|outputs/experiments/734_current_state_archive_coverage_audit_refresh/data/current_state_archive_coverage_audit_refresh.json|outputs/experiments/648_post_manifest_audit_resume_checkpoint/data/post_manifest_audit_resume_checkpoint.json,move directory then create compatibility symlink at original outputs/experiments path
637,commit_pr_summary_current_manuscript_resume_archive_refresh,outputs/experiments/637_commit_pr_summary_current_manuscript_resume_archive_refresh,17,docs/experiments/170_commit_pr_summary_current_manuscript_resume_archive_refresh.md|outputs/experiments/637_commit_pr_summary_current_manuscript_resume_archive_refresh/run_manifest.json|outputs/experiments/637_commit_pr_summary_current_manuscript_resume_archive_refresh/commit_pr_summary_current_manuscript_resume_archive_refresh.md|outputs/experiments/638_next_action_queue_manuscript_resume_archive_refresh/next_action_queue.md|outputs/experiments/638_next_action_queue_manuscript_resume_archive_refresh/README.md|outputs/experiments/638_next_action_queue_manuscript_resume_archive_refresh/run_manifest.json|outputs/experiments/640_commit_pr_summary_current_manifest_validation_refresh/run_manifest.json|outputs/experiments/722_current_state_archive_coverage_audit_refresh/data/current_state_archive_file_list.txt|outputs/experiments/722_current_state_archive_coverage_audit_refresh/data/current_state_archive_coverage_audit_refresh.json|outputs/experiments/654_current_state_archive_coverage_audit/data/current_state_archive_file_list.txt|outputs/experiments/654_current_state_archive_coverage_audit/data/current_state_archive_coverage_audit.json|outputs/experiments/682_current_state_archive_coverage_audit_refresh/data/current_state_archive_file_list.txt|outputs/experiments/682_current_state_archive_coverage_audit_refresh/data/current_state_archive_coverage_audit.json|outputs/experiments/710_current_state_archive_coverage_audit_refresh/data/current_state_archive_file_list.txt|outputs/experiments/710_current_state_archive_coverage_audit_refresh/data/current_state_archive_coverage_audit_refresh.json|outputs/experiments/734_current_state_archive_coverage_audit_refresh/data/current_state_archive_file_list.txt|outputs/experiments/734_current_state_archive_coverage_audit_refresh/data/current_state_archive_coverage_audit_refresh.json,move directory then create compatibility symlink at original outputs/experiments path
638,next_action_queue_manuscript_resume_archive_refresh,outputs/experiments/638_next_action_queue_manuscript_resume_archive_refresh,15,docs/experiments/171_next_action_queue_manuscript_resume_archive_refresh.md|outputs/experiments/641_next_action_queue_manifest_validation_refresh/run_manifest.json|outputs/experiments/638_next_action_queue_manuscript_resume_archive_refresh/run_manifest.json|outputs/experiments/639_objective_diagnostic_manifest_artifact_hardening/run_manifest.json|outputs/experiments/640_commit_pr_summary_current_manifest_validation_refresh/commit_pr_summary_current_manifest_validation_refresh.md|outputs/experiments/722_current_state_archive_coverage_audit_refresh/data/current_state_archive_file_list.txt|outputs/experiments/722_current_state_archive_coverage_audit_refresh/data/current_state_archive_coverage_audit_refresh.json|outputs/experiments/654_current_state_archive_coverage_audit/data/current_state_archive_file_list.txt|outputs/experiments/654_current_state_archive_coverage_audit/data/current_state_archive_coverage_audit.json|outputs/experiments/682_current_state_archive_coverage_audit_refresh/data/current_state_archive_file_list.txt|outputs/experiments/682_current_state_archive_coverage_audit_refresh/data/current_state_archive_coverage_audit.json|outputs/experiments/710_current_state_archive_coverage_audit_refresh/data/current_state_archive_file_list.txt|outputs/experiments/710_current_state_archive_coverage_audit_refresh/data/current_state_archive_coverage_audit_refresh.json|outputs/experiments/734_current_state_archive_coverage_audit_refresh/data/current_state_archive_file_list.txt|outputs/experiments/734_current_state_archive_coverage_audit_refresh/data/current_state_archive_coverage_audit_refresh.json,move directory then create compatibility symlink at original outputs/experiments path
640,commit_pr_summary_current_manifest_validation_refresh,outputs/experiments/640_commit_pr_summary_current_manifest_validation_refresh,19,docs/experiments/173_commit_pr_summary_current_manifest_validation_refresh.md|outputs/experiments/645_current_manifest_smoke_state_audit/run_manifest.json|outputs/experiments/641_next_action_queue_manifest_validation_refresh/next_action_queue.md|outputs/experiments/641_next_action_queue_manifest_validation_refresh/README.md|outputs/experiments/641_next_action_queue_manifest_validation_refresh/run_manifest.json|outputs/experiments/640_commit_pr_summary_current_manifest_validation_refresh/commit_pr_summary_current_manifest_validation_refresh.md|outputs/experiments/640_commit_pr_summary_current_manifest_validation_refresh/run_manifest.json|outputs/experiments/643_commit_pr_summary_current_manifest_smoke_refresh/run_manifest.json|outputs/experiments/722_current_state_archive_coverage_audit_refresh/data/current_state_archive_file_list.txt|outputs/experiments/722_current_state_archive_coverage_audit_refresh/data/current_state_archive_coverage_audit_refresh.json|outputs/experiments/654_current_state_archive_coverage_audit/data/current_state_archive_file_list.txt|outputs/experiments/654_current_state_archive_coverage_audit/data/current_state_archive_coverage_audit.json|outputs/experiments/682_current_state_archive_coverage_audit_refresh/data/current_state_archive_file_list.txt|outputs/experiments/682_current_state_archive_coverage_audit_refresh/data/current_state_archive_coverage_audit.json|outputs/experiments/710_current_state_archive_coverage_audit_refresh/data/current_state_archive_file_list.txt|outputs/experiments/710_current_state_archive_coverage_audit_refresh/data/current_state_archive_coverage_audit_refresh.json|outputs/experiments/734_current_state_archive_coverage_audit_refresh/data/current_state_archive_file_list.txt|outputs/experiments/734_current_state_archive_coverage_audit_refresh/data/current_state_archive_coverage_audit_refresh.json|outputs/experiments/645_current_manifest_smoke_state_audit/data/current_manifest_smoke_state_audit.json,move directory then create compatibility symlink at original outputs/experiments path
641,next_action_queue_manifest_validation_refresh,outputs/experiments/641_next_action_queue_manifest_validation_refresh,16,docs/experiments/174_next_action_queue_manifest_validation_refresh.md|outputs/experiments/645_current_manifest_smoke_state_audit/run_manifest.json|outputs/experiments/644_next_action_queue_manifest_smoke_refresh/run_manifest.json|outputs/experiments/641_next_action_queue_manifest_validation_refresh/run_manifest.json|outputs/experiments/643_commit_pr_summary_current_manifest_smoke_refresh/commit_pr_summary_current_manifest_smoke_refresh.md|outputs/experiments/722_current_state_archive_coverage_audit_refresh/data/current_state_archive_file_list.txt|outputs/experiments/722_current_state_archive_coverage_audit_refresh/data/current_state_archive_coverage_audit_refresh.json|outputs/experiments/654_current_state_archive_coverage_audit/data/current_state_archive_file_list.txt|outputs/experiments/654_current_state_archive_coverage_audit/data/current_state_archive_coverage_audit.json|outputs/experiments/682_current_state_archive_coverage_audit_refresh/data/current_state_archive_file_list.txt|outputs/experiments/682_current_state_archive_coverage_audit_refresh/data/current_state_archive_coverage_audit.json|outputs/experiments/710_current_state_archive_coverage_audit_refresh/data/current_state_archive_file_list.txt|outputs/experiments/710_current_state_archive_coverage_audit_refresh/data/current_state_archive_coverage_audit_refresh.json|outputs/experiments/734_current_state_archive_coverage_audit_refresh/data/current_state_archive_file_list.txt|outputs/experiments/734_current_state_archive_coverage_audit_refresh/data/current_state_archive_coverage_audit_refresh.json|outputs/experiments/645_current_manifest_smoke_state_audit/data/current_manifest_smoke_state_audit.json,move directory then create compatibility symlink at original outputs/experiments path
643,commit_pr_summary_current_manifest_smoke_refresh,outputs/experiments/643_commit_pr_summary_current_manifest_smoke_refresh,19,docs/experiments/176_commit_pr_summary_current_manifest_smoke_refresh.md|outputs/experiments/645_current_manifest_smoke_state_audit/run_manifest.json|outputs/experiments/644_next_action_queue_manifest_smoke_refresh/next_action_queue.md|outputs/experiments/644_next_action_queue_manifest_smoke_refresh/README.md|outputs/experiments/644_next_action_queue_manifest_smoke_refresh/run_manifest.json|outputs/experiments/643_commit_pr_summary_current_manifest_smoke_refresh/commit_pr_summary_current_manifest_smoke_refresh.md|outputs/experiments/643_commit_pr_summary_current_manifest_smoke_refresh/run_manifest.json|outputs/experiments/646_commit_pr_summary_current_manifest_audit_refresh/run_manifest.json|outputs/experiments/722_current_state_archive_coverage_audit_refresh/data/current_state_archive_file_list.txt|outputs/experiments/722_current_state_archive_coverage_audit_refresh/data/current_state_archive_coverage_audit_refresh.json|outputs/experiments/654_current_state_archive_coverage_audit/data/current_state_archive_file_list.txt|outputs/experiments/654_current_state_archive_coverage_audit/data/current_state_archive_coverage_audit.json|outputs/experiments/682_current_state_archive_coverage_audit_refresh/data/current_state_archive_file_list.txt|outputs/experiments/682_current_state_archive_coverage_audit_refresh/data/current_state_archive_coverage_audit.json|outputs/experiments/710_current_state_archive_coverage_audit_refresh/data/current_state_archive_file_list.txt|outputs/experiments/710_current_state_archive_coverage_audit_refresh/data/current_state_archive_coverage_audit_refresh.json|outputs/experiments/734_current_state_archive_coverage_audit_refresh/data/current_state_archive_file_list.txt|outputs/experiments/734_current_state_archive_coverage_audit_refresh/data/current_state_archive_coverage_audit_refresh.json|outputs/experiments/645_current_manifest_smoke_state_audit/data/current_manifest_smoke_state_audit.json,move directory then create compatibility symlink at original outputs/experiments path
644,next_action_queue_manifest_smoke_refresh,outputs/experiments/644_next_action_queue_manifest_smoke_refresh,16,docs/experiments/177_next_action_queue_manifest_smoke_refresh.md|outputs/experiments/645_current_manifest_smoke_state_audit/run_manifest.json|outputs/experiments/644_next_action_queue_manifest_smoke_refresh/run_manifest.json|outputs/experiments/647_next_action_queue_manifest_audit_refresh/run_manifest.json|outputs/experiments/646_commit_pr_summary_current_manifest_audit_refresh/commit_pr_summary_current_manifest_audit_refresh.md|outputs/experiments/722_current_state_archive_coverage_audit_refresh/data/current_state_archive_file_list.txt|outputs/experiments/722_current_state_archive_coverage_audit_refresh/data/current_state_archive_coverage_audit_refresh.json|outputs/experiments/654_current_state_archive_coverage_audit/data/current_state_archive_file_list.txt|outputs/experiments/654_current_state_archive_coverage_audit/data/current_state_archive_coverage_audit.json|outputs/experiments/682_current_state_archive_coverage_audit_refresh/data/current_state_archive_file_list.txt|outputs/experiments/682_current_state_archive_coverage_audit_refresh/data/current_state_archive_coverage_audit.json|outputs/experiments/710_current_state_archive_coverage_audit_refresh/data/current_state_archive_file_list.txt|outputs/experiments/710_current_state_archive_coverage_audit_refresh/data/current_state_archive_coverage_audit_refresh.json|outputs/experiments/734_current_state_archive_coverage_audit_refresh/data/current_state_archive_file_list.txt|outputs/experiments/734_current_state_archive_coverage_audit_refresh/data/current_state_archive_coverage_audit_refresh.json|outputs/experiments/645_current_manifest_smoke_state_audit/data/current_manifest_smoke_state_audit.json,move directory then create compatibility symlink at original outputs/experiments path
645,current_manifest_smoke_state_audit,outputs/experiments/645_current_manifest_smoke_state_audit,24,docs/experiments/178_current_manifest_smoke_state_audit.md|outputs/experiments/645_current_manifest_smoke_state_audit/run_manifest.json|outputs/experiments/648_post_manifest_audit_resume_checkpoint/README.md|outputs/experiments/648_post_manifest_audit_resume_checkpoint/run_manifest.json|outputs/experiments/650_next_action_queue_resume_checkpoint_refresh/next_action_queue.md|outputs/experiments/650_next_action_queue_resume_checkpoint_refresh/run_manifest.json|outputs/experiments/647_next_action_queue_manifest_audit_refresh/next_action_queue.md|outputs/experiments/647_next_action_queue_manifest_audit_refresh/README.md|outputs/experiments/647_next_action_queue_manifest_audit_refresh/run_manifest.json|outputs/experiments/649_commit_pr_summary_current_resume_checkpoint_refresh/commit_pr_summary_current_resume_checkpoint_refresh.md|outputs/experiments/649_commit_pr_summary_current_resume_checkpoint_refresh/run_manifest.json|outputs/experiments/646_commit_pr_summary_current_manifest_audit_refresh/run_manifest.json|outputs/experiments/646_commit_pr_summary_current_manifest_audit_refresh/commit_pr_summary_current_manifest_audit_refresh.md|outputs/experiments/722_current_state_archive_coverage_audit_refresh/data/current_state_archive_file_list.txt|outputs/experiments/722_current_state_archive_coverage_audit_refresh/data/current_state_archive_coverage_audit_refresh.json|outputs/experiments/654_current_state_archive_coverage_audit/data/current_state_archive_file_list.txt|outputs/experiments/654_current_state_archive_coverage_audit/data/current_state_archive_coverage_audit.json|outputs/experiments/682_current_state_archive_coverage_audit_refresh/data/current_state_archive_file_list.txt|outputs/experiments/682_current_state_archive_coverage_audit_refresh/data/current_state_archive_coverage_audit.json|outputs/experiments/710_current_state_archive_coverage_audit_refresh/data/current_state_archive_file_list.txt|outputs/experiments/710_current_state_archive_coverage_audit_refresh/data/current_state_archive_coverage_audit_refresh.json|outputs/experiments/734_current_state_archive_coverage_audit_refresh/data/current_state_archive_file_list.txt|outputs/experiments/734_current_state_archive_coverage_audit_refresh/data/current_state_archive_coverage_audit_refresh.json|outputs/experiments/648_post_manifest_audit_resume_checkpoint/data/post_manifest_audit_resume_checkpoint.json,move directory then create compatibility symlink at original outputs/experiments path
646,commit_pr_summary_current_manifest_audit_refresh,outputs/experiments/646_commit_pr_summary_current_manifest_audit_refresh,19,docs/experiments/179_commit_pr_summary_current_manifest_audit_refresh.md|outputs/experiments/648_post_manifest_audit_resume_checkpoint/README.md|outputs/experiments/648_post_manifest_audit_resume_checkpoint/run_manifest.json|outputs/experiments/647_next_action_queue_manifest_audit_refresh/next_action_queue.md|outputs/experiments/647_next_action_queue_manifest_audit_refresh/README.md|outputs/experiments/647_next_action_queue_manifest_audit_refresh/run_manifest.json|outputs/experiments/646_commit_pr_summary_current_manifest_audit_refresh/run_manifest.json|outputs/experiments/646_commit_pr_summary_current_manifest_audit_refresh/commit_pr_summary_current_manifest_audit_refresh.md|outputs/experiments/722_current_state_archive_coverage_audit_refresh/data/current_state_archive_file_list.txt|outputs/experiments/722_current_state_archive_coverage_audit_refresh/data/current_state_archive_coverage_audit_refresh.json|outputs/experiments/654_current_state_archive_coverage_audit/data/current_state_archive_file_list.txt|outputs/experiments/654_current_state_archive_coverage_audit/data/current_state_archive_coverage_audit.json|outputs/experiments/682_current_state_archive_coverage_audit_refresh/data/current_state_archive_file_list.txt|outputs/experiments/682_current_state_archive_coverage_audit_refresh/data/current_state_archive_coverage_audit.json|outputs/experiments/710_current_state_archive_coverage_audit_refresh/data/current_state_archive_file_list.txt|outputs/experiments/710_current_state_archive_coverage_audit_refresh/data/current_state_archive_coverage_audit_refresh.json|outputs/experiments/734_current_state_archive_coverage_audit_refresh/data/current_state_archive_file_list.txt|outputs/experiments/734_current_state_archive_coverage_audit_refresh/data/current_state_archive_coverage_audit_refresh.json|outputs/experiments/648_post_manifest_audit_resume_checkpoint/data/post_manifest_audit_resume_checkpoint.json,move directory then create compatibility symlink at original outputs/experiments path
647,next_action_queue_manifest_audit_refresh,outputs/experiments/647_next_action_queue_manifest_audit_refresh,21,docs/experiments/180_next_action_queue_manifest_audit_refresh.md|outputs/experiments/648_post_manifest_audit_resume_checkpoint/README.md|outputs/experiments/648_post_manifest_audit_resume_checkpoint/run_manifest.json|outputs/experiments/650_next_action_queue_resume_checkpoint_refresh/run_manifest.json|outputs/experiments/647_next_action_queue_manifest_audit_refresh/run_manifest.json|outputs/experiments/651_current_resume_checkpoint_state_audit/run_manifest.json|outputs/experiments/649_commit_pr_summary_current_resume_checkpoint_refresh/README.md|outputs/experiments/649_commit_pr_summary_current_resume_checkpoint_refresh/commit_pr_summary_current_resume_checkpoint_refresh.md|outputs/experiments/649_commit_pr_summary_current_resume_checkpoint_refresh/run_manifest.json|outputs/experiments/722_current_state_archive_coverage_audit_refresh/data/current_state_archive_file_list.txt|outputs/experiments/722_current_state_archive_coverage_audit_refresh/data/current_state_archive_coverage_audit_refresh.json|outputs/experiments/654_current_state_archive_coverage_audit/data/current_state_archive_file_list.txt|outputs/experiments/654_current_state_archive_coverage_audit/data/current_state_archive_coverage_audit.json|outputs/experiments/651_current_resume_checkpoint_state_audit/data/current_resume_checkpoint_state_audit.json|outputs/experiments/682_current_state_archive_coverage_audit_refresh/data/current_state_archive_file_list.txt|outputs/experiments/682_current_state_archive_coverage_audit_refresh/data/current_state_archive_coverage_audit.json|outputs/experiments/710_current_state_archive_coverage_audit_refresh/data/current_state_archive_file_list.txt|outputs/experiments/710_current_state_archive_coverage_audit_refresh/data/current_state_archive_coverage_audit_refresh.json|outputs/experiments/734_current_state_archive_coverage_audit_refresh/data/current_state_archive_file_list.txt|outputs/experiments/734_current_state_archive_coverage_audit_refresh/data/current_state_archive_coverage_audit_refresh.json|outputs/experiments/648_post_manifest_audit_resume_checkpoint/data/post_manifest_audit_resume_checkpoint.json,move directory then create compatibility symlink at original outputs/experiments path
648,post_manifest_audit_resume_checkpoint,outputs/experiments/648_post_manifest_audit_resume_checkpoint,101,docs/experiments/181_post_manifest_audit_resume_checkpoint.md|outputs/experiments/681_next_action_queue_coordinate_aggregate_audit_refresh/next_action_queue.md|outputs/experiments/728_next_action_queue_current_validation_refresh/next_action_queue.md|outputs/experiments/673_commit_pr_summary_nonfinite_confidence_audit_refresh/README.md|outputs/experiments/673_commit_pr_summary_nonfinite_confidence_audit_refresh/run_manifest.json|outputs/experiments/673_commit_pr_summary_nonfinite_confidence_audit_refresh/commit_pr_summary_nonfinite_confidence_audit_refresh.md|outputs/experiments/661_commit_pr_summary_candidate_confidence_audit_refresh/README.md|outputs/experiments/661_commit_pr_summary_candidate_confidence_audit_refresh/commit_pr_summary_candidate_confidence_audit_refresh.md|outputs/experiments/661_commit_pr_summary_candidate_confidence_audit_refresh/run_manifest.json|outputs/experiments/680_commit_pr_summary_coordinate_aggregate_audit_refresh/commit_pr_summary_coordinate_aggregate_audit_refresh.md|outputs/experiments/727_commit_pr_summary_current_validation_refresh/commit_pr_summary_current_validation_refresh.md|outputs/experiments/674_next_action_queue_nonfinite_confidence_audit_refresh/next_action_queue.md|outputs/experiments/674_next_action_queue_nonfinite_confidence_audit_refresh/run_manifest.json|outputs/experiments/670_commit_pr_summary_nonfinite_confidence_smoke_refresh/README.md|outputs/experiments/670_commit_pr_summary_nonfinite_confidence_smoke_refresh/run_manifest.json|outputs/experiments/670_commit_pr_summary_nonfinite_confidence_smoke_refresh/commit_pr_summary_nonfinite_confidence_smoke_refresh.md|outputs/experiments/667_commit_pr_summary_candidate_row_sanitization_audit_refresh/README.md|outputs/experiments/667_commit_pr_summary_candidate_row_sanitization_audit_refresh/commit_pr_summary_candidate_row_sanitization_audit_refresh.md|outputs/experiments/667_commit_pr_summary_candidate_row_sanitization_audit_refresh/run_manifest.json|outputs/experiments/707_commit_pr_summary_current_review_refresh/commit_pr_summary_current_review_refresh.md|outputs/experiments/656_next_action_queue_archive_coverage_refresh/next_action_queue.md|outputs/experiments/656_next_action_queue_archive_coverage_refresh/run_manifest.json|outputs/experiments/659_next_action_queue_candidate_confidence_refresh/next_action_queue.md|outputs/experiments/659_next_action_queue_candidate_confidence_refresh/run_manifest.json|outputs/experiments/731_commit_pr_summary_current_manuscript_validation_refresh/commit_pr_summary_current_manuscript_validation_refresh.md|outputs/experiments/648_post_manifest_audit_resume_checkpoint/README.md|outputs/experiments/648_post_manifest_audit_resume_checkpoint/run_manifest.json|outputs/experiments/712_next_action_queue_current_archive_coverage_refresh/next_action_queue.md|outputs/experiments/655_commit_pr_summary_current_archive_coverage_refresh/README.md|outputs/experiments/655_commit_pr_summary_current_archive_coverage_refresh/run_manifest.json|outputs/experiments/655_commit_pr_summary_current_archive_coverage_refresh/commit_pr_summary_current_archive_coverage_refresh.md|outputs/experiments/650_next_action_queue_resume_checkpoint_refresh/next_action_queue.md|outputs/experiments/650_next_action_queue_resume_checkpoint_refresh/run_manifest.json|outputs/experiments/716_next_action_queue_current_validation_refresh/next_action_queue.md|outputs/experiments/732_next_action_queue_current_manuscript_validation_refresh/next_action_queue.md|outputs/experiments/732_next_action_queue_current_manuscript_validation_refresh/run_manifest.json|outputs/experiments/668_next_action_queue_candidate_row_sanitization_audit_refresh/next_action_queue.md|outputs/experiments/668_next_action_queue_candidate_row_sanitization_audit_refresh/run_manifest.json|outputs/experiments/711_commit_pr_summary_current_archive_coverage_refresh/commit_pr_summary_current_archive_coverage_refresh.md|outputs/experiments/684_next_action_queue_current_archive_coverage_refresh/next_action_queue.md|outputs/experiments/665_next_action_queue_candidate_row_sanitization_refresh/next_action_queue.md|outputs/experiments/665_next_action_queue_candidate_row_sanitization_refresh/run_manifest.json|outputs/experiments/562_imrad_manuscript_draft/manuscript_draft.md|outputs/experiments/735_commit_pr_summary_current_archive_coverage_refresh/commit_pr_summary_current_archive_coverage_refresh.md|outputs/experiments/703_commit_pr_summary_current_validation_after_coordinate_default_audit_refresh/commit_pr_summary_current_validation_after_coordinate_default_audit_refresh.md|outputs/experiments/697_next_action_queue_coordinate_default_smoke_refresh/next_action_queue.md|outputs/experiments/704_next_action_queue_current_validation_after_coordinate_default_audit_refresh/next_action_queue.md|outputs/experiments/658_commit_pr_summary_candidate_confidence_refresh/README.md|outputs/experiments/658_commit_pr_summary_candidate_confidence_refresh/run_manifest.json|outputs/experiments/658_commit_pr_summary_candidate_confidence_refresh/commit_pr_summary_candidate_confidence_refresh.md|outputs/experiments/723_commit_pr_summary_current_archive_coverage_refresh/commit_pr_summary_current_archive_coverage_refresh.md|outputs/experiments/715_commit_pr_summary_current_validation_refresh/commit_pr_summary_current_validation_refresh.md|outputs/experiments/690_next_action_queue_current_manuscript_archive_audit_refresh/next_action_queue.md|outputs/experiments/683_commit_pr_summary_current_archive_coverage_refresh/commit_pr_summary_current_archive_coverage_refresh.md|outputs/experiments/736_next_action_queue_current_archive_coverage_refresh/next_action_queue.md|outputs/experiments/736_next_action_queue_current_archive_coverage_refresh/run_manifest.json|outputs/experiments/689_commit_pr_summary_current_manuscript_archive_audit_refresh/commit_pr_summary_current_manuscript_archive_audit_refresh.md|outputs/experiments/687_next_action_queue_current_manuscript_validation_refresh/next_action_queue.md|outputs/experiments/692_commit_pr_summary_current_validation_refresh/commit_pr_summary_current_validation_refresh.md|outputs/experiments/664_commit_pr_summary_candidate_row_sanitization_refresh/README.md|outputs/experiments/664_commit_pr_summary_candidate_row_sanitization_refresh/run_manifest.json|outputs/experiments/664_commit_pr_summary_candidate_row_sanitization_refresh/commit_pr_summary_candidate_row_sanitization_refresh.md|outputs/experiments/671_next_action_queue_nonfinite_confidence_smoke_refresh/next_action_queue.md|outputs/experiments/671_next_action_queue_nonfinite_confidence_smoke_refresh/run_manifest.json|outputs/experiments/653_next_action_queue_state_audit_refresh/next_action_queue.md|outputs/experiments/653_next_action_queue_state_audit_refresh/run_manifest.json|outputs/experiments/696_commit_pr_summary_coordinate_default_smoke_refresh/commit_pr_summary_coordinate_default_smoke_refresh.md|outputs/experiments/719_commit_pr_summary_current_review_refresh/commit_pr_summary_current_review_refresh.md|outputs/experiments/651_current_resume_checkpoint_state_audit/run_manifest.json|outputs/experiments/678_next_action_queue_coordinate_aggregate_smoke_refresh/next_action_queue.md|outputs/experiments/662_next_action_queue_candidate_confidence_audit_refresh/next_action_queue.md|outputs/experiments/662_next_action_queue_candidate_confidence_audit_refresh/run_manifest.json|outputs/experiments/708_next_action_queue_current_review_refresh/next_action_queue.md|outputs/experiments/699_commit_pr_summary_coordinate_default_audit_refresh/commit_pr_summary_coordinate_default_audit_refresh.md|outputs/experiments/677_commit_pr_summary_coordinate_aggregate_smoke_refresh/commit_pr_summary_coordinate_aggregate_smoke_refresh.md|outputs/experiments/724_next_action_queue_current_archive_coverage_refresh/next_action_queue.md|outputs/experiments/652_commit_pr_summary_current_state_audit_refresh/README.md|outputs/experiments/652_commit_pr_summary_current_state_audit_refresh/run_manifest.json|outputs/experiments/652_commit_pr_summary_current_state_audit_refresh/commit_pr_summary_current_state_audit_refresh.md|outputs/experiments/649_commit_pr_summary_current_resume_checkpoint_refresh/README.md|outputs/experiments/649_commit_pr_summary_current_resume_checkpoint_refresh/commit_pr_summary_current_resume_checkpoint_refresh.md|outputs/experiments/649_commit_pr_summary_current_resume_checkpoint_refresh/run_manifest.json|outputs/experiments/686_commit_pr_summary_current_manuscript_validation_refresh/commit_pr_summary_current_manuscript_validation_refresh.md|outputs/experiments/693_next_action_queue_current_validation_refresh/next_action_queue.md|outputs/experiments/654_current_state_archive_coverage_audit/run_manifest.json|outputs/experiments/730_imrad_manuscript_current_validation_refresh/run_manifest.json|outputs/experiments/685_imrad_manuscript_current_archive_coverage_validation_refresh/run_manifest.json|outputs/experiments/720_next_action_queue_current_review_refresh/next_action_queue.md|outputs/experiments/700_next_action_queue_coordinate_default_audit_refresh/next_action_queue.md|outputs/experiments/722_current_state_archive_coverage_audit_refresh/data/current_state_archive_file_list.txt|outputs/experiments/722_current_state_archive_coverage_audit_refresh/data/current_state_archive_coverage_audit_refresh.json|outputs/experiments/654_current_state_archive_coverage_audit/data/current_state_archive_file_list.txt|outputs/experiments/654_current_state_archive_coverage_audit/data/current_state_archive_coverage_audit.json|outputs/experiments/651_current_resume_checkpoint_state_audit/data/current_resume_checkpoint_state_audit.json|outputs/experiments/682_current_state_archive_coverage_audit_refresh/data/current_state_archive_file_list.txt|outputs/experiments/682_current_state_archive_coverage_audit_refresh/data/current_state_archive_coverage_audit.json|outputs/experiments/710_current_state_archive_coverage_audit_refresh/data/current_state_archive_file_list.txt|outputs/experiments/710_current_state_archive_coverage_audit_refresh/data/current_state_archive_coverage_audit_refresh.json|outputs/experiments/734_current_state_archive_coverage_audit_refresh/data/current_state_archive_file_list.txt|outputs/experiments/734_current_state_archive_coverage_audit_refresh/data/current_state_archive_coverage_audit_refresh.json|outputs/experiments/648_post_manifest_audit_resume_checkpoint/data/post_manifest_audit_resume_checkpoint.json,move directory then create compatibility symlink at original outputs/experiments path
649,commit_pr_summary_current_resume_checkpoint_refresh,outputs/experiments/649_commit_pr_summary_current_resume_checkpoint_refresh,17,docs/experiments/182_commit_pr_summary_current_resume_checkpoint_refresh.md|outputs/experiments/650_next_action_queue_resume_checkpoint_refresh/next_action_queue.md|outputs/experiments/650_next_action_queue_resume_checkpoint_refresh/run_manifest.json|outputs/experiments/651_current_resume_checkpoint_state_audit/run_manifest.json|outputs/experiments/649_commit_pr_summary_current_resume_checkpoint_refresh/commit_pr_summary_current_resume_checkpoint_refresh.md|outputs/experiments/649_commit_pr_summary_current_resume_checkpoint_refresh/run_manifest.json|outputs/experiments/722_current_state_archive_coverage_audit_refresh/data/current_state_archive_file_list.txt|outputs/experiments/722_current_state_archive_coverage_audit_refresh/data/current_state_archive_coverage_audit_refresh.json|outputs/experiments/654_current_state_archive_coverage_audit/data/current_state_archive_file_list.txt|outputs/experiments/654_current_state_archive_coverage_audit/data/current_state_archive_coverage_audit.json|outputs/experiments/651_current_resume_checkpoint_state_audit/data/current_resume_checkpoint_state_audit.json|outputs/experiments/682_current_state_archive_coverage_audit_refresh/data/current_state_archive_file_list.txt|outputs/experiments/682_current_state_archive_coverage_audit_refresh/data/current_state_archive_coverage_audit.json|outputs/experiments/710_current_state_archive_coverage_audit_refresh/data/current_state_archive_file_list.txt|outputs/experiments/710_current_state_archive_coverage_audit_refresh/data/current_state_archive_coverage_audit_refresh.json|outputs/experiments/734_current_state_archive_coverage_audit_refresh/data/current_state_archive_file_list.txt|outputs/experiments/734_current_state_archive_coverage_audit_refresh/data/current_state_archive_coverage_audit_refresh.json,move directory then create compatibility symlink at original outputs/experiments path
650,next_action_queue_resume_checkpoint_refresh,outputs/experiments/650_next_action_queue_resume_checkpoint_refresh,17,docs/experiments/183_next_action_queue_resume_checkpoint_refresh.md|outputs/experiments/650_next_action_queue_resume_checkpoint_refresh/run_manifest.json|outputs/experiments/651_current_resume_checkpoint_state_audit/run_manifest.json|outputs/experiments/652_commit_pr_summary_current_state_audit_refresh/README.md|outputs/experiments/652_commit_pr_summary_current_state_audit_refresh/run_manifest.json|outputs/experiments/652_commit_pr_summary_current_state_audit_refresh/commit_pr_summary_current_state_audit_refresh.md|outputs/experiments/722_current_state_archive_coverage_audit_refresh/data/current_state_archive_file_list.txt|outputs/experiments/722_current_state_archive_coverage_audit_refresh/data/current_state_archive_coverage_audit_refresh.json|outputs/experiments/654_current_state_archive_coverage_audit/data/current_state_archive_file_list.txt|outputs/experiments/654_current_state_archive_coverage_audit/data/current_state_archive_coverage_audit.json|outputs/experiments/651_current_resume_checkpoint_state_audit/data/current_resume_checkpoint_state_audit.json|outputs/experiments/682_current_state_archive_coverage_audit_refresh/data/current_state_archive_file_list.txt|outputs/experiments/682_current_state_archive_coverage_audit_refresh/data/current_state_archive_coverage_audit.json|outputs/experiments/710_current_state_archive_coverage_audit_refresh/data/current_state_archive_file_list.txt|outputs/experiments/710_current_state_archive_coverage_audit_refresh/data/current_state_archive_coverage_audit_refresh.json|outputs/experiments/734_current_state_archive_coverage_audit_refresh/data/current_state_archive_file_list.txt|outputs/experiments/734_current_state_archive_coverage_audit_refresh/data/current_state_archive_coverage_audit_refresh.json,move directory then create compatibility symlink at original outputs/experiments path
651,current_resume_checkpoint_state_audit,outputs/experiments/651_current_resume_checkpoint_state_audit,26,docs/experiments/184_current_resume_checkpoint_state_audit.md|outputs/experiments/656_next_action_queue_archive_coverage_refresh/next_action_queue.md|outputs/experiments/656_next_action_queue_archive_coverage_refresh/run_manifest.json|outputs/experiments/659_next_action_queue_candidate_confidence_refresh/next_action_queue.md|outputs/experiments/659_next_action_queue_candidate_confidence_refresh/run_manifest.json|outputs/experiments/655_commit_pr_summary_current_archive_coverage_refresh/run_manifest.json|outputs/experiments/655_commit_pr_summary_current_archive_coverage_refresh/commit_pr_summary_current_archive_coverage_refresh.md|outputs/experiments/658_commit_pr_summary_candidate_confidence_refresh/run_manifest.json|outputs/experiments/658_commit_pr_summary_candidate_confidence_refresh/commit_pr_summary_candidate_confidence_refresh.md|outputs/experiments/653_next_action_queue_state_audit_refresh/next_action_queue.md|outputs/experiments/653_next_action_queue_state_audit_refresh/run_manifest.json|outputs/experiments/651_current_resume_checkpoint_state_audit/run_manifest.json|outputs/experiments/652_commit_pr_summary_current_state_audit_refresh/run_manifest.json|outputs/experiments/652_commit_pr_summary_current_state_audit_refresh/commit_pr_summary_current_state_audit_refresh.md|outputs/experiments/654_current_state_archive_coverage_audit/run_manifest.json|outputs/experiments/660_current_candidate_confidence_state_audit/run_manifest.json|outputs/experiments/722_current_state_archive_coverage_audit_refresh/data/current_state_archive_file_list.txt|outputs/experiments/722_current_state_archive_coverage_audit_refresh/data/current_state_archive_coverage_audit_refresh.json|outputs/experiments/654_current_state_archive_coverage_audit/data/current_state_archive_file_list.txt|outputs/experiments/654_current_state_archive_coverage_audit/data/current_state_archive_coverage_audit.json|outputs/experiments/682_current_state_archive_coverage_audit_refresh/data/current_state_archive_file_list.txt|outputs/experiments/682_current_state_archive_coverage_audit_refresh/data/current_state_archive_coverage_audit.json|outputs/experiments/710_current_state_archive_coverage_audit_refresh/data/current_state_archive_file_list.txt|outputs/experiments/710_current_state_archive_coverage_audit_refresh/data/current_state_archive_coverage_audit_refresh.json|outputs/experiments/734_current_state_archive_coverage_audit_refresh/data/current_state_archive_file_list.txt|outputs/experiments/734_current_state_archive_coverage_audit_refresh/data/current_state_archive_coverage_audit_refresh.json,move directory then create compatibility symlink at original outputs/experiments path
652,commit_pr_summary_current_state_audit_refresh,outputs/experiments/652_commit_pr_summary_current_state_audit_refresh,16,docs/experiments/185_commit_pr_summary_current_state_audit_refresh.md|outputs/experiments/653_next_action_queue_state_audit_refresh/next_action_queue.md|outputs/experiments/653_next_action_queue_state_audit_refresh/run_manifest.json|outputs/experiments/652_commit_pr_summary_current_state_audit_refresh/run_manifest.json|outputs/experiments/652_commit_pr_summary_current_state_audit_refresh/commit_pr_summary_current_state_audit_refresh.md|outputs/experiments/654_current_state_archive_coverage_audit/run_manifest.json|outputs/experiments/722_current_state_archive_coverage_audit_refresh/data/current_state_archive_file_list.txt|outputs/experiments/722_current_state_archive_coverage_audit_refresh/data/current_state_archive_coverage_audit_refresh.json|outputs/experiments/654_current_state_archive_coverage_audit/data/current_state_archive_file_list.txt|outputs/experiments/654_current_state_archive_coverage_audit/data/current_state_archive_coverage_audit.json|outputs/experiments/682_current_state_archive_coverage_audit_refresh/data/current_state_archive_file_list.txt|outputs/experiments/682_current_state_archive_coverage_audit_refresh/data/current_state_archive_coverage_audit.json|outputs/experiments/710_current_state_archive_coverage_audit_refresh/data/current_state_archive_file_list.txt|outputs/experiments/710_current_state_archive_coverage_audit_refresh/data/current_state_archive_coverage_audit_refresh.json|outputs/experiments/734_current_state_archive_coverage_audit_refresh/data/current_state_archive_file_list.txt|outputs/experiments/734_current_state_archive_coverage_audit_refresh/data/current_state_archive_coverage_audit_refresh.json,move directory then create compatibility symlink at original outputs/experiments path
653,next_action_queue_state_audit_refresh,outputs/experiments/653_next_action_queue_state_audit_refresh,16,docs/experiments/186_next_action_queue_state_audit_refresh.md|outputs/experiments/655_commit_pr_summary_current_archive_coverage_refresh/README.md|outputs/experiments/655_commit_pr_summary_current_archive_coverage_refresh/run_manifest.json|outputs/experiments/655_commit_pr_summary_current_archive_coverage_refresh/commit_pr_summary_current_archive_coverage_refresh.md|outputs/experiments/653_next_action_queue_state_audit_refresh/run_manifest.json|outputs/experiments/654_current_state_archive_coverage_audit/run_manifest.json|outputs/experiments/722_current_state_archive_coverage_audit_refresh/data/current_state_archive_file_list.txt|outputs/experiments/722_current_state_archive_coverage_audit_refresh/data/current_state_archive_coverage_audit_refresh.json|outputs/experiments/654_current_state_archive_coverage_audit/data/current_state_archive_file_list.txt|outputs/experiments/654_current_state_archive_coverage_audit/data/current_state_archive_coverage_audit.json|outputs/experiments/682_current_state_archive_coverage_audit_refresh/data/current_state_archive_file_list.txt|outputs/experiments/682_current_state_archive_coverage_audit_refresh/data/current_state_archive_coverage_audit.json|outputs/experiments/710_current_state_archive_coverage_audit_refresh/data/current_state_archive_file_list.txt|outputs/experiments/710_current_state_archive_coverage_audit_refresh/data/current_state_archive_coverage_audit_refresh.json|outputs/experiments/734_current_state_archive_coverage_audit_refresh/data/current_state_archive_file_list.txt|outputs/experiments/734_current_state_archive_coverage_audit_refresh/data/current_state_archive_coverage_audit_refresh.json,move directory then create compatibility symlink at original outputs/experiments path
654,current_state_archive_coverage_audit,outputs/experiments/654_current_state_archive_coverage_audit,48,docs/experiments/187_current_state_archive_coverage_audit.md|outputs/experiments/681_next_action_queue_coordinate_aggregate_audit_refresh/next_action_queue.md|outputs/experiments/673_commit_pr_summary_nonfinite_confidence_audit_refresh/run_manifest.json|outputs/experiments/673_commit_pr_summary_nonfinite_confidence_audit_refresh/commit_pr_summary_nonfinite_confidence_audit_refresh.md|outputs/experiments/661_commit_pr_summary_candidate_confidence_audit_refresh/commit_pr_summary_candidate_confidence_audit_refresh.md|outputs/experiments/661_commit_pr_summary_candidate_confidence_audit_refresh/run_manifest.json|outputs/experiments/680_commit_pr_summary_coordinate_aggregate_audit_refresh/commit_pr_summary_coordinate_aggregate_audit_refresh.md|outputs/experiments/674_next_action_queue_nonfinite_confidence_audit_refresh/next_action_queue.md|outputs/experiments/674_next_action_queue_nonfinite_confidence_audit_refresh/run_manifest.json|outputs/experiments/670_commit_pr_summary_nonfinite_confidence_smoke_refresh/run_manifest.json|outputs/experiments/670_commit_pr_summary_nonfinite_confidence_smoke_refresh/commit_pr_summary_nonfinite_confidence_smoke_refresh.md|outputs/experiments/667_commit_pr_summary_candidate_row_sanitization_audit_refresh/commit_pr_summary_candidate_row_sanitization_audit_refresh.md|outputs/experiments/667_commit_pr_summary_candidate_row_sanitization_audit_refresh/run_manifest.json|outputs/experiments/656_next_action_queue_archive_coverage_refresh/next_action_queue.md|outputs/experiments/656_next_action_queue_archive_coverage_refresh/run_manifest.json|outputs/experiments/659_next_action_queue_candidate_confidence_refresh/next_action_queue.md|outputs/experiments/659_next_action_queue_candidate_confidence_refresh/run_manifest.json|outputs/experiments/655_commit_pr_summary_current_archive_coverage_refresh/run_manifest.json|outputs/experiments/655_commit_pr_summary_current_archive_coverage_refresh/commit_pr_summary_current_archive_coverage_refresh.md|outputs/experiments/663_candidate_confidence_row_sanitization_hardening/run_manifest.json|outputs/experiments/668_next_action_queue_candidate_row_sanitization_audit_refresh/next_action_queue.md|outputs/experiments/668_next_action_queue_candidate_row_sanitization_audit_refresh/run_manifest.json|outputs/experiments/665_next_action_queue_candidate_row_sanitization_refresh/next_action_queue.md|outputs/experiments/665_next_action_queue_candidate_row_sanitization_refresh/run_manifest.json|outputs/experiments/658_commit_pr_summary_candidate_confidence_refresh/run_manifest.json|outputs/experiments/658_commit_pr_summary_candidate_confidence_refresh/commit_pr_summary_candidate_confidence_refresh.md|outputs/experiments/657_candidate_confidence_nonfinite_hardening/run_manifest.json|outputs/experiments/682_current_state_archive_coverage_audit_refresh/run_manifest.json|outputs/experiments/664_commit_pr_summary_candidate_row_sanitization_refresh/run_manifest.json|outputs/experiments/664_commit_pr_summary_candidate_row_sanitization_refresh/commit_pr_summary_candidate_row_sanitization_refresh.md|outputs/experiments/671_next_action_queue_nonfinite_confidence_smoke_refresh/next_action_queue.md|outputs/experiments/671_next_action_queue_nonfinite_confidence_smoke_refresh/run_manifest.json|outputs/experiments/678_next_action_queue_coordinate_aggregate_smoke_refresh/next_action_queue.md|outputs/experiments/662_next_action_queue_candidate_confidence_audit_refresh/next_action_queue.md|outputs/experiments/662_next_action_queue_candidate_confidence_audit_refresh/run_manifest.json|outputs/experiments/666_current_candidate_row_sanitization_state_audit/run_manifest.json|outputs/experiments/677_commit_pr_summary_coordinate_aggregate_smoke_refresh/commit_pr_summary_coordinate_aggregate_smoke_refresh.md|outputs/experiments/654_current_state_archive_coverage_audit/run_manifest.json|outputs/experiments/660_current_candidate_confidence_state_audit/run_manifest.json|outputs/experiments/722_current_state_archive_coverage_audit_refresh/data/current_state_archive_file_list.txt|outputs/experiments/722_current_state_archive_coverage_audit_refresh/data/current_state_archive_coverage_audit_refresh.json|outputs/experiments/654_current_state_archive_coverage_audit/data/current_state_archive_coverage_audit.json|outputs/experiments/682_current_state_archive_coverage_audit_refresh/data/current_state_archive_file_list.txt|outputs/experiments/682_current_state_archive_coverage_audit_refresh/data/current_state_archive_coverage_audit.json|outputs/experiments/710_current_state_archive_coverage_audit_refresh/data/current_state_archive_file_list.txt|outputs/experiments/710_current_state_archive_coverage_audit_refresh/data/current_state_archive_coverage_audit_refresh.json|outputs/experiments/734_current_state_archive_coverage_audit_refresh/data/current_state_archive_file_list.txt|outputs/experiments/734_current_state_archive_coverage_audit_refresh/data/current_state_archive_coverage_audit_refresh.json,move directory then create compatibility symlink at original outputs/experiments path
655,commit_pr_summary_current_archive_coverage_refresh,outputs/experiments/655_commit_pr_summary_current_archive_coverage_refresh,13,docs/experiments/188_commit_pr_summary_current_archive_coverage_refresh.md|outputs/experiments/656_next_action_queue_archive_coverage_refresh/next_action_queue.md|outputs/experiments/656_next_action_queue_archive_coverage_refresh/run_manifest.json|outputs/experiments/655_commit_pr_summary_current_archive_coverage_refresh/run_manifest.json|outputs/experiments/655_commit_pr_summary_current_archive_coverage_refresh/commit_pr_summary_current_archive_coverage_refresh.md|outputs/experiments/722_current_state_archive_coverage_audit_refresh/data/current_state_archive_file_list.txt|outputs/experiments/722_current_state_archive_coverage_audit_refresh/data/current_state_archive_coverage_audit_refresh.json|outputs/experiments/682_current_state_archive_coverage_audit_refresh/data/current_state_archive_file_list.txt|outputs/experiments/682_current_state_archive_coverage_audit_refresh/data/current_state_archive_coverage_audit.json|outputs/experiments/710_current_state_archive_coverage_audit_refresh/data/current_state_archive_file_list.txt|outputs/experiments/710_current_state_archive_coverage_audit_refresh/data/current_state_archive_coverage_audit_refresh.json|outputs/experiments/734_current_state_archive_coverage_audit_refresh/data/current_state_archive_file_list.txt|outputs/experiments/734_current_state_archive_coverage_audit_refresh/data/current_state_archive_coverage_audit_refresh.json,move directory then create compatibility symlink at original outputs/experiments path
656,next_action_queue_archive_coverage_refresh,outputs/experiments/656_next_action_queue_archive_coverage_refresh,14,docs/experiments/189_next_action_queue_archive_coverage_refresh.md|outputs/experiments/656_next_action_queue_archive_coverage_refresh/run_manifest.json|outputs/experiments/658_commit_pr_summary_candidate_confidence_refresh/README.md|outputs/experiments/658_commit_pr_summary_candidate_confidence_refresh/run_manifest.json|outputs/experiments/658_commit_pr_summary_candidate_confidence_refresh/commit_pr_summary_candidate_confidence_refresh.md|outputs/experiments/657_candidate_confidence_nonfinite_hardening/run_manifest.json|outputs/experiments/722_current_state_archive_coverage_audit_refresh/data/current_state_archive_file_list.txt|outputs/experiments/722_current_state_archive_coverage_audit_refresh/data/current_state_archive_coverage_audit_refresh.json|outputs/experiments/682_current_state_archive_coverage_audit_refresh/data/current_state_archive_file_list.txt|outputs/experiments/682_current_state_archive_coverage_audit_refresh/data/current_state_archive_coverage_audit.json|outputs/experiments/710_current_state_archive_coverage_audit_refresh/data/current_state_archive_file_list.txt|outputs/experiments/710_current_state_archive_coverage_audit_refresh/data/current_state_archive_coverage_audit_refresh.json|outputs/experiments/734_current_state_archive_coverage_audit_refresh/data/current_state_archive_file_list.txt|outputs/experiments/734_current_state_archive_coverage_audit_refresh/data/current_state_archive_coverage_audit_refresh.json,move directory then create compatibility symlink at original outputs/experiments path
658,commit_pr_summary_candidate_confidence_refresh,outputs/experiments/658_commit_pr_summary_candidate_confidence_refresh,15,docs/experiments/191_commit_pr_summary_candidate_confidence_refresh.md|outputs/experiments/659_next_action_queue_candidate_confidence_refresh/next_action_queue.md|outputs/experiments/659_next_action_queue_candidate_confidence_refresh/run_manifest.json|outputs/experiments/658_commit_pr_summary_candidate_confidence_refresh/run_manifest.json|outputs/experiments/658_commit_pr_summary_candidate_confidence_refresh/commit_pr_summary_candidate_confidence_refresh.md|outputs/experiments/660_current_candidate_confidence_state_audit/run_manifest.json|outputs/experiments/660_current_candidate_confidence_state_audit/data/current_candidate_confidence_state_audit.json|outputs/experiments/722_current_state_archive_coverage_audit_refresh/data/current_state_archive_file_list.txt|outputs/experiments/722_current_state_archive_coverage_audit_refresh/data/current_state_archive_coverage_audit_refresh.json|outputs/experiments/682_current_state_archive_coverage_audit_refresh/data/current_state_archive_file_list.txt|outputs/experiments/682_current_state_archive_coverage_audit_refresh/data/current_state_archive_coverage_audit.json|outputs/experiments/710_current_state_archive_coverage_audit_refresh/data/current_state_archive_file_list.txt|outputs/experiments/710_current_state_archive_coverage_audit_refresh/data/current_state_archive_coverage_audit_refresh.json|outputs/experiments/734_current_state_archive_coverage_audit_refresh/data/current_state_archive_file_list.txt|outputs/experiments/734_current_state_archive_coverage_audit_refresh/data/current_state_archive_coverage_audit_refresh.json,move directory then create compatibility symlink at original outputs/experiments path
659,next_action_queue_candidate_confidence_refresh,outputs/experiments/659_next_action_queue_candidate_confidence_refresh,15,docs/experiments/192_next_action_queue_candidate_confidence_refresh.md|outputs/experiments/661_commit_pr_summary_candidate_confidence_audit_refresh/README.md|outputs/experiments/661_commit_pr_summary_candidate_confidence_audit_refresh/commit_pr_summary_candidate_confidence_audit_refresh.md|outputs/experiments/661_commit_pr_summary_candidate_confidence_audit_refresh/run_manifest.json|outputs/experiments/659_next_action_queue_candidate_confidence_refresh/run_manifest.json|outputs/experiments/660_current_candidate_confidence_state_audit/run_manifest.json|outputs/experiments/660_current_candidate_confidence_state_audit/data/current_candidate_confidence_state_audit.json|outputs/experiments/722_current_state_archive_coverage_audit_refresh/data/current_state_archive_file_list.txt|outputs/experiments/722_current_state_archive_coverage_audit_refresh/data/current_state_archive_coverage_audit_refresh.json|outputs/experiments/682_current_state_archive_coverage_audit_refresh/data/current_state_archive_file_list.txt|outputs/experiments/682_current_state_archive_coverage_audit_refresh/data/current_state_archive_coverage_audit.json|outputs/experiments/710_current_state_archive_coverage_audit_refresh/data/current_state_archive_file_list.txt|outputs/experiments/710_current_state_archive_coverage_audit_refresh/data/current_state_archive_coverage_audit_refresh.json|outputs/experiments/734_current_state_archive_coverage_audit_refresh/data/current_state_archive_file_list.txt|outputs/experiments/734_current_state_archive_coverage_audit_refresh/data/current_state_archive_coverage_audit_refresh.json,move directory then create compatibility symlink at original outputs/experiments path
660,current_candidate_confidence_state_audit,outputs/experiments/660_current_candidate_confidence_state_audit,20,docs/experiments/193_current_candidate_confidence_state_audit.md|outputs/experiments/661_commit_pr_summary_candidate_confidence_audit_refresh/commit_pr_summary_candidate_confidence_audit_refresh.md|outputs/experiments/661_commit_pr_summary_candidate_confidence_audit_refresh/run_manifest.json|outputs/experiments/663_candidate_confidence_row_sanitization_hardening/run_manifest.json|outputs/experiments/665_next_action_queue_candidate_row_sanitization_refresh/next_action_queue.md|outputs/experiments/665_next_action_queue_candidate_row_sanitization_refresh/run_manifest.json|outputs/experiments/664_commit_pr_summary_candidate_row_sanitization_refresh/run_manifest.json|outputs/experiments/664_commit_pr_summary_candidate_row_sanitization_refresh/commit_pr_summary_candidate_row_sanitization_refresh.md|outputs/experiments/662_next_action_queue_candidate_confidence_audit_refresh/next_action_queue.md|outputs/experiments/662_next_action_queue_candidate_confidence_audit_refresh/run_manifest.json|outputs/experiments/666_current_candidate_row_sanitization_state_audit/run_manifest.json|outputs/experiments/660_current_candidate_confidence_state_audit/run_manifest.json|outputs/experiments/722_current_state_archive_coverage_audit_refresh/data/current_state_archive_file_list.txt|outputs/experiments/722_current_state_archive_coverage_audit_refresh/data/current_state_archive_coverage_audit_refresh.json|outputs/experiments/682_current_state_archive_coverage_audit_refresh/data/current_state_archive_file_list.txt|outputs/experiments/682_current_state_archive_coverage_audit_refresh/data/current_state_archive_coverage_audit.json|outputs/experiments/710_current_state_archive_coverage_audit_refresh/data/current_state_archive_file_list.txt|outputs/experiments/710_current_state_archive_coverage_audit_refresh/data/current_state_archive_coverage_audit_refresh.json|outputs/experiments/734_current_state_archive_coverage_audit_refresh/data/current_state_archive_file_list.txt|outputs/experiments/734_current_state_archive_coverage_audit_refresh/data/current_state_archive_coverage_audit_refresh.json,move directory then create compatibility symlink at original outputs/experiments path
661,commit_pr_summary_candidate_confidence_audit_refresh,outputs/experiments/661_commit_pr_summary_candidate_confidence_audit_refresh,13,docs/experiments/194_commit_pr_summary_candidate_confidence_audit_refresh.md|outputs/experiments/661_commit_pr_summary_candidate_confidence_audit_refresh/commit_pr_summary_candidate_confidence_audit_refresh.md|outputs/experiments/661_commit_pr_summary_candidate_confidence_audit_refresh/run_manifest.json|outputs/experiments/662_next_action_queue_candidate_confidence_audit_refresh/next_action_queue.md|outputs/experiments/662_next_action_queue_candidate_confidence_audit_refresh/run_manifest.json|outputs/experiments/722_current_state_archive_coverage_audit_refresh/data/current_state_archive_file_list.txt|outputs/experiments/722_current_state_archive_coverage_audit_refresh/data/current_state_archive_coverage_audit_refresh.json|outputs/experiments/682_current_state_archive_coverage_audit_refresh/data/current_state_archive_file_list.txt|outputs/experiments/682_current_state_archive_coverage_audit_refresh/data/current_state_archive_coverage_audit.json|outputs/experiments/710_current_state_archive_coverage_audit_refresh/data/current_state_archive_file_list.txt|outputs/experiments/710_current_state_archive_coverage_audit_refresh/data/current_state_archive_coverage_audit_refresh.json|outputs/experiments/734_current_state_archive_coverage_audit_refresh/data/current_state_archive_file_list.txt|outputs/experiments/734_current_state_archive_coverage_audit_refresh/data/current_state_archive_coverage_audit_refresh.json,move directory then create compatibility symlink at original outputs/experiments path
662,next_action_queue_candidate_confidence_audit_refresh,outputs/experiments/662_next_action_queue_candidate_confidence_audit_refresh,14,docs/experiments/195_next_action_queue_candidate_confidence_audit_refresh.md|outputs/experiments/663_candidate_confidence_row_sanitization_hardening/run_manifest.json|outputs/experiments/664_commit_pr_summary_candidate_row_sanitization_refresh/README.md|outputs/experiments/664_commit_pr_summary_candidate_row_sanitization_refresh/run_manifest.json|outputs/experiments/664_commit_pr_summary_candidate_row_sanitization_refresh/commit_pr_summary_candidate_row_sanitization_refresh.md|outputs/experiments/662_next_action_queue_candidate_confidence_audit_refresh/run_manifest.json|outputs/experiments/722_current_state_archive_coverage_audit_refresh/data/current_state_archive_file_list.txt|outputs/experiments/722_current_state_archive_coverage_audit_refresh/data/current_state_archive_coverage_audit_refresh.json|outputs/experiments/682_current_state_archive_coverage_audit_refresh/data/current_state_archive_file_list.txt|outputs/experiments/682_current_state_archive_coverage_audit_refresh/data/current_state_archive_coverage_audit.json|outputs/experiments/710_current_state_archive_coverage_audit_refresh/data/current_state_archive_file_list.txt|outputs/experiments/710_current_state_archive_coverage_audit_refresh/data/current_state_archive_coverage_audit_refresh.json|outputs/experiments/734_current_state_archive_coverage_audit_refresh/data/current_state_archive_file_list.txt|outputs/experiments/734_current_state_archive_coverage_audit_refresh/data/current_state_archive_coverage_audit_refresh.json,move directory then create compatibility symlink at original outputs/experiments path
664,commit_pr_summary_candidate_row_sanitization_refresh,outputs/experiments/664_commit_pr_summary_candidate_row_sanitization_refresh,15,docs/experiments/197_commit_pr_summary_candidate_row_sanitization_refresh.md|outputs/experiments/665_next_action_queue_candidate_row_sanitization_refresh/next_action_queue.md|outputs/experiments/665_next_action_queue_candidate_row_sanitization_refresh/run_manifest.json|outputs/experiments/664_commit_pr_summary_candidate_row_sanitization_refresh/run_manifest.json|outputs/experiments/664_commit_pr_summary_candidate_row_sanitization_refresh/commit_pr_summary_candidate_row_sanitization_refresh.md|outputs/experiments/666_current_candidate_row_sanitization_state_audit/run_manifest.json|outputs/experiments/722_current_state_archive_coverage_audit_refresh/data/current_state_archive_file_list.txt|outputs/experiments/722_current_state_archive_coverage_audit_refresh/data/current_state_archive_coverage_audit_refresh.json|outputs/experiments/666_current_candidate_row_sanitization_state_audit/data/current_candidate_row_sanitization_state_audit.json|outputs/experiments/682_current_state_archive_coverage_audit_refresh/data/current_state_archive_file_list.txt|outputs/experiments/682_current_state_archive_coverage_audit_refresh/data/current_state_archive_coverage_audit.json|outputs/experiments/710_current_state_archive_coverage_audit_refresh/data/current_state_archive_file_list.txt|outputs/experiments/710_current_state_archive_coverage_audit_refresh/data/current_state_archive_coverage_audit_refresh.json|outputs/experiments/734_current_state_archive_coverage_audit_refresh/data/current_state_archive_file_list.txt|outputs/experiments/734_current_state_archive_coverage_audit_refresh/data/current_state_archive_coverage_audit_refresh.json,move directory then create compatibility symlink at original outputs/experiments path
665,next_action_queue_candidate_row_sanitization_refresh,outputs/experiments/665_next_action_queue_candidate_row_sanitization_refresh,15,docs/experiments/198_next_action_queue_candidate_row_sanitization_refresh.md|outputs/experiments/667_commit_pr_summary_candidate_row_sanitization_audit_refresh/README.md|outputs/experiments/667_commit_pr_summary_candidate_row_sanitization_audit_refresh/commit_pr_summary_candidate_row_sanitization_audit_refresh.md|outputs/experiments/667_commit_pr_summary_candidate_row_sanitization_audit_refresh/run_manifest.json|outputs/experiments/665_next_action_queue_candidate_row_sanitization_refresh/run_manifest.json|outputs/experiments/666_current_candidate_row_sanitization_state_audit/run_manifest.json|outputs/experiments/722_current_state_archive_coverage_audit_refresh/data/current_state_archive_file_list.txt|outputs/experiments/722_current_state_archive_coverage_audit_refresh/data/current_state_archive_coverage_audit_refresh.json|outputs/experiments/666_current_candidate_row_sanitization_state_audit/data/current_candidate_row_sanitization_state_audit.json|outputs/experiments/682_current_state_archive_coverage_audit_refresh/data/current_state_archive_file_list.txt|outputs/experiments/682_current_state_archive_coverage_audit_refresh/data/current_state_archive_coverage_audit.json|outputs/experiments/710_current_state_archive_coverage_audit_refresh/data/current_state_archive_file_list.txt|outputs/experiments/710_current_state_archive_coverage_audit_refresh/data/current_state_archive_coverage_audit_refresh.json|outputs/experiments/734_current_state_archive_coverage_audit_refresh/data/current_state_archive_file_list.txt|outputs/experiments/734_current_state_archive_coverage_audit_refresh/data/current_state_archive_coverage_audit_refresh.json,move directory then create compatibility symlink at original outputs/experiments path
666,current_candidate_row_sanitization_state_audit,outputs/experiments/666_current_candidate_row_sanitization_state_audit,19,docs/experiments/199_current_candidate_row_sanitization_state_audit.md|outputs/experiments/670_commit_pr_summary_nonfinite_confidence_smoke_refresh/run_manifest.json|outputs/experiments/670_commit_pr_summary_nonfinite_confidence_smoke_refresh/commit_pr_summary_nonfinite_confidence_smoke_refresh.md|outputs/experiments/667_commit_pr_summary_candidate_row_sanitization_audit_refresh/commit_pr_summary_candidate_row_sanitization_audit_refresh.md|outputs/experiments/667_commit_pr_summary_candidate_row_sanitization_audit_refresh/run_manifest.json|outputs/experiments/668_next_action_queue_candidate_row_sanitization_audit_refresh/next_action_queue.md|outputs/experiments/668_next_action_queue_candidate_row_sanitization_audit_refresh/run_manifest.json|outputs/experiments/671_next_action_queue_nonfinite_confidence_smoke_refresh/next_action_queue.md|outputs/experiments/671_next_action_queue_nonfinite_confidence_smoke_refresh/run_manifest.json|outputs/experiments/666_current_candidate_row_sanitization_state_audit/run_manifest.json|outputs/experiments/672_current_nonfinite_confidence_smoke_state_audit/run_manifest.json|outputs/experiments/722_current_state_archive_coverage_audit_refresh/data/current_state_archive_file_list.txt|outputs/experiments/722_current_state_archive_coverage_audit_refresh/data/current_state_archive_coverage_audit_refresh.json|outputs/experiments/682_current_state_archive_coverage_audit_refresh/data/current_state_archive_file_list.txt|outputs/experiments/682_current_state_archive_coverage_audit_refresh/data/current_state_archive_coverage_audit.json|outputs/experiments/710_current_state_archive_coverage_audit_refresh/data/current_state_archive_file_list.txt|outputs/experiments/710_current_state_archive_coverage_audit_refresh/data/current_state_archive_coverage_audit_refresh.json|outputs/experiments/734_current_state_archive_coverage_audit_refresh/data/current_state_archive_file_list.txt|outputs/experiments/734_current_state_archive_coverage_audit_refresh/data/current_state_archive_coverage_audit_refresh.json,move directory then create compatibility symlink at original outputs/experiments path
667,commit_pr_summary_candidate_row_sanitization_audit_refresh,outputs/experiments/667_commit_pr_summary_candidate_row_sanitization_audit_refresh,13,docs/experiments/200_commit_pr_summary_candidate_row_sanitization_audit_refresh.md|outputs/experiments/667_commit_pr_summary_candidate_row_sanitization_audit_refresh/commit_pr_summary_candidate_row_sanitization_audit_refresh.md|outputs/experiments/667_commit_pr_summary_candidate_row_sanitization_audit_refresh/run_manifest.json|outputs/experiments/668_next_action_queue_candidate_row_sanitization_audit_refresh/next_action_queue.md|outputs/experiments/668_next_action_queue_candidate_row_sanitization_audit_refresh/run_manifest.json|outputs/experiments/722_current_state_archive_coverage_audit_refresh/data/current_state_archive_file_list.txt|outputs/experiments/722_current_state_archive_coverage_audit_refresh/data/current_state_archive_coverage_audit_refresh.json|outputs/experiments/682_current_state_archive_coverage_audit_refresh/data/current_state_archive_file_list.txt|outputs/experiments/682_current_state_archive_coverage_audit_refresh/data/current_state_archive_coverage_audit.json|outputs/experiments/710_current_state_archive_coverage_audit_refresh/data/current_state_archive_file_list.txt|outputs/experiments/710_current_state_archive_coverage_audit_refresh/data/current_state_archive_coverage_audit_refresh.json|outputs/experiments/734_current_state_archive_coverage_audit_refresh/data/current_state_archive_file_list.txt|outputs/experiments/734_current_state_archive_coverage_audit_refresh/data/current_state_archive_coverage_audit_refresh.json,move directory then create compatibility symlink at original outputs/experiments path
668,next_action_queue_candidate_row_sanitization_audit_refresh,outputs/experiments/668_next_action_queue_candidate_row_sanitization_audit_refresh,13,docs/experiments/201_next_action_queue_candidate_row_sanitization_audit_refresh.md|outputs/experiments/670_commit_pr_summary_nonfinite_confidence_smoke_refresh/README.md|outputs/experiments/670_commit_pr_summary_nonfinite_confidence_smoke_refresh/run_manifest.json|outputs/experiments/670_commit_pr_summary_nonfinite_confidence_smoke_refresh/commit_pr_summary_nonfinite_confidence_smoke_refresh.md|outputs/experiments/668_next_action_queue_candidate_row_sanitization_audit_refresh/run_manifest.json|outputs/experiments/722_current_state_archive_coverage_audit_refresh/data/current_state_archive_file_list.txt|outputs/experiments/722_current_state_archive_coverage_audit_refresh/data/current_state_archive_coverage_audit_refresh.json|outputs/experiments/682_current_state_archive_coverage_audit_refresh/data/current_state_archive_file_list.txt|outputs/experiments/682_current_state_archive_coverage_audit_refresh/data/current_state_archive_coverage_audit.json|outputs/experiments/710_current_state_archive_coverage_audit_refresh/data/current_state_archive_file_list.txt|outputs/experiments/710_current_state_archive_coverage_audit_refresh/data/current_state_archive_coverage_audit_refresh.json|outputs/experiments/734_current_state_archive_coverage_audit_refresh/data/current_state_archive_file_list.txt|outputs/experiments/734_current_state_archive_coverage_audit_refresh/data/current_state_archive_coverage_audit_refresh.json,move directory then create compatibility symlink at original outputs/experiments path
670,commit_pr_summary_nonfinite_confidence_smoke_refresh,outputs/experiments/670_commit_pr_summary_nonfinite_confidence_smoke_refresh,15,docs/experiments/203_commit_pr_summary_nonfinite_confidence_smoke_refresh.md|outputs/experiments/670_commit_pr_summary_nonfinite_confidence_smoke_refresh/run_manifest.json|outputs/experiments/670_commit_pr_summary_nonfinite_confidence_smoke_refresh/commit_pr_summary_nonfinite_confidence_smoke_refresh.md|outputs/experiments/671_next_action_queue_nonfinite_confidence_smoke_refresh/next_action_queue.md|outputs/experiments/671_next_action_queue_nonfinite_confidence_smoke_refresh/run_manifest.json|outputs/experiments/672_current_nonfinite_confidence_smoke_state_audit/run_manifest.json|outputs/experiments/672_current_nonfinite_confidence_smoke_state_audit/data/current_nonfinite_confidence_smoke_state_audit.json|outputs/experiments/722_current_state_archive_coverage_audit_refresh/data/current_state_archive_file_list.txt|outputs/experiments/722_current_state_archive_coverage_audit_refresh/data/current_state_archive_coverage_audit_refresh.json|outputs/experiments/682_current_state_archive_coverage_audit_refresh/data/current_state_archive_file_list.txt|outputs/experiments/682_current_state_archive_coverage_audit_refresh/data/current_state_archive_coverage_audit.json|outputs/experiments/710_current_state_archive_coverage_audit_refresh/data/current_state_archive_file_list.txt|outputs/experiments/710_current_state_archive_coverage_audit_refresh/data/current_state_archive_coverage_audit_refresh.json|outputs/experiments/734_current_state_archive_coverage_audit_refresh/data/current_state_archive_file_list.txt|outputs/experiments/734_current_state_archive_coverage_audit_refresh/data/current_state_archive_coverage_audit_refresh.json,move directory then create compatibility symlink at original outputs/experiments path
671,next_action_queue_nonfinite_confidence_smoke_refresh,outputs/experiments/671_next_action_queue_nonfinite_confidence_smoke_refresh,15,docs/experiments/204_next_action_queue_nonfinite_confidence_smoke_refresh.md|outputs/experiments/673_commit_pr_summary_nonfinite_confidence_audit_refresh/README.md|outputs/experiments/673_commit_pr_summary_nonfinite_confidence_audit_refresh/run_manifest.json|outputs/experiments/673_commit_pr_summary_nonfinite_confidence_audit_refresh/commit_pr_summary_nonfinite_confidence_audit_refresh.md|outputs/experiments/671_next_action_queue_nonfinite_confidence_smoke_refresh/run_manifest.json|outputs/experiments/672_current_nonfinite_confidence_smoke_state_audit/run_manifest.json|outputs/experiments/672_current_nonfinite_confidence_smoke_state_audit/data/current_nonfinite_confidence_smoke_state_audit.json|outputs/experiments/722_current_state_archive_coverage_audit_refresh/data/current_state_archive_file_list.txt|outputs/experiments/722_current_state_archive_coverage_audit_refresh/data/current_state_archive_coverage_audit_refresh.json|outputs/experiments/682_current_state_archive_coverage_audit_refresh/data/current_state_archive_file_list.txt|outputs/experiments/682_current_state_archive_coverage_audit_refresh/data/current_state_archive_coverage_audit.json|outputs/experiments/710_current_state_archive_coverage_audit_refresh/data/current_state_archive_file_list.txt|outputs/experiments/710_current_state_archive_coverage_audit_refresh/data/current_state_archive_coverage_audit_refresh.json|outputs/experiments/734_current_state_archive_coverage_audit_refresh/data/current_state_archive_file_list.txt|outputs/experiments/734_current_state_archive_coverage_audit_refresh/data/current_state_archive_coverage_audit_refresh.json,move directory then create compatibility symlink at original outputs/experiments path
672,current_nonfinite_confidence_smoke_state_audit,outputs/experiments/672_current_nonfinite_confidence_smoke_state_audit,17,docs/experiments/205_current_nonfinite_confidence_smoke_state_audit.md|outputs/experiments/673_commit_pr_summary_nonfinite_confidence_audit_refresh/run_manifest.json|outputs/experiments/673_commit_pr_summary_nonfinite_confidence_audit_refresh/commit_pr_summary_nonfinite_confidence_audit_refresh.md|outputs/experiments/674_next_action_queue_nonfinite_confidence_audit_refresh/next_action_queue.md|outputs/experiments/674_next_action_queue_nonfinite_confidence_audit_refresh/run_manifest.json|outputs/experiments/675_coordinate_aggregate_row_sanitization_hardening/run_manifest.json|outputs/experiments/678_next_action_queue_coordinate_aggregate_smoke_refresh/next_action_queue.md|outputs/experiments/677_commit_pr_summary_coordinate_aggregate_smoke_refresh/commit_pr_summary_coordinate_aggregate_smoke_refresh.md|outputs/experiments/672_current_nonfinite_confidence_smoke_state_audit/run_manifest.json|outputs/experiments/722_current_state_archive_coverage_audit_refresh/data/current_state_archive_file_list.txt|outputs/experiments/722_current_state_archive_coverage_audit_refresh/data/current_state_archive_coverage_audit_refresh.json|outputs/experiments/682_current_state_archive_coverage_audit_refresh/data/current_state_archive_file_list.txt|outputs/experiments/682_current_state_archive_coverage_audit_refresh/data/current_state_archive_coverage_audit.json|outputs/experiments/710_current_state_archive_coverage_audit_refresh/data/current_state_archive_file_list.txt|outputs/experiments/710_current_state_archive_coverage_audit_refresh/data/current_state_archive_coverage_audit_refresh.json|outputs/experiments/734_current_state_archive_coverage_audit_refresh/data/current_state_archive_file_list.txt|outputs/experiments/734_current_state_archive_coverage_audit_refresh/data/current_state_archive_coverage_audit_refresh.json,move directory then create compatibility symlink at original outputs/experiments path
673,commit_pr_summary_nonfinite_confidence_audit_refresh,outputs/experiments/673_commit_pr_summary_nonfinite_confidence_audit_refresh,13,docs/experiments/206_commit_pr_summary_nonfinite_confidence_audit_refresh.md|outputs/experiments/673_commit_pr_summary_nonfinite_confidence_audit_refresh/run_manifest.json|outputs/experiments/673_commit_pr_summary_nonfinite_confidence_audit_refresh/commit_pr_summary_nonfinite_confidence_audit_refresh.md|outputs/experiments/674_next_action_queue_nonfinite_confidence_audit_refresh/next_action_queue.md|outputs/experiments/674_next_action_queue_nonfinite_confidence_audit_refresh/run_manifest.json|outputs/experiments/722_current_state_archive_coverage_audit_refresh/data/current_state_archive_file_list.txt|outputs/experiments/722_current_state_archive_coverage_audit_refresh/data/current_state_archive_coverage_audit_refresh.json|outputs/experiments/682_current_state_archive_coverage_audit_refresh/data/current_state_archive_file_list.txt|outputs/experiments/682_current_state_archive_coverage_audit_refresh/data/current_state_archive_coverage_audit.json|outputs/experiments/710_current_state_archive_coverage_audit_refresh/data/current_state_archive_file_list.txt|outputs/experiments/710_current_state_archive_coverage_audit_refresh/data/current_state_archive_coverage_audit_refresh.json|outputs/experiments/734_current_state_archive_coverage_audit_refresh/data/current_state_archive_file_list.txt|outputs/experiments/734_current_state_archive_coverage_audit_refresh/data/current_state_archive_coverage_audit_refresh.json,move directory then create compatibility symlink at original outputs/experiments path
674,next_action_queue_nonfinite_confidence_audit_refresh,outputs/experiments/674_next_action_queue_nonfinite_confidence_audit_refresh,12,docs/experiments/207_next_action_queue_nonfinite_confidence_audit_refresh.md|outputs/experiments/674_next_action_queue_nonfinite_confidence_audit_refresh/run_manifest.json|outputs/experiments/675_coordinate_aggregate_row_sanitization_hardening/run_manifest.json|outputs/experiments/677_commit_pr_summary_coordinate_aggregate_smoke_refresh/commit_pr_summary_coordinate_aggregate_smoke_refresh.md|outputs/experiments/722_current_state_archive_coverage_audit_refresh/data/current_state_archive_file_list.txt|outputs/experiments/722_current_state_archive_coverage_audit_refresh/data/current_state_archive_coverage_audit_refresh.json|outputs/experiments/682_current_state_archive_coverage_audit_refresh/data/current_state_archive_file_list.txt|outputs/experiments/682_current_state_archive_coverage_audit_refresh/data/current_state_archive_coverage_audit.json|outputs/experiments/710_current_state_archive_coverage_audit_refresh/data/current_state_archive_file_list.txt|outputs/experiments/710_current_state_archive_coverage_audit_refresh/data/current_state_archive_coverage_audit_refresh.json|outputs/experiments/734_current_state_archive_coverage_audit_refresh/data/current_state_archive_file_list.txt|outputs/experiments/734_current_state_archive_coverage_audit_refresh/data/current_state_archive_coverage_audit_refresh.json,move directory then create compatibility symlink at original outputs/experiments path
677,commit_pr_summary_coordinate_aggregate_smoke_refresh,outputs/experiments/677_commit_pr_summary_coordinate_aggregate_smoke_refresh,14,docs/experiments/210_commit_pr_summary_coordinate_aggregate_smoke_refresh.md|outputs/experiments/679_current_coordinate_aggregate_smoke_state_audit/README.md|outputs/experiments/678_next_action_queue_coordinate_aggregate_smoke_refresh/next_action_queue.md|outputs/experiments/677_commit_pr_summary_coordinate_aggregate_smoke_refresh/commit_pr_summary_coordinate_aggregate_smoke_refresh.md|outputs/experiments/677_commit_pr_summary_coordinate_aggregate_smoke_refresh/run_manifest.json|outputs/experiments/722_current_state_archive_coverage_audit_refresh/data/current_state_archive_file_list.txt|outputs/experiments/722_current_state_archive_coverage_audit_refresh/data/current_state_archive_coverage_audit_refresh.json|outputs/experiments/682_current_state_archive_coverage_audit_refresh/data/current_state_archive_file_list.txt|outputs/experiments/682_current_state_archive_coverage_audit_refresh/data/current_state_archive_coverage_audit.json|outputs/experiments/710_current_state_archive_coverage_audit_refresh/data/current_state_archive_file_list.txt|outputs/experiments/710_current_state_archive_coverage_audit_refresh/data/current_state_archive_coverage_audit_refresh.json|outputs/experiments/734_current_state_archive_coverage_audit_refresh/data/current_state_archive_file_list.txt|outputs/experiments/734_current_state_archive_coverage_audit_refresh/data/current_state_archive_coverage_audit_refresh.json|outputs/experiments/679_current_coordinate_aggregate_smoke_state_audit/data/state_audit_coordinate_aggregate_smoke.json,move directory then create compatibility symlink at original outputs/experiments path
678,next_action_queue_coordinate_aggregate_smoke_refresh,outputs/experiments/678_next_action_queue_coordinate_aggregate_smoke_refresh,14,docs/experiments/211_next_action_queue_coordinate_aggregate_smoke_refresh.md|outputs/experiments/679_current_coordinate_aggregate_smoke_state_audit/README.md|outputs/experiments/680_commit_pr_summary_coordinate_aggregate_audit_refresh/commit_pr_summary_coordinate_aggregate_audit_refresh.md|outputs/experiments/678_next_action_queue_coordinate_aggregate_smoke_refresh/next_action_queue.md|outputs/experiments/678_next_action_queue_coordinate_aggregate_smoke_refresh/run_manifest.json|outputs/experiments/722_current_state_archive_coverage_audit_refresh/data/current_state_archive_file_list.txt|outputs/experiments/722_current_state_archive_coverage_audit_refresh/data/current_state_archive_coverage_audit_refresh.json|outputs/experiments/682_current_state_archive_coverage_audit_refresh/data/current_state_archive_file_list.txt|outputs/experiments/682_current_state_archive_coverage_audit_refresh/data/current_state_archive_coverage_audit.json|outputs/experiments/710_current_state_archive_coverage_audit_refresh/data/current_state_archive_file_list.txt|outputs/experiments/710_current_state_archive_coverage_audit_refresh/data/current_state_archive_coverage_audit_refresh.json|outputs/experiments/734_current_state_archive_coverage_audit_refresh/data/current_state_archive_file_list.txt|outputs/experiments/734_current_state_archive_coverage_audit_refresh/data/current_state_archive_coverage_audit_refresh.json|outputs/experiments/679_current_coordinate_aggregate_smoke_state_audit/data/state_audit_coordinate_aggregate_smoke.json,move directory then create compatibility symlink at original outputs/experiments path
679,current_coordinate_aggregate_smoke_state_audit,outputs/experiments/679_current_coordinate_aggregate_smoke_state_audit,19,docs/experiments/212_current_coordinate_aggregate_smoke_state_audit.md|outputs/experiments/681_next_action_queue_coordinate_aggregate_audit_refresh/next_action_queue.md|outputs/experiments/679_current_coordinate_aggregate_smoke_state_audit/run_manifest.json|outputs/experiments/680_commit_pr_summary_coordinate_aggregate_audit_refresh/commit_pr_summary_coordinate_aggregate_audit_refresh.md|outputs/experiments/684_next_action_queue_current_archive_coverage_refresh/next_action_queue.md|outputs/experiments/683_commit_pr_summary_current_archive_coverage_refresh/commit_pr_summary_current_archive_coverage_refresh.md|outputs/experiments/682_current_state_archive_coverage_audit_refresh/run_manifest.json|outputs/experiments/687_next_action_queue_current_manuscript_validation_refresh/next_action_queue.md|outputs/experiments/686_commit_pr_summary_current_manuscript_validation_refresh/commit_pr_summary_current_manuscript_validation_refresh.md|outputs/experiments/685_imrad_manuscript_current_archive_coverage_validation_refresh/README.md|outputs/experiments/685_imrad_manuscript_current_archive_coverage_validation_refresh/run_manifest.json|outputs/experiments/722_current_state_archive_coverage_audit_refresh/data/current_state_archive_file_list.txt|outputs/experiments/722_current_state_archive_coverage_audit_refresh/data/current_state_archive_coverage_audit_refresh.json|outputs/experiments/682_current_state_archive_coverage_audit_refresh/data/current_state_archive_file_list.txt|outputs/experiments/682_current_state_archive_coverage_audit_refresh/data/current_state_archive_coverage_audit.json|outputs/experiments/710_current_state_archive_coverage_audit_refresh/data/current_state_archive_file_list.txt|outputs/experiments/710_current_state_archive_coverage_audit_refresh/data/current_state_archive_coverage_audit_refresh.json|outputs/experiments/734_current_state_archive_coverage_audit_refresh/data/current_state_archive_file_list.txt|outputs/experiments/734_current_state_archive_coverage_audit_refresh/data/current_state_archive_coverage_audit_refresh.json,move directory then create compatibility symlink at original outputs/experiments path
680,commit_pr_summary_coordinate_aggregate_audit_refresh,outputs/experiments/680_commit_pr_summary_coordinate_aggregate_audit_refresh,13,docs/experiments/213_commit_pr_summary_coordinate_aggregate_audit_refresh.md|outputs/experiments/681_next_action_queue_coordinate_aggregate_audit_refresh/next_action_queue.md|outputs/experiments/680_commit_pr_summary_coordinate_aggregate_audit_refresh/run_manifest.json|outputs/experiments/680_commit_pr_summary_coordinate_aggregate_audit_refresh/commit_pr_summary_coordinate_aggregate_audit_refresh.md|outputs/experiments/682_current_state_archive_coverage_audit_refresh/run_manifest.json|outputs/experiments/722_current_state_archive_coverage_audit_refresh/data/current_state_archive_file_list.txt|outputs/experiments/722_current_state_archive_coverage_audit_refresh/data/current_state_archive_coverage_audit_refresh.json|outputs/experiments/682_current_state_archive_coverage_audit_refresh/data/current_state_archive_file_list.txt|outputs/experiments/682_current_state_archive_coverage_audit_refresh/data/current_state_archive_coverage_audit.json|outputs/experiments/710_current_state_archive_coverage_audit_refresh/data/current_state_archive_file_list.txt|outputs/experiments/710_current_state_archive_coverage_audit_refresh/data/current_state_archive_coverage_audit_refresh.json|outputs/experiments/734_current_state_archive_coverage_audit_refresh/data/current_state_archive_file_list.txt|outputs/experiments/734_current_state_archive_coverage_audit_refresh/data/current_state_archive_coverage_audit_refresh.json,move directory then create compatibility symlink at original outputs/experiments path
681,next_action_queue_coordinate_aggregate_audit_refresh,outputs/experiments/681_next_action_queue_coordinate_aggregate_audit_refresh,12,docs/experiments/214_next_action_queue_coordinate_aggregate_audit_refresh.md|outputs/experiments/681_next_action_queue_coordinate_aggregate_audit_refresh/run_manifest.json|outputs/experiments/683_commit_pr_summary_current_archive_coverage_refresh/commit_pr_summary_current_archive_coverage_refresh.md|outputs/experiments/682_current_state_archive_coverage_audit_refresh/run_manifest.json|outputs/experiments/722_current_state_archive_coverage_audit_refresh/data/current_state_archive_file_list.txt|outputs/experiments/722_current_state_archive_coverage_audit_refresh/data/current_state_archive_coverage_audit_refresh.json|outputs/experiments/682_current_state_archive_coverage_audit_refresh/data/current_state_archive_file_list.txt|outputs/experiments/682_current_state_archive_coverage_audit_refresh/data/current_state_archive_coverage_audit.json|outputs/experiments/710_current_state_archive_coverage_audit_refresh/data/current_state_archive_file_list.txt|outputs/experiments/710_current_state_archive_coverage_audit_refresh/data/current_state_archive_coverage_audit_refresh.json|outputs/experiments/734_current_state_archive_coverage_audit_refresh/data/current_state_archive_file_list.txt|outputs/experiments/734_current_state_archive_coverage_audit_refresh/data/current_state_archive_coverage_audit_refresh.json,move directory then create compatibility symlink at original outputs/experiments path
682,current_state_archive_coverage_audit_refresh,outputs/experiments/682_current_state_archive_coverage_audit_refresh,28,docs/experiments/215_current_state_archive_coverage_audit_refresh.md|outputs/experiments/707_commit_pr_summary_current_review_refresh/commit_pr_summary_current_review_refresh.md|outputs/experiments/684_next_action_queue_current_archive_coverage_refresh/next_action_queue.md|outputs/experiments/703_commit_pr_summary_current_validation_after_coordinate_default_audit_refresh/commit_pr_summary_current_validation_after_coordinate_default_audit_refresh.md|outputs/experiments/697_next_action_queue_coordinate_default_smoke_refresh/next_action_queue.md|outputs/experiments/704_next_action_queue_current_validation_after_coordinate_default_audit_refresh/next_action_queue.md|outputs/experiments/688_current_manuscript_archive_state_audit/README.md|outputs/experiments/690_next_action_queue_current_manuscript_archive_audit_refresh/next_action_queue.md|outputs/experiments/683_commit_pr_summary_current_archive_coverage_refresh/commit_pr_summary_current_archive_coverage_refresh.md|outputs/experiments/689_commit_pr_summary_current_manuscript_archive_audit_refresh/commit_pr_summary_current_manuscript_archive_audit_refresh.md|outputs/experiments/682_current_state_archive_coverage_audit_refresh/run_manifest.json|outputs/experiments/687_next_action_queue_current_manuscript_validation_refresh/next_action_queue.md|outputs/experiments/692_commit_pr_summary_current_validation_refresh/commit_pr_summary_current_validation_refresh.md|outputs/experiments/696_commit_pr_summary_coordinate_default_smoke_refresh/commit_pr_summary_coordinate_default_smoke_refresh.md|outputs/experiments/708_next_action_queue_current_review_refresh/next_action_queue.md|outputs/experiments/699_commit_pr_summary_coordinate_default_audit_refresh/commit_pr_summary_coordinate_default_audit_refresh.md|outputs/experiments/686_commit_pr_summary_current_manuscript_validation_refresh/commit_pr_summary_current_manuscript_validation_refresh.md|outputs/experiments/693_next_action_queue_current_validation_refresh/next_action_queue.md|outputs/experiments/685_imrad_manuscript_current_archive_coverage_validation_refresh/README.md|outputs/experiments/685_imrad_manuscript_current_archive_coverage_validation_refresh/run_manifest.json|outputs/experiments/700_next_action_queue_coordinate_default_audit_refresh/next_action_queue.md|outputs/experiments/722_current_state_archive_coverage_audit_refresh/data/current_state_archive_file_list.txt|outputs/experiments/682_current_state_archive_coverage_audit_refresh/data/current_state_archive_coverage_audit.json|outputs/experiments/688_current_manuscript_archive_state_audit/data/current_manuscript_archive_state_audit.json|outputs/experiments/710_current_state_archive_coverage_audit_refresh/data/current_state_archive_file_list.txt|outputs/experiments/710_current_state_archive_coverage_audit_refresh/data/current_state_archive_coverage_audit_refresh.json|outputs/experiments/734_current_state_archive_coverage_audit_refresh/data/current_state_archive_file_list.txt|outputs/experiments/734_current_state_archive_coverage_audit_refresh/data/current_state_archive_coverage_audit_refresh.json,move directory then create compatibility symlink at original outputs/experiments path
683,commit_pr_summary_current_archive_coverage_refresh,outputs/experiments/683_commit_pr_summary_current_archive_coverage_refresh,14,docs/experiments/216_commit_pr_summary_current_archive_coverage_refresh.md|outputs/experiments/684_next_action_queue_current_archive_coverage_refresh/next_action_queue.md|outputs/experiments/688_current_manuscript_archive_state_audit/README.md|outputs/experiments/683_commit_pr_summary_current_archive_coverage_refresh/run_manifest.json|outputs/experiments/683_commit_pr_summary_current_archive_coverage_refresh/commit_pr_summary_current_archive_coverage_refresh.md|outputs/experiments/687_next_action_queue_current_manuscript_validation_refresh/next_action_queue.md|outputs/experiments/685_imrad_manuscript_current_archive_coverage_validation_refresh/README.md|outputs/experiments/685_imrad_manuscript_current_archive_coverage_validation_refresh/run_manifest.json|outputs/experiments/722_current_state_archive_coverage_audit_refresh/data/current_state_archive_file_list.txt|outputs/experiments/688_current_manuscript_archive_state_audit/data/current_manuscript_archive_state_audit.json|outputs/experiments/710_current_state_archive_coverage_audit_refresh/data/current_state_archive_file_list.txt|outputs/experiments/710_current_state_archive_coverage_audit_refresh/data/current_state_archive_coverage_audit_refresh.json|outputs/experiments/734_current_state_archive_coverage_audit_refresh/data/current_state_archive_file_list.txt|outputs/experiments/734_current_state_archive_coverage_audit_refresh/data/current_state_archive_coverage_audit_refresh.json,move directory then create compatibility symlink at original outputs/experiments path
684,next_action_queue_current_archive_coverage_refresh,outputs/experiments/684_next_action_queue_current_archive_coverage_refresh,13,docs/experiments/217_next_action_queue_current_archive_coverage_refresh.md|outputs/experiments/684_next_action_queue_current_archive_coverage_refresh/run_manifest.json|outputs/experiments/688_current_manuscript_archive_state_audit/README.md|outputs/experiments/687_next_action_queue_current_manuscript_validation_refresh/next_action_queue.md|outputs/experiments/686_commit_pr_summary_current_manuscript_validation_refresh/commit_pr_summary_current_manuscript_validation_refresh.md|outputs/experiments/685_imrad_manuscript_current_archive_coverage_validation_refresh/README.md|outputs/experiments/685_imrad_manuscript_current_archive_coverage_validation_refresh/run_manifest.json|outputs/experiments/722_current_state_archive_coverage_audit_refresh/data/current_state_archive_file_list.txt|outputs/experiments/688_current_manuscript_archive_state_audit/data/current_manuscript_archive_state_audit.json|outputs/experiments/710_current_state_archive_coverage_audit_refresh/data/current_state_archive_file_list.txt|outputs/experiments/710_current_state_archive_coverage_audit_refresh/data/current_state_archive_coverage_audit_refresh.json|outputs/experiments/734_current_state_archive_coverage_audit_refresh/data/current_state_archive_file_list.txt|outputs/experiments/734_current_state_archive_coverage_audit_refresh/data/current_state_archive_coverage_audit_refresh.json,move directory then create compatibility symlink at original outputs/experiments path
686,commit_pr_summary_current_manuscript_validation_refresh,outputs/experiments/686_commit_pr_summary_current_manuscript_validation_refresh,11,docs/experiments/219_commit_pr_summary_current_manuscript_validation_refresh.md|outputs/experiments/688_current_manuscript_archive_state_audit/README.md|outputs/experiments/687_next_action_queue_current_manuscript_validation_refresh/next_action_queue.md|outputs/experiments/686_commit_pr_summary_current_manuscript_validation_refresh/run_manifest.json|outputs/experiments/686_commit_pr_summary_current_manuscript_validation_refresh/commit_pr_summary_current_manuscript_validation_refresh.md|outputs/experiments/722_current_state_archive_coverage_audit_refresh/data/current_state_archive_file_list.txt|outputs/experiments/688_current_manuscript_archive_state_audit/data/current_manuscript_archive_state_audit.json|outputs/experiments/710_current_state_archive_coverage_audit_refresh/data/current_state_archive_file_list.txt|outputs/experiments/710_current_state_archive_coverage_audit_refresh/data/current_state_archive_coverage_audit_refresh.json|outputs/experiments/734_current_state_archive_coverage_audit_refresh/data/current_state_archive_file_list.txt|outputs/experiments/734_current_state_archive_coverage_audit_refresh/data/current_state_archive_coverage_audit_refresh.json,move directory then create compatibility symlink at original outputs/experiments path
687,next_action_queue_current_manuscript_validation_refresh,outputs/experiments/687_next_action_queue_current_manuscript_validation_refresh,11,docs/experiments/220_next_action_queue_current_manuscript_validation_refresh.md|outputs/experiments/688_current_manuscript_archive_state_audit/README.md|outputs/experiments/689_commit_pr_summary_current_manuscript_archive_audit_refresh/commit_pr_summary_current_manuscript_archive_audit_refresh.md|outputs/experiments/687_next_action_queue_current_manuscript_validation_refresh/next_action_queue.md|outputs/experiments/687_next_action_queue_current_manuscript_validation_refresh/run_manifest.json|outputs/experiments/722_current_state_archive_coverage_audit_refresh/data/current_state_archive_file_list.txt|outputs/experiments/688_current_manuscript_archive_state_audit/data/current_manuscript_archive_state_audit.json|outputs/experiments/710_current_state_archive_coverage_audit_refresh/data/current_state_archive_file_list.txt|outputs/experiments/710_current_state_archive_coverage_audit_refresh/data/current_state_archive_coverage_audit_refresh.json|outputs/experiments/734_current_state_archive_coverage_audit_refresh/data/current_state_archive_file_list.txt|outputs/experiments/734_current_state_archive_coverage_audit_refresh/data/current_state_archive_coverage_audit_refresh.json,move directory then create compatibility symlink at original outputs/experiments path
688,current_manuscript_archive_state_audit,outputs/experiments/688_current_manuscript_archive_state_audit,15,docs/experiments/221_current_manuscript_archive_state_audit.md|outputs/experiments/697_next_action_queue_coordinate_default_smoke_refresh/next_action_queue.md|outputs/experiments/688_current_manuscript_archive_state_audit/run_manifest.json|outputs/experiments/690_next_action_queue_current_manuscript_archive_audit_refresh/next_action_queue.md|outputs/experiments/689_commit_pr_summary_current_manuscript_archive_audit_refresh/commit_pr_summary_current_manuscript_archive_audit_refresh.md|outputs/experiments/692_commit_pr_summary_current_validation_refresh/commit_pr_summary_current_validation_refresh.md|outputs/experiments/696_commit_pr_summary_coordinate_default_smoke_refresh/commit_pr_summary_coordinate_default_smoke_refresh.md|outputs/experiments/699_commit_pr_summary_coordinate_default_audit_refresh/commit_pr_summary_coordinate_default_audit_refresh.md|outputs/experiments/693_next_action_queue_current_validation_refresh/next_action_queue.md|outputs/experiments/722_current_state_archive_coverage_audit_refresh/data/current_state_archive_file_list.txt|outputs/experiments/691_current_precommit_validation_after_manuscript_archive_refresh/data/current_precommit_validation_after_manuscript_archive_refresh.json|outputs/experiments/710_current_state_archive_coverage_audit_refresh/data/current_state_archive_file_list.txt|outputs/experiments/710_current_state_archive_coverage_audit_refresh/data/current_state_archive_coverage_audit_refresh.json|outputs/experiments/734_current_state_archive_coverage_audit_refresh/data/current_state_archive_file_list.txt|outputs/experiments/734_current_state_archive_coverage_audit_refresh/data/current_state_archive_coverage_audit_refresh.json,move directory then create compatibility symlink at original outputs/experiments path
689,commit_pr_summary_current_manuscript_archive_audit_refresh,outputs/experiments/689_commit_pr_summary_current_manuscript_archive_audit_refresh,10,docs/experiments/222_commit_pr_summary_current_manuscript_archive_audit_refresh.md|outputs/experiments/690_next_action_queue_current_manuscript_archive_audit_refresh/next_action_queue.md|outputs/experiments/689_commit_pr_summary_current_manuscript_archive_audit_refresh/run_manifest.json|outputs/experiments/689_commit_pr_summary_current_manuscript_archive_audit_refresh/commit_pr_summary_current_manuscript_archive_audit_refresh.md|outputs/experiments/722_current_state_archive_coverage_audit_refresh/data/current_state_archive_file_list.txt|outputs/experiments/691_current_precommit_validation_after_manuscript_archive_refresh/data/current_precommit_validation_after_manuscript_archive_refresh.json|outputs/experiments/710_current_state_archive_coverage_audit_refresh/data/current_state_archive_file_list.txt|outputs/experiments/710_current_state_archive_coverage_audit_refresh/data/current_state_archive_coverage_audit_refresh.json|outputs/experiments/734_current_state_archive_coverage_audit_refresh/data/current_state_archive_file_list.txt|outputs/experiments/734_current_state_archive_coverage_audit_refresh/data/current_state_archive_coverage_audit_refresh.json,move directory then create compatibility symlink at original outputs/experiments path
690,next_action_queue_current_manuscript_archive_audit_refresh,outputs/experiments/690_next_action_queue_current_manuscript_archive_audit_refresh,10,docs/experiments/223_next_action_queue_current_manuscript_archive_audit_refresh.md|outputs/experiments/690_next_action_queue_current_manuscript_archive_audit_refresh/run_manifest.json|outputs/experiments/692_commit_pr_summary_current_validation_refresh/commit_pr_summary_current_validation_refresh.md|outputs/experiments/722_current_state_archive_coverage_audit_refresh/data/current_state_archive_file_list.txt|outputs/experiments/722_current_state_archive_coverage_audit_refresh/data/current_state_archive_coverage_audit_refresh.json|outputs/experiments/691_current_precommit_validation_after_manuscript_archive_refresh/data/current_precommit_validation_after_manuscript_archive_refresh.json|outputs/experiments/710_current_state_archive_coverage_audit_refresh/data/current_state_archive_file_list.txt|outputs/experiments/710_current_state_archive_coverage_audit_refresh/data/current_state_archive_coverage_audit_refresh.json|outputs/experiments/734_current_state_archive_coverage_audit_refresh/data/current_state_archive_file_list.txt|outputs/experiments/734_current_state_archive_coverage_audit_refresh/data/current_state_archive_coverage_audit_refresh.json,move directory then create compatibility symlink at original outputs/experiments path
691,current_precommit_validation_after_manuscript_archive_refresh,outputs/experiments/691_current_precommit_validation_after_manuscript_archive_refresh,10,docs/experiments/224_current_precommit_validation_after_manuscript_archive_refresh.md|outputs/experiments/692_commit_pr_summary_current_validation_refresh/commit_pr_summary_current_validation_refresh.md|outputs/experiments/691_current_precommit_validation_after_manuscript_archive_refresh/run_manifest.json|outputs/experiments/693_next_action_queue_current_validation_refresh/next_action_queue.md|outputs/experiments/722_current_state_archive_coverage_audit_refresh/data/current_state_archive_file_list.txt|outputs/experiments/722_current_state_archive_coverage_audit_refresh/data/current_state_archive_coverage_audit_refresh.json|outputs/experiments/710_current_state_archive_coverage_audit_refresh/data/current_state_archive_file_list.txt|outputs/experiments/710_current_state_archive_coverage_audit_refresh/data/current_state_archive_coverage_audit_refresh.json|outputs/experiments/734_current_state_archive_coverage_audit_refresh/data/current_state_archive_file_list.txt|outputs/experiments/734_current_state_archive_coverage_audit_refresh/data/current_state_archive_coverage_audit_refresh.json,move directory then create compatibility symlink at original outputs/experiments path
692,commit_pr_summary_current_validation_refresh,outputs/experiments/692_commit_pr_summary_current_validation_refresh,10,docs/experiments/225_commit_pr_summary_current_validation_refresh.md|outputs/experiments/692_commit_pr_summary_current_validation_refresh/commit_pr_summary_current_validation_refresh.md|outputs/experiments/692_commit_pr_summary_current_validation_refresh/run_manifest.json|outputs/experiments/693_next_action_queue_current_validation_refresh/next_action_queue.md|outputs/experiments/722_current_state_archive_coverage_audit_refresh/data/current_state_archive_file_list.txt|outputs/experiments/722_current_state_archive_coverage_audit_refresh/data/current_state_archive_coverage_audit_refresh.json|outputs/experiments/710_current_state_archive_coverage_audit_refresh/data/current_state_archive_file_list.txt|outputs/experiments/710_current_state_archive_coverage_audit_refresh/data/current_state_archive_coverage_audit_refresh.json|outputs/experiments/734_current_state_archive_coverage_audit_refresh/data/current_state_archive_file_list.txt|outputs/experiments/734_current_state_archive_coverage_audit_refresh/data/current_state_archive_coverage_audit_refresh.json,move directory then create compatibility symlink at original outputs/experiments path
693,next_action_queue_current_validation_refresh,outputs/experiments/693_next_action_queue_current_validation_refresh,9,docs/experiments/226_next_action_queue_current_validation_refresh.md|outputs/experiments/696_commit_pr_summary_coordinate_default_smoke_refresh/commit_pr_summary_coordinate_default_smoke_refresh.md|outputs/experiments/693_next_action_queue_current_validation_refresh/run_manifest.json|outputs/experiments/722_current_state_archive_coverage_audit_refresh/data/current_state_archive_file_list.txt|outputs/experiments/722_current_state_archive_coverage_audit_refresh/data/current_state_archive_coverage_audit_refresh.json|outputs/experiments/710_current_state_archive_coverage_audit_refresh/data/current_state_archive_file_list.txt|outputs/experiments/710_current_state_archive_coverage_audit_refresh/data/current_state_archive_coverage_audit_refresh.json|outputs/experiments/734_current_state_archive_coverage_audit_refresh/data/current_state_archive_file_list.txt|outputs/experiments/734_current_state_archive_coverage_audit_refresh/data/current_state_archive_coverage_audit_refresh.json,move directory then create compatibility symlink at original outputs/experiments path
696,commit_pr_summary_coordinate_default_smoke_refresh,outputs/experiments/696_commit_pr_summary_coordinate_default_smoke_refresh,12,docs/experiments/229_commit_pr_summary_coordinate_default_smoke_refresh.md|outputs/experiments/697_next_action_queue_coordinate_default_smoke_refresh/next_action_queue.md|outputs/experiments/696_commit_pr_summary_coordinate_default_smoke_refresh/commit_pr_summary_coordinate_default_smoke_refresh.md|outputs/experiments/696_commit_pr_summary_coordinate_default_smoke_refresh/run_manifest.json|outputs/experiments/698_current_coordinate_default_smoke_state_audit/README.md|outputs/experiments/722_current_state_archive_coverage_audit_refresh/data/current_state_archive_file_list.txt|outputs/experiments/722_current_state_archive_coverage_audit_refresh/data/current_state_archive_coverage_audit_refresh.json|outputs/experiments/698_current_coordinate_default_smoke_state_audit/data/current_coordinate_default_smoke_state_audit.json|outputs/experiments/710_current_state_archive_coverage_audit_refresh/data/current_state_archive_file_list.txt|outputs/experiments/710_current_state_archive_coverage_audit_refresh/data/current_state_archive_coverage_audit_refresh.json|outputs/experiments/734_current_state_archive_coverage_audit_refresh/data/current_state_archive_file_list.txt|outputs/experiments/734_current_state_archive_coverage_audit_refresh/data/current_state_archive_coverage_audit_refresh.json,move directory then create compatibility symlink at original outputs/experiments path
697,next_action_queue_coordinate_default_smoke_refresh,outputs/experiments/697_next_action_queue_coordinate_default_smoke_refresh,12,docs/experiments/230_next_action_queue_coordinate_default_smoke_refresh.md|outputs/experiments/697_next_action_queue_coordinate_default_smoke_refresh/next_action_queue.md|outputs/experiments/697_next_action_queue_coordinate_default_smoke_refresh/run_manifest.json|outputs/experiments/698_current_coordinate_default_smoke_state_audit/README.md|outputs/experiments/699_commit_pr_summary_coordinate_default_audit_refresh/commit_pr_summary_coordinate_default_audit_refresh.md|outputs/experiments/722_current_state_archive_coverage_audit_refresh/data/current_state_archive_file_list.txt|outputs/experiments/722_current_state_archive_coverage_audit_refresh/data/current_state_archive_coverage_audit_refresh.json|outputs/experiments/698_current_coordinate_default_smoke_state_audit/data/current_coordinate_default_smoke_state_audit.json|outputs/experiments/710_current_state_archive_coverage_audit_refresh/data/current_state_archive_file_list.txt|outputs/experiments/710_current_state_archive_coverage_audit_refresh/data/current_state_archive_coverage_audit_refresh.json|outputs/experiments/734_current_state_archive_coverage_audit_refresh/data/current_state_archive_file_list.txt|outputs/experiments/734_current_state_archive_coverage_audit_refresh/data/current_state_archive_coverage_audit_refresh.json,move directory then create compatibility symlink at original outputs/experiments path
698,current_coordinate_default_smoke_state_audit,outputs/experiments/698_current_coordinate_default_smoke_state_audit,14,docs/experiments/231_current_coordinate_default_smoke_state_audit.md|outputs/experiments/707_commit_pr_summary_current_review_refresh/commit_pr_summary_current_review_refresh.md|outputs/experiments/703_commit_pr_summary_current_validation_after_coordinate_default_audit_refresh/commit_pr_summary_current_validation_after_coordinate_default_audit_refresh.md|outputs/experiments/701_current_coordinate_default_audit_refresh_state_audit/README.md|outputs/experiments/698_current_coordinate_default_smoke_state_audit/run_manifest.json|outputs/experiments/699_commit_pr_summary_coordinate_default_audit_refresh/commit_pr_summary_coordinate_default_audit_refresh.md|outputs/experiments/700_next_action_queue_coordinate_default_audit_refresh/next_action_queue.md|outputs/experiments/722_current_state_archive_coverage_audit_refresh/data/current_state_archive_file_list.txt|outputs/experiments/722_current_state_archive_coverage_audit_refresh/data/current_state_archive_coverage_audit_refresh.json|outputs/experiments/701_current_coordinate_default_audit_refresh_state_audit/data/current_coordinate_default_audit_refresh_state_audit.json|outputs/experiments/710_current_state_archive_coverage_audit_refresh/data/current_state_archive_file_list.txt|outputs/experiments/710_current_state_archive_coverage_audit_refresh/data/current_state_archive_coverage_audit_refresh.json|outputs/experiments/734_current_state_archive_coverage_audit_refresh/data/current_state_archive_file_list.txt|outputs/experiments/734_current_state_archive_coverage_audit_refresh/data/current_state_archive_coverage_audit_refresh.json,move directory then create compatibility symlink at original outputs/experiments path
699,commit_pr_summary_coordinate_default_audit_refresh,outputs/experiments/699_commit_pr_summary_coordinate_default_audit_refresh,13,docs/experiments/232_commit_pr_summary_coordinate_default_audit_refresh.md|outputs/experiments/703_commit_pr_summary_current_validation_after_coordinate_default_audit_refresh/commit_pr_summary_current_validation_after_coordinate_default_audit_refresh.md|outputs/experiments/701_current_coordinate_default_audit_refresh_state_audit/README.md|outputs/experiments/699_commit_pr_summary_coordinate_default_audit_refresh/commit_pr_summary_coordinate_default_audit_refresh.md|outputs/experiments/699_commit_pr_summary_coordinate_default_audit_refresh/run_manifest.json|outputs/experiments/700_next_action_queue_coordinate_default_audit_refresh/next_action_queue.md|outputs/experiments/722_current_state_archive_coverage_audit_refresh/data/current_state_archive_file_list.txt|outputs/experiments/722_current_state_archive_coverage_audit_refresh/data/current_state_archive_coverage_audit_refresh.json|outputs/experiments/701_current_coordinate_default_audit_refresh_state_audit/data/current_coordinate_default_audit_refresh_state_audit.json|outputs/experiments/710_current_state_archive_coverage_audit_refresh/data/current_state_archive_file_list.txt|outputs/experiments/710_current_state_archive_coverage_audit_refresh/data/current_state_archive_coverage_audit_refresh.json|outputs/experiments/734_current_state_archive_coverage_audit_refresh/data/current_state_archive_file_list.txt|outputs/experiments/734_current_state_archive_coverage_audit_refresh/data/current_state_archive_coverage_audit_refresh.json,move directory then create compatibility symlink at original outputs/experiments path
700,next_action_queue_coordinate_default_audit_refresh,outputs/experiments/700_next_action_queue_coordinate_default_audit_refresh,12,docs/experiments/233_next_action_queue_coordinate_default_audit_refresh.md|outputs/experiments/703_commit_pr_summary_current_validation_after_coordinate_default_audit_refresh/commit_pr_summary_current_validation_after_coordinate_default_audit_refresh.md|outputs/experiments/701_current_coordinate_default_audit_refresh_state_audit/README.md|outputs/experiments/700_next_action_queue_coordinate_default_audit_refresh/next_action_queue.md|outputs/experiments/700_next_action_queue_coordinate_default_audit_refresh/run_manifest.json|outputs/experiments/722_current_state_archive_coverage_audit_refresh/data/current_state_archive_file_list.txt|outputs/experiments/722_current_state_archive_coverage_audit_refresh/data/current_state_archive_coverage_audit_refresh.json|outputs/experiments/701_current_coordinate_default_audit_refresh_state_audit/data/current_coordinate_default_audit_refresh_state_audit.json|outputs/experiments/710_current_state_archive_coverage_audit_refresh/data/current_state_archive_file_list.txt|outputs/experiments/710_current_state_archive_coverage_audit_refresh/data/current_state_archive_coverage_audit_refresh.json|outputs/experiments/734_current_state_archive_coverage_audit_refresh/data/current_state_archive_file_list.txt|outputs/experiments/734_current_state_archive_coverage_audit_refresh/data/current_state_archive_coverage_audit_refresh.json,move directory then create compatibility symlink at original outputs/experiments path
701,current_coordinate_default_audit_refresh_state_audit,outputs/experiments/701_current_coordinate_default_audit_refresh_state_audit,11,docs/experiments/234_current_coordinate_default_audit_refresh_state_audit.md|outputs/experiments/707_commit_pr_summary_current_review_refresh/commit_pr_summary_current_review_refresh.md|outputs/experiments/703_commit_pr_summary_current_validation_after_coordinate_default_audit_refresh/commit_pr_summary_current_validation_after_coordinate_default_audit_refresh.md|outputs/experiments/704_next_action_queue_current_validation_after_coordinate_default_audit_refresh/next_action_queue.md|outputs/experiments/701_current_coordinate_default_audit_refresh_state_audit/run_manifest.json|outputs/experiments/722_current_state_archive_coverage_audit_refresh/data/current_state_archive_file_list.txt|outputs/experiments/722_current_state_archive_coverage_audit_refresh/data/current_state_archive_coverage_audit_refresh.json|outputs/experiments/710_current_state_archive_coverage_audit_refresh/data/current_state_archive_file_list.txt|outputs/experiments/710_current_state_archive_coverage_audit_refresh/data/current_state_archive_coverage_audit_refresh.json|outputs/experiments/734_current_state_archive_coverage_audit_refresh/data/current_state_archive_file_list.txt|outputs/experiments/734_current_state_archive_coverage_audit_refresh/data/current_state_archive_coverage_audit_refresh.json,move directory then create compatibility symlink at original outputs/experiments path
702,current_precommit_validation_after_coordinate_default_audit_refresh,outputs/experiments/702_current_precommit_validation_after_coordinate_default_audit_refresh,16,docs/experiments/235_current_precommit_validation_after_coordinate_default_audit_refresh.md|outputs/experiments/705_current_validation_after_coordinate_default_audit_state_audit/README.md|outputs/experiments/707_commit_pr_summary_current_review_refresh/commit_pr_summary_current_review_refresh.md|outputs/experiments/712_next_action_queue_current_archive_coverage_refresh/next_action_queue.md|outputs/experiments/711_commit_pr_summary_current_archive_coverage_refresh/commit_pr_summary_current_archive_coverage_refresh.md|outputs/experiments/703_commit_pr_summary_current_validation_after_coordinate_default_audit_refresh/commit_pr_summary_current_validation_after_coordinate_default_audit_refresh.md|outputs/experiments/704_next_action_queue_current_validation_after_coordinate_default_audit_refresh/next_action_queue.md|outputs/experiments/702_current_precommit_validation_after_coordinate_default_audit_refresh/run_manifest.json|outputs/experiments/708_next_action_queue_current_review_refresh/next_action_queue.md|outputs/experiments/722_current_state_archive_coverage_audit_refresh/data/current_state_archive_file_list.txt|outputs/experiments/722_current_state_archive_coverage_audit_refresh/data/current_state_archive_coverage_audit_refresh.json|outputs/experiments/710_current_state_archive_coverage_audit_refresh/data/current_state_archive_file_list.txt|outputs/experiments/710_current_state_archive_coverage_audit_refresh/data/current_state_archive_coverage_audit_refresh.json|outputs/experiments/734_current_state_archive_coverage_audit_refresh/data/current_state_archive_file_list.txt|outputs/experiments/734_current_state_archive_coverage_audit_refresh/data/current_state_archive_coverage_audit_refresh.json|outputs/experiments/705_current_validation_after_coordinate_default_audit_state_audit/data/current_validation_after_coordinate_default_audit_state_audit.json,move directory then create compatibility symlink at original outputs/experiments path
703,commit_pr_summary_current_validation_after_coordinate_default_audit_refresh,outputs/experiments/703_commit_pr_summary_current_validation_after_coordinate_default_audit_refresh,13,docs/experiments/236_commit_pr_summary_current_validation_after_coordinate_default_audit_refresh.md|outputs/experiments/705_current_validation_after_coordinate_default_audit_state_audit/README.md|outputs/experiments/707_commit_pr_summary_current_review_refresh/commit_pr_summary_current_review_refresh.md|outputs/experiments/703_commit_pr_summary_current_validation_after_coordinate_default_audit_refresh/run_manifest.json|outputs/experiments/703_commit_pr_summary_current_validation_after_coordinate_default_audit_refresh/commit_pr_summary_current_validation_after_coordinate_default_audit_refresh.md|outputs/experiments/704_next_action_queue_current_validation_after_coordinate_default_audit_refresh/next_action_queue.md|outputs/experiments/722_current_state_archive_coverage_audit_refresh/data/current_state_archive_file_list.txt|outputs/experiments/722_current_state_archive_coverage_audit_refresh/data/current_state_archive_coverage_audit_refresh.json|outputs/experiments/710_current_state_archive_coverage_audit_refresh/data/current_state_archive_file_list.txt|outputs/experiments/710_current_state_archive_coverage_audit_refresh/data/current_state_archive_coverage_audit_refresh.json|outputs/experiments/734_current_state_archive_coverage_audit_refresh/data/current_state_archive_file_list.txt|outputs/experiments/734_current_state_archive_coverage_audit_refresh/data/current_state_archive_coverage_audit_refresh.json|outputs/experiments/705_current_validation_after_coordinate_default_audit_state_audit/data/current_validation_after_coordinate_default_audit_state_audit.json,move directory then create compatibility symlink at original outputs/experiments path
704,next_action_queue_current_validation_after_coordinate_default_audit_refresh,outputs/experiments/704_next_action_queue_current_validation_after_coordinate_default_audit_refresh,12,docs/experiments/237_next_action_queue_current_validation_after_coordinate_default_audit_refresh.md|outputs/experiments/705_current_validation_after_coordinate_default_audit_state_audit/README.md|outputs/experiments/707_commit_pr_summary_current_review_refresh/commit_pr_summary_current_review_refresh.md|outputs/experiments/704_next_action_queue_current_validation_after_coordinate_default_audit_refresh/next_action_queue.md|outputs/experiments/704_next_action_queue_current_validation_after_coordinate_default_audit_refresh/run_manifest.json|outputs/experiments/722_current_state_archive_coverage_audit_refresh/data/current_state_archive_file_list.txt|outputs/experiments/722_current_state_archive_coverage_audit_refresh/data/current_state_archive_coverage_audit_refresh.json|outputs/experiments/710_current_state_archive_coverage_audit_refresh/data/current_state_archive_file_list.txt|outputs/experiments/710_current_state_archive_coverage_audit_refresh/data/current_state_archive_coverage_audit_refresh.json|outputs/experiments/734_current_state_archive_coverage_audit_refresh/data/current_state_archive_file_list.txt|outputs/experiments/734_current_state_archive_coverage_audit_refresh/data/current_state_archive_coverage_audit_refresh.json|outputs/experiments/705_current_validation_after_coordinate_default_audit_state_audit/data/current_validation_after_coordinate_default_audit_state_audit.json,move directory then create compatibility symlink at original outputs/experiments path
705,current_validation_after_coordinate_default_audit_state_audit,outputs/experiments/705_current_validation_after_coordinate_default_audit_state_audit,11,docs/experiments/238_current_validation_after_coordinate_default_audit_state_audit.md|outputs/experiments/705_current_validation_after_coordinate_default_audit_state_audit/run_manifest.json|outputs/experiments/707_commit_pr_summary_current_review_refresh/commit_pr_summary_current_review_refresh.md|outputs/experiments/711_commit_pr_summary_current_archive_coverage_refresh/commit_pr_summary_current_archive_coverage_refresh.md|outputs/experiments/708_next_action_queue_current_review_refresh/next_action_queue.md|outputs/experiments/722_current_state_archive_coverage_audit_refresh/data/current_state_archive_file_list.txt|outputs/experiments/722_current_state_archive_coverage_audit_refresh/data/current_state_archive_coverage_audit_refresh.json|outputs/experiments/710_current_state_archive_coverage_audit_refresh/data/current_state_archive_file_list.txt|outputs/experiments/710_current_state_archive_coverage_audit_refresh/data/current_state_archive_coverage_audit_refresh.json|outputs/experiments/734_current_state_archive_coverage_audit_refresh/data/current_state_archive_file_list.txt|outputs/experiments/734_current_state_archive_coverage_audit_refresh/data/current_state_archive_coverage_audit_refresh.json,move directory then create compatibility symlink at original outputs/experiments path
706,code_self_review_current_validation_checkpoint,outputs/experiments/706_code_self_review_current_validation_checkpoint,16,docs/experiments/239_code_self_review_current_validation_checkpoint.md|outputs/experiments/706_code_self_review_current_validation_checkpoint/run_manifest.json|outputs/experiments/707_commit_pr_summary_current_review_refresh/commit_pr_summary_current_review_refresh.md|outputs/experiments/712_next_action_queue_current_archive_coverage_refresh/next_action_queue.md|outputs/experiments/716_next_action_queue_current_validation_refresh/next_action_queue.md|outputs/experiments/711_commit_pr_summary_current_archive_coverage_refresh/commit_pr_summary_current_archive_coverage_refresh.md|outputs/experiments/715_commit_pr_summary_current_validation_refresh/commit_pr_summary_current_validation_refresh.md|outputs/experiments/708_next_action_queue_current_review_refresh/next_action_queue.md|outputs/experiments/709_current_review_refresh_state_audit/README.md|outputs/experiments/722_current_state_archive_coverage_audit_refresh/data/current_state_archive_file_list.txt|outputs/experiments/722_current_state_archive_coverage_audit_refresh/data/current_state_archive_coverage_audit_refresh.json|outputs/experiments/709_current_review_refresh_state_audit/data/current_review_refresh_state_audit.json|outputs/experiments/710_current_state_archive_coverage_audit_refresh/data/current_state_archive_file_list.txt|outputs/experiments/710_current_state_archive_coverage_audit_refresh/data/current_state_archive_coverage_audit_refresh.json|outputs/experiments/734_current_state_archive_coverage_audit_refresh/data/current_state_archive_file_list.txt|outputs/experiments/734_current_state_archive_coverage_audit_refresh/data/current_state_archive_coverage_audit_refresh.json,move directory then create compatibility symlink at original outputs/experiments path
707,commit_pr_summary_current_review_refresh,outputs/experiments/707_commit_pr_summary_current_review_refresh,13,docs/experiments/240_commit_pr_summary_current_review_refresh.md|outputs/experiments/707_commit_pr_summary_current_review_refresh/run_manifest.json|outputs/experiments/707_commit_pr_summary_current_review_refresh/commit_pr_summary_current_review_refresh.md|outputs/experiments/711_commit_pr_summary_current_archive_coverage_refresh/commit_pr_summary_current_archive_coverage_refresh.md|outputs/experiments/708_next_action_queue_current_review_refresh/next_action_queue.md|outputs/experiments/709_current_review_refresh_state_audit/README.md|outputs/experiments/722_current_state_archive_coverage_audit_refresh/data/current_state_archive_file_list.txt|outputs/experiments/722_current_state_archive_coverage_audit_refresh/data/current_state_archive_coverage_audit_refresh.json|outputs/experiments/709_current_review_refresh_state_audit/data/current_review_refresh_state_audit.json|outputs/experiments/710_current_state_archive_coverage_audit_refresh/data/current_state_archive_file_list.txt|outputs/experiments/710_current_state_archive_coverage_audit_refresh/data/current_state_archive_coverage_audit_refresh.json|outputs/experiments/734_current_state_archive_coverage_audit_refresh/data/current_state_archive_file_list.txt|outputs/experiments/734_current_state_archive_coverage_audit_refresh/data/current_state_archive_coverage_audit_refresh.json,move directory then create compatibility symlink at original outputs/experiments path
708,next_action_queue_current_review_refresh,outputs/experiments/708_next_action_queue_current_review_refresh,12,docs/experiments/241_next_action_queue_current_review_refresh.md|outputs/experiments/711_commit_pr_summary_current_archive_coverage_refresh/commit_pr_summary_current_archive_coverage_refresh.md|outputs/experiments/708_next_action_queue_current_review_refresh/next_action_queue.md|outputs/experiments/708_next_action_queue_current_review_refresh/run_manifest.json|outputs/experiments/709_current_review_refresh_state_audit/README.md|outputs/experiments/722_current_state_archive_coverage_audit_refresh/data/current_state_archive_file_list.txt|outputs/experiments/722_current_state_archive_coverage_audit_refresh/data/current_state_archive_coverage_audit_refresh.json|outputs/experiments/709_current_review_refresh_state_audit/data/current_review_refresh_state_audit.json|outputs/experiments/710_current_state_archive_coverage_audit_refresh/data/current_state_archive_file_list.txt|outputs/experiments/710_current_state_archive_coverage_audit_refresh/data/current_state_archive_coverage_audit_refresh.json|outputs/experiments/734_current_state_archive_coverage_audit_refresh/data/current_state_archive_file_list.txt|outputs/experiments/734_current_state_archive_coverage_audit_refresh/data/current_state_archive_coverage_audit_refresh.json,move directory then create compatibility symlink at original outputs/experiments path
709,current_review_refresh_state_audit,outputs/experiments/709_current_review_refresh_state_audit,10,docs/experiments/242_current_review_refresh_state_audit.md|outputs/experiments/712_next_action_queue_current_archive_coverage_refresh/next_action_queue.md|outputs/experiments/711_commit_pr_summary_current_archive_coverage_refresh/commit_pr_summary_current_archive_coverage_refresh.md|outputs/experiments/709_current_review_refresh_state_audit/run_manifest.json|outputs/experiments/722_current_state_archive_coverage_audit_refresh/data/current_state_archive_file_list.txt|outputs/experiments/722_current_state_archive_coverage_audit_refresh/data/current_state_archive_coverage_audit_refresh.json|outputs/experiments/710_current_state_archive_coverage_audit_refresh/data/current_state_archive_file_list.txt|outputs/experiments/710_current_state_archive_coverage_audit_refresh/data/current_state_archive_coverage_audit_refresh.json|outputs/experiments/734_current_state_archive_coverage_audit_refresh/data/current_state_archive_file_list.txt|outputs/experiments/734_current_state_archive_coverage_audit_refresh/data/current_state_archive_coverage_audit_refresh.json,move directory then create compatibility symlink at original outputs/experiments path
710,current_state_archive_coverage_audit_refresh,outputs/experiments/710_current_state_archive_coverage_audit_refresh,16,docs/experiments/243_current_state_archive_coverage_audit_refresh.md|outputs/experiments/712_next_action_queue_current_archive_coverage_refresh/next_action_queue.md|outputs/experiments/716_next_action_queue_current_validation_refresh/next_action_queue.md|outputs/experiments/710_current_state_archive_coverage_audit_refresh/run_manifest.json|outputs/experiments/711_commit_pr_summary_current_archive_coverage_refresh/commit_pr_summary_current_archive_coverage_refresh.md|outputs/experiments/723_commit_pr_summary_current_archive_coverage_refresh/commit_pr_summary_current_archive_coverage_refresh.md|outputs/experiments/715_commit_pr_summary_current_validation_refresh/commit_pr_summary_current_validation_refresh.md|outputs/experiments/719_commit_pr_summary_current_review_refresh/commit_pr_summary_current_review_refresh.md|outputs/experiments/713_current_archive_coverage_refresh_state_audit/README.md|outputs/experiments/720_next_action_queue_current_review_refresh/next_action_queue.md|outputs/experiments/722_current_state_archive_coverage_audit_refresh/data/current_state_archive_file_list.txt|outputs/experiments/722_current_state_archive_coverage_audit_refresh/data/current_state_archive_coverage_audit_refresh.json|outputs/experiments/713_current_archive_coverage_refresh_state_audit/data/current_archive_coverage_refresh_state_audit.json|outputs/experiments/710_current_state_archive_coverage_audit_refresh/data/current_state_archive_coverage_audit_refresh.json|outputs/experiments/734_current_state_archive_coverage_audit_refresh/data/current_state_archive_file_list.txt|outputs/experiments/734_current_state_archive_coverage_audit_refresh/data/current_state_archive_coverage_audit_refresh.json,move directory then create compatibility symlink at original outputs/experiments path
711,commit_pr_summary_current_archive_coverage_refresh,outputs/experiments/711_commit_pr_summary_current_archive_coverage_refresh,11,docs/experiments/244_commit_pr_summary_current_archive_coverage_refresh.md|outputs/experiments/712_next_action_queue_current_archive_coverage_refresh/next_action_queue.md|outputs/experiments/711_commit_pr_summary_current_archive_coverage_refresh/run_manifest.json|outputs/experiments/711_commit_pr_summary_current_archive_coverage_refresh/commit_pr_summary_current_archive_coverage_refresh.md|outputs/experiments/715_commit_pr_summary_current_validation_refresh/commit_pr_summary_current_validation_refresh.md|outputs/experiments/713_current_archive_coverage_refresh_state_audit/README.md|outputs/experiments/722_current_state_archive_coverage_audit_refresh/data/current_state_archive_file_list.txt|outputs/experiments/722_current_state_archive_coverage_audit_refresh/data/current_state_archive_coverage_audit_refresh.json|outputs/experiments/713_current_archive_coverage_refresh_state_audit/data/current_archive_coverage_refresh_state_audit.json|outputs/experiments/734_current_state_archive_coverage_audit_refresh/data/current_state_archive_file_list.txt|outputs/experiments/734_current_state_archive_coverage_audit_refresh/data/current_state_archive_coverage_audit_refresh.json,move directory then create compatibility symlink at original outputs/experiments path
712,next_action_queue_current_archive_coverage_refresh,outputs/experiments/712_next_action_queue_current_archive_coverage_refresh,10,docs/experiments/245_next_action_queue_current_archive_coverage_refresh.md|outputs/experiments/712_next_action_queue_current_archive_coverage_refresh/next_action_queue.md|outputs/experiments/712_next_action_queue_current_archive_coverage_refresh/run_manifest.json|outputs/experiments/715_commit_pr_summary_current_validation_refresh/commit_pr_summary_current_validation_refresh.md|outputs/experiments/713_current_archive_coverage_refresh_state_audit/README.md|outputs/experiments/722_current_state_archive_coverage_audit_refresh/data/current_state_archive_file_list.txt|outputs/experiments/722_current_state_archive_coverage_audit_refresh/data/current_state_archive_coverage_audit_refresh.json|outputs/experiments/713_current_archive_coverage_refresh_state_audit/data/current_archive_coverage_refresh_state_audit.json|outputs/experiments/734_current_state_archive_coverage_audit_refresh/data/current_state_archive_file_list.txt|outputs/experiments/734_current_state_archive_coverage_audit_refresh/data/current_state_archive_coverage_audit_refresh.json,move directory then create compatibility symlink at original outputs/experiments path
713,current_archive_coverage_refresh_state_audit,outputs/experiments/713_current_archive_coverage_refresh_state_audit,9,docs/experiments/246_current_archive_coverage_refresh_state_audit.md|outputs/experiments/716_next_action_queue_current_validation_refresh/next_action_queue.md|outputs/experiments/715_commit_pr_summary_current_validation_refresh/commit_pr_summary_current_validation_refresh.md|outputs/experiments/719_commit_pr_summary_current_review_refresh/commit_pr_summary_current_review_refresh.md|outputs/experiments/713_current_archive_coverage_refresh_state_audit/run_manifest.json|outputs/experiments/722_current_state_archive_coverage_audit_refresh/data/current_state_archive_file_list.txt|outputs/experiments/722_current_state_archive_coverage_audit_refresh/data/current_state_archive_coverage_audit_refresh.json|outputs/experiments/734_current_state_archive_coverage_audit_refresh/data/current_state_archive_file_list.txt|outputs/experiments/734_current_state_archive_coverage_audit_refresh/data/current_state_archive_coverage_audit_refresh.json,move directory then create compatibility symlink at original outputs/experiments path
714,current_precommit_validation_after_archive_coverage_refresh,outputs/experiments/714_current_precommit_validation_after_archive_coverage_refresh,15,docs/experiments/247_current_precommit_validation_after_archive_coverage_refresh.md|outputs/experiments/717_current_validation_refresh_state_audit/README.md|outputs/experiments/716_next_action_queue_current_validation_refresh/next_action_queue.md|outputs/experiments/723_commit_pr_summary_current_archive_coverage_refresh/commit_pr_summary_current_archive_coverage_refresh.md|outputs/experiments/715_commit_pr_summary_current_validation_refresh/commit_pr_summary_current_validation_refresh.md|outputs/experiments/719_commit_pr_summary_current_review_refresh/commit_pr_summary_current_review_refresh.md|outputs/experiments/714_current_precommit_validation_after_archive_coverage_refresh/run_manifest.json|outputs/experiments/724_next_action_queue_current_archive_coverage_refresh/next_action_queue.md|outputs/experiments/720_next_action_queue_current_review_refresh/next_action_queue.md|outputs/experiments/722_current_state_archive_coverage_audit_refresh/data/current_state_archive_file_list.txt|outputs/experiments/722_current_state_archive_coverage_audit_refresh/data/current_state_archive_coverage_audit_refresh.json|outputs/experiments/714_current_precommit_validation_after_archive_coverage_refresh/data/current_precommit_validation_after_archive_coverage_refresh.json|outputs/experiments/734_current_state_archive_coverage_audit_refresh/data/current_state_archive_file_list.txt|outputs/experiments/734_current_state_archive_coverage_audit_refresh/data/current_state_archive_coverage_audit_refresh.json|outputs/experiments/717_current_validation_refresh_state_audit/data/current_validation_refresh_state_audit.json,move directory then create compatibility symlink at original outputs/experiments path
715,commit_pr_summary_current_validation_refresh,outputs/experiments/715_commit_pr_summary_current_validation_refresh,11,docs/experiments/248_commit_pr_summary_current_validation_refresh.md|outputs/experiments/717_current_validation_refresh_state_audit/README.md|outputs/experiments/716_next_action_queue_current_validation_refresh/next_action_queue.md|outputs/experiments/715_commit_pr_summary_current_validation_refresh/commit_pr_summary_current_validation_refresh.md|outputs/experiments/715_commit_pr_summary_current_validation_refresh/run_manifest.json|outputs/experiments/719_commit_pr_summary_current_review_refresh/commit_pr_summary_current_review_refresh.md|outputs/experiments/722_current_state_archive_coverage_audit_refresh/data/current_state_archive_file_list.txt|outputs/experiments/722_current_state_archive_coverage_audit_refresh/data/current_state_archive_coverage_audit_refresh.json|outputs/experiments/734_current_state_archive_coverage_audit_refresh/data/current_state_archive_file_list.txt|outputs/experiments/734_current_state_archive_coverage_audit_refresh/data/current_state_archive_coverage_audit_refresh.json|outputs/experiments/717_current_validation_refresh_state_audit/data/current_validation_refresh_state_audit.json,move directory then create compatibility symlink at original outputs/experiments path
716,next_action_queue_current_validation_refresh,outputs/experiments/716_next_action_queue_current_validation_refresh,10,docs/experiments/249_next_action_queue_current_validation_refresh.md|outputs/experiments/717_current_validation_refresh_state_audit/README.md|outputs/experiments/716_next_action_queue_current_validation_refresh/next_action_queue.md|outputs/experiments/716_next_action_queue_current_validation_refresh/run_manifest.json|outputs/experiments/719_commit_pr_summary_current_review_refresh/commit_pr_summary_current_review_refresh.md|outputs/experiments/722_current_state_archive_coverage_audit_refresh/data/current_state_archive_file_list.txt|outputs/experiments/722_current_state_archive_coverage_audit_refresh/data/current_state_archive_coverage_audit_refresh.json|outputs/experiments/734_current_state_archive_coverage_audit_refresh/data/current_state_archive_file_list.txt|outputs/experiments/734_current_state_archive_coverage_audit_refresh/data/current_state_archive_coverage_audit_refresh.json|outputs/experiments/717_current_validation_refresh_state_audit/data/current_validation_refresh_state_audit.json,move directory then create compatibility symlink at original outputs/experiments path
717,current_validation_refresh_state_audit,outputs/experiments/717_current_validation_refresh_state_audit,8,docs/experiments/250_current_validation_refresh_state_audit.md|outputs/experiments/717_current_validation_refresh_state_audit/run_manifest.json|outputs/experiments/719_commit_pr_summary_current_review_refresh/commit_pr_summary_current_review_refresh.md|outputs/experiments/720_next_action_queue_current_review_refresh/next_action_queue.md|outputs/experiments/722_current_state_archive_coverage_audit_refresh/data/current_state_archive_file_list.txt|outputs/experiments/722_current_state_archive_coverage_audit_refresh/data/current_state_archive_coverage_audit_refresh.json|outputs/experiments/734_current_state_archive_coverage_audit_refresh/data/current_state_archive_file_list.txt|outputs/experiments/734_current_state_archive_coverage_audit_refresh/data/current_state_archive_coverage_audit_refresh.json,move directory then create compatibility symlink at original outputs/experiments path
718,code_self_review_current_validation_refresh,outputs/experiments/718_code_self_review_current_validation_refresh,27,docs/experiments/251_code_self_review_current_validation_refresh.md|outputs/experiments/718_code_self_review_current_validation_refresh/run_manifest.json|outputs/experiments/728_next_action_queue_current_validation_refresh/next_action_queue.md|outputs/experiments/727_commit_pr_summary_current_validation_refresh/commit_pr_summary_current_validation_refresh.md|outputs/experiments/738_post_archive_coverage_audit_resume_checkpoint/README.md|outputs/experiments/738_post_archive_coverage_audit_resume_checkpoint/run_manifest.json|outputs/experiments/731_commit_pr_summary_current_manuscript_validation_refresh/run_manifest.json|outputs/experiments/731_commit_pr_summary_current_manuscript_validation_refresh/commit_pr_summary_current_manuscript_validation_refresh.md|outputs/experiments/732_next_action_queue_current_manuscript_validation_refresh/next_action_queue.md|outputs/experiments/732_next_action_queue_current_manuscript_validation_refresh/run_manifest.json|outputs/experiments/562_imrad_manuscript_draft/manuscript_draft.md|outputs/experiments/735_commit_pr_summary_current_archive_coverage_refresh/commit_pr_summary_current_archive_coverage_refresh.md|outputs/experiments/723_commit_pr_summary_current_archive_coverage_refresh/commit_pr_summary_current_archive_coverage_refresh.md|outputs/experiments/736_next_action_queue_current_archive_coverage_refresh/next_action_queue.md|outputs/experiments/736_next_action_queue_current_archive_coverage_refresh/run_manifest.json|outputs/experiments/721_current_review_refresh_state_audit/README.md|outputs/experiments/719_commit_pr_summary_current_review_refresh/commit_pr_summary_current_review_refresh.md|outputs/experiments/724_next_action_queue_current_archive_coverage_refresh/next_action_queue.md|outputs/experiments/730_imrad_manuscript_current_validation_refresh/README.md|outputs/experiments/730_imrad_manuscript_current_validation_refresh/run_manifest.json|outputs/experiments/720_next_action_queue_current_review_refresh/next_action_queue.md|outputs/experiments/722_current_state_archive_coverage_audit_refresh/data/current_state_archive_file_list.txt|outputs/experiments/722_current_state_archive_coverage_audit_refresh/data/current_state_archive_coverage_audit_refresh.json|outputs/experiments/721_current_review_refresh_state_audit/data/current_review_refresh_state_audit.json|outputs/experiments/734_current_state_archive_coverage_audit_refresh/data/current_state_archive_file_list.txt|outputs/experiments/734_current_state_archive_coverage_audit_refresh/data/current_state_archive_coverage_audit_refresh.json|outputs/experiments/738_post_archive_coverage_audit_resume_checkpoint/data/post_archive_coverage_audit_resume_checkpoint.json,move directory then create compatibility symlink at original outputs/experiments path
719,commit_pr_summary_current_review_refresh,outputs/experiments/719_commit_pr_summary_current_review_refresh,11,docs/experiments/252_commit_pr_summary_current_review_refresh.md|outputs/experiments/723_commit_pr_summary_current_archive_coverage_refresh/commit_pr_summary_current_archive_coverage_refresh.md|outputs/experiments/721_current_review_refresh_state_audit/README.md|outputs/experiments/719_commit_pr_summary_current_review_refresh/run_manifest.json|outputs/experiments/719_commit_pr_summary_current_review_refresh/commit_pr_summary_current_review_refresh.md|outputs/experiments/720_next_action_queue_current_review_refresh/next_action_queue.md|outputs/experiments/722_current_state_archive_coverage_audit_refresh/data/current_state_archive_file_list.txt|outputs/experiments/722_current_state_archive_coverage_audit_refresh/data/current_state_archive_coverage_audit_refresh.json|outputs/experiments/721_current_review_refresh_state_audit/data/current_review_refresh_state_audit.json|outputs/experiments/734_current_state_archive_coverage_audit_refresh/data/current_state_archive_file_list.txt|outputs/experiments/734_current_state_archive_coverage_audit_refresh/data/current_state_archive_coverage_audit_refresh.json,move directory then create compatibility symlink at original outputs/experiments path
720,next_action_queue_current_review_refresh,outputs/experiments/720_next_action_queue_current_review_refresh,10,docs/experiments/253_next_action_queue_current_review_refresh.md|outputs/experiments/723_commit_pr_summary_current_archive_coverage_refresh/commit_pr_summary_current_archive_coverage_refresh.md|outputs/experiments/721_current_review_refresh_state_audit/README.md|outputs/experiments/720_next_action_queue_current_review_refresh/next_action_queue.md|outputs/experiments/720_next_action_queue_current_review_refresh/run_manifest.json|outputs/experiments/722_current_state_archive_coverage_audit_refresh/data/current_state_archive_file_list.txt|outputs/experiments/722_current_state_archive_coverage_audit_refresh/data/current_state_archive_coverage_audit_refresh.json|outputs/experiments/721_current_review_refresh_state_audit/data/current_review_refresh_state_audit.json|outputs/experiments/734_current_state_archive_coverage_audit_refresh/data/current_state_archive_file_list.txt|outputs/experiments/734_current_state_archive_coverage_audit_refresh/data/current_state_archive_coverage_audit_refresh.json,move directory then create compatibility symlink at original outputs/experiments path
721,current_review_refresh_state_audit,outputs/experiments/721_current_review_refresh_state_audit,8,docs/experiments/254_current_review_refresh_state_audit.md|outputs/experiments/723_commit_pr_summary_current_archive_coverage_refresh/commit_pr_summary_current_archive_coverage_refresh.md|outputs/experiments/721_current_review_refresh_state_audit/run_manifest.json|outputs/experiments/724_next_action_queue_current_archive_coverage_refresh/next_action_queue.md|outputs/experiments/722_current_state_archive_coverage_audit_refresh/data/current_state_archive_file_list.txt|outputs/experiments/722_current_state_archive_coverage_audit_refresh/data/current_state_archive_coverage_audit_refresh.json|outputs/experiments/734_current_state_archive_coverage_audit_refresh/data/current_state_archive_file_list.txt|outputs/experiments/734_current_state_archive_coverage_audit_refresh/data/current_state_archive_coverage_audit_refresh.json,move directory then create compatibility symlink at original outputs/experiments path
722,current_state_archive_coverage_audit_refresh,outputs/experiments/722_current_state_archive_coverage_audit_refresh,17,docs/experiments/255_current_state_archive_coverage_audit_refresh.md|outputs/experiments/728_next_action_queue_current_validation_refresh/next_action_queue.md|outputs/experiments/727_commit_pr_summary_current_validation_refresh/commit_pr_summary_current_validation_refresh.md|outputs/experiments/731_commit_pr_summary_current_manuscript_validation_refresh/run_manifest.json|outputs/experiments/731_commit_pr_summary_current_manuscript_validation_refresh/commit_pr_summary_current_manuscript_validation_refresh.md|outputs/experiments/732_next_action_queue_current_manuscript_validation_refresh/next_action_queue.md|outputs/experiments/732_next_action_queue_current_manuscript_validation_refresh/run_manifest.json|outputs/experiments/562_imrad_manuscript_draft/manuscript_draft.md|outputs/experiments/723_commit_pr_summary_current_archive_coverage_refresh/commit_pr_summary_current_archive_coverage_refresh.md|outputs/experiments/725_current_archive_coverage_refresh_state_audit/README.md|outputs/experiments/724_next_action_queue_current_archive_coverage_refresh/next_action_queue.md|outputs/experiments/730_imrad_manuscript_current_validation_refresh/README.md|outputs/experiments/730_imrad_manuscript_current_validation_refresh/run_manifest.json|outputs/experiments/722_current_state_archive_coverage_audit_refresh/run_manifest.json|outputs/experiments/725_current_archive_coverage_refresh_state_audit/data/current_archive_coverage_refresh_state_audit.json|outputs/experiments/734_current_state_archive_coverage_audit_refresh/data/current_state_archive_file_list.txt|outputs/experiments/734_current_state_archive_coverage_audit_refresh/data/current_state_archive_coverage_audit_refresh.json,move directory then create compatibility symlink at original outputs/experiments path
723,commit_pr_summary_current_archive_coverage_refresh,outputs/experiments/723_commit_pr_summary_current_archive_coverage_refresh,9,docs/experiments/256_commit_pr_summary_current_archive_coverage_refresh.md|outputs/experiments/727_commit_pr_summary_current_validation_refresh/commit_pr_summary_current_validation_refresh.md|outputs/experiments/723_commit_pr_summary_current_archive_coverage_refresh/run_manifest.json|outputs/experiments/723_commit_pr_summary_current_archive_coverage_refresh/commit_pr_summary_current_archive_coverage_refresh.md|outputs/experiments/725_current_archive_coverage_refresh_state_audit/README.md|outputs/experiments/724_next_action_queue_current_archive_coverage_refresh/next_action_queue.md|outputs/experiments/725_current_archive_coverage_refresh_state_audit/data/current_archive_coverage_refresh_state_audit.json|outputs/experiments/734_current_state_archive_coverage_audit_refresh/data/current_state_archive_file_list.txt|outputs/experiments/734_current_state_archive_coverage_audit_refresh/data/current_state_archive_coverage_audit_refresh.json,move directory then create compatibility symlink at original outputs/experiments path
724,next_action_queue_current_archive_coverage_refresh,outputs/experiments/724_next_action_queue_current_archive_coverage_refresh,8,docs/experiments/257_next_action_queue_current_archive_coverage_refresh.md|outputs/experiments/727_commit_pr_summary_current_validation_refresh/commit_pr_summary_current_validation_refresh.md|outputs/experiments/725_current_archive_coverage_refresh_state_audit/README.md|outputs/experiments/724_next_action_queue_current_archive_coverage_refresh/next_action_queue.md|outputs/experiments/724_next_action_queue_current_archive_coverage_refresh/run_manifest.json|outputs/experiments/725_current_archive_coverage_refresh_state_audit/data/current_archive_coverage_refresh_state_audit.json|outputs/experiments/734_current_state_archive_coverage_audit_refresh/data/current_state_archive_file_list.txt|outputs/experiments/734_current_state_archive_coverage_audit_refresh/data/current_state_archive_coverage_audit_refresh.json,move directory then create compatibility symlink at original outputs/experiments path
725,current_archive_coverage_refresh_state_audit,outputs/experiments/725_current_archive_coverage_refresh_state_audit,6,docs/experiments/258_current_archive_coverage_refresh_state_audit.md|outputs/experiments/728_next_action_queue_current_validation_refresh/next_action_queue.md|outputs/experiments/727_commit_pr_summary_current_validation_refresh/commit_pr_summary_current_validation_refresh.md|outputs/experiments/725_current_archive_coverage_refresh_state_audit/run_manifest.json|outputs/experiments/734_current_state_archive_coverage_audit_refresh/data/current_state_archive_file_list.txt|outputs/experiments/734_current_state_archive_coverage_audit_refresh/data/current_state_archive_coverage_audit_refresh.json,move directory then create compatibility symlink at original outputs/experiments path
726,current_precommit_validation_after_archive_coverage_audit_refresh,outputs/experiments/726_current_precommit_validation_after_archive_coverage_audit_refresh,23,docs/experiments/259_current_precommit_validation_after_archive_coverage_audit_refresh.md|outputs/experiments/728_next_action_queue_current_validation_refresh/next_action_queue.md|outputs/experiments/727_commit_pr_summary_current_validation_refresh/commit_pr_summary_current_validation_refresh.md|outputs/experiments/738_post_archive_coverage_audit_resume_checkpoint/README.md|outputs/experiments/738_post_archive_coverage_audit_resume_checkpoint/run_manifest.json|outputs/experiments/729_current_validation_refresh_state_audit/README.md|outputs/experiments/731_commit_pr_summary_current_manuscript_validation_refresh/run_manifest.json|outputs/experiments/731_commit_pr_summary_current_manuscript_validation_refresh/commit_pr_summary_current_manuscript_validation_refresh.md|outputs/experiments/732_next_action_queue_current_manuscript_validation_refresh/next_action_queue.md|outputs/experiments/732_next_action_queue_current_manuscript_validation_refresh/run_manifest.json|outputs/experiments/562_imrad_manuscript_draft/manuscript_draft.md|outputs/experiments/735_commit_pr_summary_current_archive_coverage_refresh/run_manifest.json|outputs/experiments/735_commit_pr_summary_current_archive_coverage_refresh/commit_pr_summary_current_archive_coverage_refresh.md|outputs/experiments/736_next_action_queue_current_archive_coverage_refresh/next_action_queue.md|outputs/experiments/736_next_action_queue_current_archive_coverage_refresh/run_manifest.json|outputs/experiments/726_current_precommit_validation_after_archive_coverage_audit_refresh/run_manifest.json|outputs/experiments/730_imrad_manuscript_current_validation_refresh/README.md|outputs/experiments/730_imrad_manuscript_current_validation_refresh/run_manifest.json|outputs/experiments/726_current_precommit_validation_after_archive_coverage_audit_refresh/data/current_precommit_validation_after_archive_coverage_audit_refresh.json|outputs/experiments/734_current_state_archive_coverage_audit_refresh/data/current_state_archive_file_list.txt|outputs/experiments/734_current_state_archive_coverage_audit_refresh/data/current_state_archive_coverage_audit_refresh.json|outputs/experiments/729_current_validation_refresh_state_audit/data/current_validation_refresh_state_audit.json|outputs/experiments/738_post_archive_coverage_audit_resume_checkpoint/data/post_archive_coverage_audit_resume_checkpoint.json,move directory then create compatibility symlink at original outputs/experiments path
727,commit_pr_summary_current_validation_refresh,outputs/experiments/727_commit_pr_summary_current_validation_refresh,13,docs/experiments/260_commit_pr_summary_current_validation_refresh.md|outputs/experiments/728_next_action_queue_current_validation_refresh/next_action_queue.md|outputs/experiments/727_commit_pr_summary_current_validation_refresh/commit_pr_summary_current_validation_refresh.md|outputs/experiments/727_commit_pr_summary_current_validation_refresh/run_manifest.json|outputs/experiments/729_current_validation_refresh_state_audit/README.md|outputs/experiments/731_commit_pr_summary_current_manuscript_validation_refresh/run_manifest.json|outputs/experiments/731_commit_pr_summary_current_manuscript_validation_refresh/commit_pr_summary_current_manuscript_validation_refresh.md|outputs/experiments/562_imrad_manuscript_draft/manuscript_draft.md|outputs/experiments/730_imrad_manuscript_current_validation_refresh/README.md|outputs/experiments/730_imrad_manuscript_current_validation_refresh/run_manifest.json|outputs/experiments/734_current_state_archive_coverage_audit_refresh/data/current_state_archive_file_list.txt|outputs/experiments/734_current_state_archive_coverage_audit_refresh/data/current_state_archive_coverage_audit_refresh.json|outputs/experiments/729_current_validation_refresh_state_audit/data/current_validation_refresh_state_audit.json,move directory then create compatibility symlink at original outputs/experiments path
728,next_action_queue_current_validation_refresh,outputs/experiments/728_next_action_queue_current_validation_refresh,11,docs/experiments/261_next_action_queue_current_validation_refresh.md|outputs/experiments/728_next_action_queue_current_validation_refresh/next_action_queue.md|outputs/experiments/728_next_action_queue_current_validation_refresh/run_manifest.json|outputs/experiments/729_current_validation_refresh_state_audit/README.md|outputs/experiments/731_commit_pr_summary_current_manuscript_validation_refresh/commit_pr_summary_current_manuscript_validation_refresh.md|outputs/experiments/562_imrad_manuscript_draft/manuscript_draft.md|outputs/experiments/730_imrad_manuscript_current_validation_refresh/README.md|outputs/experiments/730_imrad_manuscript_current_validation_refresh/run_manifest.json|outputs/experiments/734_current_state_archive_coverage_audit_refresh/data/current_state_archive_file_list.txt|outputs/experiments/734_current_state_archive_coverage_audit_refresh/data/current_state_archive_coverage_audit_refresh.json|outputs/experiments/729_current_validation_refresh_state_audit/data/current_validation_refresh_state_audit.json,move directory then create compatibility symlink at original outputs/experiments path
729,current_validation_refresh_state_audit,outputs/experiments/729_current_validation_refresh_state_audit,11,docs/experiments/262_current_validation_refresh_state_audit.md|outputs/experiments/729_current_validation_refresh_state_audit/run_manifest.json|outputs/experiments/731_commit_pr_summary_current_manuscript_validation_refresh/run_manifest.json|outputs/experiments/731_commit_pr_summary_current_manuscript_validation_refresh/commit_pr_summary_current_manuscript_validation_refresh.md|outputs/experiments/732_next_action_queue_current_manuscript_validation_refresh/next_action_queue.md|outputs/experiments/732_next_action_queue_current_manuscript_validation_refresh/run_manifest.json|outputs/experiments/562_imrad_manuscript_draft/manuscript_draft.md|outputs/experiments/730_imrad_manuscript_current_validation_refresh/README.md|outputs/experiments/730_imrad_manuscript_current_validation_refresh/run_manifest.json|outputs/experiments/734_current_state_archive_coverage_audit_refresh/data/current_state_archive_file_list.txt|outputs/experiments/734_current_state_archive_coverage_audit_refresh/data/current_state_archive_coverage_audit_refresh.json,move directory then create compatibility symlink at original outputs/experiments path
730,imrad_manuscript_current_validation_refresh,outputs/experiments/730_imrad_manuscript_current_validation_refresh,20,docs/experiments/263_imrad_manuscript_current_validation_refresh.md|outputs/experiments/738_post_archive_coverage_audit_resume_checkpoint/README.md|outputs/experiments/738_post_archive_coverage_audit_resume_checkpoint/run_manifest.json|outputs/experiments/731_commit_pr_summary_current_manuscript_validation_refresh/run_manifest.json|outputs/experiments/731_commit_pr_summary_current_manuscript_validation_refresh/commit_pr_summary_current_manuscript_validation_refresh.md|outputs/experiments/732_next_action_queue_current_manuscript_validation_refresh/next_action_queue.md|outputs/experiments/732_next_action_queue_current_manuscript_validation_refresh/run_manifest.json|outputs/experiments/562_imrad_manuscript_draft/manuscript_draft.md|outputs/experiments/735_commit_pr_summary_current_archive_coverage_refresh/run_manifest.json|outputs/experiments/735_commit_pr_summary_current_archive_coverage_refresh/commit_pr_summary_current_archive_coverage_refresh.md|outputs/experiments/733_current_manuscript_validation_refresh_state_audit/README.md|outputs/experiments/733_current_manuscript_validation_refresh_state_audit/run_manifest.json|outputs/experiments/736_next_action_queue_current_archive_coverage_refresh/next_action_queue.md|outputs/experiments/736_next_action_queue_current_archive_coverage_refresh/run_manifest.json|outputs/experiments/730_imrad_manuscript_current_validation_refresh/README.md|outputs/experiments/730_imrad_manuscript_current_validation_refresh/run_manifest.json|outputs/experiments/733_current_manuscript_validation_refresh_state_audit/data/current_manuscript_validation_refresh_state_audit.json|outputs/experiments/734_current_state_archive_coverage_audit_refresh/data/current_state_archive_file_list.txt|outputs/experiments/734_current_state_archive_coverage_audit_refresh/data/current_state_archive_coverage_audit_refresh.json|outputs/experiments/738_post_archive_coverage_audit_resume_checkpoint/data/post_archive_coverage_audit_resume_checkpoint.json,move directory then create compatibility symlink at original outputs/experiments path
731,commit_pr_summary_current_manuscript_validation_refresh,outputs/experiments/731_commit_pr_summary_current_manuscript_validation_refresh,13,docs/experiments/264_commit_pr_summary_current_manuscript_validation_refresh.md|outputs/experiments/731_commit_pr_summary_current_manuscript_validation_refresh/README.md|outputs/experiments/731_commit_pr_summary_current_manuscript_validation_refresh/run_manifest.json|outputs/experiments/731_commit_pr_summary_current_manuscript_validation_refresh/commit_pr_summary_current_manuscript_validation_refresh.md|outputs/experiments/732_next_action_queue_current_manuscript_validation_refresh/next_action_queue.md|outputs/experiments/732_next_action_queue_current_manuscript_validation_refresh/run_manifest.json|outputs/experiments/735_commit_pr_summary_current_archive_coverage_refresh/run_manifest.json|outputs/experiments/735_commit_pr_summary_current_archive_coverage_refresh/commit_pr_summary_current_archive_coverage_refresh.md|outputs/experiments/733_current_manuscript_validation_refresh_state_audit/README.md|outputs/experiments/733_current_manuscript_validation_refresh_state_audit/run_manifest.json|outputs/experiments/733_current_manuscript_validation_refresh_state_audit/data/current_manuscript_validation_refresh_state_audit.json|outputs/experiments/734_current_state_archive_coverage_audit_refresh/data/current_state_archive_file_list.txt|outputs/experiments/734_current_state_archive_coverage_audit_refresh/data/current_state_archive_coverage_audit_refresh.json,move directory then create compatibility symlink at original outputs/experiments path
732,next_action_queue_current_manuscript_validation_refresh,outputs/experiments/732_next_action_queue_current_manuscript_validation_refresh,10,docs/experiments/265_next_action_queue_current_manuscript_validation_refresh.md|outputs/experiments/732_next_action_queue_current_manuscript_validation_refresh/next_action_queue.md|outputs/experiments/732_next_action_queue_current_manuscript_validation_refresh/README.md|outputs/experiments/732_next_action_queue_current_manuscript_validation_refresh/run_manifest.json|outputs/experiments/735_commit_pr_summary_current_archive_coverage_refresh/commit_pr_summary_current_archive_coverage_refresh.md|outputs/experiments/733_current_manuscript_validation_refresh_state_audit/README.md|outputs/experiments/733_current_manuscript_validation_refresh_state_audit/run_manifest.json|outputs/experiments/733_current_manuscript_validation_refresh_state_audit/data/current_manuscript_validation_refresh_state_audit.json|outputs/experiments/734_current_state_archive_coverage_audit_refresh/data/current_state_archive_file_list.txt|outputs/experiments/734_current_state_archive_coverage_audit_refresh/data/current_state_archive_coverage_audit_refresh.json,move directory then create compatibility symlink at original outputs/experiments path
733,current_manuscript_validation_refresh_state_audit,outputs/experiments/733_current_manuscript_validation_refresh_state_audit,8,docs/experiments/266_current_manuscript_validation_refresh_state_audit.md|outputs/experiments/735_commit_pr_summary_current_archive_coverage_refresh/run_manifest.json|outputs/experiments/735_commit_pr_summary_current_archive_coverage_refresh/commit_pr_summary_current_archive_coverage_refresh.md|outputs/experiments/733_current_manuscript_validation_refresh_state_audit/run_manifest.json|outputs/experiments/736_next_action_queue_current_archive_coverage_refresh/next_action_queue.md|outputs/experiments/736_next_action_queue_current_archive_coverage_refresh/run_manifest.json|outputs/experiments/734_current_state_archive_coverage_audit_refresh/data/current_state_archive_file_list.txt|outputs/experiments/734_current_state_archive_coverage_audit_refresh/data/current_state_archive_coverage_audit_refresh.json,move directory then create compatibility symlink at original outputs/experiments path
734,current_state_archive_coverage_audit_refresh,outputs/experiments/734_current_state_archive_coverage_audit_refresh,12,docs/experiments/267_current_state_archive_coverage_audit_refresh.md|outputs/experiments/738_post_archive_coverage_audit_resume_checkpoint/README.md|outputs/experiments/738_post_archive_coverage_audit_resume_checkpoint/run_manifest.json|outputs/experiments/734_current_state_archive_coverage_audit_refresh/run_manifest.json|outputs/experiments/737_current_archive_coverage_refresh_state_audit/README.md|outputs/experiments/737_current_archive_coverage_refresh_state_audit/run_manifest.json|outputs/experiments/735_commit_pr_summary_current_archive_coverage_refresh/run_manifest.json|outputs/experiments/735_commit_pr_summary_current_archive_coverage_refresh/commit_pr_summary_current_archive_coverage_refresh.md|outputs/experiments/736_next_action_queue_current_archive_coverage_refresh/next_action_queue.md|outputs/experiments/736_next_action_queue_current_archive_coverage_refresh/run_manifest.json|outputs/experiments/737_current_archive_coverage_refresh_state_audit/data/current_archive_coverage_refresh_state_audit.json|outputs/experiments/738_post_archive_coverage_audit_resume_checkpoint/data/post_archive_coverage_audit_resume_checkpoint.json,move directory then create compatibility symlink at original outputs/experiments path
735,commit_pr_summary_current_archive_coverage_refresh,outputs/experiments/735_commit_pr_summary_current_archive_coverage_refresh,12,docs/experiments/268_commit_pr_summary_current_archive_coverage_refresh.md|outputs/experiments/738_post_archive_coverage_audit_resume_checkpoint/README.md|outputs/experiments/738_post_archive_coverage_audit_resume_checkpoint/run_manifest.json|outputs/experiments/737_current_archive_coverage_refresh_state_audit/README.md|outputs/experiments/737_current_archive_coverage_refresh_state_audit/run_manifest.json|outputs/experiments/735_commit_pr_summary_current_archive_coverage_refresh/README.md|outputs/experiments/735_commit_pr_summary_current_archive_coverage_refresh/run_manifest.json|outputs/experiments/735_commit_pr_summary_current_archive_coverage_refresh/commit_pr_summary_current_archive_coverage_refresh.md|outputs/experiments/736_next_action_queue_current_archive_coverage_refresh/next_action_queue.md|outputs/experiments/736_next_action_queue_current_archive_coverage_refresh/run_manifest.json|outputs/experiments/737_current_archive_coverage_refresh_state_audit/data/current_archive_coverage_refresh_state_audit.json|outputs/experiments/738_post_archive_coverage_audit_resume_checkpoint/data/post_archive_coverage_audit_resume_checkpoint.json,move directory then create compatibility symlink at original outputs/experiments path
