case_label,branch_key,seed,case_variant,run_name,config_key,combo_index,candidate_ranks,candidate_x_values_mm,candidate_z_values_mm,unique_truth_hit_count,unique_all_truths_within_tolerance,unique_target0_hit,unique_target1_hit,unique_target2_hit,assigned_truth_ranks,score_sum,score_span_bonus,score_min,score_min_span,score_balanced,score_mask,best_mask_time_offset_ps,x_span_mm,gap_balance_mm,component_score_values,score_component_sum,score_component_min,score_component_mean_min,score_component_floor_span,score_component_balanced,score_component_left_floor,score_hybrid_span_component,geometry_family_label,x_span_mm_numeric,signed_gap_mm,x_center_mm_numeric,span_target_mm,signed_gap_target_mm,center_target_mm,span_prior_score,signed_gap_prior_score,center_prior_score,rank_sum_score,max_rank_score,rank_sum_numeric,max_rank_numeric,unique_truth_hit_count_numeric,unique_all_truths_bool,unique_target0_bool,unique_target1_bool,unique_target2_bool,selector_label,selector_score,failure_label
target2_close14|seed13|nominal,target2_close14,13,nominal,local2d_detector_baseline_target2_close14_seed13_nominal_cpu,mean_top20_moderate12_baseline,74,"14,6,1","186,249,265","77,93,85",2,False,False,True,True,"1,2,3",2.8632554118074767,3.2582554118074767,0.7308838044433662,0.9283838044433662,3.1557554118074767,0.47270184961069517,550.0,79.0,47.0,"0.225635,0.319251,0.366497",0.9113821965510092,0.22563480603849811,0.5294288715555011,0.4231348060384981,1.4295170025895072,0.6882696120769962,3.4838902178459747,right_close_pair,79.0,-47.0,233.33333333333334,74.0,-45.0,235.0,-0.05,-0.02,-0.016666666666666573,-0.35,-0.7,21.0,14.0,2,False,False,True,True,base_current,1.2332032115306153,missing_target0
target2_close14|seed13|source_mismatch,target2_close14,13,source_mismatch,local2d_detector_baseline_target2_close14_seed13_source_mismatch_cpu,mean_top20_moderate12_baseline,177,"9,3,2","188,250,266","85,78,90",2,False,True,False,True,"1,2,3",2.6770437451642013,3.0670437451642014,0.7286023247660144,0.9236023247660143,2.966043745164201,0.48003695829688986,500.00000000000006,78.0,46.0,"0.237178,0.329088,0.326972",0.8932379516218885,0.2371779881276018,0.5349239720015646,0.4321779881276018,1.4194159397494903,0.7083559762552036,3.3042217332918034,right_close_pair,78.0,-46.0,234.66666666666666,74.0,-45.0,235.0,-0.04,-0.01,-0.003333333333333428,-0.23333333333333334,-0.45,14.0,9.0,2,False,True,False,True,base_current,1.264052316533106,missing_target1
target2_close14|seed21|nominal,target2_close14,21,nominal,local2d_detector_baseline_target2_close14_seed21_nominal_cpu,mean_top20_moderate12_baseline,59,"13,5,1","191,251,266","86,78,91",2,False,True,False,True,"1,2,3",2.8191976084551498,3.1941976084551498,0.7309313850055122,0.9184313850055122,3.0966976084551496,0.487780237660655,550.0,75.0,45.0,"0.231917,0.32277,0.373738",0.9284253257880678,0.23191724990224954,0.5413923584982722,0.41941724990224954,1.4378425756903175,0.6888344998044991,3.4261148583573995,right_close_pair,75.0,-45.0,236.0,74.0,-45.0,235.0,-0.01,-0.0,-0.01,-0.31666666666666665,-0.65,19.0,13.0,2,False,True,False,True,base_current,1.332977592849972,missing_target1
target2_close14|seed21|source_mismatch,target2_close14,21,source_mismatch,local2d_detector_baseline_target2_close14_seed21_source_mismatch_cpu,mean_top20_moderate12_baseline,5,"7,2,1","194,251,263","86,76,81",1,False,True,False,False,"1,2,3",2.859424977616671,3.2044249776166707,0.7669360419406708,0.9394360419406708,3.1129249776166708,0.4651270651484827,500.00000000000006,69.0,45.0,"0.237243,0.331463,0.359044",0.9277500427901954,0.23724334338096373,0.5464933576443621,0.40974334338096374,1.418493386171159,0.6814866867619275,3.441668320997634,right_close_pair,69.0,-45.0,236.0,74.0,-45.0,235.0,-0.05,-0.0,-0.01,-0.16666666666666666,-0.35,10.0,7.0,1,False,True,False,False,base_current,1.3364136906184398,missing_target1_target2
target2_close14|seed34|nominal,target2_close14,34,nominal,local2d_detector_baseline_target2_close14_seed34_nominal_cpu,mean_top20_moderate12_baseline,87,"14,7,1","190,248,260","85,89,87",3,True,True,True,True,"1,2,3",2.8295362786595444,3.1795362786595445,0.7515480934802559,0.9265480934802559,3.0865362786595445,0.4595054873263418,550.0,70.0,46.0,"0.23468,0.315625,0.369995",0.920299877814464,0.2346795731842756,0.5414461991224303,0.4096795731842756,1.4119794509987398,0.6793591463685512,3.41421585184382,right_close_pair,70.0,-46.0,232.66666666666666,74.0,-45.0,235.0,-0.04,-0.01,-0.023333333333333428,-0.36666666666666664,-0.7,22.0,14.0,3,True,True,True,True,base_current,1.2524995625348008,all_truth
target2_close14|seed34|source_mismatch,target2_close14,34,source_mismatch,local2d_detector_baseline_target2_close14_seed34_source_mismatch_cpu,mean_top20_moderate12_baseline,56,"10,5,1","188,247,261","83,85,83",3,True,True,True,True,"1,2,3",2.7480719149509296,3.11307191495093,0.7638384442755252,0.9463384442755252,3.0175719149509295,0.4832650428856328,500.00000000000006,73.0,45.0,"0.241816,0.314872,0.359934",0.9166223884988369,0.24181632622778124,0.5473571223940602,0.42431632622778126,1.4279387147266183,0.7026326524555624,3.354888241178711,right_close_pair,73.0,-45.0,232.0,74.0,-45.0,235.0,-0.01,-0.0,-0.03,-0.26666666666666666,-0.5,16.0,10.0,3,True,True,True,True,base_current,1.322280338932385,all_truth
target2_close50_linear29p5|seed13|nominal,target2_close50_linear29p5,13,nominal,local2d_detector_baseline_target2_close50_linear29p5_seed13_nominal_cpu,mean_top20_distinct20_baseline,173,"7,2,10","184,250,301","110,102,103",0,False,False,False,False,"1,2,3",2.4548562145627075,3.0398562145627075,0.6961858382628466,0.9886858382628466,2.9153562145627077,0.43962673057297463,500.00000000000006,117.0,15.0,"0.240955,0.333806,0.236775",0.8115360281965021,0.23677546046036657,0.5072874698592006,0.5292754604603666,1.5088114886568686,0.8287299996644817,3.276631675023074,wide_pair,117.0,-15.0,245.0,112.0,-15.0,250.0,-0.05,-0.0,-0.05,-0.31666666666666665,-0.5,19.0,10.0,0,False,False,False,False,base_current,1.3180654126663824,missing_target0_target1_target2
target2_close50_linear29p5|seed13|source_mismatch,target2_close50_linear29p5,13,source_mismatch,local2d_detector_baseline_target2_close50_linear29p5_seed13_source_mismatch_cpu,mean_top20_distinct20_baseline,282,"9,3,11","187,253,305","102,100,90",1,False,False,False,True,"1,2,3",2.242854421891026,2.832854421891026,0.6936938854049418,0.9886938854049419,2.707854421891026,0.41105747713130125,500.00000000000006,118.0,14.0,"0.226578,0.295307,0.23408",0.7559651203472638,0.2265778991083783,0.4785662725574662,0.5215778991083783,1.4475430194556422,0.8071557982167565,3.059432320999404,wide_pair,118.0,-14.0,248.33333333333334,112.0,-15.0,250.0,-0.06,-0.01,-0.016666666666666573,-0.38333333333333336,-0.55,23.0,11.0,1,False,False,False,True,base_current,1.196491307261035,missing_target0_target1
target2_close50_linear29p5|seed21|nominal,target2_close50_linear29p5,21,nominal,local2d_detector_baseline_target2_close50_linear29p5_seed21_nominal_cpu,mean_top20_distinct20_baseline,163,"18,1,16","188,253,303","97,101,109",1,False,True,False,False,"1,2,3",2.286085691775241,2.8610856917752407,0.6002755981958179,0.8877755981958179,2.738585691775241,0.4058625593623866,500.00000000000006,115.0,15.0,"0.19441,0.340286,0.215799",0.7504958325289971,0.19441038715420442,0.4445756646638701,0.4819103871542044,1.3974062196832016,0.7338207743084089,3.055496078929445,wide_pair,115.0,-15.0,248.0,112.0,-15.0,250.0,-0.03,-0.0,-0.02,-0.5833333333333334,-0.9,35.0,18.0,1,False,True,False,False,base_current,1.1874689922941566,missing_target1_target2
target2_close50_linear29p5|seed21|source_mismatch,target2_close50_linear29p5,21,source_mismatch,local2d_detector_baseline_target2_close50_linear29p5_seed21_source_mismatch_cpu,mean_top20_distinct20_baseline,261,"12,2,9","188,253,303","97,93,91",3,True,True,True,True,"1,2,3",2.3010081345113997,2.8760081345114,0.6841977995095918,0.9716977995095918,2.7535081345114,0.4173076525534148,500.00000000000006,115.0,15.0,"0.23061,0.335462,0.234971",0.8010426820734851,0.2306095590085883,0.4976237863664167,0.5181095590085882,1.4841522410820733,0.8062191180171765,3.106617693519988,wide_pair,115.0,-15.0,248.0,112.0,-15.0,250.0,-0.03,-0.0,-0.02,-0.38333333333333336,-0.6,23.0,12.0,3,True,True,True,True,base_current,1.276066325911701,all_truth
target2_close50_linear29p5|seed34|nominal,target2_close50_linear29p5,34,nominal,local2d_detector_baseline_target2_close50_linear29p5_seed34_nominal_cpu,mean_top20_distinct20_baseline,528,"13,4,10","185,251,303","109,75,93",1,False,False,False,True,"1,2,3",2.4170704657554447,3.0070704657554446,0.706081938611334,1.0010819386113339,2.8820704657554446,0.40248489687039185,667.0,118.0,14.0,"0.237345,0.333103,0.24377",0.8142175447014705,0.23734517211893488,0.5087510203527583,0.5323451721189348,1.5165627168204054,0.8286903442378697,3.2444156378743796,wide_pair,118.0,-14.0,246.33333333333334,112.0,-15.0,250.0,-0.06,-0.01,-0.03666666666666657,-0.45,-0.65,27.0,13.0,1,False,False,False,True,base_current,1.2523311526517453,missing_target0_target1
target2_close50_linear29p5|seed34|source_mismatch,target2_close50_linear29p5,34,source_mismatch,local2d_detector_baseline_target2_close50_linear29p5_seed34_source_mismatch_cpu,mean_top20_distinct20_baseline,230,"8,3,7","181,248,295","102,96,89",2,False,False,True,True,"1,2,3",2.3106638614135946,2.8806638614135944,0.7029100573339436,0.9879100573339437,2.7566638614135948,0.43705121762769317,500.00000000000006,114.0,20.0,"0.235081,0.315515,0.251097",0.8016924026712033,0.23508070269969167,0.5023115035900928,0.5200807026996916,1.482773105370895,0.8121614053993833,3.115744564113286,wide_pair,114.0,-20.0,241.33333333333334,112.0,-15.0,250.0,-0.02,-0.05,-0.08666666666666657,-0.3,-0.4,18.0,8.0,2,False,False,True,True,base_current,1.0872021321747714,missing_target0
target2_close14|seed13|nominal,target2_close14,13,nominal,local2d_detector_baseline_target2_close14_seed13_nominal_cpu,mean_top20_moderate12_baseline,74,"14,6,1","186,249,265","77,93,85",2,False,False,True,True,"1,2,3",2.8632554118074767,3.2582554118074767,0.7308838044433662,0.9283838044433662,3.1557554118074767,0.47270184961069517,550.0,79.0,47.0,"0.225635,0.319251,0.366497",0.9113821965510092,0.22563480603849811,0.5294288715555011,0.4231348060384981,1.4295170025895072,0.6882696120769962,3.4838902178459747,right_close_pair,79.0,-47.0,233.33333333333334,74.0,-45.0,235.0,-0.05,-0.02,-0.016666666666666573,-0.35,-0.7,21.0,14.0,2,False,False,True,True,ablation_drop_component_balanced,0.5184447102358617,missing_target0
target2_close14|seed13|source_mismatch,target2_close14,13,source_mismatch,local2d_detector_baseline_target2_close14_seed13_source_mismatch_cpu,mean_top20_moderate12_baseline,177,"9,3,2","188,250,266","85,78,90",2,False,True,False,True,"1,2,3",2.6770437451642013,3.0670437451642014,0.7286023247660144,0.9236023247660143,2.966043745164201,0.48003695829688986,500.00000000000006,78.0,46.0,"0.237178,0.329088,0.326972",0.8932379516218885,0.2371779881276018,0.5349239720015646,0.4321779881276018,1.4194159397494903,0.7083559762552036,3.3042217332918034,right_close_pair,78.0,-46.0,234.66666666666666,74.0,-45.0,235.0,-0.04,-0.01,-0.003333333333333428,-0.23333333333333334,-0.45,14.0,9.0,2,False,True,False,True,ablation_drop_component_balanced,0.5543443466583606,missing_target1
target2_close14|seed21|nominal,target2_close14,21,nominal,local2d_detector_baseline_target2_close14_seed21_nominal_cpu,mean_top20_moderate12_baseline,59,"13,5,1","191,251,266","86,78,91",2,False,True,False,True,"1,2,3",2.8191976084551498,3.1941976084551498,0.7309313850055122,0.9184313850055122,3.0966976084551496,0.487780237660655,550.0,75.0,45.0,"0.231917,0.32277,0.373738",0.9284253257880678,0.23191724990224954,0.5413923584982722,0.41941724990224954,1.4378425756903175,0.6888344998044991,3.4261148583573995,right_close_pair,75.0,-45.0,236.0,74.0,-45.0,235.0,-0.01,-0.0,-0.01,-0.31666666666666665,-0.65,19.0,13.0,2,False,True,False,True,ablation_drop_component_balanced,0.6140563050048133,missing_target1
target2_close14|seed21|source_mismatch,target2_close14,21,source_mismatch,local2d_detector_baseline_target2_close14_seed21_source_mismatch_cpu,mean_top20_moderate12_baseline,5,"7,2,1","194,251,263","86,76,81",1,False,True,False,False,"1,2,3",2.859424977616671,3.2044249776166707,0.7669360419406708,0.9394360419406708,3.1129249776166708,0.4651270651484827,500.00000000000006,69.0,45.0,"0.237243,0.331463,0.359044",0.9277500427901954,0.23724334338096373,0.5464933576443621,0.40974334338096374,1.418493386171159,0.6814866867619275,3.441668320997634,right_close_pair,69.0,-45.0,236.0,74.0,-45.0,235.0,-0.05,-0.0,-0.01,-0.16666666666666666,-0.35,10.0,7.0,1,False,True,False,False,ablation_drop_component_balanced,0.6271669975328602,missing_target1_target2
target2_close14|seed34|nominal,target2_close14,34,nominal,local2d_detector_baseline_target2_close14_seed34_nominal_cpu,mean_top20_moderate12_baseline,87,"14,7,1","190,248,260","85,89,87",3,True,True,True,True,"1,2,3",2.8295362786595444,3.1795362786595445,0.7515480934802559,0.9265480934802559,3.0865362786595445,0.4595054873263418,550.0,70.0,46.0,"0.23468,0.315625,0.369995",0.920299877814464,0.2346795731842756,0.5414461991224303,0.4096795731842756,1.4119794509987398,0.6793591463685512,3.41421585184382,right_close_pair,70.0,-46.0,232.66666666666666,74.0,-45.0,235.0,-0.04,-0.01,-0.023333333333333428,-0.36666666666666664,-0.7,22.0,14.0,3,True,True,True,True,ablation_drop_component_balanced,0.5465098370354307,all_truth
target2_close14|seed34|source_mismatch,target2_close14,34,source_mismatch,local2d_detector_baseline_target2_close14_seed34_source_mismatch_cpu,mean_top20_moderate12_baseline,56,"10,5,1","188,247,261","83,85,83",3,True,True,True,True,"1,2,3",2.7480719149509296,3.11307191495093,0.7638384442755252,0.9463384442755252,3.0175719149509295,0.4832650428856328,500.00000000000006,73.0,45.0,"0.241816,0.314872,0.359934",0.9166223884988369,0.24181632622778124,0.5473571223940602,0.42431632622778126,1.4279387147266183,0.7026326524555624,3.354888241178711,right_close_pair,73.0,-45.0,232.0,74.0,-45.0,235.0,-0.01,-0.0,-0.03,-0.26666666666666666,-0.5,16.0,10.0,3,True,True,True,True,ablation_drop_component_balanced,0.6083109815690756,all_truth
target2_close50_linear29p5|seed13|nominal,target2_close50_linear29p5,13,nominal,local2d_detector_baseline_target2_close50_linear29p5_seed13_nominal_cpu,mean_top20_distinct20_baseline,173,"7,2,10","184,250,301","110,102,103",0,False,False,False,False,"1,2,3",2.4548562145627075,3.0398562145627075,0.6961858382628466,0.9886858382628466,2.9153562145627077,0.43962673057297463,500.00000000000006,117.0,15.0,"0.240955,0.333806,0.236775",0.8115360281965021,0.23677546046036657,0.5072874698592006,0.5292754604603666,1.5088114886568686,0.8287299996644817,3.276631675023074,wide_pair,117.0,-15.0,245.0,112.0,-15.0,250.0,-0.05,-0.0,-0.05,-0.31666666666666665,-0.5,19.0,10.0,0,False,False,False,False,ablation_drop_component_balanced,0.5636596683379481,missing_target0_target1_target2
target2_close50_linear29p5|seed13|source_mismatch,target2_close50_linear29p5,13,source_mismatch,local2d_detector_baseline_target2_close50_linear29p5_seed13_source_mismatch_cpu,mean_top20_distinct20_baseline,282,"9,3,11","187,253,305","102,100,90",1,False,False,False,True,"1,2,3",2.242854421891026,2.832854421891026,0.6936938854049418,0.9886938854049419,2.707854421891026,0.41105747713130125,500.00000000000006,118.0,14.0,"0.226578,0.295307,0.23408",0.7559651203472638,0.2265778991083783,0.4785662725574662,0.5215778991083783,1.4475430194556422,0.8071557982167565,3.059432320999404,wide_pair,118.0,-14.0,248.33333333333334,112.0,-15.0,250.0,-0.06,-0.01,-0.016666666666666573,-0.38333333333333336,-0.55,23.0,11.0,1,False,False,False,True,ablation_drop_component_balanced,0.4727197975332142,missing_target0_target1
target2_close50_linear29p5|seed21|nominal,target2_close50_linear29p5,21,nominal,local2d_detector_baseline_target2_close50_linear29p5_seed21_nominal_cpu,mean_top20_distinct20_baseline,134,"19,1,11","190,253,301","78,101,87",1,False,False,False,True,"1,2,3",2.3505621253519773,2.9055621253519774,0.5577385409047443,0.8352385409047443,2.7870621253519774,0.4107755084067358,550.0,111.0,15.0,"0.156672,0.340286,0.245358",0.7423158421272827,0.15667207174213427,0.4041106857845619,0.4341720717421343,1.335487913869417,0.6463441434842685,3.062234197094112,wide_pair,111.0,-15.0,248.0,112.0,-15.0,250.0,-0.01,-0.0,-0.02,-0.5166666666666667,-0.95,31.0,19.0,1,False,False,False,True,ablation_drop_component_balanced,0.5042801727521558,missing_target0_target1
target2_close50_linear29p5|seed21|source_mismatch,target2_close50_linear29p5,21,source_mismatch,local2d_detector_baseline_target2_close50_linear29p5_seed21_source_mismatch_cpu,mean_top20_distinct20_baseline,261,"12,2,9","188,253,303","97,93,91",3,True,True,True,True,"1,2,3",2.3010081345113997,2.8760081345114,0.6841977995095918,0.9716977995095918,2.7535081345114,0.4173076525534148,500.00000000000006,115.0,15.0,"0.23061,0.335462,0.234971",0.8010426820734851,0.2306095590085883,0.4976237863664167,0.5181095590085882,1.4841522410820733,0.8062191180171765,3.106617693519988,wide_pair,115.0,-15.0,248.0,112.0,-15.0,250.0,-0.03,-0.0,-0.02,-0.38333333333333336,-0.6,23.0,12.0,3,True,True,True,True,ablation_drop_component_balanced,0.5339902053706643,all_truth
target2_close50_linear29p5|seed34|nominal,target2_close50_linear29p5,34,nominal,local2d_detector_baseline_target2_close50_linear29p5_seed34_nominal_cpu,mean_top20_distinct20_baseline,528,"13,4,10","185,251,303","109,75,93",1,False,False,False,True,"1,2,3",2.4170704657554447,3.0070704657554446,0.706081938611334,1.0010819386113339,2.8820704657554446,0.40248489687039185,667.0,118.0,14.0,"0.237345,0.333103,0.24377",0.8142175447014705,0.23734517211893488,0.5087510203527583,0.5323451721189348,1.5165627168204054,0.8286903442378697,3.2444156378743796,wide_pair,118.0,-14.0,246.33333333333334,112.0,-15.0,250.0,-0.06,-0.01,-0.03666666666666657,-0.45,-0.65,27.0,13.0,1,False,False,False,True,ablation_drop_component_balanced,0.4940497942415426,missing_target0_target1
target2_close50_linear29p5|seed34|source_mismatch,target2_close50_linear29p5,34,source_mismatch,local2d_detector_baseline_target2_close50_linear29p5_seed34_source_mismatch_cpu,mean_top20_distinct20_baseline,267,"15,3,12","185,248,296","78,96,100",1,False,False,True,False,"1,2,3",2.0201763684333556,2.5751763684333557,0.4844722490891909,0.7619722490891909,2.4566763684333557,0.4007304428599269,500.00000000000006,111.0,15.0,"0.15583,0.315515,0.224024",0.695368356477953,0.15582962110857443,0.38761907326789213,0.4333296211085744,1.2876979775865276,0.6446592422171489,2.7310059895419303,wide_pair,111.0,-15.0,243.0,112.0,-15.0,250.0,-0.01,-0.0,-0.07,-0.5,-0.75,30.0,15.0,1,False,False,True,False,ablation_drop_component_balanced,0.439701197908386,missing_target0_target2
target2_close14|seed13|nominal,target2_close14,13,nominal,local2d_detector_baseline_target2_close14_seed13_nominal_cpu,mean_top20_moderate12_baseline,74,"14,6,1","186,249,265","77,93,85",2,False,False,True,True,"1,2,3",2.8632554118074767,3.2582554118074767,0.7308838044433662,0.9283838044433662,3.1557554118074767,0.47270184961069517,550.0,79.0,47.0,"0.225635,0.319251,0.366497",0.9113821965510092,0.22563480603849811,0.5294288715555011,0.4231348060384981,1.4295170025895072,0.6882696120769962,3.4838902178459747,right_close_pair,79.0,-47.0,233.33333333333334,74.0,-45.0,235.0,-0.05,-0.02,-0.016666666666666573,-0.35,-0.7,21.0,14.0,2,False,False,True,True,ablation_drop_hybrid_component,0.5364251679614203,missing_target0
target2_close14|seed13|source_mismatch,target2_close14,13,source_mismatch,local2d_detector_baseline_target2_close14_seed13_source_mismatch_cpu,mean_top20_moderate12_baseline,177,"9,3,2","188,250,266","85,78,90",2,False,True,False,True,"1,2,3",2.6770437451642013,3.0670437451642014,0.7286023247660144,0.9236023247660143,2.966043745164201,0.48003695829688986,500.00000000000006,78.0,46.0,"0.237178,0.329088,0.326972",0.8932379516218885,0.2371779881276018,0.5349239720015646,0.4321779881276018,1.4194159397494903,0.7083559762552036,3.3042217332918034,right_close_pair,78.0,-46.0,234.66666666666666,74.0,-45.0,235.0,-0.04,-0.01,-0.003333333333333428,-0.23333333333333334,-0.45,14.0,9.0,2,False,True,False,True,ablation_drop_hybrid_component,0.6032079698747451,missing_target1
target2_close14|seed21|nominal,target2_close14,21,nominal,local2d_detector_baseline_target2_close14_seed21_nominal_cpu,mean_top20_moderate12_baseline,59,"13,5,1","191,251,266","86,78,91",2,False,True,False,True,"1,2,3",2.8191976084551498,3.1941976084551498,0.7309313850055122,0.9184313850055122,3.0966976084551496,0.487780237660655,550.0,75.0,45.0,"0.231917,0.32277,0.373738",0.9284253257880678,0.23191724990224954,0.5413923584982722,0.41941724990224954,1.4378425756903175,0.6888344998044991,3.4261148583573995,right_close_pair,75.0,-45.0,236.0,74.0,-45.0,235.0,-0.01,-0.0,-0.01,-0.31666666666666665,-0.65,19.0,13.0,2,False,True,False,True,ablation_drop_hybrid_component,0.6477546211784921,missing_target1
target2_close14|seed21|source_mismatch,target2_close14,21,source_mismatch,local2d_detector_baseline_target2_close14_seed21_source_mismatch_cpu,mean_top20_moderate12_baseline,5,"7,2,1","194,251,263","86,76,81",1,False,True,False,False,"1,2,3",2.859424977616671,3.2044249776166707,0.7669360419406708,0.9394360419406708,3.1129249776166708,0.4651270651484827,500.00000000000006,69.0,45.0,"0.237243,0.331463,0.359044",0.9277500427901954,0.23724334338096373,0.5464933576443621,0.40974334338096374,1.418493386171159,0.6814866867619275,3.441668320997634,right_close_pair,69.0,-45.0,236.0,74.0,-45.0,235.0,-0.05,-0.0,-0.01,-0.16666666666666666,-0.35,10.0,7.0,1,False,True,False,False,ablation_drop_hybrid_component,0.6480800264189128,missing_target1_target2
target2_close14|seed34|nominal,target2_close14,34,nominal,local2d_detector_baseline_target2_close14_seed34_nominal_cpu,mean_top20_moderate12_baseline,377,"15,7,3","188,248,262","95,89,78",2,False,True,True,False,"1,2,3",2.7329905483632455,3.1029905483632456,0.7360909802742309,0.9210909802742309,3.0059905483632456,0.49064245719426425,550.0,74.0,46.0,"0.232795,0.315625,0.350788",0.8992077258636119,0.23279498848352223,0.5325308971047262,0.41779498848352226,1.4050027143471342,0.6875899769670445,3.335785536846768,right_close_pair,74.0,-46.0,232.66666666666666,74.0,-45.0,235.0,-0.0,-0.01,-0.023333333333333428,-0.4166666666666667,-0.75,25.0,15.0,2,False,True,True,False,ablation_drop_hybrid_component,0.5786680238402337,missing_target2
target2_close14|seed34|source_mismatch,target2_close14,34,source_mismatch,local2d_detector_baseline_target2_close14_seed34_source_mismatch_cpu,mean_top20_moderate12_baseline,56,"10,5,1","188,247,261","83,85,83",3,True,True,True,True,"1,2,3",2.7480719149509296,3.11307191495093,0.7638384442755252,0.9463384442755252,3.0175719149509295,0.4832650428856328,500.00000000000006,73.0,45.0,"0.241816,0.314872,0.359934",0.9166223884988369,0.24181632622778124,0.5473571223940602,0.42431632622778126,1.4279387147266183,0.7026326524555624,3.354888241178711,right_close_pair,73.0,-45.0,232.0,74.0,-45.0,235.0,-0.01,-0.0,-0.03,-0.26666666666666666,-0.5,16.0,10.0,3,True,True,True,True,ablation_drop_hybrid_component,0.6513026906966425,all_truth
target2_close50_linear29p5|seed13|nominal,target2_close50_linear29p5,13,nominal,local2d_detector_baseline_target2_close50_linear29p5_seed13_nominal_cpu,mean_top20_distinct20_baseline,173,"7,2,10","184,250,301","110,102,103",0,False,False,False,False,"1,2,3",2.4548562145627075,3.0398562145627075,0.6961858382628466,0.9886858382628466,2.9153562145627077,0.43962673057297463,500.00000000000006,117.0,15.0,"0.240955,0.333806,0.236775",0.8115360281965021,0.23677546046036657,0.5072874698592006,0.5292754604603666,1.5088114886568686,0.8287299996644817,3.276631675023074,wide_pair,117.0,-15.0,245.0,112.0,-15.0,250.0,-0.05,-0.0,-0.05,-0.31666666666666665,-0.5,19.0,10.0,0,False,False,False,False,ablation_drop_hybrid_component,0.6627390776617677,missing_target0_target1_target2
target2_close50_linear29p5|seed13|source_mismatch,target2_close50_linear29p5,13,source_mismatch,local2d_detector_baseline_target2_close50_linear29p5_seed13_source_mismatch_cpu,mean_top20_distinct20_baseline,282,"9,3,11","187,253,305","102,100,90",1,False,False,False,True,"1,2,3",2.242854421891026,2.832854421891026,0.6936938854049418,0.9886938854049419,2.707854421891026,0.41105747713130125,500.00000000000006,118.0,14.0,"0.226578,0.295307,0.23408",0.7559651203472638,0.2265778991083783,0.4785662725574662,0.5215778991083783,1.4475430194556422,0.8071557982167565,3.059432320999404,wide_pair,118.0,-14.0,248.33333333333334,112.0,-15.0,250.0,-0.06,-0.01,-0.016666666666666573,-0.38333333333333336,-0.55,23.0,11.0,1,False,False,False,True,ablation_drop_hybrid_component,0.5846048430611545,missing_target0_target1
target2_close50_linear29p5|seed21|nominal,target2_close50_linear29p5,21,nominal,local2d_detector_baseline_target2_close50_linear29p5_seed21_nominal_cpu,mean_top20_distinct20_baseline,163,"18,1,16","188,253,303","97,101,109",1,False,True,False,False,"1,2,3",2.286085691775241,2.8610856917752407,0.6002755981958179,0.8877755981958179,2.738585691775241,0.4058625593623866,500.00000000000006,115.0,15.0,"0.19441,0.340286,0.215799",0.7504958325289971,0.19441038715420442,0.4445756646638701,0.4819103871542044,1.3974062196832016,0.7338207743084089,3.055496078929445,wide_pair,115.0,-15.0,248.0,112.0,-15.0,250.0,-0.03,-0.0,-0.02,-0.5833333333333334,-0.9,35.0,18.0,1,False,True,False,False,ablation_drop_hybrid_component,0.5763697765082674,missing_target1_target2
target2_close50_linear29p5|seed21|source_mismatch,target2_close50_linear29p5,21,source_mismatch,local2d_detector_baseline_target2_close50_linear29p5_seed21_source_mismatch_cpu,mean_top20_distinct20_baseline,261,"12,2,9","188,253,303","97,93,91",3,True,True,True,True,"1,2,3",2.3010081345113997,2.8760081345114,0.6841977995095918,0.9716977995095918,2.7535081345114,0.4173076525534148,500.00000000000006,115.0,15.0,"0.23061,0.335462,0.234971",0.8010426820734851,0.2306095590085883,0.4976237863664167,0.5181095590085882,1.4841522410820733,0.8062191180171765,3.106617693519988,wide_pair,115.0,-15.0,248.0,112.0,-15.0,250.0,-0.03,-0.0,-0.02,-0.38333333333333336,-0.6,23.0,12.0,3,True,True,True,True,ablation_drop_hybrid_component,0.6547427872077033,all_truth
target2_close50_linear29p5|seed34|nominal,target2_close50_linear29p5,34,nominal,local2d_detector_baseline_target2_close50_linear29p5_seed34_nominal_cpu,mean_top20_distinct20_baseline,528,"13,4,10","185,251,303","109,75,93",1,False,False,False,True,"1,2,3",2.4170704657554447,3.0070704657554446,0.706081938611334,1.0010819386113339,2.8820704657554446,0.40248489687039185,667.0,118.0,14.0,"0.237345,0.333103,0.24377",0.8142175447014705,0.23734517211893488,0.5087510203527583,0.5323451721189348,1.5165627168204054,0.8286903442378697,3.2444156378743796,wide_pair,118.0,-14.0,246.33333333333334,112.0,-15.0,250.0,-0.06,-0.01,-0.03666666666666657,-0.45,-0.65,27.0,13.0,1,False,False,False,True,ablation_drop_hybrid_component,0.6034480250768693,missing_target0_target1
target2_close50_linear29p5|seed34|source_mismatch,target2_close50_linear29p5,34,source_mismatch,local2d_detector_baseline_target2_close50_linear29p5_seed34_source_mismatch_cpu,mean_top20_distinct20_baseline,267,"15,3,12","185,248,296","78,96,100",1,False,False,True,False,"1,2,3",2.0201763684333556,2.5751763684333557,0.4844722490891909,0.7619722490891909,2.4566763684333557,0.4007304428599269,500.00000000000006,111.0,15.0,"0.15583,0.315515,0.224024",0.695368356477953,0.15582962110857443,0.38761907326789213,0.4333296211085744,1.2876979775865276,0.6446592422171489,2.7310059895419303,wide_pair,111.0,-15.0,243.0,112.0,-15.0,250.0,-0.01,-0.0,-0.07,-0.5,-0.75,30.0,15.0,1,False,False,True,False,ablation_drop_hybrid_component,0.5373489887932638,missing_target0_target2
target2_close14|seed13|nominal,target2_close14,13,nominal,local2d_detector_baseline_target2_close14_seed13_nominal_cpu,mean_top20_moderate12_baseline,471,"16,5,4","183,250,273","86,81,97",1,False,True,False,False,"1,2,3",2.71786153277455,3.16786153277455,0.7104850969367569,0.9354850969367569,3.05586153277455,0.47642831557463605,500.00000000000006,90.0,44.0,"0.22359,0.324763,0.332496",0.880849111272064,0.22358980055402256,0.5172061709780439,0.44858980055402253,1.4424389118260865,0.7171796011080451,3.3914513333285727,right_close_pair,90.0,-44.0,235.33333333333334,74.0,-45.0,235.0,-0.16,-0.01,-0.003333333333333428,-0.4166666666666667,-0.8,25.0,16.0,1,False,True,False,False,ablation_drop_span_prior,1.2771763892454244,missing_target1_target2
target2_close14|seed13|source_mismatch,target2_close14,13,source_mismatch,local2d_detector_baseline_target2_close14_seed13_source_mismatch_cpu,mean_top20_moderate12_baseline,177,"9,3,2","188,250,266","85,78,90",2,False,True,False,True,"1,2,3",2.6770437451642013,3.0670437451642014,0.7286023247660144,0.9236023247660143,2.966043745164201,0.48003695829688986,500.00000000000006,78.0,46.0,"0.237178,0.329088,0.326972",0.8932379516218885,0.2371779881276018,0.5349239720015646,0.4321779881276018,1.4194159397494903,0.7083559762552036,3.3042217332918034,right_close_pair,78.0,-46.0,234.66666666666666,74.0,-45.0,235.0,-0.04,-0.01,-0.003333333333333428,-0.23333333333333334,-0.45,14.0,9.0,2,False,True,False,True,ablation_drop_span_prior,1.284052316533106,missing_target1
target2_close14|seed21|nominal,target2_close14,21,nominal,local2d_detector_baseline_target2_close14_seed21_nominal_cpu,mean_top20_moderate12_baseline,59,"13,5,1","191,251,266","86,78,91",2,False,True,False,True,"1,2,3",2.8191976084551498,3.1941976084551498,0.7309313850055122,0.9184313850055122,3.0966976084551496,0.487780237660655,550.0,75.0,45.0,"0.231917,0.32277,0.373738",0.9284253257880678,0.23191724990224954,0.5413923584982722,0.41941724990224954,1.4378425756903175,0.6888344998044991,3.4261148583573995,right_close_pair,75.0,-45.0,236.0,74.0,-45.0,235.0,-0.01,-0.0,-0.01,-0.31666666666666665,-0.65,19.0,13.0,2,False,True,False,True,ablation_drop_span_prior,1.337977592849972,missing_target1
target2_close14|seed21|source_mismatch,target2_close14,21,source_mismatch,local2d_detector_baseline_target2_close14_seed21_source_mismatch_cpu,mean_top20_moderate12_baseline,5,"7,2,1","194,251,263","86,76,81",1,False,True,False,False,"1,2,3",2.859424977616671,3.2044249776166707,0.7669360419406708,0.9394360419406708,3.1129249776166708,0.4651270651484827,500.00000000000006,69.0,45.0,"0.237243,0.331463,0.359044",0.9277500427901954,0.23724334338096373,0.5464933576443621,0.40974334338096374,1.418493386171159,0.6814866867619275,3.441668320997634,right_close_pair,69.0,-45.0,236.0,74.0,-45.0,235.0,-0.05,-0.0,-0.01,-0.16666666666666666,-0.35,10.0,7.0,1,False,True,False,False,ablation_drop_span_prior,1.3614136906184398,missing_target1_target2
target2_close14|seed34|nominal,target2_close14,34,nominal,local2d_detector_baseline_target2_close14_seed34_nominal_cpu,mean_top20_moderate12_baseline,207,"8,2,5","224,272,274","75,92,82",1,False,False,False,True,"1,3,2",2.9904226177374684,3.2404226177374684,0.9121663560926759,1.0371663560926758,3.1674226177374685,0.48629536161425074,500.00000000000006,50.0,46.0,"0.311992,0.359385,0.335534",1.006911290732479,0.3119922470369897,0.647629343947816,0.4369922470369897,1.4959035377694687,0.7739844940739794,3.552414864774458,right_close_pair,50.0,-46.0,256.6666666666667,74.0,-45.0,235.0,-0.24,-0.01,-0.21666666666666687,-0.25,-0.4,15.0,8.0,1,False,False,False,True,ablation_drop_span_prior,1.3301014085062925,missing_target0_target1
target2_close14|seed34|source_mismatch,target2_close14,34,source_mismatch,local2d_detector_baseline_target2_close14_seed34_source_mismatch_cpu,mean_top20_moderate12_baseline,56,"10,5,1","188,247,261","83,85,83",3,True,True,True,True,"1,2,3",2.7480719149509296,3.11307191495093,0.7638384442755252,0.9463384442755252,3.0175719149509295,0.4832650428856328,500.00000000000006,73.0,45.0,"0.241816,0.314872,0.359934",0.9166223884988369,0.24181632622778124,0.5473571223940602,0.42431632622778126,1.4279387147266183,0.7026326524555624,3.354888241178711,right_close_pair,73.0,-45.0,232.0,74.0,-45.0,235.0,-0.01,-0.0,-0.03,-0.26666666666666666,-0.5,16.0,10.0,3,True,True,True,True,ablation_drop_span_prior,1.3272803389323848,all_truth
target2_close50_linear29p5|seed13|nominal,target2_close50_linear29p5,13,nominal,local2d_detector_baseline_target2_close50_linear29p5_seed13_nominal_cpu,mean_top20_distinct20_baseline,173,"7,2,10","184,250,301","110,102,103",0,False,False,False,False,"1,2,3",2.4548562145627075,3.0398562145627075,0.6961858382628466,0.9886858382628466,2.9153562145627077,0.43962673057297463,500.00000000000006,117.0,15.0,"0.240955,0.333806,0.236775",0.8115360281965021,0.23677546046036657,0.5072874698592006,0.5292754604603666,1.5088114886568686,0.8287299996644817,3.276631675023074,wide_pair,117.0,-15.0,245.0,112.0,-15.0,250.0,-0.05,-0.0,-0.05,-0.31666666666666665,-0.5,19.0,10.0,0,False,False,False,False,ablation_drop_span_prior,1.3430654126663824,missing_target0_target1_target2
target2_close50_linear29p5|seed13|source_mismatch,target2_close50_linear29p5,13,source_mismatch,local2d_detector_baseline_target2_close50_linear29p5_seed13_source_mismatch_cpu,mean_top20_distinct20_baseline,282,"9,3,11","187,253,305","102,100,90",1,False,False,False,True,"1,2,3",2.242854421891026,2.832854421891026,0.6936938854049418,0.9886938854049419,2.707854421891026,0.41105747713130125,500.00000000000006,118.0,14.0,"0.226578,0.295307,0.23408",0.7559651203472638,0.2265778991083783,0.4785662725574662,0.5215778991083783,1.4475430194556422,0.8071557982167565,3.059432320999404,wide_pair,118.0,-14.0,248.33333333333334,112.0,-15.0,250.0,-0.06,-0.01,-0.016666666666666573,-0.38333333333333336,-0.55,23.0,11.0,1,False,False,False,True,ablation_drop_span_prior,1.226491307261035,missing_target0_target1
target2_close50_linear29p5|seed21|nominal,target2_close50_linear29p5,21,nominal,local2d_detector_baseline_target2_close50_linear29p5_seed21_nominal_cpu,mean_top20_distinct20_baseline,189,"4,2,5","251,272,279","77,75,85",0,False,False,False,False,"1,2,3",2.906499429024436,3.0464994290244363,0.9000926267817825,0.9700926267817824,3.011499429024436,0.4721763720583966,500.00000000000006,28.0,14.0,"0.334516,0.365769,0.315013",1.0152983099791104,0.31501279655301684,0.6534455665460537,0.38501279655301685,1.4353111065321273,0.7335291725978212,3.361512225577453,wide_pair,28.0,-14.0,267.3333333333333,112.0,-15.0,250.0,-0.84,-0.01,-0.17333333333333314,-0.18333333333333332,-0.25,11.0,5.0,0,False,False,False,False,ablation_drop_span_prior,1.2844579983815543,missing_target0_target1_target2
target2_close50_linear29p5|seed21|source_mismatch,target2_close50_linear29p5,21,source_mismatch,local2d_detector_baseline_target2_close50_linear29p5_seed21_source_mismatch_cpu,mean_top20_distinct20_baseline,261,"12,2,9","188,253,303","97,93,91",3,True,True,True,True,"1,2,3",2.3010081345113997,2.8760081345114,0.6841977995095918,0.9716977995095918,2.7535081345114,0.4173076525534148,500.00000000000006,115.0,15.0,"0.23061,0.335462,0.234971",0.8010426820734851,0.2306095590085883,0.4976237863664167,0.5181095590085882,1.4841522410820733,0.8062191180171765,3.106617693519988,wide_pair,115.0,-15.0,248.0,112.0,-15.0,250.0,-0.03,-0.0,-0.02,-0.38333333333333336,-0.6,23.0,12.0,3,True,True,True,True,ablation_drop_span_prior,1.291066325911701,all_truth
target2_close50_linear29p5|seed34|nominal,target2_close50_linear29p5,34,nominal,local2d_detector_baseline_target2_close50_linear29p5_seed34_nominal_cpu,mean_top20_distinct20_baseline,528,"13,4,10","185,251,303","109,75,93",1,False,False,False,True,"1,2,3",2.4170704657554447,3.0070704657554446,0.706081938611334,1.0010819386113339,2.8820704657554446,0.40248489687039185,667.0,118.0,14.0,"0.237345,0.333103,0.24377",0.8142175447014705,0.23734517211893488,0.5087510203527583,0.5323451721189348,1.5165627168204054,0.8286903442378697,3.2444156378743796,wide_pair,118.0,-14.0,246.33333333333334,112.0,-15.0,250.0,-0.06,-0.01,-0.03666666666666657,-0.45,-0.65,27.0,13.0,1,False,False,False,True,ablation_drop_span_prior,1.2823311526517454,missing_target0_target1
target2_close50_linear29p5|seed34|source_mismatch,target2_close50_linear29p5,34,source_mismatch,local2d_detector_baseline_target2_close50_linear29p5_seed34_source_mismatch_cpu,mean_top20_distinct20_baseline,107,"5,3,2","212,248,270","103,96,79",1,False,False,True,False,"1,2,3",2.5276815848889016,2.8176815848889016,0.72217446163481,0.86717446163481,2.7526815848889017,0.44468296785379235,500.00000000000006,58.0,14.0,"0.231045,0.315515,0.311292",0.8578521037276619,0.23104474982927461,0.5169954510718285,0.3760447498292746,1.3138968535569366,0.6360894996585492,3.048726334718176,wide_pair,58.0,-14.0,243.33333333333334,112.0,-15.0,250.0,-0.54,-0.01,-0.06666666666666657,-0.16666666666666666,-0.25,10.0,5.0,1,False,False,True,False,ablation_drop_span_prior,1.1841936937221036,missing_target0_target2
target2_close14|seed13|nominal,target2_close14,13,nominal,local2d_detector_baseline_target2_close14_seed13_nominal_cpu,mean_top20_moderate12_baseline,11,"13,2,1","185,261,265","97,94,85",2,False,True,False,True,"1,2,3",2.999818810838174,3.3998188108381737,0.7432022961493023,0.9432022961493023,3.2838188108381736,0.500761174773084,500.00000000000006,80.0,72.0,"0.226636,0.365498,0.366497",0.958631117843626,0.22663630902660523,0.5461800149744805,0.4266363090266052,1.4692674268702313,0.6932726180532105,3.626455119864779,right_close_pair,80.0,-72.0,237.0,74.0,-45.0,235.0,-0.06,-0.27,-0.02,-0.26666666666666666,-0.65,16.0,13.0,2,False,True,False,True,ablation_drop_signed_gap_prior,1.3667580707414049,missing_target1
target2_close14|seed13|source_mismatch,target2_close14,13,source_mismatch,local2d_detector_baseline_target2_close14_seed13_source_mismatch_cpu,mean_top20_moderate12_baseline,24,"9,3,1","188,250,264","85,78,81",1,False,True,False,False,"1,2,3",2.763213882781314,3.143213882781314,0.7286023247660144,0.9186023247660144,3.0432138827813144,0.46952811380190645,500.00000000000006,76.0,48.0,"0.237178,0.329088,0.359241",0.9255065378012227,0.2371779881276018,0.5456801673946761,0.42717798812760177,1.4426845259288246,0.7023559762552036,3.380391870908916,right_close_pair,76.0,-48.0,234.0,74.0,-45.0,235.0,-0.02,-0.03,-0.01,-0.21666666666666667,-0.45,13.0,9.0,1,False,True,False,False,ablation_drop_signed_gap_prior,1.341253970479529,missing_target1_target2
target2_close14|seed21|nominal,target2_close14,21,nominal,local2d_detector_baseline_target2_close14_seed21_nominal_cpu,mean_top20_moderate12_baseline,28,"13,3,1","191,254,266","86,91,91",3,True,True,True,True,"1,2,3",2.938265362206854,3.313265362206854,0.7309313850055122,0.9184313850055122,3.212765362206854,0.4692083849953716,500.00000000000006,75.0,51.0,"0.231917,0.349176,0.373738",0.9548317187032636,0.23191724990224954,0.550194489470004,0.41941724990224954,1.461248968605513,0.6888344998044991,3.545182612109104,right_close_pair,75.0,-51.0,237.0,74.0,-45.0,235.0,-0.01,-0.06,-0.02,-0.2833333333333333,-0.65,17.0,13.0,3,True,True,True,True,ablation_drop_signed_gap_prior,1.3698276733912442,all_truth
target2_close14|seed21|source_mismatch,target2_close14,21,source_mismatch,local2d_detector_baseline_target2_close14_seed21_source_mismatch_cpu,mean_top20_moderate12_baseline,5,"7,2,1","194,251,263","86,76,81",1,False,True,False,False,"1,2,3",2.859424977616671,3.2044249776166707,0.7669360419406708,0.9394360419406708,3.1129249776166708,0.4651270651484827,500.00000000000006,69.0,45.0,"0.237243,0.331463,0.359044",0.9277500427901954,0.23724334338096373,0.5464933576443621,0.40974334338096374,1.418493386171159,0.6814866867619275,3.441668320997634,right_close_pair,69.0,-45.0,236.0,74.0,-45.0,235.0,-0.05,-0.0,-0.01,-0.16666666666666666,-0.35,10.0,7.0,1,False,True,False,False,ablation_drop_signed_gap_prior,1.3364136906184398,missing_target1_target2
target2_close14|seed34|nominal,target2_close14,34,nominal,local2d_detector_baseline_target2_close14_seed34_nominal_cpu,mean_top20_moderate12_baseline,12,"14,1,2","190,260,272","85,87,92",2,False,True,False,True,"1,2,3",2.980604588905248,3.3906045889052483,0.7515480934802559,0.9565480934802558,3.279604588905248,0.4703401491701712,500.00000000000006,82.0,58.0,"0.23468,0.369995,0.359385",0.964060232851066,0.2346795731842756,0.556032984134631,0.4396795731842756,1.4977398060353417,0.7153591463685511,3.6252841620895238,right_close_pair,82.0,-58.0,240.66666666666666,74.0,-45.0,235.0,-0.08,-0.13,-0.056666666666666574,-0.2833333333333333,-0.7,17.0,14.0,2,False,True,False,True,ablation_drop_signed_gap_prior,1.359260068768909,missing_target1
target2_close14|seed34|source_mismatch,target2_close14,34,source_mismatch,local2d_detector_baseline_target2_close14_seed34_source_mismatch_cpu,mean_top20_moderate12_baseline,25,"10,1,3","188,261,263","83,83,75",2,False,True,False,True,"1,3,2",2.8423036878717047,3.2173036878717047,0.7638384442755252,0.9513384442755252,3.1068036878717047,0.4767487056744222,500.00000000000006,75.0,71.0,"0.241816,0.359934,0.343488",0.9452385350072289,0.24181632622778124,0.5568958378968575,0.42931632622778126,1.45155486123501,0.7086326524555625,3.459120014099486,right_close_pair,75.0,-71.0,237.33333333333334,74.0,-45.0,235.0,-0.01,-0.26,-0.023333333333333428,-0.23333333333333334,-0.5,14.0,10.0,2,False,True,False,True,ablation_drop_signed_gap_prior,1.3596014334374025,missing_target1
target2_close50_linear29p5|seed13|nominal,target2_close50_linear29p5,13,nominal,local2d_detector_baseline_target2_close50_linear29p5_seed13_nominal_cpu,mean_top20_distinct20_baseline,55,"7,1,6","184,270,299","110,77,79",0,False,False,False,False,"1,2,3",2.58098350814162,3.1559835081416203,0.7575450283399993,1.0450450283399992,3.01248350814162,0.45098405226575417,600.0,115.0,57.0,"0.240955,0.360528,0.246224",0.8477060766949838,0.24095453920411505,0.5235232314357763,0.528454539204115,1.5201606158990988,0.82690907840823,3.3969380473457353,wide_pair,115.0,-57.0,251.0,112.0,-15.0,250.0,-0.03,-0.42,-0.01,-0.23333333333333334,-0.35,14.0,7.0,0,False,False,False,False,ablation_drop_signed_gap_prior,1.3816345840853632,missing_target0_target1_target2
target2_close50_linear29p5|seed13|source_mismatch,target2_close50_linear29p5,13,source_mismatch,local2d_detector_baseline_target2_close50_linear29p5_seed13_source_mismatch_cpu,mean_top20_distinct20_baseline,85,"9,1,10","187,257,300","102,78,75",0,False,False,False,False,"1,2,3",2.391083457161833,2.956083457161833,0.7005227041876398,0.9830227041876398,2.829583457161833,0.44948521161911725,600.0,113.0,27.0,"0.226578,0.342821,0.23959",0.8089890928523719,0.2265778991083783,0.4962409300591689,0.5090778991083783,1.47406699196075,0.7921557982167566,3.182661356270211,wide_pair,113.0,-27.0,248.0,112.0,-15.0,250.0,-0.01,-0.12,-0.02,-0.3333333333333333,-0.5,20.0,10.0,0,False,False,False,False,ablation_drop_signed_gap_prior,1.306232433901084,missing_target0_target1_target2
target2_close50_linear29p5|seed21|nominal,target2_close50_linear29p5,21,nominal,local2d_detector_baseline_target2_close50_linear29p5_seed21_nominal_cpu,mean_top20_distinct20_baseline,223,"10,2,6","183,272,298","108,75,97",1,False,False,False,True,"1,2,3",2.576597934876362,3.151597934876362,0.7347138827763174,1.0222138827763174,3.0050979348763622,0.41547920353224627,550.0,115.0,63.0,"0.241883,0.365769,0.249449",0.8571014355645736,0.24188327778609367,0.5275837563076182,0.5293832777860936,1.5274847133506673,0.8287665555721873,3.3934812126624556,wide_pair,115.0,-63.0,251.0,112.0,-15.0,250.0,-0.03,-0.48,-0.01,-0.3,-0.5,18.0,10.0,1,False,False,False,True,ablation_drop_signed_gap_prior,1.370438599207825,missing_target0_target1
target2_close50_linear29p5|seed21|source_mismatch,target2_close50_linear29p5,21,source_mismatch,local2d_detector_baseline_target2_close50_linear29p5_seed21_source_mismatch_cpu,mean_top20_distinct20_baseline,54,"8,1,5","183,252,294","108,82,80",1,False,False,True,False,"1,2,3",2.4367493539260168,2.991749353926017,0.6938971944177049,0.9713971944177049,2.8672493539260167,0.4263065249857584,550.0,111.0,27.0,"0.232235,0.346842,0.253595",0.8326717839045945,0.23223463155210422,0.5097918928536358,0.5097346315521043,1.4954064154566988,0.7974692631042084,3.223983985478121,wide_pair,111.0,-27.0,243.0,112.0,-15.0,250.0,-0.01,-0.12,-0.07,-0.23333333333333334,-0.4,14.0,8.0,1,False,False,True,False,ablation_drop_signed_gap_prior,1.3301666714906404,missing_target0_target2
target2_close50_linear29p5|seed34|nominal,target2_close50_linear29p5,34,nominal,local2d_detector_baseline_target2_close50_linear29p5_seed34_nominal_cpu,mean_top20_distinct20_baseline,109,"13,1,9","185,272,296","109,76,76",0,False,False,False,False,"1,2,3",2.508760208028286,3.063760208028286,0.706081938611334,0.983581938611334,2.921260208028286,0.4490411404072827,600.0,111.0,63.0,"0.237345,0.36593,0.251582",0.8548576613971808,0.23734517211893488,0.5222977259179952,0.5148451721189349,1.5047028335161154,0.8076903442378698,3.301105380147221,wide_pair,111.0,-63.0,251.0,112.0,-15.0,250.0,-0.01,-0.48,-0.01,-0.38333333333333336,-0.65,23.0,13.0,0,False,False,False,False,ablation_drop_signed_gap_prior,1.3347391594541687,missing_target0_target1_target2
target2_close50_linear29p5|seed34|source_mismatch,target2_close50_linear29p5,34,source_mismatch,local2d_detector_baseline_target2_close50_linear29p5_seed34_source_mismatch_cpu,mean_top20_distinct20_baseline,31,"8,1,4","181,250,291","102,84,77",1,False,False,True,False,"1,2,3",2.4847616218848905,3.0347616218848907,0.7029100573339436,0.9779100573339436,2.9107616218848906,0.442591315286794,550.0,110.0,28.0,"0.235081,0.337507,0.25501",0.827597553524668,0.23508070269969167,0.510946553874581,0.5100807026996916,1.4886782562243597,0.8001614053993833,3.2698423245845825,wide_pair,110.0,-28.0,240.66666666666666,112.0,-15.0,250.0,-0.02,-0.13,-0.09333333333333343,-0.21666666666666667,-0.4,13.0,8.0,1,False,False,True,False,ablation_drop_signed_gap_prior,1.327974259695763,missing_target0_target2
target2_close14|seed13|nominal,target2_close14,13,nominal,local2d_detector_baseline_target2_close14_seed13_nominal_cpu,mean_top20_moderate12_baseline,74,"14,6,1","186,249,265","77,93,85",2,False,False,True,True,"1,2,3",2.8632554118074767,3.2582554118074767,0.7308838044433662,0.9283838044433662,3.1557554118074767,0.47270184961069517,550.0,79.0,47.0,"0.225635,0.319251,0.366497",0.9113821965510092,0.22563480603849811,0.5294288715555011,0.4231348060384981,1.4295170025895072,0.6882696120769962,3.4838902178459747,right_close_pair,79.0,-47.0,233.33333333333334,74.0,-45.0,235.0,-0.05,-0.02,-0.016666666666666573,-0.35,-0.7,21.0,14.0,2,False,False,True,True,ablation_drop_center_prior,1.2365365448639487,missing_target0
target2_close14|seed13|source_mismatch,target2_close14,13,source_mismatch,local2d_detector_baseline_target2_close14_seed13_source_mismatch_cpu,mean_top20_moderate12_baseline,177,"9,3,2","188,250,266","85,78,90",2,False,True,False,True,"1,2,3",2.6770437451642013,3.0670437451642014,0.7286023247660144,0.9236023247660143,2.966043745164201,0.48003695829688986,500.00000000000006,78.0,46.0,"0.237178,0.329088,0.326972",0.8932379516218885,0.2371779881276018,0.5349239720015646,0.4321779881276018,1.4194159397494903,0.7083559762552036,3.3042217332918034,right_close_pair,78.0,-46.0,234.66666666666666,74.0,-45.0,235.0,-0.04,-0.01,-0.003333333333333428,-0.23333333333333334,-0.45,14.0,9.0,2,False,True,False,True,ablation_drop_center_prior,1.2647189831997725,missing_target1
target2_close14|seed21|nominal,target2_close14,21,nominal,local2d_detector_baseline_target2_close14_seed21_nominal_cpu,mean_top20_moderate12_baseline,59,"13,5,1","191,251,266","86,78,91",2,False,True,False,True,"1,2,3",2.8191976084551498,3.1941976084551498,0.7309313850055122,0.9184313850055122,3.0966976084551496,0.487780237660655,550.0,75.0,45.0,"0.231917,0.32277,0.373738",0.9284253257880678,0.23191724990224954,0.5413923584982722,0.41941724990224954,1.4378425756903175,0.6888344998044991,3.4261148583573995,right_close_pair,75.0,-45.0,236.0,74.0,-45.0,235.0,-0.01,-0.0,-0.01,-0.31666666666666665,-0.65,19.0,13.0,2,False,True,False,True,ablation_drop_center_prior,1.334977592849972,missing_target1
target2_close14|seed21|source_mismatch,target2_close14,21,source_mismatch,local2d_detector_baseline_target2_close14_seed21_source_mismatch_cpu,mean_top20_moderate12_baseline,5,"7,2,1","194,251,263","86,76,81",1,False,True,False,False,"1,2,3",2.859424977616671,3.2044249776166707,0.7669360419406708,0.9394360419406708,3.1129249776166708,0.4651270651484827,500.00000000000006,69.0,45.0,"0.237243,0.331463,0.359044",0.9277500427901954,0.23724334338096373,0.5464933576443621,0.40974334338096374,1.418493386171159,0.6814866867619275,3.441668320997634,right_close_pair,69.0,-45.0,236.0,74.0,-45.0,235.0,-0.05,-0.0,-0.01,-0.16666666666666666,-0.35,10.0,7.0,1,False,True,False,False,ablation_drop_center_prior,1.3384136906184398,missing_target1_target2
target2_close14|seed34|nominal,target2_close14,34,nominal,local2d_detector_baseline_target2_close14_seed34_nominal_cpu,mean_top20_moderate12_baseline,87,"14,7,1","190,248,260","85,89,87",3,True,True,True,True,"1,2,3",2.8295362786595444,3.1795362786595445,0.7515480934802559,0.9265480934802559,3.0865362786595445,0.4595054873263418,550.0,70.0,46.0,"0.23468,0.315625,0.369995",0.920299877814464,0.2346795731842756,0.5414461991224303,0.4096795731842756,1.4119794509987398,0.6793591463685512,3.41421585184382,right_close_pair,70.0,-46.0,232.66666666666666,74.0,-45.0,235.0,-0.04,-0.01,-0.023333333333333428,-0.36666666666666664,-0.7,22.0,14.0,3,True,True,True,True,ablation_drop_center_prior,1.2571662292014674,all_truth
target2_close14|seed34|source_mismatch,target2_close14,34,source_mismatch,local2d_detector_baseline_target2_close14_seed34_source_mismatch_cpu,mean_top20_moderate12_baseline,56,"10,5,1","188,247,261","83,85,83",3,True,True,True,True,"1,2,3",2.7480719149509296,3.11307191495093,0.7638384442755252,0.9463384442755252,3.0175719149509295,0.4832650428856328,500.00000000000006,73.0,45.0,"0.241816,0.314872,0.359934",0.9166223884988369,0.24181632622778124,0.5473571223940602,0.42431632622778126,1.4279387147266183,0.7026326524555624,3.354888241178711,right_close_pair,73.0,-45.0,232.0,74.0,-45.0,235.0,-0.01,-0.0,-0.03,-0.26666666666666666,-0.5,16.0,10.0,3,True,True,True,True,ablation_drop_center_prior,1.328280338932385,all_truth
target2_close50_linear29p5|seed13|nominal,target2_close50_linear29p5,13,nominal,local2d_detector_baseline_target2_close50_linear29p5_seed13_nominal_cpu,mean_top20_distinct20_baseline,173,"7,2,10","184,250,301","110,102,103",0,False,False,False,False,"1,2,3",2.4548562145627075,3.0398562145627075,0.6961858382628466,0.9886858382628466,2.9153562145627077,0.43962673057297463,500.00000000000006,117.0,15.0,"0.240955,0.333806,0.236775",0.8115360281965021,0.23677546046036657,0.5072874698592006,0.5292754604603666,1.5088114886568686,0.8287299996644817,3.276631675023074,wide_pair,117.0,-15.0,245.0,112.0,-15.0,250.0,-0.05,-0.0,-0.05,-0.31666666666666665,-0.5,19.0,10.0,0,False,False,False,False,ablation_drop_center_prior,1.3280654126663824,missing_target0_target1_target2
target2_close50_linear29p5|seed13|source_mismatch,target2_close50_linear29p5,13,source_mismatch,local2d_detector_baseline_target2_close50_linear29p5_seed13_source_mismatch_cpu,mean_top20_distinct20_baseline,282,"9,3,11","187,253,305","102,100,90",1,False,False,False,True,"1,2,3",2.242854421891026,2.832854421891026,0.6936938854049418,0.9886938854049419,2.707854421891026,0.41105747713130125,500.00000000000006,118.0,14.0,"0.226578,0.295307,0.23408",0.7559651203472638,0.2265778991083783,0.4785662725574662,0.5215778991083783,1.4475430194556422,0.8071557982167565,3.059432320999404,wide_pair,118.0,-14.0,248.33333333333334,112.0,-15.0,250.0,-0.06,-0.01,-0.016666666666666573,-0.38333333333333336,-0.55,23.0,11.0,1,False,False,False,True,ablation_drop_center_prior,1.1998246405943684,missing_target0_target1
target2_close50_linear29p5|seed21|nominal,target2_close50_linear29p5,21,nominal,local2d_detector_baseline_target2_close50_linear29p5_seed21_nominal_cpu,mean_top20_distinct20_baseline,531,"10,4,16","183,251,303","108,77,109",0,False,False,False,False,"1,2,3",2.3146833128536333,2.9146833128536334,0.6274333721233992,0.9274333721233992,2.7866833128536332,0.37819641592741277,750.0,120.0,16.0,"0.241883,0.334516,0.215799",0.7921988708848993,0.21579921705400115,0.4798655073489676,0.5157992170540011,1.4799980879389003,0.8176824948400948,3.1304825299076344,wide_pair,120.0,-16.0,245.66666666666666,112.0,-15.0,250.0,-0.08,-0.01,-0.043333333333333425,-0.5,-0.8,30.0,16.0,0,False,False,False,False,ablation_drop_center_prior,1.1960955499509769,missing_target0_target1_target2
target2_close50_linear29p5|seed21|source_mismatch,target2_close50_linear29p5,21,source_mismatch,local2d_detector_baseline_target2_close50_linear29p5_seed21_source_mismatch_cpu,mean_top20_distinct20_baseline,261,"12,2,9","188,253,303","97,93,91",3,True,True,True,True,"1,2,3",2.3010081345113997,2.8760081345114,0.6841977995095918,0.9716977995095918,2.7535081345114,0.4173076525534148,500.00000000000006,115.0,15.0,"0.23061,0.335462,0.234971",0.8010426820734851,0.2306095590085883,0.4976237863664167,0.5181095590085882,1.4841522410820733,0.8062191180171765,3.106617693519988,wide_pair,115.0,-15.0,248.0,112.0,-15.0,250.0,-0.03,-0.0,-0.02,-0.38333333333333336,-0.6,23.0,12.0,3,True,True,True,True,ablation_drop_center_prior,1.280066325911701,all_truth
target2_close50_linear29p5|seed34|nominal,target2_close50_linear29p5,34,nominal,local2d_detector_baseline_target2_close50_linear29p5_seed34_nominal_cpu,mean_top20_distinct20_baseline,528,"13,4,10","185,251,303","109,75,93",1,False,False,False,True,"1,2,3",2.4170704657554447,3.0070704657554446,0.706081938611334,1.0010819386113339,2.8820704657554446,0.40248489687039185,667.0,118.0,14.0,"0.237345,0.333103,0.24377",0.8142175447014705,0.23734517211893488,0.5087510203527583,0.5323451721189348,1.5165627168204054,0.8286903442378697,3.2444156378743796,wide_pair,118.0,-14.0,246.33333333333334,112.0,-15.0,250.0,-0.06,-0.01,-0.03666666666666657,-0.45,-0.65,27.0,13.0,1,False,False,False,True,ablation_drop_center_prior,1.2596644859850787,missing_target0_target1
target2_close50_linear29p5|seed34|source_mismatch,target2_close50_linear29p5,34,source_mismatch,local2d_detector_baseline_target2_close50_linear29p5_seed34_source_mismatch_cpu,mean_top20_distinct20_baseline,230,"8,3,7","181,248,295","102,96,89",2,False,False,True,True,"1,2,3",2.3106638614135946,2.8806638614135944,0.7029100573339436,0.9879100573339437,2.7566638614135948,0.43705121762769317,500.00000000000006,114.0,20.0,"0.235081,0.315515,0.251097",0.8016924026712033,0.23508070269969167,0.5023115035900928,0.5200807026996916,1.482773105370895,0.8121614053993833,3.115744564113286,wide_pair,114.0,-20.0,241.33333333333334,112.0,-15.0,250.0,-0.02,-0.05,-0.08666666666666657,-0.3,-0.4,18.0,8.0,2,False,False,True,True,ablation_drop_center_prior,1.1045354655081048,missing_target0
target2_close14|seed13|nominal,target2_close14,13,nominal,local2d_detector_baseline_target2_close14_seed13_nominal_cpu,mean_top20_moderate12_baseline,74,"14,6,1","186,249,265","77,93,85",2,False,False,True,True,"1,2,3",2.8632554118074767,3.2582554118074767,0.7308838044433662,0.9283838044433662,3.1557554118074767,0.47270184961069517,550.0,79.0,47.0,"0.225635,0.319251,0.366497",0.9113821965510092,0.22563480603849811,0.5294288715555011,0.4231348060384981,1.4295170025895072,0.6882696120769962,3.4838902178459747,right_close_pair,79.0,-47.0,233.33333333333334,74.0,-45.0,235.0,-0.05,-0.02,-0.016666666666666573,-0.35,-0.7,21.0,14.0,2,False,False,True,True,ablation_drop_rank_penalty,1.3032032115306151,missing_target0
target2_close14|seed13|source_mismatch,target2_close14,13,source_mismatch,local2d_detector_baseline_target2_close14_seed13_source_mismatch_cpu,mean_top20_moderate12_baseline,177,"9,3,2","188,250,266","85,78,90",2,False,True,False,True,"1,2,3",2.6770437451642013,3.0670437451642014,0.7286023247660144,0.9236023247660143,2.966043745164201,0.48003695829688986,500.00000000000006,78.0,46.0,"0.237178,0.329088,0.326972",0.8932379516218885,0.2371779881276018,0.5349239720015646,0.4321779881276018,1.4194159397494903,0.7083559762552036,3.3042217332918034,right_close_pair,78.0,-46.0,234.66666666666666,74.0,-45.0,235.0,-0.04,-0.01,-0.003333333333333428,-0.23333333333333334,-0.45,14.0,9.0,2,False,True,False,True,ablation_drop_rank_penalty,1.3098856498664393,missing_target1
target2_close14|seed21|nominal,target2_close14,21,nominal,local2d_detector_baseline_target2_close14_seed21_nominal_cpu,mean_top20_moderate12_baseline,59,"13,5,1","191,251,266","86,78,91",2,False,True,False,True,"1,2,3",2.8191976084551498,3.1941976084551498,0.7309313850055122,0.9184313850055122,3.0966976084551496,0.487780237660655,550.0,75.0,45.0,"0.231917,0.32277,0.373738",0.9284253257880678,0.23191724990224954,0.5413923584982722,0.41941724990224954,1.4378425756903175,0.6888344998044991,3.4261148583573995,right_close_pair,75.0,-45.0,236.0,74.0,-45.0,235.0,-0.01,-0.0,-0.01,-0.31666666666666665,-0.65,19.0,13.0,2,False,True,False,True,ablation_drop_rank_penalty,1.3971442595166388,missing_target1
target2_close14|seed21|source_mismatch,target2_close14,21,source_mismatch,local2d_detector_baseline_target2_close14_seed21_source_mismatch_cpu,mean_top20_moderate12_baseline,5,"7,2,1","194,251,263","86,76,81",1,False,True,False,False,"1,2,3",2.859424977616671,3.2044249776166707,0.7669360419406708,0.9394360419406708,3.1129249776166708,0.4651270651484827,500.00000000000006,69.0,45.0,"0.237243,0.331463,0.359044",0.9277500427901954,0.23724334338096373,0.5464933576443621,0.40974334338096374,1.418493386171159,0.6814866867619275,3.441668320997634,right_close_pair,69.0,-45.0,236.0,74.0,-45.0,235.0,-0.05,-0.0,-0.01,-0.16666666666666666,-0.35,10.0,7.0,1,False,True,False,False,ablation_drop_rank_penalty,1.3705803572851065,missing_target1_target2
target2_close14|seed34|nominal,target2_close14,34,nominal,local2d_detector_baseline_target2_close14_seed34_nominal_cpu,mean_top20_moderate12_baseline,377,"15,7,3","188,248,262","95,89,78",2,False,True,True,False,"1,2,3",2.7329905483632455,3.1029905483632456,0.7360909802742309,0.9210909802742309,3.0059905483632456,0.49064245719426425,550.0,74.0,46.0,"0.232795,0.315625,0.350788",0.8992077258636119,0.23279498848352223,0.5325308971047262,0.41779498848352226,1.4050027143471342,0.6875899769670445,3.335785536846768,right_close_pair,74.0,-46.0,232.66666666666666,74.0,-45.0,235.0,-0.0,-0.01,-0.023333333333333428,-0.4166666666666667,-0.75,25.0,15.0,2,False,True,True,False,ablation_drop_rank_penalty,1.3249917978762542,missing_target2
target2_close14|seed34|source_mismatch,target2_close14,34,source_mismatch,local2d_detector_baseline_target2_close14_seed34_source_mismatch_cpu,mean_top20_moderate12_baseline,56,"10,5,1","188,247,261","83,85,83",3,True,True,True,True,"1,2,3",2.7480719149509296,3.11307191495093,0.7638384442755252,0.9463384442755252,3.0175719149509295,0.4832650428856328,500.00000000000006,73.0,45.0,"0.241816,0.314872,0.359934",0.9166223884988369,0.24181632622778124,0.5473571223940602,0.42431632622778126,1.4279387147266183,0.7026326524555624,3.354888241178711,right_close_pair,73.0,-45.0,232.0,74.0,-45.0,235.0,-0.01,-0.0,-0.03,-0.26666666666666666,-0.5,16.0,10.0,3,True,True,True,True,ablation_drop_rank_penalty,1.3739470055990515,all_truth
target2_close50_linear29p5|seed13|nominal,target2_close50_linear29p5,13,nominal,local2d_detector_baseline_target2_close50_linear29p5_seed13_nominal_cpu,mean_top20_distinct20_baseline,173,"7,2,10","184,250,301","110,102,103",0,False,False,False,False,"1,2,3",2.4548562145627075,3.0398562145627075,0.6961858382628466,0.9886858382628466,2.9153562145627077,0.43962673057297463,500.00000000000006,117.0,15.0,"0.240955,0.333806,0.236775",0.8115360281965021,0.23677546046036657,0.5072874698592006,0.5292754604603666,1.5088114886568686,0.8287299996644817,3.276631675023074,wide_pair,117.0,-15.0,245.0,112.0,-15.0,250.0,-0.05,-0.0,-0.05,-0.31666666666666665,-0.5,19.0,10.0,0,False,False,False,False,ablation_drop_rank_penalty,1.374732079333049,missing_target0_target1_target2
target2_close50_linear29p5|seed13|source_mismatch,target2_close50_linear29p5,13,source_mismatch,local2d_detector_baseline_target2_close50_linear29p5_seed13_source_mismatch_cpu,mean_top20_distinct20_baseline,282,"9,3,11","187,253,305","102,100,90",1,False,False,False,True,"1,2,3",2.242854421891026,2.832854421891026,0.6936938854049418,0.9886938854049419,2.707854421891026,0.41105747713130125,500.00000000000006,118.0,14.0,"0.226578,0.295307,0.23408",0.7559651203472638,0.2265778991083783,0.4785662725574662,0.5215778991083783,1.4475430194556422,0.8071557982167565,3.059432320999404,wide_pair,118.0,-14.0,248.33333333333334,112.0,-15.0,250.0,-0.06,-0.01,-0.016666666666666573,-0.38333333333333336,-0.55,23.0,11.0,1,False,False,False,True,ablation_drop_rank_penalty,1.2623246405943684,missing_target0_target1
target2_close50_linear29p5|seed21|nominal,target2_close50_linear29p5,21,nominal,local2d_detector_baseline_target2_close50_linear29p5_seed21_nominal_cpu,mean_top20_distinct20_baseline,163,"18,1,16","188,253,303","97,101,109",1,False,True,False,False,"1,2,3",2.286085691775241,2.8610856917752407,0.6002755981958179,0.8877755981958179,2.738585691775241,0.4058625593623866,500.00000000000006,115.0,15.0,"0.19441,0.340286,0.215799",0.7504958325289971,0.19441038715420442,0.4445756646638701,0.4819103871542044,1.3974062196832016,0.7338207743084089,3.055496078929445,wide_pair,115.0,-15.0,248.0,112.0,-15.0,250.0,-0.03,-0.0,-0.02,-0.5833333333333334,-0.9,35.0,18.0,1,False,True,False,False,ablation_drop_rank_penalty,1.2908023256274899,missing_target1_target2
target2_close50_linear29p5|seed21|source_mismatch,target2_close50_linear29p5,21,source_mismatch,local2d_detector_baseline_target2_close50_linear29p5_seed21_source_mismatch_cpu,mean_top20_distinct20_baseline,261,"12,2,9","188,253,303","97,93,91",3,True,True,True,True,"1,2,3",2.3010081345113997,2.8760081345114,0.6841977995095918,0.9716977995095918,2.7535081345114,0.4173076525534148,500.00000000000006,115.0,15.0,"0.23061,0.335462,0.234971",0.8010426820734851,0.2306095590085883,0.4976237863664167,0.5181095590085882,1.4841522410820733,0.8062191180171765,3.106617693519988,wide_pair,115.0,-15.0,248.0,112.0,-15.0,250.0,-0.03,-0.0,-0.02,-0.38333333333333336,-0.6,23.0,12.0,3,True,True,True,True,ablation_drop_rank_penalty,1.3443996592450345,all_truth
target2_close50_linear29p5|seed34|nominal,target2_close50_linear29p5,34,nominal,local2d_detector_baseline_target2_close50_linear29p5_seed34_nominal_cpu,mean_top20_distinct20_baseline,528,"13,4,10","185,251,303","109,75,93",1,False,False,False,True,"1,2,3",2.4170704657554447,3.0070704657554446,0.706081938611334,1.0010819386113339,2.8820704657554446,0.40248489687039185,667.0,118.0,14.0,"0.237345,0.333103,0.24377",0.8142175447014705,0.23734517211893488,0.5087510203527583,0.5323451721189348,1.5165627168204054,0.8286903442378697,3.2444156378743796,wide_pair,118.0,-14.0,246.33333333333334,112.0,-15.0,250.0,-0.06,-0.01,-0.03666666666666657,-0.45,-0.65,27.0,13.0,1,False,False,False,True,ablation_drop_rank_penalty,1.3298311526517452,missing_target0_target1
target2_close50_linear29p5|seed34|source_mismatch,target2_close50_linear29p5,34,source_mismatch,local2d_detector_baseline_target2_close50_linear29p5_seed34_source_mismatch_cpu,mean_top20_distinct20_baseline,267,"15,3,12","185,248,296","78,96,100",1,False,False,True,False,"1,2,3",2.0201763684333556,2.5751763684333557,0.4844722490891909,0.7619722490891909,2.4566763684333557,0.4007304428599269,500.00000000000006,111.0,15.0,"0.15583,0.315515,0.224024",0.695368356477953,0.15582962110857443,0.38761907326789213,0.4333296211085744,1.2876979775865276,0.6446592422171489,2.7310059895419303,wide_pair,111.0,-15.0,243.0,112.0,-15.0,250.0,-0.01,-0.0,-0.07,-0.5,-0.75,30.0,15.0,1,False,False,True,False,ablation_drop_rank_penalty,1.17105018670165,missing_target0_target2
target2_close14|seed13|nominal,target2_close14,13,nominal,local2d_detector_baseline_target2_close14_seed13_nominal_cpu,mean_top20_moderate12_baseline,11,"13,2,1","185,261,265","97,94,85",2,False,True,False,True,"1,2,3",2.999818810838174,3.3998188108381737,0.7432022961493023,0.9432022961493023,3.2838188108381736,0.500761174773084,500.00000000000006,80.0,72.0,"0.226636,0.365498,0.366497",0.958631117843626,0.22663630902660523,0.5461800149744805,0.4266363090266052,1.4692674268702313,0.6932726180532105,3.626455119864779,right_close_pair,80.0,-72.0,237.0,74.0,-45.0,235.0,-0.06,-0.27,-0.02,-0.26666666666666666,-0.65,16.0,13.0,2,False,True,False,True,signed_gap_sweep_w0,1.3667580707414049,missing_target1
target2_close14|seed13|source_mismatch,target2_close14,13,source_mismatch,local2d_detector_baseline_target2_close14_seed13_source_mismatch_cpu,mean_top20_moderate12_baseline,24,"9,3,1","188,250,264","85,78,81",1,False,True,False,False,"1,2,3",2.763213882781314,3.143213882781314,0.7286023247660144,0.9186023247660144,3.0432138827813144,0.46952811380190645,500.00000000000006,76.0,48.0,"0.237178,0.329088,0.359241",0.9255065378012227,0.2371779881276018,0.5456801673946761,0.42717798812760177,1.4426845259288246,0.7023559762552036,3.380391870908916,right_close_pair,76.0,-48.0,234.0,74.0,-45.0,235.0,-0.02,-0.03,-0.01,-0.21666666666666667,-0.45,13.0,9.0,1,False,True,False,False,signed_gap_sweep_w0,1.341253970479529,missing_target1_target2
target2_close14|seed21|nominal,target2_close14,21,nominal,local2d_detector_baseline_target2_close14_seed21_nominal_cpu,mean_top20_moderate12_baseline,28,"13,3,1","191,254,266","86,91,91",3,True,True,True,True,"1,2,3",2.938265362206854,3.313265362206854,0.7309313850055122,0.9184313850055122,3.212765362206854,0.4692083849953716,500.00000000000006,75.0,51.0,"0.231917,0.349176,0.373738",0.9548317187032636,0.23191724990224954,0.550194489470004,0.41941724990224954,1.461248968605513,0.6888344998044991,3.545182612109104,right_close_pair,75.0,-51.0,237.0,74.0,-45.0,235.0,-0.01,-0.06,-0.02,-0.2833333333333333,-0.65,17.0,13.0,3,True,True,True,True,signed_gap_sweep_w0,1.3698276733912442,all_truth
target2_close14|seed21|source_mismatch,target2_close14,21,source_mismatch,local2d_detector_baseline_target2_close14_seed21_source_mismatch_cpu,mean_top20_moderate12_baseline,5,"7,2,1","194,251,263","86,76,81",1,False,True,False,False,"1,2,3",2.859424977616671,3.2044249776166707,0.7669360419406708,0.9394360419406708,3.1129249776166708,0.4651270651484827,500.00000000000006,69.0,45.0,"0.237243,0.331463,0.359044",0.9277500427901954,0.23724334338096373,0.5464933576443621,0.40974334338096374,1.418493386171159,0.6814866867619275,3.441668320997634,right_close_pair,69.0,-45.0,236.0,74.0,-45.0,235.0,-0.05,-0.0,-0.01,-0.16666666666666666,-0.35,10.0,7.0,1,False,True,False,False,signed_gap_sweep_w0,1.3364136906184398,missing_target1_target2
target2_close14|seed34|nominal,target2_close14,34,nominal,local2d_detector_baseline_target2_close14_seed34_nominal_cpu,mean_top20_moderate12_baseline,12,"14,1,2","190,260,272","85,87,92",2,False,True,False,True,"1,2,3",2.980604588905248,3.3906045889052483,0.7515480934802559,0.9565480934802558,3.279604588905248,0.4703401491701712,500.00000000000006,82.0,58.0,"0.23468,0.369995,0.359385",0.964060232851066,0.2346795731842756,0.556032984134631,0.4396795731842756,1.4977398060353417,0.7153591463685511,3.6252841620895238,right_close_pair,82.0,-58.0,240.66666666666666,74.0,-45.0,235.0,-0.08,-0.13,-0.056666666666666574,-0.2833333333333333,-0.7,17.0,14.0,2,False,True,False,True,signed_gap_sweep_w0,1.359260068768909,missing_target1
target2_close14|seed34|source_mismatch,target2_close14,34,source_mismatch,local2d_detector_baseline_target2_close14_seed34_source_mismatch_cpu,mean_top20_moderate12_baseline,25,"10,1,3","188,261,263","83,83,75",2,False,True,False,True,"1,3,2",2.8423036878717047,3.2173036878717047,0.7638384442755252,0.9513384442755252,3.1068036878717047,0.4767487056744222,500.00000000000006,75.0,71.0,"0.241816,0.359934,0.343488",0.9452385350072289,0.24181632622778124,0.5568958378968575,0.42931632622778126,1.45155486123501,0.7086326524555625,3.459120014099486,right_close_pair,75.0,-71.0,237.33333333333334,74.0,-45.0,235.0,-0.01,-0.26,-0.023333333333333428,-0.23333333333333334,-0.5,14.0,10.0,2,False,True,False,True,signed_gap_sweep_w0,1.3596014334374025,missing_target1
target2_close50_linear29p5|seed13|nominal,target2_close50_linear29p5,13,nominal,local2d_detector_baseline_target2_close50_linear29p5_seed13_nominal_cpu,mean_top20_distinct20_baseline,55,"7,1,6","184,270,299","110,77,79",0,False,False,False,False,"1,2,3",2.58098350814162,3.1559835081416203,0.7575450283399993,1.0450450283399992,3.01248350814162,0.45098405226575417,600.0,115.0,57.0,"0.240955,0.360528,0.246224",0.8477060766949838,0.24095453920411505,0.5235232314357763,0.528454539204115,1.5201606158990988,0.82690907840823,3.3969380473457353,wide_pair,115.0,-57.0,251.0,112.0,-15.0,250.0,-0.03,-0.42,-0.01,-0.23333333333333334,-0.35,14.0,7.0,0,False,False,False,False,signed_gap_sweep_w0,1.3816345840853632,missing_target0_target1_target2
target2_close50_linear29p5|seed13|source_mismatch,target2_close50_linear29p5,13,source_mismatch,local2d_detector_baseline_target2_close50_linear29p5_seed13_source_mismatch_cpu,mean_top20_distinct20_baseline,85,"9,1,10","187,257,300","102,78,75",0,False,False,False,False,"1,2,3",2.391083457161833,2.956083457161833,0.7005227041876398,0.9830227041876398,2.829583457161833,0.44948521161911725,600.0,113.0,27.0,"0.226578,0.342821,0.23959",0.8089890928523719,0.2265778991083783,0.4962409300591689,0.5090778991083783,1.47406699196075,0.7921557982167566,3.182661356270211,wide_pair,113.0,-27.0,248.0,112.0,-15.0,250.0,-0.01,-0.12,-0.02,-0.3333333333333333,-0.5,20.0,10.0,0,False,False,False,False,signed_gap_sweep_w0,1.306232433901084,missing_target0_target1_target2
target2_close50_linear29p5|seed21|nominal,target2_close50_linear29p5,21,nominal,local2d_detector_baseline_target2_close50_linear29p5_seed21_nominal_cpu,mean_top20_distinct20_baseline,223,"10,2,6","183,272,298","108,75,97",1,False,False,False,True,"1,2,3",2.576597934876362,3.151597934876362,0.7347138827763174,1.0222138827763174,3.0050979348763622,0.41547920353224627,550.0,115.0,63.0,"0.241883,0.365769,0.249449",0.8571014355645736,0.24188327778609367,0.5275837563076182,0.5293832777860936,1.5274847133506673,0.8287665555721873,3.3934812126624556,wide_pair,115.0,-63.0,251.0,112.0,-15.0,250.0,-0.03,-0.48,-0.01,-0.3,-0.5,18.0,10.0,1,False,False,False,True,signed_gap_sweep_w0,1.370438599207825,missing_target0_target1
target2_close50_linear29p5|seed21|source_mismatch,target2_close50_linear29p5,21,source_mismatch,local2d_detector_baseline_target2_close50_linear29p5_seed21_source_mismatch_cpu,mean_top20_distinct20_baseline,54,"8,1,5","183,252,294","108,82,80",1,False,False,True,False,"1,2,3",2.4367493539260168,2.991749353926017,0.6938971944177049,0.9713971944177049,2.8672493539260167,0.4263065249857584,550.0,111.0,27.0,"0.232235,0.346842,0.253595",0.8326717839045945,0.23223463155210422,0.5097918928536358,0.5097346315521043,1.4954064154566988,0.7974692631042084,3.223983985478121,wide_pair,111.0,-27.0,243.0,112.0,-15.0,250.0,-0.01,-0.12,-0.07,-0.23333333333333334,-0.4,14.0,8.0,1,False,False,True,False,signed_gap_sweep_w0,1.3301666714906404,missing_target0_target2
target2_close50_linear29p5|seed34|nominal,target2_close50_linear29p5,34,nominal,local2d_detector_baseline_target2_close50_linear29p5_seed34_nominal_cpu,mean_top20_distinct20_baseline,109,"13,1,9","185,272,296","109,76,76",0,False,False,False,False,"1,2,3",2.508760208028286,3.063760208028286,0.706081938611334,0.983581938611334,2.921260208028286,0.4490411404072827,600.0,111.0,63.0,"0.237345,0.36593,0.251582",0.8548576613971808,0.23734517211893488,0.5222977259179952,0.5148451721189349,1.5047028335161154,0.8076903442378698,3.301105380147221,wide_pair,111.0,-63.0,251.0,112.0,-15.0,250.0,-0.01,-0.48,-0.01,-0.38333333333333336,-0.65,23.0,13.0,0,False,False,False,False,signed_gap_sweep_w0,1.3347391594541687,missing_target0_target1_target2
target2_close50_linear29p5|seed34|source_mismatch,target2_close50_linear29p5,34,source_mismatch,local2d_detector_baseline_target2_close50_linear29p5_seed34_source_mismatch_cpu,mean_top20_distinct20_baseline,31,"8,1,4","181,250,291","102,84,77",1,False,False,True,False,"1,2,3",2.4847616218848905,3.0347616218848907,0.7029100573339436,0.9779100573339436,2.9107616218848906,0.442591315286794,550.0,110.0,28.0,"0.235081,0.337507,0.25501",0.827597553524668,0.23508070269969167,0.510946553874581,0.5100807026996916,1.4886782562243597,0.8001614053993833,3.2698423245845825,wide_pair,110.0,-28.0,240.66666666666666,112.0,-15.0,250.0,-0.02,-0.13,-0.09333333333333343,-0.21666666666666667,-0.4,13.0,8.0,1,False,False,True,False,signed_gap_sweep_w0,1.327974259695763,missing_target0_target2
target2_close14|seed13|nominal,target2_close14,13,nominal,local2d_detector_baseline_target2_close14_seed13_nominal_cpu,mean_top20_moderate12_baseline,74,"14,6,1","186,249,265","77,93,85",2,False,False,True,True,"1,2,3",2.8632554118074767,3.2582554118074767,0.7308838044433662,0.9283838044433662,3.1557554118074767,0.47270184961069517,550.0,79.0,47.0,"0.225635,0.319251,0.366497",0.9113821965510092,0.22563480603849811,0.5294288715555011,0.4231348060384981,1.4295170025895072,0.6882696120769962,3.4838902178459747,right_close_pair,79.0,-47.0,233.33333333333334,74.0,-45.0,235.0,-0.05,-0.02,-0.016666666666666573,-0.35,-0.7,21.0,14.0,2,False,False,True,True,signed_gap_sweep_w0.5,1.3032032115306154,missing_target0
target2_close14|seed13|source_mismatch,target2_close14,13,source_mismatch,local2d_detector_baseline_target2_close14_seed13_source_mismatch_cpu,mean_top20_moderate12_baseline,24,"9,3,1","188,250,264","85,78,81",1,False,True,False,False,"1,2,3",2.763213882781314,3.143213882781314,0.7286023247660144,0.9186023247660144,3.0432138827813144,0.46952811380190645,500.00000000000006,76.0,48.0,"0.237178,0.329088,0.359241",0.9255065378012227,0.2371779881276018,0.5456801673946761,0.42717798812760177,1.4426845259288246,0.7023559762552036,3.380391870908916,right_close_pair,76.0,-48.0,234.0,74.0,-45.0,235.0,-0.02,-0.03,-0.01,-0.21666666666666667,-0.45,13.0,9.0,1,False,True,False,False,signed_gap_sweep_w0.5,1.326253970479529,missing_target1_target2
target2_close14|seed21|nominal,target2_close14,21,nominal,local2d_detector_baseline_target2_close14_seed21_nominal_cpu,mean_top20_moderate12_baseline,28,"13,3,1","191,254,266","86,91,91",3,True,True,True,True,"1,2,3",2.938265362206854,3.313265362206854,0.7309313850055122,0.9184313850055122,3.212765362206854,0.4692083849953716,500.00000000000006,75.0,51.0,"0.231917,0.349176,0.373738",0.9548317187032636,0.23191724990224954,0.550194489470004,0.41941724990224954,1.461248968605513,0.6888344998044991,3.545182612109104,right_close_pair,75.0,-51.0,237.0,74.0,-45.0,235.0,-0.01,-0.06,-0.02,-0.2833333333333333,-0.65,17.0,13.0,3,True,True,True,True,signed_gap_sweep_w0.5,1.3398276733912442,all_truth
target2_close14|seed21|source_mismatch,target2_close14,21,source_mismatch,local2d_detector_baseline_target2_close14_seed21_source_mismatch_cpu,mean_top20_moderate12_baseline,5,"7,2,1","194,251,263","86,76,81",1,False,True,False,False,"1,2,3",2.859424977616671,3.2044249776166707,0.7669360419406708,0.9394360419406708,3.1129249776166708,0.4651270651484827,500.00000000000006,69.0,45.0,"0.237243,0.331463,0.359044",0.9277500427901954,0.23724334338096373,0.5464933576443621,0.40974334338096374,1.418493386171159,0.6814866867619275,3.441668320997634,right_close_pair,69.0,-45.0,236.0,74.0,-45.0,235.0,-0.05,-0.0,-0.01,-0.16666666666666666,-0.35,10.0,7.0,1,False,True,False,False,signed_gap_sweep_w0.5,1.3364136906184398,missing_target1_target2
target2_close14|seed34|nominal,target2_close14,34,nominal,local2d_detector_baseline_target2_close14_seed34_nominal_cpu,mean_top20_moderate12_baseline,12,"14,1,2","190,260,272","85,87,92",2,False,True,False,True,"1,2,3",2.980604588905248,3.3906045889052483,0.7515480934802559,0.9565480934802558,3.279604588905248,0.4703401491701712,500.00000000000006,82.0,58.0,"0.23468,0.369995,0.359385",0.964060232851066,0.2346795731842756,0.556032984134631,0.4396795731842756,1.4977398060353417,0.7153591463685511,3.6252841620895238,right_close_pair,82.0,-58.0,240.66666666666666,74.0,-45.0,235.0,-0.08,-0.13,-0.056666666666666574,-0.2833333333333333,-0.7,17.0,14.0,2,False,True,False,True,signed_gap_sweep_w0.5,1.294260068768909,missing_target1
target2_close14|seed34|source_mismatch,target2_close14,34,source_mismatch,local2d_detector_baseline_target2_close14_seed34_source_mismatch_cpu,mean_top20_moderate12_baseline,41,"10,4,1","188,249,261","83,77,83",2,False,True,False,True,"1,2,3",2.822678305660749,3.187678305660749,0.7638384442755252,0.9463384442755252,3.0901783056607486,0.46043083859139894,500.00000000000006,73.0,49.0,"0.241816,0.326649,0.359934",0.9283990458351704,0.24181632622778124,0.5512826748395047,0.42431632622778126,1.4377153720629516,0.7026326524555624,3.4294946318885304,right_close_pair,73.0,-49.0,232.66666666666666,74.0,-45.0,235.0,-0.01,-0.04,-0.023333333333333428,-0.25,-0.5,15.0,10.0,2,False,True,False,True,signed_gap_sweep_w0.5,1.3250899457425156,missing_target1
target2_close50_linear29p5|seed13|nominal,target2_close50_linear29p5,13,nominal,local2d_detector_baseline_target2_close50_linear29p5_seed13_nominal_cpu,mean_top20_distinct20_baseline,160,"7,2,6","184,250,299","110,102,79",0,False,False,False,False,"1,2,3",2.525137840133082,3.1001378401330824,0.7575450283399993,1.0450450283399992,2.976637840133082,0.4328885092990578,600.0,115.0,17.0,"0.240955,0.333806,0.246224",0.8209844119036058,0.24095453920411505,0.5146160098386503,0.528454539204115,1.5134389511077209,0.82690907840823,3.3410923793371974,wide_pair,115.0,-17.0,244.33333333333334,112.0,-15.0,250.0,-0.03,-0.02,-0.056666666666666574,-0.25,-0.35,15.0,7.0,0,False,False,False,False,signed_gap_sweep_w0.5,1.3461046180879666,missing_target0_target1_target2
target2_close50_linear29p5|seed13|source_mismatch,target2_close50_linear29p5,13,source_mismatch,local2d_detector_baseline_target2_close50_linear29p5_seed13_source_mismatch_cpu,mean_top20_distinct20_baseline,86,"9,1,11","187,257,305","102,78,90",1,False,False,False,True,"1,2,3",2.3842546383791348,2.9742546383791346,0.6936938854049418,0.9886938854049419,2.8452546383791346,0.4370448996217182,550.0,118.0,22.0,"0.226578,0.342821,0.23408",0.8034797110446537,0.2265778991083783,0.4944044694565962,0.5215778991083783,1.491057610153032,0.8071557982167565,3.200832537487513,wide_pair,118.0,-22.0,249.66666666666666,112.0,-15.0,250.0,-0.06,-0.07,-0.003333333333333428,-0.35,-0.55,21.0,11.0,1,False,False,False,True,signed_gap_sweep_w0.5,1.257528645907352,missing_target0_target1
target2_close50_linear29p5|seed21|nominal,target2_close50_linear29p5,21,nominal,local2d_detector_baseline_target2_close50_linear29p5_seed21_nominal_cpu,mean_top20_distinct20_baseline,70,"10,1,6","183,253,298","108,101,97",1,False,False,False,True,"1,2,3",2.5811039120436488,3.1561039120436485,0.7347138827763174,1.0222138827763174,3.0286039120436485,0.4464396018451182,550.0,115.0,25.0,"0.241883,0.340286,0.249449",0.8316185265040761,0.24188327778609367,0.5190894532874524,0.5293832777860936,1.5210018042901698,0.8287665555721873,3.3979871898297422,wide_pair,115.0,-25.0,244.66666666666666,112.0,-15.0,250.0,-0.03,-0.1,-0.05333333333333343,-0.2833333333333333,-0.5,17.0,10.0,1,False,False,False,True,signed_gap_sweep_w0.5,1.3110983401110337,missing_target0_target1
target2_close50_linear29p5|seed21|source_mismatch,target2_close50_linear29p5,21,source_mismatch,local2d_detector_baseline_target2_close50_linear29p5_seed21_source_mismatch_cpu,mean_top20_distinct20_baseline,108,"12,1,9","188,252,303","97,82,91",3,True,True,True,True,"1,2,3",2.3821209682526603,2.95712096825266,0.6841977995095918,0.9716977995095918,2.8356209682526603,0.4220266066017426,550.0,115.0,13.0,"0.23061,0.346842,0.234971",0.8124230740109643,0.2306095590085883,0.5014172503455764,0.5181095590085882,1.4965326330195525,0.8062191180171765,3.187730527261248,wide_pair,115.0,-13.0,247.66666666666666,112.0,-15.0,250.0,-0.03,-0.02,-0.023333333333333428,-0.36666666666666664,-0.6,22.0,12.0,3,True,True,True,True,signed_gap_sweep_w0.5,1.2894790886286926,all_truth
target2_close50_linear29p5|seed34|nominal,target2_close50_linear29p5,34,nominal,local2d_detector_baseline_target2_close50_linear29p5_seed34_nominal_cpu,mean_top20_distinct20_baseline,528,"13,4,10","185,251,303","109,75,93",1,False,False,False,True,"1,2,3",2.4170704657554447,3.0070704657554446,0.706081938611334,1.0010819386113339,2.8820704657554446,0.40248489687039185,667.0,118.0,14.0,"0.237345,0.333103,0.24377",0.8142175447014705,0.23734517211893488,0.5087510203527583,0.5323451721189348,1.5165627168204054,0.8286903442378697,3.2444156378743796,wide_pair,118.0,-14.0,246.33333333333334,112.0,-15.0,250.0,-0.06,-0.01,-0.03666666666666657,-0.45,-0.65,27.0,13.0,1,False,False,False,True,signed_gap_sweep_w0.5,1.2873311526517455,missing_target0_target1
target2_close50_linear29p5|seed34|source_mismatch,target2_close50_linear29p5,34,source_mismatch,local2d_detector_baseline_target2_close50_linear29p5_seed34_source_mismatch_cpu,mean_top20_distinct20_baseline,61,"8,1,7","181,250,295","102,84,89",2,False,False,True,True,"1,2,3",2.435121712040073,3.005121712040073,0.7029100573339436,0.9879100573339437,2.879121712040073,0.43516212493812945,550.0,114.0,24.0,"0.235081,0.337507,0.251097",0.8236840761124017,0.23508070269969167,0.5096420614038255,0.5200807026996916,1.5027647788120932,0.8121614053993833,3.240202414739765,wide_pair,114.0,-24.0,242.0,112.0,-15.0,250.0,-0.02,-0.09,-0.08,-0.26666666666666666,-0.4,16.0,8.0,2,False,False,True,True,signed_gap_sweep_w0.5,1.281756205687333,missing_target0
target2_close14|seed13|nominal,target2_close14,13,nominal,local2d_detector_baseline_target2_close14_seed13_nominal_cpu,mean_top20_moderate12_baseline,74,"14,6,1","186,249,265","77,93,85",2,False,False,True,True,"1,2,3",2.8632554118074767,3.2582554118074767,0.7308838044433662,0.9283838044433662,3.1557554118074767,0.47270184961069517,550.0,79.0,47.0,"0.225635,0.319251,0.366497",0.9113821965510092,0.22563480603849811,0.5294288715555011,0.4231348060384981,1.4295170025895072,0.6882696120769962,3.4838902178459747,right_close_pair,79.0,-47.0,233.33333333333334,74.0,-45.0,235.0,-0.05,-0.02,-0.016666666666666573,-0.35,-0.7,21.0,14.0,2,False,False,True,True,signed_gap_sweep_w1,1.2932032115306153,missing_target0
target2_close14|seed13|source_mismatch,target2_close14,13,source_mismatch,local2d_detector_baseline_target2_close14_seed13_source_mismatch_cpu,mean_top20_moderate12_baseline,24,"9,3,1","188,250,264","85,78,81",1,False,True,False,False,"1,2,3",2.763213882781314,3.143213882781314,0.7286023247660144,0.9186023247660144,3.0432138827813144,0.46952811380190645,500.00000000000006,76.0,48.0,"0.237178,0.329088,0.359241",0.9255065378012227,0.2371779881276018,0.5456801673946761,0.42717798812760177,1.4426845259288246,0.7023559762552036,3.380391870908916,right_close_pair,76.0,-48.0,234.0,74.0,-45.0,235.0,-0.02,-0.03,-0.01,-0.21666666666666667,-0.45,13.0,9.0,1,False,True,False,False,signed_gap_sweep_w1,1.311253970479529,missing_target1_target2
target2_close14|seed21|nominal,target2_close14,21,nominal,local2d_detector_baseline_target2_close14_seed21_nominal_cpu,mean_top20_moderate12_baseline,59,"13,5,1","191,251,266","86,78,91",2,False,True,False,True,"1,2,3",2.8191976084551498,3.1941976084551498,0.7309313850055122,0.9184313850055122,3.0966976084551496,0.487780237660655,550.0,75.0,45.0,"0.231917,0.32277,0.373738",0.9284253257880678,0.23191724990224954,0.5413923584982722,0.41941724990224954,1.4378425756903175,0.6888344998044991,3.4261148583573995,right_close_pair,75.0,-45.0,236.0,74.0,-45.0,235.0,-0.01,-0.0,-0.01,-0.31666666666666665,-0.65,19.0,13.0,2,False,True,False,True,signed_gap_sweep_w1,1.332977592849972,missing_target1
target2_close14|seed21|source_mismatch,target2_close14,21,source_mismatch,local2d_detector_baseline_target2_close14_seed21_source_mismatch_cpu,mean_top20_moderate12_baseline,5,"7,2,1","194,251,263","86,76,81",1,False,True,False,False,"1,2,3",2.859424977616671,3.2044249776166707,0.7669360419406708,0.9394360419406708,3.1129249776166708,0.4651270651484827,500.00000000000006,69.0,45.0,"0.237243,0.331463,0.359044",0.9277500427901954,0.23724334338096373,0.5464933576443621,0.40974334338096374,1.418493386171159,0.6814866867619275,3.441668320997634,right_close_pair,69.0,-45.0,236.0,74.0,-45.0,235.0,-0.05,-0.0,-0.01,-0.16666666666666666,-0.35,10.0,7.0,1,False,True,False,False,signed_gap_sweep_w1,1.3364136906184398,missing_target1_target2
target2_close14|seed34|nominal,target2_close14,34,nominal,local2d_detector_baseline_target2_close14_seed34_nominal_cpu,mean_top20_moderate12_baseline,87,"14,7,1","190,248,260","85,89,87",3,True,True,True,True,"1,2,3",2.8295362786595444,3.1795362786595445,0.7515480934802559,0.9265480934802559,3.0865362786595445,0.4595054873263418,550.0,70.0,46.0,"0.23468,0.315625,0.369995",0.920299877814464,0.2346795731842756,0.5414461991224303,0.4096795731842756,1.4119794509987398,0.6793591463685512,3.41421585184382,right_close_pair,70.0,-46.0,232.66666666666666,74.0,-45.0,235.0,-0.04,-0.01,-0.023333333333333428,-0.36666666666666664,-0.7,22.0,14.0,3,True,True,True,True,signed_gap_sweep_w1,1.2824995625348008,all_truth
target2_close14|seed34|source_mismatch,target2_close14,34,source_mismatch,local2d_detector_baseline_target2_close14_seed34_source_mismatch_cpu,mean_top20_moderate12_baseline,56,"10,5,1","188,247,261","83,85,83",3,True,True,True,True,"1,2,3",2.7480719149509296,3.11307191495093,0.7638384442755252,0.9463384442755252,3.0175719149509295,0.4832650428856328,500.00000000000006,73.0,45.0,"0.241816,0.314872,0.359934",0.9166223884988369,0.24181632622778124,0.5473571223940602,0.42431632622778126,1.4279387147266183,0.7026326524555624,3.354888241178711,right_close_pair,73.0,-45.0,232.0,74.0,-45.0,235.0,-0.01,-0.0,-0.03,-0.26666666666666666,-0.5,16.0,10.0,3,True,True,True,True,signed_gap_sweep_w1,1.322280338932385,all_truth
target2_close50_linear29p5|seed13|nominal,target2_close50_linear29p5,13,nominal,local2d_detector_baseline_target2_close50_linear29p5_seed13_nominal_cpu,mean_top20_distinct20_baseline,160,"7,2,6","184,250,299","110,102,79",0,False,False,False,False,"1,2,3",2.525137840133082,3.1001378401330824,0.7575450283399993,1.0450450283399992,2.976637840133082,0.4328885092990578,600.0,115.0,17.0,"0.240955,0.333806,0.246224",0.8209844119036058,0.24095453920411505,0.5146160098386503,0.528454539204115,1.5134389511077209,0.82690907840823,3.3410923793371974,wide_pair,115.0,-17.0,244.33333333333334,112.0,-15.0,250.0,-0.03,-0.02,-0.056666666666666574,-0.25,-0.35,15.0,7.0,0,False,False,False,False,signed_gap_sweep_w1,1.3361046180879665,missing_target0_target1_target2
target2_close50_linear29p5|seed13|source_mismatch,target2_close50_linear29p5,13,source_mismatch,local2d_detector_baseline_target2_close50_linear29p5_seed13_source_mismatch_cpu,mean_top20_distinct20_baseline,282,"9,3,11","187,253,305","102,100,90",1,False,False,False,True,"1,2,3",2.242854421891026,2.832854421891026,0.6936938854049418,0.9886938854049419,2.707854421891026,0.41105747713130125,500.00000000000006,118.0,14.0,"0.226578,0.295307,0.23408",0.7559651203472638,0.2265778991083783,0.4785662725574662,0.5215778991083783,1.4475430194556422,0.8071557982167565,3.059432320999404,wide_pair,118.0,-14.0,248.33333333333334,112.0,-15.0,250.0,-0.06,-0.01,-0.016666666666666573,-0.38333333333333336,-0.55,23.0,11.0,1,False,False,False,True,signed_gap_sweep_w1,1.226491307261035,missing_target0_target1
target2_close50_linear29p5|seed21|nominal,target2_close50_linear29p5,21,nominal,local2d_detector_baseline_target2_close50_linear29p5_seed21_nominal_cpu,mean_top20_distinct20_baseline,526,"10,4,11","183,251,301","108,77,87",1,False,False,False,True,"1,2,3",2.421696803721443,3.011696803721443,0.7344468629912091,1.029446862991209,2.884696803721443,0.41390447814679465,667.0,118.0,18.0,"0.241883,0.334516,0.245358",0.821757195895255,0.24188327778609367,0.515802343084512,0.5368832777860937,1.5266404736813488,0.8377665555721874,3.2535800815075366,wide_pair,118.0,-18.0,245.0,112.0,-15.0,250.0,-0.06,-0.03,-0.05,-0.4166666666666667,-0.55,25.0,11.0,1,False,False,False,True,signed_gap_sweep_w1,1.2748695864755148,missing_target0_target1
target2_close50_linear29p5|seed21|source_mismatch,target2_close50_linear29p5,21,source_mismatch,local2d_detector_baseline_target2_close50_linear29p5_seed21_source_mismatch_cpu,mean_top20_distinct20_baseline,108,"12,1,9","188,252,303","97,82,91",3,True,True,True,True,"1,2,3",2.3821209682526603,2.95712096825266,0.6841977995095918,0.9716977995095918,2.8356209682526603,0.4220266066017426,550.0,115.0,13.0,"0.23061,0.346842,0.234971",0.8124230740109643,0.2306095590085883,0.5014172503455764,0.5181095590085882,1.4965326330195525,0.8062191180171765,3.187730527261248,wide_pair,115.0,-13.0,247.66666666666666,112.0,-15.0,250.0,-0.03,-0.02,-0.023333333333333428,-0.36666666666666664,-0.6,22.0,12.0,3,True,True,True,True,signed_gap_sweep_w1,1.2794790886286926,all_truth
target2_close50_linear29p5|seed34|nominal,target2_close50_linear29p5,34,nominal,local2d_detector_baseline_target2_close50_linear29p5_seed34_nominal_cpu,mean_top20_distinct20_baseline,528,"13,4,10","185,251,303","109,75,93",1,False,False,False,True,"1,2,3",2.4170704657554447,3.0070704657554446,0.706081938611334,1.0010819386113339,2.8820704657554446,0.40248489687039185,667.0,118.0,14.0,"0.237345,0.333103,0.24377",0.8142175447014705,0.23734517211893488,0.5087510203527583,0.5323451721189348,1.5165627168204054,0.8286903442378697,3.2444156378743796,wide_pair,118.0,-14.0,246.33333333333334,112.0,-15.0,250.0,-0.06,-0.01,-0.03666666666666657,-0.45,-0.65,27.0,13.0,1,False,False,False,True,signed_gap_sweep_w1,1.2823311526517454,missing_target0_target1
target2_close50_linear29p5|seed34|source_mismatch,target2_close50_linear29p5,34,source_mismatch,local2d_detector_baseline_target2_close50_linear29p5_seed34_source_mismatch_cpu,mean_top20_distinct20_baseline,230,"8,3,7","181,248,295","102,96,89",2,False,False,True,True,"1,2,3",2.3106638614135946,2.8806638614135944,0.7029100573339436,0.9879100573339437,2.7566638614135948,0.43705121762769317,500.00000000000006,114.0,20.0,"0.235081,0.315515,0.251097",0.8016924026712033,0.23508070269969167,0.5023115035900928,0.5200807026996916,1.482773105370895,0.8121614053993833,3.115744564113286,wide_pair,114.0,-20.0,241.33333333333334,112.0,-15.0,250.0,-0.02,-0.05,-0.08666666666666657,-0.3,-0.4,18.0,8.0,2,False,False,True,True,signed_gap_sweep_w1,1.2372021321747713,missing_target0
target2_close14|seed13|nominal,target2_close14,13,nominal,local2d_detector_baseline_target2_close14_seed13_nominal_cpu,mean_top20_moderate12_baseline,74,"14,6,1","186,249,265","77,93,85",2,False,False,True,True,"1,2,3",2.8632554118074767,3.2582554118074767,0.7308838044433662,0.9283838044433662,3.1557554118074767,0.47270184961069517,550.0,79.0,47.0,"0.225635,0.319251,0.366497",0.9113821965510092,0.22563480603849811,0.5294288715555011,0.4231348060384981,1.4295170025895072,0.6882696120769962,3.4838902178459747,right_close_pair,79.0,-47.0,233.33333333333334,74.0,-45.0,235.0,-0.05,-0.02,-0.016666666666666573,-0.35,-0.7,21.0,14.0,2,False,False,True,True,signed_gap_sweep_w2,1.2732032115306153,missing_target0
target2_close14|seed13|source_mismatch,target2_close14,13,source_mismatch,local2d_detector_baseline_target2_close14_seed13_source_mismatch_cpu,mean_top20_moderate12_baseline,177,"9,3,2","188,250,266","85,78,90",2,False,True,False,True,"1,2,3",2.6770437451642013,3.0670437451642014,0.7286023247660144,0.9236023247660143,2.966043745164201,0.48003695829688986,500.00000000000006,78.0,46.0,"0.237178,0.329088,0.326972",0.8932379516218885,0.2371779881276018,0.5349239720015646,0.4321779881276018,1.4194159397494903,0.7083559762552036,3.3042217332918034,right_close_pair,78.0,-46.0,234.66666666666666,74.0,-45.0,235.0,-0.04,-0.01,-0.003333333333333428,-0.23333333333333334,-0.45,14.0,9.0,2,False,True,False,True,signed_gap_sweep_w2,1.284052316533106,missing_target1
target2_close14|seed21|nominal,target2_close14,21,nominal,local2d_detector_baseline_target2_close14_seed21_nominal_cpu,mean_top20_moderate12_baseline,59,"13,5,1","191,251,266","86,78,91",2,False,True,False,True,"1,2,3",2.8191976084551498,3.1941976084551498,0.7309313850055122,0.9184313850055122,3.0966976084551496,0.487780237660655,550.0,75.0,45.0,"0.231917,0.32277,0.373738",0.9284253257880678,0.23191724990224954,0.5413923584982722,0.41941724990224954,1.4378425756903175,0.6888344998044991,3.4261148583573995,right_close_pair,75.0,-45.0,236.0,74.0,-45.0,235.0,-0.01,-0.0,-0.01,-0.31666666666666665,-0.65,19.0,13.0,2,False,True,False,True,signed_gap_sweep_w2,1.332977592849972,missing_target1
target2_close14|seed21|source_mismatch,target2_close14,21,source_mismatch,local2d_detector_baseline_target2_close14_seed21_source_mismatch_cpu,mean_top20_moderate12_baseline,5,"7,2,1","194,251,263","86,76,81",1,False,True,False,False,"1,2,3",2.859424977616671,3.2044249776166707,0.7669360419406708,0.9394360419406708,3.1129249776166708,0.4651270651484827,500.00000000000006,69.0,45.0,"0.237243,0.331463,0.359044",0.9277500427901954,0.23724334338096373,0.5464933576443621,0.40974334338096374,1.418493386171159,0.6814866867619275,3.441668320997634,right_close_pair,69.0,-45.0,236.0,74.0,-45.0,235.0,-0.05,-0.0,-0.01,-0.16666666666666666,-0.35,10.0,7.0,1,False,True,False,False,signed_gap_sweep_w2,1.3364136906184398,missing_target1_target2
target2_close14|seed34|nominal,target2_close14,34,nominal,local2d_detector_baseline_target2_close14_seed34_nominal_cpu,mean_top20_moderate12_baseline,87,"14,7,1","190,248,260","85,89,87",3,True,True,True,True,"1,2,3",2.8295362786595444,3.1795362786595445,0.7515480934802559,0.9265480934802559,3.0865362786595445,0.4595054873263418,550.0,70.0,46.0,"0.23468,0.315625,0.369995",0.920299877814464,0.2346795731842756,0.5414461991224303,0.4096795731842756,1.4119794509987398,0.6793591463685512,3.41421585184382,right_close_pair,70.0,-46.0,232.66666666666666,74.0,-45.0,235.0,-0.04,-0.01,-0.023333333333333428,-0.36666666666666664,-0.7,22.0,14.0,3,True,True,True,True,signed_gap_sweep_w2,1.2724995625348008,all_truth
target2_close14|seed34|source_mismatch,target2_close14,34,source_mismatch,local2d_detector_baseline_target2_close14_seed34_source_mismatch_cpu,mean_top20_moderate12_baseline,56,"10,5,1","188,247,261","83,85,83",3,True,True,True,True,"1,2,3",2.7480719149509296,3.11307191495093,0.7638384442755252,0.9463384442755252,3.0175719149509295,0.4832650428856328,500.00000000000006,73.0,45.0,"0.241816,0.314872,0.359934",0.9166223884988369,0.24181632622778124,0.5473571223940602,0.42431632622778126,1.4279387147266183,0.7026326524555624,3.354888241178711,right_close_pair,73.0,-45.0,232.0,74.0,-45.0,235.0,-0.01,-0.0,-0.03,-0.26666666666666666,-0.5,16.0,10.0,3,True,True,True,True,signed_gap_sweep_w2,1.322280338932385,all_truth
target2_close50_linear29p5|seed13|nominal,target2_close50_linear29p5,13,nominal,local2d_detector_baseline_target2_close50_linear29p5_seed13_nominal_cpu,mean_top20_distinct20_baseline,173,"7,2,10","184,250,301","110,102,103",0,False,False,False,False,"1,2,3",2.4548562145627075,3.0398562145627075,0.6961858382628466,0.9886858382628466,2.9153562145627077,0.43962673057297463,500.00000000000006,117.0,15.0,"0.240955,0.333806,0.236775",0.8115360281965021,0.23677546046036657,0.5072874698592006,0.5292754604603666,1.5088114886568686,0.8287299996644817,3.276631675023074,wide_pair,117.0,-15.0,245.0,112.0,-15.0,250.0,-0.05,-0.0,-0.05,-0.31666666666666665,-0.5,19.0,10.0,0,False,False,False,False,signed_gap_sweep_w2,1.3180654126663824,missing_target0_target1_target2
target2_close50_linear29p5|seed13|source_mismatch,target2_close50_linear29p5,13,source_mismatch,local2d_detector_baseline_target2_close50_linear29p5_seed13_source_mismatch_cpu,mean_top20_distinct20_baseline,282,"9,3,11","187,253,305","102,100,90",1,False,False,False,True,"1,2,3",2.242854421891026,2.832854421891026,0.6936938854049418,0.9886938854049419,2.707854421891026,0.41105747713130125,500.00000000000006,118.0,14.0,"0.226578,0.295307,0.23408",0.7559651203472638,0.2265778991083783,0.4785662725574662,0.5215778991083783,1.4475430194556422,0.8071557982167565,3.059432320999404,wide_pair,118.0,-14.0,248.33333333333334,112.0,-15.0,250.0,-0.06,-0.01,-0.016666666666666573,-0.38333333333333336,-0.55,23.0,11.0,1,False,False,False,True,signed_gap_sweep_w2,1.216491307261035,missing_target0_target1
target2_close50_linear29p5|seed21|nominal,target2_close50_linear29p5,21,nominal,local2d_detector_baseline_target2_close50_linear29p5_seed21_nominal_cpu,mean_top20_distinct20_baseline,526,"10,4,11","183,251,301","108,77,87",1,False,False,False,True,"1,2,3",2.421696803721443,3.011696803721443,0.7344468629912091,1.029446862991209,2.884696803721443,0.41390447814679465,667.0,118.0,18.0,"0.241883,0.334516,0.245358",0.821757195895255,0.24188327778609367,0.515802343084512,0.5368832777860937,1.5266404736813488,0.8377665555721874,3.2535800815075366,wide_pair,118.0,-18.0,245.0,112.0,-15.0,250.0,-0.06,-0.03,-0.05,-0.4166666666666667,-0.55,25.0,11.0,1,False,False,False,True,signed_gap_sweep_w2,1.2448695864755148,missing_target0_target1
target2_close50_linear29p5|seed21|source_mismatch,target2_close50_linear29p5,21,source_mismatch,local2d_detector_baseline_target2_close50_linear29p5_seed21_source_mismatch_cpu,mean_top20_distinct20_baseline,261,"12,2,9","188,253,303","97,93,91",3,True,True,True,True,"1,2,3",2.3010081345113997,2.8760081345114,0.6841977995095918,0.9716977995095918,2.7535081345114,0.4173076525534148,500.00000000000006,115.0,15.0,"0.23061,0.335462,0.234971",0.8010426820734851,0.2306095590085883,0.4976237863664167,0.5181095590085882,1.4841522410820733,0.8062191180171765,3.106617693519988,wide_pair,115.0,-15.0,248.0,112.0,-15.0,250.0,-0.03,-0.0,-0.02,-0.38333333333333336,-0.6,23.0,12.0,3,True,True,True,True,signed_gap_sweep_w2,1.276066325911701,all_truth
target2_close50_linear29p5|seed34|nominal,target2_close50_linear29p5,34,nominal,local2d_detector_baseline_target2_close50_linear29p5_seed34_nominal_cpu,mean_top20_distinct20_baseline,528,"13,4,10","185,251,303","109,75,93",1,False,False,False,True,"1,2,3",2.4170704657554447,3.0070704657554446,0.706081938611334,1.0010819386113339,2.8820704657554446,0.40248489687039185,667.0,118.0,14.0,"0.237345,0.333103,0.24377",0.8142175447014705,0.23734517211893488,0.5087510203527583,0.5323451721189348,1.5165627168204054,0.8286903442378697,3.2444156378743796,wide_pair,118.0,-14.0,246.33333333333334,112.0,-15.0,250.0,-0.06,-0.01,-0.03666666666666657,-0.45,-0.65,27.0,13.0,1,False,False,False,True,signed_gap_sweep_w2,1.2723311526517453,missing_target0_target1
target2_close50_linear29p5|seed34|source_mismatch,target2_close50_linear29p5,34,source_mismatch,local2d_detector_baseline_target2_close50_linear29p5_seed34_source_mismatch_cpu,mean_top20_distinct20_baseline,230,"8,3,7","181,248,295","102,96,89",2,False,False,True,True,"1,2,3",2.3106638614135946,2.8806638614135944,0.7029100573339436,0.9879100573339437,2.7566638614135948,0.43705121762769317,500.00000000000006,114.0,20.0,"0.235081,0.315515,0.251097",0.8016924026712033,0.23508070269969167,0.5023115035900928,0.5200807026996916,1.482773105370895,0.8121614053993833,3.115744564113286,wide_pair,114.0,-20.0,241.33333333333334,112.0,-15.0,250.0,-0.02,-0.05,-0.08666666666666657,-0.3,-0.4,18.0,8.0,2,False,False,True,True,signed_gap_sweep_w2,1.1872021321747712,missing_target0
target2_close14|seed13|nominal,target2_close14,13,nominal,local2d_detector_baseline_target2_close14_seed13_nominal_cpu,mean_top20_moderate12_baseline,74,"14,6,1","186,249,265","77,93,85",2,False,False,True,True,"1,2,3",2.8632554118074767,3.2582554118074767,0.7308838044433662,0.9283838044433662,3.1557554118074767,0.47270184961069517,550.0,79.0,47.0,"0.225635,0.319251,0.366497",0.9113821965510092,0.22563480603849811,0.5294288715555011,0.4231348060384981,1.4295170025895072,0.6882696120769962,3.4838902178459747,right_close_pair,79.0,-47.0,233.33333333333334,74.0,-45.0,235.0,-0.05,-0.02,-0.016666666666666573,-0.35,-0.7,21.0,14.0,2,False,False,True,True,signed_gap_sweep_w3,1.2532032115306153,missing_target0
target2_close14|seed13|source_mismatch,target2_close14,13,source_mismatch,local2d_detector_baseline_target2_close14_seed13_source_mismatch_cpu,mean_top20_moderate12_baseline,177,"9,3,2","188,250,266","85,78,90",2,False,True,False,True,"1,2,3",2.6770437451642013,3.0670437451642014,0.7286023247660144,0.9236023247660143,2.966043745164201,0.48003695829688986,500.00000000000006,78.0,46.0,"0.237178,0.329088,0.326972",0.8932379516218885,0.2371779881276018,0.5349239720015646,0.4321779881276018,1.4194159397494903,0.7083559762552036,3.3042217332918034,right_close_pair,78.0,-46.0,234.66666666666666,74.0,-45.0,235.0,-0.04,-0.01,-0.003333333333333428,-0.23333333333333334,-0.45,14.0,9.0,2,False,True,False,True,signed_gap_sweep_w3,1.274052316533106,missing_target1
target2_close14|seed21|nominal,target2_close14,21,nominal,local2d_detector_baseline_target2_close14_seed21_nominal_cpu,mean_top20_moderate12_baseline,59,"13,5,1","191,251,266","86,78,91",2,False,True,False,True,"1,2,3",2.8191976084551498,3.1941976084551498,0.7309313850055122,0.9184313850055122,3.0966976084551496,0.487780237660655,550.0,75.0,45.0,"0.231917,0.32277,0.373738",0.9284253257880678,0.23191724990224954,0.5413923584982722,0.41941724990224954,1.4378425756903175,0.6888344998044991,3.4261148583573995,right_close_pair,75.0,-45.0,236.0,74.0,-45.0,235.0,-0.01,-0.0,-0.01,-0.31666666666666665,-0.65,19.0,13.0,2,False,True,False,True,signed_gap_sweep_w3,1.332977592849972,missing_target1
target2_close14|seed21|source_mismatch,target2_close14,21,source_mismatch,local2d_detector_baseline_target2_close14_seed21_source_mismatch_cpu,mean_top20_moderate12_baseline,5,"7,2,1","194,251,263","86,76,81",1,False,True,False,False,"1,2,3",2.859424977616671,3.2044249776166707,0.7669360419406708,0.9394360419406708,3.1129249776166708,0.4651270651484827,500.00000000000006,69.0,45.0,"0.237243,0.331463,0.359044",0.9277500427901954,0.23724334338096373,0.5464933576443621,0.40974334338096374,1.418493386171159,0.6814866867619275,3.441668320997634,right_close_pair,69.0,-45.0,236.0,74.0,-45.0,235.0,-0.05,-0.0,-0.01,-0.16666666666666666,-0.35,10.0,7.0,1,False,True,False,False,signed_gap_sweep_w3,1.3364136906184398,missing_target1_target2
target2_close14|seed34|nominal,target2_close14,34,nominal,local2d_detector_baseline_target2_close14_seed34_nominal_cpu,mean_top20_moderate12_baseline,87,"14,7,1","190,248,260","85,89,87",3,True,True,True,True,"1,2,3",2.8295362786595444,3.1795362786595445,0.7515480934802559,0.9265480934802559,3.0865362786595445,0.4595054873263418,550.0,70.0,46.0,"0.23468,0.315625,0.369995",0.920299877814464,0.2346795731842756,0.5414461991224303,0.4096795731842756,1.4119794509987398,0.6793591463685512,3.41421585184382,right_close_pair,70.0,-46.0,232.66666666666666,74.0,-45.0,235.0,-0.04,-0.01,-0.023333333333333428,-0.36666666666666664,-0.7,22.0,14.0,3,True,True,True,True,signed_gap_sweep_w3,1.2624995625348008,all_truth
target2_close14|seed34|source_mismatch,target2_close14,34,source_mismatch,local2d_detector_baseline_target2_close14_seed34_source_mismatch_cpu,mean_top20_moderate12_baseline,56,"10,5,1","188,247,261","83,85,83",3,True,True,True,True,"1,2,3",2.7480719149509296,3.11307191495093,0.7638384442755252,0.9463384442755252,3.0175719149509295,0.4832650428856328,500.00000000000006,73.0,45.0,"0.241816,0.314872,0.359934",0.9166223884988369,0.24181632622778124,0.5473571223940602,0.42431632622778126,1.4279387147266183,0.7026326524555624,3.354888241178711,right_close_pair,73.0,-45.0,232.0,74.0,-45.0,235.0,-0.01,-0.0,-0.03,-0.26666666666666666,-0.5,16.0,10.0,3,True,True,True,True,signed_gap_sweep_w3,1.322280338932385,all_truth
target2_close50_linear29p5|seed13|nominal,target2_close50_linear29p5,13,nominal,local2d_detector_baseline_target2_close50_linear29p5_seed13_nominal_cpu,mean_top20_distinct20_baseline,173,"7,2,10","184,250,301","110,102,103",0,False,False,False,False,"1,2,3",2.4548562145627075,3.0398562145627075,0.6961858382628466,0.9886858382628466,2.9153562145627077,0.43962673057297463,500.00000000000006,117.0,15.0,"0.240955,0.333806,0.236775",0.8115360281965021,0.23677546046036657,0.5072874698592006,0.5292754604603666,1.5088114886568686,0.8287299996644817,3.276631675023074,wide_pair,117.0,-15.0,245.0,112.0,-15.0,250.0,-0.05,-0.0,-0.05,-0.31666666666666665,-0.5,19.0,10.0,0,False,False,False,False,signed_gap_sweep_w3,1.3180654126663824,missing_target0_target1_target2
target2_close50_linear29p5|seed13|source_mismatch,target2_close50_linear29p5,13,source_mismatch,local2d_detector_baseline_target2_close50_linear29p5_seed13_source_mismatch_cpu,mean_top20_distinct20_baseline,282,"9,3,11","187,253,305","102,100,90",1,False,False,False,True,"1,2,3",2.242854421891026,2.832854421891026,0.6936938854049418,0.9886938854049419,2.707854421891026,0.41105747713130125,500.00000000000006,118.0,14.0,"0.226578,0.295307,0.23408",0.7559651203472638,0.2265778991083783,0.4785662725574662,0.5215778991083783,1.4475430194556422,0.8071557982167565,3.059432320999404,wide_pair,118.0,-14.0,248.33333333333334,112.0,-15.0,250.0,-0.06,-0.01,-0.016666666666666573,-0.38333333333333336,-0.55,23.0,11.0,1,False,False,False,True,signed_gap_sweep_w3,1.206491307261035,missing_target0_target1
target2_close50_linear29p5|seed21|nominal,target2_close50_linear29p5,21,nominal,local2d_detector_baseline_target2_close50_linear29p5_seed21_nominal_cpu,mean_top20_distinct20_baseline,526,"10,4,11","183,251,301","108,77,87",1,False,False,False,True,"1,2,3",2.421696803721443,3.011696803721443,0.7344468629912091,1.029446862991209,2.884696803721443,0.41390447814679465,667.0,118.0,18.0,"0.241883,0.334516,0.245358",0.821757195895255,0.24188327778609367,0.515802343084512,0.5368832777860937,1.5266404736813488,0.8377665555721874,3.2535800815075366,wide_pair,118.0,-18.0,245.0,112.0,-15.0,250.0,-0.06,-0.03,-0.05,-0.4166666666666667,-0.55,25.0,11.0,1,False,False,False,True,signed_gap_sweep_w3,1.2148695864755148,missing_target0_target1
target2_close50_linear29p5|seed21|source_mismatch,target2_close50_linear29p5,21,source_mismatch,local2d_detector_baseline_target2_close50_linear29p5_seed21_source_mismatch_cpu,mean_top20_distinct20_baseline,261,"12,2,9","188,253,303","97,93,91",3,True,True,True,True,"1,2,3",2.3010081345113997,2.8760081345114,0.6841977995095918,0.9716977995095918,2.7535081345114,0.4173076525534148,500.00000000000006,115.0,15.0,"0.23061,0.335462,0.234971",0.8010426820734851,0.2306095590085883,0.4976237863664167,0.5181095590085882,1.4841522410820733,0.8062191180171765,3.106617693519988,wide_pair,115.0,-15.0,248.0,112.0,-15.0,250.0,-0.03,-0.0,-0.02,-0.38333333333333336,-0.6,23.0,12.0,3,True,True,True,True,signed_gap_sweep_w3,1.276066325911701,all_truth
target2_close50_linear29p5|seed34|nominal,target2_close50_linear29p5,34,nominal,local2d_detector_baseline_target2_close50_linear29p5_seed34_nominal_cpu,mean_top20_distinct20_baseline,528,"13,4,10","185,251,303","109,75,93",1,False,False,False,True,"1,2,3",2.4170704657554447,3.0070704657554446,0.706081938611334,1.0010819386113339,2.8820704657554446,0.40248489687039185,667.0,118.0,14.0,"0.237345,0.333103,0.24377",0.8142175447014705,0.23734517211893488,0.5087510203527583,0.5323451721189348,1.5165627168204054,0.8286903442378697,3.2444156378743796,wide_pair,118.0,-14.0,246.33333333333334,112.0,-15.0,250.0,-0.06,-0.01,-0.03666666666666657,-0.45,-0.65,27.0,13.0,1,False,False,False,True,signed_gap_sweep_w3,1.2623311526517453,missing_target0_target1
target2_close50_linear29p5|seed34|source_mismatch,target2_close50_linear29p5,34,source_mismatch,local2d_detector_baseline_target2_close50_linear29p5_seed34_source_mismatch_cpu,mean_top20_distinct20_baseline,230,"8,3,7","181,248,295","102,96,89",2,False,False,True,True,"1,2,3",2.3106638614135946,2.8806638614135944,0.7029100573339436,0.9879100573339437,2.7566638614135948,0.43705121762769317,500.00000000000006,114.0,20.0,"0.235081,0.315515,0.251097",0.8016924026712033,0.23508070269969167,0.5023115035900928,0.5200807026996916,1.482773105370895,0.8121614053993833,3.115744564113286,wide_pair,114.0,-20.0,241.33333333333334,112.0,-15.0,250.0,-0.02,-0.05,-0.08666666666666657,-0.3,-0.4,18.0,8.0,2,False,False,True,True,signed_gap_sweep_w3,1.1372021321747714,missing_target0
target2_close14|seed13|nominal,target2_close14,13,nominal,local2d_detector_baseline_target2_close14_seed13_nominal_cpu,mean_top20_moderate12_baseline,74,"14,6,1","186,249,265","77,93,85",2,False,False,True,True,"1,2,3",2.8632554118074767,3.2582554118074767,0.7308838044433662,0.9283838044433662,3.1557554118074767,0.47270184961069517,550.0,79.0,47.0,"0.225635,0.319251,0.366497",0.9113821965510092,0.22563480603849811,0.5294288715555011,0.4231348060384981,1.4295170025895072,0.6882696120769962,3.4838902178459747,right_close_pair,79.0,-47.0,233.33333333333334,74.0,-45.0,235.0,-0.05,-0.02,-0.016666666666666573,-0.35,-0.7,21.0,14.0,2,False,False,True,True,signed_gap_sweep_w4,1.2332032115306153,missing_target0
target2_close14|seed13|source_mismatch,target2_close14,13,source_mismatch,local2d_detector_baseline_target2_close14_seed13_source_mismatch_cpu,mean_top20_moderate12_baseline,177,"9,3,2","188,250,266","85,78,90",2,False,True,False,True,"1,2,3",2.6770437451642013,3.0670437451642014,0.7286023247660144,0.9236023247660143,2.966043745164201,0.48003695829688986,500.00000000000006,78.0,46.0,"0.237178,0.329088,0.326972",0.8932379516218885,0.2371779881276018,0.5349239720015646,0.4321779881276018,1.4194159397494903,0.7083559762552036,3.3042217332918034,right_close_pair,78.0,-46.0,234.66666666666666,74.0,-45.0,235.0,-0.04,-0.01,-0.003333333333333428,-0.23333333333333334,-0.45,14.0,9.0,2,False,True,False,True,signed_gap_sweep_w4,1.264052316533106,missing_target1
target2_close14|seed21|nominal,target2_close14,21,nominal,local2d_detector_baseline_target2_close14_seed21_nominal_cpu,mean_top20_moderate12_baseline,59,"13,5,1","191,251,266","86,78,91",2,False,True,False,True,"1,2,3",2.8191976084551498,3.1941976084551498,0.7309313850055122,0.9184313850055122,3.0966976084551496,0.487780237660655,550.0,75.0,45.0,"0.231917,0.32277,0.373738",0.9284253257880678,0.23191724990224954,0.5413923584982722,0.41941724990224954,1.4378425756903175,0.6888344998044991,3.4261148583573995,right_close_pair,75.0,-45.0,236.0,74.0,-45.0,235.0,-0.01,-0.0,-0.01,-0.31666666666666665,-0.65,19.0,13.0,2,False,True,False,True,signed_gap_sweep_w4,1.332977592849972,missing_target1
target2_close14|seed21|source_mismatch,target2_close14,21,source_mismatch,local2d_detector_baseline_target2_close14_seed21_source_mismatch_cpu,mean_top20_moderate12_baseline,5,"7,2,1","194,251,263","86,76,81",1,False,True,False,False,"1,2,3",2.859424977616671,3.2044249776166707,0.7669360419406708,0.9394360419406708,3.1129249776166708,0.4651270651484827,500.00000000000006,69.0,45.0,"0.237243,0.331463,0.359044",0.9277500427901954,0.23724334338096373,0.5464933576443621,0.40974334338096374,1.418493386171159,0.6814866867619275,3.441668320997634,right_close_pair,69.0,-45.0,236.0,74.0,-45.0,235.0,-0.05,-0.0,-0.01,-0.16666666666666666,-0.35,10.0,7.0,1,False,True,False,False,signed_gap_sweep_w4,1.3364136906184398,missing_target1_target2
target2_close14|seed34|nominal,target2_close14,34,nominal,local2d_detector_baseline_target2_close14_seed34_nominal_cpu,mean_top20_moderate12_baseline,87,"14,7,1","190,248,260","85,89,87",3,True,True,True,True,"1,2,3",2.8295362786595444,3.1795362786595445,0.7515480934802559,0.9265480934802559,3.0865362786595445,0.4595054873263418,550.0,70.0,46.0,"0.23468,0.315625,0.369995",0.920299877814464,0.2346795731842756,0.5414461991224303,0.4096795731842756,1.4119794509987398,0.6793591463685512,3.41421585184382,right_close_pair,70.0,-46.0,232.66666666666666,74.0,-45.0,235.0,-0.04,-0.01,-0.023333333333333428,-0.36666666666666664,-0.7,22.0,14.0,3,True,True,True,True,signed_gap_sweep_w4,1.2524995625348008,all_truth
target2_close14|seed34|source_mismatch,target2_close14,34,source_mismatch,local2d_detector_baseline_target2_close14_seed34_source_mismatch_cpu,mean_top20_moderate12_baseline,56,"10,5,1","188,247,261","83,85,83",3,True,True,True,True,"1,2,3",2.7480719149509296,3.11307191495093,0.7638384442755252,0.9463384442755252,3.0175719149509295,0.4832650428856328,500.00000000000006,73.0,45.0,"0.241816,0.314872,0.359934",0.9166223884988369,0.24181632622778124,0.5473571223940602,0.42431632622778126,1.4279387147266183,0.7026326524555624,3.354888241178711,right_close_pair,73.0,-45.0,232.0,74.0,-45.0,235.0,-0.01,-0.0,-0.03,-0.26666666666666666,-0.5,16.0,10.0,3,True,True,True,True,signed_gap_sweep_w4,1.322280338932385,all_truth
target2_close50_linear29p5|seed13|nominal,target2_close50_linear29p5,13,nominal,local2d_detector_baseline_target2_close50_linear29p5_seed13_nominal_cpu,mean_top20_distinct20_baseline,173,"7,2,10","184,250,301","110,102,103",0,False,False,False,False,"1,2,3",2.4548562145627075,3.0398562145627075,0.6961858382628466,0.9886858382628466,2.9153562145627077,0.43962673057297463,500.00000000000006,117.0,15.0,"0.240955,0.333806,0.236775",0.8115360281965021,0.23677546046036657,0.5072874698592006,0.5292754604603666,1.5088114886568686,0.8287299996644817,3.276631675023074,wide_pair,117.0,-15.0,245.0,112.0,-15.0,250.0,-0.05,-0.0,-0.05,-0.31666666666666665,-0.5,19.0,10.0,0,False,False,False,False,signed_gap_sweep_w4,1.3180654126663824,missing_target0_target1_target2
target2_close50_linear29p5|seed13|source_mismatch,target2_close50_linear29p5,13,source_mismatch,local2d_detector_baseline_target2_close50_linear29p5_seed13_source_mismatch_cpu,mean_top20_distinct20_baseline,282,"9,3,11","187,253,305","102,100,90",1,False,False,False,True,"1,2,3",2.242854421891026,2.832854421891026,0.6936938854049418,0.9886938854049419,2.707854421891026,0.41105747713130125,500.00000000000006,118.0,14.0,"0.226578,0.295307,0.23408",0.7559651203472638,0.2265778991083783,0.4785662725574662,0.5215778991083783,1.4475430194556422,0.8071557982167565,3.059432320999404,wide_pair,118.0,-14.0,248.33333333333334,112.0,-15.0,250.0,-0.06,-0.01,-0.016666666666666573,-0.38333333333333336,-0.55,23.0,11.0,1,False,False,False,True,signed_gap_sweep_w4,1.196491307261035,missing_target0_target1
target2_close50_linear29p5|seed21|nominal,target2_close50_linear29p5,21,nominal,local2d_detector_baseline_target2_close50_linear29p5_seed21_nominal_cpu,mean_top20_distinct20_baseline,163,"18,1,16","188,253,303","97,101,109",1,False,True,False,False,"1,2,3",2.286085691775241,2.8610856917752407,0.6002755981958179,0.8877755981958179,2.738585691775241,0.4058625593623866,500.00000000000006,115.0,15.0,"0.19441,0.340286,0.215799",0.7504958325289971,0.19441038715420442,0.4445756646638701,0.4819103871542044,1.3974062196832016,0.7338207743084089,3.055496078929445,wide_pair,115.0,-15.0,248.0,112.0,-15.0,250.0,-0.03,-0.0,-0.02,-0.5833333333333334,-0.9,35.0,18.0,1,False,True,False,False,signed_gap_sweep_w4,1.1874689922941566,missing_target1_target2
target2_close50_linear29p5|seed21|source_mismatch,target2_close50_linear29p5,21,source_mismatch,local2d_detector_baseline_target2_close50_linear29p5_seed21_source_mismatch_cpu,mean_top20_distinct20_baseline,261,"12,2,9","188,253,303","97,93,91",3,True,True,True,True,"1,2,3",2.3010081345113997,2.8760081345114,0.6841977995095918,0.9716977995095918,2.7535081345114,0.4173076525534148,500.00000000000006,115.0,15.0,"0.23061,0.335462,0.234971",0.8010426820734851,0.2306095590085883,0.4976237863664167,0.5181095590085882,1.4841522410820733,0.8062191180171765,3.106617693519988,wide_pair,115.0,-15.0,248.0,112.0,-15.0,250.0,-0.03,-0.0,-0.02,-0.38333333333333336,-0.6,23.0,12.0,3,True,True,True,True,signed_gap_sweep_w4,1.276066325911701,all_truth
target2_close50_linear29p5|seed34|nominal,target2_close50_linear29p5,34,nominal,local2d_detector_baseline_target2_close50_linear29p5_seed34_nominal_cpu,mean_top20_distinct20_baseline,528,"13,4,10","185,251,303","109,75,93",1,False,False,False,True,"1,2,3",2.4170704657554447,3.0070704657554446,0.706081938611334,1.0010819386113339,2.8820704657554446,0.40248489687039185,667.0,118.0,14.0,"0.237345,0.333103,0.24377",0.8142175447014705,0.23734517211893488,0.5087510203527583,0.5323451721189348,1.5165627168204054,0.8286903442378697,3.2444156378743796,wide_pair,118.0,-14.0,246.33333333333334,112.0,-15.0,250.0,-0.06,-0.01,-0.03666666666666657,-0.45,-0.65,27.0,13.0,1,False,False,False,True,signed_gap_sweep_w4,1.2523311526517453,missing_target0_target1
target2_close50_linear29p5|seed34|source_mismatch,target2_close50_linear29p5,34,source_mismatch,local2d_detector_baseline_target2_close50_linear29p5_seed34_source_mismatch_cpu,mean_top20_distinct20_baseline,230,"8,3,7","181,248,295","102,96,89",2,False,False,True,True,"1,2,3",2.3106638614135946,2.8806638614135944,0.7029100573339436,0.9879100573339437,2.7566638614135948,0.43705121762769317,500.00000000000006,114.0,20.0,"0.235081,0.315515,0.251097",0.8016924026712033,0.23508070269969167,0.5023115035900928,0.5200807026996916,1.482773105370895,0.8121614053993833,3.115744564113286,wide_pair,114.0,-20.0,241.33333333333334,112.0,-15.0,250.0,-0.02,-0.05,-0.08666666666666657,-0.3,-0.4,18.0,8.0,2,False,False,True,True,signed_gap_sweep_w4,1.0872021321747714,missing_target0
target2_close14|seed13|nominal,target2_close14,13,nominal,local2d_detector_baseline_target2_close14_seed13_nominal_cpu,mean_top20_moderate12_baseline,74,"14,6,1","186,249,265","77,93,85",2,False,False,True,True,"1,2,3",2.8632554118074767,3.2582554118074767,0.7308838044433662,0.9283838044433662,3.1557554118074767,0.47270184961069517,550.0,79.0,47.0,"0.225635,0.319251,0.366497",0.9113821965510092,0.22563480603849811,0.5294288715555011,0.4231348060384981,1.4295170025895072,0.6882696120769962,3.4838902178459747,right_close_pair,79.0,-47.0,233.33333333333334,74.0,-45.0,235.0,-0.05,-0.02,-0.016666666666666573,-0.35,-0.7,21.0,14.0,2,False,False,True,True,signed_gap_sweep_w6,1.1932032115306153,missing_target0
target2_close14|seed13|source_mismatch,target2_close14,13,source_mismatch,local2d_detector_baseline_target2_close14_seed13_source_mismatch_cpu,mean_top20_moderate12_baseline,177,"9,3,2","188,250,266","85,78,90",2,False,True,False,True,"1,2,3",2.6770437451642013,3.0670437451642014,0.7286023247660144,0.9236023247660143,2.966043745164201,0.48003695829688986,500.00000000000006,78.0,46.0,"0.237178,0.329088,0.326972",0.8932379516218885,0.2371779881276018,0.5349239720015646,0.4321779881276018,1.4194159397494903,0.7083559762552036,3.3042217332918034,right_close_pair,78.0,-46.0,234.66666666666666,74.0,-45.0,235.0,-0.04,-0.01,-0.003333333333333428,-0.23333333333333334,-0.45,14.0,9.0,2,False,True,False,True,signed_gap_sweep_w6,1.2440523165331059,missing_target1
target2_close14|seed21|nominal,target2_close14,21,nominal,local2d_detector_baseline_target2_close14_seed21_nominal_cpu,mean_top20_moderate12_baseline,59,"13,5,1","191,251,266","86,78,91",2,False,True,False,True,"1,2,3",2.8191976084551498,3.1941976084551498,0.7309313850055122,0.9184313850055122,3.0966976084551496,0.487780237660655,550.0,75.0,45.0,"0.231917,0.32277,0.373738",0.9284253257880678,0.23191724990224954,0.5413923584982722,0.41941724990224954,1.4378425756903175,0.6888344998044991,3.4261148583573995,right_close_pair,75.0,-45.0,236.0,74.0,-45.0,235.0,-0.01,-0.0,-0.01,-0.31666666666666665,-0.65,19.0,13.0,2,False,True,False,True,signed_gap_sweep_w6,1.332977592849972,missing_target1
target2_close14|seed21|source_mismatch,target2_close14,21,source_mismatch,local2d_detector_baseline_target2_close14_seed21_source_mismatch_cpu,mean_top20_moderate12_baseline,5,"7,2,1","194,251,263","86,76,81",1,False,True,False,False,"1,2,3",2.859424977616671,3.2044249776166707,0.7669360419406708,0.9394360419406708,3.1129249776166708,0.4651270651484827,500.00000000000006,69.0,45.0,"0.237243,0.331463,0.359044",0.9277500427901954,0.23724334338096373,0.5464933576443621,0.40974334338096374,1.418493386171159,0.6814866867619275,3.441668320997634,right_close_pair,69.0,-45.0,236.0,74.0,-45.0,235.0,-0.05,-0.0,-0.01,-0.16666666666666666,-0.35,10.0,7.0,1,False,True,False,False,signed_gap_sweep_w6,1.3364136906184398,missing_target1_target2
target2_close14|seed34|nominal,target2_close14,34,nominal,local2d_detector_baseline_target2_close14_seed34_nominal_cpu,mean_top20_moderate12_baseline,87,"14,7,1","190,248,260","85,89,87",3,True,True,True,True,"1,2,3",2.8295362786595444,3.1795362786595445,0.7515480934802559,0.9265480934802559,3.0865362786595445,0.4595054873263418,550.0,70.0,46.0,"0.23468,0.315625,0.369995",0.920299877814464,0.2346795731842756,0.5414461991224303,0.4096795731842756,1.4119794509987398,0.6793591463685512,3.41421585184382,right_close_pair,70.0,-46.0,232.66666666666666,74.0,-45.0,235.0,-0.04,-0.01,-0.023333333333333428,-0.36666666666666664,-0.7,22.0,14.0,3,True,True,True,True,signed_gap_sweep_w6,1.2324995625348008,all_truth
target2_close14|seed34|source_mismatch,target2_close14,34,source_mismatch,local2d_detector_baseline_target2_close14_seed34_source_mismatch_cpu,mean_top20_moderate12_baseline,56,"10,5,1","188,247,261","83,85,83",3,True,True,True,True,"1,2,3",2.7480719149509296,3.11307191495093,0.7638384442755252,0.9463384442755252,3.0175719149509295,0.4832650428856328,500.00000000000006,73.0,45.0,"0.241816,0.314872,0.359934",0.9166223884988369,0.24181632622778124,0.5473571223940602,0.42431632622778126,1.4279387147266183,0.7026326524555624,3.354888241178711,right_close_pair,73.0,-45.0,232.0,74.0,-45.0,235.0,-0.01,-0.0,-0.03,-0.26666666666666666,-0.5,16.0,10.0,3,True,True,True,True,signed_gap_sweep_w6,1.322280338932385,all_truth
target2_close50_linear29p5|seed13|nominal,target2_close50_linear29p5,13,nominal,local2d_detector_baseline_target2_close50_linear29p5_seed13_nominal_cpu,mean_top20_distinct20_baseline,173,"7,2,10","184,250,301","110,102,103",0,False,False,False,False,"1,2,3",2.4548562145627075,3.0398562145627075,0.6961858382628466,0.9886858382628466,2.9153562145627077,0.43962673057297463,500.00000000000006,117.0,15.0,"0.240955,0.333806,0.236775",0.8115360281965021,0.23677546046036657,0.5072874698592006,0.5292754604603666,1.5088114886568686,0.8287299996644817,3.276631675023074,wide_pair,117.0,-15.0,245.0,112.0,-15.0,250.0,-0.05,-0.0,-0.05,-0.31666666666666665,-0.5,19.0,10.0,0,False,False,False,False,signed_gap_sweep_w6,1.3180654126663824,missing_target0_target1_target2
target2_close50_linear29p5|seed13|source_mismatch,target2_close50_linear29p5,13,source_mismatch,local2d_detector_baseline_target2_close50_linear29p5_seed13_source_mismatch_cpu,mean_top20_distinct20_baseline,282,"9,3,11","187,253,305","102,100,90",1,False,False,False,True,"1,2,3",2.242854421891026,2.832854421891026,0.6936938854049418,0.9886938854049419,2.707854421891026,0.41105747713130125,500.00000000000006,118.0,14.0,"0.226578,0.295307,0.23408",0.7559651203472638,0.2265778991083783,0.4785662725574662,0.5215778991083783,1.4475430194556422,0.8071557982167565,3.059432320999404,wide_pair,118.0,-14.0,248.33333333333334,112.0,-15.0,250.0,-0.06,-0.01,-0.016666666666666573,-0.38333333333333336,-0.55,23.0,11.0,1,False,False,False,True,signed_gap_sweep_w6,1.176491307261035,missing_target0_target1
target2_close50_linear29p5|seed21|nominal,target2_close50_linear29p5,21,nominal,local2d_detector_baseline_target2_close50_linear29p5_seed21_nominal_cpu,mean_top20_distinct20_baseline,163,"18,1,16","188,253,303","97,101,109",1,False,True,False,False,"1,2,3",2.286085691775241,2.8610856917752407,0.6002755981958179,0.8877755981958179,2.738585691775241,0.4058625593623866,500.00000000000006,115.0,15.0,"0.19441,0.340286,0.215799",0.7504958325289971,0.19441038715420442,0.4445756646638701,0.4819103871542044,1.3974062196832016,0.7338207743084089,3.055496078929445,wide_pair,115.0,-15.0,248.0,112.0,-15.0,250.0,-0.03,-0.0,-0.02,-0.5833333333333334,-0.9,35.0,18.0,1,False,True,False,False,signed_gap_sweep_w6,1.1874689922941566,missing_target1_target2
target2_close50_linear29p5|seed21|source_mismatch,target2_close50_linear29p5,21,source_mismatch,local2d_detector_baseline_target2_close50_linear29p5_seed21_source_mismatch_cpu,mean_top20_distinct20_baseline,261,"12,2,9","188,253,303","97,93,91",3,True,True,True,True,"1,2,3",2.3010081345113997,2.8760081345114,0.6841977995095918,0.9716977995095918,2.7535081345114,0.4173076525534148,500.00000000000006,115.0,15.0,"0.23061,0.335462,0.234971",0.8010426820734851,0.2306095590085883,0.4976237863664167,0.5181095590085882,1.4841522410820733,0.8062191180171765,3.106617693519988,wide_pair,115.0,-15.0,248.0,112.0,-15.0,250.0,-0.03,-0.0,-0.02,-0.38333333333333336,-0.6,23.0,12.0,3,True,True,True,True,signed_gap_sweep_w6,1.276066325911701,all_truth
target2_close50_linear29p5|seed34|nominal,target2_close50_linear29p5,34,nominal,local2d_detector_baseline_target2_close50_linear29p5_seed34_nominal_cpu,mean_top20_distinct20_baseline,528,"13,4,10","185,251,303","109,75,93",1,False,False,False,True,"1,2,3",2.4170704657554447,3.0070704657554446,0.706081938611334,1.0010819386113339,2.8820704657554446,0.40248489687039185,667.0,118.0,14.0,"0.237345,0.333103,0.24377",0.8142175447014705,0.23734517211893488,0.5087510203527583,0.5323451721189348,1.5165627168204054,0.8286903442378697,3.2444156378743796,wide_pair,118.0,-14.0,246.33333333333334,112.0,-15.0,250.0,-0.06,-0.01,-0.03666666666666657,-0.45,-0.65,27.0,13.0,1,False,False,False,True,signed_gap_sweep_w6,1.2323311526517453,missing_target0_target1
target2_close50_linear29p5|seed34|source_mismatch,target2_close50_linear29p5,34,source_mismatch,local2d_detector_baseline_target2_close50_linear29p5_seed34_source_mismatch_cpu,mean_top20_distinct20_baseline,267,"15,3,12","185,248,296","78,96,100",1,False,False,True,False,"1,2,3",2.0201763684333556,2.5751763684333557,0.4844722490891909,0.7619722490891909,2.4566763684333557,0.4007304428599269,500.00000000000006,111.0,15.0,"0.15583,0.315515,0.224024",0.695368356477953,0.15582962110857443,0.38761907326789213,0.4333296211085744,1.2876979775865276,0.6446592422171489,2.7310059895419303,wide_pair,111.0,-15.0,243.0,112.0,-15.0,250.0,-0.01,-0.0,-0.07,-0.5,-0.75,30.0,15.0,1,False,False,True,False,signed_gap_sweep_w6,1.08355018670165,missing_target0_target2
target2_close14|seed13|nominal,target2_close14,13,nominal,local2d_detector_baseline_target2_close14_seed13_nominal_cpu,mean_top20_moderate12_baseline,471,"16,5,4","183,250,273","86,81,97",1,False,True,False,False,"1,2,3",2.71786153277455,3.16786153277455,0.7104850969367569,0.9354850969367569,3.05586153277455,0.47642831557463605,500.00000000000006,90.0,44.0,"0.22359,0.324763,0.332496",0.880849111272064,0.22358980055402256,0.5172061709780439,0.44858980055402253,1.4424389118260865,0.7171796011080451,3.3914513333285727,right_close_pair,90.0,-44.0,235.33333333333334,74.0,-45.0,235.0,-0.16,-0.01,-0.003333333333333428,-0.4166666666666667,-0.8,25.0,16.0,1,False,True,False,False,signed_gap_sweep_w8,1.1571763892454243,missing_target1_target2
target2_close14|seed13|source_mismatch,target2_close14,13,source_mismatch,local2d_detector_baseline_target2_close14_seed13_source_mismatch_cpu,mean_top20_moderate12_baseline,177,"9,3,2","188,250,266","85,78,90",2,False,True,False,True,"1,2,3",2.6770437451642013,3.0670437451642014,0.7286023247660144,0.9236023247660143,2.966043745164201,0.48003695829688986,500.00000000000006,78.0,46.0,"0.237178,0.329088,0.326972",0.8932379516218885,0.2371779881276018,0.5349239720015646,0.4321779881276018,1.4194159397494903,0.7083559762552036,3.3042217332918034,right_close_pair,78.0,-46.0,234.66666666666666,74.0,-45.0,235.0,-0.04,-0.01,-0.003333333333333428,-0.23333333333333334,-0.45,14.0,9.0,2,False,True,False,True,signed_gap_sweep_w8,1.2240523165331059,missing_target1
target2_close14|seed21|nominal,target2_close14,21,nominal,local2d_detector_baseline_target2_close14_seed21_nominal_cpu,mean_top20_moderate12_baseline,59,"13,5,1","191,251,266","86,78,91",2,False,True,False,True,"1,2,3",2.8191976084551498,3.1941976084551498,0.7309313850055122,0.9184313850055122,3.0966976084551496,0.487780237660655,550.0,75.0,45.0,"0.231917,0.32277,0.373738",0.9284253257880678,0.23191724990224954,0.5413923584982722,0.41941724990224954,1.4378425756903175,0.6888344998044991,3.4261148583573995,right_close_pair,75.0,-45.0,236.0,74.0,-45.0,235.0,-0.01,-0.0,-0.01,-0.31666666666666665,-0.65,19.0,13.0,2,False,True,False,True,signed_gap_sweep_w8,1.332977592849972,missing_target1
target2_close14|seed21|source_mismatch,target2_close14,21,source_mismatch,local2d_detector_baseline_target2_close14_seed21_source_mismatch_cpu,mean_top20_moderate12_baseline,5,"7,2,1","194,251,263","86,76,81",1,False,True,False,False,"1,2,3",2.859424977616671,3.2044249776166707,0.7669360419406708,0.9394360419406708,3.1129249776166708,0.4651270651484827,500.00000000000006,69.0,45.0,"0.237243,0.331463,0.359044",0.9277500427901954,0.23724334338096373,0.5464933576443621,0.40974334338096374,1.418493386171159,0.6814866867619275,3.441668320997634,right_close_pair,69.0,-45.0,236.0,74.0,-45.0,235.0,-0.05,-0.0,-0.01,-0.16666666666666666,-0.35,10.0,7.0,1,False,True,False,False,signed_gap_sweep_w8,1.3364136906184398,missing_target1_target2
target2_close14|seed34|nominal,target2_close14,34,nominal,local2d_detector_baseline_target2_close14_seed34_nominal_cpu,mean_top20_moderate12_baseline,87,"14,7,1","190,248,260","85,89,87",3,True,True,True,True,"1,2,3",2.8295362786595444,3.1795362786595445,0.7515480934802559,0.9265480934802559,3.0865362786595445,0.4595054873263418,550.0,70.0,46.0,"0.23468,0.315625,0.369995",0.920299877814464,0.2346795731842756,0.5414461991224303,0.4096795731842756,1.4119794509987398,0.6793591463685512,3.41421585184382,right_close_pair,70.0,-46.0,232.66666666666666,74.0,-45.0,235.0,-0.04,-0.01,-0.023333333333333428,-0.36666666666666664,-0.7,22.0,14.0,3,True,True,True,True,signed_gap_sweep_w8,1.2124995625348007,all_truth
target2_close14|seed34|source_mismatch,target2_close14,34,source_mismatch,local2d_detector_baseline_target2_close14_seed34_source_mismatch_cpu,mean_top20_moderate12_baseline,56,"10,5,1","188,247,261","83,85,83",3,True,True,True,True,"1,2,3",2.7480719149509296,3.11307191495093,0.7638384442755252,0.9463384442755252,3.0175719149509295,0.4832650428856328,500.00000000000006,73.0,45.0,"0.241816,0.314872,0.359934",0.9166223884988369,0.24181632622778124,0.5473571223940602,0.42431632622778126,1.4279387147266183,0.7026326524555624,3.354888241178711,right_close_pair,73.0,-45.0,232.0,74.0,-45.0,235.0,-0.01,-0.0,-0.03,-0.26666666666666666,-0.5,16.0,10.0,3,True,True,True,True,signed_gap_sweep_w8,1.322280338932385,all_truth
target2_close50_linear29p5|seed13|nominal,target2_close50_linear29p5,13,nominal,local2d_detector_baseline_target2_close50_linear29p5_seed13_nominal_cpu,mean_top20_distinct20_baseline,173,"7,2,10","184,250,301","110,102,103",0,False,False,False,False,"1,2,3",2.4548562145627075,3.0398562145627075,0.6961858382628466,0.9886858382628466,2.9153562145627077,0.43962673057297463,500.00000000000006,117.0,15.0,"0.240955,0.333806,0.236775",0.8115360281965021,0.23677546046036657,0.5072874698592006,0.5292754604603666,1.5088114886568686,0.8287299996644817,3.276631675023074,wide_pair,117.0,-15.0,245.0,112.0,-15.0,250.0,-0.05,-0.0,-0.05,-0.31666666666666665,-0.5,19.0,10.0,0,False,False,False,False,signed_gap_sweep_w8,1.3180654126663824,missing_target0_target1_target2
target2_close50_linear29p5|seed13|source_mismatch,target2_close50_linear29p5,13,source_mismatch,local2d_detector_baseline_target2_close50_linear29p5_seed13_source_mismatch_cpu,mean_top20_distinct20_baseline,282,"9,3,11","187,253,305","102,100,90",1,False,False,False,True,"1,2,3",2.242854421891026,2.832854421891026,0.6936938854049418,0.9886938854049419,2.707854421891026,0.41105747713130125,500.00000000000006,118.0,14.0,"0.226578,0.295307,0.23408",0.7559651203472638,0.2265778991083783,0.4785662725574662,0.5215778991083783,1.4475430194556422,0.8071557982167565,3.059432320999404,wide_pair,118.0,-14.0,248.33333333333334,112.0,-15.0,250.0,-0.06,-0.01,-0.016666666666666573,-0.38333333333333336,-0.55,23.0,11.0,1,False,False,False,True,signed_gap_sweep_w8,1.156491307261035,missing_target0_target1
target2_close50_linear29p5|seed21|nominal,target2_close50_linear29p5,21,nominal,local2d_detector_baseline_target2_close50_linear29p5_seed21_nominal_cpu,mean_top20_distinct20_baseline,163,"18,1,16","188,253,303","97,101,109",1,False,True,False,False,"1,2,3",2.286085691775241,2.8610856917752407,0.6002755981958179,0.8877755981958179,2.738585691775241,0.4058625593623866,500.00000000000006,115.0,15.0,"0.19441,0.340286,0.215799",0.7504958325289971,0.19441038715420442,0.4445756646638701,0.4819103871542044,1.3974062196832016,0.7338207743084089,3.055496078929445,wide_pair,115.0,-15.0,248.0,112.0,-15.0,250.0,-0.03,-0.0,-0.02,-0.5833333333333334,-0.9,35.0,18.0,1,False,True,False,False,signed_gap_sweep_w8,1.1874689922941566,missing_target1_target2
target2_close50_linear29p5|seed21|source_mismatch,target2_close50_linear29p5,21,source_mismatch,local2d_detector_baseline_target2_close50_linear29p5_seed21_source_mismatch_cpu,mean_top20_distinct20_baseline,261,"12,2,9","188,253,303","97,93,91",3,True,True,True,True,"1,2,3",2.3010081345113997,2.8760081345114,0.6841977995095918,0.9716977995095918,2.7535081345114,0.4173076525534148,500.00000000000006,115.0,15.0,"0.23061,0.335462,0.234971",0.8010426820734851,0.2306095590085883,0.4976237863664167,0.5181095590085882,1.4841522410820733,0.8062191180171765,3.106617693519988,wide_pair,115.0,-15.0,248.0,112.0,-15.0,250.0,-0.03,-0.0,-0.02,-0.38333333333333336,-0.6,23.0,12.0,3,True,True,True,True,signed_gap_sweep_w8,1.276066325911701,all_truth
target2_close50_linear29p5|seed34|nominal,target2_close50_linear29p5,34,nominal,local2d_detector_baseline_target2_close50_linear29p5_seed34_nominal_cpu,mean_top20_distinct20_baseline,528,"13,4,10","185,251,303","109,75,93",1,False,False,False,True,"1,2,3",2.4170704657554447,3.0070704657554446,0.706081938611334,1.0010819386113339,2.8820704657554446,0.40248489687039185,667.0,118.0,14.0,"0.237345,0.333103,0.24377",0.8142175447014705,0.23734517211893488,0.5087510203527583,0.5323451721189348,1.5165627168204054,0.8286903442378697,3.2444156378743796,wide_pair,118.0,-14.0,246.33333333333334,112.0,-15.0,250.0,-0.06,-0.01,-0.03666666666666657,-0.45,-0.65,27.0,13.0,1,False,False,False,True,signed_gap_sweep_w8,1.2123311526517453,missing_target0_target1
target2_close50_linear29p5|seed34|source_mismatch,target2_close50_linear29p5,34,source_mismatch,local2d_detector_baseline_target2_close50_linear29p5_seed34_source_mismatch_cpu,mean_top20_distinct20_baseline,267,"15,3,12","185,248,296","78,96,100",1,False,False,True,False,"1,2,3",2.0201763684333556,2.5751763684333557,0.4844722490891909,0.7619722490891909,2.4566763684333557,0.4007304428599269,500.00000000000006,111.0,15.0,"0.15583,0.315515,0.224024",0.695368356477953,0.15582962110857443,0.38761907326789213,0.4333296211085744,1.2876979775865276,0.6446592422171489,2.7310059895419303,wide_pair,111.0,-15.0,243.0,112.0,-15.0,250.0,-0.01,-0.0,-0.07,-0.5,-0.75,30.0,15.0,1,False,False,True,False,signed_gap_sweep_w8,1.08355018670165,missing_target0_target2
target2_close14|seed13|nominal,target2_close14,13,nominal,local2d_detector_baseline_target2_close14_seed13_nominal_cpu,mean_top20_moderate12_baseline,471,"16,5,4","183,250,273","86,81,97",1,False,True,False,False,"1,2,3",2.71786153277455,3.16786153277455,0.7104850969367569,0.9354850969367569,3.05586153277455,0.47642831557463605,500.00000000000006,90.0,44.0,"0.22359,0.324763,0.332496",0.880849111272064,0.22358980055402256,0.5172061709780439,0.44858980055402253,1.4424389118260865,0.7171796011080451,3.3914513333285727,right_close_pair,90.0,-44.0,235.33333333333334,74.0,-45.0,235.0,-0.16,-0.01,-0.003333333333333428,-0.4166666666666667,-0.8,25.0,16.0,1,False,True,False,False,signed_gap_sweep_w12,1.1171763892454243,missing_target1_target2
target2_close14|seed13|source_mismatch,target2_close14,13,source_mismatch,local2d_detector_baseline_target2_close14_seed13_source_mismatch_cpu,mean_top20_moderate12_baseline,177,"9,3,2","188,250,266","85,78,90",2,False,True,False,True,"1,2,3",2.6770437451642013,3.0670437451642014,0.7286023247660144,0.9236023247660143,2.966043745164201,0.48003695829688986,500.00000000000006,78.0,46.0,"0.237178,0.329088,0.326972",0.8932379516218885,0.2371779881276018,0.5349239720015646,0.4321779881276018,1.4194159397494903,0.7083559762552036,3.3042217332918034,right_close_pair,78.0,-46.0,234.66666666666666,74.0,-45.0,235.0,-0.04,-0.01,-0.003333333333333428,-0.23333333333333334,-0.45,14.0,9.0,2,False,True,False,True,signed_gap_sweep_w12,1.1840523165331058,missing_target1
target2_close14|seed21|nominal,target2_close14,21,nominal,local2d_detector_baseline_target2_close14_seed21_nominal_cpu,mean_top20_moderate12_baseline,59,"13,5,1","191,251,266","86,78,91",2,False,True,False,True,"1,2,3",2.8191976084551498,3.1941976084551498,0.7309313850055122,0.9184313850055122,3.0966976084551496,0.487780237660655,550.0,75.0,45.0,"0.231917,0.32277,0.373738",0.9284253257880678,0.23191724990224954,0.5413923584982722,0.41941724990224954,1.4378425756903175,0.6888344998044991,3.4261148583573995,right_close_pair,75.0,-45.0,236.0,74.0,-45.0,235.0,-0.01,-0.0,-0.01,-0.31666666666666665,-0.65,19.0,13.0,2,False,True,False,True,signed_gap_sweep_w12,1.332977592849972,missing_target1
target2_close14|seed21|source_mismatch,target2_close14,21,source_mismatch,local2d_detector_baseline_target2_close14_seed21_source_mismatch_cpu,mean_top20_moderate12_baseline,5,"7,2,1","194,251,263","86,76,81",1,False,True,False,False,"1,2,3",2.859424977616671,3.2044249776166707,0.7669360419406708,0.9394360419406708,3.1129249776166708,0.4651270651484827,500.00000000000006,69.0,45.0,"0.237243,0.331463,0.359044",0.9277500427901954,0.23724334338096373,0.5464933576443621,0.40974334338096374,1.418493386171159,0.6814866867619275,3.441668320997634,right_close_pair,69.0,-45.0,236.0,74.0,-45.0,235.0,-0.05,-0.0,-0.01,-0.16666666666666666,-0.35,10.0,7.0,1,False,True,False,False,signed_gap_sweep_w12,1.3364136906184398,missing_target1_target2
target2_close14|seed34|nominal,target2_close14,34,nominal,local2d_detector_baseline_target2_close14_seed34_nominal_cpu,mean_top20_moderate12_baseline,87,"14,7,1","190,248,260","85,89,87",3,True,True,True,True,"1,2,3",2.8295362786595444,3.1795362786595445,0.7515480934802559,0.9265480934802559,3.0865362786595445,0.4595054873263418,550.0,70.0,46.0,"0.23468,0.315625,0.369995",0.920299877814464,0.2346795731842756,0.5414461991224303,0.4096795731842756,1.4119794509987398,0.6793591463685512,3.41421585184382,right_close_pair,70.0,-46.0,232.66666666666666,74.0,-45.0,235.0,-0.04,-0.01,-0.023333333333333428,-0.36666666666666664,-0.7,22.0,14.0,3,True,True,True,True,signed_gap_sweep_w12,1.172499562534801,all_truth
target2_close14|seed34|source_mismatch,target2_close14,34,source_mismatch,local2d_detector_baseline_target2_close14_seed34_source_mismatch_cpu,mean_top20_moderate12_baseline,56,"10,5,1","188,247,261","83,85,83",3,True,True,True,True,"1,2,3",2.7480719149509296,3.11307191495093,0.7638384442755252,0.9463384442755252,3.0175719149509295,0.4832650428856328,500.00000000000006,73.0,45.0,"0.241816,0.314872,0.359934",0.9166223884988369,0.24181632622778124,0.5473571223940602,0.42431632622778126,1.4279387147266183,0.7026326524555624,3.354888241178711,right_close_pair,73.0,-45.0,232.0,74.0,-45.0,235.0,-0.01,-0.0,-0.03,-0.26666666666666666,-0.5,16.0,10.0,3,True,True,True,True,signed_gap_sweep_w12,1.322280338932385,all_truth
target2_close50_linear29p5|seed13|nominal,target2_close50_linear29p5,13,nominal,local2d_detector_baseline_target2_close50_linear29p5_seed13_nominal_cpu,mean_top20_distinct20_baseline,173,"7,2,10","184,250,301","110,102,103",0,False,False,False,False,"1,2,3",2.4548562145627075,3.0398562145627075,0.6961858382628466,0.9886858382628466,2.9153562145627077,0.43962673057297463,500.00000000000006,117.0,15.0,"0.240955,0.333806,0.236775",0.8115360281965021,0.23677546046036657,0.5072874698592006,0.5292754604603666,1.5088114886568686,0.8287299996644817,3.276631675023074,wide_pair,117.0,-15.0,245.0,112.0,-15.0,250.0,-0.05,-0.0,-0.05,-0.31666666666666665,-0.5,19.0,10.0,0,False,False,False,False,signed_gap_sweep_w12,1.3180654126663824,missing_target0_target1_target2
target2_close50_linear29p5|seed13|source_mismatch,target2_close50_linear29p5,13,source_mismatch,local2d_detector_baseline_target2_close50_linear29p5_seed13_source_mismatch_cpu,mean_top20_distinct20_baseline,282,"9,3,11","187,253,305","102,100,90",1,False,False,False,True,"1,2,3",2.242854421891026,2.832854421891026,0.6936938854049418,0.9886938854049419,2.707854421891026,0.41105747713130125,500.00000000000006,118.0,14.0,"0.226578,0.295307,0.23408",0.7559651203472638,0.2265778991083783,0.4785662725574662,0.5215778991083783,1.4475430194556422,0.8071557982167565,3.059432320999404,wide_pair,118.0,-14.0,248.33333333333334,112.0,-15.0,250.0,-0.06,-0.01,-0.016666666666666573,-0.38333333333333336,-0.55,23.0,11.0,1,False,False,False,True,signed_gap_sweep_w12,1.1164913072610352,missing_target0_target1
target2_close50_linear29p5|seed21|nominal,target2_close50_linear29p5,21,nominal,local2d_detector_baseline_target2_close50_linear29p5_seed21_nominal_cpu,mean_top20_distinct20_baseline,163,"18,1,16","188,253,303","97,101,109",1,False,True,False,False,"1,2,3",2.286085691775241,2.8610856917752407,0.6002755981958179,0.8877755981958179,2.738585691775241,0.4058625593623866,500.00000000000006,115.0,15.0,"0.19441,0.340286,0.215799",0.7504958325289971,0.19441038715420442,0.4445756646638701,0.4819103871542044,1.3974062196832016,0.7338207743084089,3.055496078929445,wide_pair,115.0,-15.0,248.0,112.0,-15.0,250.0,-0.03,-0.0,-0.02,-0.5833333333333334,-0.9,35.0,18.0,1,False,True,False,False,signed_gap_sweep_w12,1.1874689922941566,missing_target1_target2
target2_close50_linear29p5|seed21|source_mismatch,target2_close50_linear29p5,21,source_mismatch,local2d_detector_baseline_target2_close50_linear29p5_seed21_source_mismatch_cpu,mean_top20_distinct20_baseline,261,"12,2,9","188,253,303","97,93,91",3,True,True,True,True,"1,2,3",2.3010081345113997,2.8760081345114,0.6841977995095918,0.9716977995095918,2.7535081345114,0.4173076525534148,500.00000000000006,115.0,15.0,"0.23061,0.335462,0.234971",0.8010426820734851,0.2306095590085883,0.4976237863664167,0.5181095590085882,1.4841522410820733,0.8062191180171765,3.106617693519988,wide_pair,115.0,-15.0,248.0,112.0,-15.0,250.0,-0.03,-0.0,-0.02,-0.38333333333333336,-0.6,23.0,12.0,3,True,True,True,True,signed_gap_sweep_w12,1.276066325911701,all_truth
target2_close50_linear29p5|seed34|nominal,target2_close50_linear29p5,34,nominal,local2d_detector_baseline_target2_close50_linear29p5_seed34_nominal_cpu,mean_top20_distinct20_baseline,528,"13,4,10","185,251,303","109,75,93",1,False,False,False,True,"1,2,3",2.4170704657554447,3.0070704657554446,0.706081938611334,1.0010819386113339,2.8820704657554446,0.40248489687039185,667.0,118.0,14.0,"0.237345,0.333103,0.24377",0.8142175447014705,0.23734517211893488,0.5087510203527583,0.5323451721189348,1.5165627168204054,0.8286903442378697,3.2444156378743796,wide_pair,118.0,-14.0,246.33333333333334,112.0,-15.0,250.0,-0.06,-0.01,-0.03666666666666657,-0.45,-0.65,27.0,13.0,1,False,False,False,True,signed_gap_sweep_w12,1.1723311526517455,missing_target0_target1
target2_close50_linear29p5|seed34|source_mismatch,target2_close50_linear29p5,34,source_mismatch,local2d_detector_baseline_target2_close50_linear29p5_seed34_source_mismatch_cpu,mean_top20_distinct20_baseline,267,"15,3,12","185,248,296","78,96,100",1,False,False,True,False,"1,2,3",2.0201763684333556,2.5751763684333557,0.4844722490891909,0.7619722490891909,2.4566763684333557,0.4007304428599269,500.00000000000006,111.0,15.0,"0.15583,0.315515,0.224024",0.695368356477953,0.15582962110857443,0.38761907326789213,0.4333296211085744,1.2876979775865276,0.6446592422171489,2.7310059895419303,wide_pair,111.0,-15.0,243.0,112.0,-15.0,250.0,-0.01,-0.0,-0.07,-0.5,-0.75,30.0,15.0,1,False,False,True,False,signed_gap_sweep_w12,1.08355018670165,missing_target0_target2
target2_close14|seed13|nominal,target2_close14,13,nominal,local2d_detector_baseline_target2_close14_seed13_nominal_cpu,mean_top20_moderate12_baseline,74,"14,6,1","186,249,265","77,93,85",2,False,False,True,True,"1,2,3",2.8632554118074767,3.2582554118074767,0.7308838044433662,0.9283838044433662,3.1557554118074767,0.47270184961069517,550.0,79.0,47.0,"0.225635,0.319251,0.366497",0.9113821965510092,0.22563480603849811,0.5294288715555011,0.4231348060384981,1.4295170025895072,0.6882696120769962,3.4838902178459747,right_close_pair,79.0,-47.0,233.33333333333334,74.0,-45.0,235.0,-0.05,-0.02,-0.016666666666666573,-0.35,-0.7,21.0,14.0,2,False,False,True,True,rank_sweep_w0,1.3032032115306151,missing_target0
target2_close14|seed13|source_mismatch,target2_close14,13,source_mismatch,local2d_detector_baseline_target2_close14_seed13_source_mismatch_cpu,mean_top20_moderate12_baseline,177,"9,3,2","188,250,266","85,78,90",2,False,True,False,True,"1,2,3",2.6770437451642013,3.0670437451642014,0.7286023247660144,0.9236023247660143,2.966043745164201,0.48003695829688986,500.00000000000006,78.0,46.0,"0.237178,0.329088,0.326972",0.8932379516218885,0.2371779881276018,0.5349239720015646,0.4321779881276018,1.4194159397494903,0.7083559762552036,3.3042217332918034,right_close_pair,78.0,-46.0,234.66666666666666,74.0,-45.0,235.0,-0.04,-0.01,-0.003333333333333428,-0.23333333333333334,-0.45,14.0,9.0,2,False,True,False,True,rank_sweep_w0,1.3098856498664393,missing_target1
target2_close14|seed21|nominal,target2_close14,21,nominal,local2d_detector_baseline_target2_close14_seed21_nominal_cpu,mean_top20_moderate12_baseline,59,"13,5,1","191,251,266","86,78,91",2,False,True,False,True,"1,2,3",2.8191976084551498,3.1941976084551498,0.7309313850055122,0.9184313850055122,3.0966976084551496,0.487780237660655,550.0,75.0,45.0,"0.231917,0.32277,0.373738",0.9284253257880678,0.23191724990224954,0.5413923584982722,0.41941724990224954,1.4378425756903175,0.6888344998044991,3.4261148583573995,right_close_pair,75.0,-45.0,236.0,74.0,-45.0,235.0,-0.01,-0.0,-0.01,-0.31666666666666665,-0.65,19.0,13.0,2,False,True,False,True,rank_sweep_w0,1.3971442595166388,missing_target1
target2_close14|seed21|source_mismatch,target2_close14,21,source_mismatch,local2d_detector_baseline_target2_close14_seed21_source_mismatch_cpu,mean_top20_moderate12_baseline,5,"7,2,1","194,251,263","86,76,81",1,False,True,False,False,"1,2,3",2.859424977616671,3.2044249776166707,0.7669360419406708,0.9394360419406708,3.1129249776166708,0.4651270651484827,500.00000000000006,69.0,45.0,"0.237243,0.331463,0.359044",0.9277500427901954,0.23724334338096373,0.5464933576443621,0.40974334338096374,1.418493386171159,0.6814866867619275,3.441668320997634,right_close_pair,69.0,-45.0,236.0,74.0,-45.0,235.0,-0.05,-0.0,-0.01,-0.16666666666666666,-0.35,10.0,7.0,1,False,True,False,False,rank_sweep_w0,1.3705803572851065,missing_target1_target2
target2_close14|seed34|nominal,target2_close14,34,nominal,local2d_detector_baseline_target2_close14_seed34_nominal_cpu,mean_top20_moderate12_baseline,377,"15,7,3","188,248,262","95,89,78",2,False,True,True,False,"1,2,3",2.7329905483632455,3.1029905483632456,0.7360909802742309,0.9210909802742309,3.0059905483632456,0.49064245719426425,550.0,74.0,46.0,"0.232795,0.315625,0.350788",0.8992077258636119,0.23279498848352223,0.5325308971047262,0.41779498848352226,1.4050027143471342,0.6875899769670445,3.335785536846768,right_close_pair,74.0,-46.0,232.66666666666666,74.0,-45.0,235.0,-0.0,-0.01,-0.023333333333333428,-0.4166666666666667,-0.75,25.0,15.0,2,False,True,True,False,rank_sweep_w0,1.3249917978762542,missing_target2
target2_close14|seed34|source_mismatch,target2_close14,34,source_mismatch,local2d_detector_baseline_target2_close14_seed34_source_mismatch_cpu,mean_top20_moderate12_baseline,56,"10,5,1","188,247,261","83,85,83",3,True,True,True,True,"1,2,3",2.7480719149509296,3.11307191495093,0.7638384442755252,0.9463384442755252,3.0175719149509295,0.4832650428856328,500.00000000000006,73.0,45.0,"0.241816,0.314872,0.359934",0.9166223884988369,0.24181632622778124,0.5473571223940602,0.42431632622778126,1.4279387147266183,0.7026326524555624,3.354888241178711,right_close_pair,73.0,-45.0,232.0,74.0,-45.0,235.0,-0.01,-0.0,-0.03,-0.26666666666666666,-0.5,16.0,10.0,3,True,True,True,True,rank_sweep_w0,1.3739470055990515,all_truth
target2_close50_linear29p5|seed13|nominal,target2_close50_linear29p5,13,nominal,local2d_detector_baseline_target2_close50_linear29p5_seed13_nominal_cpu,mean_top20_distinct20_baseline,173,"7,2,10","184,250,301","110,102,103",0,False,False,False,False,"1,2,3",2.4548562145627075,3.0398562145627075,0.6961858382628466,0.9886858382628466,2.9153562145627077,0.43962673057297463,500.00000000000006,117.0,15.0,"0.240955,0.333806,0.236775",0.8115360281965021,0.23677546046036657,0.5072874698592006,0.5292754604603666,1.5088114886568686,0.8287299996644817,3.276631675023074,wide_pair,117.0,-15.0,245.0,112.0,-15.0,250.0,-0.05,-0.0,-0.05,-0.31666666666666665,-0.5,19.0,10.0,0,False,False,False,False,rank_sweep_w0,1.374732079333049,missing_target0_target1_target2
target2_close50_linear29p5|seed13|source_mismatch,target2_close50_linear29p5,13,source_mismatch,local2d_detector_baseline_target2_close50_linear29p5_seed13_source_mismatch_cpu,mean_top20_distinct20_baseline,282,"9,3,11","187,253,305","102,100,90",1,False,False,False,True,"1,2,3",2.242854421891026,2.832854421891026,0.6936938854049418,0.9886938854049419,2.707854421891026,0.41105747713130125,500.00000000000006,118.0,14.0,"0.226578,0.295307,0.23408",0.7559651203472638,0.2265778991083783,0.4785662725574662,0.5215778991083783,1.4475430194556422,0.8071557982167565,3.059432320999404,wide_pair,118.0,-14.0,248.33333333333334,112.0,-15.0,250.0,-0.06,-0.01,-0.016666666666666573,-0.38333333333333336,-0.55,23.0,11.0,1,False,False,False,True,rank_sweep_w0,1.2623246405943684,missing_target0_target1
target2_close50_linear29p5|seed21|nominal,target2_close50_linear29p5,21,nominal,local2d_detector_baseline_target2_close50_linear29p5_seed21_nominal_cpu,mean_top20_distinct20_baseline,163,"18,1,16","188,253,303","97,101,109",1,False,True,False,False,"1,2,3",2.286085691775241,2.8610856917752407,0.6002755981958179,0.8877755981958179,2.738585691775241,0.4058625593623866,500.00000000000006,115.0,15.0,"0.19441,0.340286,0.215799",0.7504958325289971,0.19441038715420442,0.4445756646638701,0.4819103871542044,1.3974062196832016,0.7338207743084089,3.055496078929445,wide_pair,115.0,-15.0,248.0,112.0,-15.0,250.0,-0.03,-0.0,-0.02,-0.5833333333333334,-0.9,35.0,18.0,1,False,True,False,False,rank_sweep_w0,1.2908023256274899,missing_target1_target2
target2_close50_linear29p5|seed21|source_mismatch,target2_close50_linear29p5,21,source_mismatch,local2d_detector_baseline_target2_close50_linear29p5_seed21_source_mismatch_cpu,mean_top20_distinct20_baseline,261,"12,2,9","188,253,303","97,93,91",3,True,True,True,True,"1,2,3",2.3010081345113997,2.8760081345114,0.6841977995095918,0.9716977995095918,2.7535081345114,0.4173076525534148,500.00000000000006,115.0,15.0,"0.23061,0.335462,0.234971",0.8010426820734851,0.2306095590085883,0.4976237863664167,0.5181095590085882,1.4841522410820733,0.8062191180171765,3.106617693519988,wide_pair,115.0,-15.0,248.0,112.0,-15.0,250.0,-0.03,-0.0,-0.02,-0.38333333333333336,-0.6,23.0,12.0,3,True,True,True,True,rank_sweep_w0,1.3443996592450345,all_truth
target2_close50_linear29p5|seed34|nominal,target2_close50_linear29p5,34,nominal,local2d_detector_baseline_target2_close50_linear29p5_seed34_nominal_cpu,mean_top20_distinct20_baseline,528,"13,4,10","185,251,303","109,75,93",1,False,False,False,True,"1,2,3",2.4170704657554447,3.0070704657554446,0.706081938611334,1.0010819386113339,2.8820704657554446,0.40248489687039185,667.0,118.0,14.0,"0.237345,0.333103,0.24377",0.8142175447014705,0.23734517211893488,0.5087510203527583,0.5323451721189348,1.5165627168204054,0.8286903442378697,3.2444156378743796,wide_pair,118.0,-14.0,246.33333333333334,112.0,-15.0,250.0,-0.06,-0.01,-0.03666666666666657,-0.45,-0.65,27.0,13.0,1,False,False,False,True,rank_sweep_w0,1.3298311526517452,missing_target0_target1
target2_close50_linear29p5|seed34|source_mismatch,target2_close50_linear29p5,34,source_mismatch,local2d_detector_baseline_target2_close50_linear29p5_seed34_source_mismatch_cpu,mean_top20_distinct20_baseline,267,"15,3,12","185,248,296","78,96,100",1,False,False,True,False,"1,2,3",2.0201763684333556,2.5751763684333557,0.4844722490891909,0.7619722490891909,2.4566763684333557,0.4007304428599269,500.00000000000006,111.0,15.0,"0.15583,0.315515,0.224024",0.695368356477953,0.15582962110857443,0.38761907326789213,0.4333296211085744,1.2876979775865276,0.6446592422171489,2.7310059895419303,wide_pair,111.0,-15.0,243.0,112.0,-15.0,250.0,-0.01,-0.0,-0.07,-0.5,-0.75,30.0,15.0,1,False,False,True,False,rank_sweep_w0,1.17105018670165,missing_target0_target2
target2_close14|seed13|nominal,target2_close14,13,nominal,local2d_detector_baseline_target2_close14_seed13_nominal_cpu,mean_top20_moderate12_baseline,74,"14,6,1","186,249,265","77,93,85",2,False,False,True,True,"1,2,3",2.8632554118074767,3.2582554118074767,0.7308838044433662,0.9283838044433662,3.1557554118074767,0.47270184961069517,550.0,79.0,47.0,"0.225635,0.319251,0.366497",0.9113821965510092,0.22563480603849811,0.5294288715555011,0.4231348060384981,1.4295170025895072,0.6882696120769962,3.4838902178459747,right_close_pair,79.0,-47.0,233.33333333333334,74.0,-45.0,235.0,-0.05,-0.02,-0.016666666666666573,-0.35,-0.7,21.0,14.0,2,False,False,True,True,rank_sweep_w0.025,1.285703211530615,missing_target0
target2_close14|seed13|source_mismatch,target2_close14,13,source_mismatch,local2d_detector_baseline_target2_close14_seed13_source_mismatch_cpu,mean_top20_moderate12_baseline,177,"9,3,2","188,250,266","85,78,90",2,False,True,False,True,"1,2,3",2.6770437451642013,3.0670437451642014,0.7286023247660144,0.9236023247660143,2.966043745164201,0.48003695829688986,500.00000000000006,78.0,46.0,"0.237178,0.329088,0.326972",0.8932379516218885,0.2371779881276018,0.5349239720015646,0.4321779881276018,1.4194159397494903,0.7083559762552036,3.3042217332918034,right_close_pair,78.0,-46.0,234.66666666666666,74.0,-45.0,235.0,-0.04,-0.01,-0.003333333333333428,-0.23333333333333334,-0.45,14.0,9.0,2,False,True,False,True,rank_sweep_w0.025,1.298427316533106,missing_target1
target2_close14|seed21|nominal,target2_close14,21,nominal,local2d_detector_baseline_target2_close14_seed21_nominal_cpu,mean_top20_moderate12_baseline,59,"13,5,1","191,251,266","86,78,91",2,False,True,False,True,"1,2,3",2.8191976084551498,3.1941976084551498,0.7309313850055122,0.9184313850055122,3.0966976084551496,0.487780237660655,550.0,75.0,45.0,"0.231917,0.32277,0.373738",0.9284253257880678,0.23191724990224954,0.5413923584982722,0.41941724990224954,1.4378425756903175,0.6888344998044991,3.4261148583573995,right_close_pair,75.0,-45.0,236.0,74.0,-45.0,235.0,-0.01,-0.0,-0.01,-0.31666666666666665,-0.65,19.0,13.0,2,False,True,False,True,rank_sweep_w0.025,1.3811025928499723,missing_target1
target2_close14|seed21|source_mismatch,target2_close14,21,source_mismatch,local2d_detector_baseline_target2_close14_seed21_source_mismatch_cpu,mean_top20_moderate12_baseline,5,"7,2,1","194,251,263","86,76,81",1,False,True,False,False,"1,2,3",2.859424977616671,3.2044249776166707,0.7669360419406708,0.9394360419406708,3.1129249776166708,0.4651270651484827,500.00000000000006,69.0,45.0,"0.237243,0.331463,0.359044",0.9277500427901954,0.23724334338096373,0.5464933576443621,0.40974334338096374,1.418493386171159,0.6814866867619275,3.441668320997634,right_close_pair,69.0,-45.0,236.0,74.0,-45.0,235.0,-0.05,-0.0,-0.01,-0.16666666666666666,-0.35,10.0,7.0,1,False,True,False,False,rank_sweep_w0.025,1.3620386906184399,missing_target1_target2
target2_close14|seed34|nominal,target2_close14,34,nominal,local2d_detector_baseline_target2_close14_seed34_nominal_cpu,mean_top20_moderate12_baseline,87,"14,7,1","190,248,260","85,89,87",3,True,True,True,True,"1,2,3",2.8295362786595444,3.1795362786595445,0.7515480934802559,0.9265480934802559,3.0865362786595445,0.4595054873263418,550.0,70.0,46.0,"0.23468,0.315625,0.369995",0.920299877814464,0.2346795731842756,0.5414461991224303,0.4096795731842756,1.4119794509987398,0.6793591463685512,3.41421585184382,right_close_pair,70.0,-46.0,232.66666666666666,74.0,-45.0,235.0,-0.04,-0.01,-0.023333333333333428,-0.36666666666666664,-0.7,22.0,14.0,3,True,True,True,True,rank_sweep_w0.025,1.3062495625348005,all_truth
target2_close14|seed34|source_mismatch,target2_close14,34,source_mismatch,local2d_detector_baseline_target2_close14_seed34_source_mismatch_cpu,mean_top20_moderate12_baseline,56,"10,5,1","188,247,261","83,85,83",3,True,True,True,True,"1,2,3",2.7480719149509296,3.11307191495093,0.7638384442755252,0.9463384442755252,3.0175719149509295,0.4832650428856328,500.00000000000006,73.0,45.0,"0.241816,0.314872,0.359934",0.9166223884988369,0.24181632622778124,0.5473571223940602,0.42431632622778126,1.4279387147266183,0.7026326524555624,3.354888241178711,right_close_pair,73.0,-45.0,232.0,74.0,-45.0,235.0,-0.01,-0.0,-0.03,-0.26666666666666666,-0.5,16.0,10.0,3,True,True,True,True,rank_sweep_w0.025,1.3610303389323848,all_truth
target2_close50_linear29p5|seed13|nominal,target2_close50_linear29p5,13,nominal,local2d_detector_baseline_target2_close50_linear29p5_seed13_nominal_cpu,mean_top20_distinct20_baseline,173,"7,2,10","184,250,301","110,102,103",0,False,False,False,False,"1,2,3",2.4548562145627075,3.0398562145627075,0.6961858382628466,0.9886858382628466,2.9153562145627077,0.43962673057297463,500.00000000000006,117.0,15.0,"0.240955,0.333806,0.236775",0.8115360281965021,0.23677546046036657,0.5072874698592006,0.5292754604603666,1.5088114886568686,0.8287299996644817,3.276631675023074,wide_pair,117.0,-15.0,245.0,112.0,-15.0,250.0,-0.05,-0.0,-0.05,-0.31666666666666665,-0.5,19.0,10.0,0,False,False,False,False,rank_sweep_w0.025,1.3605654126663824,missing_target0_target1_target2
target2_close50_linear29p5|seed13|source_mismatch,target2_close50_linear29p5,13,source_mismatch,local2d_detector_baseline_target2_close50_linear29p5_seed13_source_mismatch_cpu,mean_top20_distinct20_baseline,282,"9,3,11","187,253,305","102,100,90",1,False,False,False,True,"1,2,3",2.242854421891026,2.832854421891026,0.6936938854049418,0.9886938854049419,2.707854421891026,0.41105747713130125,500.00000000000006,118.0,14.0,"0.226578,0.295307,0.23408",0.7559651203472638,0.2265778991083783,0.4785662725574662,0.5215778991083783,1.4475430194556422,0.8071557982167565,3.059432320999404,wide_pair,118.0,-14.0,248.33333333333334,112.0,-15.0,250.0,-0.06,-0.01,-0.016666666666666573,-0.38333333333333336,-0.55,23.0,11.0,1,False,False,False,True,rank_sweep_w0.025,1.2458663072610352,missing_target0_target1
target2_close50_linear29p5|seed21|nominal,target2_close50_linear29p5,21,nominal,local2d_detector_baseline_target2_close50_linear29p5_seed21_nominal_cpu,mean_top20_distinct20_baseline,163,"18,1,16","188,253,303","97,101,109",1,False,True,False,False,"1,2,3",2.286085691775241,2.8610856917752407,0.6002755981958179,0.8877755981958179,2.738585691775241,0.4058625593623866,500.00000000000006,115.0,15.0,"0.19441,0.340286,0.215799",0.7504958325289971,0.19441038715420442,0.4445756646638701,0.4819103871542044,1.3974062196832016,0.7338207743084089,3.055496078929445,wide_pair,115.0,-15.0,248.0,112.0,-15.0,250.0,-0.03,-0.0,-0.02,-0.5833333333333334,-0.9,35.0,18.0,1,False,True,False,False,rank_sweep_w0.025,1.2649689922941565,missing_target1_target2
target2_close50_linear29p5|seed21|source_mismatch,target2_close50_linear29p5,21,source_mismatch,local2d_detector_baseline_target2_close50_linear29p5_seed21_source_mismatch_cpu,mean_top20_distinct20_baseline,261,"12,2,9","188,253,303","97,93,91",3,True,True,True,True,"1,2,3",2.3010081345113997,2.8760081345114,0.6841977995095918,0.9716977995095918,2.7535081345114,0.4173076525534148,500.00000000000006,115.0,15.0,"0.23061,0.335462,0.234971",0.8010426820734851,0.2306095590085883,0.4976237863664167,0.5181095590085882,1.4841522410820733,0.8062191180171765,3.106617693519988,wide_pair,115.0,-15.0,248.0,112.0,-15.0,250.0,-0.03,-0.0,-0.02,-0.38333333333333336,-0.6,23.0,12.0,3,True,True,True,True,rank_sweep_w0.025,1.3273163259117011,all_truth
target2_close50_linear29p5|seed34|nominal,target2_close50_linear29p5,34,nominal,local2d_detector_baseline_target2_close50_linear29p5_seed34_nominal_cpu,mean_top20_distinct20_baseline,528,"13,4,10","185,251,303","109,75,93",1,False,False,False,True,"1,2,3",2.4170704657554447,3.0070704657554446,0.706081938611334,1.0010819386113339,2.8820704657554446,0.40248489687039185,667.0,118.0,14.0,"0.237345,0.333103,0.24377",0.8142175447014705,0.23734517211893488,0.5087510203527583,0.5323451721189348,1.5165627168204054,0.8286903442378697,3.2444156378743796,wide_pair,118.0,-14.0,246.33333333333334,112.0,-15.0,250.0,-0.06,-0.01,-0.03666666666666657,-0.45,-0.65,27.0,13.0,1,False,False,False,True,rank_sweep_w0.025,1.3104561526517453,missing_target0_target1
target2_close50_linear29p5|seed34|source_mismatch,target2_close50_linear29p5,34,source_mismatch,local2d_detector_baseline_target2_close50_linear29p5_seed34_source_mismatch_cpu,mean_top20_distinct20_baseline,267,"15,3,12","185,248,296","78,96,100",1,False,False,True,False,"1,2,3",2.0201763684333556,2.5751763684333557,0.4844722490891909,0.7619722490891909,2.4566763684333557,0.4007304428599269,500.00000000000006,111.0,15.0,"0.15583,0.315515,0.224024",0.695368356477953,0.15582962110857443,0.38761907326789213,0.4333296211085744,1.2876979775865276,0.6446592422171489,2.7310059895419303,wide_pair,111.0,-15.0,243.0,112.0,-15.0,250.0,-0.01,-0.0,-0.07,-0.5,-0.75,30.0,15.0,1,False,False,True,False,rank_sweep_w0.025,1.1491751867016502,missing_target0_target2
target2_close14|seed13|nominal,target2_close14,13,nominal,local2d_detector_baseline_target2_close14_seed13_nominal_cpu,mean_top20_moderate12_baseline,74,"14,6,1","186,249,265","77,93,85",2,False,False,True,True,"1,2,3",2.8632554118074767,3.2582554118074767,0.7308838044433662,0.9283838044433662,3.1557554118074767,0.47270184961069517,550.0,79.0,47.0,"0.225635,0.319251,0.366497",0.9113821965510092,0.22563480603849811,0.5294288715555011,0.4231348060384981,1.4295170025895072,0.6882696120769962,3.4838902178459747,right_close_pair,79.0,-47.0,233.33333333333334,74.0,-45.0,235.0,-0.05,-0.02,-0.016666666666666573,-0.35,-0.7,21.0,14.0,2,False,False,True,True,rank_sweep_w0.05,1.268203211530615,missing_target0
target2_close14|seed13|source_mismatch,target2_close14,13,source_mismatch,local2d_detector_baseline_target2_close14_seed13_source_mismatch_cpu,mean_top20_moderate12_baseline,177,"9,3,2","188,250,266","85,78,90",2,False,True,False,True,"1,2,3",2.6770437451642013,3.0670437451642014,0.7286023247660144,0.9236023247660143,2.966043745164201,0.48003695829688986,500.00000000000006,78.0,46.0,"0.237178,0.329088,0.326972",0.8932379516218885,0.2371779881276018,0.5349239720015646,0.4321779881276018,1.4194159397494903,0.7083559762552036,3.3042217332918034,right_close_pair,78.0,-46.0,234.66666666666666,74.0,-45.0,235.0,-0.04,-0.01,-0.003333333333333428,-0.23333333333333334,-0.45,14.0,9.0,2,False,True,False,True,rank_sweep_w0.05,1.2869689831997726,missing_target1
target2_close14|seed21|nominal,target2_close14,21,nominal,local2d_detector_baseline_target2_close14_seed21_nominal_cpu,mean_top20_moderate12_baseline,59,"13,5,1","191,251,266","86,78,91",2,False,True,False,True,"1,2,3",2.8191976084551498,3.1941976084551498,0.7309313850055122,0.9184313850055122,3.0966976084551496,0.487780237660655,550.0,75.0,45.0,"0.231917,0.32277,0.373738",0.9284253257880678,0.23191724990224954,0.5413923584982722,0.41941724990224954,1.4378425756903175,0.6888344998044991,3.4261148583573995,right_close_pair,75.0,-45.0,236.0,74.0,-45.0,235.0,-0.01,-0.0,-0.01,-0.31666666666666665,-0.65,19.0,13.0,2,False,True,False,True,rank_sweep_w0.05,1.3650609261833053,missing_target1
target2_close14|seed21|source_mismatch,target2_close14,21,source_mismatch,local2d_detector_baseline_target2_close14_seed21_source_mismatch_cpu,mean_top20_moderate12_baseline,5,"7,2,1","194,251,263","86,76,81",1,False,True,False,False,"1,2,3",2.859424977616671,3.2044249776166707,0.7669360419406708,0.9394360419406708,3.1129249776166708,0.4651270651484827,500.00000000000006,69.0,45.0,"0.237243,0.331463,0.359044",0.9277500427901954,0.23724334338096373,0.5464933576443621,0.40974334338096374,1.418493386171159,0.6814866867619275,3.441668320997634,right_close_pair,69.0,-45.0,236.0,74.0,-45.0,235.0,-0.05,-0.0,-0.01,-0.16666666666666666,-0.35,10.0,7.0,1,False,True,False,False,rank_sweep_w0.05,1.3534970239517732,missing_target1_target2
target2_close14|seed34|nominal,target2_close14,34,nominal,local2d_detector_baseline_target2_close14_seed34_nominal_cpu,mean_top20_moderate12_baseline,87,"14,7,1","190,248,260","85,89,87",3,True,True,True,True,"1,2,3",2.8295362786595444,3.1795362786595445,0.7515480934802559,0.9265480934802559,3.0865362786595445,0.4595054873263418,550.0,70.0,46.0,"0.23468,0.315625,0.369995",0.920299877814464,0.2346795731842756,0.5414461991224303,0.4096795731842756,1.4119794509987398,0.6793591463685512,3.41421585184382,right_close_pair,70.0,-46.0,232.66666666666666,74.0,-45.0,235.0,-0.04,-0.01,-0.023333333333333428,-0.36666666666666664,-0.7,22.0,14.0,3,True,True,True,True,rank_sweep_w0.05,1.288332895868134,all_truth
target2_close14|seed34|source_mismatch,target2_close14,34,source_mismatch,local2d_detector_baseline_target2_close14_seed34_source_mismatch_cpu,mean_top20_moderate12_baseline,56,"10,5,1","188,247,261","83,85,83",3,True,True,True,True,"1,2,3",2.7480719149509296,3.11307191495093,0.7638384442755252,0.9463384442755252,3.0175719149509295,0.4832650428856328,500.00000000000006,73.0,45.0,"0.241816,0.314872,0.359934",0.9166223884988369,0.24181632622778124,0.5473571223940602,0.42431632622778126,1.4279387147266183,0.7026326524555624,3.354888241178711,right_close_pair,73.0,-45.0,232.0,74.0,-45.0,235.0,-0.01,-0.0,-0.03,-0.26666666666666666,-0.5,16.0,10.0,3,True,True,True,True,rank_sweep_w0.05,1.348113672265718,all_truth
target2_close50_linear29p5|seed13|nominal,target2_close50_linear29p5,13,nominal,local2d_detector_baseline_target2_close50_linear29p5_seed13_nominal_cpu,mean_top20_distinct20_baseline,173,"7,2,10","184,250,301","110,102,103",0,False,False,False,False,"1,2,3",2.4548562145627075,3.0398562145627075,0.6961858382628466,0.9886858382628466,2.9153562145627077,0.43962673057297463,500.00000000000006,117.0,15.0,"0.240955,0.333806,0.236775",0.8115360281965021,0.23677546046036657,0.5072874698592006,0.5292754604603666,1.5088114886568686,0.8287299996644817,3.276631675023074,wide_pair,117.0,-15.0,245.0,112.0,-15.0,250.0,-0.05,-0.0,-0.05,-0.31666666666666665,-0.5,19.0,10.0,0,False,False,False,False,rank_sweep_w0.05,1.3463987459997158,missing_target0_target1_target2
target2_close50_linear29p5|seed13|source_mismatch,target2_close50_linear29p5,13,source_mismatch,local2d_detector_baseline_target2_close50_linear29p5_seed13_source_mismatch_cpu,mean_top20_distinct20_baseline,282,"9,3,11","187,253,305","102,100,90",1,False,False,False,True,"1,2,3",2.242854421891026,2.832854421891026,0.6936938854049418,0.9886938854049419,2.707854421891026,0.41105747713130125,500.00000000000006,118.0,14.0,"0.226578,0.295307,0.23408",0.7559651203472638,0.2265778991083783,0.4785662725574662,0.5215778991083783,1.4475430194556422,0.8071557982167565,3.059432320999404,wide_pair,118.0,-14.0,248.33333333333334,112.0,-15.0,250.0,-0.06,-0.01,-0.016666666666666573,-0.38333333333333336,-0.55,23.0,11.0,1,False,False,False,True,rank_sweep_w0.05,1.2294079739277017,missing_target0_target1
target2_close50_linear29p5|seed21|nominal,target2_close50_linear29p5,21,nominal,local2d_detector_baseline_target2_close50_linear29p5_seed21_nominal_cpu,mean_top20_distinct20_baseline,163,"18,1,16","188,253,303","97,101,109",1,False,True,False,False,"1,2,3",2.286085691775241,2.8610856917752407,0.6002755981958179,0.8877755981958179,2.738585691775241,0.4058625593623866,500.00000000000006,115.0,15.0,"0.19441,0.340286,0.215799",0.7504958325289971,0.19441038715420442,0.4445756646638701,0.4819103871542044,1.3974062196832016,0.7338207743084089,3.055496078929445,wide_pair,115.0,-15.0,248.0,112.0,-15.0,250.0,-0.03,-0.0,-0.02,-0.5833333333333334,-0.9,35.0,18.0,1,False,True,False,False,rank_sweep_w0.05,1.2391356589608233,missing_target1_target2
target2_close50_linear29p5|seed21|source_mismatch,target2_close50_linear29p5,21,source_mismatch,local2d_detector_baseline_target2_close50_linear29p5_seed21_source_mismatch_cpu,mean_top20_distinct20_baseline,261,"12,2,9","188,253,303","97,93,91",3,True,True,True,True,"1,2,3",2.3010081345113997,2.8760081345114,0.6841977995095918,0.9716977995095918,2.7535081345114,0.4173076525534148,500.00000000000006,115.0,15.0,"0.23061,0.335462,0.234971",0.8010426820734851,0.2306095590085883,0.4976237863664167,0.5181095590085882,1.4841522410820733,0.8062191180171765,3.106617693519988,wide_pair,115.0,-15.0,248.0,112.0,-15.0,250.0,-0.03,-0.0,-0.02,-0.38333333333333336,-0.6,23.0,12.0,3,True,True,True,True,rank_sweep_w0.05,1.3102329925783678,all_truth
target2_close50_linear29p5|seed34|nominal,target2_close50_linear29p5,34,nominal,local2d_detector_baseline_target2_close50_linear29p5_seed34_nominal_cpu,mean_top20_distinct20_baseline,528,"13,4,10","185,251,303","109,75,93",1,False,False,False,True,"1,2,3",2.4170704657554447,3.0070704657554446,0.706081938611334,1.0010819386113339,2.8820704657554446,0.40248489687039185,667.0,118.0,14.0,"0.237345,0.333103,0.24377",0.8142175447014705,0.23734517211893488,0.5087510203527583,0.5323451721189348,1.5165627168204054,0.8286903442378697,3.2444156378743796,wide_pair,118.0,-14.0,246.33333333333334,112.0,-15.0,250.0,-0.06,-0.01,-0.03666666666666657,-0.45,-0.65,27.0,13.0,1,False,False,False,True,rank_sweep_w0.05,1.2910811526517452,missing_target0_target1
target2_close50_linear29p5|seed34|source_mismatch,target2_close50_linear29p5,34,source_mismatch,local2d_detector_baseline_target2_close50_linear29p5_seed34_source_mismatch_cpu,mean_top20_distinct20_baseline,267,"15,3,12","185,248,296","78,96,100",1,False,False,True,False,"1,2,3",2.0201763684333556,2.5751763684333557,0.4844722490891909,0.7619722490891909,2.4566763684333557,0.4007304428599269,500.00000000000006,111.0,15.0,"0.15583,0.315515,0.224024",0.695368356477953,0.15582962110857443,0.38761907326789213,0.4333296211085744,1.2876979775865276,0.6446592422171489,2.7310059895419303,wide_pair,111.0,-15.0,243.0,112.0,-15.0,250.0,-0.01,-0.0,-0.07,-0.5,-0.75,30.0,15.0,1,False,False,True,False,rank_sweep_w0.05,1.12730018670165,missing_target0_target2
target2_close14|seed13|nominal,target2_close14,13,nominal,local2d_detector_baseline_target2_close14_seed13_nominal_cpu,mean_top20_moderate12_baseline,74,"14,6,1","186,249,265","77,93,85",2,False,False,True,True,"1,2,3",2.8632554118074767,3.2582554118074767,0.7308838044433662,0.9283838044433662,3.1557554118074767,0.47270184961069517,550.0,79.0,47.0,"0.225635,0.319251,0.366497",0.9113821965510092,0.22563480603849811,0.5294288715555011,0.4231348060384981,1.4295170025895072,0.6882696120769962,3.4838902178459747,right_close_pair,79.0,-47.0,233.33333333333334,74.0,-45.0,235.0,-0.05,-0.02,-0.016666666666666573,-0.35,-0.7,21.0,14.0,2,False,False,True,True,rank_sweep_w0.1,1.2332032115306153,missing_target0
target2_close14|seed13|source_mismatch,target2_close14,13,source_mismatch,local2d_detector_baseline_target2_close14_seed13_source_mismatch_cpu,mean_top20_moderate12_baseline,177,"9,3,2","188,250,266","85,78,90",2,False,True,False,True,"1,2,3",2.6770437451642013,3.0670437451642014,0.7286023247660144,0.9236023247660143,2.966043745164201,0.48003695829688986,500.00000000000006,78.0,46.0,"0.237178,0.329088,0.326972",0.8932379516218885,0.2371779881276018,0.5349239720015646,0.4321779881276018,1.4194159397494903,0.7083559762552036,3.3042217332918034,right_close_pair,78.0,-46.0,234.66666666666666,74.0,-45.0,235.0,-0.04,-0.01,-0.003333333333333428,-0.23333333333333334,-0.45,14.0,9.0,2,False,True,False,True,rank_sweep_w0.1,1.264052316533106,missing_target1
target2_close14|seed21|nominal,target2_close14,21,nominal,local2d_detector_baseline_target2_close14_seed21_nominal_cpu,mean_top20_moderate12_baseline,59,"13,5,1","191,251,266","86,78,91",2,False,True,False,True,"1,2,3",2.8191976084551498,3.1941976084551498,0.7309313850055122,0.9184313850055122,3.0966976084551496,0.487780237660655,550.0,75.0,45.0,"0.231917,0.32277,0.373738",0.9284253257880678,0.23191724990224954,0.5413923584982722,0.41941724990224954,1.4378425756903175,0.6888344998044991,3.4261148583573995,right_close_pair,75.0,-45.0,236.0,74.0,-45.0,235.0,-0.01,-0.0,-0.01,-0.31666666666666665,-0.65,19.0,13.0,2,False,True,False,True,rank_sweep_w0.1,1.332977592849972,missing_target1
target2_close14|seed21|source_mismatch,target2_close14,21,source_mismatch,local2d_detector_baseline_target2_close14_seed21_source_mismatch_cpu,mean_top20_moderate12_baseline,5,"7,2,1","194,251,263","86,76,81",1,False,True,False,False,"1,2,3",2.859424977616671,3.2044249776166707,0.7669360419406708,0.9394360419406708,3.1129249776166708,0.4651270651484827,500.00000000000006,69.0,45.0,"0.237243,0.331463,0.359044",0.9277500427901954,0.23724334338096373,0.5464933576443621,0.40974334338096374,1.418493386171159,0.6814866867619275,3.441668320997634,right_close_pair,69.0,-45.0,236.0,74.0,-45.0,235.0,-0.05,-0.0,-0.01,-0.16666666666666666,-0.35,10.0,7.0,1,False,True,False,False,rank_sweep_w0.1,1.3364136906184398,missing_target1_target2
target2_close14|seed34|nominal,target2_close14,34,nominal,local2d_detector_baseline_target2_close14_seed34_nominal_cpu,mean_top20_moderate12_baseline,87,"14,7,1","190,248,260","85,89,87",3,True,True,True,True,"1,2,3",2.8295362786595444,3.1795362786595445,0.7515480934802559,0.9265480934802559,3.0865362786595445,0.4595054873263418,550.0,70.0,46.0,"0.23468,0.315625,0.369995",0.920299877814464,0.2346795731842756,0.5414461991224303,0.4096795731842756,1.4119794509987398,0.6793591463685512,3.41421585184382,right_close_pair,70.0,-46.0,232.66666666666666,74.0,-45.0,235.0,-0.04,-0.01,-0.023333333333333428,-0.36666666666666664,-0.7,22.0,14.0,3,True,True,True,True,rank_sweep_w0.1,1.2524995625348008,all_truth
target2_close14|seed34|source_mismatch,target2_close14,34,source_mismatch,local2d_detector_baseline_target2_close14_seed34_source_mismatch_cpu,mean_top20_moderate12_baseline,56,"10,5,1","188,247,261","83,85,83",3,True,True,True,True,"1,2,3",2.7480719149509296,3.11307191495093,0.7638384442755252,0.9463384442755252,3.0175719149509295,0.4832650428856328,500.00000000000006,73.0,45.0,"0.241816,0.314872,0.359934",0.9166223884988369,0.24181632622778124,0.5473571223940602,0.42431632622778126,1.4279387147266183,0.7026326524555624,3.354888241178711,right_close_pair,73.0,-45.0,232.0,74.0,-45.0,235.0,-0.01,-0.0,-0.03,-0.26666666666666666,-0.5,16.0,10.0,3,True,True,True,True,rank_sweep_w0.1,1.322280338932385,all_truth
target2_close50_linear29p5|seed13|nominal,target2_close50_linear29p5,13,nominal,local2d_detector_baseline_target2_close50_linear29p5_seed13_nominal_cpu,mean_top20_distinct20_baseline,173,"7,2,10","184,250,301","110,102,103",0,False,False,False,False,"1,2,3",2.4548562145627075,3.0398562145627075,0.6961858382628466,0.9886858382628466,2.9153562145627077,0.43962673057297463,500.00000000000006,117.0,15.0,"0.240955,0.333806,0.236775",0.8115360281965021,0.23677546046036657,0.5072874698592006,0.5292754604603666,1.5088114886568686,0.8287299996644817,3.276631675023074,wide_pair,117.0,-15.0,245.0,112.0,-15.0,250.0,-0.05,-0.0,-0.05,-0.31666666666666665,-0.5,19.0,10.0,0,False,False,False,False,rank_sweep_w0.1,1.3180654126663824,missing_target0_target1_target2
target2_close50_linear29p5|seed13|source_mismatch,target2_close50_linear29p5,13,source_mismatch,local2d_detector_baseline_target2_close50_linear29p5_seed13_source_mismatch_cpu,mean_top20_distinct20_baseline,282,"9,3,11","187,253,305","102,100,90",1,False,False,False,True,"1,2,3",2.242854421891026,2.832854421891026,0.6936938854049418,0.9886938854049419,2.707854421891026,0.41105747713130125,500.00000000000006,118.0,14.0,"0.226578,0.295307,0.23408",0.7559651203472638,0.2265778991083783,0.4785662725574662,0.5215778991083783,1.4475430194556422,0.8071557982167565,3.059432320999404,wide_pair,118.0,-14.0,248.33333333333334,112.0,-15.0,250.0,-0.06,-0.01,-0.016666666666666573,-0.38333333333333336,-0.55,23.0,11.0,1,False,False,False,True,rank_sweep_w0.1,1.196491307261035,missing_target0_target1
target2_close50_linear29p5|seed21|nominal,target2_close50_linear29p5,21,nominal,local2d_detector_baseline_target2_close50_linear29p5_seed21_nominal_cpu,mean_top20_distinct20_baseline,163,"18,1,16","188,253,303","97,101,109",1,False,True,False,False,"1,2,3",2.286085691775241,2.8610856917752407,0.6002755981958179,0.8877755981958179,2.738585691775241,0.4058625593623866,500.00000000000006,115.0,15.0,"0.19441,0.340286,0.215799",0.7504958325289971,0.19441038715420442,0.4445756646638701,0.4819103871542044,1.3974062196832016,0.7338207743084089,3.055496078929445,wide_pair,115.0,-15.0,248.0,112.0,-15.0,250.0,-0.03,-0.0,-0.02,-0.5833333333333334,-0.9,35.0,18.0,1,False,True,False,False,rank_sweep_w0.1,1.1874689922941566,missing_target1_target2
target2_close50_linear29p5|seed21|source_mismatch,target2_close50_linear29p5,21,source_mismatch,local2d_detector_baseline_target2_close50_linear29p5_seed21_source_mismatch_cpu,mean_top20_distinct20_baseline,261,"12,2,9","188,253,303","97,93,91",3,True,True,True,True,"1,2,3",2.3010081345113997,2.8760081345114,0.6841977995095918,0.9716977995095918,2.7535081345114,0.4173076525534148,500.00000000000006,115.0,15.0,"0.23061,0.335462,0.234971",0.8010426820734851,0.2306095590085883,0.4976237863664167,0.5181095590085882,1.4841522410820733,0.8062191180171765,3.106617693519988,wide_pair,115.0,-15.0,248.0,112.0,-15.0,250.0,-0.03,-0.0,-0.02,-0.38333333333333336,-0.6,23.0,12.0,3,True,True,True,True,rank_sweep_w0.1,1.276066325911701,all_truth
target2_close50_linear29p5|seed34|nominal,target2_close50_linear29p5,34,nominal,local2d_detector_baseline_target2_close50_linear29p5_seed34_nominal_cpu,mean_top20_distinct20_baseline,528,"13,4,10","185,251,303","109,75,93",1,False,False,False,True,"1,2,3",2.4170704657554447,3.0070704657554446,0.706081938611334,1.0010819386113339,2.8820704657554446,0.40248489687039185,667.0,118.0,14.0,"0.237345,0.333103,0.24377",0.8142175447014705,0.23734517211893488,0.5087510203527583,0.5323451721189348,1.5165627168204054,0.8286903442378697,3.2444156378743796,wide_pair,118.0,-14.0,246.33333333333334,112.0,-15.0,250.0,-0.06,-0.01,-0.03666666666666657,-0.45,-0.65,27.0,13.0,1,False,False,False,True,rank_sweep_w0.1,1.2523311526517453,missing_target0_target1
target2_close50_linear29p5|seed34|source_mismatch,target2_close50_linear29p5,34,source_mismatch,local2d_detector_baseline_target2_close50_linear29p5_seed34_source_mismatch_cpu,mean_top20_distinct20_baseline,230,"8,3,7","181,248,295","102,96,89",2,False,False,True,True,"1,2,3",2.3106638614135946,2.8806638614135944,0.7029100573339436,0.9879100573339437,2.7566638614135948,0.43705121762769317,500.00000000000006,114.0,20.0,"0.235081,0.315515,0.251097",0.8016924026712033,0.23508070269969167,0.5023115035900928,0.5200807026996916,1.482773105370895,0.8121614053993833,3.115744564113286,wide_pair,114.0,-20.0,241.33333333333334,112.0,-15.0,250.0,-0.02,-0.05,-0.08666666666666657,-0.3,-0.4,18.0,8.0,2,False,False,True,True,rank_sweep_w0.1,1.0872021321747714,missing_target0
target2_close14|seed13|nominal,target2_close14,13,nominal,local2d_detector_baseline_target2_close14_seed13_nominal_cpu,mean_top20_moderate12_baseline,74,"14,6,1","186,249,265","77,93,85",2,False,False,True,True,"1,2,3",2.8632554118074767,3.2582554118074767,0.7308838044433662,0.9283838044433662,3.1557554118074767,0.47270184961069517,550.0,79.0,47.0,"0.225635,0.319251,0.366497",0.9113821965510092,0.22563480603849811,0.5294288715555011,0.4231348060384981,1.4295170025895072,0.6882696120769962,3.4838902178459747,right_close_pair,79.0,-47.0,233.33333333333334,74.0,-45.0,235.0,-0.05,-0.02,-0.016666666666666573,-0.35,-0.7,21.0,14.0,2,False,False,True,True,rank_sweep_w0.2,1.163203211530615,missing_target0
target2_close14|seed13|source_mismatch,target2_close14,13,source_mismatch,local2d_detector_baseline_target2_close14_seed13_source_mismatch_cpu,mean_top20_moderate12_baseline,177,"9,3,2","188,250,266","85,78,90",2,False,True,False,True,"1,2,3",2.6770437451642013,3.0670437451642014,0.7286023247660144,0.9236023247660143,2.966043745164201,0.48003695829688986,500.00000000000006,78.0,46.0,"0.237178,0.329088,0.326972",0.8932379516218885,0.2371779881276018,0.5349239720015646,0.4321779881276018,1.4194159397494903,0.7083559762552036,3.3042217332918034,right_close_pair,78.0,-46.0,234.66666666666666,74.0,-45.0,235.0,-0.04,-0.01,-0.003333333333333428,-0.23333333333333334,-0.45,14.0,9.0,2,False,True,False,True,rank_sweep_w0.2,1.2182189831997727,missing_target1
target2_close14|seed21|nominal,target2_close14,21,nominal,local2d_detector_baseline_target2_close14_seed21_nominal_cpu,mean_top20_moderate12_baseline,59,"13,5,1","191,251,266","86,78,91",2,False,True,False,True,"1,2,3",2.8191976084551498,3.1941976084551498,0.7309313850055122,0.9184313850055122,3.0966976084551496,0.487780237660655,550.0,75.0,45.0,"0.231917,0.32277,0.373738",0.9284253257880678,0.23191724990224954,0.5413923584982722,0.41941724990224954,1.4378425756903175,0.6888344998044991,3.4261148583573995,right_close_pair,75.0,-45.0,236.0,74.0,-45.0,235.0,-0.01,-0.0,-0.01,-0.31666666666666665,-0.65,19.0,13.0,2,False,True,False,True,rank_sweep_w0.2,1.2688109261833056,missing_target1
target2_close14|seed21|source_mismatch,target2_close14,21,source_mismatch,local2d_detector_baseline_target2_close14_seed21_source_mismatch_cpu,mean_top20_moderate12_baseline,5,"7,2,1","194,251,263","86,76,81",1,False,True,False,False,"1,2,3",2.859424977616671,3.2044249776166707,0.7669360419406708,0.9394360419406708,3.1129249776166708,0.4651270651484827,500.00000000000006,69.0,45.0,"0.237243,0.331463,0.359044",0.9277500427901954,0.23724334338096373,0.5464933576443621,0.40974334338096374,1.418493386171159,0.6814866867619275,3.441668320997634,right_close_pair,69.0,-45.0,236.0,74.0,-45.0,235.0,-0.05,-0.0,-0.01,-0.16666666666666666,-0.35,10.0,7.0,1,False,True,False,False,rank_sweep_w0.2,1.3022470239517732,missing_target1_target2
target2_close14|seed34|nominal,target2_close14,34,nominal,local2d_detector_baseline_target2_close14_seed34_nominal_cpu,mean_top20_moderate12_baseline,87,"14,7,1","190,248,260","85,89,87",3,True,True,True,True,"1,2,3",2.8295362786595444,3.1795362786595445,0.7515480934802559,0.9265480934802559,3.0865362786595445,0.4595054873263418,550.0,70.0,46.0,"0.23468,0.315625,0.369995",0.920299877814464,0.2346795731842756,0.5414461991224303,0.4096795731842756,1.4119794509987398,0.6793591463685512,3.41421585184382,right_close_pair,70.0,-46.0,232.66666666666666,74.0,-45.0,235.0,-0.04,-0.01,-0.023333333333333428,-0.36666666666666664,-0.7,22.0,14.0,3,True,True,True,True,rank_sweep_w0.2,1.180832895868134,all_truth
target2_close14|seed34|source_mismatch,target2_close14,34,source_mismatch,local2d_detector_baseline_target2_close14_seed34_source_mismatch_cpu,mean_top20_moderate12_baseline,56,"10,5,1","188,247,261","83,85,83",3,True,True,True,True,"1,2,3",2.7480719149509296,3.11307191495093,0.7638384442755252,0.9463384442755252,3.0175719149509295,0.4832650428856328,500.00000000000006,73.0,45.0,"0.241816,0.314872,0.359934",0.9166223884988369,0.24181632622778124,0.5473571223940602,0.42431632622778126,1.4279387147266183,0.7026326524555624,3.354888241178711,right_close_pair,73.0,-45.0,232.0,74.0,-45.0,235.0,-0.01,-0.0,-0.03,-0.26666666666666666,-0.5,16.0,10.0,3,True,True,True,True,rank_sweep_w0.2,1.2706136722657182,all_truth
target2_close50_linear29p5|seed13|nominal,target2_close50_linear29p5,13,nominal,local2d_detector_baseline_target2_close50_linear29p5_seed13_nominal_cpu,mean_top20_distinct20_baseline,173,"7,2,10","184,250,301","110,102,103",0,False,False,False,False,"1,2,3",2.4548562145627075,3.0398562145627075,0.6961858382628466,0.9886858382628466,2.9153562145627077,0.43962673057297463,500.00000000000006,117.0,15.0,"0.240955,0.333806,0.236775",0.8115360281965021,0.23677546046036657,0.5072874698592006,0.5292754604603666,1.5088114886568686,0.8287299996644817,3.276631675023074,wide_pair,117.0,-15.0,245.0,112.0,-15.0,250.0,-0.05,-0.0,-0.05,-0.31666666666666665,-0.5,19.0,10.0,0,False,False,False,False,rank_sweep_w0.2,1.2613987459997158,missing_target0_target1_target2
target2_close50_linear29p5|seed13|source_mismatch,target2_close50_linear29p5,13,source_mismatch,local2d_detector_baseline_target2_close50_linear29p5_seed13_source_mismatch_cpu,mean_top20_distinct20_baseline,282,"9,3,11","187,253,305","102,100,90",1,False,False,False,True,"1,2,3",2.242854421891026,2.832854421891026,0.6936938854049418,0.9886938854049419,2.707854421891026,0.41105747713130125,500.00000000000006,118.0,14.0,"0.226578,0.295307,0.23408",0.7559651203472638,0.2265778991083783,0.4785662725574662,0.5215778991083783,1.4475430194556422,0.8071557982167565,3.059432320999404,wide_pair,118.0,-14.0,248.33333333333334,112.0,-15.0,250.0,-0.06,-0.01,-0.016666666666666573,-0.38333333333333336,-0.55,23.0,11.0,1,False,False,False,True,rank_sweep_w0.2,1.1306579739277018,missing_target0_target1
target2_close50_linear29p5|seed21|nominal,target2_close50_linear29p5,21,nominal,local2d_detector_baseline_target2_close50_linear29p5_seed21_nominal_cpu,mean_top20_distinct20_baseline,526,"10,4,11","183,251,301","108,77,87",1,False,False,False,True,"1,2,3",2.421696803721443,3.011696803721443,0.7344468629912091,1.029446862991209,2.884696803721443,0.41390447814679465,667.0,118.0,18.0,"0.241883,0.334516,0.245358",0.821757195895255,0.24188327778609367,0.515802343084512,0.5368832777860937,1.5266404736813488,0.8377665555721874,3.2535800815075366,wide_pair,118.0,-18.0,245.0,112.0,-15.0,250.0,-0.06,-0.03,-0.05,-0.4166666666666667,-0.55,25.0,11.0,1,False,False,False,True,rank_sweep_w0.2,1.1157029198088486,missing_target0_target1
target2_close50_linear29p5|seed21|source_mismatch,target2_close50_linear29p5,21,source_mismatch,local2d_detector_baseline_target2_close50_linear29p5_seed21_source_mismatch_cpu,mean_top20_distinct20_baseline,261,"12,2,9","188,253,303","97,93,91",3,True,True,True,True,"1,2,3",2.3010081345113997,2.8760081345114,0.6841977995095918,0.9716977995095918,2.7535081345114,0.4173076525534148,500.00000000000006,115.0,15.0,"0.23061,0.335462,0.234971",0.8010426820734851,0.2306095590085883,0.4976237863664167,0.5181095590085882,1.4841522410820733,0.8062191180171765,3.106617693519988,wide_pair,115.0,-15.0,248.0,112.0,-15.0,250.0,-0.03,-0.0,-0.02,-0.38333333333333336,-0.6,23.0,12.0,3,True,True,True,True,rank_sweep_w0.2,1.2077329925783677,all_truth
target2_close50_linear29p5|seed34|nominal,target2_close50_linear29p5,34,nominal,local2d_detector_baseline_target2_close50_linear29p5_seed34_nominal_cpu,mean_top20_distinct20_baseline,528,"13,4,10","185,251,303","109,75,93",1,False,False,False,True,"1,2,3",2.4170704657554447,3.0070704657554446,0.706081938611334,1.0010819386113339,2.8820704657554446,0.40248489687039185,667.0,118.0,14.0,"0.237345,0.333103,0.24377",0.8142175447014705,0.23734517211893488,0.5087510203527583,0.5323451721189348,1.5165627168204054,0.8286903442378697,3.2444156378743796,wide_pair,118.0,-14.0,246.33333333333334,112.0,-15.0,250.0,-0.06,-0.01,-0.03666666666666657,-0.45,-0.65,27.0,13.0,1,False,False,False,True,rank_sweep_w0.2,1.1748311526517452,missing_target0_target1
target2_close50_linear29p5|seed34|source_mismatch,target2_close50_linear29p5,34,source_mismatch,local2d_detector_baseline_target2_close50_linear29p5_seed34_source_mismatch_cpu,mean_top20_distinct20_baseline,230,"8,3,7","181,248,295","102,96,89",2,False,False,True,True,"1,2,3",2.3106638614135946,2.8806638614135944,0.7029100573339436,0.9879100573339437,2.7566638614135948,0.43705121762769317,500.00000000000006,114.0,20.0,"0.235081,0.315515,0.251097",0.8016924026712033,0.23508070269969167,0.5023115035900928,0.5200807026996916,1.482773105370895,0.8121614053993833,3.115744564113286,wide_pair,114.0,-20.0,241.33333333333334,112.0,-15.0,250.0,-0.02,-0.05,-0.08666666666666657,-0.3,-0.4,18.0,8.0,2,False,False,True,True,rank_sweep_w0.2,1.0372021321747713,missing_target0
target2_close14|seed13|nominal,target2_close14,13,nominal,local2d_detector_baseline_target2_close14_seed13_nominal_cpu,mean_top20_moderate12_baseline,74,"14,6,1","186,249,265","77,93,85",2,False,False,True,True,"1,2,3",2.8632554118074767,3.2582554118074767,0.7308838044433662,0.9283838044433662,3.1557554118074767,0.47270184961069517,550.0,79.0,47.0,"0.225635,0.319251,0.366497",0.9113821965510092,0.22563480603849811,0.5294288715555011,0.4231348060384981,1.4295170025895072,0.6882696120769962,3.4838902178459747,right_close_pair,79.0,-47.0,233.33333333333334,74.0,-45.0,235.0,-0.05,-0.02,-0.016666666666666573,-0.35,-0.7,21.0,14.0,2,False,False,True,True,rank_sweep_w0.4,1.0232032115306153,missing_target0
target2_close14|seed13|source_mismatch,target2_close14,13,source_mismatch,local2d_detector_baseline_target2_close14_seed13_source_mismatch_cpu,mean_top20_moderate12_baseline,177,"9,3,2","188,250,266","85,78,90",2,False,True,False,True,"1,2,3",2.6770437451642013,3.0670437451642014,0.7286023247660144,0.9236023247660143,2.966043745164201,0.48003695829688986,500.00000000000006,78.0,46.0,"0.237178,0.329088,0.326972",0.8932379516218885,0.2371779881276018,0.5349239720015646,0.4321779881276018,1.4194159397494903,0.7083559762552036,3.3042217332918034,right_close_pair,78.0,-46.0,234.66666666666666,74.0,-45.0,235.0,-0.04,-0.01,-0.003333333333333428,-0.23333333333333334,-0.45,14.0,9.0,2,False,True,False,True,rank_sweep_w0.4,1.126552316533106,missing_target1
target2_close14|seed21|nominal,target2_close14,21,nominal,local2d_detector_baseline_target2_close14_seed21_nominal_cpu,mean_top20_moderate12_baseline,59,"13,5,1","191,251,266","86,78,91",2,False,True,False,True,"1,2,3",2.8191976084551498,3.1941976084551498,0.7309313850055122,0.9184313850055122,3.0966976084551496,0.487780237660655,550.0,75.0,45.0,"0.231917,0.32277,0.373738",0.9284253257880678,0.23191724990224954,0.5413923584982722,0.41941724990224954,1.4378425756903175,0.6888344998044991,3.4261148583573995,right_close_pair,75.0,-45.0,236.0,74.0,-45.0,235.0,-0.01,-0.0,-0.01,-0.31666666666666665,-0.65,19.0,13.0,2,False,True,False,True,rank_sweep_w0.4,1.140477592849972,missing_target1
target2_close14|seed21|source_mismatch,target2_close14,21,source_mismatch,local2d_detector_baseline_target2_close14_seed21_source_mismatch_cpu,mean_top20_moderate12_baseline,5,"7,2,1","194,251,263","86,76,81",1,False,True,False,False,"1,2,3",2.859424977616671,3.2044249776166707,0.7669360419406708,0.9394360419406708,3.1129249776166708,0.4651270651484827,500.00000000000006,69.0,45.0,"0.237243,0.331463,0.359044",0.9277500427901954,0.23724334338096373,0.5464933576443621,0.40974334338096374,1.418493386171159,0.6814866867619275,3.441668320997634,right_close_pair,69.0,-45.0,236.0,74.0,-45.0,235.0,-0.05,-0.0,-0.01,-0.16666666666666666,-0.35,10.0,7.0,1,False,True,False,False,rank_sweep_w0.4,1.2339136906184398,missing_target1_target2
target2_close14|seed34|nominal,target2_close14,34,nominal,local2d_detector_baseline_target2_close14_seed34_nominal_cpu,mean_top20_moderate12_baseline,207,"8,2,5","224,272,274","75,92,82",1,False,False,False,True,"1,3,2",2.9904226177374684,3.2404226177374684,0.9121663560926759,1.0371663560926758,3.1674226177374685,0.48629536161425074,500.00000000000006,50.0,46.0,"0.311992,0.359385,0.335534",1.006911290732479,0.3119922470369897,0.647629343947816,0.4369922470369897,1.4959035377694687,0.7739844940739794,3.552414864774458,right_close_pair,50.0,-46.0,256.6666666666667,74.0,-45.0,235.0,-0.24,-0.01,-0.21666666666666687,-0.25,-0.4,15.0,8.0,1,False,False,False,True,rank_sweep_w0.4,1.0751014085062924,missing_target0_target1
target2_close14|seed34|source_mismatch,target2_close14,34,source_mismatch,local2d_detector_baseline_target2_close14_seed34_source_mismatch_cpu,mean_top20_moderate12_baseline,56,"10,5,1","188,247,261","83,85,83",3,True,True,True,True,"1,2,3",2.7480719149509296,3.11307191495093,0.7638384442755252,0.9463384442755252,3.0175719149509295,0.4832650428856328,500.00000000000006,73.0,45.0,"0.241816,0.314872,0.359934",0.9166223884988369,0.24181632622778124,0.5473571223940602,0.42431632622778126,1.4279387147266183,0.7026326524555624,3.354888241178711,right_close_pair,73.0,-45.0,232.0,74.0,-45.0,235.0,-0.01,-0.0,-0.03,-0.26666666666666666,-0.5,16.0,10.0,3,True,True,True,True,rank_sweep_w0.4,1.1672803389323847,all_truth
target2_close50_linear29p5|seed13|nominal,target2_close50_linear29p5,13,nominal,local2d_detector_baseline_target2_close50_linear29p5_seed13_nominal_cpu,mean_top20_distinct20_baseline,160,"7,2,6","184,250,299","110,102,79",0,False,False,False,False,"1,2,3",2.525137840133082,3.1001378401330824,0.7575450283399993,1.0450450283399992,2.976637840133082,0.4328885092990578,600.0,115.0,17.0,"0.240955,0.333806,0.246224",0.8209844119036058,0.24095453920411505,0.5146160098386503,0.528454539204115,1.5134389511077209,0.82690907840823,3.3410923793371974,wide_pair,115.0,-17.0,244.33333333333334,112.0,-15.0,250.0,-0.03,-0.02,-0.056666666666666574,-0.25,-0.35,15.0,7.0,0,False,False,False,False,rank_sweep_w0.4,1.1486046180879663,missing_target0_target1_target2
target2_close50_linear29p5|seed13|source_mismatch,target2_close50_linear29p5,13,source_mismatch,local2d_detector_baseline_target2_close50_linear29p5_seed13_source_mismatch_cpu,mean_top20_distinct20_baseline,282,"9,3,11","187,253,305","102,100,90",1,False,False,False,True,"1,2,3",2.242854421891026,2.832854421891026,0.6936938854049418,0.9886938854049419,2.707854421891026,0.41105747713130125,500.00000000000006,118.0,14.0,"0.226578,0.295307,0.23408",0.7559651203472638,0.2265778991083783,0.4785662725574662,0.5215778991083783,1.4475430194556422,0.8071557982167565,3.059432320999404,wide_pair,118.0,-14.0,248.33333333333334,112.0,-15.0,250.0,-0.06,-0.01,-0.016666666666666573,-0.38333333333333336,-0.55,23.0,11.0,1,False,False,False,True,rank_sweep_w0.4,0.9989913072610351,missing_target0_target1
target2_close50_linear29p5|seed21|nominal,target2_close50_linear29p5,21,nominal,local2d_detector_baseline_target2_close50_linear29p5_seed21_nominal_cpu,mean_top20_distinct20_baseline,526,"10,4,11","183,251,301","108,77,87",1,False,False,False,True,"1,2,3",2.421696803721443,3.011696803721443,0.7344468629912091,1.029446862991209,2.884696803721443,0.41390447814679465,667.0,118.0,18.0,"0.241883,0.334516,0.245358",0.821757195895255,0.24188327778609367,0.515802343084512,0.5368832777860937,1.5266404736813488,0.8377665555721874,3.2535800815075366,wide_pair,118.0,-18.0,245.0,112.0,-15.0,250.0,-0.06,-0.03,-0.05,-0.4166666666666667,-0.55,25.0,11.0,1,False,False,False,True,rank_sweep_w0.4,0.9773695864755151,missing_target0_target1
target2_close50_linear29p5|seed21|source_mismatch,target2_close50_linear29p5,21,source_mismatch,local2d_detector_baseline_target2_close50_linear29p5_seed21_source_mismatch_cpu,mean_top20_distinct20_baseline,261,"12,2,9","188,253,303","97,93,91",3,True,True,True,True,"1,2,3",2.3010081345113997,2.8760081345114,0.6841977995095918,0.9716977995095918,2.7535081345114,0.4173076525534148,500.00000000000006,115.0,15.0,"0.23061,0.335462,0.234971",0.8010426820734851,0.2306095590085883,0.4976237863664167,0.5181095590085882,1.4841522410820733,0.8062191180171765,3.106617693519988,wide_pair,115.0,-15.0,248.0,112.0,-15.0,250.0,-0.03,-0.0,-0.02,-0.38333333333333336,-0.6,23.0,12.0,3,True,True,True,True,rank_sweep_w0.4,1.0710663259117013,all_truth
target2_close50_linear29p5|seed34|nominal,target2_close50_linear29p5,34,nominal,local2d_detector_baseline_target2_close50_linear29p5_seed34_nominal_cpu,mean_top20_distinct20_baseline,528,"13,4,10","185,251,303","109,75,93",1,False,False,False,True,"1,2,3",2.4170704657554447,3.0070704657554446,0.706081938611334,1.0010819386113339,2.8820704657554446,0.40248489687039185,667.0,118.0,14.0,"0.237345,0.333103,0.24377",0.8142175447014705,0.23734517211893488,0.5087510203527583,0.5323451721189348,1.5165627168204054,0.8286903442378697,3.2444156378743796,wide_pair,118.0,-14.0,246.33333333333334,112.0,-15.0,250.0,-0.06,-0.01,-0.03666666666666657,-0.45,-0.65,27.0,13.0,1,False,False,False,True,rank_sweep_w0.4,1.0198311526517454,missing_target0_target1
target2_close50_linear29p5|seed34|source_mismatch,target2_close50_linear29p5,34,source_mismatch,local2d_detector_baseline_target2_close50_linear29p5_seed34_source_mismatch_cpu,mean_top20_distinct20_baseline,230,"8,3,7","181,248,295","102,96,89",2,False,False,True,True,"1,2,3",2.3106638614135946,2.8806638614135944,0.7029100573339436,0.9879100573339437,2.7566638614135948,0.43705121762769317,500.00000000000006,114.0,20.0,"0.235081,0.315515,0.251097",0.8016924026712033,0.23508070269969167,0.5023115035900928,0.5200807026996916,1.482773105370895,0.8121614053993833,3.115744564113286,wide_pair,114.0,-20.0,241.33333333333334,112.0,-15.0,250.0,-0.02,-0.05,-0.08666666666666657,-0.3,-0.4,18.0,8.0,2,False,False,True,True,rank_sweep_w0.4,0.9372021321747712,missing_target0
target2_close14|seed13|nominal,target2_close14,13,nominal,local2d_detector_baseline_target2_close14_seed13_nominal_cpu,mean_top20_moderate12_baseline,471,"16,5,4","183,250,273","86,81,97",1,False,True,False,False,"1,2,3",2.71786153277455,3.16786153277455,0.7104850969367569,0.9354850969367569,3.05586153277455,0.47642831557463605,500.00000000000006,90.0,44.0,"0.22359,0.324763,0.332496",0.880849111272064,0.22358980055402256,0.5172061709780439,0.44858980055402253,1.4424389118260865,0.7171796011080451,3.3914513333285727,right_close_pair,90.0,-44.0,235.33333333333334,74.0,-45.0,235.0,-0.16,-0.01,-0.003333333333333428,-0.4166666666666667,-0.8,25.0,16.0,1,False,True,False,False,span_sweep_w0,1.2771763892454244,missing_target1_target2
target2_close14|seed13|source_mismatch,target2_close14,13,source_mismatch,local2d_detector_baseline_target2_close14_seed13_source_mismatch_cpu,mean_top20_moderate12_baseline,177,"9,3,2","188,250,266","85,78,90",2,False,True,False,True,"1,2,3",2.6770437451642013,3.0670437451642014,0.7286023247660144,0.9236023247660143,2.966043745164201,0.48003695829688986,500.00000000000006,78.0,46.0,"0.237178,0.329088,0.326972",0.8932379516218885,0.2371779881276018,0.5349239720015646,0.4321779881276018,1.4194159397494903,0.7083559762552036,3.3042217332918034,right_close_pair,78.0,-46.0,234.66666666666666,74.0,-45.0,235.0,-0.04,-0.01,-0.003333333333333428,-0.23333333333333334,-0.45,14.0,9.0,2,False,True,False,True,span_sweep_w0,1.284052316533106,missing_target1
target2_close14|seed21|nominal,target2_close14,21,nominal,local2d_detector_baseline_target2_close14_seed21_nominal_cpu,mean_top20_moderate12_baseline,59,"13,5,1","191,251,266","86,78,91",2,False,True,False,True,"1,2,3",2.8191976084551498,3.1941976084551498,0.7309313850055122,0.9184313850055122,3.0966976084551496,0.487780237660655,550.0,75.0,45.0,"0.231917,0.32277,0.373738",0.9284253257880678,0.23191724990224954,0.5413923584982722,0.41941724990224954,1.4378425756903175,0.6888344998044991,3.4261148583573995,right_close_pair,75.0,-45.0,236.0,74.0,-45.0,235.0,-0.01,-0.0,-0.01,-0.31666666666666665,-0.65,19.0,13.0,2,False,True,False,True,span_sweep_w0,1.337977592849972,missing_target1
target2_close14|seed21|source_mismatch,target2_close14,21,source_mismatch,local2d_detector_baseline_target2_close14_seed21_source_mismatch_cpu,mean_top20_moderate12_baseline,5,"7,2,1","194,251,263","86,76,81",1,False,True,False,False,"1,2,3",2.859424977616671,3.2044249776166707,0.7669360419406708,0.9394360419406708,3.1129249776166708,0.4651270651484827,500.00000000000006,69.0,45.0,"0.237243,0.331463,0.359044",0.9277500427901954,0.23724334338096373,0.5464933576443621,0.40974334338096374,1.418493386171159,0.6814866867619275,3.441668320997634,right_close_pair,69.0,-45.0,236.0,74.0,-45.0,235.0,-0.05,-0.0,-0.01,-0.16666666666666666,-0.35,10.0,7.0,1,False,True,False,False,span_sweep_w0,1.3614136906184398,missing_target1_target2
target2_close14|seed34|nominal,target2_close14,34,nominal,local2d_detector_baseline_target2_close14_seed34_nominal_cpu,mean_top20_moderate12_baseline,207,"8,2,5","224,272,274","75,92,82",1,False,False,False,True,"1,3,2",2.9904226177374684,3.2404226177374684,0.9121663560926759,1.0371663560926758,3.1674226177374685,0.48629536161425074,500.00000000000006,50.0,46.0,"0.311992,0.359385,0.335534",1.006911290732479,0.3119922470369897,0.647629343947816,0.4369922470369897,1.4959035377694687,0.7739844940739794,3.552414864774458,right_close_pair,50.0,-46.0,256.6666666666667,74.0,-45.0,235.0,-0.24,-0.01,-0.21666666666666687,-0.25,-0.4,15.0,8.0,1,False,False,False,True,span_sweep_w0,1.3301014085062925,missing_target0_target1
target2_close14|seed34|source_mismatch,target2_close14,34,source_mismatch,local2d_detector_baseline_target2_close14_seed34_source_mismatch_cpu,mean_top20_moderate12_baseline,56,"10,5,1","188,247,261","83,85,83",3,True,True,True,True,"1,2,3",2.7480719149509296,3.11307191495093,0.7638384442755252,0.9463384442755252,3.0175719149509295,0.4832650428856328,500.00000000000006,73.0,45.0,"0.241816,0.314872,0.359934",0.9166223884988369,0.24181632622778124,0.5473571223940602,0.42431632622778126,1.4279387147266183,0.7026326524555624,3.354888241178711,right_close_pair,73.0,-45.0,232.0,74.0,-45.0,235.0,-0.01,-0.0,-0.03,-0.26666666666666666,-0.5,16.0,10.0,3,True,True,True,True,span_sweep_w0,1.3272803389323848,all_truth
target2_close50_linear29p5|seed13|nominal,target2_close50_linear29p5,13,nominal,local2d_detector_baseline_target2_close50_linear29p5_seed13_nominal_cpu,mean_top20_distinct20_baseline,173,"7,2,10","184,250,301","110,102,103",0,False,False,False,False,"1,2,3",2.4548562145627075,3.0398562145627075,0.6961858382628466,0.9886858382628466,2.9153562145627077,0.43962673057297463,500.00000000000006,117.0,15.0,"0.240955,0.333806,0.236775",0.8115360281965021,0.23677546046036657,0.5072874698592006,0.5292754604603666,1.5088114886568686,0.8287299996644817,3.276631675023074,wide_pair,117.0,-15.0,245.0,112.0,-15.0,250.0,-0.05,-0.0,-0.05,-0.31666666666666665,-0.5,19.0,10.0,0,False,False,False,False,span_sweep_w0,1.3430654126663824,missing_target0_target1_target2
target2_close50_linear29p5|seed13|source_mismatch,target2_close50_linear29p5,13,source_mismatch,local2d_detector_baseline_target2_close50_linear29p5_seed13_source_mismatch_cpu,mean_top20_distinct20_baseline,282,"9,3,11","187,253,305","102,100,90",1,False,False,False,True,"1,2,3",2.242854421891026,2.832854421891026,0.6936938854049418,0.9886938854049419,2.707854421891026,0.41105747713130125,500.00000000000006,118.0,14.0,"0.226578,0.295307,0.23408",0.7559651203472638,0.2265778991083783,0.4785662725574662,0.5215778991083783,1.4475430194556422,0.8071557982167565,3.059432320999404,wide_pair,118.0,-14.0,248.33333333333334,112.0,-15.0,250.0,-0.06,-0.01,-0.016666666666666573,-0.38333333333333336,-0.55,23.0,11.0,1,False,False,False,True,span_sweep_w0,1.226491307261035,missing_target0_target1
target2_close50_linear29p5|seed21|nominal,target2_close50_linear29p5,21,nominal,local2d_detector_baseline_target2_close50_linear29p5_seed21_nominal_cpu,mean_top20_distinct20_baseline,189,"4,2,5","251,272,279","77,75,85",0,False,False,False,False,"1,2,3",2.906499429024436,3.0464994290244363,0.9000926267817825,0.9700926267817824,3.011499429024436,0.4721763720583966,500.00000000000006,28.0,14.0,"0.334516,0.365769,0.315013",1.0152983099791104,0.31501279655301684,0.6534455665460537,0.38501279655301685,1.4353111065321273,0.7335291725978212,3.361512225577453,wide_pair,28.0,-14.0,267.3333333333333,112.0,-15.0,250.0,-0.84,-0.01,-0.17333333333333314,-0.18333333333333332,-0.25,11.0,5.0,0,False,False,False,False,span_sweep_w0,1.2844579983815543,missing_target0_target1_target2
target2_close50_linear29p5|seed21|source_mismatch,target2_close50_linear29p5,21,source_mismatch,local2d_detector_baseline_target2_close50_linear29p5_seed21_source_mismatch_cpu,mean_top20_distinct20_baseline,261,"12,2,9","188,253,303","97,93,91",3,True,True,True,True,"1,2,3",2.3010081345113997,2.8760081345114,0.6841977995095918,0.9716977995095918,2.7535081345114,0.4173076525534148,500.00000000000006,115.0,15.0,"0.23061,0.335462,0.234971",0.8010426820734851,0.2306095590085883,0.4976237863664167,0.5181095590085882,1.4841522410820733,0.8062191180171765,3.106617693519988,wide_pair,115.0,-15.0,248.0,112.0,-15.0,250.0,-0.03,-0.0,-0.02,-0.38333333333333336,-0.6,23.0,12.0,3,True,True,True,True,span_sweep_w0,1.291066325911701,all_truth
target2_close50_linear29p5|seed34|nominal,target2_close50_linear29p5,34,nominal,local2d_detector_baseline_target2_close50_linear29p5_seed34_nominal_cpu,mean_top20_distinct20_baseline,528,"13,4,10","185,251,303","109,75,93",1,False,False,False,True,"1,2,3",2.4170704657554447,3.0070704657554446,0.706081938611334,1.0010819386113339,2.8820704657554446,0.40248489687039185,667.0,118.0,14.0,"0.237345,0.333103,0.24377",0.8142175447014705,0.23734517211893488,0.5087510203527583,0.5323451721189348,1.5165627168204054,0.8286903442378697,3.2444156378743796,wide_pair,118.0,-14.0,246.33333333333334,112.0,-15.0,250.0,-0.06,-0.01,-0.03666666666666657,-0.45,-0.65,27.0,13.0,1,False,False,False,True,span_sweep_w0,1.2823311526517454,missing_target0_target1
target2_close50_linear29p5|seed34|source_mismatch,target2_close50_linear29p5,34,source_mismatch,local2d_detector_baseline_target2_close50_linear29p5_seed34_source_mismatch_cpu,mean_top20_distinct20_baseline,107,"5,3,2","212,248,270","103,96,79",1,False,False,True,False,"1,2,3",2.5276815848889016,2.8176815848889016,0.72217446163481,0.86717446163481,2.7526815848889017,0.44468296785379235,500.00000000000006,58.0,14.0,"0.231045,0.315515,0.311292",0.8578521037276619,0.23104474982927461,0.5169954510718285,0.3760447498292746,1.3138968535569366,0.6360894996585492,3.048726334718176,wide_pair,58.0,-14.0,243.33333333333334,112.0,-15.0,250.0,-0.54,-0.01,-0.06666666666666657,-0.16666666666666666,-0.25,10.0,5.0,1,False,False,True,False,span_sweep_w0,1.1841936937221036,missing_target0_target2
target2_close14|seed13|nominal,target2_close14,13,nominal,local2d_detector_baseline_target2_close14_seed13_nominal_cpu,mean_top20_moderate12_baseline,74,"14,6,1","186,249,265","77,93,85",2,False,False,True,True,"1,2,3",2.8632554118074767,3.2582554118074767,0.7308838044433662,0.9283838044433662,3.1557554118074767,0.47270184961069517,550.0,79.0,47.0,"0.225635,0.319251,0.366497",0.9113821965510092,0.22563480603849811,0.5294288715555011,0.4231348060384981,1.4295170025895072,0.6882696120769962,3.4838902178459747,right_close_pair,79.0,-47.0,233.33333333333334,74.0,-45.0,235.0,-0.05,-0.02,-0.016666666666666573,-0.35,-0.7,21.0,14.0,2,False,False,True,True,span_sweep_w0.25,1.2457032115306153,missing_target0
target2_close14|seed13|source_mismatch,target2_close14,13,source_mismatch,local2d_detector_baseline_target2_close14_seed13_source_mismatch_cpu,mean_top20_moderate12_baseline,177,"9,3,2","188,250,266","85,78,90",2,False,True,False,True,"1,2,3",2.6770437451642013,3.0670437451642014,0.7286023247660144,0.9236023247660143,2.966043745164201,0.48003695829688986,500.00000000000006,78.0,46.0,"0.237178,0.329088,0.326972",0.8932379516218885,0.2371779881276018,0.5349239720015646,0.4321779881276018,1.4194159397494903,0.7083559762552036,3.3042217332918034,right_close_pair,78.0,-46.0,234.66666666666666,74.0,-45.0,235.0,-0.04,-0.01,-0.003333333333333428,-0.23333333333333334,-0.45,14.0,9.0,2,False,True,False,True,span_sweep_w0.25,1.274052316533106,missing_target1
target2_close14|seed21|nominal,target2_close14,21,nominal,local2d_detector_baseline_target2_close14_seed21_nominal_cpu,mean_top20_moderate12_baseline,59,"13,5,1","191,251,266","86,78,91",2,False,True,False,True,"1,2,3",2.8191976084551498,3.1941976084551498,0.7309313850055122,0.9184313850055122,3.0966976084551496,0.487780237660655,550.0,75.0,45.0,"0.231917,0.32277,0.373738",0.9284253257880678,0.23191724990224954,0.5413923584982722,0.41941724990224954,1.4378425756903175,0.6888344998044991,3.4261148583573995,right_close_pair,75.0,-45.0,236.0,74.0,-45.0,235.0,-0.01,-0.0,-0.01,-0.31666666666666665,-0.65,19.0,13.0,2,False,True,False,True,span_sweep_w0.25,1.335477592849972,missing_target1
target2_close14|seed21|source_mismatch,target2_close14,21,source_mismatch,local2d_detector_baseline_target2_close14_seed21_source_mismatch_cpu,mean_top20_moderate12_baseline,5,"7,2,1","194,251,263","86,76,81",1,False,True,False,False,"1,2,3",2.859424977616671,3.2044249776166707,0.7669360419406708,0.9394360419406708,3.1129249776166708,0.4651270651484827,500.00000000000006,69.0,45.0,"0.237243,0.331463,0.359044",0.9277500427901954,0.23724334338096373,0.5464933576443621,0.40974334338096374,1.418493386171159,0.6814866867619275,3.441668320997634,right_close_pair,69.0,-45.0,236.0,74.0,-45.0,235.0,-0.05,-0.0,-0.01,-0.16666666666666666,-0.35,10.0,7.0,1,False,True,False,False,span_sweep_w0.25,1.3489136906184398,missing_target1_target2
target2_close14|seed34|nominal,target2_close14,34,nominal,local2d_detector_baseline_target2_close14_seed34_nominal_cpu,mean_top20_moderate12_baseline,207,"8,2,5","224,272,274","75,92,82",1,False,False,False,True,"1,3,2",2.9904226177374684,3.2404226177374684,0.9121663560926759,1.0371663560926758,3.1674226177374685,0.48629536161425074,500.00000000000006,50.0,46.0,"0.311992,0.359385,0.335534",1.006911290732479,0.3119922470369897,0.647629343947816,0.4369922470369897,1.4959035377694687,0.7739844940739794,3.552414864774458,right_close_pair,50.0,-46.0,256.6666666666667,74.0,-45.0,235.0,-0.24,-0.01,-0.21666666666666687,-0.25,-0.4,15.0,8.0,1,False,False,False,True,span_sweep_w0.25,1.2701014085062925,missing_target0_target1
target2_close14|seed34|source_mismatch,target2_close14,34,source_mismatch,local2d_detector_baseline_target2_close14_seed34_source_mismatch_cpu,mean_top20_moderate12_baseline,56,"10,5,1","188,247,261","83,85,83",3,True,True,True,True,"1,2,3",2.7480719149509296,3.11307191495093,0.7638384442755252,0.9463384442755252,3.0175719149509295,0.4832650428856328,500.00000000000006,73.0,45.0,"0.241816,0.314872,0.359934",0.9166223884988369,0.24181632622778124,0.5473571223940602,0.42431632622778126,1.4279387147266183,0.7026326524555624,3.354888241178711,right_close_pair,73.0,-45.0,232.0,74.0,-45.0,235.0,-0.01,-0.0,-0.03,-0.26666666666666666,-0.5,16.0,10.0,3,True,True,True,True,span_sweep_w0.25,1.324780338932385,all_truth
target2_close50_linear29p5|seed13|nominal,target2_close50_linear29p5,13,nominal,local2d_detector_baseline_target2_close50_linear29p5_seed13_nominal_cpu,mean_top20_distinct20_baseline,173,"7,2,10","184,250,301","110,102,103",0,False,False,False,False,"1,2,3",2.4548562145627075,3.0398562145627075,0.6961858382628466,0.9886858382628466,2.9153562145627077,0.43962673057297463,500.00000000000006,117.0,15.0,"0.240955,0.333806,0.236775",0.8115360281965021,0.23677546046036657,0.5072874698592006,0.5292754604603666,1.5088114886568686,0.8287299996644817,3.276631675023074,wide_pair,117.0,-15.0,245.0,112.0,-15.0,250.0,-0.05,-0.0,-0.05,-0.31666666666666665,-0.5,19.0,10.0,0,False,False,False,False,span_sweep_w0.25,1.3305654126663824,missing_target0_target1_target2
target2_close50_linear29p5|seed13|source_mismatch,target2_close50_linear29p5,13,source_mismatch,local2d_detector_baseline_target2_close50_linear29p5_seed13_source_mismatch_cpu,mean_top20_distinct20_baseline,282,"9,3,11","187,253,305","102,100,90",1,False,False,False,True,"1,2,3",2.242854421891026,2.832854421891026,0.6936938854049418,0.9886938854049419,2.707854421891026,0.41105747713130125,500.00000000000006,118.0,14.0,"0.226578,0.295307,0.23408",0.7559651203472638,0.2265778991083783,0.4785662725574662,0.5215778991083783,1.4475430194556422,0.8071557982167565,3.059432320999404,wide_pair,118.0,-14.0,248.33333333333334,112.0,-15.0,250.0,-0.06,-0.01,-0.016666666666666573,-0.38333333333333336,-0.55,23.0,11.0,1,False,False,False,True,span_sweep_w0.25,1.2114913072610352,missing_target0_target1
target2_close50_linear29p5|seed21|nominal,target2_close50_linear29p5,21,nominal,local2d_detector_baseline_target2_close50_linear29p5_seed21_nominal_cpu,mean_top20_distinct20_baseline,531,"10,4,16","183,251,303","108,77,109",0,False,False,False,False,"1,2,3",2.3146833128536333,2.9146833128536334,0.6274333721233992,0.9274333721233992,2.7866833128536332,0.37819641592741277,750.0,120.0,16.0,"0.241883,0.334516,0.215799",0.7921988708848993,0.21579921705400115,0.4798655073489676,0.5157992170540011,1.4799980879389003,0.8176824948400948,3.1304825299076344,wide_pair,120.0,-16.0,245.66666666666666,112.0,-15.0,250.0,-0.08,-0.01,-0.043333333333333425,-0.5,-0.8,30.0,16.0,0,False,False,False,False,span_sweep_w0.25,1.2074288832843103,missing_target0_target1_target2
target2_close50_linear29p5|seed21|source_mismatch,target2_close50_linear29p5,21,source_mismatch,local2d_detector_baseline_target2_close50_linear29p5_seed21_source_mismatch_cpu,mean_top20_distinct20_baseline,261,"12,2,9","188,253,303","97,93,91",3,True,True,True,True,"1,2,3",2.3010081345113997,2.8760081345114,0.6841977995095918,0.9716977995095918,2.7535081345114,0.4173076525534148,500.00000000000006,115.0,15.0,"0.23061,0.335462,0.234971",0.8010426820734851,0.2306095590085883,0.4976237863664167,0.5181095590085882,1.4841522410820733,0.8062191180171765,3.106617693519988,wide_pair,115.0,-15.0,248.0,112.0,-15.0,250.0,-0.03,-0.0,-0.02,-0.38333333333333336,-0.6,23.0,12.0,3,True,True,True,True,span_sweep_w0.25,1.283566325911701,all_truth
target2_close50_linear29p5|seed34|nominal,target2_close50_linear29p5,34,nominal,local2d_detector_baseline_target2_close50_linear29p5_seed34_nominal_cpu,mean_top20_distinct20_baseline,528,"13,4,10","185,251,303","109,75,93",1,False,False,False,True,"1,2,3",2.4170704657554447,3.0070704657554446,0.706081938611334,1.0010819386113339,2.8820704657554446,0.40248489687039185,667.0,118.0,14.0,"0.237345,0.333103,0.24377",0.8142175447014705,0.23734517211893488,0.5087510203527583,0.5323451721189348,1.5165627168204054,0.8286903442378697,3.2444156378743796,wide_pair,118.0,-14.0,246.33333333333334,112.0,-15.0,250.0,-0.06,-0.01,-0.03666666666666657,-0.45,-0.65,27.0,13.0,1,False,False,False,True,span_sweep_w0.25,1.2673311526517455,missing_target0_target1
target2_close50_linear29p5|seed34|source_mismatch,target2_close50_linear29p5,34,source_mismatch,local2d_detector_baseline_target2_close50_linear29p5_seed34_source_mismatch_cpu,mean_top20_distinct20_baseline,230,"8,3,7","181,248,295","102,96,89",2,False,False,True,True,"1,2,3",2.3106638614135946,2.8806638614135944,0.7029100573339436,0.9879100573339437,2.7566638614135948,0.43705121762769317,500.00000000000006,114.0,20.0,"0.235081,0.315515,0.251097",0.8016924026712033,0.23508070269969167,0.5023115035900928,0.5200807026996916,1.482773105370895,0.8121614053993833,3.115744564113286,wide_pair,114.0,-20.0,241.33333333333334,112.0,-15.0,250.0,-0.02,-0.05,-0.08666666666666657,-0.3,-0.4,18.0,8.0,2,False,False,True,True,span_sweep_w0.25,1.0922021321747715,missing_target0
target2_close14|seed13|nominal,target2_close14,13,nominal,local2d_detector_baseline_target2_close14_seed13_nominal_cpu,mean_top20_moderate12_baseline,74,"14,6,1","186,249,265","77,93,85",2,False,False,True,True,"1,2,3",2.8632554118074767,3.2582554118074767,0.7308838044433662,0.9283838044433662,3.1557554118074767,0.47270184961069517,550.0,79.0,47.0,"0.225635,0.319251,0.366497",0.9113821965510092,0.22563480603849811,0.5294288715555011,0.4231348060384981,1.4295170025895072,0.6882696120769962,3.4838902178459747,right_close_pair,79.0,-47.0,233.33333333333334,74.0,-45.0,235.0,-0.05,-0.02,-0.016666666666666573,-0.35,-0.7,21.0,14.0,2,False,False,True,True,span_sweep_w0.5,1.2332032115306153,missing_target0
target2_close14|seed13|source_mismatch,target2_close14,13,source_mismatch,local2d_detector_baseline_target2_close14_seed13_source_mismatch_cpu,mean_top20_moderate12_baseline,177,"9,3,2","188,250,266","85,78,90",2,False,True,False,True,"1,2,3",2.6770437451642013,3.0670437451642014,0.7286023247660144,0.9236023247660143,2.966043745164201,0.48003695829688986,500.00000000000006,78.0,46.0,"0.237178,0.329088,0.326972",0.8932379516218885,0.2371779881276018,0.5349239720015646,0.4321779881276018,1.4194159397494903,0.7083559762552036,3.3042217332918034,right_close_pair,78.0,-46.0,234.66666666666666,74.0,-45.0,235.0,-0.04,-0.01,-0.003333333333333428,-0.23333333333333334,-0.45,14.0,9.0,2,False,True,False,True,span_sweep_w0.5,1.264052316533106,missing_target1
target2_close14|seed21|nominal,target2_close14,21,nominal,local2d_detector_baseline_target2_close14_seed21_nominal_cpu,mean_top20_moderate12_baseline,59,"13,5,1","191,251,266","86,78,91",2,False,True,False,True,"1,2,3",2.8191976084551498,3.1941976084551498,0.7309313850055122,0.9184313850055122,3.0966976084551496,0.487780237660655,550.0,75.0,45.0,"0.231917,0.32277,0.373738",0.9284253257880678,0.23191724990224954,0.5413923584982722,0.41941724990224954,1.4378425756903175,0.6888344998044991,3.4261148583573995,right_close_pair,75.0,-45.0,236.0,74.0,-45.0,235.0,-0.01,-0.0,-0.01,-0.31666666666666665,-0.65,19.0,13.0,2,False,True,False,True,span_sweep_w0.5,1.332977592849972,missing_target1
target2_close14|seed21|source_mismatch,target2_close14,21,source_mismatch,local2d_detector_baseline_target2_close14_seed21_source_mismatch_cpu,mean_top20_moderate12_baseline,5,"7,2,1","194,251,263","86,76,81",1,False,True,False,False,"1,2,3",2.859424977616671,3.2044249776166707,0.7669360419406708,0.9394360419406708,3.1129249776166708,0.4651270651484827,500.00000000000006,69.0,45.0,"0.237243,0.331463,0.359044",0.9277500427901954,0.23724334338096373,0.5464933576443621,0.40974334338096374,1.418493386171159,0.6814866867619275,3.441668320997634,right_close_pair,69.0,-45.0,236.0,74.0,-45.0,235.0,-0.05,-0.0,-0.01,-0.16666666666666666,-0.35,10.0,7.0,1,False,True,False,False,span_sweep_w0.5,1.3364136906184398,missing_target1_target2
target2_close14|seed34|nominal,target2_close14,34,nominal,local2d_detector_baseline_target2_close14_seed34_nominal_cpu,mean_top20_moderate12_baseline,87,"14,7,1","190,248,260","85,89,87",3,True,True,True,True,"1,2,3",2.8295362786595444,3.1795362786595445,0.7515480934802559,0.9265480934802559,3.0865362786595445,0.4595054873263418,550.0,70.0,46.0,"0.23468,0.315625,0.369995",0.920299877814464,0.2346795731842756,0.5414461991224303,0.4096795731842756,1.4119794509987398,0.6793591463685512,3.41421585184382,right_close_pair,70.0,-46.0,232.66666666666666,74.0,-45.0,235.0,-0.04,-0.01,-0.023333333333333428,-0.36666666666666664,-0.7,22.0,14.0,3,True,True,True,True,span_sweep_w0.5,1.2524995625348008,all_truth
target2_close14|seed34|source_mismatch,target2_close14,34,source_mismatch,local2d_detector_baseline_target2_close14_seed34_source_mismatch_cpu,mean_top20_moderate12_baseline,56,"10,5,1","188,247,261","83,85,83",3,True,True,True,True,"1,2,3",2.7480719149509296,3.11307191495093,0.7638384442755252,0.9463384442755252,3.0175719149509295,0.4832650428856328,500.00000000000006,73.0,45.0,"0.241816,0.314872,0.359934",0.9166223884988369,0.24181632622778124,0.5473571223940602,0.42431632622778126,1.4279387147266183,0.7026326524555624,3.354888241178711,right_close_pair,73.0,-45.0,232.0,74.0,-45.0,235.0,-0.01,-0.0,-0.03,-0.26666666666666666,-0.5,16.0,10.0,3,True,True,True,True,span_sweep_w0.5,1.322280338932385,all_truth
target2_close50_linear29p5|seed13|nominal,target2_close50_linear29p5,13,nominal,local2d_detector_baseline_target2_close50_linear29p5_seed13_nominal_cpu,mean_top20_distinct20_baseline,173,"7,2,10","184,250,301","110,102,103",0,False,False,False,False,"1,2,3",2.4548562145627075,3.0398562145627075,0.6961858382628466,0.9886858382628466,2.9153562145627077,0.43962673057297463,500.00000000000006,117.0,15.0,"0.240955,0.333806,0.236775",0.8115360281965021,0.23677546046036657,0.5072874698592006,0.5292754604603666,1.5088114886568686,0.8287299996644817,3.276631675023074,wide_pair,117.0,-15.0,245.0,112.0,-15.0,250.0,-0.05,-0.0,-0.05,-0.31666666666666665,-0.5,19.0,10.0,0,False,False,False,False,span_sweep_w0.5,1.3180654126663824,missing_target0_target1_target2
target2_close50_linear29p5|seed13|source_mismatch,target2_close50_linear29p5,13,source_mismatch,local2d_detector_baseline_target2_close50_linear29p5_seed13_source_mismatch_cpu,mean_top20_distinct20_baseline,282,"9,3,11","187,253,305","102,100,90",1,False,False,False,True,"1,2,3",2.242854421891026,2.832854421891026,0.6936938854049418,0.9886938854049419,2.707854421891026,0.41105747713130125,500.00000000000006,118.0,14.0,"0.226578,0.295307,0.23408",0.7559651203472638,0.2265778991083783,0.4785662725574662,0.5215778991083783,1.4475430194556422,0.8071557982167565,3.059432320999404,wide_pair,118.0,-14.0,248.33333333333334,112.0,-15.0,250.0,-0.06,-0.01,-0.016666666666666573,-0.38333333333333336,-0.55,23.0,11.0,1,False,False,False,True,span_sweep_w0.5,1.196491307261035,missing_target0_target1
target2_close50_linear29p5|seed21|nominal,target2_close50_linear29p5,21,nominal,local2d_detector_baseline_target2_close50_linear29p5_seed21_nominal_cpu,mean_top20_distinct20_baseline,163,"18,1,16","188,253,303","97,101,109",1,False,True,False,False,"1,2,3",2.286085691775241,2.8610856917752407,0.6002755981958179,0.8877755981958179,2.738585691775241,0.4058625593623866,500.00000000000006,115.0,15.0,"0.19441,0.340286,0.215799",0.7504958325289971,0.19441038715420442,0.4445756646638701,0.4819103871542044,1.3974062196832016,0.7338207743084089,3.055496078929445,wide_pair,115.0,-15.0,248.0,112.0,-15.0,250.0,-0.03,-0.0,-0.02,-0.5833333333333334,-0.9,35.0,18.0,1,False,True,False,False,span_sweep_w0.5,1.1874689922941566,missing_target1_target2
target2_close50_linear29p5|seed21|source_mismatch,target2_close50_linear29p5,21,source_mismatch,local2d_detector_baseline_target2_close50_linear29p5_seed21_source_mismatch_cpu,mean_top20_distinct20_baseline,261,"12,2,9","188,253,303","97,93,91",3,True,True,True,True,"1,2,3",2.3010081345113997,2.8760081345114,0.6841977995095918,0.9716977995095918,2.7535081345114,0.4173076525534148,500.00000000000006,115.0,15.0,"0.23061,0.335462,0.234971",0.8010426820734851,0.2306095590085883,0.4976237863664167,0.5181095590085882,1.4841522410820733,0.8062191180171765,3.106617693519988,wide_pair,115.0,-15.0,248.0,112.0,-15.0,250.0,-0.03,-0.0,-0.02,-0.38333333333333336,-0.6,23.0,12.0,3,True,True,True,True,span_sweep_w0.5,1.276066325911701,all_truth
target2_close50_linear29p5|seed34|nominal,target2_close50_linear29p5,34,nominal,local2d_detector_baseline_target2_close50_linear29p5_seed34_nominal_cpu,mean_top20_distinct20_baseline,528,"13,4,10","185,251,303","109,75,93",1,False,False,False,True,"1,2,3",2.4170704657554447,3.0070704657554446,0.706081938611334,1.0010819386113339,2.8820704657554446,0.40248489687039185,667.0,118.0,14.0,"0.237345,0.333103,0.24377",0.8142175447014705,0.23734517211893488,0.5087510203527583,0.5323451721189348,1.5165627168204054,0.8286903442378697,3.2444156378743796,wide_pair,118.0,-14.0,246.33333333333334,112.0,-15.0,250.0,-0.06,-0.01,-0.03666666666666657,-0.45,-0.65,27.0,13.0,1,False,False,False,True,span_sweep_w0.5,1.2523311526517453,missing_target0_target1
target2_close50_linear29p5|seed34|source_mismatch,target2_close50_linear29p5,34,source_mismatch,local2d_detector_baseline_target2_close50_linear29p5_seed34_source_mismatch_cpu,mean_top20_distinct20_baseline,230,"8,3,7","181,248,295","102,96,89",2,False,False,True,True,"1,2,3",2.3106638614135946,2.8806638614135944,0.7029100573339436,0.9879100573339437,2.7566638614135948,0.43705121762769317,500.00000000000006,114.0,20.0,"0.235081,0.315515,0.251097",0.8016924026712033,0.23508070269969167,0.5023115035900928,0.5200807026996916,1.482773105370895,0.8121614053993833,3.115744564113286,wide_pair,114.0,-20.0,241.33333333333334,112.0,-15.0,250.0,-0.02,-0.05,-0.08666666666666657,-0.3,-0.4,18.0,8.0,2,False,False,True,True,span_sweep_w0.5,1.0872021321747714,missing_target0
target2_close14|seed13|nominal,target2_close14,13,nominal,local2d_detector_baseline_target2_close14_seed13_nominal_cpu,mean_top20_moderate12_baseline,74,"14,6,1","186,249,265","77,93,85",2,False,False,True,True,"1,2,3",2.8632554118074767,3.2582554118074767,0.7308838044433662,0.9283838044433662,3.1557554118074767,0.47270184961069517,550.0,79.0,47.0,"0.225635,0.319251,0.366497",0.9113821965510092,0.22563480603849811,0.5294288715555011,0.4231348060384981,1.4295170025895072,0.6882696120769962,3.4838902178459747,right_close_pair,79.0,-47.0,233.33333333333334,74.0,-45.0,235.0,-0.05,-0.02,-0.016666666666666573,-0.35,-0.7,21.0,14.0,2,False,False,True,True,span_sweep_w0.75,1.2207032115306151,missing_target0
target2_close14|seed13|source_mismatch,target2_close14,13,source_mismatch,local2d_detector_baseline_target2_close14_seed13_source_mismatch_cpu,mean_top20_moderate12_baseline,177,"9,3,2","188,250,266","85,78,90",2,False,True,False,True,"1,2,3",2.6770437451642013,3.0670437451642014,0.7286023247660144,0.9236023247660143,2.966043745164201,0.48003695829688986,500.00000000000006,78.0,46.0,"0.237178,0.329088,0.326972",0.8932379516218885,0.2371779881276018,0.5349239720015646,0.4321779881276018,1.4194159397494903,0.7083559762552036,3.3042217332918034,right_close_pair,78.0,-46.0,234.66666666666666,74.0,-45.0,235.0,-0.04,-0.01,-0.003333333333333428,-0.23333333333333334,-0.45,14.0,9.0,2,False,True,False,True,span_sweep_w0.75,1.254052316533106,missing_target1
target2_close14|seed21|nominal,target2_close14,21,nominal,local2d_detector_baseline_target2_close14_seed21_nominal_cpu,mean_top20_moderate12_baseline,59,"13,5,1","191,251,266","86,78,91",2,False,True,False,True,"1,2,3",2.8191976084551498,3.1941976084551498,0.7309313850055122,0.9184313850055122,3.0966976084551496,0.487780237660655,550.0,75.0,45.0,"0.231917,0.32277,0.373738",0.9284253257880678,0.23191724990224954,0.5413923584982722,0.41941724990224954,1.4378425756903175,0.6888344998044991,3.4261148583573995,right_close_pair,75.0,-45.0,236.0,74.0,-45.0,235.0,-0.01,-0.0,-0.01,-0.31666666666666665,-0.65,19.0,13.0,2,False,True,False,True,span_sweep_w0.75,1.330477592849972,missing_target1
target2_close14|seed21|source_mismatch,target2_close14,21,source_mismatch,local2d_detector_baseline_target2_close14_seed21_source_mismatch_cpu,mean_top20_moderate12_baseline,5,"7,2,1","194,251,263","86,76,81",1,False,True,False,False,"1,2,3",2.859424977616671,3.2044249776166707,0.7669360419406708,0.9394360419406708,3.1129249776166708,0.4651270651484827,500.00000000000006,69.0,45.0,"0.237243,0.331463,0.359044",0.9277500427901954,0.23724334338096373,0.5464933576443621,0.40974334338096374,1.418493386171159,0.6814866867619275,3.441668320997634,right_close_pair,69.0,-45.0,236.0,74.0,-45.0,235.0,-0.05,-0.0,-0.01,-0.16666666666666666,-0.35,10.0,7.0,1,False,True,False,False,span_sweep_w0.75,1.3239136906184397,missing_target1_target2
target2_close14|seed34|nominal,target2_close14,34,nominal,local2d_detector_baseline_target2_close14_seed34_nominal_cpu,mean_top20_moderate12_baseline,377,"15,7,3","188,248,262","95,89,78",2,False,True,True,False,"1,2,3",2.7329905483632455,3.1029905483632456,0.7360909802742309,0.9210909802742309,3.0059905483632456,0.49064245719426425,550.0,74.0,46.0,"0.232795,0.315625,0.350788",0.8992077258636119,0.23279498848352223,0.5325308971047262,0.41779498848352226,1.4050027143471342,0.6875899769670445,3.335785536846768,right_close_pair,74.0,-46.0,232.66666666666666,74.0,-45.0,235.0,-0.0,-0.01,-0.023333333333333428,-0.4166666666666667,-0.75,25.0,15.0,2,False,True,True,False,span_sweep_w0.75,1.2458251312095874,missing_target2
target2_close14|seed34|source_mismatch,target2_close14,34,source_mismatch,local2d_detector_baseline_target2_close14_seed34_source_mismatch_cpu,mean_top20_moderate12_baseline,56,"10,5,1","188,247,261","83,85,83",3,True,True,True,True,"1,2,3",2.7480719149509296,3.11307191495093,0.7638384442755252,0.9463384442755252,3.0175719149509295,0.4832650428856328,500.00000000000006,73.0,45.0,"0.241816,0.314872,0.359934",0.9166223884988369,0.24181632622778124,0.5473571223940602,0.42431632622778126,1.4279387147266183,0.7026326524555624,3.354888241178711,right_close_pair,73.0,-45.0,232.0,74.0,-45.0,235.0,-0.01,-0.0,-0.03,-0.26666666666666666,-0.5,16.0,10.0,3,True,True,True,True,span_sweep_w0.75,1.3197803389323848,all_truth
target2_close50_linear29p5|seed13|nominal,target2_close50_linear29p5,13,nominal,local2d_detector_baseline_target2_close50_linear29p5_seed13_nominal_cpu,mean_top20_distinct20_baseline,173,"7,2,10","184,250,301","110,102,103",0,False,False,False,False,"1,2,3",2.4548562145627075,3.0398562145627075,0.6961858382628466,0.9886858382628466,2.9153562145627077,0.43962673057297463,500.00000000000006,117.0,15.0,"0.240955,0.333806,0.236775",0.8115360281965021,0.23677546046036657,0.5072874698592006,0.5292754604603666,1.5088114886568686,0.8287299996644817,3.276631675023074,wide_pair,117.0,-15.0,245.0,112.0,-15.0,250.0,-0.05,-0.0,-0.05,-0.31666666666666665,-0.5,19.0,10.0,0,False,False,False,False,span_sweep_w0.75,1.3055654126663823,missing_target0_target1_target2
target2_close50_linear29p5|seed13|source_mismatch,target2_close50_linear29p5,13,source_mismatch,local2d_detector_baseline_target2_close50_linear29p5_seed13_source_mismatch_cpu,mean_top20_distinct20_baseline,282,"9,3,11","187,253,305","102,100,90",1,False,False,False,True,"1,2,3",2.242854421891026,2.832854421891026,0.6936938854049418,0.9886938854049419,2.707854421891026,0.41105747713130125,500.00000000000006,118.0,14.0,"0.226578,0.295307,0.23408",0.7559651203472638,0.2265778991083783,0.4785662725574662,0.5215778991083783,1.4475430194556422,0.8071557982167565,3.059432320999404,wide_pair,118.0,-14.0,248.33333333333334,112.0,-15.0,250.0,-0.06,-0.01,-0.016666666666666573,-0.38333333333333336,-0.55,23.0,11.0,1,False,False,False,True,span_sweep_w0.75,1.1814913072610351,missing_target0_target1
target2_close50_linear29p5|seed21|nominal,target2_close50_linear29p5,21,nominal,local2d_detector_baseline_target2_close50_linear29p5_seed21_nominal_cpu,mean_top20_distinct20_baseline,163,"18,1,16","188,253,303","97,101,109",1,False,True,False,False,"1,2,3",2.286085691775241,2.8610856917752407,0.6002755981958179,0.8877755981958179,2.738585691775241,0.4058625593623866,500.00000000000006,115.0,15.0,"0.19441,0.340286,0.215799",0.7504958325289971,0.19441038715420442,0.4445756646638701,0.4819103871542044,1.3974062196832016,0.7338207743084089,3.055496078929445,wide_pair,115.0,-15.0,248.0,112.0,-15.0,250.0,-0.03,-0.0,-0.02,-0.5833333333333334,-0.9,35.0,18.0,1,False,True,False,False,span_sweep_w0.75,1.1799689922941565,missing_target1_target2
target2_close50_linear29p5|seed21|source_mismatch,target2_close50_linear29p5,21,source_mismatch,local2d_detector_baseline_target2_close50_linear29p5_seed21_source_mismatch_cpu,mean_top20_distinct20_baseline,261,"12,2,9","188,253,303","97,93,91",3,True,True,True,True,"1,2,3",2.3010081345113997,2.8760081345114,0.6841977995095918,0.9716977995095918,2.7535081345114,0.4173076525534148,500.00000000000006,115.0,15.0,"0.23061,0.335462,0.234971",0.8010426820734851,0.2306095590085883,0.4976237863664167,0.5181095590085882,1.4841522410820733,0.8062191180171765,3.106617693519988,wide_pair,115.0,-15.0,248.0,112.0,-15.0,250.0,-0.03,-0.0,-0.02,-0.38333333333333336,-0.6,23.0,12.0,3,True,True,True,True,span_sweep_w0.75,1.268566325911701,all_truth
target2_close50_linear29p5|seed34|nominal,target2_close50_linear29p5,34,nominal,local2d_detector_baseline_target2_close50_linear29p5_seed34_nominal_cpu,mean_top20_distinct20_baseline,528,"13,4,10","185,251,303","109,75,93",1,False,False,False,True,"1,2,3",2.4170704657554447,3.0070704657554446,0.706081938611334,1.0010819386113339,2.8820704657554446,0.40248489687039185,667.0,118.0,14.0,"0.237345,0.333103,0.24377",0.8142175447014705,0.23734517211893488,0.5087510203527583,0.5323451721189348,1.5165627168204054,0.8286903442378697,3.2444156378743796,wide_pair,118.0,-14.0,246.33333333333334,112.0,-15.0,250.0,-0.06,-0.01,-0.03666666666666657,-0.45,-0.65,27.0,13.0,1,False,False,False,True,span_sweep_w0.75,1.2373311526517454,missing_target0_target1
target2_close50_linear29p5|seed34|source_mismatch,target2_close50_linear29p5,34,source_mismatch,local2d_detector_baseline_target2_close50_linear29p5_seed34_source_mismatch_cpu,mean_top20_distinct20_baseline,230,"8,3,7","181,248,295","102,96,89",2,False,False,True,True,"1,2,3",2.3106638614135946,2.8806638614135944,0.7029100573339436,0.9879100573339437,2.7566638614135948,0.43705121762769317,500.00000000000006,114.0,20.0,"0.235081,0.315515,0.251097",0.8016924026712033,0.23508070269969167,0.5023115035900928,0.5200807026996916,1.482773105370895,0.8121614053993833,3.115744564113286,wide_pair,114.0,-20.0,241.33333333333334,112.0,-15.0,250.0,-0.02,-0.05,-0.08666666666666657,-0.3,-0.4,18.0,8.0,2,False,False,True,True,span_sweep_w0.75,1.0822021321747715,missing_target0
target2_close14|seed13|nominal,target2_close14,13,nominal,local2d_detector_baseline_target2_close14_seed13_nominal_cpu,mean_top20_moderate12_baseline,74,"14,6,1","186,249,265","77,93,85",2,False,False,True,True,"1,2,3",2.8632554118074767,3.2582554118074767,0.7308838044433662,0.9283838044433662,3.1557554118074767,0.47270184961069517,550.0,79.0,47.0,"0.225635,0.319251,0.366497",0.9113821965510092,0.22563480603849811,0.5294288715555011,0.4231348060384981,1.4295170025895072,0.6882696120769962,3.4838902178459747,right_close_pair,79.0,-47.0,233.33333333333334,74.0,-45.0,235.0,-0.05,-0.02,-0.016666666666666573,-0.35,-0.7,21.0,14.0,2,False,False,True,True,span_sweep_w1,1.2082032115306152,missing_target0
target2_close14|seed13|source_mismatch,target2_close14,13,source_mismatch,local2d_detector_baseline_target2_close14_seed13_source_mismatch_cpu,mean_top20_moderate12_baseline,177,"9,3,2","188,250,266","85,78,90",2,False,True,False,True,"1,2,3",2.6770437451642013,3.0670437451642014,0.7286023247660144,0.9236023247660143,2.966043745164201,0.48003695829688986,500.00000000000006,78.0,46.0,"0.237178,0.329088,0.326972",0.8932379516218885,0.2371779881276018,0.5349239720015646,0.4321779881276018,1.4194159397494903,0.7083559762552036,3.3042217332918034,right_close_pair,78.0,-46.0,234.66666666666666,74.0,-45.0,235.0,-0.04,-0.01,-0.003333333333333428,-0.23333333333333334,-0.45,14.0,9.0,2,False,True,False,True,span_sweep_w1,1.2440523165331059,missing_target1
target2_close14|seed21|nominal,target2_close14,21,nominal,local2d_detector_baseline_target2_close14_seed21_nominal_cpu,mean_top20_moderate12_baseline,59,"13,5,1","191,251,266","86,78,91",2,False,True,False,True,"1,2,3",2.8191976084551498,3.1941976084551498,0.7309313850055122,0.9184313850055122,3.0966976084551496,0.487780237660655,550.0,75.0,45.0,"0.231917,0.32277,0.373738",0.9284253257880678,0.23191724990224954,0.5413923584982722,0.41941724990224954,1.4378425756903175,0.6888344998044991,3.4261148583573995,right_close_pair,75.0,-45.0,236.0,74.0,-45.0,235.0,-0.01,-0.0,-0.01,-0.31666666666666665,-0.65,19.0,13.0,2,False,True,False,True,span_sweep_w1,1.327977592849972,missing_target1
target2_close14|seed21|source_mismatch,target2_close14,21,source_mismatch,local2d_detector_baseline_target2_close14_seed21_source_mismatch_cpu,mean_top20_moderate12_baseline,5,"7,2,1","194,251,263","86,76,81",1,False,True,False,False,"1,2,3",2.859424977616671,3.2044249776166707,0.7669360419406708,0.9394360419406708,3.1129249776166708,0.4651270651484827,500.00000000000006,69.0,45.0,"0.237243,0.331463,0.359044",0.9277500427901954,0.23724334338096373,0.5464933576443621,0.40974334338096374,1.418493386171159,0.6814866867619275,3.441668320997634,right_close_pair,69.0,-45.0,236.0,74.0,-45.0,235.0,-0.05,-0.0,-0.01,-0.16666666666666666,-0.35,10.0,7.0,1,False,True,False,False,span_sweep_w1,1.3114136906184397,missing_target1_target2
target2_close14|seed34|nominal,target2_close14,34,nominal,local2d_detector_baseline_target2_close14_seed34_nominal_cpu,mean_top20_moderate12_baseline,377,"15,7,3","188,248,262","95,89,78",2,False,True,True,False,"1,2,3",2.7329905483632455,3.1029905483632456,0.7360909802742309,0.9210909802742309,3.0059905483632456,0.49064245719426425,550.0,74.0,46.0,"0.232795,0.315625,0.350788",0.8992077258636119,0.23279498848352223,0.5325308971047262,0.41779498848352226,1.4050027143471342,0.6875899769670445,3.335785536846768,right_close_pair,74.0,-46.0,232.66666666666666,74.0,-45.0,235.0,-0.0,-0.01,-0.023333333333333428,-0.4166666666666667,-0.75,25.0,15.0,2,False,True,True,False,span_sweep_w1,1.2458251312095874,missing_target2
target2_close14|seed34|source_mismatch,target2_close14,34,source_mismatch,local2d_detector_baseline_target2_close14_seed34_source_mismatch_cpu,mean_top20_moderate12_baseline,56,"10,5,1","188,247,261","83,85,83",3,True,True,True,True,"1,2,3",2.7480719149509296,3.11307191495093,0.7638384442755252,0.9463384442755252,3.0175719149509295,0.4832650428856328,500.00000000000006,73.0,45.0,"0.241816,0.314872,0.359934",0.9166223884988369,0.24181632622778124,0.5473571223940602,0.42431632622778126,1.4279387147266183,0.7026326524555624,3.354888241178711,right_close_pair,73.0,-45.0,232.0,74.0,-45.0,235.0,-0.01,-0.0,-0.03,-0.26666666666666666,-0.5,16.0,10.0,3,True,True,True,True,span_sweep_w1,1.3172803389323848,all_truth
target2_close50_linear29p5|seed13|nominal,target2_close50_linear29p5,13,nominal,local2d_detector_baseline_target2_close50_linear29p5_seed13_nominal_cpu,mean_top20_distinct20_baseline,173,"7,2,10","184,250,301","110,102,103",0,False,False,False,False,"1,2,3",2.4548562145627075,3.0398562145627075,0.6961858382628466,0.9886858382628466,2.9153562145627077,0.43962673057297463,500.00000000000006,117.0,15.0,"0.240955,0.333806,0.236775",0.8115360281965021,0.23677546046036657,0.5072874698592006,0.5292754604603666,1.5088114886568686,0.8287299996644817,3.276631675023074,wide_pair,117.0,-15.0,245.0,112.0,-15.0,250.0,-0.05,-0.0,-0.05,-0.31666666666666665,-0.5,19.0,10.0,0,False,False,False,False,span_sweep_w1,1.2930654126663823,missing_target0_target1_target2
target2_close50_linear29p5|seed13|source_mismatch,target2_close50_linear29p5,13,source_mismatch,local2d_detector_baseline_target2_close50_linear29p5_seed13_source_mismatch_cpu,mean_top20_distinct20_baseline,282,"9,3,11","187,253,305","102,100,90",1,False,False,False,True,"1,2,3",2.242854421891026,2.832854421891026,0.6936938854049418,0.9886938854049419,2.707854421891026,0.41105747713130125,500.00000000000006,118.0,14.0,"0.226578,0.295307,0.23408",0.7559651203472638,0.2265778991083783,0.4785662725574662,0.5215778991083783,1.4475430194556422,0.8071557982167565,3.059432320999404,wide_pair,118.0,-14.0,248.33333333333334,112.0,-15.0,250.0,-0.06,-0.01,-0.016666666666666573,-0.38333333333333336,-0.55,23.0,11.0,1,False,False,False,True,span_sweep_w1,1.166491307261035,missing_target0_target1
target2_close50_linear29p5|seed21|nominal,target2_close50_linear29p5,21,nominal,local2d_detector_baseline_target2_close50_linear29p5_seed21_nominal_cpu,mean_top20_distinct20_baseline,163,"18,1,16","188,253,303","97,101,109",1,False,True,False,False,"1,2,3",2.286085691775241,2.8610856917752407,0.6002755981958179,0.8877755981958179,2.738585691775241,0.4058625593623866,500.00000000000006,115.0,15.0,"0.19441,0.340286,0.215799",0.7504958325289971,0.19441038715420442,0.4445756646638701,0.4819103871542044,1.3974062196832016,0.7338207743084089,3.055496078929445,wide_pair,115.0,-15.0,248.0,112.0,-15.0,250.0,-0.03,-0.0,-0.02,-0.5833333333333334,-0.9,35.0,18.0,1,False,True,False,False,span_sweep_w1,1.1724689922941565,missing_target1_target2
target2_close50_linear29p5|seed21|source_mismatch,target2_close50_linear29p5,21,source_mismatch,local2d_detector_baseline_target2_close50_linear29p5_seed21_source_mismatch_cpu,mean_top20_distinct20_baseline,261,"12,2,9","188,253,303","97,93,91",3,True,True,True,True,"1,2,3",2.3010081345113997,2.8760081345114,0.6841977995095918,0.9716977995095918,2.7535081345114,0.4173076525534148,500.00000000000006,115.0,15.0,"0.23061,0.335462,0.234971",0.8010426820734851,0.2306095590085883,0.4976237863664167,0.5181095590085882,1.4841522410820733,0.8062191180171765,3.106617693519988,wide_pair,115.0,-15.0,248.0,112.0,-15.0,250.0,-0.03,-0.0,-0.02,-0.38333333333333336,-0.6,23.0,12.0,3,True,True,True,True,span_sweep_w1,1.261066325911701,all_truth
target2_close50_linear29p5|seed34|nominal,target2_close50_linear29p5,34,nominal,local2d_detector_baseline_target2_close50_linear29p5_seed34_nominal_cpu,mean_top20_distinct20_baseline,528,"13,4,10","185,251,303","109,75,93",1,False,False,False,True,"1,2,3",2.4170704657554447,3.0070704657554446,0.706081938611334,1.0010819386113339,2.8820704657554446,0.40248489687039185,667.0,118.0,14.0,"0.237345,0.333103,0.24377",0.8142175447014705,0.23734517211893488,0.5087510203527583,0.5323451721189348,1.5165627168204054,0.8286903442378697,3.2444156378743796,wide_pair,118.0,-14.0,246.33333333333334,112.0,-15.0,250.0,-0.06,-0.01,-0.03666666666666657,-0.45,-0.65,27.0,13.0,1,False,False,False,True,span_sweep_w1,1.2223311526517453,missing_target0_target1
target2_close50_linear29p5|seed34|source_mismatch,target2_close50_linear29p5,34,source_mismatch,local2d_detector_baseline_target2_close50_linear29p5_seed34_source_mismatch_cpu,mean_top20_distinct20_baseline,267,"15,3,12","185,248,296","78,96,100",1,False,False,True,False,"1,2,3",2.0201763684333556,2.5751763684333557,0.4844722490891909,0.7619722490891909,2.4566763684333557,0.4007304428599269,500.00000000000006,111.0,15.0,"0.15583,0.315515,0.224024",0.695368356477953,0.15582962110857443,0.38761907326789213,0.4333296211085744,1.2876979775865276,0.6446592422171489,2.7310059895419303,wide_pair,111.0,-15.0,243.0,112.0,-15.0,250.0,-0.01,-0.0,-0.07,-0.5,-0.75,30.0,15.0,1,False,False,True,False,span_sweep_w1,1.0785501867016498,missing_target0_target2
target2_close14|seed13|nominal,target2_close14,13,nominal,local2d_detector_baseline_target2_close14_seed13_nominal_cpu,mean_top20_moderate12_baseline,74,"14,6,1","186,249,265","77,93,85",2,False,False,True,True,"1,2,3",2.8632554118074767,3.2582554118074767,0.7308838044433662,0.9283838044433662,3.1557554118074767,0.47270184961069517,550.0,79.0,47.0,"0.225635,0.319251,0.366497",0.9113821965510092,0.22563480603849811,0.5294288715555011,0.4231348060384981,1.4295170025895072,0.6882696120769962,3.4838902178459747,right_close_pair,79.0,-47.0,233.33333333333334,74.0,-45.0,235.0,-0.05,-0.02,-0.016666666666666573,-0.35,-0.7,21.0,14.0,2,False,False,True,True,span_sweep_w2,1.1582032115306151,missing_target0
target2_close14|seed13|source_mismatch,target2_close14,13,source_mismatch,local2d_detector_baseline_target2_close14_seed13_source_mismatch_cpu,mean_top20_moderate12_baseline,177,"9,3,2","188,250,266","85,78,90",2,False,True,False,True,"1,2,3",2.6770437451642013,3.0670437451642014,0.7286023247660144,0.9236023247660143,2.966043745164201,0.48003695829688986,500.00000000000006,78.0,46.0,"0.237178,0.329088,0.326972",0.8932379516218885,0.2371779881276018,0.5349239720015646,0.4321779881276018,1.4194159397494903,0.7083559762552036,3.3042217332918034,right_close_pair,78.0,-46.0,234.66666666666666,74.0,-45.0,235.0,-0.04,-0.01,-0.003333333333333428,-0.23333333333333334,-0.45,14.0,9.0,2,False,True,False,True,span_sweep_w2,1.2040523165331058,missing_target1
target2_close14|seed21|nominal,target2_close14,21,nominal,local2d_detector_baseline_target2_close14_seed21_nominal_cpu,mean_top20_moderate12_baseline,59,"13,5,1","191,251,266","86,78,91",2,False,True,False,True,"1,2,3",2.8191976084551498,3.1941976084551498,0.7309313850055122,0.9184313850055122,3.0966976084551496,0.487780237660655,550.0,75.0,45.0,"0.231917,0.32277,0.373738",0.9284253257880678,0.23191724990224954,0.5413923584982722,0.41941724990224954,1.4378425756903175,0.6888344998044991,3.4261148583573995,right_close_pair,75.0,-45.0,236.0,74.0,-45.0,235.0,-0.01,-0.0,-0.01,-0.31666666666666665,-0.65,19.0,13.0,2,False,True,False,True,span_sweep_w2,1.317977592849972,missing_target1
target2_close14|seed21|source_mismatch,target2_close14,21,source_mismatch,local2d_detector_baseline_target2_close14_seed21_source_mismatch_cpu,mean_top20_moderate12_baseline,5,"7,2,1","194,251,263","86,76,81",1,False,True,False,False,"1,2,3",2.859424977616671,3.2044249776166707,0.7669360419406708,0.9394360419406708,3.1129249776166708,0.4651270651484827,500.00000000000006,69.0,45.0,"0.237243,0.331463,0.359044",0.9277500427901954,0.23724334338096373,0.5464933576443621,0.40974334338096374,1.418493386171159,0.6814866867619275,3.441668320997634,right_close_pair,69.0,-45.0,236.0,74.0,-45.0,235.0,-0.05,-0.0,-0.01,-0.16666666666666666,-0.35,10.0,7.0,1,False,True,False,False,span_sweep_w2,1.2614136906184397,missing_target1_target2
target2_close14|seed34|nominal,target2_close14,34,nominal,local2d_detector_baseline_target2_close14_seed34_nominal_cpu,mean_top20_moderate12_baseline,377,"15,7,3","188,248,262","95,89,78",2,False,True,True,False,"1,2,3",2.7329905483632455,3.1029905483632456,0.7360909802742309,0.9210909802742309,3.0059905483632456,0.49064245719426425,550.0,74.0,46.0,"0.232795,0.315625,0.350788",0.8992077258636119,0.23279498848352223,0.5325308971047262,0.41779498848352226,1.4050027143471342,0.6875899769670445,3.335785536846768,right_close_pair,74.0,-46.0,232.66666666666666,74.0,-45.0,235.0,-0.0,-0.01,-0.023333333333333428,-0.4166666666666667,-0.75,25.0,15.0,2,False,True,True,False,span_sweep_w2,1.2458251312095874,missing_target2
target2_close14|seed34|source_mismatch,target2_close14,34,source_mismatch,local2d_detector_baseline_target2_close14_seed34_source_mismatch_cpu,mean_top20_moderate12_baseline,56,"10,5,1","188,247,261","83,85,83",3,True,True,True,True,"1,2,3",2.7480719149509296,3.11307191495093,0.7638384442755252,0.9463384442755252,3.0175719149509295,0.4832650428856328,500.00000000000006,73.0,45.0,"0.241816,0.314872,0.359934",0.9166223884988369,0.24181632622778124,0.5473571223940602,0.42431632622778126,1.4279387147266183,0.7026326524555624,3.354888241178711,right_close_pair,73.0,-45.0,232.0,74.0,-45.0,235.0,-0.01,-0.0,-0.03,-0.26666666666666666,-0.5,16.0,10.0,3,True,True,True,True,span_sweep_w2,1.3072803389323848,all_truth
target2_close50_linear29p5|seed13|nominal,target2_close50_linear29p5,13,nominal,local2d_detector_baseline_target2_close50_linear29p5_seed13_nominal_cpu,mean_top20_distinct20_baseline,173,"7,2,10","184,250,301","110,102,103",0,False,False,False,False,"1,2,3",2.4548562145627075,3.0398562145627075,0.6961858382628466,0.9886858382628466,2.9153562145627077,0.43962673057297463,500.00000000000006,117.0,15.0,"0.240955,0.333806,0.236775",0.8115360281965021,0.23677546046036657,0.5072874698592006,0.5292754604603666,1.5088114886568686,0.8287299996644817,3.276631675023074,wide_pair,117.0,-15.0,245.0,112.0,-15.0,250.0,-0.05,-0.0,-0.05,-0.31666666666666665,-0.5,19.0,10.0,0,False,False,False,False,span_sweep_w2,1.2430654126663823,missing_target0_target1_target2
target2_close50_linear29p5|seed13|source_mismatch,target2_close50_linear29p5,13,source_mismatch,local2d_detector_baseline_target2_close50_linear29p5_seed13_source_mismatch_cpu,mean_top20_distinct20_baseline,282,"9,3,11","187,253,305","102,100,90",1,False,False,False,True,"1,2,3",2.242854421891026,2.832854421891026,0.6936938854049418,0.9886938854049419,2.707854421891026,0.41105747713130125,500.00000000000006,118.0,14.0,"0.226578,0.295307,0.23408",0.7559651203472638,0.2265778991083783,0.4785662725574662,0.5215778991083783,1.4475430194556422,0.8071557982167565,3.059432320999404,wide_pair,118.0,-14.0,248.33333333333334,112.0,-15.0,250.0,-0.06,-0.01,-0.016666666666666573,-0.38333333333333336,-0.55,23.0,11.0,1,False,False,False,True,span_sweep_w2,1.106491307261035,missing_target0_target1
target2_close50_linear29p5|seed21|nominal,target2_close50_linear29p5,21,nominal,local2d_detector_baseline_target2_close50_linear29p5_seed21_nominal_cpu,mean_top20_distinct20_baseline,134,"19,1,11","190,253,301","78,101,87",1,False,False,False,True,"1,2,3",2.3505621253519773,2.9055621253519774,0.5577385409047443,0.8352385409047443,2.7870621253519774,0.4107755084067358,550.0,111.0,15.0,"0.156672,0.340286,0.245358",0.7423158421272827,0.15667207174213427,0.4041106857845619,0.4341720717421343,1.335487913869417,0.6463441434842685,3.062234197094112,wide_pair,111.0,-15.0,248.0,112.0,-15.0,250.0,-0.01,-0.0,-0.02,-0.5166666666666667,-0.95,31.0,19.0,1,False,False,False,True,span_sweep_w2,1.157024129686864,missing_target0_target1
target2_close50_linear29p5|seed21|source_mismatch,target2_close50_linear29p5,21,source_mismatch,local2d_detector_baseline_target2_close50_linear29p5_seed21_source_mismatch_cpu,mean_top20_distinct20_baseline,261,"12,2,9","188,253,303","97,93,91",3,True,True,True,True,"1,2,3",2.3010081345113997,2.8760081345114,0.6841977995095918,0.9716977995095918,2.7535081345114,0.4173076525534148,500.00000000000006,115.0,15.0,"0.23061,0.335462,0.234971",0.8010426820734851,0.2306095590085883,0.4976237863664167,0.5181095590085882,1.4841522410820733,0.8062191180171765,3.106617693519988,wide_pair,115.0,-15.0,248.0,112.0,-15.0,250.0,-0.03,-0.0,-0.02,-0.38333333333333336,-0.6,23.0,12.0,3,True,True,True,True,span_sweep_w2,1.231066325911701,all_truth
target2_close50_linear29p5|seed34|nominal,target2_close50_linear29p5,34,nominal,local2d_detector_baseline_target2_close50_linear29p5_seed34_nominal_cpu,mean_top20_distinct20_baseline,528,"13,4,10","185,251,303","109,75,93",1,False,False,False,True,"1,2,3",2.4170704657554447,3.0070704657554446,0.706081938611334,1.0010819386113339,2.8820704657554446,0.40248489687039185,667.0,118.0,14.0,"0.237345,0.333103,0.24377",0.8142175447014705,0.23734517211893488,0.5087510203527583,0.5323451721189348,1.5165627168204054,0.8286903442378697,3.2444156378743796,wide_pair,118.0,-14.0,246.33333333333334,112.0,-15.0,250.0,-0.06,-0.01,-0.03666666666666657,-0.45,-0.65,27.0,13.0,1,False,False,False,True,span_sweep_w2,1.1623311526517452,missing_target0_target1
target2_close50_linear29p5|seed34|source_mismatch,target2_close50_linear29p5,34,source_mismatch,local2d_detector_baseline_target2_close50_linear29p5_seed34_source_mismatch_cpu,mean_top20_distinct20_baseline,267,"15,3,12","185,248,296","78,96,100",1,False,False,True,False,"1,2,3",2.0201763684333556,2.5751763684333557,0.4844722490891909,0.7619722490891909,2.4566763684333557,0.4007304428599269,500.00000000000006,111.0,15.0,"0.15583,0.315515,0.224024",0.695368356477953,0.15582962110857443,0.38761907326789213,0.4333296211085744,1.2876979775865276,0.6446592422171489,2.7310059895419303,wide_pair,111.0,-15.0,243.0,112.0,-15.0,250.0,-0.01,-0.0,-0.07,-0.5,-0.75,30.0,15.0,1,False,False,True,False,span_sweep_w2,1.0685501867016498,missing_target0_target2
target2_close14|seed13|nominal,target2_close14,13,nominal,local2d_detector_baseline_target2_close14_seed13_nominal_cpu,mean_top20_moderate12_baseline,74,"14,6,1","186,249,265","77,93,85",2,False,False,True,True,"1,2,3",2.8632554118074767,3.2582554118074767,0.7308838044433662,0.9283838044433662,3.1557554118074767,0.47270184961069517,550.0,79.0,47.0,"0.225635,0.319251,0.366497",0.9113821965510092,0.22563480603849811,0.5294288715555011,0.4231348060384981,1.4295170025895072,0.6882696120769962,3.4838902178459747,right_close_pair,79.0,-47.0,233.33333333333334,74.0,-45.0,235.0,-0.05,-0.02,-0.016666666666666573,-0.35,-0.7,21.0,14.0,2,False,False,True,True,component_sweep_w0,0.5184447102358617,missing_target0
target2_close14|seed13|source_mismatch,target2_close14,13,source_mismatch,local2d_detector_baseline_target2_close14_seed13_source_mismatch_cpu,mean_top20_moderate12_baseline,177,"9,3,2","188,250,266","85,78,90",2,False,True,False,True,"1,2,3",2.6770437451642013,3.0670437451642014,0.7286023247660144,0.9236023247660143,2.966043745164201,0.48003695829688986,500.00000000000006,78.0,46.0,"0.237178,0.329088,0.326972",0.8932379516218885,0.2371779881276018,0.5349239720015646,0.4321779881276018,1.4194159397494903,0.7083559762552036,3.3042217332918034,right_close_pair,78.0,-46.0,234.66666666666666,74.0,-45.0,235.0,-0.04,-0.01,-0.003333333333333428,-0.23333333333333334,-0.45,14.0,9.0,2,False,True,False,True,component_sweep_w0,0.5543443466583606,missing_target1
target2_close14|seed21|nominal,target2_close14,21,nominal,local2d_detector_baseline_target2_close14_seed21_nominal_cpu,mean_top20_moderate12_baseline,59,"13,5,1","191,251,266","86,78,91",2,False,True,False,True,"1,2,3",2.8191976084551498,3.1941976084551498,0.7309313850055122,0.9184313850055122,3.0966976084551496,0.487780237660655,550.0,75.0,45.0,"0.231917,0.32277,0.373738",0.9284253257880678,0.23191724990224954,0.5413923584982722,0.41941724990224954,1.4378425756903175,0.6888344998044991,3.4261148583573995,right_close_pair,75.0,-45.0,236.0,74.0,-45.0,235.0,-0.01,-0.0,-0.01,-0.31666666666666665,-0.65,19.0,13.0,2,False,True,False,True,component_sweep_w0,0.6140563050048133,missing_target1
target2_close14|seed21|source_mismatch,target2_close14,21,source_mismatch,local2d_detector_baseline_target2_close14_seed21_source_mismatch_cpu,mean_top20_moderate12_baseline,5,"7,2,1","194,251,263","86,76,81",1,False,True,False,False,"1,2,3",2.859424977616671,3.2044249776166707,0.7669360419406708,0.9394360419406708,3.1129249776166708,0.4651270651484827,500.00000000000006,69.0,45.0,"0.237243,0.331463,0.359044",0.9277500427901954,0.23724334338096373,0.5464933576443621,0.40974334338096374,1.418493386171159,0.6814866867619275,3.441668320997634,right_close_pair,69.0,-45.0,236.0,74.0,-45.0,235.0,-0.05,-0.0,-0.01,-0.16666666666666666,-0.35,10.0,7.0,1,False,True,False,False,component_sweep_w0,0.6271669975328602,missing_target1_target2
target2_close14|seed34|nominal,target2_close14,34,nominal,local2d_detector_baseline_target2_close14_seed34_nominal_cpu,mean_top20_moderate12_baseline,87,"14,7,1","190,248,260","85,89,87",3,True,True,True,True,"1,2,3",2.8295362786595444,3.1795362786595445,0.7515480934802559,0.9265480934802559,3.0865362786595445,0.4595054873263418,550.0,70.0,46.0,"0.23468,0.315625,0.369995",0.920299877814464,0.2346795731842756,0.5414461991224303,0.4096795731842756,1.4119794509987398,0.6793591463685512,3.41421585184382,right_close_pair,70.0,-46.0,232.66666666666666,74.0,-45.0,235.0,-0.04,-0.01,-0.023333333333333428,-0.36666666666666664,-0.7,22.0,14.0,3,True,True,True,True,component_sweep_w0,0.5465098370354307,all_truth
target2_close14|seed34|source_mismatch,target2_close14,34,source_mismatch,local2d_detector_baseline_target2_close14_seed34_source_mismatch_cpu,mean_top20_moderate12_baseline,56,"10,5,1","188,247,261","83,85,83",3,True,True,True,True,"1,2,3",2.7480719149509296,3.11307191495093,0.7638384442755252,0.9463384442755252,3.0175719149509295,0.4832650428856328,500.00000000000006,73.0,45.0,"0.241816,0.314872,0.359934",0.9166223884988369,0.24181632622778124,0.5473571223940602,0.42431632622778126,1.4279387147266183,0.7026326524555624,3.354888241178711,right_close_pair,73.0,-45.0,232.0,74.0,-45.0,235.0,-0.01,-0.0,-0.03,-0.26666666666666666,-0.5,16.0,10.0,3,True,True,True,True,component_sweep_w0,0.6083109815690756,all_truth
target2_close50_linear29p5|seed13|nominal,target2_close50_linear29p5,13,nominal,local2d_detector_baseline_target2_close50_linear29p5_seed13_nominal_cpu,mean_top20_distinct20_baseline,173,"7,2,10","184,250,301","110,102,103",0,False,False,False,False,"1,2,3",2.4548562145627075,3.0398562145627075,0.6961858382628466,0.9886858382628466,2.9153562145627077,0.43962673057297463,500.00000000000006,117.0,15.0,"0.240955,0.333806,0.236775",0.8115360281965021,0.23677546046036657,0.5072874698592006,0.5292754604603666,1.5088114886568686,0.8287299996644817,3.276631675023074,wide_pair,117.0,-15.0,245.0,112.0,-15.0,250.0,-0.05,-0.0,-0.05,-0.31666666666666665,-0.5,19.0,10.0,0,False,False,False,False,component_sweep_w0,0.5636596683379481,missing_target0_target1_target2
target2_close50_linear29p5|seed13|source_mismatch,target2_close50_linear29p5,13,source_mismatch,local2d_detector_baseline_target2_close50_linear29p5_seed13_source_mismatch_cpu,mean_top20_distinct20_baseline,282,"9,3,11","187,253,305","102,100,90",1,False,False,False,True,"1,2,3",2.242854421891026,2.832854421891026,0.6936938854049418,0.9886938854049419,2.707854421891026,0.41105747713130125,500.00000000000006,118.0,14.0,"0.226578,0.295307,0.23408",0.7559651203472638,0.2265778991083783,0.4785662725574662,0.5215778991083783,1.4475430194556422,0.8071557982167565,3.059432320999404,wide_pair,118.0,-14.0,248.33333333333334,112.0,-15.0,250.0,-0.06,-0.01,-0.016666666666666573,-0.38333333333333336,-0.55,23.0,11.0,1,False,False,False,True,component_sweep_w0,0.4727197975332142,missing_target0_target1
target2_close50_linear29p5|seed21|nominal,target2_close50_linear29p5,21,nominal,local2d_detector_baseline_target2_close50_linear29p5_seed21_nominal_cpu,mean_top20_distinct20_baseline,134,"19,1,11","190,253,301","78,101,87",1,False,False,False,True,"1,2,3",2.3505621253519773,2.9055621253519774,0.5577385409047443,0.8352385409047443,2.7870621253519774,0.4107755084067358,550.0,111.0,15.0,"0.156672,0.340286,0.245358",0.7423158421272827,0.15667207174213427,0.4041106857845619,0.4341720717421343,1.335487913869417,0.6463441434842685,3.062234197094112,wide_pair,111.0,-15.0,248.0,112.0,-15.0,250.0,-0.01,-0.0,-0.02,-0.5166666666666667,-0.95,31.0,19.0,1,False,False,False,True,component_sweep_w0,0.5042801727521558,missing_target0_target1
target2_close50_linear29p5|seed21|source_mismatch,target2_close50_linear29p5,21,source_mismatch,local2d_detector_baseline_target2_close50_linear29p5_seed21_source_mismatch_cpu,mean_top20_distinct20_baseline,261,"12,2,9","188,253,303","97,93,91",3,True,True,True,True,"1,2,3",2.3010081345113997,2.8760081345114,0.6841977995095918,0.9716977995095918,2.7535081345114,0.4173076525534148,500.00000000000006,115.0,15.0,"0.23061,0.335462,0.234971",0.8010426820734851,0.2306095590085883,0.4976237863664167,0.5181095590085882,1.4841522410820733,0.8062191180171765,3.106617693519988,wide_pair,115.0,-15.0,248.0,112.0,-15.0,250.0,-0.03,-0.0,-0.02,-0.38333333333333336,-0.6,23.0,12.0,3,True,True,True,True,component_sweep_w0,0.5339902053706643,all_truth
target2_close50_linear29p5|seed34|nominal,target2_close50_linear29p5,34,nominal,local2d_detector_baseline_target2_close50_linear29p5_seed34_nominal_cpu,mean_top20_distinct20_baseline,528,"13,4,10","185,251,303","109,75,93",1,False,False,False,True,"1,2,3",2.4170704657554447,3.0070704657554446,0.706081938611334,1.0010819386113339,2.8820704657554446,0.40248489687039185,667.0,118.0,14.0,"0.237345,0.333103,0.24377",0.8142175447014705,0.23734517211893488,0.5087510203527583,0.5323451721189348,1.5165627168204054,0.8286903442378697,3.2444156378743796,wide_pair,118.0,-14.0,246.33333333333334,112.0,-15.0,250.0,-0.06,-0.01,-0.03666666666666657,-0.45,-0.65,27.0,13.0,1,False,False,False,True,component_sweep_w0,0.4940497942415426,missing_target0_target1
target2_close50_linear29p5|seed34|source_mismatch,target2_close50_linear29p5,34,source_mismatch,local2d_detector_baseline_target2_close50_linear29p5_seed34_source_mismatch_cpu,mean_top20_distinct20_baseline,267,"15,3,12","185,248,296","78,96,100",1,False,False,True,False,"1,2,3",2.0201763684333556,2.5751763684333557,0.4844722490891909,0.7619722490891909,2.4566763684333557,0.4007304428599269,500.00000000000006,111.0,15.0,"0.15583,0.315515,0.224024",0.695368356477953,0.15582962110857443,0.38761907326789213,0.4333296211085744,1.2876979775865276,0.6446592422171489,2.7310059895419303,wide_pair,111.0,-15.0,243.0,112.0,-15.0,250.0,-0.01,-0.0,-0.07,-0.5,-0.75,30.0,15.0,1,False,False,True,False,component_sweep_w0,0.439701197908386,missing_target0_target2
target2_close14|seed13|nominal,target2_close14,13,nominal,local2d_detector_baseline_target2_close14_seed13_nominal_cpu,mean_top20_moderate12_baseline,74,"14,6,1","186,249,265","77,93,85",2,False,False,True,True,"1,2,3",2.8632554118074767,3.2582554118074767,0.7308838044433662,0.9283838044433662,3.1557554118074767,0.47270184961069517,550.0,79.0,47.0,"0.225635,0.319251,0.366497",0.9113821965510092,0.22563480603849811,0.5294288715555011,0.4231348060384981,1.4295170025895072,0.6882696120769962,3.4838902178459747,right_close_pair,79.0,-47.0,233.33333333333334,74.0,-45.0,235.0,-0.05,-0.02,-0.016666666666666573,-0.35,-0.7,21.0,14.0,2,False,False,True,True,component_sweep_w0.25,0.8758239608832386,missing_target0
target2_close14|seed13|source_mismatch,target2_close14,13,source_mismatch,local2d_detector_baseline_target2_close14_seed13_source_mismatch_cpu,mean_top20_moderate12_baseline,177,"9,3,2","188,250,266","85,78,90",2,False,True,False,True,"1,2,3",2.6770437451642013,3.0670437451642014,0.7286023247660144,0.9236023247660143,2.966043745164201,0.48003695829688986,500.00000000000006,78.0,46.0,"0.237178,0.329088,0.326972",0.8932379516218885,0.2371779881276018,0.5349239720015646,0.4321779881276018,1.4194159397494903,0.7083559762552036,3.3042217332918034,right_close_pair,78.0,-46.0,234.66666666666666,74.0,-45.0,235.0,-0.04,-0.01,-0.003333333333333428,-0.23333333333333334,-0.45,14.0,9.0,2,False,True,False,True,component_sweep_w0.25,0.9091983315957333,missing_target1
target2_close14|seed21|nominal,target2_close14,21,nominal,local2d_detector_baseline_target2_close14_seed21_nominal_cpu,mean_top20_moderate12_baseline,59,"13,5,1","191,251,266","86,78,91",2,False,True,False,True,"1,2,3",2.8191976084551498,3.1941976084551498,0.7309313850055122,0.9184313850055122,3.0966976084551496,0.487780237660655,550.0,75.0,45.0,"0.231917,0.32277,0.373738",0.9284253257880678,0.23191724990224954,0.5413923584982722,0.41941724990224954,1.4378425756903175,0.6888344998044991,3.4261148583573995,right_close_pair,75.0,-45.0,236.0,74.0,-45.0,235.0,-0.01,-0.0,-0.01,-0.31666666666666665,-0.65,19.0,13.0,2,False,True,False,True,component_sweep_w0.25,0.9735169489273927,missing_target1
target2_close14|seed21|source_mismatch,target2_close14,21,source_mismatch,local2d_detector_baseline_target2_close14_seed21_source_mismatch_cpu,mean_top20_moderate12_baseline,5,"7,2,1","194,251,263","86,76,81",1,False,True,False,False,"1,2,3",2.859424977616671,3.2044249776166707,0.7669360419406708,0.9394360419406708,3.1129249776166708,0.4651270651484827,500.00000000000006,69.0,45.0,"0.237243,0.331463,0.359044",0.9277500427901954,0.23724334338096373,0.5464933576443621,0.40974334338096374,1.418493386171159,0.6814866867619275,3.441668320997634,right_close_pair,69.0,-45.0,236.0,74.0,-45.0,235.0,-0.05,-0.0,-0.01,-0.16666666666666666,-0.35,10.0,7.0,1,False,True,False,False,component_sweep_w0.25,0.9817903440756501,missing_target1_target2
target2_close14|seed34|nominal,target2_close14,34,nominal,local2d_detector_baseline_target2_close14_seed34_nominal_cpu,mean_top20_moderate12_baseline,87,"14,7,1","190,248,260","85,89,87",3,True,True,True,True,"1,2,3",2.8295362786595444,3.1795362786595445,0.7515480934802559,0.9265480934802559,3.0865362786595445,0.4595054873263418,550.0,70.0,46.0,"0.23468,0.315625,0.369995",0.920299877814464,0.2346795731842756,0.5414461991224303,0.4096795731842756,1.4119794509987398,0.6793591463685512,3.41421585184382,right_close_pair,70.0,-46.0,232.66666666666666,74.0,-45.0,235.0,-0.04,-0.01,-0.023333333333333428,-0.36666666666666664,-0.7,22.0,14.0,3,True,True,True,True,component_sweep_w0.25,0.8995046997851155,all_truth
target2_close14|seed34|source_mismatch,target2_close14,34,source_mismatch,local2d_detector_baseline_target2_close14_seed34_source_mismatch_cpu,mean_top20_moderate12_baseline,56,"10,5,1","188,247,261","83,85,83",3,True,True,True,True,"1,2,3",2.7480719149509296,3.11307191495093,0.7638384442755252,0.9463384442755252,3.0175719149509295,0.4832650428856328,500.00000000000006,73.0,45.0,"0.241816,0.314872,0.359934",0.9166223884988369,0.24181632622778124,0.5473571223940602,0.42431632622778126,1.4279387147266183,0.7026326524555624,3.354888241178711,right_close_pair,73.0,-45.0,232.0,74.0,-45.0,235.0,-0.01,-0.0,-0.03,-0.26666666666666666,-0.5,16.0,10.0,3,True,True,True,True,component_sweep_w0.25,0.9652956602507302,all_truth
target2_close50_linear29p5|seed13|nominal,target2_close50_linear29p5,13,nominal,local2d_detector_baseline_target2_close50_linear29p5_seed13_nominal_cpu,mean_top20_distinct20_baseline,173,"7,2,10","184,250,301","110,102,103",0,False,False,False,False,"1,2,3",2.4548562145627075,3.0398562145627075,0.6961858382628466,0.9886858382628466,2.9153562145627077,0.43962673057297463,500.00000000000006,117.0,15.0,"0.240955,0.333806,0.236775",0.8115360281965021,0.23677546046036657,0.5072874698592006,0.5292754604603666,1.5088114886568686,0.8287299996644817,3.276631675023074,wide_pair,117.0,-15.0,245.0,112.0,-15.0,250.0,-0.05,-0.0,-0.05,-0.31666666666666665,-0.5,19.0,10.0,0,False,False,False,False,component_sweep_w0.25,0.9408625405021653,missing_target0_target1_target2
target2_close50_linear29p5|seed13|source_mismatch,target2_close50_linear29p5,13,source_mismatch,local2d_detector_baseline_target2_close50_linear29p5_seed13_source_mismatch_cpu,mean_top20_distinct20_baseline,282,"9,3,11","187,253,305","102,100,90",1,False,False,False,True,"1,2,3",2.242854421891026,2.832854421891026,0.6936938854049418,0.9886938854049419,2.707854421891026,0.41105747713130125,500.00000000000006,118.0,14.0,"0.226578,0.295307,0.23408",0.7559651203472638,0.2265778991083783,0.4785662725574662,0.5215778991083783,1.4475430194556422,0.8071557982167565,3.059432320999404,wide_pair,118.0,-14.0,248.33333333333334,112.0,-15.0,250.0,-0.06,-0.01,-0.016666666666666573,-0.38333333333333336,-0.55,23.0,11.0,1,False,False,False,True,component_sweep_w0.25,0.8346055523971248,missing_target0_target1
target2_close50_linear29p5|seed21|nominal,target2_close50_linear29p5,21,nominal,local2d_detector_baseline_target2_close50_linear29p5_seed21_nominal_cpu,mean_top20_distinct20_baseline,134,"19,1,11","190,253,301","78,101,87",1,False,False,False,True,"1,2,3",2.3505621253519773,2.9055621253519774,0.5577385409047443,0.8352385409047443,2.7870621253519774,0.4107755084067358,550.0,111.0,15.0,"0.156672,0.340286,0.245358",0.7423158421272827,0.15667207174213427,0.4041106857845619,0.4341720717421343,1.335487913869417,0.6463441434842685,3.062234197094112,wide_pair,111.0,-15.0,248.0,112.0,-15.0,250.0,-0.01,-0.0,-0.02,-0.5166666666666667,-0.95,31.0,19.0,1,False,False,False,True,component_sweep_w0.25,0.8381521512195099,missing_target0_target1
target2_close50_linear29p5|seed21|source_mismatch,target2_close50_linear29p5,21,source_mismatch,local2d_detector_baseline_target2_close50_linear29p5_seed21_source_mismatch_cpu,mean_top20_distinct20_baseline,261,"12,2,9","188,253,303","97,93,91",3,True,True,True,True,"1,2,3",2.3010081345113997,2.8760081345114,0.6841977995095918,0.9716977995095918,2.7535081345114,0.4173076525534148,500.00000000000006,115.0,15.0,"0.23061,0.335462,0.234971",0.8010426820734851,0.2306095590085883,0.4976237863664167,0.5181095590085882,1.4841522410820733,0.8062191180171765,3.106617693519988,wide_pair,115.0,-15.0,248.0,112.0,-15.0,250.0,-0.03,-0.0,-0.02,-0.38333333333333336,-0.6,23.0,12.0,3,True,True,True,True,component_sweep_w0.25,0.9050282656411827,all_truth
target2_close50_linear29p5|seed34|nominal,target2_close50_linear29p5,34,nominal,local2d_detector_baseline_target2_close50_linear29p5_seed34_nominal_cpu,mean_top20_distinct20_baseline,528,"13,4,10","185,251,303","109,75,93",1,False,False,False,True,"1,2,3",2.4170704657554447,3.0070704657554446,0.706081938611334,1.0010819386113339,2.8820704657554446,0.40248489687039185,667.0,118.0,14.0,"0.237345,0.333103,0.24377",0.8142175447014705,0.23734517211893488,0.5087510203527583,0.5323451721189348,1.5165627168204054,0.8286903442378697,3.2444156378743796,wide_pair,118.0,-14.0,246.33333333333334,112.0,-15.0,250.0,-0.06,-0.01,-0.03666666666666657,-0.45,-0.65,27.0,13.0,1,False,False,False,True,component_sweep_w0.25,0.873190473446644,missing_target0_target1
target2_close50_linear29p5|seed34|source_mismatch,target2_close50_linear29p5,34,source_mismatch,local2d_detector_baseline_target2_close50_linear29p5_seed34_source_mismatch_cpu,mean_top20_distinct20_baseline,267,"15,3,12","185,248,296","78,96,100",1,False,False,True,False,"1,2,3",2.0201763684333556,2.5751763684333557,0.4844722490891909,0.7619722490891909,2.4566763684333557,0.4007304428599269,500.00000000000006,111.0,15.0,"0.15583,0.315515,0.224024",0.695368356477953,0.15582962110857443,0.38761907326789213,0.4333296211085744,1.2876979775865276,0.6446592422171489,2.7310059895419303,wide_pair,111.0,-15.0,243.0,112.0,-15.0,250.0,-0.01,-0.0,-0.07,-0.5,-0.75,30.0,15.0,1,False,False,True,False,component_sweep_w0.25,0.761625692305018,missing_target0_target2
target2_close14|seed13|nominal,target2_close14,13,nominal,local2d_detector_baseline_target2_close14_seed13_nominal_cpu,mean_top20_moderate12_baseline,74,"14,6,1","186,249,265","77,93,85",2,False,False,True,True,"1,2,3",2.8632554118074767,3.2582554118074767,0.7308838044433662,0.9283838044433662,3.1557554118074767,0.47270184961069517,550.0,79.0,47.0,"0.225635,0.319251,0.366497",0.9113821965510092,0.22563480603849811,0.5294288715555011,0.4231348060384981,1.4295170025895072,0.6882696120769962,3.4838902178459747,right_close_pair,79.0,-47.0,233.33333333333334,74.0,-45.0,235.0,-0.05,-0.02,-0.016666666666666573,-0.35,-0.7,21.0,14.0,2,False,False,True,True,component_sweep_w0.5,1.2332032115306153,missing_target0
target2_close14|seed13|source_mismatch,target2_close14,13,source_mismatch,local2d_detector_baseline_target2_close14_seed13_source_mismatch_cpu,mean_top20_moderate12_baseline,177,"9,3,2","188,250,266","85,78,90",2,False,True,False,True,"1,2,3",2.6770437451642013,3.0670437451642014,0.7286023247660144,0.9236023247660143,2.966043745164201,0.48003695829688986,500.00000000000006,78.0,46.0,"0.237178,0.329088,0.326972",0.8932379516218885,0.2371779881276018,0.5349239720015646,0.4321779881276018,1.4194159397494903,0.7083559762552036,3.3042217332918034,right_close_pair,78.0,-46.0,234.66666666666666,74.0,-45.0,235.0,-0.04,-0.01,-0.003333333333333428,-0.23333333333333334,-0.45,14.0,9.0,2,False,True,False,True,component_sweep_w0.5,1.264052316533106,missing_target1
target2_close14|seed21|nominal,target2_close14,21,nominal,local2d_detector_baseline_target2_close14_seed21_nominal_cpu,mean_top20_moderate12_baseline,59,"13,5,1","191,251,266","86,78,91",2,False,True,False,True,"1,2,3",2.8191976084551498,3.1941976084551498,0.7309313850055122,0.9184313850055122,3.0966976084551496,0.487780237660655,550.0,75.0,45.0,"0.231917,0.32277,0.373738",0.9284253257880678,0.23191724990224954,0.5413923584982722,0.41941724990224954,1.4378425756903175,0.6888344998044991,3.4261148583573995,right_close_pair,75.0,-45.0,236.0,74.0,-45.0,235.0,-0.01,-0.0,-0.01,-0.31666666666666665,-0.65,19.0,13.0,2,False,True,False,True,component_sweep_w0.5,1.332977592849972,missing_target1
target2_close14|seed21|source_mismatch,target2_close14,21,source_mismatch,local2d_detector_baseline_target2_close14_seed21_source_mismatch_cpu,mean_top20_moderate12_baseline,5,"7,2,1","194,251,263","86,76,81",1,False,True,False,False,"1,2,3",2.859424977616671,3.2044249776166707,0.7669360419406708,0.9394360419406708,3.1129249776166708,0.4651270651484827,500.00000000000006,69.0,45.0,"0.237243,0.331463,0.359044",0.9277500427901954,0.23724334338096373,0.5464933576443621,0.40974334338096374,1.418493386171159,0.6814866867619275,3.441668320997634,right_close_pair,69.0,-45.0,236.0,74.0,-45.0,235.0,-0.05,-0.0,-0.01,-0.16666666666666666,-0.35,10.0,7.0,1,False,True,False,False,component_sweep_w0.5,1.3364136906184398,missing_target1_target2
target2_close14|seed34|nominal,target2_close14,34,nominal,local2d_detector_baseline_target2_close14_seed34_nominal_cpu,mean_top20_moderate12_baseline,87,"14,7,1","190,248,260","85,89,87",3,True,True,True,True,"1,2,3",2.8295362786595444,3.1795362786595445,0.7515480934802559,0.9265480934802559,3.0865362786595445,0.4595054873263418,550.0,70.0,46.0,"0.23468,0.315625,0.369995",0.920299877814464,0.2346795731842756,0.5414461991224303,0.4096795731842756,1.4119794509987398,0.6793591463685512,3.41421585184382,right_close_pair,70.0,-46.0,232.66666666666666,74.0,-45.0,235.0,-0.04,-0.01,-0.023333333333333428,-0.36666666666666664,-0.7,22.0,14.0,3,True,True,True,True,component_sweep_w0.5,1.2524995625348008,all_truth
target2_close14|seed34|source_mismatch,target2_close14,34,source_mismatch,local2d_detector_baseline_target2_close14_seed34_source_mismatch_cpu,mean_top20_moderate12_baseline,56,"10,5,1","188,247,261","83,85,83",3,True,True,True,True,"1,2,3",2.7480719149509296,3.11307191495093,0.7638384442755252,0.9463384442755252,3.0175719149509295,0.4832650428856328,500.00000000000006,73.0,45.0,"0.241816,0.314872,0.359934",0.9166223884988369,0.24181632622778124,0.5473571223940602,0.42431632622778126,1.4279387147266183,0.7026326524555624,3.354888241178711,right_close_pair,73.0,-45.0,232.0,74.0,-45.0,235.0,-0.01,-0.0,-0.03,-0.26666666666666666,-0.5,16.0,10.0,3,True,True,True,True,component_sweep_w0.5,1.322280338932385,all_truth
target2_close50_linear29p5|seed13|nominal,target2_close50_linear29p5,13,nominal,local2d_detector_baseline_target2_close50_linear29p5_seed13_nominal_cpu,mean_top20_distinct20_baseline,173,"7,2,10","184,250,301","110,102,103",0,False,False,False,False,"1,2,3",2.4548562145627075,3.0398562145627075,0.6961858382628466,0.9886858382628466,2.9153562145627077,0.43962673057297463,500.00000000000006,117.0,15.0,"0.240955,0.333806,0.236775",0.8115360281965021,0.23677546046036657,0.5072874698592006,0.5292754604603666,1.5088114886568686,0.8287299996644817,3.276631675023074,wide_pair,117.0,-15.0,245.0,112.0,-15.0,250.0,-0.05,-0.0,-0.05,-0.31666666666666665,-0.5,19.0,10.0,0,False,False,False,False,component_sweep_w0.5,1.3180654126663824,missing_target0_target1_target2
target2_close50_linear29p5|seed13|source_mismatch,target2_close50_linear29p5,13,source_mismatch,local2d_detector_baseline_target2_close50_linear29p5_seed13_source_mismatch_cpu,mean_top20_distinct20_baseline,282,"9,3,11","187,253,305","102,100,90",1,False,False,False,True,"1,2,3",2.242854421891026,2.832854421891026,0.6936938854049418,0.9886938854049419,2.707854421891026,0.41105747713130125,500.00000000000006,118.0,14.0,"0.226578,0.295307,0.23408",0.7559651203472638,0.2265778991083783,0.4785662725574662,0.5215778991083783,1.4475430194556422,0.8071557982167565,3.059432320999404,wide_pair,118.0,-14.0,248.33333333333334,112.0,-15.0,250.0,-0.06,-0.01,-0.016666666666666573,-0.38333333333333336,-0.55,23.0,11.0,1,False,False,False,True,component_sweep_w0.5,1.196491307261035,missing_target0_target1
target2_close50_linear29p5|seed21|nominal,target2_close50_linear29p5,21,nominal,local2d_detector_baseline_target2_close50_linear29p5_seed21_nominal_cpu,mean_top20_distinct20_baseline,163,"18,1,16","188,253,303","97,101,109",1,False,True,False,False,"1,2,3",2.286085691775241,2.8610856917752407,0.6002755981958179,0.8877755981958179,2.738585691775241,0.4058625593623866,500.00000000000006,115.0,15.0,"0.19441,0.340286,0.215799",0.7504958325289971,0.19441038715420442,0.4445756646638701,0.4819103871542044,1.3974062196832016,0.7338207743084089,3.055496078929445,wide_pair,115.0,-15.0,248.0,112.0,-15.0,250.0,-0.03,-0.0,-0.02,-0.5833333333333334,-0.9,35.0,18.0,1,False,True,False,False,component_sweep_w0.5,1.1874689922941566,missing_target1_target2
target2_close50_linear29p5|seed21|source_mismatch,target2_close50_linear29p5,21,source_mismatch,local2d_detector_baseline_target2_close50_linear29p5_seed21_source_mismatch_cpu,mean_top20_distinct20_baseline,261,"12,2,9","188,253,303","97,93,91",3,True,True,True,True,"1,2,3",2.3010081345113997,2.8760081345114,0.6841977995095918,0.9716977995095918,2.7535081345114,0.4173076525534148,500.00000000000006,115.0,15.0,"0.23061,0.335462,0.234971",0.8010426820734851,0.2306095590085883,0.4976237863664167,0.5181095590085882,1.4841522410820733,0.8062191180171765,3.106617693519988,wide_pair,115.0,-15.0,248.0,112.0,-15.0,250.0,-0.03,-0.0,-0.02,-0.38333333333333336,-0.6,23.0,12.0,3,True,True,True,True,component_sweep_w0.5,1.276066325911701,all_truth
target2_close50_linear29p5|seed34|nominal,target2_close50_linear29p5,34,nominal,local2d_detector_baseline_target2_close50_linear29p5_seed34_nominal_cpu,mean_top20_distinct20_baseline,528,"13,4,10","185,251,303","109,75,93",1,False,False,False,True,"1,2,3",2.4170704657554447,3.0070704657554446,0.706081938611334,1.0010819386113339,2.8820704657554446,0.40248489687039185,667.0,118.0,14.0,"0.237345,0.333103,0.24377",0.8142175447014705,0.23734517211893488,0.5087510203527583,0.5323451721189348,1.5165627168204054,0.8286903442378697,3.2444156378743796,wide_pair,118.0,-14.0,246.33333333333334,112.0,-15.0,250.0,-0.06,-0.01,-0.03666666666666657,-0.45,-0.65,27.0,13.0,1,False,False,False,True,component_sweep_w0.5,1.2523311526517453,missing_target0_target1
target2_close50_linear29p5|seed34|source_mismatch,target2_close50_linear29p5,34,source_mismatch,local2d_detector_baseline_target2_close50_linear29p5_seed34_source_mismatch_cpu,mean_top20_distinct20_baseline,230,"8,3,7","181,248,295","102,96,89",2,False,False,True,True,"1,2,3",2.3106638614135946,2.8806638614135944,0.7029100573339436,0.9879100573339437,2.7566638614135948,0.43705121762769317,500.00000000000006,114.0,20.0,"0.235081,0.315515,0.251097",0.8016924026712033,0.23508070269969167,0.5023115035900928,0.5200807026996916,1.482773105370895,0.8121614053993833,3.115744564113286,wide_pair,114.0,-20.0,241.33333333333334,112.0,-15.0,250.0,-0.02,-0.05,-0.08666666666666657,-0.3,-0.4,18.0,8.0,2,False,False,True,True,component_sweep_w0.5,1.0872021321747714,missing_target0
target2_close14|seed13|nominal,target2_close14,13,nominal,local2d_detector_baseline_target2_close14_seed13_nominal_cpu,mean_top20_moderate12_baseline,74,"14,6,1","186,249,265","77,93,85",2,False,False,True,True,"1,2,3",2.8632554118074767,3.2582554118074767,0.7308838044433662,0.9283838044433662,3.1557554118074767,0.47270184961069517,550.0,79.0,47.0,"0.225635,0.319251,0.366497",0.9113821965510092,0.22563480603849811,0.5294288715555011,0.4231348060384981,1.4295170025895072,0.6882696120769962,3.4838902178459747,right_close_pair,79.0,-47.0,233.33333333333334,74.0,-45.0,235.0,-0.05,-0.02,-0.016666666666666573,-0.35,-0.7,21.0,14.0,2,False,False,True,True,component_sweep_w0.75,1.5905824621779923,missing_target0
target2_close14|seed13|source_mismatch,target2_close14,13,source_mismatch,local2d_detector_baseline_target2_close14_seed13_source_mismatch_cpu,mean_top20_moderate12_baseline,177,"9,3,2","188,250,266","85,78,90",2,False,True,False,True,"1,2,3",2.6770437451642013,3.0670437451642014,0.7286023247660144,0.9236023247660143,2.966043745164201,0.48003695829688986,500.00000000000006,78.0,46.0,"0.237178,0.329088,0.326972",0.8932379516218885,0.2371779881276018,0.5349239720015646,0.4321779881276018,1.4194159397494903,0.7083559762552036,3.3042217332918034,right_close_pair,78.0,-46.0,234.66666666666666,74.0,-45.0,235.0,-0.04,-0.01,-0.003333333333333428,-0.23333333333333334,-0.45,14.0,9.0,2,False,True,False,True,component_sweep_w0.75,1.6189063014704783,missing_target1
target2_close14|seed21|nominal,target2_close14,21,nominal,local2d_detector_baseline_target2_close14_seed21_nominal_cpu,mean_top20_moderate12_baseline,59,"13,5,1","191,251,266","86,78,91",2,False,True,False,True,"1,2,3",2.8191976084551498,3.1941976084551498,0.7309313850055122,0.9184313850055122,3.0966976084551496,0.487780237660655,550.0,75.0,45.0,"0.231917,0.32277,0.373738",0.9284253257880678,0.23191724990224954,0.5413923584982722,0.41941724990224954,1.4378425756903175,0.6888344998044991,3.4261148583573995,right_close_pair,75.0,-45.0,236.0,74.0,-45.0,235.0,-0.01,-0.0,-0.01,-0.31666666666666665,-0.65,19.0,13.0,2,False,True,False,True,component_sweep_w0.75,1.6924382367725515,missing_target1
target2_close14|seed21|source_mismatch,target2_close14,21,source_mismatch,local2d_detector_baseline_target2_close14_seed21_source_mismatch_cpu,mean_top20_moderate12_baseline,5,"7,2,1","194,251,263","86,76,81",1,False,True,False,False,"1,2,3",2.859424977616671,3.2044249776166707,0.7669360419406708,0.9394360419406708,3.1129249776166708,0.4651270651484827,500.00000000000006,69.0,45.0,"0.237243,0.331463,0.359044",0.9277500427901954,0.23724334338096373,0.5464933576443621,0.40974334338096374,1.418493386171159,0.6814866867619275,3.441668320997634,right_close_pair,69.0,-45.0,236.0,74.0,-45.0,235.0,-0.05,-0.0,-0.01,-0.16666666666666666,-0.35,10.0,7.0,1,False,True,False,False,component_sweep_w0.75,1.6910370371612296,missing_target1_target2
target2_close14|seed34|nominal,target2_close14,34,nominal,local2d_detector_baseline_target2_close14_seed34_nominal_cpu,mean_top20_moderate12_baseline,87,"14,7,1","190,248,260","85,89,87",3,True,True,True,True,"1,2,3",2.8295362786595444,3.1795362786595445,0.7515480934802559,0.9265480934802559,3.0865362786595445,0.4595054873263418,550.0,70.0,46.0,"0.23468,0.315625,0.369995",0.920299877814464,0.2346795731842756,0.5414461991224303,0.4096795731842756,1.4119794509987398,0.6793591463685512,3.41421585184382,right_close_pair,70.0,-46.0,232.66666666666666,74.0,-45.0,235.0,-0.04,-0.01,-0.023333333333333428,-0.36666666666666664,-0.7,22.0,14.0,3,True,True,True,True,component_sweep_w0.75,1.6054944252844858,all_truth
target2_close14|seed34|source_mismatch,target2_close14,34,source_mismatch,local2d_detector_baseline_target2_close14_seed34_source_mismatch_cpu,mean_top20_moderate12_baseline,56,"10,5,1","188,247,261","83,85,83",3,True,True,True,True,"1,2,3",2.7480719149509296,3.11307191495093,0.7638384442755252,0.9463384442755252,3.0175719149509295,0.4832650428856328,500.00000000000006,73.0,45.0,"0.241816,0.314872,0.359934",0.9166223884988369,0.24181632622778124,0.5473571223940602,0.42431632622778126,1.4279387147266183,0.7026326524555624,3.354888241178711,right_close_pair,73.0,-45.0,232.0,74.0,-45.0,235.0,-0.01,-0.0,-0.03,-0.26666666666666666,-0.5,16.0,10.0,3,True,True,True,True,component_sweep_w0.75,1.6792650176140396,all_truth
target2_close50_linear29p5|seed13|nominal,target2_close50_linear29p5,13,nominal,local2d_detector_baseline_target2_close50_linear29p5_seed13_nominal_cpu,mean_top20_distinct20_baseline,173,"7,2,10","184,250,301","110,102,103",0,False,False,False,False,"1,2,3",2.4548562145627075,3.0398562145627075,0.6961858382628466,0.9886858382628466,2.9153562145627077,0.43962673057297463,500.00000000000006,117.0,15.0,"0.240955,0.333806,0.236775",0.8115360281965021,0.23677546046036657,0.5072874698592006,0.5292754604603666,1.5088114886568686,0.8287299996644817,3.276631675023074,wide_pair,117.0,-15.0,245.0,112.0,-15.0,250.0,-0.05,-0.0,-0.05,-0.31666666666666665,-0.5,19.0,10.0,0,False,False,False,False,component_sweep_w0.75,1.6952682848305998,missing_target0_target1_target2
target2_close50_linear29p5|seed13|source_mismatch,target2_close50_linear29p5,13,source_mismatch,local2d_detector_baseline_target2_close50_linear29p5_seed13_source_mismatch_cpu,mean_top20_distinct20_baseline,282,"9,3,11","187,253,305","102,100,90",1,False,False,False,True,"1,2,3",2.242854421891026,2.832854421891026,0.6936938854049418,0.9886938854049419,2.707854421891026,0.41105747713130125,500.00000000000006,118.0,14.0,"0.226578,0.295307,0.23408",0.7559651203472638,0.2265778991083783,0.4785662725574662,0.5215778991083783,1.4475430194556422,0.8071557982167565,3.059432320999404,wide_pair,118.0,-14.0,248.33333333333334,112.0,-15.0,250.0,-0.06,-0.01,-0.016666666666666573,-0.38333333333333336,-0.55,23.0,11.0,1,False,False,False,True,component_sweep_w0.75,1.5583770621249458,missing_target0_target1
target2_close50_linear29p5|seed21|nominal,target2_close50_linear29p5,21,nominal,local2d_detector_baseline_target2_close50_linear29p5_seed21_nominal_cpu,mean_top20_distinct20_baseline,526,"10,4,11","183,251,301","108,77,87",1,False,False,False,True,"1,2,3",2.421696803721443,3.011696803721443,0.7344468629912091,1.029446862991209,2.884696803721443,0.41390447814679465,667.0,118.0,18.0,"0.241883,0.334516,0.245358",0.821757195895255,0.24188327778609367,0.515802343084512,0.5368832777860937,1.5266404736813488,0.8377665555721874,3.2535800815075366,wide_pair,118.0,-18.0,245.0,112.0,-15.0,250.0,-0.06,-0.03,-0.05,-0.4166666666666667,-0.55,25.0,11.0,1,False,False,False,True,component_sweep_w0.75,1.5665297048958522,missing_target0_target1
target2_close50_linear29p5|seed21|source_mismatch,target2_close50_linear29p5,21,source_mismatch,local2d_detector_baseline_target2_close50_linear29p5_seed21_source_mismatch_cpu,mean_top20_distinct20_baseline,261,"12,2,9","188,253,303","97,93,91",3,True,True,True,True,"1,2,3",2.3010081345113997,2.8760081345114,0.6841977995095918,0.9716977995095918,2.7535081345114,0.4173076525534148,500.00000000000006,115.0,15.0,"0.23061,0.335462,0.234971",0.8010426820734851,0.2306095590085883,0.4976237863664167,0.5181095590085882,1.4841522410820733,0.8062191180171765,3.106617693519988,wide_pair,115.0,-15.0,248.0,112.0,-15.0,250.0,-0.03,-0.0,-0.02,-0.38333333333333336,-0.6,23.0,12.0,3,True,True,True,True,component_sweep_w0.75,1.6471043861822194,all_truth
target2_close50_linear29p5|seed34|nominal,target2_close50_linear29p5,34,nominal,local2d_detector_baseline_target2_close50_linear29p5_seed34_nominal_cpu,mean_top20_distinct20_baseline,528,"13,4,10","185,251,303","109,75,93",1,False,False,False,True,"1,2,3",2.4170704657554447,3.0070704657554446,0.706081938611334,1.0010819386113339,2.8820704657554446,0.40248489687039185,667.0,118.0,14.0,"0.237345,0.333103,0.24377",0.8142175447014705,0.23734517211893488,0.5087510203527583,0.5323451721189348,1.5165627168204054,0.8286903442378697,3.2444156378743796,wide_pair,118.0,-14.0,246.33333333333334,112.0,-15.0,250.0,-0.06,-0.01,-0.03666666666666657,-0.45,-0.65,27.0,13.0,1,False,False,False,True,component_sweep_w0.75,1.6314718318568469,missing_target0_target1
target2_close50_linear29p5|seed34|source_mismatch,target2_close50_linear29p5,34,source_mismatch,local2d_detector_baseline_target2_close50_linear29p5_seed34_source_mismatch_cpu,mean_top20_distinct20_baseline,230,"8,3,7","181,248,295","102,96,89",2,False,False,True,True,"1,2,3",2.3106638614135946,2.8806638614135944,0.7029100573339436,0.9879100573339437,2.7566638614135948,0.43705121762769317,500.00000000000006,114.0,20.0,"0.235081,0.315515,0.251097",0.8016924026712033,0.23508070269969167,0.5023115035900928,0.5200807026996916,1.482773105370895,0.8121614053993833,3.115744564113286,wide_pair,114.0,-20.0,241.33333333333334,112.0,-15.0,250.0,-0.02,-0.05,-0.08666666666666657,-0.3,-0.4,18.0,8.0,2,False,False,True,True,component_sweep_w0.75,1.457895408517495,missing_target0
target2_close14|seed13|nominal,target2_close14,13,nominal,local2d_detector_baseline_target2_close14_seed13_nominal_cpu,mean_top20_moderate12_baseline,74,"14,6,1","186,249,265","77,93,85",2,False,False,True,True,"1,2,3",2.8632554118074767,3.2582554118074767,0.7308838044433662,0.9283838044433662,3.1557554118074767,0.47270184961069517,550.0,79.0,47.0,"0.225635,0.319251,0.366497",0.9113821965510092,0.22563480603849811,0.5294288715555011,0.4231348060384981,1.4295170025895072,0.6882696120769962,3.4838902178459747,right_close_pair,79.0,-47.0,233.33333333333334,74.0,-45.0,235.0,-0.05,-0.02,-0.016666666666666573,-0.35,-0.7,21.0,14.0,2,False,False,True,True,component_sweep_w1,1.9479617128253692,missing_target0
target2_close14|seed13|source_mismatch,target2_close14,13,source_mismatch,local2d_detector_baseline_target2_close14_seed13_source_mismatch_cpu,mean_top20_moderate12_baseline,177,"9,3,2","188,250,266","85,78,90",2,False,True,False,True,"1,2,3",2.6770437451642013,3.0670437451642014,0.7286023247660144,0.9236023247660143,2.966043745164201,0.48003695829688986,500.00000000000006,78.0,46.0,"0.237178,0.329088,0.326972",0.8932379516218885,0.2371779881276018,0.5349239720015646,0.4321779881276018,1.4194159397494903,0.7083559762552036,3.3042217332918034,right_close_pair,78.0,-46.0,234.66666666666666,74.0,-45.0,235.0,-0.04,-0.01,-0.003333333333333428,-0.23333333333333334,-0.45,14.0,9.0,2,False,True,False,True,component_sweep_w1,1.9737602864078512,missing_target1
target2_close14|seed21|nominal,target2_close14,21,nominal,local2d_detector_baseline_target2_close14_seed21_nominal_cpu,mean_top20_moderate12_baseline,59,"13,5,1","191,251,266","86,78,91",2,False,True,False,True,"1,2,3",2.8191976084551498,3.1941976084551498,0.7309313850055122,0.9184313850055122,3.0966976084551496,0.487780237660655,550.0,75.0,45.0,"0.231917,0.32277,0.373738",0.9284253257880678,0.23191724990224954,0.5413923584982722,0.41941724990224954,1.4378425756903175,0.6888344998044991,3.4261148583573995,right_close_pair,75.0,-45.0,236.0,74.0,-45.0,235.0,-0.01,-0.0,-0.01,-0.31666666666666665,-0.65,19.0,13.0,2,False,True,False,True,component_sweep_w1,2.0518988806951306,missing_target1
target2_close14|seed21|source_mismatch,target2_close14,21,source_mismatch,local2d_detector_baseline_target2_close14_seed21_source_mismatch_cpu,mean_top20_moderate12_baseline,5,"7,2,1","194,251,263","86,76,81",1,False,True,False,False,"1,2,3",2.859424977616671,3.2044249776166707,0.7669360419406708,0.9394360419406708,3.1129249776166708,0.4651270651484827,500.00000000000006,69.0,45.0,"0.237243,0.331463,0.359044",0.9277500427901954,0.23724334338096373,0.5464933576443621,0.40974334338096374,1.418493386171159,0.6814866867619275,3.441668320997634,right_close_pair,69.0,-45.0,236.0,74.0,-45.0,235.0,-0.05,-0.0,-0.01,-0.16666666666666666,-0.35,10.0,7.0,1,False,True,False,False,component_sweep_w1,2.0456603837040195,missing_target1_target2
target2_close14|seed34|nominal,target2_close14,34,nominal,local2d_detector_baseline_target2_close14_seed34_nominal_cpu,mean_top20_moderate12_baseline,87,"14,7,1","190,248,260","85,89,87",3,True,True,True,True,"1,2,3",2.8295362786595444,3.1795362786595445,0.7515480934802559,0.9265480934802559,3.0865362786595445,0.4595054873263418,550.0,70.0,46.0,"0.23468,0.315625,0.369995",0.920299877814464,0.2346795731842756,0.5414461991224303,0.4096795731842756,1.4119794509987398,0.6793591463685512,3.41421585184382,right_close_pair,70.0,-46.0,232.66666666666666,74.0,-45.0,235.0,-0.04,-0.01,-0.023333333333333428,-0.36666666666666664,-0.7,22.0,14.0,3,True,True,True,True,component_sweep_w1,1.9584892880341707,all_truth
target2_close14|seed34|source_mismatch,target2_close14,34,source_mismatch,local2d_detector_baseline_target2_close14_seed34_source_mismatch_cpu,mean_top20_moderate12_baseline,56,"10,5,1","188,247,261","83,85,83",3,True,True,True,True,"1,2,3",2.7480719149509296,3.11307191495093,0.7638384442755252,0.9463384442755252,3.0175719149509295,0.4832650428856328,500.00000000000006,73.0,45.0,"0.241816,0.314872,0.359934",0.9166223884988369,0.24181632622778124,0.5473571223940602,0.42431632622778126,1.4279387147266183,0.7026326524555624,3.354888241178711,right_close_pair,73.0,-45.0,232.0,74.0,-45.0,235.0,-0.01,-0.0,-0.03,-0.26666666666666666,-0.5,16.0,10.0,3,True,True,True,True,component_sweep_w1,2.036249696295694,all_truth
target2_close50_linear29p5|seed13|nominal,target2_close50_linear29p5,13,nominal,local2d_detector_baseline_target2_close50_linear29p5_seed13_nominal_cpu,mean_top20_distinct20_baseline,173,"7,2,10","184,250,301","110,102,103",0,False,False,False,False,"1,2,3",2.4548562145627075,3.0398562145627075,0.6961858382628466,0.9886858382628466,2.9153562145627077,0.43962673057297463,500.00000000000006,117.0,15.0,"0.240955,0.333806,0.236775",0.8115360281965021,0.23677546046036657,0.5072874698592006,0.5292754604603666,1.5088114886568686,0.8287299996644817,3.276631675023074,wide_pair,117.0,-15.0,245.0,112.0,-15.0,250.0,-0.05,-0.0,-0.05,-0.31666666666666665,-0.5,19.0,10.0,0,False,False,False,False,component_sweep_w1,2.072471156994817,missing_target0_target1_target2
target2_close50_linear29p5|seed13|source_mismatch,target2_close50_linear29p5,13,source_mismatch,local2d_detector_baseline_target2_close50_linear29p5_seed13_source_mismatch_cpu,mean_top20_distinct20_baseline,282,"9,3,11","187,253,305","102,100,90",1,False,False,False,True,"1,2,3",2.242854421891026,2.832854421891026,0.6936938854049418,0.9886938854049419,2.707854421891026,0.41105747713130125,500.00000000000006,118.0,14.0,"0.226578,0.295307,0.23408",0.7559651203472638,0.2265778991083783,0.4785662725574662,0.5215778991083783,1.4475430194556422,0.8071557982167565,3.059432320999404,wide_pair,118.0,-14.0,248.33333333333334,112.0,-15.0,250.0,-0.06,-0.01,-0.016666666666666573,-0.38333333333333336,-0.55,23.0,11.0,1,False,False,False,True,component_sweep_w1,1.9202628169888567,missing_target0_target1
target2_close50_linear29p5|seed21|nominal,target2_close50_linear29p5,21,nominal,local2d_detector_baseline_target2_close50_linear29p5_seed21_nominal_cpu,mean_top20_distinct20_baseline,526,"10,4,11","183,251,301","108,77,87",1,False,False,False,True,"1,2,3",2.421696803721443,3.011696803721443,0.7344468629912091,1.029446862991209,2.884696803721443,0.41390447814679465,667.0,118.0,18.0,"0.241883,0.334516,0.245358",0.821757195895255,0.24188327778609367,0.515802343084512,0.5368832777860937,1.5266404736813488,0.8377665555721874,3.2535800815075366,wide_pair,118.0,-18.0,245.0,112.0,-15.0,250.0,-0.06,-0.03,-0.05,-0.4166666666666667,-0.55,25.0,11.0,1,False,False,False,True,component_sweep_w1,1.9481898233161896,missing_target0_target1
target2_close50_linear29p5|seed21|source_mismatch,target2_close50_linear29p5,21,source_mismatch,local2d_detector_baseline_target2_close50_linear29p5_seed21_source_mismatch_cpu,mean_top20_distinct20_baseline,261,"12,2,9","188,253,303","97,93,91",3,True,True,True,True,"1,2,3",2.3010081345113997,2.8760081345114,0.6841977995095918,0.9716977995095918,2.7535081345114,0.4173076525534148,500.00000000000006,115.0,15.0,"0.23061,0.335462,0.234971",0.8010426820734851,0.2306095590085883,0.4976237863664167,0.5181095590085882,1.4841522410820733,0.8062191180171765,3.106617693519988,wide_pair,115.0,-15.0,248.0,112.0,-15.0,250.0,-0.03,-0.0,-0.02,-0.38333333333333336,-0.6,23.0,12.0,3,True,True,True,True,component_sweep_w1,2.0181424464527375,all_truth
target2_close50_linear29p5|seed34|nominal,target2_close50_linear29p5,34,nominal,local2d_detector_baseline_target2_close50_linear29p5_seed34_nominal_cpu,mean_top20_distinct20_baseline,528,"13,4,10","185,251,303","109,75,93",1,False,False,False,True,"1,2,3",2.4170704657554447,3.0070704657554446,0.706081938611334,1.0010819386113339,2.8820704657554446,0.40248489687039185,667.0,118.0,14.0,"0.237345,0.333103,0.24377",0.8142175447014705,0.23734517211893488,0.5087510203527583,0.5323451721189348,1.5165627168204054,0.8286903442378697,3.2444156378743796,wide_pair,118.0,-14.0,246.33333333333334,112.0,-15.0,250.0,-0.06,-0.01,-0.03666666666666657,-0.45,-0.65,27.0,13.0,1,False,False,False,True,component_sweep_w1,2.010612511061948,missing_target0_target1
target2_close50_linear29p5|seed34|source_mismatch,target2_close50_linear29p5,34,source_mismatch,local2d_detector_baseline_target2_close50_linear29p5_seed34_source_mismatch_cpu,mean_top20_distinct20_baseline,230,"8,3,7","181,248,295","102,96,89",2,False,False,True,True,"1,2,3",2.3106638614135946,2.8806638614135944,0.7029100573339436,0.9879100573339437,2.7566638614135948,0.43705121762769317,500.00000000000006,114.0,20.0,"0.235081,0.315515,0.251097",0.8016924026712033,0.23508070269969167,0.5023115035900928,0.5200807026996916,1.482773105370895,0.8121614053993833,3.115744564113286,wide_pair,114.0,-20.0,241.33333333333334,112.0,-15.0,250.0,-0.02,-0.05,-0.08666666666666657,-0.3,-0.4,18.0,8.0,2,False,False,True,True,component_sweep_w1,1.8285886848602189,missing_target0
target2_close14|seed13|nominal,target2_close14,13,nominal,local2d_detector_baseline_target2_close14_seed13_nominal_cpu,mean_top20_moderate12_baseline,74,"14,6,1","186,249,265","77,93,85",2,False,False,True,True,"1,2,3",2.8632554118074767,3.2582554118074767,0.7308838044433662,0.9283838044433662,3.1557554118074767,0.47270184961069517,550.0,79.0,47.0,"0.225635,0.319251,0.366497",0.9113821965510092,0.22563480603849811,0.5294288715555011,0.4231348060384981,1.4295170025895072,0.6882696120769962,3.4838902178459747,right_close_pair,79.0,-47.0,233.33333333333334,74.0,-45.0,235.0,-0.05,-0.02,-0.016666666666666573,-0.35,-0.7,21.0,14.0,2,False,False,True,True,component_sweep_w1.5,2.6627202141201223,missing_target0
target2_close14|seed13|source_mismatch,target2_close14,13,source_mismatch,local2d_detector_baseline_target2_close14_seed13_source_mismatch_cpu,mean_top20_moderate12_baseline,177,"9,3,2","188,250,266","85,78,90",2,False,True,False,True,"1,2,3",2.6770437451642013,3.0670437451642014,0.7286023247660144,0.9236023247660143,2.966043745164201,0.48003695829688986,500.00000000000006,78.0,46.0,"0.237178,0.329088,0.326972",0.8932379516218885,0.2371779881276018,0.5349239720015646,0.4321779881276018,1.4194159397494903,0.7083559762552036,3.3042217332918034,right_close_pair,78.0,-46.0,234.66666666666666,74.0,-45.0,235.0,-0.04,-0.01,-0.003333333333333428,-0.23333333333333334,-0.45,14.0,9.0,2,False,True,False,True,component_sweep_w1.5,2.683468256282596,missing_target1
target2_close14|seed21|nominal,target2_close14,21,nominal,local2d_detector_baseline_target2_close14_seed21_nominal_cpu,mean_top20_moderate12_baseline,59,"13,5,1","191,251,266","86,78,91",2,False,True,False,True,"1,2,3",2.8191976084551498,3.1941976084551498,0.7309313850055122,0.9184313850055122,3.0966976084551496,0.487780237660655,550.0,75.0,45.0,"0.231917,0.32277,0.373738",0.9284253257880678,0.23191724990224954,0.5413923584982722,0.41941724990224954,1.4378425756903175,0.6888344998044991,3.4261148583573995,right_close_pair,75.0,-45.0,236.0,74.0,-45.0,235.0,-0.01,-0.0,-0.01,-0.31666666666666665,-0.65,19.0,13.0,2,False,True,False,True,component_sweep_w1.5,2.77082016854029,missing_target1
target2_close14|seed21|source_mismatch,target2_close14,21,source_mismatch,local2d_detector_baseline_target2_close14_seed21_source_mismatch_cpu,mean_top20_moderate12_baseline,5,"7,2,1","194,251,263","86,76,81",1,False,True,False,False,"1,2,3",2.859424977616671,3.2044249776166707,0.7669360419406708,0.9394360419406708,3.1129249776166708,0.4651270651484827,500.00000000000006,69.0,45.0,"0.237243,0.331463,0.359044",0.9277500427901954,0.23724334338096373,0.5464933576443621,0.40974334338096374,1.418493386171159,0.6814866867619275,3.441668320997634,right_close_pair,69.0,-45.0,236.0,74.0,-45.0,235.0,-0.05,-0.0,-0.01,-0.16666666666666666,-0.35,10.0,7.0,1,False,True,False,False,component_sweep_w1.5,2.7549070767895993,missing_target1_target2
target2_close14|seed34|nominal,target2_close14,34,nominal,local2d_detector_baseline_target2_close14_seed34_nominal_cpu,mean_top20_moderate12_baseline,207,"8,2,5","224,272,274","75,92,82",1,False,False,False,True,"1,3,2",2.9904226177374684,3.2404226177374684,0.9121663560926759,1.0371663560926758,3.1674226177374685,0.48629536161425074,500.00000000000006,50.0,46.0,"0.311992,0.359385,0.335534",1.006911290732479,0.3119922470369897,0.647629343947816,0.4369922470369897,1.4959035377694687,0.7739844940739794,3.552414864774458,right_close_pair,50.0,-46.0,256.6666666666667,74.0,-45.0,235.0,-0.24,-0.01,-0.21666666666666687,-0.25,-0.4,15.0,8.0,1,False,False,False,True,component_sweep_w1.5,2.7060049462757614,missing_target0_target1
target2_close14|seed34|source_mismatch,target2_close14,34,source_mismatch,local2d_detector_baseline_target2_close14_seed34_source_mismatch_cpu,mean_top20_moderate12_baseline,56,"10,5,1","188,247,261","83,85,83",3,True,True,True,True,"1,2,3",2.7480719149509296,3.11307191495093,0.7638384442755252,0.9463384442755252,3.0175719149509295,0.4832650428856328,500.00000000000006,73.0,45.0,"0.241816,0.314872,0.359934",0.9166223884988369,0.24181632622778124,0.5473571223940602,0.42431632622778126,1.4279387147266183,0.7026326524555624,3.354888241178711,right_close_pair,73.0,-45.0,232.0,74.0,-45.0,235.0,-0.01,-0.0,-0.03,-0.26666666666666666,-0.5,16.0,10.0,3,True,True,True,True,component_sweep_w1.5,2.750219053659003,all_truth
target2_close50_linear29p5|seed13|nominal,target2_close50_linear29p5,13,nominal,local2d_detector_baseline_target2_close50_linear29p5_seed13_nominal_cpu,mean_top20_distinct20_baseline,173,"7,2,10","184,250,301","110,102,103",0,False,False,False,False,"1,2,3",2.4548562145627075,3.0398562145627075,0.6961858382628466,0.9886858382628466,2.9153562145627077,0.43962673057297463,500.00000000000006,117.0,15.0,"0.240955,0.333806,0.236775",0.8115360281965021,0.23677546046036657,0.5072874698592006,0.5292754604603666,1.5088114886568686,0.8287299996644817,3.276631675023074,wide_pair,117.0,-15.0,245.0,112.0,-15.0,250.0,-0.05,-0.0,-0.05,-0.31666666666666665,-0.5,19.0,10.0,0,False,False,False,False,component_sweep_w1.5,2.8268769013232515,missing_target0_target1_target2
target2_close50_linear29p5|seed13|source_mismatch,target2_close50_linear29p5,13,source_mismatch,local2d_detector_baseline_target2_close50_linear29p5_seed13_source_mismatch_cpu,mean_top20_distinct20_baseline,282,"9,3,11","187,253,305","102,100,90",1,False,False,False,True,"1,2,3",2.242854421891026,2.832854421891026,0.6936938854049418,0.9886938854049419,2.707854421891026,0.41105747713130125,500.00000000000006,118.0,14.0,"0.226578,0.295307,0.23408",0.7559651203472638,0.2265778991083783,0.4785662725574662,0.5215778991083783,1.4475430194556422,0.8071557982167565,3.059432320999404,wide_pair,118.0,-14.0,248.33333333333334,112.0,-15.0,250.0,-0.06,-0.01,-0.016666666666666573,-0.38333333333333336,-0.55,23.0,11.0,1,False,False,False,True,component_sweep_w1.5,2.6440343267166777,missing_target0_target1
target2_close50_linear29p5|seed21|nominal,target2_close50_linear29p5,21,nominal,local2d_detector_baseline_target2_close50_linear29p5_seed21_nominal_cpu,mean_top20_distinct20_baseline,526,"10,4,11","183,251,301","108,77,87",1,False,False,False,True,"1,2,3",2.421696803721443,3.011696803721443,0.7344468629912091,1.029446862991209,2.884696803721443,0.41390447814679465,667.0,118.0,18.0,"0.241883,0.334516,0.245358",0.821757195895255,0.24188327778609367,0.515802343084512,0.5368832777860937,1.5266404736813488,0.8377665555721874,3.2535800815075366,wide_pair,118.0,-18.0,245.0,112.0,-15.0,250.0,-0.06,-0.03,-0.05,-0.4166666666666667,-0.55,25.0,11.0,1,False,False,False,True,component_sweep_w1.5,2.7115100601568645,missing_target0_target1
target2_close50_linear29p5|seed21|source_mismatch,target2_close50_linear29p5,21,source_mismatch,local2d_detector_baseline_target2_close50_linear29p5_seed21_source_mismatch_cpu,mean_top20_distinct20_baseline,261,"12,2,9","188,253,303","97,93,91",3,True,True,True,True,"1,2,3",2.3010081345113997,2.8760081345114,0.6841977995095918,0.9716977995095918,2.7535081345114,0.4173076525534148,500.00000000000006,115.0,15.0,"0.23061,0.335462,0.234971",0.8010426820734851,0.2306095590085883,0.4976237863664167,0.5181095590085882,1.4841522410820733,0.8062191180171765,3.106617693519988,wide_pair,115.0,-15.0,248.0,112.0,-15.0,250.0,-0.03,-0.0,-0.02,-0.38333333333333336,-0.6,23.0,12.0,3,True,True,True,True,component_sweep_w1.5,2.760218566993774,all_truth
target2_close50_linear29p5|seed34|nominal,target2_close50_linear29p5,34,nominal,local2d_detector_baseline_target2_close50_linear29p5_seed34_nominal_cpu,mean_top20_distinct20_baseline,528,"13,4,10","185,251,303","109,75,93",1,False,False,False,True,"1,2,3",2.4170704657554447,3.0070704657554446,0.706081938611334,1.0010819386113339,2.8820704657554446,0.40248489687039185,667.0,118.0,14.0,"0.237345,0.333103,0.24377",0.8142175447014705,0.23734517211893488,0.5087510203527583,0.5323451721189348,1.5165627168204054,0.8286903442378697,3.2444156378743796,wide_pair,118.0,-14.0,246.33333333333334,112.0,-15.0,250.0,-0.06,-0.01,-0.03666666666666657,-0.45,-0.65,27.0,13.0,1,False,False,False,True,component_sweep_w1.5,2.768893869472151,missing_target0_target1
target2_close50_linear29p5|seed34|source_mismatch,target2_close50_linear29p5,34,source_mismatch,local2d_detector_baseline_target2_close50_linear29p5_seed34_source_mismatch_cpu,mean_top20_distinct20_baseline,230,"8,3,7","181,248,295","102,96,89",2,False,False,True,True,"1,2,3",2.3106638614135946,2.8806638614135944,0.7029100573339436,0.9879100573339437,2.7566638614135948,0.43705121762769317,500.00000000000006,114.0,20.0,"0.235081,0.315515,0.251097",0.8016924026712033,0.23508070269969167,0.5023115035900928,0.5200807026996916,1.482773105370895,0.8121614053993833,3.115744564113286,wide_pair,114.0,-20.0,241.33333333333334,112.0,-15.0,250.0,-0.02,-0.05,-0.08666666666666657,-0.3,-0.4,18.0,8.0,2,False,False,True,True,component_sweep_w1.5,2.569975237545667,missing_target0
target2_close14|seed13|nominal,target2_close14,13,nominal,local2d_detector_baseline_target2_close14_seed13_nominal_cpu,mean_top20_moderate12_baseline,74,"14,6,1","186,249,265","77,93,85",2,False,False,True,True,"1,2,3",2.8632554118074767,3.2582554118074767,0.7308838044433662,0.9283838044433662,3.1557554118074767,0.47270184961069517,550.0,79.0,47.0,"0.225635,0.319251,0.366497",0.9113821965510092,0.22563480603849811,0.5294288715555011,0.4231348060384981,1.4295170025895072,0.6882696120769962,3.4838902178459747,right_close_pair,79.0,-47.0,233.33333333333334,74.0,-45.0,235.0,-0.05,-0.02,-0.016666666666666573,-0.35,-0.7,21.0,14.0,2,False,False,True,True,component_sweep_w2,3.3774787154148758,missing_target0
target2_close14|seed13|source_mismatch,target2_close14,13,source_mismatch,local2d_detector_baseline_target2_close14_seed13_source_mismatch_cpu,mean_top20_moderate12_baseline,177,"9,3,2","188,250,266","85,78,90",2,False,True,False,True,"1,2,3",2.6770437451642013,3.0670437451642014,0.7286023247660144,0.9236023247660143,2.966043745164201,0.48003695829688986,500.00000000000006,78.0,46.0,"0.237178,0.329088,0.326972",0.8932379516218885,0.2371779881276018,0.5349239720015646,0.4321779881276018,1.4194159397494903,0.7083559762552036,3.3042217332918034,right_close_pair,78.0,-46.0,234.66666666666666,74.0,-45.0,235.0,-0.04,-0.01,-0.003333333333333428,-0.23333333333333334,-0.45,14.0,9.0,2,False,True,False,True,component_sweep_w2,3.3931762261573413,missing_target1
target2_close14|seed21|nominal,target2_close14,21,nominal,local2d_detector_baseline_target2_close14_seed21_nominal_cpu,mean_top20_moderate12_baseline,59,"13,5,1","191,251,266","86,78,91",2,False,True,False,True,"1,2,3",2.8191976084551498,3.1941976084551498,0.7309313850055122,0.9184313850055122,3.0966976084551496,0.487780237660655,550.0,75.0,45.0,"0.231917,0.32277,0.373738",0.9284253257880678,0.23191724990224954,0.5413923584982722,0.41941724990224954,1.4378425756903175,0.6888344998044991,3.4261148583573995,right_close_pair,75.0,-45.0,236.0,74.0,-45.0,235.0,-0.01,-0.0,-0.01,-0.31666666666666665,-0.65,19.0,13.0,2,False,True,False,True,component_sweep_w2,3.489741456385448,missing_target1
target2_close14|seed21|source_mismatch,target2_close14,21,source_mismatch,local2d_detector_baseline_target2_close14_seed21_source_mismatch_cpu,mean_top20_moderate12_baseline,5,"7,2,1","194,251,263","86,76,81",1,False,True,False,False,"1,2,3",2.859424977616671,3.2044249776166707,0.7669360419406708,0.9394360419406708,3.1129249776166708,0.4651270651484827,500.00000000000006,69.0,45.0,"0.237243,0.331463,0.359044",0.9277500427901954,0.23724334338096373,0.5464933576443621,0.40974334338096374,1.418493386171159,0.6814866867619275,3.441668320997634,right_close_pair,69.0,-45.0,236.0,74.0,-45.0,235.0,-0.05,-0.0,-0.01,-0.16666666666666666,-0.35,10.0,7.0,1,False,True,False,False,component_sweep_w2,3.4641537698751788,missing_target1_target2
target2_close14|seed34|nominal,target2_close14,34,nominal,local2d_detector_baseline_target2_close14_seed34_nominal_cpu,mean_top20_moderate12_baseline,207,"8,2,5","224,272,274","75,92,82",1,False,False,False,True,"1,3,2",2.9904226177374684,3.2404226177374684,0.9121663560926759,1.0371663560926758,3.1674226177374685,0.48629536161425074,500.00000000000006,50.0,46.0,"0.311992,0.359385,0.335534",1.006911290732479,0.3119922470369897,0.647629343947816,0.4369922470369897,1.4959035377694687,0.7739844940739794,3.552414864774458,right_close_pair,50.0,-46.0,256.6666666666667,74.0,-45.0,235.0,-0.24,-0.01,-0.21666666666666687,-0.25,-0.4,15.0,8.0,1,False,False,False,True,component_sweep_w2,3.4539567151604955,missing_target0_target1
target2_close14|seed34|source_mismatch,target2_close14,34,source_mismatch,local2d_detector_baseline_target2_close14_seed34_source_mismatch_cpu,mean_top20_moderate12_baseline,56,"10,5,1","188,247,261","83,85,83",3,True,True,True,True,"1,2,3",2.7480719149509296,3.11307191495093,0.7638384442755252,0.9463384442755252,3.0175719149509295,0.4832650428856328,500.00000000000006,73.0,45.0,"0.241816,0.314872,0.359934",0.9166223884988369,0.24181632622778124,0.5473571223940602,0.42431632622778126,1.4279387147266183,0.7026326524555624,3.354888241178711,right_close_pair,73.0,-45.0,232.0,74.0,-45.0,235.0,-0.01,-0.0,-0.03,-0.26666666666666666,-0.5,16.0,10.0,3,True,True,True,True,component_sweep_w2,3.4641884110223122,all_truth
target2_close50_linear29p5|seed13|nominal,target2_close50_linear29p5,13,nominal,local2d_detector_baseline_target2_close50_linear29p5_seed13_nominal_cpu,mean_top20_distinct20_baseline,173,"7,2,10","184,250,301","110,102,103",0,False,False,False,False,"1,2,3",2.4548562145627075,3.0398562145627075,0.6961858382628466,0.9886858382628466,2.9153562145627077,0.43962673057297463,500.00000000000006,117.0,15.0,"0.240955,0.333806,0.236775",0.8115360281965021,0.23677546046036657,0.5072874698592006,0.5292754604603666,1.5088114886568686,0.8287299996644817,3.276631675023074,wide_pair,117.0,-15.0,245.0,112.0,-15.0,250.0,-0.05,-0.0,-0.05,-0.31666666666666665,-0.5,19.0,10.0,0,False,False,False,False,component_sweep_w2,3.5812826456516857,missing_target0_target1_target2
target2_close50_linear29p5|seed13|source_mismatch,target2_close50_linear29p5,13,source_mismatch,local2d_detector_baseline_target2_close50_linear29p5_seed13_source_mismatch_cpu,mean_top20_distinct20_baseline,282,"9,3,11","187,253,305","102,100,90",1,False,False,False,True,"1,2,3",2.242854421891026,2.832854421891026,0.6936938854049418,0.9886938854049419,2.707854421891026,0.41105747713130125,500.00000000000006,118.0,14.0,"0.226578,0.295307,0.23408",0.7559651203472638,0.2265778991083783,0.4785662725574662,0.5215778991083783,1.4475430194556422,0.8071557982167565,3.059432320999404,wide_pair,118.0,-14.0,248.33333333333334,112.0,-15.0,250.0,-0.06,-0.01,-0.016666666666666573,-0.38333333333333336,-0.55,23.0,11.0,1,False,False,False,True,component_sweep_w2,3.3678058364444987,missing_target0_target1
target2_close50_linear29p5|seed21|nominal,target2_close50_linear29p5,21,nominal,local2d_detector_baseline_target2_close50_linear29p5_seed21_nominal_cpu,mean_top20_distinct20_baseline,526,"10,4,11","183,251,301","108,77,87",1,False,False,False,True,"1,2,3",2.421696803721443,3.011696803721443,0.7344468629912091,1.029446862991209,2.884696803721443,0.41390447814679465,667.0,118.0,18.0,"0.241883,0.334516,0.245358",0.821757195895255,0.24188327778609367,0.515802343084512,0.5368832777860937,1.5266404736813488,0.8377665555721874,3.2535800815075366,wide_pair,118.0,-18.0,245.0,112.0,-15.0,250.0,-0.06,-0.03,-0.05,-0.4166666666666667,-0.55,25.0,11.0,1,False,False,False,True,component_sweep_w2,3.474830296997539,missing_target0_target1
target2_close50_linear29p5|seed21|source_mismatch,target2_close50_linear29p5,21,source_mismatch,local2d_detector_baseline_target2_close50_linear29p5_seed21_source_mismatch_cpu,mean_top20_distinct20_baseline,261,"12,2,9","188,253,303","97,93,91",3,True,True,True,True,"1,2,3",2.3010081345113997,2.8760081345114,0.6841977995095918,0.9716977995095918,2.7535081345114,0.4173076525534148,500.00000000000006,115.0,15.0,"0.23061,0.335462,0.234971",0.8010426820734851,0.2306095590085883,0.4976237863664167,0.5181095590085882,1.4841522410820733,0.8062191180171765,3.106617693519988,wide_pair,115.0,-15.0,248.0,112.0,-15.0,250.0,-0.03,-0.0,-0.02,-0.38333333333333336,-0.6,23.0,12.0,3,True,True,True,True,component_sweep_w2,3.502294687534811,all_truth
target2_close50_linear29p5|seed34|nominal,target2_close50_linear29p5,34,nominal,local2d_detector_baseline_target2_close50_linear29p5_seed34_nominal_cpu,mean_top20_distinct20_baseline,528,"13,4,10","185,251,303","109,75,93",1,False,False,False,True,"1,2,3",2.4170704657554447,3.0070704657554446,0.706081938611334,1.0010819386113339,2.8820704657554446,0.40248489687039185,667.0,118.0,14.0,"0.237345,0.333103,0.24377",0.8142175447014705,0.23734517211893488,0.5087510203527583,0.5323451721189348,1.5165627168204054,0.8286903442378697,3.2444156378743796,wide_pair,118.0,-14.0,246.33333333333334,112.0,-15.0,250.0,-0.06,-0.01,-0.03666666666666657,-0.45,-0.65,27.0,13.0,1,False,False,False,True,component_sweep_w2,3.5271752278823536,missing_target0_target1
target2_close50_linear29p5|seed34|source_mismatch,target2_close50_linear29p5,34,source_mismatch,local2d_detector_baseline_target2_close50_linear29p5_seed34_source_mismatch_cpu,mean_top20_distinct20_baseline,230,"8,3,7","181,248,295","102,96,89",2,False,False,True,True,"1,2,3",2.3106638614135946,2.8806638614135944,0.7029100573339436,0.9879100573339437,2.7566638614135948,0.43705121762769317,500.00000000000006,114.0,20.0,"0.235081,0.315515,0.251097",0.8016924026712033,0.23508070269969167,0.5023115035900928,0.5200807026996916,1.482773105370895,0.8121614053993833,3.115744564113286,wide_pair,114.0,-20.0,241.33333333333334,112.0,-15.0,250.0,-0.02,-0.05,-0.08666666666666657,-0.3,-0.4,18.0,8.0,2,False,False,True,True,component_sweep_w2,3.311361790231114,missing_target0
target2_close14|seed13|nominal,target2_close14,13,nominal,local2d_detector_baseline_target2_close14_seed13_nominal_cpu,mean_top20_moderate12_baseline,74,"14,6,1","186,249,265","77,93,85",2,False,False,True,True,"1,2,3",2.8632554118074767,3.2582554118074767,0.7308838044433662,0.9283838044433662,3.1557554118074767,0.47270184961069517,550.0,79.0,47.0,"0.225635,0.319251,0.366497",0.9113821965510092,0.22563480603849811,0.5294288715555011,0.4231348060384981,1.4295170025895072,0.6882696120769962,3.4838902178459747,right_close_pair,79.0,-47.0,233.33333333333334,74.0,-45.0,235.0,-0.05,-0.02,-0.016666666666666573,-0.35,-0.7,21.0,14.0,2,False,False,True,True,hybrid_sweep_w0,0.5364251679614203,missing_target0
target2_close14|seed13|source_mismatch,target2_close14,13,source_mismatch,local2d_detector_baseline_target2_close14_seed13_source_mismatch_cpu,mean_top20_moderate12_baseline,177,"9,3,2","188,250,266","85,78,90",2,False,True,False,True,"1,2,3",2.6770437451642013,3.0670437451642014,0.7286023247660144,0.9236023247660143,2.966043745164201,0.48003695829688986,500.00000000000006,78.0,46.0,"0.237178,0.329088,0.326972",0.8932379516218885,0.2371779881276018,0.5349239720015646,0.4321779881276018,1.4194159397494903,0.7083559762552036,3.3042217332918034,right_close_pair,78.0,-46.0,234.66666666666666,74.0,-45.0,235.0,-0.04,-0.01,-0.003333333333333428,-0.23333333333333334,-0.45,14.0,9.0,2,False,True,False,True,hybrid_sweep_w0,0.6032079698747451,missing_target1
target2_close14|seed21|nominal,target2_close14,21,nominal,local2d_detector_baseline_target2_close14_seed21_nominal_cpu,mean_top20_moderate12_baseline,59,"13,5,1","191,251,266","86,78,91",2,False,True,False,True,"1,2,3",2.8191976084551498,3.1941976084551498,0.7309313850055122,0.9184313850055122,3.0966976084551496,0.487780237660655,550.0,75.0,45.0,"0.231917,0.32277,0.373738",0.9284253257880678,0.23191724990224954,0.5413923584982722,0.41941724990224954,1.4378425756903175,0.6888344998044991,3.4261148583573995,right_close_pair,75.0,-45.0,236.0,74.0,-45.0,235.0,-0.01,-0.0,-0.01,-0.31666666666666665,-0.65,19.0,13.0,2,False,True,False,True,hybrid_sweep_w0,0.6477546211784921,missing_target1
target2_close14|seed21|source_mismatch,target2_close14,21,source_mismatch,local2d_detector_baseline_target2_close14_seed21_source_mismatch_cpu,mean_top20_moderate12_baseline,5,"7,2,1","194,251,263","86,76,81",1,False,True,False,False,"1,2,3",2.859424977616671,3.2044249776166707,0.7669360419406708,0.9394360419406708,3.1129249776166708,0.4651270651484827,500.00000000000006,69.0,45.0,"0.237243,0.331463,0.359044",0.9277500427901954,0.23724334338096373,0.5464933576443621,0.40974334338096374,1.418493386171159,0.6814866867619275,3.441668320997634,right_close_pair,69.0,-45.0,236.0,74.0,-45.0,235.0,-0.05,-0.0,-0.01,-0.16666666666666666,-0.35,10.0,7.0,1,False,True,False,False,hybrid_sweep_w0,0.6480800264189128,missing_target1_target2
target2_close14|seed34|nominal,target2_close14,34,nominal,local2d_detector_baseline_target2_close14_seed34_nominal_cpu,mean_top20_moderate12_baseline,377,"15,7,3","188,248,262","95,89,78",2,False,True,True,False,"1,2,3",2.7329905483632455,3.1029905483632456,0.7360909802742309,0.9210909802742309,3.0059905483632456,0.49064245719426425,550.0,74.0,46.0,"0.232795,0.315625,0.350788",0.8992077258636119,0.23279498848352223,0.5325308971047262,0.41779498848352226,1.4050027143471342,0.6875899769670445,3.335785536846768,right_close_pair,74.0,-46.0,232.66666666666666,74.0,-45.0,235.0,-0.0,-0.01,-0.023333333333333428,-0.4166666666666667,-0.75,25.0,15.0,2,False,True,True,False,hybrid_sweep_w0,0.5786680238402337,missing_target2
target2_close14|seed34|source_mismatch,target2_close14,34,source_mismatch,local2d_detector_baseline_target2_close14_seed34_source_mismatch_cpu,mean_top20_moderate12_baseline,56,"10,5,1","188,247,261","83,85,83",3,True,True,True,True,"1,2,3",2.7480719149509296,3.11307191495093,0.7638384442755252,0.9463384442755252,3.0175719149509295,0.4832650428856328,500.00000000000006,73.0,45.0,"0.241816,0.314872,0.359934",0.9166223884988369,0.24181632622778124,0.5473571223940602,0.42431632622778126,1.4279387147266183,0.7026326524555624,3.354888241178711,right_close_pair,73.0,-45.0,232.0,74.0,-45.0,235.0,-0.01,-0.0,-0.03,-0.26666666666666666,-0.5,16.0,10.0,3,True,True,True,True,hybrid_sweep_w0,0.6513026906966425,all_truth
target2_close50_linear29p5|seed13|nominal,target2_close50_linear29p5,13,nominal,local2d_detector_baseline_target2_close50_linear29p5_seed13_nominal_cpu,mean_top20_distinct20_baseline,173,"7,2,10","184,250,301","110,102,103",0,False,False,False,False,"1,2,3",2.4548562145627075,3.0398562145627075,0.6961858382628466,0.9886858382628466,2.9153562145627077,0.43962673057297463,500.00000000000006,117.0,15.0,"0.240955,0.333806,0.236775",0.8115360281965021,0.23677546046036657,0.5072874698592006,0.5292754604603666,1.5088114886568686,0.8287299996644817,3.276631675023074,wide_pair,117.0,-15.0,245.0,112.0,-15.0,250.0,-0.05,-0.0,-0.05,-0.31666666666666665,-0.5,19.0,10.0,0,False,False,False,False,hybrid_sweep_w0,0.6627390776617677,missing_target0_target1_target2
target2_close50_linear29p5|seed13|source_mismatch,target2_close50_linear29p5,13,source_mismatch,local2d_detector_baseline_target2_close50_linear29p5_seed13_source_mismatch_cpu,mean_top20_distinct20_baseline,282,"9,3,11","187,253,305","102,100,90",1,False,False,False,True,"1,2,3",2.242854421891026,2.832854421891026,0.6936938854049418,0.9886938854049419,2.707854421891026,0.41105747713130125,500.00000000000006,118.0,14.0,"0.226578,0.295307,0.23408",0.7559651203472638,0.2265778991083783,0.4785662725574662,0.5215778991083783,1.4475430194556422,0.8071557982167565,3.059432320999404,wide_pair,118.0,-14.0,248.33333333333334,112.0,-15.0,250.0,-0.06,-0.01,-0.016666666666666573,-0.38333333333333336,-0.55,23.0,11.0,1,False,False,False,True,hybrid_sweep_w0,0.5846048430611545,missing_target0_target1
target2_close50_linear29p5|seed21|nominal,target2_close50_linear29p5,21,nominal,local2d_detector_baseline_target2_close50_linear29p5_seed21_nominal_cpu,mean_top20_distinct20_baseline,163,"18,1,16","188,253,303","97,101,109",1,False,True,False,False,"1,2,3",2.286085691775241,2.8610856917752407,0.6002755981958179,0.8877755981958179,2.738585691775241,0.4058625593623866,500.00000000000006,115.0,15.0,"0.19441,0.340286,0.215799",0.7504958325289971,0.19441038715420442,0.4445756646638701,0.4819103871542044,1.3974062196832016,0.7338207743084089,3.055496078929445,wide_pair,115.0,-15.0,248.0,112.0,-15.0,250.0,-0.03,-0.0,-0.02,-0.5833333333333334,-0.9,35.0,18.0,1,False,True,False,False,hybrid_sweep_w0,0.5763697765082674,missing_target1_target2
target2_close50_linear29p5|seed21|source_mismatch,target2_close50_linear29p5,21,source_mismatch,local2d_detector_baseline_target2_close50_linear29p5_seed21_source_mismatch_cpu,mean_top20_distinct20_baseline,261,"12,2,9","188,253,303","97,93,91",3,True,True,True,True,"1,2,3",2.3010081345113997,2.8760081345114,0.6841977995095918,0.9716977995095918,2.7535081345114,0.4173076525534148,500.00000000000006,115.0,15.0,"0.23061,0.335462,0.234971",0.8010426820734851,0.2306095590085883,0.4976237863664167,0.5181095590085882,1.4841522410820733,0.8062191180171765,3.106617693519988,wide_pair,115.0,-15.0,248.0,112.0,-15.0,250.0,-0.03,-0.0,-0.02,-0.38333333333333336,-0.6,23.0,12.0,3,True,True,True,True,hybrid_sweep_w0,0.6547427872077033,all_truth
target2_close50_linear29p5|seed34|nominal,target2_close50_linear29p5,34,nominal,local2d_detector_baseline_target2_close50_linear29p5_seed34_nominal_cpu,mean_top20_distinct20_baseline,528,"13,4,10","185,251,303","109,75,93",1,False,False,False,True,"1,2,3",2.4170704657554447,3.0070704657554446,0.706081938611334,1.0010819386113339,2.8820704657554446,0.40248489687039185,667.0,118.0,14.0,"0.237345,0.333103,0.24377",0.8142175447014705,0.23734517211893488,0.5087510203527583,0.5323451721189348,1.5165627168204054,0.8286903442378697,3.2444156378743796,wide_pair,118.0,-14.0,246.33333333333334,112.0,-15.0,250.0,-0.06,-0.01,-0.03666666666666657,-0.45,-0.65,27.0,13.0,1,False,False,False,True,hybrid_sweep_w0,0.6034480250768693,missing_target0_target1
target2_close50_linear29p5|seed34|source_mismatch,target2_close50_linear29p5,34,source_mismatch,local2d_detector_baseline_target2_close50_linear29p5_seed34_source_mismatch_cpu,mean_top20_distinct20_baseline,267,"15,3,12","185,248,296","78,96,100",1,False,False,True,False,"1,2,3",2.0201763684333556,2.5751763684333557,0.4844722490891909,0.7619722490891909,2.4566763684333557,0.4007304428599269,500.00000000000006,111.0,15.0,"0.15583,0.315515,0.224024",0.695368356477953,0.15582962110857443,0.38761907326789213,0.4333296211085744,1.2876979775865276,0.6446592422171489,2.7310059895419303,wide_pair,111.0,-15.0,243.0,112.0,-15.0,250.0,-0.01,-0.0,-0.07,-0.5,-0.75,30.0,15.0,1,False,False,True,False,hybrid_sweep_w0,0.5373489887932638,missing_target0_target2
target2_close14|seed13|nominal,target2_close14,13,nominal,local2d_detector_baseline_target2_close14_seed13_nominal_cpu,mean_top20_moderate12_baseline,74,"14,6,1","186,249,265","77,93,85",2,False,False,True,True,"1,2,3",2.8632554118074767,3.2582554118074767,0.7308838044433662,0.9283838044433662,3.1557554118074767,0.47270184961069517,550.0,79.0,47.0,"0.225635,0.319251,0.366497",0.9113821965510092,0.22563480603849811,0.5294288715555011,0.4231348060384981,1.4295170025895072,0.6882696120769962,3.4838902178459747,right_close_pair,79.0,-47.0,233.33333333333334,74.0,-45.0,235.0,-0.05,-0.02,-0.016666666666666573,-0.35,-0.7,21.0,14.0,2,False,False,True,True,hybrid_sweep_w0.1,0.884814189746018,missing_target0
target2_close14|seed13|source_mismatch,target2_close14,13,source_mismatch,local2d_detector_baseline_target2_close14_seed13_source_mismatch_cpu,mean_top20_moderate12_baseline,177,"9,3,2","188,250,266","85,78,90",2,False,True,False,True,"1,2,3",2.6770437451642013,3.0670437451642014,0.7286023247660144,0.9236023247660143,2.966043745164201,0.48003695829688986,500.00000000000006,78.0,46.0,"0.237178,0.329088,0.326972",0.8932379516218885,0.2371779881276018,0.5349239720015646,0.4321779881276018,1.4194159397494903,0.7083559762552036,3.3042217332918034,right_close_pair,78.0,-46.0,234.66666666666666,74.0,-45.0,235.0,-0.04,-0.01,-0.003333333333333428,-0.23333333333333334,-0.45,14.0,9.0,2,False,True,False,True,hybrid_sweep_w0.1,0.9336301432039256,missing_target1
target2_close14|seed21|nominal,target2_close14,21,nominal,local2d_detector_baseline_target2_close14_seed21_nominal_cpu,mean_top20_moderate12_baseline,59,"13,5,1","191,251,266","86,78,91",2,False,True,False,True,"1,2,3",2.8191976084551498,3.1941976084551498,0.7309313850055122,0.9184313850055122,3.0966976084551496,0.487780237660655,550.0,75.0,45.0,"0.231917,0.32277,0.373738",0.9284253257880678,0.23191724990224954,0.5413923584982722,0.41941724990224954,1.4378425756903175,0.6888344998044991,3.4261148583573995,right_close_pair,75.0,-45.0,236.0,74.0,-45.0,235.0,-0.01,-0.0,-0.01,-0.31666666666666665,-0.65,19.0,13.0,2,False,True,False,True,hybrid_sweep_w0.1,0.990366107014232,missing_target1
target2_close14|seed21|source_mismatch,target2_close14,21,source_mismatch,local2d_detector_baseline_target2_close14_seed21_source_mismatch_cpu,mean_top20_moderate12_baseline,5,"7,2,1","194,251,263","86,76,81",1,False,True,False,False,"1,2,3",2.859424977616671,3.2044249776166707,0.7669360419406708,0.9394360419406708,3.1129249776166708,0.4651270651484827,500.00000000000006,69.0,45.0,"0.237243,0.331463,0.359044",0.9277500427901954,0.23724334338096373,0.5464933576443621,0.40974334338096374,1.418493386171159,0.6814866867619275,3.441668320997634,right_close_pair,69.0,-45.0,236.0,74.0,-45.0,235.0,-0.05,-0.0,-0.01,-0.16666666666666666,-0.35,10.0,7.0,1,False,True,False,False,hybrid_sweep_w0.1,0.9922468585186764,missing_target1_target2
target2_close14|seed34|nominal,target2_close14,34,nominal,local2d_detector_baseline_target2_close14_seed34_nominal_cpu,mean_top20_moderate12_baseline,377,"15,7,3","188,248,262","95,89,78",2,False,True,True,False,"1,2,3",2.7329905483632455,3.1029905483632456,0.7360909802742309,0.9210909802742309,3.0059905483632456,0.49064245719426425,550.0,74.0,46.0,"0.232795,0.315625,0.350788",0.8992077258636119,0.23279498848352223,0.5325308971047262,0.41779498848352226,1.4050027143471342,0.6875899769670445,3.335785536846768,right_close_pair,74.0,-46.0,232.66666666666666,74.0,-45.0,235.0,-0.0,-0.01,-0.023333333333333428,-0.4166666666666667,-0.75,25.0,15.0,2,False,True,True,False,hybrid_sweep_w0.1,0.9122465775249106,missing_target2
target2_close14|seed34|source_mismatch,target2_close14,34,source_mismatch,local2d_detector_baseline_target2_close14_seed34_source_mismatch_cpu,mean_top20_moderate12_baseline,56,"10,5,1","188,247,261","83,85,83",3,True,True,True,True,"1,2,3",2.7480719149509296,3.11307191495093,0.7638384442755252,0.9463384442755252,3.0175719149509295,0.4832650428856328,500.00000000000006,73.0,45.0,"0.241816,0.314872,0.359934",0.9166223884988369,0.24181632622778124,0.5473571223940602,0.42431632622778126,1.4279387147266183,0.7026326524555624,3.354888241178711,right_close_pair,73.0,-45.0,232.0,74.0,-45.0,235.0,-0.01,-0.0,-0.03,-0.26666666666666666,-0.5,16.0,10.0,3,True,True,True,True,hybrid_sweep_w0.1,0.9867915148145138,all_truth
target2_close50_linear29p5|seed13|nominal,target2_close50_linear29p5,13,nominal,local2d_detector_baseline_target2_close50_linear29p5_seed13_nominal_cpu,mean_top20_distinct20_baseline,173,"7,2,10","184,250,301","110,102,103",0,False,False,False,False,"1,2,3",2.4548562145627075,3.0398562145627075,0.6961858382628466,0.9886858382628466,2.9153562145627077,0.43962673057297463,500.00000000000006,117.0,15.0,"0.240955,0.333806,0.236775",0.8115360281965021,0.23677546046036657,0.5072874698592006,0.5292754604603666,1.5088114886568686,0.8287299996644817,3.276631675023074,wide_pair,117.0,-15.0,245.0,112.0,-15.0,250.0,-0.05,-0.0,-0.05,-0.31666666666666665,-0.5,19.0,10.0,0,False,False,False,False,hybrid_sweep_w0.1,0.9904022451640749,missing_target0_target1_target2
target2_close50_linear29p5|seed13|source_mismatch,target2_close50_linear29p5,13,source_mismatch,local2d_detector_baseline_target2_close50_linear29p5_seed13_source_mismatch_cpu,mean_top20_distinct20_baseline,282,"9,3,11","187,253,305","102,100,90",1,False,False,False,True,"1,2,3",2.242854421891026,2.832854421891026,0.6936938854049418,0.9886938854049419,2.707854421891026,0.41105747713130125,500.00000000000006,118.0,14.0,"0.226578,0.295307,0.23408",0.7559651203472638,0.2265778991083783,0.4785662725574662,0.5215778991083783,1.4475430194556422,0.8071557982167565,3.059432320999404,wide_pair,118.0,-14.0,248.33333333333334,112.0,-15.0,250.0,-0.06,-0.01,-0.016666666666666573,-0.38333333333333336,-0.55,23.0,11.0,1,False,False,False,True,hybrid_sweep_w0.1,0.890548075161095,missing_target0_target1
target2_close50_linear29p5|seed21|nominal,target2_close50_linear29p5,21,nominal,local2d_detector_baseline_target2_close50_linear29p5_seed21_nominal_cpu,mean_top20_distinct20_baseline,163,"18,1,16","188,253,303","97,101,109",1,False,True,False,False,"1,2,3",2.286085691775241,2.8610856917752407,0.6002755981958179,0.8877755981958179,2.738585691775241,0.4058625593623866,500.00000000000006,115.0,15.0,"0.19441,0.340286,0.215799",0.7504958325289971,0.19441038715420442,0.4445756646638701,0.4819103871542044,1.3974062196832016,0.7338207743084089,3.055496078929445,wide_pair,115.0,-15.0,248.0,112.0,-15.0,250.0,-0.03,-0.0,-0.02,-0.5833333333333334,-0.9,35.0,18.0,1,False,True,False,False,hybrid_sweep_w0.1,0.8819193844012119,missing_target1_target2
target2_close50_linear29p5|seed21|source_mismatch,target2_close50_linear29p5,21,source_mismatch,local2d_detector_baseline_target2_close50_linear29p5_seed21_source_mismatch_cpu,mean_top20_distinct20_baseline,261,"12,2,9","188,253,303","97,93,91",3,True,True,True,True,"1,2,3",2.3010081345113997,2.8760081345114,0.6841977995095918,0.9716977995095918,2.7535081345114,0.4173076525534148,500.00000000000006,115.0,15.0,"0.23061,0.335462,0.234971",0.8010426820734851,0.2306095590085883,0.4976237863664167,0.5181095590085882,1.4841522410820733,0.8062191180171765,3.106617693519988,wide_pair,115.0,-15.0,248.0,112.0,-15.0,250.0,-0.03,-0.0,-0.02,-0.38333333333333336,-0.6,23.0,12.0,3,True,True,True,True,hybrid_sweep_w0.1,0.9654045565597023,all_truth
target2_close50_linear29p5|seed34|nominal,target2_close50_linear29p5,34,nominal,local2d_detector_baseline_target2_close50_linear29p5_seed34_nominal_cpu,mean_top20_distinct20_baseline,528,"13,4,10","185,251,303","109,75,93",1,False,False,False,True,"1,2,3",2.4170704657554447,3.0070704657554446,0.706081938611334,1.0010819386113339,2.8820704657554446,0.40248489687039185,667.0,118.0,14.0,"0.237345,0.333103,0.24377",0.8142175447014705,0.23734517211893488,0.5087510203527583,0.5323451721189348,1.5165627168204054,0.8286903442378697,3.2444156378743796,wide_pair,118.0,-14.0,246.33333333333334,112.0,-15.0,250.0,-0.06,-0.01,-0.03666666666666657,-0.45,-0.65,27.0,13.0,1,False,False,False,True,hybrid_sweep_w0.1,0.9278895888643072,missing_target0_target1
target2_close50_linear29p5|seed34|source_mismatch,target2_close50_linear29p5,34,source_mismatch,local2d_detector_baseline_target2_close50_linear29p5_seed34_source_mismatch_cpu,mean_top20_distinct20_baseline,267,"15,3,12","185,248,296","78,96,100",1,False,False,True,False,"1,2,3",2.0201763684333556,2.5751763684333557,0.4844722490891909,0.7619722490891909,2.4566763684333557,0.4007304428599269,500.00000000000006,111.0,15.0,"0.15583,0.315515,0.224024",0.695368356477953,0.15582962110857443,0.38761907326789213,0.4333296211085744,1.2876979775865276,0.6446592422171489,2.7310059895419303,wide_pair,111.0,-15.0,243.0,112.0,-15.0,250.0,-0.01,-0.0,-0.07,-0.5,-0.75,30.0,15.0,1,False,False,True,False,hybrid_sweep_w0.1,0.8104495877474568,missing_target0_target2
target2_close14|seed13|nominal,target2_close14,13,nominal,local2d_detector_baseline_target2_close14_seed13_nominal_cpu,mean_top20_moderate12_baseline,74,"14,6,1","186,249,265","77,93,85",2,False,False,True,True,"1,2,3",2.8632554118074767,3.2582554118074767,0.7308838044433662,0.9283838044433662,3.1557554118074767,0.47270184961069517,550.0,79.0,47.0,"0.225635,0.319251,0.366497",0.9113821965510092,0.22563480603849811,0.5294288715555011,0.4231348060384981,1.4295170025895072,0.6882696120769962,3.4838902178459747,right_close_pair,79.0,-47.0,233.33333333333334,74.0,-45.0,235.0,-0.05,-0.02,-0.016666666666666573,-0.35,-0.7,21.0,14.0,2,False,False,True,True,hybrid_sweep_w0.2,1.2332032115306153,missing_target0
target2_close14|seed13|source_mismatch,target2_close14,13,source_mismatch,local2d_detector_baseline_target2_close14_seed13_source_mismatch_cpu,mean_top20_moderate12_baseline,177,"9,3,2","188,250,266","85,78,90",2,False,True,False,True,"1,2,3",2.6770437451642013,3.0670437451642014,0.7286023247660144,0.9236023247660143,2.966043745164201,0.48003695829688986,500.00000000000006,78.0,46.0,"0.237178,0.329088,0.326972",0.8932379516218885,0.2371779881276018,0.5349239720015646,0.4321779881276018,1.4194159397494903,0.7083559762552036,3.3042217332918034,right_close_pair,78.0,-46.0,234.66666666666666,74.0,-45.0,235.0,-0.04,-0.01,-0.003333333333333428,-0.23333333333333334,-0.45,14.0,9.0,2,False,True,False,True,hybrid_sweep_w0.2,1.264052316533106,missing_target1
target2_close14|seed21|nominal,target2_close14,21,nominal,local2d_detector_baseline_target2_close14_seed21_nominal_cpu,mean_top20_moderate12_baseline,59,"13,5,1","191,251,266","86,78,91",2,False,True,False,True,"1,2,3",2.8191976084551498,3.1941976084551498,0.7309313850055122,0.9184313850055122,3.0966976084551496,0.487780237660655,550.0,75.0,45.0,"0.231917,0.32277,0.373738",0.9284253257880678,0.23191724990224954,0.5413923584982722,0.41941724990224954,1.4378425756903175,0.6888344998044991,3.4261148583573995,right_close_pair,75.0,-45.0,236.0,74.0,-45.0,235.0,-0.01,-0.0,-0.01,-0.31666666666666665,-0.65,19.0,13.0,2,False,True,False,True,hybrid_sweep_w0.2,1.332977592849972,missing_target1
target2_close14|seed21|source_mismatch,target2_close14,21,source_mismatch,local2d_detector_baseline_target2_close14_seed21_source_mismatch_cpu,mean_top20_moderate12_baseline,5,"7,2,1","194,251,263","86,76,81",1,False,True,False,False,"1,2,3",2.859424977616671,3.2044249776166707,0.7669360419406708,0.9394360419406708,3.1129249776166708,0.4651270651484827,500.00000000000006,69.0,45.0,"0.237243,0.331463,0.359044",0.9277500427901954,0.23724334338096373,0.5464933576443621,0.40974334338096374,1.418493386171159,0.6814866867619275,3.441668320997634,right_close_pair,69.0,-45.0,236.0,74.0,-45.0,235.0,-0.05,-0.0,-0.01,-0.16666666666666666,-0.35,10.0,7.0,1,False,True,False,False,hybrid_sweep_w0.2,1.3364136906184398,missing_target1_target2
target2_close14|seed34|nominal,target2_close14,34,nominal,local2d_detector_baseline_target2_close14_seed34_nominal_cpu,mean_top20_moderate12_baseline,87,"14,7,1","190,248,260","85,89,87",3,True,True,True,True,"1,2,3",2.8295362786595444,3.1795362786595445,0.7515480934802559,0.9265480934802559,3.0865362786595445,0.4595054873263418,550.0,70.0,46.0,"0.23468,0.315625,0.369995",0.920299877814464,0.2346795731842756,0.5414461991224303,0.4096795731842756,1.4119794509987398,0.6793591463685512,3.41421585184382,right_close_pair,70.0,-46.0,232.66666666666666,74.0,-45.0,235.0,-0.04,-0.01,-0.023333333333333428,-0.36666666666666664,-0.7,22.0,14.0,3,True,True,True,True,hybrid_sweep_w0.2,1.2524995625348008,all_truth
target2_close14|seed34|source_mismatch,target2_close14,34,source_mismatch,local2d_detector_baseline_target2_close14_seed34_source_mismatch_cpu,mean_top20_moderate12_baseline,56,"10,5,1","188,247,261","83,85,83",3,True,True,True,True,"1,2,3",2.7480719149509296,3.11307191495093,0.7638384442755252,0.9463384442755252,3.0175719149509295,0.4832650428856328,500.00000000000006,73.0,45.0,"0.241816,0.314872,0.359934",0.9166223884988369,0.24181632622778124,0.5473571223940602,0.42431632622778126,1.4279387147266183,0.7026326524555624,3.354888241178711,right_close_pair,73.0,-45.0,232.0,74.0,-45.0,235.0,-0.01,-0.0,-0.03,-0.26666666666666666,-0.5,16.0,10.0,3,True,True,True,True,hybrid_sweep_w0.2,1.322280338932385,all_truth
target2_close50_linear29p5|seed13|nominal,target2_close50_linear29p5,13,nominal,local2d_detector_baseline_target2_close50_linear29p5_seed13_nominal_cpu,mean_top20_distinct20_baseline,173,"7,2,10","184,250,301","110,102,103",0,False,False,False,False,"1,2,3",2.4548562145627075,3.0398562145627075,0.6961858382628466,0.9886858382628466,2.9153562145627077,0.43962673057297463,500.00000000000006,117.0,15.0,"0.240955,0.333806,0.236775",0.8115360281965021,0.23677546046036657,0.5072874698592006,0.5292754604603666,1.5088114886568686,0.8287299996644817,3.276631675023074,wide_pair,117.0,-15.0,245.0,112.0,-15.0,250.0,-0.05,-0.0,-0.05,-0.31666666666666665,-0.5,19.0,10.0,0,False,False,False,False,hybrid_sweep_w0.2,1.3180654126663824,missing_target0_target1_target2
target2_close50_linear29p5|seed13|source_mismatch,target2_close50_linear29p5,13,source_mismatch,local2d_detector_baseline_target2_close50_linear29p5_seed13_source_mismatch_cpu,mean_top20_distinct20_baseline,282,"9,3,11","187,253,305","102,100,90",1,False,False,False,True,"1,2,3",2.242854421891026,2.832854421891026,0.6936938854049418,0.9886938854049419,2.707854421891026,0.41105747713130125,500.00000000000006,118.0,14.0,"0.226578,0.295307,0.23408",0.7559651203472638,0.2265778991083783,0.4785662725574662,0.5215778991083783,1.4475430194556422,0.8071557982167565,3.059432320999404,wide_pair,118.0,-14.0,248.33333333333334,112.0,-15.0,250.0,-0.06,-0.01,-0.016666666666666573,-0.38333333333333336,-0.55,23.0,11.0,1,False,False,False,True,hybrid_sweep_w0.2,1.196491307261035,missing_target0_target1
target2_close50_linear29p5|seed21|nominal,target2_close50_linear29p5,21,nominal,local2d_detector_baseline_target2_close50_linear29p5_seed21_nominal_cpu,mean_top20_distinct20_baseline,163,"18,1,16","188,253,303","97,101,109",1,False,True,False,False,"1,2,3",2.286085691775241,2.8610856917752407,0.6002755981958179,0.8877755981958179,2.738585691775241,0.4058625593623866,500.00000000000006,115.0,15.0,"0.19441,0.340286,0.215799",0.7504958325289971,0.19441038715420442,0.4445756646638701,0.4819103871542044,1.3974062196832016,0.7338207743084089,3.055496078929445,wide_pair,115.0,-15.0,248.0,112.0,-15.0,250.0,-0.03,-0.0,-0.02,-0.5833333333333334,-0.9,35.0,18.0,1,False,True,False,False,hybrid_sweep_w0.2,1.1874689922941566,missing_target1_target2
target2_close50_linear29p5|seed21|source_mismatch,target2_close50_linear29p5,21,source_mismatch,local2d_detector_baseline_target2_close50_linear29p5_seed21_source_mismatch_cpu,mean_top20_distinct20_baseline,261,"12,2,9","188,253,303","97,93,91",3,True,True,True,True,"1,2,3",2.3010081345113997,2.8760081345114,0.6841977995095918,0.9716977995095918,2.7535081345114,0.4173076525534148,500.00000000000006,115.0,15.0,"0.23061,0.335462,0.234971",0.8010426820734851,0.2306095590085883,0.4976237863664167,0.5181095590085882,1.4841522410820733,0.8062191180171765,3.106617693519988,wide_pair,115.0,-15.0,248.0,112.0,-15.0,250.0,-0.03,-0.0,-0.02,-0.38333333333333336,-0.6,23.0,12.0,3,True,True,True,True,hybrid_sweep_w0.2,1.276066325911701,all_truth
target2_close50_linear29p5|seed34|nominal,target2_close50_linear29p5,34,nominal,local2d_detector_baseline_target2_close50_linear29p5_seed34_nominal_cpu,mean_top20_distinct20_baseline,528,"13,4,10","185,251,303","109,75,93",1,False,False,False,True,"1,2,3",2.4170704657554447,3.0070704657554446,0.706081938611334,1.0010819386113339,2.8820704657554446,0.40248489687039185,667.0,118.0,14.0,"0.237345,0.333103,0.24377",0.8142175447014705,0.23734517211893488,0.5087510203527583,0.5323451721189348,1.5165627168204054,0.8286903442378697,3.2444156378743796,wide_pair,118.0,-14.0,246.33333333333334,112.0,-15.0,250.0,-0.06,-0.01,-0.03666666666666657,-0.45,-0.65,27.0,13.0,1,False,False,False,True,hybrid_sweep_w0.2,1.2523311526517453,missing_target0_target1
target2_close50_linear29p5|seed34|source_mismatch,target2_close50_linear29p5,34,source_mismatch,local2d_detector_baseline_target2_close50_linear29p5_seed34_source_mismatch_cpu,mean_top20_distinct20_baseline,230,"8,3,7","181,248,295","102,96,89",2,False,False,True,True,"1,2,3",2.3106638614135946,2.8806638614135944,0.7029100573339436,0.9879100573339437,2.7566638614135948,0.43705121762769317,500.00000000000006,114.0,20.0,"0.235081,0.315515,0.251097",0.8016924026712033,0.23508070269969167,0.5023115035900928,0.5200807026996916,1.482773105370895,0.8121614053993833,3.115744564113286,wide_pair,114.0,-20.0,241.33333333333334,112.0,-15.0,250.0,-0.02,-0.05,-0.08666666666666657,-0.3,-0.4,18.0,8.0,2,False,False,True,True,hybrid_sweep_w0.2,1.0872021321747714,missing_target0
target2_close14|seed13|nominal,target2_close14,13,nominal,local2d_detector_baseline_target2_close14_seed13_nominal_cpu,mean_top20_moderate12_baseline,74,"14,6,1","186,249,265","77,93,85",2,False,False,True,True,"1,2,3",2.8632554118074767,3.2582554118074767,0.7308838044433662,0.9283838044433662,3.1557554118074767,0.47270184961069517,550.0,79.0,47.0,"0.225635,0.319251,0.366497",0.9113821965510092,0.22563480603849811,0.5294288715555011,0.4231348060384981,1.4295170025895072,0.6882696120769962,3.4838902178459747,right_close_pair,79.0,-47.0,233.33333333333334,74.0,-45.0,235.0,-0.05,-0.02,-0.016666666666666573,-0.35,-0.7,21.0,14.0,2,False,False,True,True,hybrid_sweep_w0.4,1.9299812550998103,missing_target0
target2_close14|seed13|source_mismatch,target2_close14,13,source_mismatch,local2d_detector_baseline_target2_close14_seed13_source_mismatch_cpu,mean_top20_moderate12_baseline,177,"9,3,2","188,250,266","85,78,90",2,False,True,False,True,"1,2,3",2.6770437451642013,3.0670437451642014,0.7286023247660144,0.9236023247660143,2.966043745164201,0.48003695829688986,500.00000000000006,78.0,46.0,"0.237178,0.329088,0.326972",0.8932379516218885,0.2371779881276018,0.5349239720015646,0.4321779881276018,1.4194159397494903,0.7083559762552036,3.3042217332918034,right_close_pair,78.0,-46.0,234.66666666666666,74.0,-45.0,235.0,-0.04,-0.01,-0.003333333333333428,-0.23333333333333334,-0.45,14.0,9.0,2,False,True,False,True,hybrid_sweep_w0.4,1.9248966631914666,missing_target1
target2_close14|seed21|nominal,target2_close14,21,nominal,local2d_detector_baseline_target2_close14_seed21_nominal_cpu,mean_top20_moderate12_baseline,59,"13,5,1","191,251,266","86,78,91",2,False,True,False,True,"1,2,3",2.8191976084551498,3.1941976084551498,0.7309313850055122,0.9184313850055122,3.0966976084551496,0.487780237660655,550.0,75.0,45.0,"0.231917,0.32277,0.373738",0.9284253257880678,0.23191724990224954,0.5413923584982722,0.41941724990224954,1.4378425756903175,0.6888344998044991,3.4261148583573995,right_close_pair,75.0,-45.0,236.0,74.0,-45.0,235.0,-0.01,-0.0,-0.01,-0.31666666666666665,-0.65,19.0,13.0,2,False,True,False,True,hybrid_sweep_w0.4,2.018200564521452,missing_target1
target2_close14|seed21|source_mismatch,target2_close14,21,source_mismatch,local2d_detector_baseline_target2_close14_seed21_source_mismatch_cpu,mean_top20_moderate12_baseline,5,"7,2,1","194,251,263","86,76,81",1,False,True,False,False,"1,2,3",2.859424977616671,3.2044249776166707,0.7669360419406708,0.9394360419406708,3.1129249776166708,0.4651270651484827,500.00000000000006,69.0,45.0,"0.237243,0.331463,0.359044",0.9277500427901954,0.23724334338096373,0.5464933576443621,0.40974334338096374,1.418493386171159,0.6814866867619275,3.441668320997634,right_close_pair,69.0,-45.0,236.0,74.0,-45.0,235.0,-0.05,-0.0,-0.01,-0.16666666666666666,-0.35,10.0,7.0,1,False,True,False,False,hybrid_sweep_w0.4,2.024747354817967,missing_target1_target2
target2_close14|seed34|nominal,target2_close14,34,nominal,local2d_detector_baseline_target2_close14_seed34_nominal_cpu,mean_top20_moderate12_baseline,87,"14,7,1","190,248,260","85,89,87",3,True,True,True,True,"1,2,3",2.8295362786595444,3.1795362786595445,0.7515480934802559,0.9265480934802559,3.0865362786595445,0.4595054873263418,550.0,70.0,46.0,"0.23468,0.315625,0.369995",0.920299877814464,0.2346795731842756,0.5414461991224303,0.4096795731842756,1.4119794509987398,0.6793591463685512,3.41421585184382,right_close_pair,70.0,-46.0,232.66666666666666,74.0,-45.0,235.0,-0.04,-0.01,-0.023333333333333428,-0.36666666666666664,-0.7,22.0,14.0,3,True,True,True,True,hybrid_sweep_w0.4,1.9353427329035646,all_truth
target2_close14|seed34|source_mismatch,target2_close14,34,source_mismatch,local2d_detector_baseline_target2_close14_seed34_source_mismatch_cpu,mean_top20_moderate12_baseline,56,"10,5,1","188,247,261","83,85,83",3,True,True,True,True,"1,2,3",2.7480719149509296,3.11307191495093,0.7638384442755252,0.9463384442755252,3.0175719149509295,0.4832650428856328,500.00000000000006,73.0,45.0,"0.241816,0.314872,0.359934",0.9166223884988369,0.24181632622778124,0.5473571223940602,0.42431632622778126,1.4279387147266183,0.7026326524555624,3.354888241178711,right_close_pair,73.0,-45.0,232.0,74.0,-45.0,235.0,-0.01,-0.0,-0.03,-0.26666666666666666,-0.5,16.0,10.0,3,True,True,True,True,hybrid_sweep_w0.4,1.993257987168127,all_truth
target2_close50_linear29p5|seed13|nominal,target2_close50_linear29p5,13,nominal,local2d_detector_baseline_target2_close50_linear29p5_seed13_nominal_cpu,mean_top20_distinct20_baseline,173,"7,2,10","184,250,301","110,102,103",0,False,False,False,False,"1,2,3",2.4548562145627075,3.0398562145627075,0.6961858382628466,0.9886858382628466,2.9153562145627077,0.43962673057297463,500.00000000000006,117.0,15.0,"0.240955,0.333806,0.236775",0.8115360281965021,0.23677546046036657,0.5072874698592006,0.5292754604603666,1.5088114886568686,0.8287299996644817,3.276631675023074,wide_pair,117.0,-15.0,245.0,112.0,-15.0,250.0,-0.05,-0.0,-0.05,-0.31666666666666665,-0.5,19.0,10.0,0,False,False,False,False,hybrid_sweep_w0.4,1.9733917476709975,missing_target0_target1_target2
target2_close50_linear29p5|seed13|source_mismatch,target2_close50_linear29p5,13,source_mismatch,local2d_detector_baseline_target2_close50_linear29p5_seed13_source_mismatch_cpu,mean_top20_distinct20_baseline,282,"9,3,11","187,253,305","102,100,90",1,False,False,False,True,"1,2,3",2.242854421891026,2.832854421891026,0.6936938854049418,0.9886938854049419,2.707854421891026,0.41105747713130125,500.00000000000006,118.0,14.0,"0.226578,0.295307,0.23408",0.7559651203472638,0.2265778991083783,0.4785662725574662,0.5215778991083783,1.4475430194556422,0.8071557982167565,3.059432320999404,wide_pair,118.0,-14.0,248.33333333333334,112.0,-15.0,250.0,-0.06,-0.01,-0.016666666666666573,-0.38333333333333336,-0.55,23.0,11.0,1,False,False,False,True,hybrid_sweep_w0.4,1.808377771460916,missing_target0_target1
target2_close50_linear29p5|seed21|nominal,target2_close50_linear29p5,21,nominal,local2d_detector_baseline_target2_close50_linear29p5_seed21_nominal_cpu,mean_top20_distinct20_baseline,526,"10,4,11","183,251,301","108,77,87",1,False,False,False,True,"1,2,3",2.421696803721443,3.011696803721443,0.7344468629912091,1.029446862991209,2.884696803721443,0.41390447814679465,667.0,118.0,18.0,"0.241883,0.334516,0.245358",0.821757195895255,0.24188327778609367,0.515802343084512,0.5368832777860937,1.5266404736813488,0.8377665555721874,3.2535800815075366,wide_pair,118.0,-18.0,245.0,112.0,-15.0,250.0,-0.06,-0.03,-0.05,-0.4166666666666667,-0.55,25.0,11.0,1,False,False,False,True,hybrid_sweep_w0.4,1.8355856027770223,missing_target0_target1
target2_close50_linear29p5|seed21|source_mismatch,target2_close50_linear29p5,21,source_mismatch,local2d_detector_baseline_target2_close50_linear29p5_seed21_source_mismatch_cpu,mean_top20_distinct20_baseline,261,"12,2,9","188,253,303","97,93,91",3,True,True,True,True,"1,2,3",2.3010081345113997,2.8760081345114,0.6841977995095918,0.9716977995095918,2.7535081345114,0.4173076525534148,500.00000000000006,115.0,15.0,"0.23061,0.335462,0.234971",0.8010426820734851,0.2306095590085883,0.4976237863664167,0.5181095590085882,1.4841522410820733,0.8062191180171765,3.106617693519988,wide_pair,115.0,-15.0,248.0,112.0,-15.0,250.0,-0.03,-0.0,-0.02,-0.38333333333333336,-0.6,23.0,12.0,3,True,True,True,True,hybrid_sweep_w0.4,1.8973898646156988,all_truth
target2_close50_linear29p5|seed34|nominal,target2_close50_linear29p5,34,nominal,local2d_detector_baseline_target2_close50_linear29p5_seed34_nominal_cpu,mean_top20_distinct20_baseline,528,"13,4,10","185,251,303","109,75,93",1,False,False,False,True,"1,2,3",2.4170704657554447,3.0070704657554446,0.706081938611334,1.0010819386113339,2.8820704657554446,0.40248489687039185,667.0,118.0,14.0,"0.237345,0.333103,0.24377",0.8142175447014705,0.23734517211893488,0.5087510203527583,0.5323451721189348,1.5165627168204054,0.8286903442378697,3.2444156378743796,wide_pair,118.0,-14.0,246.33333333333334,112.0,-15.0,250.0,-0.06,-0.01,-0.03666666666666657,-0.45,-0.65,27.0,13.0,1,False,False,False,True,hybrid_sweep_w0.4,1.9012142802266216,missing_target0_target1
target2_close50_linear29p5|seed34|source_mismatch,target2_close50_linear29p5,34,source_mismatch,local2d_detector_baseline_target2_close50_linear29p5_seed34_source_mismatch_cpu,mean_top20_distinct20_baseline,230,"8,3,7","181,248,295","102,96,89",2,False,False,True,True,"1,2,3",2.3106638614135946,2.8806638614135944,0.7029100573339436,0.9879100573339437,2.7566638614135948,0.43705121762769317,500.00000000000006,114.0,20.0,"0.235081,0.315515,0.251097",0.8016924026712033,0.23508070269969167,0.5023115035900928,0.5200807026996916,1.482773105370895,0.8121614053993833,3.115744564113286,wide_pair,114.0,-20.0,241.33333333333334,112.0,-15.0,250.0,-0.02,-0.05,-0.08666666666666657,-0.3,-0.4,18.0,8.0,2,False,False,True,True,hybrid_sweep_w0.4,1.7103510449974286,missing_target0
target2_close14|seed13|nominal,target2_close14,13,nominal,local2d_detector_baseline_target2_close14_seed13_nominal_cpu,mean_top20_moderate12_baseline,74,"14,6,1","186,249,265","77,93,85",2,False,False,True,True,"1,2,3",2.8632554118074767,3.2582554118074767,0.7308838044433662,0.9283838044433662,3.1557554118074767,0.47270184961069517,550.0,79.0,47.0,"0.225635,0.319251,0.366497",0.9113821965510092,0.22563480603849811,0.5294288715555011,0.4231348060384981,1.4295170025895072,0.6882696120769962,3.4838902178459747,right_close_pair,79.0,-47.0,233.33333333333334,74.0,-45.0,235.0,-0.05,-0.02,-0.016666666666666573,-0.35,-0.7,21.0,14.0,2,False,False,True,True,hybrid_sweep_w0.8,3.3235373422382,missing_target0
target2_close14|seed13|source_mismatch,target2_close14,13,source_mismatch,local2d_detector_baseline_target2_close14_seed13_source_mismatch_cpu,mean_top20_moderate12_baseline,24,"9,3,1","188,250,264","85,78,81",1,False,True,False,False,"1,2,3",2.763213882781314,3.143213882781314,0.7286023247660144,0.9186023247660144,3.0432138827813144,0.46952811380190645,500.00000000000006,76.0,48.0,"0.237178,0.329088,0.359241",0.9255065378012227,0.2371779881276018,0.5456801673946761,0.42717798812760177,1.4426845259288246,0.7023559762552036,3.380391870908916,right_close_pair,76.0,-48.0,234.0,74.0,-45.0,235.0,-0.02,-0.03,-0.01,-0.21666666666666667,-0.45,13.0,9.0,1,False,True,False,False,hybrid_sweep_w0.8,3.2494890930248794,missing_target1_target2
target2_close14|seed21|nominal,target2_close14,21,nominal,local2d_detector_baseline_target2_close14_seed21_nominal_cpu,mean_top20_moderate12_baseline,59,"13,5,1","191,251,266","86,78,91",2,False,True,False,True,"1,2,3",2.8191976084551498,3.1941976084551498,0.7309313850055122,0.9184313850055122,3.0966976084551496,0.487780237660655,550.0,75.0,45.0,"0.231917,0.32277,0.373738",0.9284253257880678,0.23191724990224954,0.5413923584982722,0.41941724990224954,1.4378425756903175,0.6888344998044991,3.4261148583573995,right_close_pair,75.0,-45.0,236.0,74.0,-45.0,235.0,-0.01,-0.0,-0.01,-0.31666666666666665,-0.65,19.0,13.0,2,False,True,False,True,hybrid_sweep_w0.8,3.388646507864412,missing_target1
target2_close14|seed21|source_mismatch,target2_close14,21,source_mismatch,local2d_detector_baseline_target2_close14_seed21_source_mismatch_cpu,mean_top20_moderate12_baseline,5,"7,2,1","194,251,263","86,76,81",1,False,True,False,False,"1,2,3",2.859424977616671,3.2044249776166707,0.7669360419406708,0.9394360419406708,3.1129249776166708,0.4651270651484827,500.00000000000006,69.0,45.0,"0.237243,0.331463,0.359044",0.9277500427901954,0.23724334338096373,0.5464933576443621,0.40974334338096374,1.418493386171159,0.6814866867619275,3.441668320997634,right_close_pair,69.0,-45.0,236.0,74.0,-45.0,235.0,-0.05,-0.0,-0.01,-0.16666666666666666,-0.35,10.0,7.0,1,False,True,False,False,hybrid_sweep_w0.8,3.4014146832170207,missing_target1_target2
target2_close14|seed34|nominal,target2_close14,34,nominal,local2d_detector_baseline_target2_close14_seed34_nominal_cpu,mean_top20_moderate12_baseline,207,"8,2,5","224,272,274","75,92,82",1,False,False,False,True,"1,3,2",2.9904226177374684,3.2404226177374684,0.9121663560926759,1.0371663560926758,3.1674226177374685,0.48629536161425074,500.00000000000006,50.0,46.0,"0.311992,0.359385,0.335534",1.006911290732479,0.3119922470369897,0.647629343947816,0.4369922470369897,1.4959035377694687,0.7739844940739794,3.552414864774458,right_close_pair,50.0,-46.0,256.6666666666667,74.0,-45.0,235.0,-0.24,-0.01,-0.21666666666666687,-0.25,-0.4,15.0,8.0,1,False,False,False,True,hybrid_sweep_w0.8,3.341550327370967,missing_target0_target1
target2_close14|seed34|source_mismatch,target2_close14,34,source_mismatch,local2d_detector_baseline_target2_close14_seed34_source_mismatch_cpu,mean_top20_moderate12_baseline,56,"10,5,1","188,247,261","83,85,83",3,True,True,True,True,"1,2,3",2.7480719149509296,3.11307191495093,0.7638384442755252,0.9463384442755252,3.0175719149509295,0.4832650428856328,500.00000000000006,73.0,45.0,"0.241816,0.314872,0.359934",0.9166223884988369,0.24181632622778124,0.5473571223940602,0.42431632622778126,1.4279387147266183,0.7026326524555624,3.354888241178711,right_close_pair,73.0,-45.0,232.0,74.0,-45.0,235.0,-0.01,-0.0,-0.03,-0.26666666666666666,-0.5,16.0,10.0,3,True,True,True,True,hybrid_sweep_w0.8,3.335213283639612,all_truth
target2_close50_linear29p5|seed13|nominal,target2_close50_linear29p5,13,nominal,local2d_detector_baseline_target2_close50_linear29p5_seed13_nominal_cpu,mean_top20_distinct20_baseline,173,"7,2,10","184,250,301","110,102,103",0,False,False,False,False,"1,2,3",2.4548562145627075,3.0398562145627075,0.6961858382628466,0.9886858382628466,2.9153562145627077,0.43962673057297463,500.00000000000006,117.0,15.0,"0.240955,0.333806,0.236775",0.8115360281965021,0.23677546046036657,0.5072874698592006,0.5292754604603666,1.5088114886568686,0.8287299996644817,3.276631675023074,wide_pair,117.0,-15.0,245.0,112.0,-15.0,250.0,-0.05,-0.0,-0.05,-0.31666666666666665,-0.5,19.0,10.0,0,False,False,False,False,hybrid_sweep_w0.8,3.284044417680227,missing_target0_target1_target2
target2_close50_linear29p5|seed13|source_mismatch,target2_close50_linear29p5,13,source_mismatch,local2d_detector_baseline_target2_close50_linear29p5_seed13_source_mismatch_cpu,mean_top20_distinct20_baseline,282,"9,3,11","187,253,305","102,100,90",1,False,False,False,True,"1,2,3",2.242854421891026,2.832854421891026,0.6936938854049418,0.9886938854049419,2.707854421891026,0.41105747713130125,500.00000000000006,118.0,14.0,"0.226578,0.295307,0.23408",0.7559651203472638,0.2265778991083783,0.4785662725574662,0.5215778991083783,1.4475430194556422,0.8071557982167565,3.059432320999404,wide_pair,118.0,-14.0,248.33333333333334,112.0,-15.0,250.0,-0.06,-0.01,-0.016666666666666573,-0.38333333333333336,-0.55,23.0,11.0,1,False,False,False,True,hybrid_sweep_w0.8,3.032150699860678,missing_target0_target1
target2_close50_linear29p5|seed21|nominal,target2_close50_linear29p5,21,nominal,local2d_detector_baseline_target2_close50_linear29p5_seed21_nominal_cpu,mean_top20_distinct20_baseline,526,"10,4,11","183,251,301","108,77,87",1,False,False,False,True,"1,2,3",2.421696803721443,3.011696803721443,0.7344468629912091,1.029446862991209,2.884696803721443,0.41390447814679465,667.0,118.0,18.0,"0.241883,0.334516,0.245358",0.821757195895255,0.24188327778609367,0.515802343084512,0.5368832777860937,1.5266404736813488,0.8377665555721874,3.2535800815075366,wide_pair,118.0,-18.0,245.0,112.0,-15.0,250.0,-0.06,-0.03,-0.05,-0.4166666666666667,-0.55,25.0,11.0,1,False,False,False,True,hybrid_sweep_w0.8,3.1370176353800376,missing_target0_target1
target2_close50_linear29p5|seed21|source_mismatch,target2_close50_linear29p5,21,source_mismatch,local2d_detector_baseline_target2_close50_linear29p5_seed21_source_mismatch_cpu,mean_top20_distinct20_baseline,261,"12,2,9","188,253,303","97,93,91",3,True,True,True,True,"1,2,3",2.3010081345113997,2.8760081345114,0.6841977995095918,0.9716977995095918,2.7535081345114,0.4173076525534148,500.00000000000006,115.0,15.0,"0.23061,0.335462,0.234971",0.8010426820734851,0.2306095590085883,0.4976237863664167,0.5181095590085882,1.4841522410820733,0.8062191180171765,3.106617693519988,wide_pair,115.0,-15.0,248.0,112.0,-15.0,250.0,-0.03,-0.0,-0.02,-0.38333333333333336,-0.6,23.0,12.0,3,True,True,True,True,hybrid_sweep_w0.8,3.140036942023694,all_truth
target2_close50_linear29p5|seed34|nominal,target2_close50_linear29p5,34,nominal,local2d_detector_baseline_target2_close50_linear29p5_seed34_nominal_cpu,mean_top20_distinct20_baseline,528,"13,4,10","185,251,303","109,75,93",1,False,False,False,True,"1,2,3",2.4170704657554447,3.0070704657554446,0.706081938611334,1.0010819386113339,2.8820704657554446,0.40248489687039185,667.0,118.0,14.0,"0.237345,0.333103,0.24377",0.8142175447014705,0.23734517211893488,0.5087510203527583,0.5323451721189348,1.5165627168204054,0.8286903442378697,3.2444156378743796,wide_pair,118.0,-14.0,246.33333333333334,112.0,-15.0,250.0,-0.06,-0.01,-0.03666666666666657,-0.45,-0.65,27.0,13.0,1,False,False,False,True,hybrid_sweep_w0.8,3.198980535376373,missing_target0_target1
target2_close50_linear29p5|seed34|source_mismatch,target2_close50_linear29p5,34,source_mismatch,local2d_detector_baseline_target2_close50_linear29p5_seed34_source_mismatch_cpu,mean_top20_distinct20_baseline,230,"8,3,7","181,248,295","102,96,89",2,False,False,True,True,"1,2,3",2.3106638614135946,2.8806638614135944,0.7029100573339436,0.9879100573339437,2.7566638614135948,0.43705121762769317,500.00000000000006,114.0,20.0,"0.235081,0.315515,0.251097",0.8016924026712033,0.23508070269969167,0.5023115035900928,0.5200807026996916,1.482773105370895,0.8121614053993833,3.115744564113286,wide_pair,114.0,-20.0,241.33333333333334,112.0,-15.0,250.0,-0.02,-0.05,-0.08666666666666657,-0.3,-0.4,18.0,8.0,2,False,False,True,True,hybrid_sweep_w0.8,2.9566488706427436,missing_target0
target2_close14|seed13|nominal,target2_close14,13,nominal,local2d_detector_baseline_target2_close14_seed13_nominal_cpu,mean_top20_moderate12_baseline,74,"14,6,1","186,249,265","77,93,85",2,False,False,True,True,"1,2,3",2.8632554118074767,3.2582554118074767,0.7308838044433662,0.9283838044433662,3.1557554118074767,0.47270184961069517,550.0,79.0,47.0,"0.225635,0.319251,0.366497",0.9113821965510092,0.22563480603849811,0.5294288715555011,0.4231348060384981,1.4295170025895072,0.6882696120769962,3.4838902178459747,right_close_pair,79.0,-47.0,233.33333333333334,74.0,-45.0,235.0,-0.05,-0.02,-0.016666666666666573,-0.35,-0.7,21.0,14.0,2,False,False,True,True,center_sweep_w0,1.2365365448639487,missing_target0
target2_close14|seed13|source_mismatch,target2_close14,13,source_mismatch,local2d_detector_baseline_target2_close14_seed13_source_mismatch_cpu,mean_top20_moderate12_baseline,177,"9,3,2","188,250,266","85,78,90",2,False,True,False,True,"1,2,3",2.6770437451642013,3.0670437451642014,0.7286023247660144,0.9236023247660143,2.966043745164201,0.48003695829688986,500.00000000000006,78.0,46.0,"0.237178,0.329088,0.326972",0.8932379516218885,0.2371779881276018,0.5349239720015646,0.4321779881276018,1.4194159397494903,0.7083559762552036,3.3042217332918034,right_close_pair,78.0,-46.0,234.66666666666666,74.0,-45.0,235.0,-0.04,-0.01,-0.003333333333333428,-0.23333333333333334,-0.45,14.0,9.0,2,False,True,False,True,center_sweep_w0,1.2647189831997725,missing_target1
target2_close14|seed21|nominal,target2_close14,21,nominal,local2d_detector_baseline_target2_close14_seed21_nominal_cpu,mean_top20_moderate12_baseline,59,"13,5,1","191,251,266","86,78,91",2,False,True,False,True,"1,2,3",2.8191976084551498,3.1941976084551498,0.7309313850055122,0.9184313850055122,3.0966976084551496,0.487780237660655,550.0,75.0,45.0,"0.231917,0.32277,0.373738",0.9284253257880678,0.23191724990224954,0.5413923584982722,0.41941724990224954,1.4378425756903175,0.6888344998044991,3.4261148583573995,right_close_pair,75.0,-45.0,236.0,74.0,-45.0,235.0,-0.01,-0.0,-0.01,-0.31666666666666665,-0.65,19.0,13.0,2,False,True,False,True,center_sweep_w0,1.334977592849972,missing_target1
target2_close14|seed21|source_mismatch,target2_close14,21,source_mismatch,local2d_detector_baseline_target2_close14_seed21_source_mismatch_cpu,mean_top20_moderate12_baseline,5,"7,2,1","194,251,263","86,76,81",1,False,True,False,False,"1,2,3",2.859424977616671,3.2044249776166707,0.7669360419406708,0.9394360419406708,3.1129249776166708,0.4651270651484827,500.00000000000006,69.0,45.0,"0.237243,0.331463,0.359044",0.9277500427901954,0.23724334338096373,0.5464933576443621,0.40974334338096374,1.418493386171159,0.6814866867619275,3.441668320997634,right_close_pair,69.0,-45.0,236.0,74.0,-45.0,235.0,-0.05,-0.0,-0.01,-0.16666666666666666,-0.35,10.0,7.0,1,False,True,False,False,center_sweep_w0,1.3384136906184398,missing_target1_target2
target2_close14|seed34|nominal,target2_close14,34,nominal,local2d_detector_baseline_target2_close14_seed34_nominal_cpu,mean_top20_moderate12_baseline,87,"14,7,1","190,248,260","85,89,87",3,True,True,True,True,"1,2,3",2.8295362786595444,3.1795362786595445,0.7515480934802559,0.9265480934802559,3.0865362786595445,0.4595054873263418,550.0,70.0,46.0,"0.23468,0.315625,0.369995",0.920299877814464,0.2346795731842756,0.5414461991224303,0.4096795731842756,1.4119794509987398,0.6793591463685512,3.41421585184382,right_close_pair,70.0,-46.0,232.66666666666666,74.0,-45.0,235.0,-0.04,-0.01,-0.023333333333333428,-0.36666666666666664,-0.7,22.0,14.0,3,True,True,True,True,center_sweep_w0,1.2571662292014674,all_truth
target2_close14|seed34|source_mismatch,target2_close14,34,source_mismatch,local2d_detector_baseline_target2_close14_seed34_source_mismatch_cpu,mean_top20_moderate12_baseline,56,"10,5,1","188,247,261","83,85,83",3,True,True,True,True,"1,2,3",2.7480719149509296,3.11307191495093,0.7638384442755252,0.9463384442755252,3.0175719149509295,0.4832650428856328,500.00000000000006,73.0,45.0,"0.241816,0.314872,0.359934",0.9166223884988369,0.24181632622778124,0.5473571223940602,0.42431632622778126,1.4279387147266183,0.7026326524555624,3.354888241178711,right_close_pair,73.0,-45.0,232.0,74.0,-45.0,235.0,-0.01,-0.0,-0.03,-0.26666666666666666,-0.5,16.0,10.0,3,True,True,True,True,center_sweep_w0,1.328280338932385,all_truth
target2_close50_linear29p5|seed13|nominal,target2_close50_linear29p5,13,nominal,local2d_detector_baseline_target2_close50_linear29p5_seed13_nominal_cpu,mean_top20_distinct20_baseline,173,"7,2,10","184,250,301","110,102,103",0,False,False,False,False,"1,2,3",2.4548562145627075,3.0398562145627075,0.6961858382628466,0.9886858382628466,2.9153562145627077,0.43962673057297463,500.00000000000006,117.0,15.0,"0.240955,0.333806,0.236775",0.8115360281965021,0.23677546046036657,0.5072874698592006,0.5292754604603666,1.5088114886568686,0.8287299996644817,3.276631675023074,wide_pair,117.0,-15.0,245.0,112.0,-15.0,250.0,-0.05,-0.0,-0.05,-0.31666666666666665,-0.5,19.0,10.0,0,False,False,False,False,center_sweep_w0,1.3280654126663824,missing_target0_target1_target2
target2_close50_linear29p5|seed13|source_mismatch,target2_close50_linear29p5,13,source_mismatch,local2d_detector_baseline_target2_close50_linear29p5_seed13_source_mismatch_cpu,mean_top20_distinct20_baseline,282,"9,3,11","187,253,305","102,100,90",1,False,False,False,True,"1,2,3",2.242854421891026,2.832854421891026,0.6936938854049418,0.9886938854049419,2.707854421891026,0.41105747713130125,500.00000000000006,118.0,14.0,"0.226578,0.295307,0.23408",0.7559651203472638,0.2265778991083783,0.4785662725574662,0.5215778991083783,1.4475430194556422,0.8071557982167565,3.059432320999404,wide_pair,118.0,-14.0,248.33333333333334,112.0,-15.0,250.0,-0.06,-0.01,-0.016666666666666573,-0.38333333333333336,-0.55,23.0,11.0,1,False,False,False,True,center_sweep_w0,1.1998246405943684,missing_target0_target1
target2_close50_linear29p5|seed21|nominal,target2_close50_linear29p5,21,nominal,local2d_detector_baseline_target2_close50_linear29p5_seed21_nominal_cpu,mean_top20_distinct20_baseline,531,"10,4,16","183,251,303","108,77,109",0,False,False,False,False,"1,2,3",2.3146833128536333,2.9146833128536334,0.6274333721233992,0.9274333721233992,2.7866833128536332,0.37819641592741277,750.0,120.0,16.0,"0.241883,0.334516,0.215799",0.7921988708848993,0.21579921705400115,0.4798655073489676,0.5157992170540011,1.4799980879389003,0.8176824948400948,3.1304825299076344,wide_pair,120.0,-16.0,245.66666666666666,112.0,-15.0,250.0,-0.08,-0.01,-0.043333333333333425,-0.5,-0.8,30.0,16.0,0,False,False,False,False,center_sweep_w0,1.1960955499509769,missing_target0_target1_target2
target2_close50_linear29p5|seed21|source_mismatch,target2_close50_linear29p5,21,source_mismatch,local2d_detector_baseline_target2_close50_linear29p5_seed21_source_mismatch_cpu,mean_top20_distinct20_baseline,261,"12,2,9","188,253,303","97,93,91",3,True,True,True,True,"1,2,3",2.3010081345113997,2.8760081345114,0.6841977995095918,0.9716977995095918,2.7535081345114,0.4173076525534148,500.00000000000006,115.0,15.0,"0.23061,0.335462,0.234971",0.8010426820734851,0.2306095590085883,0.4976237863664167,0.5181095590085882,1.4841522410820733,0.8062191180171765,3.106617693519988,wide_pair,115.0,-15.0,248.0,112.0,-15.0,250.0,-0.03,-0.0,-0.02,-0.38333333333333336,-0.6,23.0,12.0,3,True,True,True,True,center_sweep_w0,1.280066325911701,all_truth
target2_close50_linear29p5|seed34|nominal,target2_close50_linear29p5,34,nominal,local2d_detector_baseline_target2_close50_linear29p5_seed34_nominal_cpu,mean_top20_distinct20_baseline,528,"13,4,10","185,251,303","109,75,93",1,False,False,False,True,"1,2,3",2.4170704657554447,3.0070704657554446,0.706081938611334,1.0010819386113339,2.8820704657554446,0.40248489687039185,667.0,118.0,14.0,"0.237345,0.333103,0.24377",0.8142175447014705,0.23734517211893488,0.5087510203527583,0.5323451721189348,1.5165627168204054,0.8286903442378697,3.2444156378743796,wide_pair,118.0,-14.0,246.33333333333334,112.0,-15.0,250.0,-0.06,-0.01,-0.03666666666666657,-0.45,-0.65,27.0,13.0,1,False,False,False,True,center_sweep_w0,1.2596644859850787,missing_target0_target1
target2_close50_linear29p5|seed34|source_mismatch,target2_close50_linear29p5,34,source_mismatch,local2d_detector_baseline_target2_close50_linear29p5_seed34_source_mismatch_cpu,mean_top20_distinct20_baseline,230,"8,3,7","181,248,295","102,96,89",2,False,False,True,True,"1,2,3",2.3106638614135946,2.8806638614135944,0.7029100573339436,0.9879100573339437,2.7566638614135948,0.43705121762769317,500.00000000000006,114.0,20.0,"0.235081,0.315515,0.251097",0.8016924026712033,0.23508070269969167,0.5023115035900928,0.5200807026996916,1.482773105370895,0.8121614053993833,3.115744564113286,wide_pair,114.0,-20.0,241.33333333333334,112.0,-15.0,250.0,-0.02,-0.05,-0.08666666666666657,-0.3,-0.4,18.0,8.0,2,False,False,True,True,center_sweep_w0,1.1045354655081048,missing_target0
target2_close14|seed13|nominal,target2_close14,13,nominal,local2d_detector_baseline_target2_close14_seed13_nominal_cpu,mean_top20_moderate12_baseline,74,"14,6,1","186,249,265","77,93,85",2,False,False,True,True,"1,2,3",2.8632554118074767,3.2582554118074767,0.7308838044433662,0.9283838044433662,3.1557554118074767,0.47270184961069517,550.0,79.0,47.0,"0.225635,0.319251,0.366497",0.9113821965510092,0.22563480603849811,0.5294288715555011,0.4231348060384981,1.4295170025895072,0.6882696120769962,3.4838902178459747,right_close_pair,79.0,-47.0,233.33333333333334,74.0,-45.0,235.0,-0.05,-0.02,-0.016666666666666573,-0.35,-0.7,21.0,14.0,2,False,False,True,True,center_sweep_w0.1,1.234869878197282,missing_target0
target2_close14|seed13|source_mismatch,target2_close14,13,source_mismatch,local2d_detector_baseline_target2_close14_seed13_source_mismatch_cpu,mean_top20_moderate12_baseline,177,"9,3,2","188,250,266","85,78,90",2,False,True,False,True,"1,2,3",2.6770437451642013,3.0670437451642014,0.7286023247660144,0.9236023247660143,2.966043745164201,0.48003695829688986,500.00000000000006,78.0,46.0,"0.237178,0.329088,0.326972",0.8932379516218885,0.2371779881276018,0.5349239720015646,0.4321779881276018,1.4194159397494903,0.7083559762552036,3.3042217332918034,right_close_pair,78.0,-46.0,234.66666666666666,74.0,-45.0,235.0,-0.04,-0.01,-0.003333333333333428,-0.23333333333333334,-0.45,14.0,9.0,2,False,True,False,True,center_sweep_w0.1,1.2643856498664392,missing_target1
target2_close14|seed21|nominal,target2_close14,21,nominal,local2d_detector_baseline_target2_close14_seed21_nominal_cpu,mean_top20_moderate12_baseline,59,"13,5,1","191,251,266","86,78,91",2,False,True,False,True,"1,2,3",2.8191976084551498,3.1941976084551498,0.7309313850055122,0.9184313850055122,3.0966976084551496,0.487780237660655,550.0,75.0,45.0,"0.231917,0.32277,0.373738",0.9284253257880678,0.23191724990224954,0.5413923584982722,0.41941724990224954,1.4378425756903175,0.6888344998044991,3.4261148583573995,right_close_pair,75.0,-45.0,236.0,74.0,-45.0,235.0,-0.01,-0.0,-0.01,-0.31666666666666665,-0.65,19.0,13.0,2,False,True,False,True,center_sweep_w0.1,1.3339775928499722,missing_target1
target2_close14|seed21|source_mismatch,target2_close14,21,source_mismatch,local2d_detector_baseline_target2_close14_seed21_source_mismatch_cpu,mean_top20_moderate12_baseline,5,"7,2,1","194,251,263","86,76,81",1,False,True,False,False,"1,2,3",2.859424977616671,3.2044249776166707,0.7669360419406708,0.9394360419406708,3.1129249776166708,0.4651270651484827,500.00000000000006,69.0,45.0,"0.237243,0.331463,0.359044",0.9277500427901954,0.23724334338096373,0.5464933576443621,0.40974334338096374,1.418493386171159,0.6814866867619275,3.441668320997634,right_close_pair,69.0,-45.0,236.0,74.0,-45.0,235.0,-0.05,-0.0,-0.01,-0.16666666666666666,-0.35,10.0,7.0,1,False,True,False,False,center_sweep_w0.1,1.33741369061844,missing_target1_target2
target2_close14|seed34|nominal,target2_close14,34,nominal,local2d_detector_baseline_target2_close14_seed34_nominal_cpu,mean_top20_moderate12_baseline,87,"14,7,1","190,248,260","85,89,87",3,True,True,True,True,"1,2,3",2.8295362786595444,3.1795362786595445,0.7515480934802559,0.9265480934802559,3.0865362786595445,0.4595054873263418,550.0,70.0,46.0,"0.23468,0.315625,0.369995",0.920299877814464,0.2346795731842756,0.5414461991224303,0.4096795731842756,1.4119794509987398,0.6793591463685512,3.41421585184382,right_close_pair,70.0,-46.0,232.66666666666666,74.0,-45.0,235.0,-0.04,-0.01,-0.023333333333333428,-0.36666666666666664,-0.7,22.0,14.0,3,True,True,True,True,center_sweep_w0.1,1.254832895868134,all_truth
target2_close14|seed34|source_mismatch,target2_close14,34,source_mismatch,local2d_detector_baseline_target2_close14_seed34_source_mismatch_cpu,mean_top20_moderate12_baseline,56,"10,5,1","188,247,261","83,85,83",3,True,True,True,True,"1,2,3",2.7480719149509296,3.11307191495093,0.7638384442755252,0.9463384442755252,3.0175719149509295,0.4832650428856328,500.00000000000006,73.0,45.0,"0.241816,0.314872,0.359934",0.9166223884988369,0.24181632622778124,0.5473571223940602,0.42431632622778126,1.4279387147266183,0.7026326524555624,3.354888241178711,right_close_pair,73.0,-45.0,232.0,74.0,-45.0,235.0,-0.01,-0.0,-0.03,-0.26666666666666666,-0.5,16.0,10.0,3,True,True,True,True,center_sweep_w0.1,1.325280338932385,all_truth
target2_close50_linear29p5|seed13|nominal,target2_close50_linear29p5,13,nominal,local2d_detector_baseline_target2_close50_linear29p5_seed13_nominal_cpu,mean_top20_distinct20_baseline,173,"7,2,10","184,250,301","110,102,103",0,False,False,False,False,"1,2,3",2.4548562145627075,3.0398562145627075,0.6961858382628466,0.9886858382628466,2.9153562145627077,0.43962673057297463,500.00000000000006,117.0,15.0,"0.240955,0.333806,0.236775",0.8115360281965021,0.23677546046036657,0.5072874698592006,0.5292754604603666,1.5088114886568686,0.8287299996644817,3.276631675023074,wide_pair,117.0,-15.0,245.0,112.0,-15.0,250.0,-0.05,-0.0,-0.05,-0.31666666666666665,-0.5,19.0,10.0,0,False,False,False,False,center_sweep_w0.1,1.3230654126663826,missing_target0_target1_target2
target2_close50_linear29p5|seed13|source_mismatch,target2_close50_linear29p5,13,source_mismatch,local2d_detector_baseline_target2_close50_linear29p5_seed13_source_mismatch_cpu,mean_top20_distinct20_baseline,282,"9,3,11","187,253,305","102,100,90",1,False,False,False,True,"1,2,3",2.242854421891026,2.832854421891026,0.6936938854049418,0.9886938854049419,2.707854421891026,0.41105747713130125,500.00000000000006,118.0,14.0,"0.226578,0.295307,0.23408",0.7559651203472638,0.2265778991083783,0.4785662725574662,0.5215778991083783,1.4475430194556422,0.8071557982167565,3.059432320999404,wide_pair,118.0,-14.0,248.33333333333334,112.0,-15.0,250.0,-0.06,-0.01,-0.016666666666666573,-0.38333333333333336,-0.55,23.0,11.0,1,False,False,False,True,center_sweep_w0.1,1.1981579739277017,missing_target0_target1
target2_close50_linear29p5|seed21|nominal,target2_close50_linear29p5,21,nominal,local2d_detector_baseline_target2_close50_linear29p5_seed21_nominal_cpu,mean_top20_distinct20_baseline,531,"10,4,16","183,251,303","108,77,109",0,False,False,False,False,"1,2,3",2.3146833128536333,2.9146833128536334,0.6274333721233992,0.9274333721233992,2.7866833128536332,0.37819641592741277,750.0,120.0,16.0,"0.241883,0.334516,0.215799",0.7921988708848993,0.21579921705400115,0.4798655073489676,0.5157992170540011,1.4799980879389003,0.8176824948400948,3.1304825299076344,wide_pair,120.0,-16.0,245.66666666666666,112.0,-15.0,250.0,-0.08,-0.01,-0.043333333333333425,-0.5,-0.8,30.0,16.0,0,False,False,False,False,center_sweep_w0.1,1.1917622166176436,missing_target0_target1_target2
target2_close50_linear29p5|seed21|source_mismatch,target2_close50_linear29p5,21,source_mismatch,local2d_detector_baseline_target2_close50_linear29p5_seed21_source_mismatch_cpu,mean_top20_distinct20_baseline,261,"12,2,9","188,253,303","97,93,91",3,True,True,True,True,"1,2,3",2.3010081345113997,2.8760081345114,0.6841977995095918,0.9716977995095918,2.7535081345114,0.4173076525534148,500.00000000000006,115.0,15.0,"0.23061,0.335462,0.234971",0.8010426820734851,0.2306095590085883,0.4976237863664167,0.5181095590085882,1.4841522410820733,0.8062191180171765,3.106617693519988,wide_pair,115.0,-15.0,248.0,112.0,-15.0,250.0,-0.03,-0.0,-0.02,-0.38333333333333336,-0.6,23.0,12.0,3,True,True,True,True,center_sweep_w0.1,1.278066325911701,all_truth
target2_close50_linear29p5|seed34|nominal,target2_close50_linear29p5,34,nominal,local2d_detector_baseline_target2_close50_linear29p5_seed34_nominal_cpu,mean_top20_distinct20_baseline,528,"13,4,10","185,251,303","109,75,93",1,False,False,False,True,"1,2,3",2.4170704657554447,3.0070704657554446,0.706081938611334,1.0010819386113339,2.8820704657554446,0.40248489687039185,667.0,118.0,14.0,"0.237345,0.333103,0.24377",0.8142175447014705,0.23734517211893488,0.5087510203527583,0.5323451721189348,1.5165627168204054,0.8286903442378697,3.2444156378743796,wide_pair,118.0,-14.0,246.33333333333334,112.0,-15.0,250.0,-0.06,-0.01,-0.03666666666666657,-0.45,-0.65,27.0,13.0,1,False,False,False,True,center_sweep_w0.1,1.255997819318412,missing_target0_target1
target2_close50_linear29p5|seed34|source_mismatch,target2_close50_linear29p5,34,source_mismatch,local2d_detector_baseline_target2_close50_linear29p5_seed34_source_mismatch_cpu,mean_top20_distinct20_baseline,230,"8,3,7","181,248,295","102,96,89",2,False,False,True,True,"1,2,3",2.3106638614135946,2.8806638614135944,0.7029100573339436,0.9879100573339437,2.7566638614135948,0.43705121762769317,500.00000000000006,114.0,20.0,"0.235081,0.315515,0.251097",0.8016924026712033,0.23508070269969167,0.5023115035900928,0.5200807026996916,1.482773105370895,0.8121614053993833,3.115744564113286,wide_pair,114.0,-20.0,241.33333333333334,112.0,-15.0,250.0,-0.02,-0.05,-0.08666666666666657,-0.3,-0.4,18.0,8.0,2,False,False,True,True,center_sweep_w0.1,1.0958687988414382,missing_target0
target2_close14|seed13|nominal,target2_close14,13,nominal,local2d_detector_baseline_target2_close14_seed13_nominal_cpu,mean_top20_moderate12_baseline,74,"14,6,1","186,249,265","77,93,85",2,False,False,True,True,"1,2,3",2.8632554118074767,3.2582554118074767,0.7308838044433662,0.9283838044433662,3.1557554118074767,0.47270184961069517,550.0,79.0,47.0,"0.225635,0.319251,0.366497",0.9113821965510092,0.22563480603849811,0.5294288715555011,0.4231348060384981,1.4295170025895072,0.6882696120769962,3.4838902178459747,right_close_pair,79.0,-47.0,233.33333333333334,74.0,-45.0,235.0,-0.05,-0.02,-0.016666666666666573,-0.35,-0.7,21.0,14.0,2,False,False,True,True,center_sweep_w0.2,1.2332032115306153,missing_target0
target2_close14|seed13|source_mismatch,target2_close14,13,source_mismatch,local2d_detector_baseline_target2_close14_seed13_source_mismatch_cpu,mean_top20_moderate12_baseline,177,"9,3,2","188,250,266","85,78,90",2,False,True,False,True,"1,2,3",2.6770437451642013,3.0670437451642014,0.7286023247660144,0.9236023247660143,2.966043745164201,0.48003695829688986,500.00000000000006,78.0,46.0,"0.237178,0.329088,0.326972",0.8932379516218885,0.2371779881276018,0.5349239720015646,0.4321779881276018,1.4194159397494903,0.7083559762552036,3.3042217332918034,right_close_pair,78.0,-46.0,234.66666666666666,74.0,-45.0,235.0,-0.04,-0.01,-0.003333333333333428,-0.23333333333333334,-0.45,14.0,9.0,2,False,True,False,True,center_sweep_w0.2,1.264052316533106,missing_target1
target2_close14|seed21|nominal,target2_close14,21,nominal,local2d_detector_baseline_target2_close14_seed21_nominal_cpu,mean_top20_moderate12_baseline,59,"13,5,1","191,251,266","86,78,91",2,False,True,False,True,"1,2,3",2.8191976084551498,3.1941976084551498,0.7309313850055122,0.9184313850055122,3.0966976084551496,0.487780237660655,550.0,75.0,45.0,"0.231917,0.32277,0.373738",0.9284253257880678,0.23191724990224954,0.5413923584982722,0.41941724990224954,1.4378425756903175,0.6888344998044991,3.4261148583573995,right_close_pair,75.0,-45.0,236.0,74.0,-45.0,235.0,-0.01,-0.0,-0.01,-0.31666666666666665,-0.65,19.0,13.0,2,False,True,False,True,center_sweep_w0.2,1.332977592849972,missing_target1
target2_close14|seed21|source_mismatch,target2_close14,21,source_mismatch,local2d_detector_baseline_target2_close14_seed21_source_mismatch_cpu,mean_top20_moderate12_baseline,5,"7,2,1","194,251,263","86,76,81",1,False,True,False,False,"1,2,3",2.859424977616671,3.2044249776166707,0.7669360419406708,0.9394360419406708,3.1129249776166708,0.4651270651484827,500.00000000000006,69.0,45.0,"0.237243,0.331463,0.359044",0.9277500427901954,0.23724334338096373,0.5464933576443621,0.40974334338096374,1.418493386171159,0.6814866867619275,3.441668320997634,right_close_pair,69.0,-45.0,236.0,74.0,-45.0,235.0,-0.05,-0.0,-0.01,-0.16666666666666666,-0.35,10.0,7.0,1,False,True,False,False,center_sweep_w0.2,1.3364136906184398,missing_target1_target2
target2_close14|seed34|nominal,target2_close14,34,nominal,local2d_detector_baseline_target2_close14_seed34_nominal_cpu,mean_top20_moderate12_baseline,87,"14,7,1","190,248,260","85,89,87",3,True,True,True,True,"1,2,3",2.8295362786595444,3.1795362786595445,0.7515480934802559,0.9265480934802559,3.0865362786595445,0.4595054873263418,550.0,70.0,46.0,"0.23468,0.315625,0.369995",0.920299877814464,0.2346795731842756,0.5414461991224303,0.4096795731842756,1.4119794509987398,0.6793591463685512,3.41421585184382,right_close_pair,70.0,-46.0,232.66666666666666,74.0,-45.0,235.0,-0.04,-0.01,-0.023333333333333428,-0.36666666666666664,-0.7,22.0,14.0,3,True,True,True,True,center_sweep_w0.2,1.2524995625348008,all_truth
target2_close14|seed34|source_mismatch,target2_close14,34,source_mismatch,local2d_detector_baseline_target2_close14_seed34_source_mismatch_cpu,mean_top20_moderate12_baseline,56,"10,5,1","188,247,261","83,85,83",3,True,True,True,True,"1,2,3",2.7480719149509296,3.11307191495093,0.7638384442755252,0.9463384442755252,3.0175719149509295,0.4832650428856328,500.00000000000006,73.0,45.0,"0.241816,0.314872,0.359934",0.9166223884988369,0.24181632622778124,0.5473571223940602,0.42431632622778126,1.4279387147266183,0.7026326524555624,3.354888241178711,right_close_pair,73.0,-45.0,232.0,74.0,-45.0,235.0,-0.01,-0.0,-0.03,-0.26666666666666666,-0.5,16.0,10.0,3,True,True,True,True,center_sweep_w0.2,1.322280338932385,all_truth
target2_close50_linear29p5|seed13|nominal,target2_close50_linear29p5,13,nominal,local2d_detector_baseline_target2_close50_linear29p5_seed13_nominal_cpu,mean_top20_distinct20_baseline,173,"7,2,10","184,250,301","110,102,103",0,False,False,False,False,"1,2,3",2.4548562145627075,3.0398562145627075,0.6961858382628466,0.9886858382628466,2.9153562145627077,0.43962673057297463,500.00000000000006,117.0,15.0,"0.240955,0.333806,0.236775",0.8115360281965021,0.23677546046036657,0.5072874698592006,0.5292754604603666,1.5088114886568686,0.8287299996644817,3.276631675023074,wide_pair,117.0,-15.0,245.0,112.0,-15.0,250.0,-0.05,-0.0,-0.05,-0.31666666666666665,-0.5,19.0,10.0,0,False,False,False,False,center_sweep_w0.2,1.3180654126663824,missing_target0_target1_target2
target2_close50_linear29p5|seed13|source_mismatch,target2_close50_linear29p5,13,source_mismatch,local2d_detector_baseline_target2_close50_linear29p5_seed13_source_mismatch_cpu,mean_top20_distinct20_baseline,282,"9,3,11","187,253,305","102,100,90",1,False,False,False,True,"1,2,3",2.242854421891026,2.832854421891026,0.6936938854049418,0.9886938854049419,2.707854421891026,0.41105747713130125,500.00000000000006,118.0,14.0,"0.226578,0.295307,0.23408",0.7559651203472638,0.2265778991083783,0.4785662725574662,0.5215778991083783,1.4475430194556422,0.8071557982167565,3.059432320999404,wide_pair,118.0,-14.0,248.33333333333334,112.0,-15.0,250.0,-0.06,-0.01,-0.016666666666666573,-0.38333333333333336,-0.55,23.0,11.0,1,False,False,False,True,center_sweep_w0.2,1.196491307261035,missing_target0_target1
target2_close50_linear29p5|seed21|nominal,target2_close50_linear29p5,21,nominal,local2d_detector_baseline_target2_close50_linear29p5_seed21_nominal_cpu,mean_top20_distinct20_baseline,163,"18,1,16","188,253,303","97,101,109",1,False,True,False,False,"1,2,3",2.286085691775241,2.8610856917752407,0.6002755981958179,0.8877755981958179,2.738585691775241,0.4058625593623866,500.00000000000006,115.0,15.0,"0.19441,0.340286,0.215799",0.7504958325289971,0.19441038715420442,0.4445756646638701,0.4819103871542044,1.3974062196832016,0.7338207743084089,3.055496078929445,wide_pair,115.0,-15.0,248.0,112.0,-15.0,250.0,-0.03,-0.0,-0.02,-0.5833333333333334,-0.9,35.0,18.0,1,False,True,False,False,center_sweep_w0.2,1.1874689922941566,missing_target1_target2
target2_close50_linear29p5|seed21|source_mismatch,target2_close50_linear29p5,21,source_mismatch,local2d_detector_baseline_target2_close50_linear29p5_seed21_source_mismatch_cpu,mean_top20_distinct20_baseline,261,"12,2,9","188,253,303","97,93,91",3,True,True,True,True,"1,2,3",2.3010081345113997,2.8760081345114,0.6841977995095918,0.9716977995095918,2.7535081345114,0.4173076525534148,500.00000000000006,115.0,15.0,"0.23061,0.335462,0.234971",0.8010426820734851,0.2306095590085883,0.4976237863664167,0.5181095590085882,1.4841522410820733,0.8062191180171765,3.106617693519988,wide_pair,115.0,-15.0,248.0,112.0,-15.0,250.0,-0.03,-0.0,-0.02,-0.38333333333333336,-0.6,23.0,12.0,3,True,True,True,True,center_sweep_w0.2,1.276066325911701,all_truth
target2_close50_linear29p5|seed34|nominal,target2_close50_linear29p5,34,nominal,local2d_detector_baseline_target2_close50_linear29p5_seed34_nominal_cpu,mean_top20_distinct20_baseline,528,"13,4,10","185,251,303","109,75,93",1,False,False,False,True,"1,2,3",2.4170704657554447,3.0070704657554446,0.706081938611334,1.0010819386113339,2.8820704657554446,0.40248489687039185,667.0,118.0,14.0,"0.237345,0.333103,0.24377",0.8142175447014705,0.23734517211893488,0.5087510203527583,0.5323451721189348,1.5165627168204054,0.8286903442378697,3.2444156378743796,wide_pair,118.0,-14.0,246.33333333333334,112.0,-15.0,250.0,-0.06,-0.01,-0.03666666666666657,-0.45,-0.65,27.0,13.0,1,False,False,False,True,center_sweep_w0.2,1.2523311526517453,missing_target0_target1
target2_close50_linear29p5|seed34|source_mismatch,target2_close50_linear29p5,34,source_mismatch,local2d_detector_baseline_target2_close50_linear29p5_seed34_source_mismatch_cpu,mean_top20_distinct20_baseline,230,"8,3,7","181,248,295","102,96,89",2,False,False,True,True,"1,2,3",2.3106638614135946,2.8806638614135944,0.7029100573339436,0.9879100573339437,2.7566638614135948,0.43705121762769317,500.00000000000006,114.0,20.0,"0.235081,0.315515,0.251097",0.8016924026712033,0.23508070269969167,0.5023115035900928,0.5200807026996916,1.482773105370895,0.8121614053993833,3.115744564113286,wide_pair,114.0,-20.0,241.33333333333334,112.0,-15.0,250.0,-0.02,-0.05,-0.08666666666666657,-0.3,-0.4,18.0,8.0,2,False,False,True,True,center_sweep_w0.2,1.0872021321747714,missing_target0
target2_close14|seed13|nominal,target2_close14,13,nominal,local2d_detector_baseline_target2_close14_seed13_nominal_cpu,mean_top20_moderate12_baseline,74,"14,6,1","186,249,265","77,93,85",2,False,False,True,True,"1,2,3",2.8632554118074767,3.2582554118074767,0.7308838044433662,0.9283838044433662,3.1557554118074767,0.47270184961069517,550.0,79.0,47.0,"0.225635,0.319251,0.366497",0.9113821965510092,0.22563480603849811,0.5294288715555011,0.4231348060384981,1.4295170025895072,0.6882696120769962,3.4838902178459747,right_close_pair,79.0,-47.0,233.33333333333334,74.0,-45.0,235.0,-0.05,-0.02,-0.016666666666666573,-0.35,-0.7,21.0,14.0,2,False,False,True,True,center_sweep_w0.4,1.229869878197282,missing_target0
target2_close14|seed13|source_mismatch,target2_close14,13,source_mismatch,local2d_detector_baseline_target2_close14_seed13_source_mismatch_cpu,mean_top20_moderate12_baseline,177,"9,3,2","188,250,266","85,78,90",2,False,True,False,True,"1,2,3",2.6770437451642013,3.0670437451642014,0.7286023247660144,0.9236023247660143,2.966043745164201,0.48003695829688986,500.00000000000006,78.0,46.0,"0.237178,0.329088,0.326972",0.8932379516218885,0.2371779881276018,0.5349239720015646,0.4321779881276018,1.4194159397494903,0.7083559762552036,3.3042217332918034,right_close_pair,78.0,-46.0,234.66666666666666,74.0,-45.0,235.0,-0.04,-0.01,-0.003333333333333428,-0.23333333333333334,-0.45,14.0,9.0,2,False,True,False,True,center_sweep_w0.4,1.263385649866439,missing_target1
target2_close14|seed21|nominal,target2_close14,21,nominal,local2d_detector_baseline_target2_close14_seed21_nominal_cpu,mean_top20_moderate12_baseline,59,"13,5,1","191,251,266","86,78,91",2,False,True,False,True,"1,2,3",2.8191976084551498,3.1941976084551498,0.7309313850055122,0.9184313850055122,3.0966976084551496,0.487780237660655,550.0,75.0,45.0,"0.231917,0.32277,0.373738",0.9284253257880678,0.23191724990224954,0.5413923584982722,0.41941724990224954,1.4378425756903175,0.6888344998044991,3.4261148583573995,right_close_pair,75.0,-45.0,236.0,74.0,-45.0,235.0,-0.01,-0.0,-0.01,-0.31666666666666665,-0.65,19.0,13.0,2,False,True,False,True,center_sweep_w0.4,1.330977592849972,missing_target1
target2_close14|seed21|source_mismatch,target2_close14,21,source_mismatch,local2d_detector_baseline_target2_close14_seed21_source_mismatch_cpu,mean_top20_moderate12_baseline,5,"7,2,1","194,251,263","86,76,81",1,False,True,False,False,"1,2,3",2.859424977616671,3.2044249776166707,0.7669360419406708,0.9394360419406708,3.1129249776166708,0.4651270651484827,500.00000000000006,69.0,45.0,"0.237243,0.331463,0.359044",0.9277500427901954,0.23724334338096373,0.5464933576443621,0.40974334338096374,1.418493386171159,0.6814866867619275,3.441668320997634,right_close_pair,69.0,-45.0,236.0,74.0,-45.0,235.0,-0.05,-0.0,-0.01,-0.16666666666666666,-0.35,10.0,7.0,1,False,True,False,False,center_sweep_w0.4,1.3344136906184398,missing_target1_target2
target2_close14|seed34|nominal,target2_close14,34,nominal,local2d_detector_baseline_target2_close14_seed34_nominal_cpu,mean_top20_moderate12_baseline,87,"14,7,1","190,248,260","85,89,87",3,True,True,True,True,"1,2,3",2.8295362786595444,3.1795362786595445,0.7515480934802559,0.9265480934802559,3.0865362786595445,0.4595054873263418,550.0,70.0,46.0,"0.23468,0.315625,0.369995",0.920299877814464,0.2346795731842756,0.5414461991224303,0.4096795731842756,1.4119794509987398,0.6793591463685512,3.41421585184382,right_close_pair,70.0,-46.0,232.66666666666666,74.0,-45.0,235.0,-0.04,-0.01,-0.023333333333333428,-0.36666666666666664,-0.7,22.0,14.0,3,True,True,True,True,center_sweep_w0.4,1.247832895868134,all_truth
target2_close14|seed34|source_mismatch,target2_close14,34,source_mismatch,local2d_detector_baseline_target2_close14_seed34_source_mismatch_cpu,mean_top20_moderate12_baseline,56,"10,5,1","188,247,261","83,85,83",3,True,True,True,True,"1,2,3",2.7480719149509296,3.11307191495093,0.7638384442755252,0.9463384442755252,3.0175719149509295,0.4832650428856328,500.00000000000006,73.0,45.0,"0.241816,0.314872,0.359934",0.9166223884988369,0.24181632622778124,0.5473571223940602,0.42431632622778126,1.4279387147266183,0.7026326524555624,3.354888241178711,right_close_pair,73.0,-45.0,232.0,74.0,-45.0,235.0,-0.01,-0.0,-0.03,-0.26666666666666666,-0.5,16.0,10.0,3,True,True,True,True,center_sweep_w0.4,1.316280338932385,all_truth
target2_close50_linear29p5|seed13|nominal,target2_close50_linear29p5,13,nominal,local2d_detector_baseline_target2_close50_linear29p5_seed13_nominal_cpu,mean_top20_distinct20_baseline,173,"7,2,10","184,250,301","110,102,103",0,False,False,False,False,"1,2,3",2.4548562145627075,3.0398562145627075,0.6961858382628466,0.9886858382628466,2.9153562145627077,0.43962673057297463,500.00000000000006,117.0,15.0,"0.240955,0.333806,0.236775",0.8115360281965021,0.23677546046036657,0.5072874698592006,0.5292754604603666,1.5088114886568686,0.8287299996644817,3.276631675023074,wide_pair,117.0,-15.0,245.0,112.0,-15.0,250.0,-0.05,-0.0,-0.05,-0.31666666666666665,-0.5,19.0,10.0,0,False,False,False,False,center_sweep_w0.4,1.3080654126663824,missing_target0_target1_target2
target2_close50_linear29p5|seed13|source_mismatch,target2_close50_linear29p5,13,source_mismatch,local2d_detector_baseline_target2_close50_linear29p5_seed13_source_mismatch_cpu,mean_top20_distinct20_baseline,282,"9,3,11","187,253,305","102,100,90",1,False,False,False,True,"1,2,3",2.242854421891026,2.832854421891026,0.6936938854049418,0.9886938854049419,2.707854421891026,0.41105747713130125,500.00000000000006,118.0,14.0,"0.226578,0.295307,0.23408",0.7559651203472638,0.2265778991083783,0.4785662725574662,0.5215778991083783,1.4475430194556422,0.8071557982167565,3.059432320999404,wide_pair,118.0,-14.0,248.33333333333334,112.0,-15.0,250.0,-0.06,-0.01,-0.016666666666666573,-0.38333333333333336,-0.55,23.0,11.0,1,False,False,False,True,center_sweep_w0.4,1.1931579739277018,missing_target0_target1
target2_close50_linear29p5|seed21|nominal,target2_close50_linear29p5,21,nominal,local2d_detector_baseline_target2_close50_linear29p5_seed21_nominal_cpu,mean_top20_distinct20_baseline,163,"18,1,16","188,253,303","97,101,109",1,False,True,False,False,"1,2,3",2.286085691775241,2.8610856917752407,0.6002755981958179,0.8877755981958179,2.738585691775241,0.4058625593623866,500.00000000000006,115.0,15.0,"0.19441,0.340286,0.215799",0.7504958325289971,0.19441038715420442,0.4445756646638701,0.4819103871542044,1.3974062196832016,0.7338207743084089,3.055496078929445,wide_pair,115.0,-15.0,248.0,112.0,-15.0,250.0,-0.03,-0.0,-0.02,-0.5833333333333334,-0.9,35.0,18.0,1,False,True,False,False,center_sweep_w0.4,1.1834689922941566,missing_target1_target2
target2_close50_linear29p5|seed21|source_mismatch,target2_close50_linear29p5,21,source_mismatch,local2d_detector_baseline_target2_close50_linear29p5_seed21_source_mismatch_cpu,mean_top20_distinct20_baseline,261,"12,2,9","188,253,303","97,93,91",3,True,True,True,True,"1,2,3",2.3010081345113997,2.8760081345114,0.6841977995095918,0.9716977995095918,2.7535081345114,0.4173076525534148,500.00000000000006,115.0,15.0,"0.23061,0.335462,0.234971",0.8010426820734851,0.2306095590085883,0.4976237863664167,0.5181095590085882,1.4841522410820733,0.8062191180171765,3.106617693519988,wide_pair,115.0,-15.0,248.0,112.0,-15.0,250.0,-0.03,-0.0,-0.02,-0.38333333333333336,-0.6,23.0,12.0,3,True,True,True,True,center_sweep_w0.4,1.272066325911701,all_truth
target2_close50_linear29p5|seed34|nominal,target2_close50_linear29p5,34,nominal,local2d_detector_baseline_target2_close50_linear29p5_seed34_nominal_cpu,mean_top20_distinct20_baseline,528,"13,4,10","185,251,303","109,75,93",1,False,False,False,True,"1,2,3",2.4170704657554447,3.0070704657554446,0.706081938611334,1.0010819386113339,2.8820704657554446,0.40248489687039185,667.0,118.0,14.0,"0.237345,0.333103,0.24377",0.8142175447014705,0.23734517211893488,0.5087510203527583,0.5323451721189348,1.5165627168204054,0.8286903442378697,3.2444156378743796,wide_pair,118.0,-14.0,246.33333333333334,112.0,-15.0,250.0,-0.06,-0.01,-0.03666666666666657,-0.45,-0.65,27.0,13.0,1,False,False,False,True,center_sweep_w0.4,1.2449978193184121,missing_target0_target1
target2_close50_linear29p5|seed34|source_mismatch,target2_close50_linear29p5,34,source_mismatch,local2d_detector_baseline_target2_close50_linear29p5_seed34_source_mismatch_cpu,mean_top20_distinct20_baseline,230,"8,3,7","181,248,295","102,96,89",2,False,False,True,True,"1,2,3",2.3106638614135946,2.8806638614135944,0.7029100573339436,0.9879100573339437,2.7566638614135948,0.43705121762769317,500.00000000000006,114.0,20.0,"0.235081,0.315515,0.251097",0.8016924026712033,0.23508070269969167,0.5023115035900928,0.5200807026996916,1.482773105370895,0.8121614053993833,3.115744564113286,wide_pair,114.0,-20.0,241.33333333333334,112.0,-15.0,250.0,-0.02,-0.05,-0.08666666666666657,-0.3,-0.4,18.0,8.0,2,False,False,True,True,center_sweep_w0.4,1.0698687988414382,missing_target0
