config_key,assignment_policy_key,background_mode,top_k,separation_profile,time_offset_family,candidate_budget,min_x_separation_mm,case_count,assigned_case_count,all_truth_case_count,unique_all_truth_case_count,unique_target0_hit_count,unique_target1_hit_count,unique_target2_hit_count,mean_unique_truth_hit_count,mean_elapsed_time_s
median_top40_dense4_baseline,top40_minx20,median,40,dense4,baseline,40,20.0,12,11,1,1,1,4,7,1.0,0.004568119843800862
median_top80_dense4_baseline,top40_minx20,median,80,dense4,baseline,40,20.0,12,11,1,1,1,4,7,1.0,0.004558483759562175
median_top40_moderate12_wide,top40_minx45,median,40,moderate12,wide,40,45.0,12,8,1,1,2,3,5,0.8333333333333334,0.0024602413177490234
median_top80_moderate12_wide,top40_minx45,median,80,moderate12,wide,40,45.0,12,8,1,1,2,3,5,0.8333333333333334,0.002464433511098226
median_top20_moderate12_wide,top20_minx45,median,20,moderate12,wide,20,45.0,12,6,1,1,1,3,4,0.6666666666666666,0.0005388855934143066
median_top40_moderate12_wide,top20_minx45,median,40,moderate12,wide,20,45.0,12,6,1,1,1,3,4,0.6666666666666666,0.0005317330360412598
median_top80_moderate12_wide,top20_minx45,median,80,moderate12,wide,20,45.0,12,6,1,1,1,3,4,0.6666666666666666,0.0005359649658203125
none_top40_dense4_single667,top40_minx20,none,40,dense4,single667,40,20.0,12,12,1,1,1,5,2,0.6666666666666666,0.005200684070587158
none_top80_dense4_single667,top40_minx20,none,80,dense4,single667,40,20.0,12,12,1,1,1,5,2,0.6666666666666666,0.005191365877787272
median_top20_moderate12_wide,top40_minx45,median,20,moderate12,wide,40,45.0,12,6,1,1,1,3,4,0.6666666666666666,0.000537872314453125
none_top20_moderate12_baseline,top20_minx20,none,20,moderate12,baseline,20,20.0,12,12,1,0,4,5,9,1.5,0.0006652474403381348
none_top40_moderate12_baseline,top20_minx20,none,40,moderate12,baseline,20,20.0,12,12,1,0,4,5,9,1.5,0.0006610552469889323
none_top80_moderate12_baseline,top20_minx20,none,80,moderate12,baseline,20,20.0,12,12,1,0,4,5,9,1.5,0.0006636977195739746
none_top20_moderate12_baseline,top40_minx20,none,20,moderate12,baseline,40,20.0,12,12,1,0,4,5,9,1.5,0.0006646911303202311
none_top40_moderate12_baseline,top40_minx20,none,40,moderate12,baseline,40,20.0,12,12,1,0,4,5,9,1.5,0.0029873251914978027
none_top80_moderate12_baseline,top40_minx20,none,80,moderate12,baseline,40,20.0,12,12,1,0,4,5,9,1.5,0.002973020076751709
none_top20_dense4_baseline,top20_minx8,none,20,dense4,baseline,20,8.0,12,12,0,0,0,11,6,1.4166666666666667,0.000613709290822347
none_top40_dense4_baseline,top20_minx8,none,40,dense4,baseline,20,8.0,12,12,0,0,0,11,6,1.4166666666666667,0.0006117026011149088
none_top80_dense4_baseline,top20_minx8,none,80,dense4,baseline,20,8.0,12,12,0,0,0,11,6,1.4166666666666667,0.0006145437558492025
none_top20_dense4_baseline,top40_minx8,none,20,dense4,baseline,40,8.0,12,12,0,0,0,11,6,1.4166666666666667,0.0005941987037658691
none_top40_dense4_baseline,top40_minx8,none,40,dense4,baseline,40,8.0,12,12,0,0,0,11,6,1.4166666666666667,0.005656103293100993
none_top80_dense4_baseline,top40_minx8,none,80,dense4,baseline,40,8.0,12,12,0,0,0,11,6,1.4166666666666667,0.005682587623596191
median_top20_distinct20_baseline,top10_minx20,median,20,distinct20,baseline,10,20.0,12,12,0,0,4,6,6,1.3333333333333333,8.217493693033855e-05
median_top40_distinct20_baseline,top10_minx20,median,40,distinct20,baseline,10,20.0,12,12,0,0,4,6,6,1.3333333333333333,8.229414621988933e-05
median_top80_distinct20_baseline,top10_minx20,median,80,distinct20,baseline,10,20.0,12,12,0,0,4,6,6,1.3333333333333333,8.102258046468099e-05
median_top20_distinct20_baseline,top20_minx20,median,20,distinct20,baseline,20,20.0,12,12,0,0,4,6,6,1.3333333333333333,0.00036406517028808594
median_top40_distinct20_baseline,top20_minx20,median,40,distinct20,baseline,20,20.0,12,12,0,0,4,6,6,1.3333333333333333,0.0003664692242940267
median_top80_distinct20_baseline,top20_minx20,median,80,distinct20,baseline,20,20.0,12,12,0,0,4,6,6,1.3333333333333333,0.0003617405891418457
median_top20_distinct20_baseline,top40_minx20,median,20,distinct20,baseline,40,20.0,12,12,0,0,4,6,6,1.3333333333333333,0.0003636678059895833
median_top40_distinct20_baseline,top40_minx20,median,40,distinct20,baseline,40,20.0,12,12,0,0,4,6,6,1.3333333333333333,0.0003838539123535156
median_top80_distinct20_baseline,top40_minx20,median,80,distinct20,baseline,40,20.0,12,12,0,0,4,6,6,1.3333333333333333,0.0003828605016072591
median_top20_moderate12_wide,top20_minx20,median,20,moderate12,wide,20,20.0,12,12,1,0,2,4,9,1.25,0.0006133516629536947
median_top40_moderate12_wide,top20_minx20,median,40,moderate12,wide,20,20.0,12,12,1,0,2,4,9,1.25,0.0006107687950134277
median_top80_moderate12_wide,top20_minx20,median,80,moderate12,wide,20,20.0,12,12,1,0,2,4,9,1.25,0.0006109078725179037
none_top40_dense4_baseline,top40_minx12,none,40,dense4,baseline,40,12.0,12,12,0,0,0,9,6,1.25,0.0052171746889750166
none_top80_dense4_baseline,top40_minx12,none,80,dense4,baseline,40,12.0,12,12,0,0,0,9,6,1.25,0.005243738492329915
median_top20_moderate12_wide,top40_minx20,median,20,moderate12,wide,40,20.0,12,12,1,0,2,4,9,1.25,0.0006149212519327799
median_top40_moderate12_wide,top40_minx20,median,40,moderate12,wide,40,20.0,12,12,1,0,2,4,9,1.25,0.002893169720967611
median_top80_moderate12_wide,top40_minx20,median,80,moderate12,wide,40,20.0,12,12,1,0,2,4,9,1.25,0.002900838851928711
median_top20_distinct20_baseline,top10_minx8,median,20,distinct20,baseline,10,8.0,12,12,0,0,3,5,6,1.1666666666666667,0.00013405084609985352
median_top20_distinct20_wide,top10_minx8,median,20,distinct20,wide,10,8.0,12,12,0,0,1,3,10,1.1666666666666667,0.00013452768325805664
median_top40_distinct20_baseline,top10_minx8,median,40,distinct20,baseline,10,8.0,12,12,0,0,3,5,6,1.1666666666666667,0.0001404285430908203
median_top40_distinct20_wide,top10_minx8,median,40,distinct20,wide,10,8.0,12,12,0,0,1,3,10,1.1666666666666667,0.00014110406239827475
median_top80_distinct20_baseline,top10_minx8,median,80,distinct20,baseline,10,8.0,12,12,0,0,3,5,6,1.1666666666666667,0.0001341700553894043
median_top80_distinct20_wide,top10_minx8,median,80,distinct20,wide,10,8.0,12,12,0,0,1,3,10,1.1666666666666667,0.00013462702433268228
none_top20_distinct20_baseline,top10_minx8,none,20,distinct20,baseline,10,8.0,12,12,1,0,1,6,7,1.1666666666666667,0.0001414815584818522
none_top40_distinct20_baseline,top10_minx8,none,40,distinct20,baseline,10,8.0,12,12,1,0,1,6,7,1.1666666666666667,0.00014907121658325195
none_top80_distinct20_baseline,top10_minx8,none,80,distinct20,baseline,10,8.0,12,12,1,0,1,6,7,1.1666666666666667,0.00014164050420125326
mean_top20_distinct20_wide,top10_minx12,mean,20,distinct20,wide,10,12.0,12,12,0,0,2,5,7,1.1666666666666667,8.227427800496419e-05
mean_top40_distinct20_wide,top10_minx12,mean,40,distinct20,wide,10,12.0,12,12,0,0,2,5,7,1.1666666666666667,8.277098337809245e-05
mean_top80_distinct20_wide,top10_minx12,mean,80,distinct20,wide,10,12.0,12,12,0,0,2,5,7,1.1666666666666667,8.292992909749349e-05
median_top20_distinct20_baseline,top10_minx12,median,20,distinct20,baseline,10,12.0,12,12,0,0,3,5,6,1.1666666666666667,8.473793665568034e-05
median_top20_distinct20_wide,top10_minx12,median,20,distinct20,wide,10,12.0,12,12,0,0,1,3,10,1.1666666666666667,8.426109949747722e-05
median_top40_distinct20_baseline,top10_minx12,median,40,distinct20,baseline,10,12.0,12,12,0,0,3,5,6,1.1666666666666667,8.716185887654622e-05
median_top40_distinct20_wide,top10_minx12,median,40,distinct20,wide,10,12.0,12,12,0,0,1,3,10,1.1666666666666667,8.50359598795573e-05
median_top80_distinct20_baseline,top10_minx12,median,80,distinct20,baseline,10,12.0,12,12,0,0,3,5,6,1.1666666666666667,8.485714594523112e-05
median_top80_distinct20_wide,top10_minx12,median,80,distinct20,wide,10,12.0,12,12,0,0,1,3,10,1.1666666666666667,8.298953374226888e-05
none_top20_moderate12_baseline,top10_minx12,none,20,moderate12,baseline,10,12.0,12,12,0,0,0,8,6,1.1666666666666667,8.807579676310222e-05
none_top40_moderate12_baseline,top10_minx12,none,40,moderate12,baseline,10,12.0,12,12,0,0,0,8,6,1.1666666666666667,8.765856424967448e-05
none_top80_moderate12_baseline,top10_minx12,none,80,moderate12,baseline,10,12.0,12,12,0,0,0,8,6,1.1666666666666667,8.809566497802734e-05
median_top20_distinct20_wide,top10_minx20,median,20,distinct20,wide,10,20.0,12,12,0,0,1,4,9,1.1666666666666667,8.03073247273763e-05
median_top40_distinct20_wide,top10_minx20,median,40,distinct20,wide,10,20.0,12,12,0,0,1,4,9,1.1666666666666667,7.99099604288737e-05
median_top80_distinct20_wide,top10_minx20,median,80,distinct20,wide,10,20.0,12,12,0,0,1,4,9,1.1666666666666667,7.93139139811198e-05
median_top20_distinct20_baseline,top20_minx8,median,20,distinct20,baseline,20,8.0,12,12,0,0,3,5,6,1.1666666666666667,0.00039017200469970703
median_top20_distinct20_wide,top20_minx8,median,20,distinct20,wide,20,8.0,12,12,0,0,1,3,10,1.1666666666666667,0.00038111209869384766
median_top40_distinct20_baseline,top20_minx8,median,40,distinct20,baseline,20,8.0,12,12,0,0,3,5,6,1.1666666666666667,0.0003915826479593913
median_top40_distinct20_wide,top20_minx8,median,40,distinct20,wide,20,8.0,12,12,0,0,1,3,10,1.1666666666666667,0.00038156906763712567
median_top80_distinct20_baseline,top20_minx8,median,80,distinct20,baseline,20,8.0,12,12,0,0,3,5,6,1.1666666666666667,0.00038429101308186847
median_top80_distinct20_wide,top20_minx8,median,80,distinct20,wide,20,8.0,12,12,0,0,1,3,10,1.1666666666666667,0.0003814498583475749
none_top20_distinct20_baseline,top20_minx8,none,20,distinct20,baseline,20,8.0,12,12,1,0,1,6,7,1.1666666666666667,0.0003063480059305827
none_top40_distinct20_baseline,top20_minx8,none,40,distinct20,baseline,20,8.0,12,12,1,0,1,6,7,1.1666666666666667,0.0003084143002827962
none_top80_distinct20_baseline,top20_minx8,none,80,distinct20,baseline,20,8.0,12,12,1,0,1,6,7,1.1666666666666667,0.0003087321917215983
mean_top20_distinct20_wide,top20_minx12,mean,20,distinct20,wide,20,12.0,12,12,0,0,2,5,7,1.1666666666666667,0.0003867348035176595
mean_top40_distinct20_wide,top20_minx12,mean,40,distinct20,wide,20,12.0,12,12,0,0,2,5,7,1.1666666666666667,0.0003908872604370117
mean_top80_distinct20_wide,top20_minx12,mean,80,distinct20,wide,20,12.0,12,12,0,0,2,5,7,1.1666666666666667,0.0003923376401265462
median_top20_distinct20_baseline,top20_minx12,median,20,distinct20,baseline,20,12.0,12,12,0,0,3,5,6,1.1666666666666667,0.00037821133931477863
median_top20_distinct20_wide,top20_minx12,median,20,distinct20,wide,20,12.0,12,12,0,0,1,3,10,1.1666666666666667,0.00037747621536254883
median_top40_distinct20_baseline,top20_minx12,median,40,distinct20,baseline,20,12.0,12,12,0,0,3,5,6,1.1666666666666667,0.0003802378972371419
median_top40_distinct20_wide,top20_minx12,median,40,distinct20,wide,20,12.0,12,12,0,0,1,3,10,1.1666666666666667,0.0003749728202819824
median_top80_distinct20_baseline,top20_minx12,median,80,distinct20,baseline,20,12.0,12,12,0,0,3,5,6,1.1666666666666667,0.00037477413813273114
median_top80_distinct20_wide,top20_minx12,median,80,distinct20,wide,20,12.0,12,12,0,0,1,3,10,1.1666666666666667,0.0003687342007954915
none_top20_moderate12_baseline,top20_minx12,none,20,moderate12,baseline,20,12.0,12,12,0,0,0,8,6,1.1666666666666667,0.0007557074228922526
none_top40_moderate12_baseline,top20_minx12,none,40,moderate12,baseline,20,12.0,12,12,0,0,0,8,6,1.1666666666666667,0.0007447203000386556
none_top80_moderate12_baseline,top20_minx12,none,80,moderate12,baseline,20,12.0,12,12,0,0,0,8,6,1.1666666666666667,0.0007505218187967936
median_top20_distinct20_wide,top20_minx20,median,20,distinct20,wide,20,20.0,12,12,0,0,1,4,9,1.1666666666666667,0.00036331017812093097
median_top20_moderate12_baseline,top20_minx20,median,20,moderate12,baseline,20,20.0,12,12,0,0,4,6,4,1.1666666666666667,0.0006219148635864258
median_top40_distinct20_wide,top20_minx20,median,40,distinct20,wide,20,20.0,12,12,0,0,1,4,9,1.1666666666666667,0.0003602306048075358
median_top40_moderate12_baseline,top20_minx20,median,40,moderate12,baseline,20,20.0,12,12,0,0,4,6,4,1.1666666666666667,0.0006185770034790039
median_top80_distinct20_wide,top20_minx20,median,80,distinct20,wide,20,20.0,12,12,0,0,1,4,9,1.1666666666666667,0.0003541906674702962
median_top80_moderate12_baseline,top20_minx20,median,80,moderate12,baseline,20,20.0,12,12,0,0,4,6,4,1.1666666666666667,0.0006186167399088541
median_top20_distinct20_baseline,top40_minx8,median,20,distinct20,baseline,40,8.0,12,12,0,0,3,5,6,1.1666666666666667,0.00038611888885498047
median_top20_distinct20_wide,top40_minx8,median,20,distinct20,wide,40,8.0,12,12,0,0,1,3,10,1.1666666666666667,0.0003802975018819173
median_top40_dense4_wide,top40_minx8,median,40,dense4,wide,40,8.0,12,12,0,0,0,9,5,1.1666666666666667,0.0051158467928568525
median_top40_distinct20_baseline,top40_minx8,median,40,distinct20,baseline,40,8.0,12,12,0,0,3,5,6,1.1666666666666667,0.0004075368245442708
median_top40_distinct20_wide,top40_minx8,median,40,distinct20,wide,40,8.0,12,12,0,0,1,3,10,1.1666666666666667,0.0003807743390401204
median_top80_dense4_wide,top40_minx8,median,80,dense4,wide,40,8.0,12,12,0,0,0,9,5,1.1666666666666667,0.0050804416338602705
median_top80_distinct20_baseline,top40_minx8,median,80,distinct20,baseline,40,8.0,12,12,0,0,3,5,6,1.1666666666666667,0.00040235122044881183
median_top80_distinct20_wide,top40_minx8,median,80,distinct20,wide,40,8.0,12,12,0,0,1,3,10,1.1666666666666667,0.00037596623102823895
none_top20_distinct20_baseline,top40_minx8,none,20,distinct20,baseline,40,8.0,12,12,1,0,1,6,7,1.1666666666666667,0.00030726194381713867
none_top40_distinct20_baseline,top40_minx8,none,40,distinct20,baseline,40,8.0,12,12,1,0,1,6,7,1.1666666666666667,0.0003114740053812663
none_top80_distinct20_baseline,top40_minx8,none,80,distinct20,baseline,40,8.0,12,12,1,0,1,6,7,1.1666666666666667,0.00030942757924397785
mean_top20_distinct20_wide,top40_minx12,mean,20,distinct20,wide,40,12.0,12,12,0,0,2,5,7,1.1666666666666667,0.0003863374392191569
mean_top40_distinct20_wide,top40_minx12,mean,40,distinct20,wide,40,12.0,12,12,0,0,2,5,7,1.1666666666666667,0.00039150317509969074
mean_top80_distinct20_wide,top40_minx12,mean,80,distinct20,wide,40,12.0,12,12,0,0,2,5,7,1.1666666666666667,0.0003923972447713216
median_top20_distinct20_baseline,top40_minx12,median,20,distinct20,baseline,40,12.0,12,12,0,0,3,5,6,1.1666666666666667,0.00037465492884318036
median_top20_distinct20_wide,top40_minx12,median,20,distinct20,wide,40,12.0,12,12,0,0,1,3,10,1.1666666666666667,0.0003734429677327474
median_top40_dense4_baseline,top40_minx12,median,40,dense4,baseline,40,12.0,12,12,0,0,0,9,5,1.1666666666666667,0.004877865314483643
median_top40_dense4_wide,top40_minx12,median,40,dense4,wide,40,12.0,12,12,0,0,0,9,5,1.1666666666666667,0.004733900229136149
median_top40_distinct20_baseline,top40_minx12,median,40,distinct20,baseline,40,12.0,12,12,0,0,3,5,6,1.1666666666666667,0.00039947032928466797
median_top40_distinct20_wide,top40_minx12,median,40,distinct20,wide,40,12.0,12,12,0,0,1,3,10,1.1666666666666667,0.0003744761149088542
median_top80_dense4_baseline,top40_minx12,median,80,dense4,baseline,40,12.0,12,12,0,0,0,9,5,1.1666666666666667,0.004873017470041911
median_top80_dense4_wide,top40_minx12,median,80,dense4,wide,40,12.0,12,12,0,0,0,9,5,1.1666666666666667,0.0047201116879781084
median_top80_distinct20_baseline,top40_minx12,median,80,distinct20,baseline,40,12.0,12,12,0,0,3,5,6,1.1666666666666667,0.0003934303919474284
median_top80_distinct20_wide,top40_minx12,median,80,distinct20,wide,40,12.0,12,12,0,0,1,3,10,1.1666666666666667,0.00036972761154174805
none_top20_moderate12_baseline,top40_minx12,none,20,moderate12,baseline,40,12.0,12,12,0,0,0,8,6,1.1666666666666667,0.0007533828417460123
none_top40_moderate12_baseline,top40_minx12,none,40,moderate12,baseline,40,12.0,12,12,0,0,0,8,6,1.1666666666666667,0.003354032834370931
none_top80_moderate12_baseline,top40_minx12,none,80,moderate12,baseline,40,12.0,12,12,0,0,0,8,6,1.1666666666666667,0.003342568874359131
median_top20_distinct20_wide,top40_minx20,median,20,distinct20,wide,40,20.0,12,12,0,0,1,4,9,1.1666666666666667,0.00036396582921346027
median_top20_moderate12_baseline,top40_minx20,median,20,moderate12,baseline,40,20.0,12,12,0,0,4,6,4,1.1666666666666667,0.0006205439567565918
median_top40_distinct20_wide,top40_minx20,median,40,distinct20,wide,40,20.0,12,12,0,0,1,4,9,1.1666666666666667,0.00036090612411499023
median_top40_moderate12_baseline,top40_minx20,median,40,moderate12,baseline,40,20.0,12,12,0,0,4,6,4,1.1666666666666667,0.0030102133750915527
median_top80_distinct20_wide,top40_minx20,median,80,distinct20,wide,40,20.0,12,12,0,0,1,4,9,1.1666666666666667,0.0003571510314941406
median_top80_moderate12_baseline,top40_minx20,median,80,moderate12,baseline,40,20.0,12,12,0,0,4,6,4,1.1666666666666667,0.003033141295115153
mean_top20_distinct20_wide,top10_minx8,mean,20,distinct20,wide,10,8.0,12,12,0,0,2,5,6,1.0833333333333333,0.0001300175984700521
mean_top40_distinct20_wide,top10_minx8,mean,40,distinct20,wide,10,8.0,12,12,0,0,2,5,6,1.0833333333333333,0.00013363361358642578
mean_top80_distinct20_wide,top10_minx8,mean,80,distinct20,wide,10,8.0,12,12,0,0,2,5,6,1.0833333333333333,0.0001322031021118164
median_top20_moderate12_baseline,top10_minx8,median,20,moderate12,baseline,10,8.0,12,12,0,0,0,7,6,1.0833333333333333,0.0001373291015625
median_top40_moderate12_baseline,top10_minx8,median,40,moderate12,baseline,10,8.0,12,12,0,0,0,7,6,1.0833333333333333,0.0001344879468282064
median_top80_moderate12_baseline,top10_minx8,median,80,moderate12,baseline,10,8.0,12,12,0,0,0,7,6,1.0833333333333333,0.0001402099927266439
none_top20_moderate12_baseline,top10_minx8,none,20,moderate12,baseline,10,8.0,12,12,0,0,0,7,6,1.0833333333333333,0.0001401702562967936
none_top40_moderate12_baseline,top10_minx8,none,40,moderate12,baseline,10,8.0,12,12,0,0,0,7,6,1.0833333333333333,0.00013999144236246744
none_top80_moderate12_baseline,top10_minx8,none,80,moderate12,baseline,10,8.0,12,12,0,0,0,7,6,1.0833333333333333,0.00013905763626098633
mean_top20_distinct20_baseline,top10_minx12,mean,20,distinct20,baseline,10,12.0,12,12,0,0,3,5,5,1.0833333333333333,9.085734685262044e-05
mean_top20_moderate12_wide,top10_minx12,mean,20,moderate12,wide,10,12.0,12,12,0,0,0,8,5,1.0833333333333333,8.380413055419922e-05
mean_top40_distinct20_baseline,top10_minx12,mean,40,distinct20,baseline,10,12.0,12,12,0,0,3,5,5,1.0833333333333333,8.579095204671224e-05
mean_top40_moderate12_wide,top10_minx12,mean,40,moderate12,wide,10,12.0,12,12,0,0,0,8,5,1.0833333333333333,7.464488347371419e-05
mean_top80_distinct20_baseline,top10_minx12,mean,80,distinct20,baseline,10,12.0,12,12,0,0,3,5,5,1.0833333333333333,8.45193862915039e-05
mean_top80_moderate12_wide,top10_minx12,mean,80,moderate12,wide,10,12.0,12,12,0,0,0,8,5,1.0833333333333333,7.657210032145183e-05
mean_top20_distinct20_baseline,top10_minx20,mean,20,distinct20,baseline,10,20.0,12,12,0,0,4,4,5,1.0833333333333333,8.738040924072266e-05
mean_top40_distinct20_baseline,top10_minx20,mean,40,distinct20,baseline,10,20.0,12,12,0,0,4,4,5,1.0833333333333333,8.143981297810872e-05
mean_top80_distinct20_baseline,top10_minx20,mean,80,distinct20,baseline,10,20.0,12,12,0,0,4,4,5,1.0833333333333333,8.086363474527995e-05
none_top20_distinct20_baseline,top10_minx20,none,20,distinct20,baseline,10,20.0,12,12,1,0,3,4,6,1.0833333333333333,8.591016133626302e-05
none_top40_distinct20_baseline,top10_minx20,none,40,distinct20,baseline,10,20.0,12,12,1,0,3,4,6,1.0833333333333333,8.813540140787761e-05
none_top80_distinct20_baseline,top10_minx20,none,80,distinct20,baseline,10,20.0,12,12,1,0,3,4,6,1.0833333333333333,8.622805277506511e-05
mean_top20_dense4_baseline,top20_minx8,mean,20,dense4,baseline,20,8.0,12,12,0,0,0,8,5,1.0833333333333333,0.0006161729494730631
mean_top20_dense4_wide,top20_minx8,mean,20,dense4,wide,20,8.0,12,12,0,0,0,7,6,1.0833333333333333,0.0006289283434549967
mean_top20_distinct20_wide,top20_minx8,mean,20,distinct20,wide,20,8.0,12,12,0,0,2,5,6,1.0833333333333333,0.0003940463066101074
mean_top40_dense4_baseline,top20_minx8,mean,40,dense4,baseline,20,8.0,12,12,0,0,0,8,5,1.0833333333333333,0.0005656083424886068
mean_top40_dense4_wide,top20_minx8,mean,40,dense4,wide,20,8.0,12,12,0,0,0,7,6,1.0833333333333333,0.0005765159924825033
mean_top40_distinct20_wide,top20_minx8,mean,40,distinct20,wide,20,8.0,12,12,0,0,2,5,6,1.0833333333333333,0.0003930330276489258
mean_top80_dense4_baseline,top20_minx8,mean,80,dense4,baseline,20,8.0,12,12,0,0,0,8,5,1.0833333333333333,0.0005622307459513346
mean_top80_dense4_wide,top20_minx8,mean,80,dense4,wide,20,8.0,12,12,0,0,0,7,6,1.0833333333333333,0.0005806485811869303
mean_top80_distinct20_wide,top20_minx8,mean,80,distinct20,wide,20,8.0,12,12,0,0,2,5,6,1.0833333333333333,0.0003978610038757324
median_top20_moderate12_baseline,top20_minx8,median,20,moderate12,baseline,20,8.0,12,12,0,0,0,7,6,1.0833333333333333,0.0007316072781880697
median_top40_moderate12_baseline,top20_minx8,median,40,moderate12,baseline,20,8.0,12,12,0,0,0,7,6,1.0833333333333333,0.0007296005884806315
median_top80_moderate12_baseline,top20_minx8,median,80,moderate12,baseline,20,8.0,12,12,0,0,0,7,6,1.0833333333333333,0.0007323026657104492
none_top20_moderate12_baseline,top20_minx8,none,20,moderate12,baseline,20,8.0,12,12,0,0,0,7,6,1.0833333333333333,0.0007861455281575521
none_top40_moderate12_baseline,top20_minx8,none,40,moderate12,baseline,20,8.0,12,12,0,0,0,7,6,1.0833333333333333,0.0007786750793457031
none_top80_moderate12_baseline,top20_minx8,none,80,moderate12,baseline,20,8.0,12,12,0,0,0,7,6,1.0833333333333333,0.0007811586062113444
mean_top20_distinct20_baseline,top20_minx12,mean,20,distinct20,baseline,20,12.0,12,12,0,0,3,5,5,1.0833333333333333,0.0003960728645324707
mean_top20_moderate12_baseline,top20_minx12,mean,20,moderate12,baseline,20,12.0,12,12,0,0,0,9,4,1.0833333333333333,0.0007494091987609863
mean_top20_moderate12_wide,top20_minx12,mean,20,moderate12,wide,20,12.0,12,12,0,0,0,8,5,1.0833333333333333,0.0007347265879313151
mean_top40_distinct20_baseline,top20_minx12,mean,40,distinct20,baseline,20,12.0,12,12,0,0,3,5,5,1.0833333333333333,0.00038125117619832355
mean_top40_moderate12_baseline,top20_minx12,mean,40,moderate12,baseline,20,12.0,12,12,0,0,0,9,4,1.0833333333333333,0.0006833076477050781
mean_top40_moderate12_wide,top20_minx12,mean,40,moderate12,wide,20,12.0,12,12,0,0,0,8,5,1.0833333333333333,0.0006732741991678873
mean_top80_distinct20_baseline,top20_minx12,mean,80,distinct20,baseline,20,12.0,12,12,0,0,3,5,5,1.0833333333333333,0.0003801782925923665
mean_top80_moderate12_baseline,top20_minx12,mean,80,moderate12,baseline,20,12.0,12,12,0,0,0,9,4,1.0833333333333333,0.00069655974706014
mean_top80_moderate12_wide,top20_minx12,mean,80,moderate12,wide,20,12.0,12,12,0,0,0,8,5,1.0833333333333333,0.0006844202677408854
mean_top20_distinct20_baseline,top20_minx20,mean,20,distinct20,baseline,20,20.0,12,12,0,0,4,4,5,1.0833333333333333,0.00038109223047892254
mean_top40_distinct20_baseline,top20_minx20,mean,40,distinct20,baseline,20,20.0,12,12,0,0,4,4,5,1.0833333333333333,0.0003631909688313802
mean_top80_distinct20_baseline,top20_minx20,mean,80,distinct20,baseline,20,20.0,12,12,0,0,4,4,5,1.0833333333333333,0.0003663500150044759
none_top20_distinct20_baseline,top20_minx20,none,20,distinct20,baseline,20,20.0,12,12,1,0,3,4,6,1.0833333333333333,0.0002830028533935547
none_top40_distinct20_baseline,top20_minx20,none,40,distinct20,baseline,20,20.0,12,12,1,0,3,4,6,1.0833333333333333,0.00028967857360839844
none_top80_distinct20_baseline,top20_minx20,none,80,distinct20,baseline,20,20.0,12,12,1,0,3,4,6,1.0833333333333333,0.00028693675994873047
mean_top20_dense4_baseline,top40_minx8,mean,20,dense4,baseline,40,8.0,12,12,0,0,0,8,5,1.0833333333333333,0.0006095369656880697
mean_top20_dense4_wide,top40_minx8,mean,20,dense4,wide,40,8.0,12,12,0,0,0,7,6,1.0833333333333333,0.0006184776624043783
mean_top20_distinct20_wide,top40_minx8,mean,20,distinct20,wide,40,8.0,12,12,0,0,2,5,6,1.0833333333333333,0.0003916223843892415
mean_top40_dense4_baseline,top40_minx8,mean,40,dense4,baseline,40,8.0,12,12,0,0,0,8,5,1.0833333333333333,0.005179742972056071
mean_top40_dense4_wide,top40_minx8,mean,40,dense4,wide,40,8.0,12,12,0,0,0,7,6,1.0833333333333333,0.005008240540822347
mean_top40_distinct20_wide,top40_minx8,mean,40,distinct20,wide,40,8.0,12,12,0,0,2,5,6,1.0833333333333333,0.00039384762446085614
mean_top80_dense4_baseline,top40_minx8,mean,80,dense4,baseline,40,8.0,12,12,0,0,0,8,5,1.0833333333333333,0.0051728089650472
mean_top80_dense4_wide,top40_minx8,mean,80,dense4,wide,40,8.0,12,12,0,0,0,7,6,1.0833333333333333,0.00505665938059489
mean_top80_distinct20_wide,top40_minx8,mean,80,distinct20,wide,40,8.0,12,12,0,0,2,5,6,1.0833333333333333,0.00039782126744588214
median_top20_moderate12_baseline,top40_minx8,median,20,moderate12,baseline,40,8.0,12,12,0,0,0,7,6,1.0833333333333333,0.0007322430610656738
median_top40_moderate12_baseline,top40_minx8,median,40,moderate12,baseline,40,8.0,12,12,0,0,0,7,6,1.0833333333333333,0.003502964973449707
median_top80_moderate12_baseline,top40_minx8,median,80,moderate12,baseline,40,8.0,12,12,0,0,0,7,6,1.0833333333333333,0.0035247802734375
none_top20_moderate12_baseline,top40_minx8,none,20,moderate12,baseline,40,8.0,12,12,0,0,0,7,6,1.0833333333333333,0.0007798671722412109
none_top40_moderate12_baseline,top40_minx8,none,40,moderate12,baseline,40,8.0,12,12,0,0,0,7,6,1.0833333333333333,0.003437956174214681
none_top80_moderate12_baseline,top40_minx8,none,80,moderate12,baseline,40,8.0,12,12,0,0,0,7,6,1.0833333333333333,0.003452599048614502
mean_top20_distinct20_baseline,top40_minx12,mean,20,distinct20,baseline,40,12.0,12,12,0,0,3,5,5,1.0833333333333333,0.0003971258799235026
mean_top20_moderate12_baseline,top40_minx12,mean,20,moderate12,baseline,40,12.0,12,12,0,0,0,9,4,1.0833333333333333,0.0007549722989400228
mean_top20_moderate12_wide,top40_minx12,mean,20,moderate12,wide,40,12.0,12,12,0,0,0,8,5,1.0833333333333333,0.0007383823394775391
mean_top40_distinct20_baseline,top40_minx12,mean,40,distinct20,baseline,40,12.0,12,12,0,0,3,5,5,1.0833333333333333,0.0003810723622639974
mean_top40_moderate12_baseline,top40_minx12,mean,40,moderate12,baseline,40,12.0,12,12,0,0,0,9,4,1.0833333333333333,0.0033188660939534507
mean_top40_moderate12_wide,top40_minx12,mean,40,moderate12,wide,40,12.0,12,12,0,0,0,8,5,1.0833333333333333,0.0029081503550211587
mean_top80_distinct20_baseline,top40_minx12,mean,80,distinct20,baseline,40,12.0,12,12,0,0,3,5,5,1.0833333333333333,0.00038584073384602863
mean_top80_moderate12_baseline,top40_minx12,mean,80,moderate12,baseline,40,12.0,12,12,0,0,0,9,4,1.0833333333333333,0.0033803383509318032
mean_top80_moderate12_wide,top40_minx12,mean,80,moderate12,wide,40,12.0,12,12,0,0,0,8,5,1.0833333333333333,0.0029854377110799155
mean_top20_distinct20_baseline,top40_minx20,mean,20,distinct20,baseline,40,20.0,12,12,0,0,4,4,5,1.0833333333333333,0.00037781397501627606
mean_top40_distinct20_baseline,top40_minx20,mean,40,distinct20,baseline,40,20.0,12,12,0,0,4,4,5,1.0833333333333333,0.00036531686782836914
mean_top80_distinct20_baseline,top40_minx20,mean,80,distinct20,baseline,40,20.0,12,12,0,0,4,4,5,1.0833333333333333,0.00036789973576863605
none_top20_distinct20_baseline,top40_minx20,none,20,distinct20,baseline,40,20.0,12,12,1,0,3,4,6,1.0833333333333333,0.00028600295384724933
none_top40_distinct20_baseline,top40_minx20,none,40,distinct20,baseline,40,20.0,12,12,1,0,3,4,6,1.0833333333333333,0.0002876122792561849
none_top80_distinct20_baseline,top40_minx20,none,80,distinct20,baseline,40,20.0,12,12,1,0,3,4,6,1.0833333333333333,0.00028719504674275714
mean_top20_distinct20_baseline,top10_minx8,mean,20,distinct20,baseline,10,8.0,12,12,0,0,2,4,6,1.0,0.00014150142669677734
mean_top40_distinct20_baseline,top10_minx8,mean,40,distinct20,baseline,10,8.0,12,12,0,0,2,4,6,1.0,0.0001433690388997396
mean_top80_distinct20_baseline,top10_minx8,mean,80,distinct20,baseline,10,8.0,12,12,0,0,2,4,6,1.0,0.00013210376103719076
mean_top20_moderate12_baseline,top10_minx12,mean,20,moderate12,baseline,10,12.0,12,12,0,0,0,8,4,1.0,8.654594421386719e-05
mean_top40_moderate12_baseline,top10_minx12,mean,40,moderate12,baseline,10,12.0,12,12,0,0,0,8,4,1.0,7.822116216023763e-05
mean_top80_moderate12_baseline,top10_minx12,mean,80,moderate12,baseline,10,12.0,12,12,0,0,0,8,4,1.0,7.86582628885905e-05
none_top20_distinct20_baseline,top10_minx12,none,20,distinct20,baseline,10,12.0,12,12,1,0,1,4,7,1.0,9.17514165242513e-05
none_top40_distinct20_baseline,top10_minx12,none,40,distinct20,baseline,10,12.0,12,12,1,0,1,4,7,1.0,9.312232335408528e-05
none_top80_distinct20_baseline,top10_minx12,none,80,distinct20,baseline,10,12.0,12,12,1,0,1,4,7,1.0,9.28044319152832e-05
mean_top20_distinct20_wide,top10_minx20,mean,20,distinct20,wide,10,20.0,12,12,0,0,3,3,6,1.0,7.796287536621094e-05
mean_top40_distinct20_wide,top10_minx20,mean,40,distinct20,wide,10,20.0,12,12,0,0,3,3,6,1.0,7.838010787963867e-05
mean_top80_distinct20_wide,top10_minx20,mean,80,distinct20,wide,10,20.0,12,12,0,0,3,3,6,1.0,7.83999760945638e-05
none_top20_moderate12_baseline,top10_minx20,none,20,moderate12,baseline,10,20.0,12,9,0,0,3,3,6,1.0,7.541974385579427e-05
none_top40_moderate12_baseline,top10_minx20,none,40,moderate12,baseline,10,20.0,12,9,0,0,3,3,6,1.0,7.490317026774089e-05
none_top80_moderate12_baseline,top10_minx20,none,80,moderate12,baseline,10,20.0,12,9,0,0,3,3,6,1.0,7.468461990356445e-05
mean_top20_distinct20_baseline,top20_minx8,mean,20,distinct20,baseline,20,8.0,12,12,0,0,2,4,6,1.0,0.000403900941212972
mean_top40_distinct20_baseline,top20_minx8,mean,40,distinct20,baseline,20,8.0,12,12,0,0,2,4,6,1.0,0.0003885229428609212
mean_top80_distinct20_baseline,top20_minx8,mean,80,distinct20,baseline,20,8.0,12,12,0,0,2,4,6,1.0,0.00039269526799519855
median_top20_dense4_baseline,top20_minx8,median,20,dense4,baseline,20,8.0,12,12,0,0,0,8,4,1.0,0.0005691846211751302
median_top20_dense4_wide,top20_minx8,median,20,dense4,wide,20,8.0,12,11,0,0,0,8,4,1.0,0.0005768537521362305
median_top40_dense4_baseline,top20_minx8,median,40,dense4,baseline,20,8.0,12,12,0,0,0,8,4,1.0,0.000568528970082601
median_top40_dense4_wide,top20_minx8,median,40,dense4,wide,20,8.0,12,11,0,0,0,8,4,1.0,0.0005690654118855795
median_top80_dense4_baseline,top20_minx8,median,80,dense4,baseline,20,8.0,12,12,0,0,0,8,4,1.0,0.000571290651957194
median_top80_dense4_wide,top20_minx8,median,80,dense4,wide,20,8.0,12,11,0,0,0,8,4,1.0,0.0005675156911214193
median_top20_dense4_wide,top20_minx12,median,20,dense4,wide,20,12.0,12,10,0,0,0,8,4,1.0,0.000545640786488851
median_top40_dense4_wide,top20_minx12,median,40,dense4,wide,20,12.0,12,10,0,0,0,8,4,1.0,0.0005351702372233073
median_top80_dense4_wide,top20_minx12,median,80,dense4,wide,20,12.0,12,10,0,0,0,8,4,1.0,0.0005328059196472168
none_top20_distinct20_baseline,top20_minx12,none,20,distinct20,baseline,20,12.0,12,12,1,0,1,4,7,1.0,0.00029722849527994793
none_top40_distinct20_baseline,top20_minx12,none,40,distinct20,baseline,20,12.0,12,12,1,0,1,4,7,1.0,0.0003006656964619954
none_top80_distinct20_baseline,top20_minx12,none,80,distinct20,baseline,20,12.0,12,12,1,0,1,4,7,1.0,0.0003003080685933431
mean_top20_distinct20_wide,top20_minx20,mean,20,distinct20,wide,20,20.0,12,12,0,0,3,3,6,1.0,0.00036801894505818683
mean_top20_moderate12_wide,top20_minx20,mean,20,moderate12,wide,20,20.0,12,12,0,0,1,6,5,1.0,0.0006540616353352865
mean_top40_distinct20_wide,top20_minx20,mean,40,distinct20,wide,20,20.0,12,12,0,0,3,3,6,1.0,0.00037499268849690753
mean_top40_moderate12_wide,top20_minx20,mean,40,moderate12,wide,20,20.0,12,12,0,0,1,6,5,1.0,0.000597834587097168
mean_top80_distinct20_wide,top20_minx20,mean,80,distinct20,wide,20,20.0,12,12,0,0,3,3,6,1.0,0.00037775437037150067
mean_top80_moderate12_wide,top20_minx20,mean,80,moderate12,wide,20,20.0,12,12,0,0,1,6,5,1.0,0.0006044109662373861
mean_top20_distinct20_baseline,top40_minx8,mean,20,distinct20,baseline,40,8.0,12,12,0,0,2,4,6,1.0,0.00040729840596516925
mean_top40_distinct20_baseline,top40_minx8,mean,40,distinct20,baseline,40,8.0,12,12,0,0,2,4,6,1.0,0.0003858804702758789
mean_top80_distinct20_baseline,top40_minx8,mean,80,distinct20,baseline,40,8.0,12,12,0,0,2,4,6,1.0,0.0003914038340250651
median_top20_dense4_baseline,top40_minx8,median,20,dense4,baseline,40,8.0,12,12,0,0,0,8,4,1.0,0.000558475653330485
median_top20_dense4_wide,top40_minx8,median,20,dense4,wide,40,8.0,12,11,0,0,0,8,4,1.0,0.0005625685056050619
median_top40_dense4_baseline,top40_minx8,median,40,dense4,baseline,40,8.0,12,12,0,0,0,8,4,1.0,0.005269646644592285
median_top80_dense4_baseline,top40_minx8,median,80,dense4,baseline,40,8.0,12,12,0,0,0,8,4,1.0,0.005265494187672933
mean_top40_dense4_baseline,top40_minx12,mean,40,dense4,baseline,40,12.0,12,12,0,0,0,6,6,1.0,0.004780014355977376
mean_top40_dense4_wide,top40_minx12,mean,40,dense4,wide,40,12.0,12,12,0,0,0,6,6,1.0,0.004647513230641683
mean_top80_dense4_baseline,top40_minx12,mean,80,dense4,baseline,40,12.0,12,12,0,0,0,6,6,1.0,0.004779716332753499
mean_top80_dense4_wide,top40_minx12,mean,80,dense4,wide,40,12.0,12,12,0,0,0,6,6,1.0,0.004703819751739502
median_top20_dense4_wide,top40_minx12,median,20,dense4,wide,40,12.0,12,10,0,0,0,8,4,1.0,0.0005379915237426758
none_top20_distinct20_baseline,top40_minx12,none,20,distinct20,baseline,40,12.0,12,12,1,0,1,4,7,1.0,0.0002993345260620117
none_top40_distinct20_baseline,top40_minx12,none,40,distinct20,baseline,40,12.0,12,12,1,0,1,4,7,1.0,0.00030108292897542316
none_top80_distinct20_baseline,top40_minx12,none,80,distinct20,baseline,40,12.0,12,12,1,0,1,4,7,1.0,0.0002994139989217122
mean_top20_distinct20_wide,top40_minx20,mean,20,distinct20,wide,40,20.0,12,12,0,0,3,3,6,1.0,0.000371396541595459
mean_top20_moderate12_wide,top40_minx20,mean,20,moderate12,wide,40,20.0,12,12,0,0,1,6,5,1.0,0.0006555716196695963
mean_top40_distinct20_wide,top40_minx20,mean,40,distinct20,wide,40,20.0,12,12,0,0,3,3,6,1.0,0.00037815173467000324
mean_top40_moderate12_wide,top40_minx20,mean,40,moderate12,wide,40,20.0,12,12,0,0,1,6,5,1.0,0.0026166637738545737
mean_top80_distinct20_wide,top40_minx20,mean,80,distinct20,wide,40,20.0,12,12,0,0,3,3,6,1.0,0.00037781397501627606
mean_top80_moderate12_wide,top40_minx20,mean,80,moderate12,wide,40,20.0,12,12,0,0,1,6,5,1.0,0.002679248650868734
mean_top20_dense4_baseline,top10_minx8,mean,20,dense4,baseline,10,8.0,12,10,0,0,0,7,4,0.9166666666666666,0.000121613343556722
mean_top20_moderate12_baseline,top10_minx8,mean,20,moderate12,baseline,10,8.0,12,12,0,0,0,6,5,0.9166666666666666,0.0001443624496459961
mean_top20_moderate12_wide,top10_minx8,mean,20,moderate12,wide,10,8.0,12,12,0,0,0,6,5,0.9166666666666666,0.00013842185338338217
mean_top40_dense4_baseline,top10_minx8,mean,40,dense4,baseline,10,8.0,12,10,0,0,0,7,4,0.9166666666666666,0.00011223554611206055
mean_top40_moderate12_baseline,top10_minx8,mean,40,moderate12,baseline,10,8.0,12,12,0,0,0,6,5,0.9166666666666666,0.0001277923583984375
mean_top40_moderate12_wide,top10_minx8,mean,40,moderate12,wide,10,8.0,12,12,0,0,0,6,5,0.9166666666666666,0.0001277327537536621
mean_top80_dense4_baseline,top10_minx8,mean,80,dense4,baseline,10,8.0,12,10,0,0,0,7,4,0.9166666666666666,0.00011245409647623698
mean_top80_moderate12_baseline,top10_minx8,mean,80,moderate12,baseline,10,8.0,12,12,0,0,0,6,5,0.9166666666666666,0.0001310110092163086
mean_top80_moderate12_wide,top10_minx8,mean,80,moderate12,wide,10,8.0,12,12,0,0,0,6,5,0.9166666666666666,0.00012960036595662436
median_top20_moderate12_wide,top10_minx8,median,20,moderate12,wide,10,8.0,12,12,0,0,0,5,6,0.9166666666666666,0.00013697147369384766
median_top40_moderate12_wide,top10_minx8,median,40,moderate12,wide,10,8.0,12,12,0,0,0,5,6,0.9166666666666666,0.0001324613889058431
median_top80_moderate12_wide,top10_minx8,median,80,moderate12,wide,10,8.0,12,12,0,0,0,5,6,0.9166666666666666,0.0001348257064819336
mean_top20_moderate12_baseline,top20_minx8,mean,20,moderate12,baseline,20,8.0,12,12,0,0,0,6,5,0.9166666666666666,0.0007817546526590983
mean_top20_moderate12_wide,top20_minx8,mean,20,moderate12,wide,20,8.0,12,12,0,0,0,6,5,0.9166666666666666,0.0007714430491129557
mean_top40_moderate12_baseline,top20_minx8,mean,40,moderate12,baseline,20,8.0,12,12,0,0,0,6,5,0.9166666666666666,0.0007208585739135742
mean_top40_moderate12_wide,top20_minx8,mean,40,moderate12,wide,20,8.0,12,12,0,0,0,6,5,0.9166666666666666,0.0007034738858540853
mean_top80_moderate12_baseline,top20_minx8,mean,80,moderate12,baseline,20,8.0,12,12,0,0,0,6,5,0.9166666666666666,0.0007276535034179688
mean_top80_moderate12_wide,top20_minx8,mean,80,moderate12,wide,20,8.0,12,12,0,0,0,6,5,0.9166666666666666,0.0007155140240987142
median_top20_moderate12_wide,top20_minx8,median,20,moderate12,wide,20,8.0,12,12,0,0,0,5,6,0.9166666666666666,0.0007178783416748047
median_top40_moderate12_wide,top20_minx8,median,40,moderate12,wide,20,8.0,12,12,0,0,0,5,6,0.9166666666666666,0.0007189710934956869
median_top80_moderate12_wide,top20_minx8,median,80,moderate12,wide,20,8.0,12,12,0,0,0,5,6,0.9166666666666666,0.0007194677988688151
mean_top20_moderate12_baseline,top20_minx20,mean,20,moderate12,baseline,20,20.0,12,12,0,0,2,4,5,0.9166666666666666,0.0006618102391560873
mean_top40_moderate12_baseline,top20_minx20,mean,40,moderate12,baseline,20,20.0,12,12,0,0,2,4,5,0.9166666666666666,0.0005976160367329916
mean_top80_moderate12_baseline,top20_minx20,mean,80,moderate12,baseline,20,20.0,12,12,0,0,2,4,5,0.9166666666666666,0.0006109277407328287
mean_top20_moderate12_baseline,top40_minx8,mean,20,moderate12,baseline,40,8.0,12,12,0,0,0,6,5,0.9166666666666666,0.0007851918538411459
mean_top20_moderate12_wide,top40_minx8,mean,20,moderate12,wide,40,8.0,12,12,0,0,0,6,5,0.9166666666666666,0.0007734100023905436
mean_top40_moderate12_baseline,top40_minx8,mean,40,moderate12,baseline,40,8.0,12,12,0,0,0,6,5,0.9166666666666666,0.0034216642379760742
mean_top40_moderate12_wide,top40_minx8,mean,40,moderate12,wide,40,8.0,12,12,0,0,0,6,5,0.9166666666666666,0.003004948298136393
mean_top80_moderate12_baseline,top40_minx8,mean,80,moderate12,baseline,40,8.0,12,12,0,0,0,6,5,0.9166666666666666,0.0034923156102498374
mean_top80_moderate12_wide,top40_minx8,mean,80,moderate12,wide,40,8.0,12,12,0,0,0,6,5,0.9166666666666666,0.003076632817586263
median_top20_moderate12_wide,top40_minx8,median,20,moderate12,wide,40,8.0,12,12,0,0,0,5,6,0.9166666666666666,0.0007235010464986166
median_top40_moderate12_wide,top40_minx8,median,40,moderate12,wide,40,8.0,12,12,0,0,0,5,6,0.9166666666666666,0.0033285021781921387
median_top80_moderate12_wide,top40_minx8,median,80,moderate12,wide,40,8.0,12,12,0,0,0,5,6,0.9166666666666666,0.003368635972340902
none_top40_dense4_wide,top40_minx8,none,40,dense4,wide,40,8.0,12,12,0,0,0,6,5,0.9166666666666666,0.0056274135907491045
none_top80_dense4_wide,top40_minx8,none,80,dense4,wide,40,8.0,12,12,0,0,0,6,5,0.9166666666666666,0.005617956320444743
mean_top20_moderate12_baseline,top40_minx20,mean,20,moderate12,baseline,40,20.0,12,12,0,0,2,4,5,0.9166666666666666,0.0006627440452575684
mean_top40_moderate12_baseline,top40_minx20,mean,40,moderate12,baseline,40,20.0,12,12,0,0,2,4,5,0.9166666666666666,0.0029720067977905273
mean_top80_moderate12_baseline,top40_minx20,mean,80,moderate12,baseline,40,20.0,12,12,0,0,2,4,5,0.9166666666666666,0.0030176639556884766
none_top20_distinct20_wide,top10_minx8,none,20,distinct20,wide,10,8.0,12,12,1,0,1,4,5,0.8333333333333334,0.0001421968142191569
none_top40_distinct20_wide,top10_minx8,none,40,distinct20,wide,10,8.0,12,12,1,0,1,4,5,0.8333333333333334,0.0001423358917236328
none_top80_distinct20_wide,top10_minx8,none,80,distinct20,wide,10,8.0,12,12,1,0,1,4,5,0.8333333333333334,0.00014342864354451498
median_top20_moderate12_baseline,top10_minx12,median,20,moderate12,baseline,10,12.0,12,12,0,0,0,5,5,0.8333333333333334,8.440017700195312e-05
median_top20_moderate12_wide,top10_minx12,median,20,moderate12,wide,10,12.0,12,12,0,0,0,5,5,0.8333333333333334,7.863839467366536e-05
median_top40_moderate12_baseline,top10_minx12,median,40,moderate12,baseline,10,12.0,12,12,0,0,0,5,5,0.8333333333333334,8.219480514526367e-05
median_top40_moderate12_wide,top10_minx12,median,40,moderate12,wide,10,12.0,12,12,0,0,0,5,5,0.8333333333333334,7.738669713338216e-05
median_top80_moderate12_baseline,top10_minx12,median,80,moderate12,baseline,10,12.0,12,12,0,0,0,5,5,0.8333333333333334,8.589029312133789e-05
median_top80_moderate12_wide,top10_minx12,median,80,moderate12,wide,10,12.0,12,12,0,0,0,5,5,0.8333333333333334,7.748603820800781e-05
none_top20_distinct20_wide,top10_minx12,none,20,distinct20,wide,10,12.0,12,12,2,0,2,3,5,0.8333333333333334,8.893013000488281e-05
none_top40_distinct20_wide,top10_minx12,none,40,distinct20,wide,10,12.0,12,12,2,0,2,3,5,0.8333333333333334,9.000301361083984e-05
none_top80_distinct20_wide,top10_minx12,none,80,distinct20,wide,10,12.0,12,12,2,0,2,3,5,0.8333333333333334,9.032090504964192e-05
none_top20_distinct20_wide,top10_minx20,none,20,distinct20,wide,10,20.0,12,12,2,0,2,2,6,0.8333333333333334,8.555253346761067e-05
none_top40_distinct20_wide,top10_minx20,none,40,distinct20,wide,10,20.0,12,12,2,0,2,2,6,0.8333333333333334,8.533398310343425e-05
none_top80_distinct20_wide,top10_minx20,none,80,distinct20,wide,10,20.0,12,12,2,0,2,2,6,0.8333333333333334,8.706251780192058e-05
none_top20_dense4_wide,top20_minx8,none,20,dense4,wide,20,8.0,12,12,0,0,0,6,4,0.8333333333333334,0.0006498495737711588
none_top20_distinct20_wide,top20_minx8,none,20,distinct20,wide,20,8.0,12,12,1,0,1,4,5,0.8333333333333334,0.00034558773040771484
none_top40_dense4_wide,top20_minx8,none,40,dense4,wide,20,8.0,12,12,0,0,0,6,4,0.8333333333333334,0.0006380677223205566
none_top40_distinct20_wide,top20_minx8,none,40,distinct20,wide,20,8.0,12,12,1,0,1,4,5,0.8333333333333334,0.0003440976142883301
none_top80_dense4_wide,top20_minx8,none,80,dense4,wide,20,8.0,12,12,0,0,0,6,4,0.8333333333333334,0.0006400346755981445
none_top80_distinct20_wide,top20_minx8,none,80,distinct20,wide,20,8.0,12,12,1,0,1,4,5,0.8333333333333334,0.00034805138905843097
median_top20_moderate12_baseline,top20_minx12,median,20,moderate12,baseline,20,12.0,12,12,0,0,0,5,5,0.8333333333333334,0.0007071097691853842
median_top20_moderate12_wide,top20_minx12,median,20,moderate12,wide,20,12.0,12,12,0,0,0,5,5,0.8333333333333334,0.0006859898567199707
median_top40_moderate12_baseline,top20_minx12,median,40,moderate12,baseline,20,12.0,12,12,0,0,0,5,5,0.8333333333333334,0.0007041692733764648
median_top40_moderate12_wide,top20_minx12,median,40,moderate12,wide,20,12.0,12,12,0,0,0,5,5,0.8333333333333334,0.0006816585858662924
median_top80_moderate12_baseline,top20_minx12,median,80,moderate12,baseline,20,12.0,12,12,0,0,0,5,5,0.8333333333333334,0.0006992618242899576
median_top80_moderate12_wide,top20_minx12,median,80,moderate12,wide,20,12.0,12,12,0,0,0,5,5,0.8333333333333334,0.0006835063298543295
none_top20_dense4_baseline,top20_minx12,none,20,dense4,baseline,20,12.0,12,7,0,0,0,5,5,0.8333333333333334,0.0005675554275512695
none_top20_distinct20_wide,top20_minx12,none,20,distinct20,wide,20,12.0,12,12,2,0,2,3,5,0.8333333333333334,0.0003343820571899414
none_top40_dense4_baseline,top20_minx12,none,40,dense4,baseline,20,12.0,12,7,0,0,0,5,5,0.8333333333333334,0.0005695025126139323
none_top40_distinct20_wide,top20_minx12,none,40,distinct20,wide,20,12.0,12,12,2,0,2,3,5,0.8333333333333334,0.000337064266204834
none_top80_dense4_baseline,top20_minx12,none,80,dense4,baseline,20,12.0,12,7,0,0,0,5,5,0.8333333333333334,0.0005666017532348633
none_top80_distinct20_wide,top20_minx12,none,80,distinct20,wide,20,12.0,12,12,2,0,2,3,5,0.8333333333333334,0.0003349781036376953
none_top20_distinct20_wide,top20_minx20,none,20,distinct20,wide,20,20.0,12,12,2,0,2,2,6,0.8333333333333334,0.0003249247868855794
none_top40_distinct20_wide,top20_minx20,none,40,distinct20,wide,20,20.0,12,12,2,0,2,2,6,0.8333333333333334,0.0003260374069213867
none_top80_distinct20_wide,top20_minx20,none,80,distinct20,wide,20,20.0,12,12,2,0,2,2,6,0.8333333333333334,0.0003229379653930664
none_top20_dense4_wide,top40_minx8,none,20,dense4,wide,40,8.0,12,12,0,0,0,6,4,0.8333333333333334,0.000632325808207194
none_top20_distinct20_wide,top40_minx8,none,20,distinct20,wide,40,8.0,12,12,1,0,1,4,5,0.8333333333333334,0.000342865784962972
none_top40_distinct20_wide,top40_minx8,none,40,distinct20,wide,40,8.0,12,12,1,0,1,4,5,0.8333333333333334,0.00034620364507039386
none_top80_distinct20_wide,top40_minx8,none,80,distinct20,wide,40,8.0,12,12,1,0,1,4,5,0.8333333333333334,0.0003420710563659668
median_top20_moderate12_baseline,top40_minx12,median,20,moderate12,baseline,40,12.0,12,12,0,0,0,5,5,0.8333333333333334,0.0007038911183675131
median_top20_moderate12_wide,top40_minx12,median,20,moderate12,wide,40,12.0,12,12,0,0,0,5,5,0.8333333333333334,0.0006920496622721354
median_top40_moderate12_baseline,top40_minx12,median,40,moderate12,baseline,40,12.0,12,12,0,0,0,5,5,0.8333333333333334,0.003392080465952555
median_top40_moderate12_wide,top40_minx12,median,40,moderate12,wide,40,12.0,12,12,0,0,0,5,5,0.8333333333333334,0.0032157103220621743
median_top80_moderate12_baseline,top40_minx12,median,80,moderate12,baseline,40,12.0,12,12,0,0,0,5,5,0.8333333333333334,0.0034142335255940757
median_top80_moderate12_wide,top40_minx12,median,80,moderate12,wide,40,12.0,12,12,0,0,0,5,5,0.8333333333333334,0.0032330950101216636
none_top20_dense4_baseline,top40_minx12,none,20,dense4,baseline,40,12.0,12,7,0,0,0,5,5,0.8333333333333334,0.0005622704823811849
none_top20_distinct20_wide,top40_minx12,none,20,distinct20,wide,40,12.0,12,12,2,0,2,3,5,0.8333333333333334,0.0003344217936197917
none_top40_distinct20_wide,top40_minx12,none,40,distinct20,wide,40,12.0,12,12,2,0,2,3,5,0.8333333333333334,0.00033624966939290363
none_top80_distinct20_wide,top40_minx12,none,80,distinct20,wide,40,12.0,12,12,2,0,2,3,5,0.8333333333333334,0.00033613046010335285
none_top20_distinct20_wide,top40_minx20,none,20,distinct20,wide,40,20.0,12,12,2,0,2,2,6,0.8333333333333334,0.00032391150792439777
none_top40_dense4_baseline,top40_minx20,none,40,dense4,baseline,40,20.0,12,10,0,0,0,4,6,0.8333333333333334,0.0048488179842631025
none_top40_distinct20_wide,top40_minx20,none,40,distinct20,wide,40,20.0,12,12,2,0,2,2,6,0.8333333333333334,0.00032407045364379883
none_top80_dense4_baseline,top40_minx20,none,80,dense4,baseline,40,20.0,12,10,0,0,0,4,6,0.8333333333333334,0.004881123701731364
none_top80_distinct20_wide,top40_minx20,none,80,distinct20,wide,40,20.0,12,12,2,0,2,2,6,0.8333333333333334,0.00032387177149454754
median_top20_moderate12_baseline,top10_minx20,median,20,moderate12,baseline,10,20.0,12,10,0,0,3,5,1,0.75,7.216135660807292e-05
median_top40_moderate12_baseline,top10_minx20,median,40,moderate12,baseline,10,20.0,12,10,0,0,3,5,1,0.75,7.110834121704102e-05
median_top80_moderate12_baseline,top10_minx20,median,80,moderate12,baseline,10,20.0,12,10,0,0,3,5,1,0.75,7.124741872151692e-05
none_top20_moderate12_single667,top10_minx20,none,20,moderate12,single667,10,20.0,12,12,0,0,3,4,2,0.75,8.203585942586263e-05
none_top40_moderate12_single667,top10_minx20,none,40,moderate12,single667,10,20.0,12,12,0,0,3,4,2,0.75,8.07642936706543e-05
none_top80_moderate12_single667,top10_minx20,none,80,moderate12,single667,10,20.0,12,12,0,0,3,4,2,0.75,8.26120376586914e-05
none_top20_moderate12_single667,top20_minx20,none,20,moderate12,single667,20,20.0,12,12,0,0,3,4,2,0.75,0.0006675124168395996
none_top40_moderate12_single667,top20_minx20,none,40,moderate12,single667,20,20.0,12,12,0,0,3,4,2,0.75,0.0006647109985351562
none_top80_moderate12_single667,top20_minx20,none,80,moderate12,single667,20,20.0,12,12,0,0,3,4,2,0.75,0.0006668965021769205
median_top20_distinct20_baseline,top20_minx45,median,20,distinct20,baseline,20,45.0,12,6,0,0,0,5,4,0.75,0.00029395023981730145
median_top20_distinct20_wide,top20_minx45,median,20,distinct20,wide,20,45.0,12,6,0,0,1,4,4,0.75,0.00028953949610392254
median_top40_distinct20_baseline,top20_minx45,median,40,distinct20,baseline,20,45.0,12,6,0,0,0,5,4,0.75,0.0002956787745157878
median_top40_distinct20_wide,top20_minx45,median,40,distinct20,wide,20,45.0,12,6,0,0,1,4,4,0.75,0.0002873341242472331
median_top80_distinct20_baseline,top20_minx45,median,80,distinct20,baseline,20,45.0,12,6,0,0,0,5,4,0.75,0.00029126803080240887
median_top80_distinct20_wide,top20_minx45,median,80,distinct20,wide,20,45.0,12,6,0,0,1,4,4,0.75,0.00028443336486816406
mean_top40_dense4_baseline,top40_minx20,mean,40,dense4,baseline,40,20.0,12,9,0,0,1,5,3,0.75,0.0044881900151570635
mean_top80_dense4_baseline,top40_minx20,mean,80,dense4,baseline,40,20.0,12,9,0,0,1,5,3,0.75,0.00447914997736613
none_top20_moderate12_single667,top40_minx20,none,20,moderate12,single667,40,20.0,12,12,0,0,3,4,2,0.75,0.0006716450055440267
none_top40_moderate12_single667,top40_minx20,none,40,moderate12,single667,40,20.0,12,12,0,0,3,4,2,0.75,0.003370980421702067
none_top80_moderate12_single667,top40_minx20,none,80,moderate12,single667,40,20.0,12,12,0,0,3,4,2,0.75,0.0033708810806274414
median_top20_distinct20_baseline,top40_minx45,median,20,distinct20,baseline,40,45.0,12,6,0,0,0,5,4,0.75,0.00029363234837849933
median_top20_distinct20_wide,top40_minx45,median,20,distinct20,wide,40,45.0,12,6,0,0,1,4,4,0.75,0.0002892414728800456
median_top40_distinct20_baseline,top40_minx45,median,40,distinct20,baseline,40,45.0,12,6,0,0,0,5,4,0.75,0.00030801693598429364
median_top40_distinct20_wide,top40_minx45,median,40,distinct20,wide,40,45.0,12,6,0,0,1,4,4,0.75,0.0002887845039367676
median_top40_moderate12_baseline,top40_minx45,median,40,moderate12,baseline,40,45.0,12,8,0,0,0,5,4,0.75,0.0025681257247924805
median_top80_distinct20_baseline,top40_minx45,median,80,distinct20,baseline,40,45.0,12,6,0,0,0,5,4,0.75,0.00030799706776936847
median_top80_distinct20_wide,top40_minx45,median,80,distinct20,wide,40,45.0,12,6,0,0,1,4,4,0.75,0.00028528769810994464
median_top80_moderate12_baseline,top40_minx45,median,80,moderate12,baseline,40,45.0,12,8,0,0,0,5,4,0.75,0.0025786558787027993
none_top20_moderate12_single667,top10_minx8,none,20,moderate12,single667,10,8.0,12,12,0,0,0,6,2,0.6666666666666666,0.00013273954391479492
none_top20_moderate12_wide,top10_minx8,none,20,moderate12,wide,10,8.0,12,12,0,0,0,5,3,0.6666666666666666,0.0001429915428161621
none_top40_moderate12_single667,top10_minx8,none,40,moderate12,single667,10,8.0,12,12,0,0,0,6,2,0.6666666666666666,0.00013152758280436197
none_top40_moderate12_wide,top10_minx8,none,40,moderate12,wide,10,8.0,12,12,0,0,0,5,3,0.6666666666666666,0.0001394947369893392
none_top80_moderate12_single667,top10_minx8,none,80,moderate12,single667,10,8.0,12,12,0,0,0,6,2,0.6666666666666666,0.0001363555590311686
none_top80_moderate12_wide,top10_minx8,none,80,moderate12,wide,10,8.0,12,12,0,0,0,5,3,0.6666666666666666,0.00013913710912068686
none_top20_moderate12_wide,top10_minx12,none,20,moderate12,wide,10,12.0,12,12,0,0,0,5,3,0.6666666666666666,8.785724639892578e-05
none_top40_moderate12_wide,top10_minx12,none,40,moderate12,wide,10,12.0,12,12,0,0,0,5,3,0.6666666666666666,8.614857991536458e-05
none_top80_moderate12_wide,top10_minx12,none,80,moderate12,wide,10,12.0,12,12,0,0,0,5,3,0.6666666666666666,8.644660313924153e-05
none_top20_dense4_single667,top20_minx8,none,20,dense4,single667,20,8.0,12,12,0,0,0,6,2,0.6666666666666666,0.0006497899691263834
none_top20_moderate12_single667,top20_minx8,none,20,moderate12,single667,20,8.0,12,12,0,0,0,6,2,0.6666666666666666,0.0007930199305216471
none_top20_moderate12_wide,top20_minx8,none,20,moderate12,wide,20,8.0,12,12,0,0,0,5,3,0.6666666666666666,0.0007816751797993978
none_top40_dense4_single667,top20_minx8,none,40,dense4,single667,20,8.0,12,12,0,0,0,6,2,0.6666666666666666,0.0006464521090189616
none_top40_moderate12_single667,top20_minx8,none,40,moderate12,single667,20,8.0,12,12,0,0,0,6,2,0.6666666666666666,0.0007873177528381348
none_top40_moderate12_wide,top20_minx8,none,40,moderate12,wide,20,8.0,12,12,0,0,0,5,3,0.6666666666666666,0.0007729331652323405
none_top80_dense4_single667,top20_minx8,none,80,dense4,single667,20,8.0,12,12,0,0,0,6,2,0.6666666666666666,0.0006509224573771158
none_top80_moderate12_single667,top20_minx8,none,80,moderate12,single667,20,8.0,12,12,0,0,0,6,2,0.6666666666666666,0.0007909138997395834
none_top80_moderate12_wide,top20_minx8,none,80,moderate12,wide,20,8.0,12,12,0,0,0,5,3,0.6666666666666666,0.0007744232813517252
mean_top20_dense4_wide,top20_minx12,mean,20,dense4,wide,20,12.0,12,9,0,0,0,5,3,0.6666666666666666,0.0005849798520406088
mean_top40_dense4_wide,top20_minx12,mean,40,dense4,wide,20,12.0,12,9,0,0,0,5,3,0.6666666666666666,0.0005315343538920084
mean_top80_dense4_wide,top20_minx12,mean,80,dense4,wide,20,12.0,12,9,0,0,0,5,3,0.6666666666666666,0.0005324284235636393
none_top20_moderate12_wide,top20_minx12,none,20,moderate12,wide,20,12.0,12,12,0,0,0,5,3,0.6666666666666666,0.0007482568422953287
none_top40_moderate12_wide,top20_minx12,none,40,moderate12,wide,20,12.0,12,12,0,0,0,5,3,0.6666666666666666,0.0007434288660685221
none_top80_moderate12_wide,top20_minx12,none,80,moderate12,wide,20,12.0,12,12,0,0,0,5,3,0.6666666666666666,0.0007451772689819336
none_top20_moderate12_wide,top20_minx20,none,20,moderate12,wide,20,20.0,12,12,1,0,1,3,4,0.6666666666666666,0.0006682872772216797
none_top40_moderate12_wide,top20_minx20,none,40,moderate12,wide,20,20.0,12,12,1,0,1,3,4,0.6666666666666666,0.0006668170293172201
none_top80_moderate12_wide,top20_minx20,none,80,moderate12,wide,20,20.0,12,12,1,0,1,3,4,0.6666666666666666,0.0006649096806844076
median_top20_moderate12_baseline,top20_minx45,median,20,moderate12,baseline,20,45.0,12,6,0,0,0,5,3,0.6666666666666666,0.0005376736323038737
median_top40_moderate12_baseline,top20_minx45,median,40,moderate12,baseline,20,45.0,12,6,0,0,0,5,3,0.6666666666666666,0.0005347927411397299
median_top80_moderate12_baseline,top20_minx45,median,80,moderate12,baseline,20,45.0,12,6,0,0,0,5,3,0.6666666666666666,0.0005332231521606445
none_top20_dense4_single667,top40_minx8,none,20,dense4,single667,40,8.0,12,12,0,0,0,6,2,0.6666666666666666,0.0006367961565653483
none_top20_moderate12_single667,top40_minx8,none,20,moderate12,single667,40,8.0,12,12,0,0,0,6,2,0.6666666666666666,0.0007931987444559733
none_top20_moderate12_wide,top40_minx8,none,20,moderate12,wide,40,8.0,12,12,0,0,0,5,3,0.6666666666666666,0.0007757941881815592
none_top40_dense4_single667,top40_minx8,none,40,dense4,single667,40,8.0,12,12,0,0,0,6,2,0.6666666666666666,0.006052056948343913
none_top40_moderate12_single667,top40_minx8,none,40,moderate12,single667,40,8.0,12,12,0,0,0,6,2,0.6666666666666666,0.0039027531941731772
none_top40_moderate12_wide,top40_minx8,none,40,moderate12,wide,40,8.0,12,12,0,0,0,5,3,0.6666666666666666,0.0031224687894185386
none_top80_dense4_single667,top40_minx8,none,80,dense4,single667,40,8.0,12,12,0,0,0,6,2,0.6666666666666666,0.0060827334721883135
none_top80_moderate12_single667,top40_minx8,none,80,moderate12,single667,40,8.0,12,12,0,0,0,6,2,0.6666666666666666,0.003909369309743245
none_top80_moderate12_wide,top40_minx8,none,80,moderate12,wide,40,8.0,12,12,0,0,0,5,3,0.6666666666666666,0.003134270509084066
mean_top20_dense4_wide,top40_minx12,mean,20,dense4,wide,40,12.0,12,9,0,0,0,5,3,0.6666666666666666,0.0005828340848286947
none_top20_moderate12_wide,top40_minx12,none,20,moderate12,wide,40,12.0,12,12,0,0,0,5,3,0.6666666666666666,0.0007482767105102539
none_top40_dense4_wide,top40_minx12,none,40,dense4,wide,40,12.0,12,12,0,0,0,5,3,0.6666666666666666,0.005249540011088054
none_top40_moderate12_wide,top40_minx12,none,40,moderate12,wide,40,12.0,12,12,0,0,0,5,3,0.6666666666666666,0.003034194310506185
none_top80_dense4_wide,top40_minx12,none,80,dense4,wide,40,12.0,12,12,0,0,0,5,3,0.6666666666666666,0.005254626274108887
none_top80_moderate12_wide,top40_minx12,none,80,moderate12,wide,40,12.0,12,12,0,0,0,5,3,0.6666666666666666,0.0030237038930257163
none_top20_moderate12_wide,top40_minx20,none,20,moderate12,wide,40,20.0,12,12,1,0,1,3,4,0.6666666666666666,0.0006675322850545248
none_top40_moderate12_wide,top40_minx20,none,40,moderate12,wide,40,20.0,12,12,1,0,1,3,4,0.6666666666666666,0.0027361313501993814
none_top80_moderate12_wide,top40_minx20,none,80,moderate12,wide,40,20.0,12,12,1,0,1,3,4,0.6666666666666666,0.002710243066151937
median_top20_moderate12_baseline,top40_minx45,median,20,moderate12,baseline,40,45.0,12,6,0,0,0,5,3,0.6666666666666666,0.0005387266476949056
none_top40_moderate12_baseline,top40_minx45,none,40,moderate12,baseline,40,45.0,12,9,0,0,0,3,5,0.6666666666666666,0.002545734246571859
none_top80_moderate12_baseline,top40_minx45,none,80,moderate12,baseline,40,45.0,12,9,0,0,0,3,5,0.6666666666666666,0.002551992734273275
none_top20_moderate12_single667,top10_minx12,none,20,moderate12,single667,10,12.0,12,12,0,0,0,5,2,0.5833333333333334,9.399652481079102e-05
none_top40_moderate12_single667,top10_minx12,none,40,moderate12,single667,10,12.0,12,12,0,0,0,5,2,0.5833333333333334,9.23474629720052e-05
none_top80_moderate12_single667,top10_minx12,none,80,moderate12,single667,10,12.0,12,12,0,0,0,5,2,0.5833333333333334,9.2009703318278e-05
median_top20_moderate12_wide,top10_minx20,median,20,moderate12,wide,10,20.0,12,7,0,0,0,2,5,0.5833333333333334,6.814797719319661e-05
median_top40_moderate12_wide,top10_minx20,median,40,moderate12,wide,10,20.0,12,7,0,0,0,2,5,0.5833333333333334,6.80685043334961e-05
median_top80_moderate12_wide,top10_minx20,median,80,moderate12,wide,10,20.0,12,7,0,0,0,2,5,0.5833333333333334,6.715456644694011e-05
median_top20_distinct20_baseline,top10_minx45,median,20,distinct20,baseline,10,45.0,12,5,0,0,0,4,3,0.5833333333333334,6.588300069173177e-05
median_top40_distinct20_baseline,top10_minx45,median,40,distinct20,baseline,10,45.0,12,5,0,0,0,4,3,0.5833333333333334,6.55055046081543e-05
median_top80_distinct20_baseline,top10_minx45,median,80,distinct20,baseline,10,45.0,12,5,0,0,0,4,3,0.5833333333333334,6.594260533650716e-05
none_top20_moderate12_single667,top20_minx12,none,20,moderate12,single667,20,12.0,12,12,0,0,0,5,2,0.5833333333333334,0.0007616877555847168
none_top40_moderate12_single667,top20_minx12,none,40,moderate12,single667,20,12.0,12,12,0,0,0,5,2,0.5833333333333334,0.000760356585184733
none_top80_moderate12_single667,top20_minx12,none,80,moderate12,single667,20,12.0,12,12,0,0,0,5,2,0.5833333333333334,0.000761409600575765
mean_top20_distinct20_baseline,top20_minx45,mean,20,distinct20,baseline,20,45.0,12,6,0,0,0,3,4,0.5833333333333334,0.00030803680419921875
mean_top20_distinct20_wide,top20_minx45,mean,20,distinct20,wide,20,45.0,12,6,0,0,3,3,1,0.5833333333333334,0.0002963741620381673
mean_top20_moderate12_wide,top20_minx45,mean,20,moderate12,wide,20,45.0,12,6,0,0,3,3,1,0.5833333333333334,0.0005768934885660807
mean_top40_distinct20_baseline,top20_minx45,mean,40,distinct20,baseline,20,45.0,12,6,0,0,0,3,4,0.5833333333333334,0.0002896587053934733
mean_top40_distinct20_wide,top20_minx45,mean,40,distinct20,wide,20,45.0,12,6,0,0,3,3,1,0.5833333333333334,0.00029961268107096356
mean_top40_moderate12_wide,top20_minx45,mean,40,moderate12,wide,20,45.0,12,6,0,0,3,3,1,0.5833333333333334,0.0005246202150980631
mean_top80_distinct20_baseline,top20_minx45,mean,80,distinct20,baseline,20,45.0,12,6,0,0,0,3,4,0.5833333333333334,0.000292360782623291
mean_top80_distinct20_wide,top20_minx45,mean,80,distinct20,wide,20,45.0,12,6,0,0,3,3,1,0.5833333333333334,0.0003045399983723958
mean_top80_moderate12_wide,top20_minx45,mean,80,moderate12,wide,20,45.0,12,6,0,0,3,3,1,0.5833333333333334,0.0005284746487935384
none_top20_moderate12_single667,top40_minx12,none,20,moderate12,single667,40,12.0,12,12,0,0,0,5,2,0.5833333333333334,0.0007635156313578287
none_top40_dense4_single667,top40_minx12,none,40,dense4,single667,40,12.0,12,12,0,0,0,5,2,0.5833333333333334,0.005616585413614909
none_top40_moderate12_single667,top40_minx12,none,40,moderate12,single667,40,12.0,12,12,0,0,0,5,2,0.5833333333333334,0.003774146238962809
none_top80_dense4_single667,top40_minx12,none,80,dense4,single667,40,12.0,12,12,0,0,0,5,2,0.5833333333333334,0.005625863869984944
none_top80_moderate12_single667,top40_minx12,none,80,moderate12,single667,40,12.0,12,12,0,0,0,5,2,0.5833333333333334,0.0037901600201924643
median_top40_dense4_wide,top40_minx20,median,40,dense4,wide,40,20.0,12,6,0,0,0,3,4,0.5833333333333334,0.004509846369425456
median_top80_dense4_wide,top40_minx20,median,80,dense4,wide,40,20.0,12,6,0,0,0,3,4,0.5833333333333334,0.004488945007324219
mean_top20_distinct20_baseline,top40_minx45,mean,20,distinct20,baseline,40,45.0,12,6,0,0,0,3,4,0.5833333333333334,0.00030624866485595703
mean_top20_distinct20_wide,top40_minx45,mean,20,distinct20,wide,40,45.0,12,6,0,0,3,3,1,0.5833333333333334,0.0002957781155904134
mean_top20_moderate12_wide,top40_minx45,mean,20,moderate12,wide,40,45.0,12,6,0,0,3,3,1,0.5833333333333334,0.0005765557289123535
mean_top40_distinct20_baseline,top40_minx45,mean,40,distinct20,baseline,40,45.0,12,6,0,0,0,3,4,0.5833333333333334,0.00029269854227701825
mean_top40_distinct20_wide,top40_minx45,mean,40,distinct20,wide,40,45.0,12,6,0,0,3,3,1,0.5833333333333334,0.0003026723861694336
mean_top40_moderate12_baseline,top40_minx45,mean,40,moderate12,baseline,40,45.0,12,7,0,0,0,4,3,0.5833333333333334,0.002529323101043701
mean_top40_moderate12_wide,top40_minx45,mean,40,moderate12,wide,40,45.0,12,7,0,0,3,3,1,0.5833333333333334,0.002216895421346029
mean_top80_distinct20_baseline,top40_minx45,mean,80,distinct20,baseline,40,45.0,12,6,0,0,0,3,4,0.5833333333333334,0.00029462575912475586
mean_top80_distinct20_wide,top40_minx45,mean,80,distinct20,wide,40,45.0,12,6,0,0,3,3,1,0.5833333333333334,0.00030350685119628906
mean_top80_moderate12_baseline,top40_minx45,mean,80,moderate12,baseline,40,45.0,12,7,0,0,0,4,3,0.5833333333333334,0.002572298049926758
mean_top80_moderate12_wide,top40_minx45,mean,80,moderate12,wide,40,45.0,12,7,0,0,3,3,1,0.5833333333333334,0.002279500166575114
median_top20_distinct20_single667,top10_minx8,median,20,distinct20,single667,10,8.0,12,12,0,0,2,3,1,0.5,0.0001268585522969564
median_top40_distinct20_single667,top10_minx8,median,40,distinct20,single667,10,8.0,12,12,0,0,2,3,1,0.5,0.00012789169947306314
median_top80_distinct20_single667,top10_minx8,median,80,distinct20,single667,10,8.0,12,12,0,0,2,3,1,0.5,0.00012783209482828775
none_top20_dense4_single667,top10_minx8,none,20,dense4,single667,10,8.0,12,7,0,0,0,4,2,0.5,0.0001536409060160319
none_top20_distinct20_single667,top10_minx8,none,20,distinct20,single667,10,8.0,12,12,0,0,0,5,1,0.5,0.00013347466786702475
none_top40_dense4_single667,top10_minx8,none,40,dense4,single667,10,8.0,12,7,0,0,0,4,2,0.5,0.00010315577189127605
none_top40_distinct20_single667,top10_minx8,none,40,distinct20,single667,10,8.0,12,12,0,0,0,5,1,0.5,0.00013196468353271484
none_top80_dense4_single667,top10_minx8,none,80,dense4,single667,10,8.0,12,7,0,0,0,4,2,0.5,0.00010442733764648438
none_top80_distinct20_single667,top10_minx8,none,80,distinct20,single667,10,8.0,12,12,0,0,0,5,1,0.5,0.00013367335001627603
none_top20_distinct20_single667,top10_minx12,none,20,distinct20,single667,10,12.0,12,12,0,0,0,5,1,0.5,9.399652481079102e-05
none_top40_distinct20_single667,top10_minx12,none,40,distinct20,single667,10,12.0,12,12,0,0,0,5,1,0.5,9.306271870930989e-05
none_top80_distinct20_single667,top10_minx12,none,80,distinct20,single667,10,12.0,12,12,0,0,0,5,1,0.5,9.62217648824056e-05
median_top20_distinct20_single667,top10_minx20,median,20,distinct20,single667,10,20.0,12,12,0,0,3,3,0,0.5,8.13603401184082e-05
median_top20_moderate12_single667,top10_minx20,median,20,moderate12,single667,10,20.0,12,12,0,0,3,3,0,0.5,7.847944895426433e-05
median_top40_distinct20_single667,top10_minx20,median,40,distinct20,single667,10,20.0,12,12,0,0,3,3,0,0.5,8.157889048258464e-05
median_top40_moderate12_single667,top10_minx20,median,40,moderate12,single667,10,20.0,12,12,0,0,3,3,0,0.5,7.826089859008789e-05
median_top80_distinct20_single667,top10_minx20,median,80,distinct20,single667,10,20.0,12,12,0,0,3,3,0,0.5,8.20159912109375e-05
median_top80_moderate12_single667,top10_minx20,median,80,moderate12,single667,10,20.0,12,12,0,0,3,3,0,0.5,7.603565851847331e-05
none_top20_distinct20_single667,top10_minx20,none,20,distinct20,single667,10,20.0,12,12,0,0,0,5,1,0.5,8.90493392944336e-05
none_top40_distinct20_single667,top10_minx20,none,40,distinct20,single667,10,20.0,12,12,0,0,0,5,1,0.5,8.994340896606445e-05
none_top80_distinct20_single667,top10_minx20,none,80,distinct20,single667,10,20.0,12,12,0,0,0,5,1,0.5,8.986393610636394e-05
median_top20_distinct20_single667,top10_minx45,median,20,distinct20,single667,10,45.0,12,6,0,0,0,4,2,0.5,6.57041867574056e-05
median_top20_distinct20_wide,top10_minx45,median,20,distinct20,wide,10,45.0,12,4,0,0,1,2,3,0.5,6.506840387980144e-05
median_top40_distinct20_single667,top10_minx45,median,40,distinct20,single667,10,45.0,12,6,0,0,0,4,2,0.5,6.681680679321289e-05
median_top40_distinct20_wide,top10_minx45,median,40,distinct20,wide,10,45.0,12,4,0,0,1,2,3,0.5,6.490945816040039e-05
median_top80_distinct20_single667,top10_minx45,median,80,distinct20,single667,10,45.0,12,6,0,0,0,4,2,0.5,6.598234176635742e-05
median_top80_distinct20_wide,top10_minx45,median,80,distinct20,wide,10,45.0,12,4,0,0,1,2,3,0.5,6.413459777832031e-05
median_top20_dense4_single667,top20_minx8,median,20,dense4,single667,20,8.0,12,12,0,0,0,5,1,0.5,0.000624378522237142
median_top20_distinct20_single667,top20_minx8,median,20,distinct20,single667,20,8.0,12,12,0,0,2,3,1,0.5,0.0004356702168782552
median_top40_dense4_single667,top20_minx8,median,40,dense4,single667,20,8.0,12,12,0,0,0,5,1,0.5,0.0006190737088521322
median_top40_distinct20_single667,top20_minx8,median,40,distinct20,single667,20,8.0,12,12,0,0,2,3,1,0.5,0.00043700138727823895
median_top80_dense4_single667,top20_minx8,median,80,dense4,single667,20,8.0,12,12,0,0,0,5,1,0.5,0.0006210207939147949
median_top80_distinct20_single667,top20_minx8,median,80,distinct20,single667,20,8.0,12,12,0,0,2,3,1,0.5,0.00043320655822753906
none_top20_distinct20_single667,top20_minx8,none,20,distinct20,single667,20,8.0,12,12,0,0,0,5,1,0.5,0.0004648168881734212
none_top40_distinct20_single667,top20_minx8,none,40,distinct20,single667,20,8.0,12,12,0,0,0,5,1,0.5,0.0004616181055704753
none_top80_distinct20_single667,top20_minx8,none,80,distinct20,single667,20,8.0,12,12,0,0,0,5,1,0.5,0.00046573082605997723
mean_top20_dense4_baseline,top20_minx12,mean,20,dense4,baseline,20,12.0,12,9,0,0,0,3,3,0.5,0.000576476256052653
mean_top40_dense4_baseline,top20_minx12,mean,40,dense4,baseline,20,12.0,12,9,0,0,0,3,3,0.5,0.00052108367284139
mean_top80_dense4_baseline,top20_minx12,mean,80,dense4,baseline,20,12.0,12,9,0,0,0,3,3,0.5,0.0005231102307637533
none_top20_distinct20_single667,top20_minx12,none,20,distinct20,single667,20,12.0,12,12,0,0,0,5,1,0.5,0.0004490017890930176
none_top40_distinct20_single667,top20_minx12,none,40,distinct20,single667,20,12.0,12,12,0,0,0,5,1,0.5,0.00044858455657958984
none_top80_distinct20_single667,top20_minx12,none,80,distinct20,single667,20,12.0,12,12,0,0,0,5,1,0.5,0.0004512667655944824
median_top20_distinct20_single667,top20_minx20,median,20,distinct20,single667,20,20.0,12,12,0,0,3,3,0,0.5,0.00039887428283691406
median_top20_moderate12_single667,top20_minx20,median,20,moderate12,single667,20,20.0,12,12,0,0,3,3,0,0.5,0.0006254116694132487
median_top40_distinct20_single667,top20_minx20,median,40,distinct20,single667,20,20.0,12,12,0,0,3,3,0,0.5,0.00039879480997721356
median_top40_moderate12_single667,top20_minx20,median,40,moderate12,single667,20,20.0,12,12,0,0,3,3,0,0.5,0.0006223718325297037
median_top80_distinct20_single667,top20_minx20,median,80,distinct20,single667,20,20.0,12,12,0,0,3,3,0,0.5,0.0003955960273742676
median_top80_moderate12_single667,top20_minx20,median,80,moderate12,single667,20,20.0,12,12,0,0,3,3,0,0.5,0.0006204843521118164
none_top20_distinct20_single667,top20_minx20,none,20,distinct20,single667,20,20.0,12,12,0,0,0,5,1,0.5,0.0004335443178812663
none_top40_distinct20_single667,top20_minx20,none,40,distinct20,single667,20,20.0,12,12,0,0,0,5,1,0.5,0.0004323720932006836
none_top80_distinct20_single667,top20_minx20,none,80,distinct20,single667,20,20.0,12,12,0,0,0,5,1,0.5,0.00043253103892008465
mean_top20_moderate12_baseline,top20_minx45,mean,20,moderate12,baseline,20,45.0,12,6,0,0,0,4,2,0.5,0.0005780657132466634
mean_top40_moderate12_baseline,top20_minx45,mean,40,moderate12,baseline,20,45.0,12,6,0,0,0,4,2,0.5,0.0005222360293070475
mean_top80_moderate12_baseline,top20_minx45,mean,80,moderate12,baseline,20,45.0,12,6,0,0,0,4,2,0.5,0.0005303025245666504
none_top20_distinct20_baseline,top20_minx45,none,20,distinct20,baseline,20,45.0,12,6,0,0,0,3,3,0.5,0.0002320408821105957
none_top20_distinct20_single667,top20_minx45,none,20,distinct20,single667,20,45.0,12,8,0,0,1,3,2,0.5,0.00035307804743448895
none_top20_moderate12_baseline,top20_minx45,none,20,moderate12,baseline,20,45.0,12,6,0,0,0,2,4,0.5,0.0005758007367451986
none_top40_distinct20_baseline,top20_minx45,none,40,distinct20,baseline,20,45.0,12,6,0,0,0,3,3,0.5,0.00023661057154337564
none_top40_distinct20_single667,top20_minx45,none,40,distinct20,single667,20,45.0,12,8,0,0,1,3,2,0.5,0.0003496408462524414
none_top40_moderate12_baseline,top20_minx45,none,40,moderate12,baseline,20,45.0,12,6,0,0,0,2,4,0.5,0.0005748470624287924
none_top80_distinct20_baseline,top20_minx45,none,80,distinct20,baseline,20,45.0,12,6,0,0,0,3,3,0.5,0.00023305416107177734
none_top80_distinct20_single667,top20_minx45,none,80,distinct20,single667,20,45.0,12,8,0,0,1,3,2,0.5,0.0003502170244852702
none_top80_moderate12_baseline,top20_minx45,none,80,moderate12,baseline,20,45.0,12,6,0,0,0,2,4,0.5,0.000575860341389974
median_top20_dense4_single667,top40_minx8,median,20,dense4,single667,40,8.0,12,12,0,0,0,5,1,0.5,0.0006186763445536295
median_top20_distinct20_single667,top40_minx8,median,20,distinct20,single667,40,8.0,12,12,0,0,2,3,1,0.5,0.00043346484502156574
median_top40_dense4_single667,top40_minx8,median,40,dense4,single667,40,8.0,12,12,0,0,0,5,1,0.5,0.005761166413625081
median_top40_distinct20_single667,top40_minx8,median,40,distinct20,single667,40,8.0,12,12,0,0,2,3,1,0.5,0.00044536590576171875
median_top80_dense4_single667,top40_minx8,median,80,dense4,single667,40,8.0,12,12,0,0,0,5,1,0.5,0.00579981009165446
median_top80_distinct20_single667,top40_minx8,median,80,distinct20,single667,40,8.0,12,12,0,0,2,3,1,0.5,0.0004444718360900879
none_top20_distinct20_single667,top40_minx8,none,20,distinct20,single667,40,8.0,12,12,0,0,0,5,1,0.5,0.00046435991923014325
none_top40_distinct20_single667,top40_minx8,none,40,distinct20,single667,40,8.0,12,12,0,0,0,5,1,0.5,0.00046298901240030926
none_top80_distinct20_single667,top40_minx8,none,80,distinct20,single667,40,8.0,12,12,0,0,0,5,1,0.5,0.00046249230702718097
mean_top20_dense4_baseline,top40_minx12,mean,20,dense4,baseline,40,12.0,12,9,0,0,0,3,3,0.5,0.0005716284116109213
none_top20_distinct20_single667,top40_minx12,none,20,distinct20,single667,40,12.0,12,12,0,0,0,5,1,0.5,0.0004509091377258301
none_top40_distinct20_single667,top40_minx12,none,40,distinct20,single667,40,12.0,12,12,0,0,0,5,1,0.5,0.0004533727963765462
none_top80_distinct20_single667,top40_minx12,none,80,distinct20,single667,40,12.0,12,12,0,0,0,5,1,0.5,0.0004517833391825358
mean_top40_dense4_wide,top40_minx20,mean,40,dense4,wide,40,20.0,12,6,0,0,0,4,2,0.5,0.004436870416005452
mean_top80_dense4_wide,top40_minx20,mean,80,dense4,wide,40,20.0,12,6,0,0,0,4,2,0.5,0.004492501417795817
median_top20_distinct20_single667,top40_minx20,median,20,distinct20,single667,40,20.0,12,12,0,0,3,3,0,0.5,0.0003999074300130208
median_top20_moderate12_single667,top40_minx20,median,20,moderate12,single667,40,20.0,12,12,0,0,3,3,0,0.5,0.0006290674209594727
median_top40_dense4_single667,top40_minx20,median,40,dense4,single667,40,20.0,12,12,0,0,3,3,0,0.5,0.00493242343266805
median_top40_distinct20_single667,top40_minx20,median,40,distinct20,single667,40,20.0,12,12,0,0,3,3,0,0.5,0.00040972232818603516
median_top40_moderate12_single667,top40_minx20,median,40,moderate12,single667,40,20.0,12,12,0,0,3,3,0,0.5,0.003082533677419027
median_top80_dense4_single667,top40_minx20,median,80,dense4,single667,40,20.0,12,12,0,0,3,3,0,0.5,0.004945417245229085
median_top80_distinct20_single667,top40_minx20,median,80,distinct20,single667,40,20.0,12,12,0,0,3,3,0,0.5,0.00040733814239501953
median_top80_moderate12_single667,top40_minx20,median,80,moderate12,single667,40,20.0,12,12,0,0,3,3,0,0.5,0.003081838289896647
none_top20_distinct20_single667,top40_minx20,none,20,distinct20,single667,40,20.0,12,12,0,0,0,5,1,0.5,0.0004305442174275716
none_top40_dense4_wide,top40_minx20,none,40,dense4,wide,40,20.0,12,9,0,0,0,3,3,0.5,0.004955033461252849
none_top40_distinct20_single667,top40_minx20,none,40,distinct20,single667,40,20.0,12,12,0,0,0,5,1,0.5,0.0004348357518513997
none_top80_dense4_wide,top40_minx20,none,80,dense4,wide,40,20.0,12,9,0,0,0,3,3,0.5,0.004955848058064778
none_top80_distinct20_single667,top40_minx20,none,80,distinct20,single667,40,20.0,12,12,0,0,0,5,1,0.5,0.00043267011642456055
mean_top20_moderate12_baseline,top40_minx45,mean,20,moderate12,baseline,40,45.0,12,6,0,0,0,4,2,0.5,0.0005783438682556152
mean_top40_moderate12_single667,top40_minx45,mean,40,moderate12,single667,40,45.0,12,11,0,0,0,2,4,0.5,0.002694706122080485
mean_top80_moderate12_single667,top40_minx45,mean,80,moderate12,single667,40,45.0,12,11,0,0,0,2,4,0.5,0.0027542710304260254
none_top20_distinct20_baseline,top40_minx45,none,20,distinct20,baseline,40,45.0,12,6,0,0,0,3,3,0.5,0.00023100773493448892
none_top20_distinct20_single667,top40_minx45,none,20,distinct20,single667,40,45.0,12,8,0,0,1,3,2,0.5,0.0003484288851420085
none_top20_moderate12_baseline,top40_minx45,none,20,moderate12,baseline,40,45.0,12,6,0,0,0,2,4,0.5,0.0005811452865600586
none_top40_distinct20_baseline,top40_minx45,none,40,distinct20,baseline,40,45.0,12,6,0,0,0,3,3,0.5,0.00023208061854044595
none_top40_distinct20_single667,top40_minx45,none,40,distinct20,single667,40,45.0,12,8,0,0,1,3,2,0.5,0.00035178661346435547
none_top80_distinct20_baseline,top40_minx45,none,80,distinct20,baseline,40,45.0,12,6,0,0,0,3,3,0.5,0.00023239850997924805
none_top80_distinct20_single667,top40_minx45,none,80,distinct20,single667,40,45.0,12,8,0,0,1,3,2,0.5,0.00035057465235392254
mean_top20_dense4_wide,top10_minx8,mean,20,dense4,wide,10,8.0,12,5,0,0,0,4,1,0.4166666666666667,0.00012028217315673828
mean_top40_dense4_wide,top10_minx8,mean,40,dense4,wide,10,8.0,12,5,0,0,0,4,1,0.4166666666666667,0.00010736783345540364
mean_top80_dense4_wide,top10_minx8,mean,80,dense4,wide,10,8.0,12,5,0,0,0,4,1,0.4166666666666667,0.00011195739110310872
mean_top20_moderate12_baseline,top10_minx20,mean,20,moderate12,baseline,10,20.0,12,8,0,0,2,1,2,0.4166666666666667,7.440646489461263e-05
mean_top20_moderate12_single667,top10_minx20,mean,20,moderate12,single667,10,20.0,12,12,0,0,2,3,0,0.4166666666666667,8.430083592732747e-05
mean_top40_moderate12_baseline,top10_minx20,mean,40,moderate12,baseline,10,20.0,12,8,0,0,2,1,2,0.4166666666666667,6.767114003499349e-05
mean_top40_moderate12_single667,top10_minx20,mean,40,moderate12,single667,10,20.0,12,12,0,0,2,3,0,0.4166666666666667,7.545948028564453e-05
mean_top80_moderate12_baseline,top10_minx20,mean,80,moderate12,baseline,10,20.0,12,8,0,0,2,1,2,0.4166666666666667,6.854534149169922e-05
mean_top80_moderate12_single667,top10_minx20,mean,80,moderate12,single667,10,20.0,12,12,0,0,2,3,0,0.4166666666666667,7.685025533040364e-05
mean_top20_distinct20_baseline,top10_minx45,mean,20,distinct20,baseline,10,45.0,12,5,0,0,0,2,3,0.4166666666666667,7.033348083496094e-05
mean_top40_distinct20_baseline,top10_minx45,mean,40,distinct20,baseline,10,45.0,12,5,0,0,0,2,3,0.4166666666666667,6.516774495442708e-05
mean_top80_distinct20_baseline,top10_minx45,mean,80,distinct20,baseline,10,45.0,12,5,0,0,0,2,3,0.4166666666666667,6.502866744995117e-05
none_top20_distinct20_baseline,top10_minx45,none,20,distinct20,baseline,10,45.0,12,5,0,0,0,3,2,0.4166666666666667,6.95188840230306e-05
none_top20_distinct20_single667,top10_minx45,none,20,distinct20,single667,10,45.0,12,6,0,0,0,3,2,0.4166666666666667,7.16845194498698e-05
none_top40_distinct20_baseline,top10_minx45,none,40,distinct20,baseline,10,45.0,12,5,0,0,0,3,2,0.4166666666666667,7.05718994140625e-05
none_top40_distinct20_single667,top10_minx45,none,40,distinct20,single667,10,45.0,12,6,0,0,0,3,2,0.4166666666666667,6.995598475138347e-05
none_top80_distinct20_baseline,top10_minx45,none,80,distinct20,baseline,10,45.0,12,5,0,0,0,3,2,0.4166666666666667,7.029374440511067e-05
none_top80_distinct20_single667,top10_minx45,none,80,distinct20,single667,10,45.0,12,6,0,0,0,3,2,0.4166666666666667,7.049242655436198e-05
mean_top20_dense4_single667,top20_minx12,mean,20,dense4,single667,20,12.0,12,12,0,0,0,4,1,0.4166666666666667,0.0006012121836344401
mean_top40_dense4_single667,top20_minx12,mean,40,dense4,single667,20,12.0,12,12,0,0,0,4,1,0.4166666666666667,0.0005521575609842936
mean_top80_dense4_single667,top20_minx12,mean,80,dense4,single667,20,12.0,12,12,0,0,0,4,1,0.4166666666666667,0.0005502700805664062
median_top20_dense4_baseline,top20_minx12,median,20,dense4,baseline,20,12.0,12,5,0,0,0,3,2,0.4166666666666667,0.0005236466725667318
median_top40_dense4_baseline,top20_minx12,median,40,dense4,baseline,20,12.0,12,5,0,0,0,3,2,0.4166666666666667,0.0005245804786682129
median_top80_dense4_baseline,top20_minx12,median,80,dense4,baseline,20,12.0,12,5,0,0,0,3,2,0.4166666666666667,0.0005253354708353678
none_top20_dense4_wide,top20_minx12,none,20,dense4,wide,20,12.0,12,7,0,0,0,3,2,0.4166666666666667,0.0006104707717895508
none_top40_dense4_wide,top20_minx12,none,40,dense4,wide,20,12.0,12,7,0,0,0,3,2,0.4166666666666667,0.0005985101064046224
none_top80_dense4_wide,top20_minx12,none,80,dense4,wide,20,12.0,12,7,0,0,0,3,2,0.4166666666666667,0.0005962252616882324
mean_top20_dense4_wide,top20_minx20,mean,20,dense4,wide,20,20.0,12,3,0,0,0,3,2,0.4166666666666667,0.000568687915802002
mean_top20_moderate12_single667,top20_minx20,mean,20,moderate12,single667,20,20.0,12,12,0,0,2,3,0,0.4166666666666667,0.0006732741991678873
mean_top40_dense4_wide,top20_minx20,mean,40,dense4,wide,20,20.0,12,3,0,0,0,3,2,0.4166666666666667,0.0005148053169250488
mean_top40_moderate12_single667,top20_minx20,mean,40,moderate12,single667,20,20.0,12,12,0,0,2,3,0,0.4166666666666667,0.0006140867869059244
mean_top80_dense4_wide,top20_minx20,mean,80,dense4,wide,20,20.0,12,3,0,0,0,3,2,0.4166666666666667,0.0005153814951578776
mean_top80_moderate12_single667,top20_minx20,mean,80,moderate12,single667,20,20.0,12,12,0,0,2,3,0,0.4166666666666667,0.0006182591120402018
mean_top20_distinct20_single667,top20_minx45,mean,20,distinct20,single667,20,45.0,12,8,0,0,1,2,2,0.4166666666666667,0.0003692905108133952
mean_top20_moderate12_single667,top20_minx45,mean,20,moderate12,single667,20,45.0,12,6,0,0,0,2,3,0.4166666666666667,0.0005779266357421875
mean_top40_distinct20_single667,top20_minx45,mean,40,distinct20,single667,20,45.0,12,8,0,0,1,2,2,0.4166666666666667,0.00034554799397786457
mean_top40_moderate12_single667,top20_minx45,mean,40,moderate12,single667,20,45.0,12,6,0,0,0,2,3,0.4166666666666667,0.000527501106262207
mean_top80_distinct20_single667,top20_minx45,mean,80,distinct20,single667,20,45.0,12,8,0,0,1,2,2,0.4166666666666667,0.00035444895426432293
mean_top80_moderate12_single667,top20_minx45,mean,80,moderate12,single667,20,45.0,12,6,0,0,0,2,3,0.4166666666666667,0.0005338788032531738
median_top20_distinct20_single667,top20_minx45,median,20,distinct20,single667,20,45.0,12,8,0,0,0,4,1,0.4166666666666667,0.00032947460810343426
median_top40_distinct20_single667,top20_minx45,median,40,distinct20,single667,20,45.0,12,8,0,0,0,4,1,0.4166666666666667,0.00032625595728556317
median_top80_distinct20_single667,top20_minx45,median,80,distinct20,single667,20,45.0,12,8,0,0,0,4,1,0.4166666666666667,0.0003233949343363444
none_top20_distinct20_wide,top20_minx45,none,20,distinct20,wide,20,45.0,12,6,0,0,1,2,2,0.4166666666666667,0.0002605716387430827
none_top20_moderate12_single667,top20_minx45,none,20,moderate12,single667,20,45.0,12,8,0,0,0,3,2,0.4166666666666667,0.0005812644958496094
none_top20_moderate12_wide,top20_minx45,none,20,moderate12,wide,20,45.0,12,7,0,0,1,2,2,0.4166666666666667,0.0005783637364705404
none_top40_distinct20_wide,top20_minx45,none,40,distinct20,wide,20,45.0,12,6,0,0,1,2,2,0.4166666666666667,0.00026035308837890625
none_top40_moderate12_single667,top20_minx45,none,40,moderate12,single667,20,45.0,12,8,0,0,0,3,2,0.4166666666666667,0.000574946403503418
none_top40_moderate12_wide,top20_minx45,none,40,moderate12,wide,20,45.0,12,7,0,0,1,2,2,0.4166666666666667,0.0005758404731750488
none_top80_distinct20_wide,top20_minx45,none,80,distinct20,wide,20,45.0,12,6,0,0,1,2,2,0.4166666666666667,0.00025904178619384766
none_top80_moderate12_single667,top20_minx45,none,80,moderate12,single667,20,45.0,12,8,0,0,0,3,2,0.4166666666666667,0.000577231248219808
none_top80_moderate12_wide,top20_minx45,none,80,moderate12,wide,20,45.0,12,7,0,0,1,2,2,0.4166666666666667,0.0005777279535929362
mean_top20_dense4_single667,top40_minx12,mean,20,dense4,single667,40,12.0,12,12,0,0,0,4,1,0.4166666666666667,0.000605305035909017
mean_top40_dense4_single667,top40_minx12,mean,40,dense4,single667,40,12.0,12,12,0,0,0,4,1,0.4166666666666667,0.005227446556091309
mean_top80_dense4_single667,top40_minx12,mean,80,dense4,single667,40,12.0,12,12,0,0,0,4,1,0.4166666666666667,0.005253851413726807
median_top20_dense4_baseline,top40_minx12,median,20,dense4,baseline,40,12.0,12,5,0,0,0,3,2,0.4166666666666667,0.0005255738894144694
median_top40_dense4_single667,top40_minx12,median,40,dense4,single667,40,12.0,12,12,0,0,0,4,1,0.4166666666666667,0.005373716354370117
median_top80_dense4_single667,top40_minx12,median,80,dense4,single667,40,12.0,12,12,0,0,0,4,1,0.4166666666666667,0.005395829677581787
none_top20_dense4_wide,top40_minx12,none,20,dense4,wide,40,12.0,12,7,0,0,0,3,2,0.4166666666666667,0.0006033182144165039
mean_top20_dense4_wide,top40_minx20,mean,20,dense4,wide,40,20.0,12,3,0,0,0,3,2,0.4166666666666667,0.0005653103192647299
mean_top20_moderate12_single667,top40_minx20,mean,20,moderate12,single667,40,20.0,12,12,0,0,2,3,0,0.4166666666666667,0.0006733735402425131
mean_top40_moderate12_single667,top40_minx20,mean,40,moderate12,single667,40,20.0,12,12,0,0,2,3,0,0.4166666666666667,0.00316391388575236
mean_top80_moderate12_single667,top40_minx20,mean,80,moderate12,single667,40,20.0,12,12,0,0,2,3,0,0.4166666666666667,0.003225247065226237
mean_top20_distinct20_single667,top40_minx45,mean,20,distinct20,single667,40,45.0,12,8,0,0,1,2,2,0.4166666666666667,0.00037040313084920246
mean_top20_moderate12_single667,top40_minx45,mean,20,moderate12,single667,40,45.0,12,6,0,0,0,2,3,0.4166666666666667,0.0005825360616048177
mean_top40_distinct20_single667,top40_minx45,mean,40,distinct20,single667,40,45.0,12,8,0,0,1,2,2,0.4166666666666667,0.0003616015116373698
mean_top80_distinct20_single667,top40_minx45,mean,80,distinct20,single667,40,45.0,12,8,0,0,1,2,2,0.4166666666666667,0.0003687342007954915
median_top20_distinct20_single667,top40_minx45,median,20,distinct20,single667,40,45.0,12,8,0,0,0,4,1,0.4166666666666667,0.0003260970115661621
median_top40_distinct20_single667,top40_minx45,median,40,distinct20,single667,40,45.0,12,8,0,0,0,4,1,0.4166666666666667,0.00033466021219889325
median_top80_distinct20_single667,top40_minx45,median,80,distinct20,single667,40,45.0,12,8,0,0,0,4,1,0.4166666666666667,0.0003310243288675944
none_top20_distinct20_wide,top40_minx45,none,20,distinct20,wide,40,45.0,12,6,0,0,1,2,2,0.4166666666666667,0.0002601742744445801
none_top20_moderate12_single667,top40_minx45,none,20,moderate12,single667,40,45.0,12,8,0,0,0,3,2,0.4166666666666667,0.0005822380383809408
none_top20_moderate12_wide,top40_minx45,none,20,moderate12,wide,40,45.0,12,7,0,0,1,2,2,0.4166666666666667,0.0005809863408406576
none_top40_distinct20_wide,top40_minx45,none,40,distinct20,wide,40,45.0,12,6,0,0,1,2,2,0.4166666666666667,0.0002588629722595215
none_top40_moderate12_single667,top40_minx45,none,40,moderate12,single667,40,45.0,12,9,0,0,0,3,2,0.4166666666666667,0.002890984217325846
none_top40_moderate12_wide,top40_minx45,none,40,moderate12,wide,40,45.0,12,8,0,0,1,2,2,0.4166666666666667,0.0023331244786580405
none_top80_distinct20_wide,top40_minx45,none,80,distinct20,wide,40,45.0,12,6,0,0,1,2,2,0.4166666666666667,0.0002595384915669759
none_top80_moderate12_single667,top40_minx45,none,80,moderate12,single667,40,45.0,12,9,0,0,0,3,2,0.4166666666666667,0.00287628173828125
none_top80_moderate12_wide,top40_minx45,none,80,moderate12,wide,40,45.0,12,8,0,0,1,2,2,0.4166666666666667,0.002330323060353597
mean_top20_distinct20_single667,top10_minx8,mean,20,distinct20,single667,10,8.0,12,12,0,0,0,3,1,0.3333333333333333,0.0001351634661356608
mean_top40_distinct20_single667,top10_minx8,mean,40,distinct20,single667,10,8.0,12,12,0,0,0,3,1,0.3333333333333333,0.00012427568435668945
mean_top80_distinct20_single667,top10_minx8,mean,80,distinct20,single667,10,8.0,12,12,0,0,0,3,1,0.3333333333333333,0.00012777249018351236
median_top20_dense4_single667,top10_minx8,median,20,dense4,single667,10,8.0,12,10,0,0,0,3,1,0.3333333333333333,0.00010995070139567058
median_top20_moderate12_single667,top10_minx8,median,20,moderate12,single667,10,8.0,12,12,0,0,0,4,0,0.3333333333333333,0.00013295809427897135
median_top40_dense4_single667,top10_minx8,median,40,dense4,single667,10,8.0,12,10,0,0,0,3,1,0.3333333333333333,0.00010244051615397136
median_top40_moderate12_single667,top10_minx8,median,40,moderate12,single667,10,8.0,12,12,0,0,0,4,0,0.3333333333333333,0.00012737512588500977
median_top80_dense4_single667,top10_minx8,median,80,dense4,single667,10,8.0,12,10,0,0,0,3,1,0.3333333333333333,0.00010627508163452148
median_top80_moderate12_single667,top10_minx8,median,80,moderate12,single667,10,8.0,12,12,0,0,0,4,0,0.3333333333333333,0.00012636184692382812
none_top20_dense4_baseline,top10_minx8,none,20,dense4,baseline,10,8.0,12,4,0,0,0,3,1,0.3333333333333333,0.00011823574701944987
none_top40_dense4_baseline,top10_minx8,none,40,dense4,baseline,10,8.0,12,4,0,0,0,3,1,0.3333333333333333,0.00010454654693603516
none_top80_dense4_baseline,top10_minx8,none,80,dense4,baseline,10,8.0,12,4,0,0,0,3,1,0.3333333333333333,0.00010683139165242513
median_top20_distinct20_single667,top10_minx12,median,20,distinct20,single667,10,12.0,12,12,0,0,3,1,0,0.3333333333333333,8.682409922281901e-05
median_top40_distinct20_single667,top10_minx12,median,40,distinct20,single667,10,12.0,12,12,0,0,3,1,0,0.3333333333333333,8.759895960489909e-05
median_top80_distinct20_single667,top10_minx12,median,80,distinct20,single667,10,12.0,12,12,0,0,3,1,0,0.3333333333333333,8.843342463175456e-05
mean_top20_moderate12_wide,top10_minx20,mean,20,moderate12,wide,10,20.0,12,4,0,0,0,3,1,0.3333333333333333,7.239977518717448e-05
mean_top40_moderate12_wide,top10_minx20,mean,40,moderate12,wide,10,20.0,12,4,0,0,0,3,1,0.3333333333333333,6.423393885294597e-05
mean_top80_moderate12_wide,top10_minx20,mean,80,moderate12,wide,10,20.0,12,4,0,0,0,3,1,0.3333333333333333,6.471077601114909e-05
mean_top20_distinct20_single667,top10_minx45,mean,20,distinct20,single667,10,45.0,12,6,0,0,0,2,2,0.3333333333333333,7.055203119913737e-05
mean_top40_distinct20_single667,top10_minx45,mean,40,distinct20,single667,10,45.0,12,6,0,0,0,2,2,0.3333333333333333,6.524721781412761e-05
mean_top80_distinct20_single667,top10_minx45,mean,80,distinct20,single667,10,45.0,12,6,0,0,0,2,2,0.3333333333333333,6.538629531860352e-05
mean_top20_dense4_single667,top20_minx8,mean,20,dense4,single667,20,8.0,12,12,0,0,0,3,1,0.3333333333333333,0.0006589293479919434
mean_top20_distinct20_single667,top20_minx8,mean,20,distinct20,single667,20,8.0,12,12,0,0,0,3,1,0.3333333333333333,0.0004952748616536459
mean_top40_dense4_single667,top20_minx8,mean,40,dense4,single667,20,8.0,12,12,0,0,0,3,1,0.3333333333333333,0.0006055633227030436
mean_top40_distinct20_single667,top20_minx8,mean,40,distinct20,single667,20,8.0,12,12,0,0,0,3,1,0.3333333333333333,0.0004688103993733724
mean_top80_dense4_single667,top20_minx8,mean,80,dense4,single667,20,8.0,12,12,0,0,0,3,1,0.3333333333333333,0.0006053646405537924
mean_top80_distinct20_single667,top20_minx8,mean,80,distinct20,single667,20,8.0,12,12,0,0,0,3,1,0.3333333333333333,0.0004743337631225586
median_top20_moderate12_single667,top20_minx8,median,20,moderate12,single667,20,8.0,12,12,0,0,0,4,0,0.3333333333333333,0.0007414619127909342
median_top40_moderate12_single667,top20_minx8,median,40,moderate12,single667,20,8.0,12,12,0,0,0,4,0,0.3333333333333333,0.0007404685020446777
median_top80_moderate12_single667,top20_minx8,median,80,moderate12,single667,20,8.0,12,12,0,0,0,4,0,0.3333333333333333,0.0007341702779134115
median_top20_dense4_single667,top20_minx12,median,20,dense4,single667,20,12.0,12,11,0,0,0,3,1,0.3333333333333333,0.0005700190862019857
median_top20_distinct20_single667,top20_minx12,median,20,distinct20,single667,20,12.0,12,12,0,0,3,1,0,0.3333333333333333,0.0004207889238993327
median_top40_dense4_single667,top20_minx12,median,40,dense4,single667,20,12.0,12,11,0,0,0,3,1,0.3333333333333333,0.0005690654118855795
median_top40_distinct20_single667,top20_minx12,median,40,distinct20,single667,20,12.0,12,12,0,0,3,1,0,0.3333333333333333,0.0004235506057739258
median_top80_dense4_single667,top20_minx12,median,80,dense4,single667,20,12.0,12,11,0,0,0,3,1,0.3333333333333333,0.0005710323651631674
median_top80_distinct20_single667,top20_minx12,median,80,distinct20,single667,20,12.0,12,12,0,0,3,1,0,0.3333333333333333,0.0004209280014038086
median_top20_moderate12_single667,top20_minx45,median,20,moderate12,single667,20,45.0,12,6,0,0,0,3,1,0.3333333333333333,0.0005370378494262695
median_top40_moderate12_single667,top20_minx45,median,40,moderate12,single667,20,45.0,12,6,0,0,0,3,1,0.3333333333333333,0.0005341768264770508
median_top80_moderate12_single667,top20_minx45,median,80,moderate12,single667,20,45.0,12,6,0,0,0,3,1,0.3333333333333333,0.0005337794621785482
mean_top20_dense4_single667,top40_minx8,mean,20,dense4,single667,40,8.0,12,12,0,0,0,3,1,0.3333333333333333,0.0006580551465352377
mean_top20_distinct20_single667,top40_minx8,mean,20,distinct20,single667,40,8.0,12,12,0,0,0,3,1,0.3333333333333333,0.0004914402961730957
mean_top40_dense4_single667,top40_minx8,mean,40,dense4,single667,40,8.0,12,12,0,0,0,3,1,0.3333333333333333,0.005639076232910156
mean_top40_distinct20_single667,top40_minx8,mean,40,distinct20,single667,40,8.0,12,12,0,0,0,3,1,0.3333333333333333,0.0004882216453552246
mean_top80_dense4_single667,top40_minx8,mean,80,dense4,single667,40,8.0,12,12,0,0,0,3,1,0.3333333333333333,0.005649129549662272
mean_top80_distinct20_single667,top40_minx8,mean,80,distinct20,single667,40,8.0,12,12,0,0,0,3,1,0.3333333333333333,0.0004958113034566244
median_top20_moderate12_single667,top40_minx8,median,20,moderate12,single667,40,8.0,12,12,0,0,0,4,0,0.3333333333333333,0.0007429122924804688
median_top40_moderate12_single667,top40_minx8,median,40,moderate12,single667,40,8.0,12,12,0,0,0,4,0,0.3333333333333333,0.003564735253651937
median_top80_moderate12_single667,top40_minx8,median,80,moderate12,single667,40,8.0,12,12,0,0,0,4,0,0.3333333333333333,0.0036017696062723794
median_top20_dense4_single667,top40_minx12,median,20,dense4,single667,40,12.0,12,11,0,0,0,3,1,0.3333333333333333,0.0005714893341064453
median_top20_distinct20_single667,top40_minx12,median,20,distinct20,single667,40,12.0,12,12,0,0,3,1,0,0.3333333333333333,0.0004236300786336263
median_top40_distinct20_single667,top40_minx12,median,40,distinct20,single667,40,12.0,12,12,0,0,3,1,0,0.3333333333333333,0.00043137868245442707
median_top80_distinct20_single667,top40_minx12,median,80,distinct20,single667,40,12.0,12,12,0,0,3,1,0,0.3333333333333333,0.0004309217135111491
mean_top40_dense4_single667,top40_minx20,mean,40,dense4,single667,40,20.0,12,12,0,0,2,2,0,0.3333333333333333,0.004828393459320068
mean_top80_dense4_single667,top40_minx20,mean,80,dense4,single667,40,20.0,12,12,0,0,2,2,0,0.3333333333333333,0.0048318107922871905
median_top20_moderate12_single667,top40_minx45,median,20,moderate12,single667,40,45.0,12,6,0,0,0,3,1,0.3333333333333333,0.0005386471748352051
median_top40_dense4_single667,top40_minx45,median,40,dense4,single667,40,45.0,12,6,0,0,1,2,1,0.3333333333333333,0.0045135219891866045
median_top40_moderate12_single667,top40_minx45,median,40,moderate12,single667,40,45.0,12,10,0,0,0,3,1,0.3333333333333333,0.0026143391927083335
median_top80_dense4_single667,top40_minx45,median,80,dense4,single667,40,45.0,12,6,0,0,1,2,1,0.3333333333333333,0.004493494828542073
median_top80_moderate12_single667,top40_minx45,median,80,moderate12,single667,40,45.0,12,10,0,0,0,3,1,0.3333333333333333,0.0026201804478963218
mean_top20_dense4_single667,top10_minx8,mean,20,dense4,single667,10,8.0,12,10,0,0,0,2,1,0.25,0.00011163949966430664
mean_top20_moderate12_single667,top10_minx8,mean,20,moderate12,single667,10,8.0,12,12,0,0,0,3,0,0.25,0.00014062722524007162
mean_top40_dense4_single667,top10_minx8,mean,40,dense4,single667,10,8.0,12,10,0,0,0,2,1,0.25,0.00010516246159871419
mean_top40_moderate12_single667,top10_minx8,mean,40,moderate12,single667,10,8.0,12,12,0,0,0,3,0,0.25,0.00012485186258951822
mean_top80_dense4_single667,top10_minx8,mean,80,dense4,single667,10,8.0,12,10,0,0,0,2,1,0.25,0.00010401010513305664
mean_top80_moderate12_single667,top10_minx8,mean,80,moderate12,single667,10,8.0,12,12,0,0,0,3,0,0.25,0.00012868642807006836
median_top20_dense4_wide,top10_minx8,median,20,dense4,wide,10,8.0,12,5,0,0,0,3,0,0.25,0.00011877218882242839
median_top40_dense4_wide,top10_minx8,median,40,dense4,wide,10,8.0,12,5,0,0,0,3,0,0.25,0.00011094411214192708
median_top80_dense4_wide,top10_minx8,median,80,dense4,wide,10,8.0,12,5,0,0,0,3,0,0.25,0.00010442733764648438
none_top20_dense4_wide,top10_minx8,none,20,dense4,wide,10,8.0,12,7,0,0,0,2,1,0.25,0.00013150771458943686
none_top40_dense4_wide,top10_minx8,none,40,dense4,wide,10,8.0,12,7,0,0,0,2,1,0.25,0.00011986494064331055
none_top80_dense4_wide,top10_minx8,none,80,dense4,wide,10,8.0,12,7,0,0,0,2,1,0.25,0.00012030204137166341
mean_top20_distinct20_single667,top10_minx12,mean,20,distinct20,single667,10,12.0,12,12,0,0,2,1,0,0.25,9.369850158691406e-05
mean_top40_distinct20_single667,top10_minx12,mean,40,distinct20,single667,10,12.0,12,12,0,0,2,1,0,0.25,8.569161097208659e-05
mean_top80_distinct20_single667,top10_minx12,mean,80,distinct20,single667,10,12.0,12,12,0,0,2,1,0,0.25,8.626778920491536e-05
median_top20_moderate12_single667,top10_minx12,median,20,moderate12,single667,10,12.0,12,12,0,0,0,3,0,0.25,9.014209111531575e-05
median_top40_moderate12_single667,top10_minx12,median,40,moderate12,single667,10,12.0,12,12,0,0,0,3,0,0.25,8.805592854817708e-05
median_top80_moderate12_single667,top10_minx12,median,80,moderate12,single667,10,12.0,12,12,0,0,0,3,0,0.25,8.632739384969075e-05
mean_top20_distinct20_single667,top10_minx20,mean,20,distinct20,single667,10,20.0,12,12,0,0,2,1,0,0.25,8.686383565266927e-05
mean_top40_distinct20_single667,top10_minx20,mean,40,distinct20,single667,10,20.0,12,12,0,0,2,1,0,0.25,8.040666580200195e-05
mean_top80_distinct20_single667,top10_minx20,mean,80,distinct20,single667,10,20.0,12,12,0,0,2,1,0,0.25,8.080403010050456e-05
none_top20_moderate12_wide,top10_minx20,none,20,moderate12,wide,10,20.0,12,9,0,0,0,2,1,0.25,7.768472035725911e-05
none_top40_moderate12_wide,top10_minx20,none,40,moderate12,wide,10,20.0,12,9,0,0,0,2,1,0.25,7.551908493041992e-05
none_top80_moderate12_wide,top10_minx20,none,80,moderate12,wide,10,20.0,12,9,0,0,0,2,1,0.25,7.603565851847331e-05
mean_top20_moderate12_single667,top10_minx45,mean,20,moderate12,single667,10,45.0,12,5,0,0,0,3,0,0.25,7.092952728271484e-05
mean_top40_moderate12_single667,top10_minx45,mean,40,moderate12,single667,10,45.0,12,5,0,0,0,3,0,0.25,6.437301635742188e-05
mean_top80_moderate12_single667,top10_minx45,mean,80,moderate12,single667,10,45.0,12,5,0,0,0,3,0,0.25,6.492932637532552e-05
none_top20_distinct20_wide,top10_minx45,none,20,distinct20,wide,10,45.0,12,4,0,0,1,1,1,0.25,6.84658686319987e-05
none_top40_distinct20_wide,top10_minx45,none,40,distinct20,wide,10,45.0,12,4,0,0,1,1,1,0.25,6.898244222005208e-05
none_top80_distinct20_wide,top10_minx45,none,80,distinct20,wide,10,45.0,12,4,0,0,1,1,1,0.25,6.953875223795573e-05
mean_top20_moderate12_single667,top20_minx8,mean,20,moderate12,single667,20,8.0,12,12,0,0,0,3,0,0.25,0.0007993976275126139
mean_top40_moderate12_single667,top20_minx8,mean,40,moderate12,single667,20,8.0,12,12,0,0,0,3,0,0.25,0.0007282892862955729
mean_top80_moderate12_single667,top20_minx8,mean,80,moderate12,single667,20,8.0,12,12,0,0,0,3,0,0.25,0.0007421573003133138
mean_top20_distinct20_single667,top20_minx12,mean,20,distinct20,single667,20,12.0,12,12,0,0,2,1,0,0.25,0.0004742741584777832
mean_top40_distinct20_single667,top20_minx12,mean,40,distinct20,single667,20,12.0,12,12,0,0,2,1,0,0.25,0.00044767061869303387
mean_top80_distinct20_single667,top20_minx12,mean,80,distinct20,single667,20,12.0,12,12,0,0,2,1,0,0.25,0.00045430660247802734
median_top20_moderate12_single667,top20_minx12,median,20,moderate12,single667,20,12.0,12,12,0,0,0,3,0,0.25,0.0007124543190002441
median_top40_moderate12_single667,top20_minx12,median,40,moderate12,single667,20,12.0,12,12,0,0,0,3,0,0.25,0.0007094343503316244
median_top80_moderate12_single667,top20_minx12,median,80,moderate12,single667,20,12.0,12,12,0,0,0,3,0,0.25,0.0007070501645406088
none_top20_dense4_single667,top20_minx12,none,20,dense4,single667,20,12.0,12,9,0,0,0,2,1,0.25,0.000591576099395752
none_top40_dense4_single667,top20_minx12,none,40,dense4,single667,20,12.0,12,9,0,0,0,2,1,0.25,0.0005968014399210612
none_top80_dense4_single667,top20_minx12,none,80,dense4,single667,20,12.0,12,9,0,0,0,2,1,0.25,0.0005954305330912272
mean_top20_distinct20_single667,top20_minx20,mean,20,distinct20,single667,20,20.0,12,12,0,0,2,1,0,0.25,0.000450591246287028
mean_top40_distinct20_single667,top20_minx20,mean,40,distinct20,single667,20,20.0,12,12,0,0,2,1,0,0.25,0.00042361021041870117
mean_top80_distinct20_single667,top20_minx20,mean,80,distinct20,single667,20,20.0,12,12,0,0,2,1,0,0.25,0.00043306748072306317
none_top20_dense4_wide,top20_minx20,none,20,dense4,wide,20,20.0,12,5,0,0,0,1,2,0.25,0.0005962649981180826
none_top40_dense4_wide,top20_minx20,none,40,dense4,wide,20,20.0,12,5,0,0,0,1,2,0.25,0.0005831519762674967
none_top80_dense4_wide,top20_minx20,none,80,dense4,wide,20,20.0,12,5,0,0,0,1,2,0.25,0.0005800127983093262
mean_top20_moderate12_single667,top40_minx8,mean,20,moderate12,single667,40,8.0,12,12,0,0,0,3,0,0.25,0.0007977088292439779
mean_top40_moderate12_single667,top40_minx8,mean,40,moderate12,single667,40,8.0,12,12,0,0,0,3,0,0.25,0.0036879380544026694
mean_top80_moderate12_single667,top40_minx8,mean,80,moderate12,single667,40,8.0,12,12,0,0,0,3,0,0.25,0.0037585695584615073
mean_top20_distinct20_single667,top40_minx12,mean,20,distinct20,single667,40,12.0,12,12,0,0,2,1,0,0.25,0.00047343969345092773
mean_top40_distinct20_single667,top40_minx12,mean,40,distinct20,single667,40,12.0,12,12,0,0,2,1,0,0.25,0.0004673600196838379
mean_top80_distinct20_single667,top40_minx12,mean,80,distinct20,single667,40,12.0,12,12,0,0,2,1,0,0.25,0.00047343969345092773
median_top20_moderate12_single667,top40_minx12,median,20,moderate12,single667,40,12.0,12,12,0,0,0,3,0,0.25,0.0007143815358479818
median_top40_moderate12_single667,top40_minx12,median,40,moderate12,single667,40,12.0,12,12,0,0,0,3,0,0.25,0.0034636656443277993
median_top80_moderate12_single667,top40_minx12,median,80,moderate12,single667,40,12.0,12,12,0,0,0,3,0,0.25,0.003449241320292155
none_top20_dense4_single667,top40_minx12,none,20,dense4,single667,40,12.0,12,9,0,0,0,2,1,0.25,0.0005919535954793295
mean_top20_distinct20_single667,top40_minx20,mean,20,distinct20,single667,40,20.0,12,12,0,0,2,1,0,0.25,0.0004519025484720866
mean_top40_distinct20_single667,top40_minx20,mean,40,distinct20,single667,40,20.0,12,12,0,0,2,1,0,0.25,0.00044357776641845703
mean_top80_distinct20_single667,top40_minx20,mean,80,distinct20,single667,40,20.0,12,12,0,0,2,1,0,0.25,0.00045510133107503253
none_top20_dense4_wide,top40_minx20,none,20,dense4,wide,40,20.0,12,5,0,0,0,1,2,0.25,0.0005877216657002767
median_top20_dense4_baseline,top10_minx8,median,20,dense4,baseline,10,8.0,12,4,0,0,0,2,0,0.16666666666666666,0.00010172526041666667
median_top40_dense4_baseline,top10_minx8,median,40,dense4,baseline,10,8.0,12,4,0,0,0,2,0,0.16666666666666666,9.894371032714844e-05
median_top80_dense4_baseline,top10_minx8,median,80,dense4,baseline,10,8.0,12,4,0,0,0,2,0,0.16666666666666666,0.00010774532953898112
mean_top20_moderate12_single667,top10_minx12,mean,20,moderate12,single667,10,12.0,12,12,0,0,0,2,0,0.16666666666666666,9.679794311523438e-05
mean_top40_moderate12_single667,top10_minx12,mean,40,moderate12,single667,10,12.0,12,12,0,0,0,2,0,0.16666666666666666,8.594989776611328e-05
mean_top80_moderate12_single667,top10_minx12,mean,80,moderate12,single667,10,12.0,12,12,0,0,0,2,0,0.16666666666666666,8.765856424967448e-05
median_top20_moderate12_single667,top10_minx45,median,20,moderate12,single667,10,45.0,12,5,0,0,0,2,0,0.16666666666666666,6.604194641113281e-05
median_top40_moderate12_single667,top10_minx45,median,40,moderate12,single667,10,45.0,12,5,0,0,0,2,0,0.16666666666666666,6.514787673950195e-05
median_top80_moderate12_single667,top10_minx45,median,80,moderate12,single667,10,45.0,12,5,0,0,0,2,0,0.16666666666666666,6.413459777832031e-05
none_top20_moderate12_single667,top10_minx45,none,20,moderate12,single667,10,45.0,12,4,0,0,0,1,1,0.16666666666666666,7.118781407674153e-05
none_top40_moderate12_single667,top10_minx45,none,40,moderate12,single667,10,45.0,12,4,0,0,0,1,1,0.16666666666666666,6.808837254842122e-05
none_top80_moderate12_single667,top10_minx45,none,80,moderate12,single667,10,45.0,12,4,0,0,0,1,1,0.16666666666666666,6.826718648274739e-05
mean_top20_moderate12_single667,top20_minx12,mean,20,moderate12,single667,20,12.0,12,12,0,0,0,2,0,0.16666666666666666,0.0007724364598592123
mean_top40_moderate12_single667,top20_minx12,mean,40,moderate12,single667,20,12.0,12,12,0,0,0,2,0,0.16666666666666666,0.0007054011027018229
mean_top80_moderate12_single667,top20_minx12,mean,80,moderate12,single667,20,12.0,12,12,0,0,0,2,0,0.16666666666666666,0.0007118384043375651
median_top20_dense4_wide,top20_minx20,median,20,dense4,wide,20,20.0,12,1,0,0,0,1,1,0.16666666666666666,0.0005234281222025553
median_top40_dense4_wide,top20_minx20,median,40,dense4,wide,20,20.0,12,1,0,0,0,1,1,0.16666666666666666,0.0005172292391459147
median_top80_dense4_wide,top20_minx20,median,80,dense4,wide,20,20.0,12,1,0,0,0,1,1,0.16666666666666666,0.0005158782005310059
mean_top20_moderate12_single667,top40_minx12,mean,20,moderate12,single667,40,12.0,12,12,0,0,0,2,0,0.16666666666666666,0.000767827033996582
mean_top40_moderate12_single667,top40_minx12,mean,40,moderate12,single667,40,12.0,12,12,0,0,0,2,0,0.16666666666666666,0.003576497236887614
mean_top80_moderate12_single667,top40_minx12,mean,80,moderate12,single667,40,12.0,12,12,0,0,0,2,0,0.16666666666666666,0.003647148609161377
median_top20_dense4_wide,top40_minx20,median,20,dense4,wide,40,20.0,12,1,0,0,0,1,1,0.16666666666666666,0.0005228718121846517
median_top20_dense4_wide,top10_minx12,median,20,dense4,wide,10,12.0,12,1,0,0,0,1,0,0.08333333333333333,6.409486134847005e-05
median_top40_dense4_wide,top10_minx12,median,40,dense4,wide,10,12.0,12,1,0,0,0,1,0,0.08333333333333333,6.186962127685547e-05
median_top80_dense4_wide,top10_minx12,median,80,dense4,wide,10,12.0,12,1,0,0,0,1,0,0.08333333333333333,6.16312026977539e-05
mean_top20_distinct20_wide,top10_minx45,mean,20,distinct20,wide,10,45.0,12,2,0,0,1,0,0,0.08333333333333333,6.304184595743816e-05
mean_top40_distinct20_wide,top10_minx45,mean,40,distinct20,wide,10,45.0,12,2,0,0,1,0,0,0.08333333333333333,6.256500879923503e-05
mean_top80_distinct20_wide,top10_minx45,mean,80,distinct20,wide,10,45.0,12,2,0,0,1,0,0,0.08333333333333333,6.375710169474284e-05
mean_top20_dense4_baseline,top10_minx12,mean,20,dense4,baseline,10,12.0,12,1,0,0,0,0,0,0.0,6.794929504394531e-05
mean_top20_dense4_single667,top10_minx12,mean,20,dense4,single667,10,12.0,12,4,0,0,0,0,0,0.0,7.085005442301433e-05
mean_top20_dense4_wide,top10_minx12,mean,20,dense4,wide,10,12.0,12,0,0,0,0,0,0,0.0,6.747245788574219e-05
mean_top40_dense4_baseline,top10_minx12,mean,40,dense4,baseline,10,12.0,12,1,0,0,0,0,0,0.0,6.125370661417644e-05
mean_top40_dense4_single667,top10_minx12,mean,40,dense4,single667,10,12.0,12,4,0,0,0,0,0,0.0,6.381670633951823e-05
mean_top40_dense4_wide,top10_minx12,mean,40,dense4,wide,10,12.0,12,0,0,0,0,0,0,0.0,6.0657660166422524e-05
mean_top80_dense4_baseline,top10_minx12,mean,80,dense4,baseline,10,12.0,12,1,0,0,0,0,0,0.0,6.143252054850261e-05
mean_top80_dense4_single667,top10_minx12,mean,80,dense4,single667,10,12.0,12,4,0,0,0,0,0,0.0,6.42538070678711e-05
mean_top80_dense4_wide,top10_minx12,mean,80,dense4,wide,10,12.0,12,0,0,0,0,0,0,0.0,6.1492125193278e-05
median_top20_dense4_baseline,top10_minx12,median,20,dense4,baseline,10,12.0,12,0,0,0,0,0,0,0.0,6.010135014851888e-05
median_top20_dense4_single667,top10_minx12,median,20,dense4,single667,10,12.0,12,3,0,0,0,0,0,0.0,6.393591562906901e-05
median_top40_dense4_baseline,top10_minx12,median,40,dense4,baseline,10,12.0,12,0,0,0,0,0,0,0.0,5.9326489766438804e-05
median_top40_dense4_single667,top10_minx12,median,40,dense4,single667,10,12.0,12,3,0,0,0,0,0,0.0,6.236632664998372e-05
median_top80_dense4_baseline,top10_minx12,median,80,dense4,baseline,10,12.0,12,0,0,0,0,0,0,0.0,6.0399373372395836e-05
median_top80_dense4_single667,top10_minx12,median,80,dense4,single667,10,12.0,12,3,0,0,0,0,0,0.0,6.320079167683919e-05
none_top20_dense4_baseline,top10_minx12,none,20,dense4,baseline,10,12.0,12,0,0,0,0,0,0,0.0,6.88632329305013e-05
none_top20_dense4_single667,top10_minx12,none,20,dense4,single667,10,12.0,12,2,0,0,0,0,0,0.0,7.2936216990153e-05
none_top20_dense4_wide,top10_minx12,none,20,dense4,wide,10,12.0,12,3,0,0,0,0,0,0.0,7.261832555135091e-05
none_top40_dense4_baseline,top10_minx12,none,40,dense4,baseline,10,12.0,12,0,0,0,0,0,0,0.0,6.383657455444336e-05
none_top40_dense4_single667,top10_minx12,none,40,dense4,single667,10,12.0,12,2,0,0,0,0,0,0.0,6.649891535441081e-05
none_top40_dense4_wide,top10_minx12,none,40,dense4,wide,10,12.0,12,3,0,0,0,0,0,0.0,7.069110870361328e-05
none_top80_dense4_baseline,top10_minx12,none,80,dense4,baseline,10,12.0,12,0,0,0,0,0,0,0.0,6.459156672159831e-05
none_top80_dense4_single667,top10_minx12,none,80,dense4,single667,10,12.0,12,2,0,0,0,0,0,0.0,6.622076034545898e-05
none_top80_dense4_wide,top10_minx12,none,80,dense4,wide,10,12.0,12,3,0,0,0,0,0,0.0,6.999572118123372e-05
mean_top20_dense4_baseline,top10_minx20,mean,20,dense4,baseline,10,20.0,12,0,0,0,0,0,0,0.0,6.409486134847005e-05
mean_top20_dense4_single667,top10_minx20,mean,20,dense4,single667,10,20.0,12,0,0,0,0,0,0,0.0,6.516774495442708e-05
mean_top20_dense4_wide,top10_minx20,mean,20,dense4,wide,10,20.0,12,0,0,0,0,0,0,0.0,6.383657455444336e-05
mean_top40_dense4_baseline,top10_minx20,mean,40,dense4,baseline,10,20.0,12,0,0,0,0,0,0,0.0,5.777676900227865e-05
mean_top40_dense4_single667,top10_minx20,mean,40,dense4,single667,10,20.0,12,0,0,0,0,0,0,0.0,5.863110224405924e-05
mean_top40_dense4_wide,top10_minx20,mean,40,dense4,wide,10,20.0,12,0,0,0,0,0,0,0.0,5.7597955067952476e-05
mean_top80_dense4_baseline,top10_minx20,mean,80,dense4,baseline,10,20.0,12,0,0,0,0,0,0,0.0,5.745887756347656e-05
mean_top80_dense4_single667,top10_minx20,mean,80,dense4,single667,10,20.0,12,0,0,0,0,0,0,0.0,5.821386973063151e-05
mean_top80_dense4_wide,top10_minx20,mean,80,dense4,wide,10,20.0,12,0,0,0,0,0,0,0.0,5.811452865600586e-05
median_top20_dense4_baseline,top10_minx20,median,20,dense4,baseline,10,20.0,12,0,0,0,0,0,0,0.0,5.8432420094807945e-05
median_top20_dense4_single667,top10_minx20,median,20,dense4,single667,10,20.0,12,0,0,0,0,0,0,0.0,5.97834587097168e-05
median_top20_dense4_wide,top10_minx20,median,20,dense4,wide,10,20.0,12,0,0,0,0,0,0,0.0,5.9763590494791664e-05
median_top40_dense4_baseline,top10_minx20,median,40,dense4,baseline,10,20.0,12,0,0,0,0,0,0,0.0,5.714098612467448e-05
median_top40_dense4_single667,top10_minx20,median,40,dense4,single667,10,20.0,12,0,0,0,0,0,0,0.0,5.771716435750326e-05
median_top40_dense4_wide,top10_minx20,median,40,dense4,wide,10,20.0,12,0,0,0,0,0,0,0.0,5.902846654256185e-05
median_top80_dense4_baseline,top10_minx20,median,80,dense4,baseline,10,20.0,12,0,0,0,0,0,0,0.0,5.7637691497802734e-05
median_top80_dense4_single667,top10_minx20,median,80,dense4,single667,10,20.0,12,0,0,0,0,0,0,0.0,5.879004796346029e-05
median_top80_dense4_wide,top10_minx20,median,80,dense4,wide,10,20.0,12,0,0,0,0,0,0,0.0,5.845228830973307e-05
none_top20_dense4_baseline,top10_minx20,none,20,dense4,baseline,10,20.0,12,0,0,0,0,0,0,0.0,6.427367528279622e-05
none_top20_dense4_single667,top10_minx20,none,20,dense4,single667,10,20.0,12,0,0,0,0,0,0,0.0,6.586313247680664e-05
none_top20_dense4_wide,top10_minx20,none,20,dense4,wide,10,20.0,12,2,0,0,0,0,0,0.0,6.771087646484375e-05
none_top40_dense4_baseline,top10_minx20,none,40,dense4,baseline,10,20.0,12,0,0,0,0,0,0,0.0,6.240606307983398e-05
none_top40_dense4_single667,top10_minx20,none,40,dense4,single667,10,20.0,12,0,0,0,0,0,0,0.0,6.240606307983398e-05
none_top40_dense4_wide,top10_minx20,none,40,dense4,wide,10,20.0,12,2,0,0,0,0,0,0.0,6.538629531860352e-05
none_top80_dense4_baseline,top10_minx20,none,80,dense4,baseline,10,20.0,12,0,0,0,0,0,0,0.0,6.602207819620769e-05
none_top80_dense4_single667,top10_minx20,none,80,dense4,single667,10,20.0,12,0,0,0,0,0,0,0.0,6.308158238728841e-05
none_top80_dense4_wide,top10_minx20,none,80,dense4,wide,10,20.0,12,2,0,0,0,0,0,0.0,6.63002332051595e-05
mean_top20_dense4_baseline,top10_minx45,mean,20,dense4,baseline,10,45.0,12,0,0,0,0,0,0,0.0,6.250540415445964e-05
mean_top20_dense4_single667,top10_minx45,mean,20,dense4,single667,10,45.0,12,0,0,0,0,0,0,0.0,6.280342737833659e-05
mean_top20_dense4_wide,top10_minx45,mean,20,dense4,wide,10,45.0,12,0,0,0,0,0,0,0.0,6.272395451863606e-05
mean_top20_moderate12_baseline,top10_minx45,mean,20,moderate12,baseline,10,45.0,12,0,0,0,0,0,0,0.0,6.637970606486003e-05
mean_top20_moderate12_wide,top10_minx45,mean,20,moderate12,wide,10,45.0,12,0,0,0,0,0,0,0.0,6.558497746785481e-05
mean_top40_dense4_baseline,top10_minx45,mean,40,dense4,baseline,10,45.0,12,0,0,0,0,0,0,0.0,5.694230397542318e-05
mean_top40_dense4_single667,top10_minx45,mean,40,dense4,single667,10,45.0,12,0,0,0,0,0,0,0.0,5.728006362915039e-05
mean_top40_dense4_wide,top10_minx45,mean,40,dense4,wide,10,45.0,12,0,0,0,0,0,0,0.0,5.698204040527344e-05
mean_top40_moderate12_baseline,top10_minx45,mean,40,moderate12,baseline,10,45.0,12,0,0,0,0,0,0,0.0,5.9723854064941406e-05
mean_top40_moderate12_wide,top10_minx45,mean,40,moderate12,wide,10,45.0,12,0,0,0,0,0,0,0.0,5.795558293660482e-05
mean_top80_dense4_baseline,top10_minx45,mean,80,dense4,baseline,10,45.0,12,0,0,0,0,0,0,0.0,5.688269933064779e-05
mean_top80_dense4_single667,top10_minx45,mean,80,dense4,single667,10,45.0,12,0,0,0,0,0,0,0.0,5.728006362915039e-05
mean_top80_dense4_wide,top10_minx45,mean,80,dense4,wide,10,45.0,12,0,0,0,0,0,0,0.0,5.845228830973307e-05
mean_top80_moderate12_baseline,top10_minx45,mean,80,moderate12,baseline,10,45.0,12,0,0,0,0,0,0,0.0,6.004174550374349e-05
mean_top80_moderate12_wide,top10_minx45,mean,80,moderate12,wide,10,45.0,12,0,0,0,0,0,0,0.0,5.8650970458984375e-05
median_top20_dense4_baseline,top10_minx45,median,20,dense4,baseline,10,45.0,12,0,0,0,0,0,0,0.0,5.839268366495768e-05
median_top20_dense4_single667,top10_minx45,median,20,dense4,single667,10,45.0,12,0,0,0,0,0,0,0.0,5.817413330078125e-05
median_top20_dense4_wide,top10_minx45,median,20,dense4,wide,10,45.0,12,0,0,0,0,0,0,0.0,5.920728047688802e-05
median_top20_moderate12_baseline,top10_minx45,median,20,moderate12,baseline,10,45.0,12,0,0,0,0,0,0,0.0,6.1492125193278e-05
median_top20_moderate12_wide,top10_minx45,median,20,moderate12,wide,10,45.0,12,0,0,0,0,0,0,0.0,6.099541982014974e-05
median_top40_dense4_baseline,top10_minx45,median,40,dense4,baseline,10,45.0,12,0,0,0,0,0,0,0.0,5.7478745778401695e-05
median_top40_dense4_single667,top10_minx45,median,40,dense4,single667,10,45.0,12,0,0,0,0,0,0,0.0,5.714098612467448e-05
median_top40_dense4_wide,top10_minx45,median,40,dense4,wide,10,45.0,12,0,0,0,0,0,0,0.0,5.783637364705404e-05
median_top40_moderate12_baseline,top10_minx45,median,40,moderate12,baseline,10,45.0,12,0,0,0,0,0,0,0.0,6.041924158732096e-05
median_top40_moderate12_wide,top10_minx45,median,40,moderate12,wide,10,45.0,12,0,0,0,0,0,0,0.0,5.984306335449219e-05
median_top80_dense4_baseline,top10_minx45,median,80,dense4,baseline,10,45.0,12,0,0,0,0,0,0,0.0,5.773703257242838e-05
median_top80_dense4_single667,top10_minx45,median,80,dense4,single667,10,45.0,12,0,0,0,0,0,0,0.0,5.751848220825195e-05
median_top80_dense4_wide,top10_minx45,median,80,dense4,wide,10,45.0,12,0,0,0,0,0,0,0.0,5.6684017181396484e-05
median_top80_moderate12_baseline,top10_minx45,median,80,moderate12,baseline,10,45.0,12,0,0,0,0,0,0,0.0,6.119410196940105e-05
median_top80_moderate12_wide,top10_minx45,median,80,moderate12,wide,10,45.0,12,0,0,0,0,0,0,0.0,5.962451299031576e-05
none_top20_dense4_baseline,top10_minx45,none,20,dense4,baseline,10,45.0,12,0,0,0,0,0,0,0.0,6.318092346191406e-05
none_top20_dense4_single667,top10_minx45,none,20,dense4,single667,10,45.0,12,0,0,0,0,0,0,0.0,6.447235743204753e-05
none_top20_dense4_wide,top10_minx45,none,20,dense4,wide,10,45.0,12,0,0,0,0,0,0,0.0,6.447235743204753e-05
none_top20_moderate12_baseline,top10_minx45,none,20,moderate12,baseline,10,45.0,12,0,0,0,0,0,0,0.0,6.582339604695638e-05
none_top20_moderate12_wide,top10_minx45,none,20,moderate12,wide,10,45.0,12,2,0,0,0,0,0,0.0,6.723403930664062e-05
none_top40_dense4_baseline,top10_minx45,none,40,dense4,baseline,10,45.0,12,0,0,0,0,0,0,0.0,6.18298848470052e-05
none_top40_dense4_single667,top10_minx45,none,40,dense4,single667,10,45.0,12,0,0,0,0,0,0,0.0,6.177028020222981e-05
none_top40_dense4_wide,top10_minx45,none,40,dense4,wide,10,45.0,12,0,0,0,0,0,0,0.0,6.333986918131511e-05
none_top40_moderate12_baseline,top10_minx45,none,40,moderate12,baseline,10,45.0,12,0,0,0,0,0,0,0.0,6.492932637532552e-05
none_top40_moderate12_wide,top10_minx45,none,40,moderate12,wide,10,45.0,12,2,0,0,0,0,0,0.0,6.59624735514323e-05
none_top80_dense4_baseline,top10_minx45,none,80,dense4,baseline,10,45.0,12,0,0,0,0,0,0,0.0,6.196896235148112e-05
none_top80_dense4_single667,top10_minx45,none,80,dense4,single667,10,45.0,12,0,0,0,0,0,0,0.0,6.198883056640625e-05
none_top80_dense4_wide,top10_minx45,none,80,dense4,wide,10,45.0,12,0,0,0,0,0,0,0.0,6.395578384399414e-05
none_top80_moderate12_baseline,top10_minx45,none,80,moderate12,baseline,10,45.0,12,0,0,0,0,0,0,0.0,6.486972173055013e-05
none_top80_moderate12_wide,top10_minx45,none,80,moderate12,wide,10,45.0,12,2,0,0,0,0,0,0.0,6.556510925292969e-05
mean_top20_dense4_baseline,top20_minx20,mean,20,dense4,baseline,20,20.0,12,0,0,0,0,0,0,0.0,0.0005569855372111002
mean_top20_dense4_single667,top20_minx20,mean,20,dense4,single667,20,20.0,12,4,0,0,0,0,0,0.0,0.0005740324656168619
mean_top40_dense4_baseline,top20_minx20,mean,40,dense4,baseline,20,20.0,12,0,0,0,0,0,0,0.0,0.0005037387212117513
mean_top40_dense4_single667,top20_minx20,mean,40,dense4,single667,20,20.0,12,4,0,0,0,0,0,0.0,0.0005210240681966146
mean_top80_dense4_baseline,top20_minx20,mean,80,dense4,baseline,20,20.0,12,0,0,0,0,0,0,0.0,0.000506281852722168
mean_top80_dense4_single667,top20_minx20,mean,80,dense4,single667,20,20.0,12,4,0,0,0,0,0,0.0,0.000522315502166748
median_top20_dense4_baseline,top20_minx20,median,20,dense4,baseline,20,20.0,12,0,0,0,0,0,0,0.0,0.0005105137825012207
median_top20_dense4_single667,top20_minx20,median,20,dense4,single667,20,20.0,12,6,0,0,0,0,0,0.0,0.0005392034848531088
median_top40_dense4_baseline,top20_minx20,median,40,dense4,baseline,20,20.0,12,0,0,0,0,0,0,0.0,0.0005100170771280924
median_top40_dense4_single667,top20_minx20,median,40,dense4,single667,20,20.0,12,6,0,0,0,0,0,0.0,0.0005340576171875
median_top80_dense4_baseline,top20_minx20,median,80,dense4,baseline,20,20.0,12,0,0,0,0,0,0,0.0,0.00051116943359375
median_top80_dense4_single667,top20_minx20,median,80,dense4,single667,20,20.0,12,6,0,0,0,0,0,0.0,0.0005390445391337076
none_top20_dense4_baseline,top20_minx20,none,20,dense4,baseline,20,20.0,12,0,0,0,0,0,0,0.0,0.0005510449409484863
none_top20_dense4_single667,top20_minx20,none,20,dense4,single667,20,20.0,12,5,0,0,0,0,0,0.0,0.0005609989166259766
none_top40_dense4_baseline,top20_minx20,none,40,dense4,baseline,20,20.0,12,0,0,0,0,0,0,0.0,0.0005523165067036947
none_top40_dense4_single667,top20_minx20,none,40,dense4,single667,20,20.0,12,5,0,0,0,0,0,0.0,0.0005640387535095215
none_top80_dense4_baseline,top20_minx20,none,80,dense4,baseline,20,20.0,12,0,0,0,0,0,0,0.0,0.0005532503128051758
none_top80_dense4_single667,top20_minx20,none,80,dense4,single667,20,20.0,12,5,0,0,0,0,0,0.0,0.0005689859390258789
mean_top20_dense4_baseline,top20_minx45,mean,20,dense4,baseline,20,45.0,12,0,0,0,0,0,0,0.0,0.0005552172660827637
mean_top20_dense4_single667,top20_minx45,mean,20,dense4,single667,20,45.0,12,0,0,0,0,0,0,0.0,0.0005595088005065918
mean_top20_dense4_wide,top20_minx45,mean,20,dense4,wide,20,45.0,12,0,0,0,0,0,0,0.0,0.0005568663279215494
mean_top40_dense4_baseline,top20_minx45,mean,40,dense4,baseline,20,45.0,12,0,0,0,0,0,0,0.0,0.0005020697911580404
mean_top40_dense4_single667,top20_minx45,mean,40,dense4,single667,20,45.0,12,0,0,0,0,0,0,0.0,0.0005104740460713705
mean_top40_dense4_wide,top20_minx45,mean,40,dense4,wide,20,45.0,12,0,0,0,0,0,0,0.0,0.000506897767384847
mean_top80_dense4_baseline,top20_minx45,mean,80,dense4,baseline,20,45.0,12,0,0,0,0,0,0,0.0,0.0005061030387878418
mean_top80_dense4_single667,top20_minx45,mean,80,dense4,single667,20,45.0,12,0,0,0,0,0,0,0.0,0.000507354736328125
mean_top80_dense4_wide,top20_minx45,mean,80,dense4,wide,20,45.0,12,0,0,0,0,0,0,0.0,0.0005091826121012369
median_top20_dense4_baseline,top20_minx45,median,20,dense4,baseline,20,45.0,12,0,0,0,0,0,0,0.0,0.000512540340423584
median_top20_dense4_single667,top20_minx45,median,20,dense4,single667,20,45.0,12,2,0,0,0,0,0,0.0,0.0005205273628234863
median_top20_dense4_wide,top20_minx45,median,20,dense4,wide,20,45.0,12,0,0,0,0,0,0,0.0,0.0005128184954325358
median_top40_dense4_baseline,top20_minx45,median,40,dense4,baseline,20,45.0,12,0,0,0,0,0,0,0.0,0.0005093812942504883
median_top40_dense4_single667,top20_minx45,median,40,dense4,single667,20,45.0,12,2,0,0,0,0,0,0.0,0.0005184610684712728
median_top40_dense4_wide,top20_minx45,median,40,dense4,wide,20,45.0,12,0,0,0,0,0,0,0.0,0.0005102753639221191
median_top80_dense4_baseline,top20_minx45,median,80,dense4,baseline,20,45.0,12,0,0,0,0,0,0,0.0,0.0005075335502624512
median_top80_dense4_single667,top20_minx45,median,80,dense4,single667,20,45.0,12,2,0,0,0,0,0,0.0,0.0005228320757548014
median_top80_dense4_wide,top20_minx45,median,80,dense4,wide,20,45.0,12,0,0,0,0,0,0,0.0,0.0005063017209370931
none_top20_dense4_baseline,top20_minx45,none,20,dense4,baseline,20,45.0,12,0,0,0,0,0,0,0.0,0.0005496342976888021
none_top20_dense4_single667,top20_minx45,none,20,dense4,single667,20,45.0,12,0,0,0,0,0,0,0.0,0.0005536079406738281
none_top20_dense4_wide,top20_minx45,none,20,dense4,wide,20,45.0,12,0,0,0,0,0,0,0.0,0.0005637605985005697
none_top40_dense4_baseline,top20_minx45,none,40,dense4,baseline,20,45.0,12,0,0,0,0,0,0,0.0,0.0005472501118977865
none_top40_dense4_single667,top20_minx45,none,40,dense4,single667,20,45.0,12,0,0,0,0,0,0,0.0,0.0005561113357543945
none_top40_dense4_wide,top20_minx45,none,40,dense4,wide,20,45.0,12,0,0,0,0,0,0,0.0,0.0005554954210917155
none_top80_dense4_baseline,top20_minx45,none,80,dense4,baseline,20,45.0,12,0,0,0,0,0,0,0.0,0.0005529522895812988
none_top80_dense4_single667,top20_minx45,none,80,dense4,single667,20,45.0,12,0,0,0,0,0,0,0.0,0.0005607406298319498
none_top80_dense4_wide,top20_minx45,none,80,dense4,wide,20,45.0,12,0,0,0,0,0,0,0.0,0.0005537271499633789
mean_top20_dense4_baseline,top40_minx20,mean,20,dense4,baseline,40,20.0,12,0,0,0,0,0,0,0.0,0.0005550185839335123
mean_top20_dense4_single667,top40_minx20,mean,20,dense4,single667,40,20.0,12,4,0,0,0,0,0,0.0,0.0005740920702616373
median_top20_dense4_baseline,top40_minx20,median,20,dense4,baseline,40,20.0,12,0,0,0,0,0,0,0.0,0.0005154808362325033
median_top20_dense4_single667,top40_minx20,median,20,dense4,single667,40,20.0,12,6,0,0,0,0,0,0.0,0.0005379716555277506
none_top20_dense4_baseline,top40_minx20,none,20,dense4,baseline,40,20.0,12,0,0,0,0,0,0,0.0,0.0005482633908589681
none_top20_dense4_single667,top40_minx20,none,20,dense4,single667,40,20.0,12,5,0,0,0,0,0,0.0,0.0005625486373901367
mean_top20_dense4_baseline,top40_minx45,mean,20,dense4,baseline,40,45.0,12,0,0,0,0,0,0,0.0,0.0005566080411275228
mean_top20_dense4_single667,top40_minx45,mean,20,dense4,single667,40,45.0,12,0,0,0,0,0,0,0.0,0.000559548536936442
mean_top20_dense4_wide,top40_minx45,mean,20,dense4,wide,40,45.0,12,0,0,0,0,0,0,0.0,0.0005610982577006022
mean_top40_dense4_baseline,top40_minx45,mean,40,dense4,baseline,40,45.0,12,0,0,0,0,0,0,0.0,0.004384557406107585
mean_top40_dense4_single667,top40_minx45,mean,40,dense4,single667,40,45.0,12,3,0,0,0,0,0,0.0,0.004445473353068034
mean_top40_dense4_wide,top40_minx45,mean,40,dense4,wide,40,45.0,12,0,0,0,0,0,0,0.0,0.0043379465738932295
mean_top80_dense4_baseline,top40_minx45,mean,80,dense4,baseline,40,45.0,12,0,0,0,0,0,0,0.0,0.004372139771779378
mean_top80_dense4_single667,top40_minx45,mean,80,dense4,single667,40,45.0,12,3,0,0,0,0,0,0.0,0.004456082979838054
mean_top80_dense4_wide,top40_minx45,mean,80,dense4,wide,40,45.0,12,0,0,0,0,0,0,0.0,0.004391650358835856
median_top20_dense4_baseline,top40_minx45,median,20,dense4,baseline,40,45.0,12,0,0,0,0,0,0,0.0,0.0005122621854146322
median_top20_dense4_single667,top40_minx45,median,20,dense4,single667,40,45.0,12,2,0,0,0,0,0,0.0,0.0005206068356831869
median_top20_dense4_wide,top40_minx45,median,20,dense4,wide,40,45.0,12,0,0,0,0,0,0,0.0,0.0005146662394205729
median_top40_dense4_baseline,top40_minx45,median,40,dense4,baseline,40,45.0,12,0,0,0,0,0,0,0.0,0.004431227842966716
median_top40_dense4_wide,top40_minx45,median,40,dense4,wide,40,45.0,12,0,0,0,0,0,0,0.0,0.00439600149790446
median_top80_dense4_baseline,top40_minx45,median,80,dense4,baseline,40,45.0,12,0,0,0,0,0,0,0.0,0.004432996114095052
median_top80_dense4_wide,top40_minx45,median,80,dense4,wide,40,45.0,12,0,0,0,0,0,0,0.0,0.0043817559878031416
none_top20_dense4_baseline,top40_minx45,none,20,dense4,baseline,40,45.0,12,0,0,0,0,0,0,0.0,0.000547786553700765
none_top20_dense4_single667,top40_minx45,none,20,dense4,single667,40,45.0,12,0,0,0,0,0,0,0.0,0.0005504290262858073
none_top20_dense4_wide,top40_minx45,none,20,dense4,wide,40,45.0,12,0,0,0,0,0,0,0.0,0.0005627274513244629
none_top40_dense4_baseline,top40_minx45,none,40,dense4,baseline,40,45.0,12,0,0,0,0,0,0,0.0,0.004719217618306478
none_top40_dense4_single667,top40_minx45,none,40,dense4,single667,40,45.0,12,3,0,0,0,0,0,0.0,0.004816174507141113
none_top40_dense4_wide,top40_minx45,none,40,dense4,wide,40,45.0,12,0,0,0,0,0,0,0.0,0.004743655522664388
none_top80_dense4_baseline,top40_minx45,none,80,dense4,baseline,40,45.0,12,0,0,0,0,0,0,0.0,0.004764636357625325
none_top80_dense4_single667,top40_minx45,none,80,dense4,single667,40,45.0,12,3,0,0,0,0,0,0.0,0.0048173268636067705
none_top80_dense4_wide,top40_minx45,none,80,dense4,wide,40,45.0,12,0,0,0,0,0,0,0.0,0.004743119080861409
