variant_label,depth_weight,slot_weight,case_label,branch_key,seed,case_variant,combo_index,candidate_ranks,candidate_x_values_mm,candidate_z_values_mm,unique_all_truths,unique_truth_hit_count,failure_label,missing_target0,missing_target1,missing_target2,selector_score,depth_prior_score,slot_prior_score,combined_score
depth0_slot0,0.0,0.0,target2_close14|seed13|nominal,target2_close14,13,nominal,74,"14,6,1","186,249,265","77,93,85",False,2,missing_target0,True,False,False,1.2332032115306153,-0.03333333333333333,-0.06666666666666667,1.2332032115306153
depth0_slot0,0.0,0.0,target2_close14|seed13|source_mismatch,target2_close14,13,source_mismatch,177,"9,3,2","188,250,266","85,78,90",False,2,missing_target1,False,True,False,1.264052316533106,-0.022222222222222223,-0.044444444444444446,1.264052316533106
depth0_slot0,0.0,0.0,target2_close14|seed21|nominal,target2_close14,21,nominal,59,"13,5,1","191,251,266","86,78,91",False,2,missing_target1,False,True,False,1.332977592849972,-0.022222222222222223,-0.044444444444444446,1.332977592849972
depth0_slot0,0.0,0.0,target2_close14|seed21|source_mismatch,target2_close14,21,source_mismatch,5,"7,2,1","194,251,263","86,76,81",False,1,missing_target1_target2,False,True,True,1.3364136906184398,-0.044444444444444446,-0.06666666666666667,1.3364136906184398
depth0_slot0,0.0,0.0,target2_close14|seed34|nominal,target2_close14,34,nominal,87,"14,7,1","190,248,260","85,89,87",True,3,all_truth,False,False,False,1.2524995625348008,-0.0,-0.06666666666666667,1.2524995625348008
depth0_slot0,0.0,0.0,target2_close14|seed34|source_mismatch,target2_close14,34,source_mismatch,56,"10,5,1","188,247,261","83,85,83",True,3,all_truth,False,False,False,1.322280338932385,-0.0,-0.08888888888888889,1.322280338932385
depth0_slot0,0.0,0.0,target2_close50_linear29p5|seed13|nominal,target2_close50_linear29p5,13,nominal,173,"7,2,10","184,250,301","110,102,103",False,0,missing_target0_target1_target2,True,True,True,1.3180654126663824,-0.16666666666666666,-0.07777777777777778,1.3180654126663824
depth0_slot0,0.0,0.0,target2_close50_linear29p5|seed13|source_mismatch,target2_close50_linear29p5,13,source_mismatch,282,"9,3,11","187,253,305","102,100,90",False,1,missing_target0_target1,True,True,False,1.196491307261035,-0.022222222222222223,-0.12222222222222222,1.196491307261035
depth0_slot0,0.0,0.0,target2_close50_linear29p5|seed21|nominal,target2_close50_linear29p5,21,nominal,163,"18,1,16","188,253,303","97,101,109",False,1,missing_target1_target2,False,True,True,1.1874689922941566,-0.1111111111111111,-0.08888888888888889,1.1874689922941566
depth0_slot0,0.0,0.0,target2_close50_linear29p5|seed21|source_mismatch,target2_close50_linear29p5,21,source_mismatch,261,"12,2,9","188,253,303","97,93,91",True,3,all_truth,False,False,False,1.276066325911701,-0.0,-0.08888888888888889,1.276066325911701
depth0_slot0,0.0,0.0,target2_close50_linear29p5|seed34|nominal,target2_close50_linear29p5,34,nominal,528,"13,4,10","185,251,303","109,75,93",False,1,missing_target0_target1,True,True,False,1.2523311526517453,-0.15555555555555556,-0.1,1.2523311526517453
depth0_slot0,0.0,0.0,target2_close50_linear29p5|seed34|source_mismatch,target2_close50_linear29p5,34,source_mismatch,230,"8,3,7","181,248,295","102,96,89",False,2,missing_target0,True,False,False,1.0872021321747714,-0.022222222222222223,-0.17777777777777778,1.0872021321747714
depth0_slot0.1,0.0,0.1,target2_close14|seed13|nominal,target2_close14,13,nominal,74,"14,6,1","186,249,265","77,93,85",False,2,missing_target0,True,False,False,1.2332032115306153,-0.03333333333333333,-0.06666666666666667,1.2265365448639487
depth0_slot0.1,0.0,0.1,target2_close14|seed13|source_mismatch,target2_close14,13,source_mismatch,177,"9,3,2","188,250,266","85,78,90",False,2,missing_target1,False,True,False,1.264052316533106,-0.022222222222222223,-0.044444444444444446,1.2596078720886614
depth0_slot0.1,0.0,0.1,target2_close14|seed21|nominal,target2_close14,21,nominal,59,"13,5,1","191,251,266","86,78,91",False,2,missing_target1,False,True,False,1.332977592849972,-0.022222222222222223,-0.044444444444444446,1.3285331484055276
depth0_slot0.1,0.0,0.1,target2_close14|seed21|source_mismatch,target2_close14,21,source_mismatch,5,"7,2,1","194,251,263","86,76,81",False,1,missing_target1_target2,False,True,True,1.3364136906184398,-0.044444444444444446,-0.06666666666666667,1.3297470239517732
depth0_slot0.1,0.0,0.1,target2_close14|seed34|nominal,target2_close14,34,nominal,87,"14,7,1","190,248,260","85,89,87",True,3,all_truth,False,False,False,1.2524995625348008,-0.0,-0.06666666666666667,1.2458328958681342
depth0_slot0.1,0.0,0.1,target2_close14|seed34|source_mismatch,target2_close14,34,source_mismatch,56,"10,5,1","188,247,261","83,85,83",True,3,all_truth,False,False,False,1.322280338932385,-0.0,-0.08888888888888889,1.313391450043496
depth0_slot0.1,0.0,0.1,target2_close50_linear29p5|seed13|nominal,target2_close50_linear29p5,13,nominal,173,"7,2,10","184,250,301","110,102,103",False,0,missing_target0_target1_target2,True,True,True,1.3180654126663824,-0.16666666666666666,-0.07777777777777778,1.3102876348886046
depth0_slot0.1,0.0,0.1,target2_close50_linear29p5|seed13|source_mismatch,target2_close50_linear29p5,13,source_mismatch,282,"9,3,11","187,253,305","102,100,90",False,1,missing_target0_target1,True,True,False,1.196491307261035,-0.022222222222222223,-0.12222222222222222,1.184269085038813
depth0_slot0.1,0.0,0.1,target2_close50_linear29p5|seed21|nominal,target2_close50_linear29p5,21,nominal,163,"18,1,16","188,253,303","97,101,109",False,1,missing_target1_target2,False,True,True,1.1874689922941566,-0.1111111111111111,-0.08888888888888889,1.1785801034052676
depth0_slot0.1,0.0,0.1,target2_close50_linear29p5|seed21|source_mismatch,target2_close50_linear29p5,21,source_mismatch,261,"12,2,9","188,253,303","97,93,91",True,3,all_truth,False,False,False,1.276066325911701,-0.0,-0.08888888888888889,1.2671774370228122
depth0_slot0.1,0.0,0.1,target2_close50_linear29p5|seed34|nominal,target2_close50_linear29p5,34,nominal,528,"13,4,10","185,251,303","109,75,93",False,1,missing_target0_target1,True,True,False,1.2523311526517453,-0.15555555555555556,-0.1,1.2423311526517453
depth0_slot0.1,0.0,0.1,target2_close50_linear29p5|seed34|source_mismatch,target2_close50_linear29p5,34,source_mismatch,267,"15,3,12","185,248,296","78,96,100",False,1,missing_target0_target2,True,False,True,1.08355018670165,-0.022222222222222223,-0.12222222222222222,1.0713279644794278
depth0_slot0.2,0.0,0.2,target2_close14|seed13|nominal,target2_close14,13,nominal,74,"14,6,1","186,249,265","77,93,85",False,2,missing_target0,True,False,False,1.2332032115306153,-0.03333333333333333,-0.06666666666666667,1.2198698781972819
depth0_slot0.2,0.0,0.2,target2_close14|seed13|source_mismatch,target2_close14,13,source_mismatch,177,"9,3,2","188,250,266","85,78,90",False,2,missing_target1,False,True,False,1.264052316533106,-0.022222222222222223,-0.044444444444444446,1.255163427644217
depth0_slot0.2,0.0,0.2,target2_close14|seed21|nominal,target2_close14,21,nominal,59,"13,5,1","191,251,266","86,78,91",False,2,missing_target1,False,True,False,1.332977592849972,-0.022222222222222223,-0.044444444444444446,1.3240887039610831
depth0_slot0.2,0.0,0.2,target2_close14|seed21|source_mismatch,target2_close14,21,source_mismatch,5,"7,2,1","194,251,263","86,76,81",False,1,missing_target1_target2,False,True,True,1.3364136906184398,-0.044444444444444446,-0.06666666666666667,1.3230803572851064
depth0_slot0.2,0.0,0.2,target2_close14|seed34|nominal,target2_close14,34,nominal,87,"14,7,1","190,248,260","85,89,87",True,3,all_truth,False,False,False,1.2524995625348008,-0.0,-0.06666666666666667,1.2391662292014674
depth0_slot0.2,0.0,0.2,target2_close14|seed34|source_mismatch,target2_close14,34,source_mismatch,56,"10,5,1","188,247,261","83,85,83",True,3,all_truth,False,False,False,1.322280338932385,-0.0,-0.08888888888888889,1.3045025611546073
depth0_slot0.2,0.0,0.2,target2_close50_linear29p5|seed13|nominal,target2_close50_linear29p5,13,nominal,173,"7,2,10","184,250,301","110,102,103",False,0,missing_target0_target1_target2,True,True,True,1.3180654126663824,-0.16666666666666666,-0.07777777777777778,1.302509857110827
depth0_slot0.2,0.0,0.2,target2_close50_linear29p5|seed13|source_mismatch,target2_close50_linear29p5,13,source_mismatch,282,"9,3,11","187,253,305","102,100,90",False,1,missing_target0_target1,True,True,False,1.196491307261035,-0.022222222222222223,-0.12222222222222222,1.1720468628165905
depth0_slot0.2,0.0,0.2,target2_close50_linear29p5|seed21|nominal,target2_close50_linear29p5,21,nominal,163,"18,1,16","188,253,303","97,101,109",False,1,missing_target1_target2,False,True,True,1.1874689922941566,-0.1111111111111111,-0.08888888888888889,1.169691214516379
depth0_slot0.2,0.0,0.2,target2_close50_linear29p5|seed21|source_mismatch,target2_close50_linear29p5,21,source_mismatch,261,"12,2,9","188,253,303","97,93,91",True,3,all_truth,False,False,False,1.276066325911701,-0.0,-0.08888888888888889,1.2582885481339234
depth0_slot0.2,0.0,0.2,target2_close50_linear29p5|seed34|nominal,target2_close50_linear29p5,34,nominal,528,"13,4,10","185,251,303","109,75,93",False,1,missing_target0_target1,True,True,False,1.2523311526517453,-0.15555555555555556,-0.1,1.2323311526517453
depth0_slot0.2,0.0,0.2,target2_close50_linear29p5|seed34|source_mismatch,target2_close50_linear29p5,34,source_mismatch,267,"15,3,12","185,248,296","78,96,100",False,1,missing_target0_target2,True,False,True,1.08355018670165,-0.022222222222222223,-0.12222222222222222,1.0591057422572054
depth0_slot0.5,0.0,0.5,target2_close14|seed13|nominal,target2_close14,13,nominal,74,"14,6,1","186,249,265","77,93,85",False,2,missing_target0,True,False,False,1.2332032115306153,-0.03333333333333333,-0.06666666666666667,1.1998698781972819
depth0_slot0.5,0.0,0.5,target2_close14|seed13|source_mismatch,target2_close14,13,source_mismatch,177,"9,3,2","188,250,266","85,78,90",False,2,missing_target1,False,True,False,1.264052316533106,-0.022222222222222223,-0.044444444444444446,1.2418300943108838
depth0_slot0.5,0.0,0.5,target2_close14|seed21|nominal,target2_close14,21,nominal,59,"13,5,1","191,251,266","86,78,91",False,2,missing_target1,False,True,False,1.332977592849972,-0.022222222222222223,-0.044444444444444446,1.31075537062775
depth0_slot0.5,0.0,0.5,target2_close14|seed21|source_mismatch,target2_close14,21,source_mismatch,5,"7,2,1","194,251,263","86,76,81",False,1,missing_target1_target2,False,True,True,1.3364136906184398,-0.044444444444444446,-0.06666666666666667,1.3030803572851064
depth0_slot0.5,0.0,0.5,target2_close14|seed34|nominal,target2_close14,34,nominal,363,"14,6,3","190,249,262","85,77,78",False,1,missing_target1_target2,False,True,True,1.2424199218992804,-0.05555555555555556,-0.03333333333333333,1.2257532552326138
depth0_slot0.5,0.0,0.5,target2_close14|seed34|source_mismatch,target2_close14,34,source_mismatch,331,"11,4,3","190,249,263","75,77,75",False,0,missing_target0_target1_target2,True,True,True,1.3084624254548733,-0.14444444444444446,-0.022222222222222223,1.2973513143437623
depth0_slot0.5,0.0,0.5,target2_close50_linear29p5|seed13|nominal,target2_close50_linear29p5,13,nominal,173,"7,2,10","184,250,301","110,102,103",False,0,missing_target0_target1_target2,True,True,True,1.3180654126663824,-0.16666666666666666,-0.07777777777777778,1.2791765237774935
depth0_slot0.5,0.0,0.5,target2_close50_linear29p5|seed13|source_mismatch,target2_close50_linear29p5,13,source_mismatch,282,"9,3,11","187,253,305","102,100,90",False,1,missing_target0_target1,True,True,False,1.196491307261035,-0.022222222222222223,-0.12222222222222222,1.135380196149924
depth0_slot0.5,0.0,0.5,target2_close50_linear29p5|seed21|nominal,target2_close50_linear29p5,21,nominal,134,"19,1,11","190,253,301","78,101,87",False,1,missing_target0_target1,True,True,False,1.172024129686864,-0.03333333333333333,-0.044444444444444446,1.149801907464642
depth0_slot0.5,0.0,0.5,target2_close50_linear29p5|seed21|source_mismatch,target2_close50_linear29p5,21,source_mismatch,261,"12,2,9","188,253,303","97,93,91",True,3,all_truth,False,False,False,1.276066325911701,-0.0,-0.08888888888888889,1.2316218814672566
depth0_slot0.5,0.0,0.5,target2_close50_linear29p5|seed34|nominal,target2_close50_linear29p5,34,nominal,528,"13,4,10","185,251,303","109,75,93",False,1,missing_target0_target1,True,True,False,1.2523311526517453,-0.15555555555555556,-0.1,1.2023311526517453
depth0_slot0.5,0.0,0.5,target2_close50_linear29p5|seed34|source_mismatch,target2_close50_linear29p5,34,source_mismatch,267,"15,3,12","185,248,296","78,96,100",False,1,missing_target0_target2,True,False,True,1.08355018670165,-0.022222222222222223,-0.12222222222222222,1.0224390755905388
depth0_slot1,0.0,1.0,target2_close14|seed13|nominal,target2_close14,13,nominal,74,"14,6,1","186,249,265","77,93,85",False,2,missing_target0,True,False,False,1.2332032115306153,-0.03333333333333333,-0.06666666666666667,1.1665365448639486
depth0_slot1,0.0,1.0,target2_close14|seed13|source_mismatch,target2_close14,13,source_mismatch,177,"9,3,2","188,250,266","85,78,90",False,2,missing_target1,False,True,False,1.264052316533106,-0.022222222222222223,-0.044444444444444446,1.2196078720886614
depth0_slot1,0.0,1.0,target2_close14|seed21|nominal,target2_close14,21,nominal,59,"13,5,1","191,251,266","86,78,91",False,2,missing_target1,False,True,False,1.332977592849972,-0.022222222222222223,-0.044444444444444446,1.2885331484055276
depth0_slot1,0.0,1.0,target2_close14|seed21|source_mismatch,target2_close14,21,source_mismatch,5,"7,2,1","194,251,263","86,76,81",False,1,missing_target1_target2,False,True,True,1.3364136906184398,-0.044444444444444446,-0.06666666666666667,1.2697470239517732
depth0_slot1,0.0,1.0,target2_close14|seed34|nominal,target2_close14,34,nominal,363,"14,6,3","190,249,262","85,77,78",False,1,missing_target1_target2,False,True,True,1.2424199218992804,-0.05555555555555556,-0.03333333333333333,1.209086588565947
depth0_slot1,0.0,1.0,target2_close14|seed34|source_mismatch,target2_close14,34,source_mismatch,331,"11,4,3","190,249,263","75,77,75",False,0,missing_target0_target1_target2,True,True,True,1.3084624254548733,-0.14444444444444446,-0.022222222222222223,1.2862402032326512
depth0_slot1,0.0,1.0,target2_close50_linear29p5|seed13|nominal,target2_close50_linear29p5,13,nominal,173,"7,2,10","184,250,301","110,102,103",False,0,missing_target0_target1_target2,True,True,True,1.3180654126663824,-0.16666666666666666,-0.07777777777777778,1.2402876348886047
depth0_slot1,0.0,1.0,target2_close50_linear29p5|seed13|source_mismatch,target2_close50_linear29p5,13,source_mismatch,282,"9,3,11","187,253,305","102,100,90",False,1,missing_target0_target1,True,True,False,1.196491307261035,-0.022222222222222223,-0.12222222222222222,1.0742690850388128
depth0_slot1,0.0,1.0,target2_close50_linear29p5|seed21|nominal,target2_close50_linear29p5,21,nominal,134,"19,1,11","190,253,301","78,101,87",False,1,missing_target0_target1,True,True,False,1.172024129686864,-0.03333333333333333,-0.044444444444444446,1.1275796852424196
depth0_slot1,0.0,1.0,target2_close50_linear29p5|seed21|source_mismatch,target2_close50_linear29p5,21,source_mismatch,261,"12,2,9","188,253,303","97,93,91",True,3,all_truth,False,False,False,1.276066325911701,-0.0,-0.08888888888888889,1.1871774370228123
depth0_slot1,0.0,1.0,target2_close50_linear29p5|seed34|nominal,target2_close50_linear29p5,34,nominal,528,"13,4,10","185,251,303","109,75,93",False,1,missing_target0_target1,True,True,False,1.2523311526517453,-0.15555555555555556,-0.1,1.1523311526517452
depth0_slot1,0.0,1.0,target2_close50_linear29p5|seed34|source_mismatch,target2_close50_linear29p5,34,source_mismatch,267,"15,3,12","185,248,296","78,96,100",False,1,missing_target0_target2,True,False,True,1.08355018670165,-0.022222222222222223,-0.12222222222222222,0.9613279644794277
depth0_slot2,0.0,2.0,target2_close14|seed13|nominal,target2_close14,13,nominal,74,"14,6,1","186,249,265","77,93,85",False,2,missing_target0,True,False,False,1.2332032115306153,-0.03333333333333333,-0.06666666666666667,1.099869878197282
depth0_slot2,0.0,2.0,target2_close14|seed13|source_mismatch,target2_close14,13,source_mismatch,24,"9,3,1","188,250,264","85,78,81",False,1,missing_target1_target2,False,True,True,1.221253970479529,-0.022222222222222223,-0.022222222222222223,1.1768095260350846
depth0_slot2,0.0,2.0,target2_close14|seed21|nominal,target2_close14,21,nominal,59,"13,5,1","191,251,266","86,78,91",False,2,missing_target1,False,True,False,1.332977592849972,-0.022222222222222223,-0.044444444444444446,1.2440887039610833
depth0_slot2,0.0,2.0,target2_close14|seed21|source_mismatch,target2_close14,21,source_mismatch,5,"7,2,1","194,251,263","86,76,81",False,1,missing_target1_target2,False,True,True,1.3364136906184398,-0.044444444444444446,-0.06666666666666667,1.2030803572851065
depth0_slot2,0.0,2.0,target2_close14|seed34|nominal,target2_close14,34,nominal,363,"14,6,3","190,249,262","85,77,78",False,1,missing_target1_target2,False,True,True,1.2424199218992804,-0.05555555555555556,-0.03333333333333333,1.1757532552326138
depth0_slot2,0.0,2.0,target2_close14|seed34|source_mismatch,target2_close14,34,source_mismatch,331,"11,4,3","190,249,263","75,77,75",False,0,missing_target0_target1_target2,True,True,True,1.3084624254548733,-0.14444444444444446,-0.022222222222222223,1.2640179810104288
depth0_slot2,0.0,2.0,target2_close50_linear29p5|seed13|nominal,target2_close50_linear29p5,13,nominal,173,"7,2,10","184,250,301","110,102,103",False,0,missing_target0_target1_target2,True,True,True,1.3180654126663824,-0.16666666666666666,-0.07777777777777778,1.1625098571108268
depth0_slot2,0.0,2.0,target2_close50_linear29p5|seed13|source_mismatch,target2_close50_linear29p5,13,source_mismatch,281,"9,3,10","187,253,300","102,100,75",False,0,missing_target0_target1_target2,True,True,True,1.0901950952547677,-0.07777777777777778,-0.06666666666666667,0.9568617619214344
depth0_slot2,0.0,2.0,target2_close50_linear29p5|seed21|nominal,target2_close50_linear29p5,21,nominal,134,"19,1,11","190,253,301","78,101,87",False,1,missing_target0_target1,True,True,False,1.172024129686864,-0.03333333333333333,-0.044444444444444446,1.0831352407979753
depth0_slot2,0.0,2.0,target2_close50_linear29p5|seed21|source_mismatch,target2_close50_linear29p5,21,source_mismatch,261,"12,2,9","188,253,303","97,93,91",True,3,all_truth,False,False,False,1.276066325911701,-0.0,-0.08888888888888889,1.0982885481339233
depth0_slot2,0.0,2.0,target2_close50_linear29p5|seed34|nominal,target2_close50_linear29p5,34,nominal,528,"13,4,10","185,251,303","109,75,93",False,1,missing_target0_target1,True,True,False,1.2523311526517453,-0.15555555555555556,-0.1,1.0523311526517454
depth0_slot2,0.0,2.0,target2_close50_linear29p5|seed34|source_mismatch,target2_close50_linear29p5,34,source_mismatch,267,"15,3,12","185,248,296","78,96,100",False,1,missing_target0_target2,True,False,True,1.08355018670165,-0.022222222222222223,-0.12222222222222222,0.8391057422572055
depth0_slot4,0.0,4.0,target2_close14|seed13|nominal,target2_close14,13,nominal,74,"14,6,1","186,249,265","77,93,85",False,2,missing_target0,True,False,False,1.2332032115306153,-0.03333333333333333,-0.06666666666666667,0.9665365448639487
depth0_slot4,0.0,4.0,target2_close14|seed13|source_mismatch,target2_close14,13,source_mismatch,24,"9,3,1","188,250,264","85,78,81",False,1,missing_target1_target2,False,True,True,1.221253970479529,-0.022222222222222223,-0.022222222222222223,1.1323650815906403
depth0_slot4,0.0,4.0,target2_close14|seed21|nominal,target2_close14,21,nominal,59,"13,5,1","191,251,266","86,78,91",False,2,missing_target1,False,True,False,1.332977592849972,-0.022222222222222223,-0.044444444444444446,1.1551998150721943
depth0_slot4,0.0,4.0,target2_close14|seed21|source_mismatch,target2_close14,21,source_mismatch,27,"12,3,1","190,248,263","95,86,81",False,2,missing_target2,False,False,True,1.2246870048037362,-0.0,-0.03333333333333333,1.0913536714704029
depth0_slot4,0.0,4.0,target2_close14|seed34|nominal,target2_close14,34,nominal,363,"14,6,3","190,249,262","85,77,78",False,1,missing_target1_target2,False,True,True,1.2424199218992804,-0.05555555555555556,-0.03333333333333333,1.109086588565947
depth0_slot4,0.0,4.0,target2_close14|seed34|source_mismatch,target2_close14,34,source_mismatch,331,"11,4,3","190,249,263","75,77,75",False,0,missing_target0_target1_target2,True,True,True,1.3084624254548733,-0.14444444444444446,-0.022222222222222223,1.2195735365659846
depth0_slot4,0.0,4.0,target2_close50_linear29p5|seed13|nominal,target2_close50_linear29p5,13,nominal,173,"7,2,10","184,250,301","110,102,103",False,0,missing_target0_target1_target2,True,True,True,1.3180654126663824,-0.16666666666666666,-0.07777777777777778,1.0069543015552713
depth0_slot4,0.0,4.0,target2_close50_linear29p5|seed13|source_mismatch,target2_close50_linear29p5,13,source_mismatch,281,"9,3,10","187,253,300","102,100,75",False,0,missing_target0_target1_target2,True,True,True,1.0901950952547677,-0.07777777777777778,-0.06666666666666667,0.823528428588101
depth0_slot4,0.0,4.0,target2_close50_linear29p5|seed21|nominal,target2_close50_linear29p5,21,nominal,134,"19,1,11","190,253,301","78,101,87",False,1,missing_target0_target1,True,True,False,1.172024129686864,-0.03333333333333333,-0.044444444444444446,0.9942463519090863
depth0_slot4,0.0,4.0,target2_close50_linear29p5|seed21|source_mismatch,target2_close50_linear29p5,21,source_mismatch,261,"12,2,9","188,253,303","97,93,91",True,3,all_truth,False,False,False,1.276066325911701,-0.0,-0.08888888888888889,0.9205107703561455
depth0_slot4,0.0,4.0,target2_close50_linear29p5|seed34|nominal,target2_close50_linear29p5,34,nominal,528,"13,4,10","185,251,303","109,75,93",False,1,missing_target0_target1,True,True,False,1.2523311526517453,-0.15555555555555556,-0.1,0.8523311526517453
depth0_slot4,0.0,4.0,target2_close50_linear29p5|seed34|source_mismatch,target2_close50_linear29p5,34,source_mismatch,267,"15,3,12","185,248,296","78,96,100",False,1,missing_target0_target2,True,False,True,1.08355018670165,-0.022222222222222223,-0.12222222222222222,0.594661297812761
depth0_slot8,0.0,8.0,target2_close14|seed13|nominal,target2_close14,13,nominal,60,"14,5,1","186,250,265","77,81,85",False,1,missing_target0_target1,True,True,False,1.1595612307826553,-0.03333333333333333,-0.05555555555555555,0.7151167863382109
depth0_slot8,0.0,8.0,target2_close14|seed13|source_mismatch,target2_close14,13,source_mismatch,24,"9,3,1","188,250,264","85,78,81",False,1,missing_target1_target2,False,True,True,1.221253970479529,-0.022222222222222223,-0.022222222222222223,1.0434761927017513
depth0_slot8,0.0,8.0,target2_close14|seed21|nominal,target2_close14,21,nominal,251,"13,8,2","191,250,263","86,100,82",False,2,missing_target1,False,True,False,1.2152319766619175,-0.0,-0.022222222222222223,1.0374541988841397
depth0_slot8,0.0,8.0,target2_close14|seed21|source_mismatch,target2_close14,21,source_mismatch,10,"12,2,1","190,251,263","95,76,81",False,1,missing_target1_target2,False,True,True,1.1638972455461207,-0.044444444444444446,-0.022222222222222223,0.9861194677683429
depth0_slot8,0.0,8.0,target2_close14|seed34|nominal,target2_close14,34,nominal,363,"14,6,3","190,249,262","85,77,78",False,1,missing_target1_target2,False,True,True,1.2424199218992804,-0.05555555555555556,-0.03333333333333333,0.9757532552326138
depth0_slot8,0.0,8.0,target2_close14|seed34|source_mismatch,target2_close14,34,source_mismatch,331,"11,4,3","190,249,263","75,77,75",False,0,missing_target0_target1_target2,True,True,True,1.3084624254548733,-0.14444444444444446,-0.022222222222222223,1.1306846476770955
depth0_slot8,0.0,8.0,target2_close50_linear29p5|seed13|nominal,target2_close50_linear29p5,13,nominal,169,"16,2,6","190,250,299","75,102,79",False,0,missing_target0_target1_target2,True,True,True,0.988789049405091,-0.08888888888888889,-0.011111111111111112,0.8999001605162021
depth0_slot8,0.0,8.0,target2_close50_linear29p5|seed13|source_mismatch,target2_close50_linear29p5,13,source_mismatch,281,"9,3,10","187,253,300","102,100,75",False,0,missing_target0_target1_target2,True,True,True,1.0901950952547677,-0.07777777777777778,-0.06666666666666667,0.5568617619214343
depth0_slot8,0.0,8.0,target2_close50_linear29p5|seed21|nominal,target2_close50_linear29p5,21,nominal,488,"19,4,6","190,251,298","78,77,97",False,1,missing_target0_target1,True,True,False,1.0969800989788858,-0.05555555555555556,-0.03333333333333333,0.8303134323122192
depth0_slot8,0.0,8.0,target2_close50_linear29p5|seed21|source_mismatch,target2_close50_linear29p5,21,source_mismatch,108,"12,1,9","188,252,303","97,82,91",True,3,all_truth,False,False,False,1.2194790886286926,-0.0,-0.07777777777777778,0.5972568664064704
depth0_slot8,0.0,8.0,target2_close50_linear29p5|seed34|nominal,target2_close50_linear29p5,34,nominal,528,"13,4,10","185,251,303","109,75,93",False,1,missing_target0_target1,True,True,False,1.2523311526517453,-0.15555555555555556,-0.1,0.4523311526517453
depth0_slot8,0.0,8.0,target2_close50_linear29p5|seed34|source_mismatch,target2_close50_linear29p5,34,source_mismatch,98,"15,1,12","185,250,296","78,84,100",False,1,missing_target0_target2,True,False,True,0.9631042602142118,-0.022222222222222223,-0.1,0.16310426021421176
depth0.1_slot0,0.1,0.0,target2_close14|seed13|nominal,target2_close14,13,nominal,74,"14,6,1","186,249,265","77,93,85",False,2,missing_target0,True,False,False,1.2332032115306153,-0.03333333333333333,-0.06666666666666667,1.2298698781972819
depth0.1_slot0,0.1,0.0,target2_close14|seed13|source_mismatch,target2_close14,13,source_mismatch,177,"9,3,2","188,250,266","85,78,90",False,2,missing_target1,False,True,False,1.264052316533106,-0.022222222222222223,-0.044444444444444446,1.2618300943108838
depth0.1_slot0,0.1,0.0,target2_close14|seed21|nominal,target2_close14,21,nominal,59,"13,5,1","191,251,266","86,78,91",False,2,missing_target1,False,True,False,1.332977592849972,-0.022222222222222223,-0.044444444444444446,1.33075537062775
depth0.1_slot0,0.1,0.0,target2_close14|seed21|source_mismatch,target2_close14,21,source_mismatch,5,"7,2,1","194,251,263","86,76,81",False,1,missing_target1_target2,False,True,True,1.3364136906184398,-0.044444444444444446,-0.06666666666666667,1.3319692461739954
depth0.1_slot0,0.1,0.0,target2_close14|seed34|nominal,target2_close14,34,nominal,87,"14,7,1","190,248,260","85,89,87",True,3,all_truth,False,False,False,1.2524995625348008,-0.0,-0.06666666666666667,1.2524995625348008
depth0.1_slot0,0.1,0.0,target2_close14|seed34|source_mismatch,target2_close14,34,source_mismatch,56,"10,5,1","188,247,261","83,85,83",True,3,all_truth,False,False,False,1.322280338932385,-0.0,-0.08888888888888889,1.322280338932385
depth0.1_slot0,0.1,0.0,target2_close50_linear29p5|seed13|nominal,target2_close50_linear29p5,13,nominal,173,"7,2,10","184,250,301","110,102,103",False,0,missing_target0_target1_target2,True,True,True,1.3180654126663824,-0.16666666666666666,-0.07777777777777778,1.3013987459997158
depth0.1_slot0,0.1,0.0,target2_close50_linear29p5|seed13|source_mismatch,target2_close50_linear29p5,13,source_mismatch,282,"9,3,11","187,253,305","102,100,90",False,1,missing_target0_target1,True,True,False,1.196491307261035,-0.022222222222222223,-0.12222222222222222,1.194269085038813
depth0.1_slot0,0.1,0.0,target2_close50_linear29p5|seed21|nominal,target2_close50_linear29p5,21,nominal,163,"18,1,16","188,253,303","97,101,109",False,1,missing_target1_target2,False,True,True,1.1874689922941566,-0.1111111111111111,-0.08888888888888889,1.1763578811830455
depth0.1_slot0,0.1,0.0,target2_close50_linear29p5|seed21|source_mismatch,target2_close50_linear29p5,21,source_mismatch,261,"12,2,9","188,253,303","97,93,91",True,3,all_truth,False,False,False,1.276066325911701,-0.0,-0.08888888888888889,1.276066325911701
depth0.1_slot0,0.1,0.0,target2_close50_linear29p5|seed34|nominal,target2_close50_linear29p5,34,nominal,528,"13,4,10","185,251,303","109,75,93",False,1,missing_target0_target1,True,True,False,1.2523311526517453,-0.15555555555555556,-0.1,1.2367755970961898
depth0.1_slot0,0.1,0.0,target2_close50_linear29p5|seed34|source_mismatch,target2_close50_linear29p5,34,source_mismatch,230,"8,3,7","181,248,295","102,96,89",False,2,missing_target0,True,False,False,1.0872021321747714,-0.022222222222222223,-0.17777777777777778,1.0849799099525492
depth0.1_slot0.1,0.1,0.1,target2_close14|seed13|nominal,target2_close14,13,nominal,74,"14,6,1","186,249,265","77,93,85",False,2,missing_target0,True,False,False,1.2332032115306153,-0.03333333333333333,-0.06666666666666667,1.2232032115306153
depth0.1_slot0.1,0.1,0.1,target2_close14|seed13|source_mismatch,target2_close14,13,source_mismatch,177,"9,3,2","188,250,266","85,78,90",False,2,missing_target1,False,True,False,1.264052316533106,-0.022222222222222223,-0.044444444444444446,1.2573856498664393
depth0.1_slot0.1,0.1,0.1,target2_close14|seed21|nominal,target2_close14,21,nominal,59,"13,5,1","191,251,266","86,78,91",False,2,missing_target1,False,True,False,1.332977592849972,-0.022222222222222223,-0.044444444444444446,1.3263109261833055
depth0.1_slot0.1,0.1,0.1,target2_close14|seed21|source_mismatch,target2_close14,21,source_mismatch,5,"7,2,1","194,251,263","86,76,81",False,1,missing_target1_target2,False,True,True,1.3364136906184398,-0.044444444444444446,-0.06666666666666667,1.3253025795073288
depth0.1_slot0.1,0.1,0.1,target2_close14|seed34|nominal,target2_close14,34,nominal,87,"14,7,1","190,248,260","85,89,87",True,3,all_truth,False,False,False,1.2524995625348008,-0.0,-0.06666666666666667,1.2458328958681342
depth0.1_slot0.1,0.1,0.1,target2_close14|seed34|source_mismatch,target2_close14,34,source_mismatch,56,"10,5,1","188,247,261","83,85,83",True,3,all_truth,False,False,False,1.322280338932385,-0.0,-0.08888888888888889,1.313391450043496
depth0.1_slot0.1,0.1,0.1,target2_close50_linear29p5|seed13|nominal,target2_close50_linear29p5,13,nominal,173,"7,2,10","184,250,301","110,102,103",False,0,missing_target0_target1_target2,True,True,True,1.3180654126663824,-0.16666666666666666,-0.07777777777777778,1.293620968221938
depth0.1_slot0.1,0.1,0.1,target2_close50_linear29p5|seed13|source_mismatch,target2_close50_linear29p5,13,source_mismatch,282,"9,3,11","187,253,305","102,100,90",False,1,missing_target0_target1,True,True,False,1.196491307261035,-0.022222222222222223,-0.12222222222222222,1.1820468628165908
depth0.1_slot0.1,0.1,0.1,target2_close50_linear29p5|seed21|nominal,target2_close50_linear29p5,21,nominal,163,"18,1,16","188,253,303","97,101,109",False,1,missing_target1_target2,False,True,True,1.1874689922941566,-0.1111111111111111,-0.08888888888888889,1.1674689922941566
depth0.1_slot0.1,0.1,0.1,target2_close50_linear29p5|seed21|source_mismatch,target2_close50_linear29p5,21,source_mismatch,261,"12,2,9","188,253,303","97,93,91",True,3,all_truth,False,False,False,1.276066325911701,-0.0,-0.08888888888888889,1.2671774370228122
depth0.1_slot0.1,0.1,0.1,target2_close50_linear29p5|seed34|nominal,target2_close50_linear29p5,34,nominal,528,"13,4,10","185,251,303","109,75,93",False,1,missing_target0_target1,True,True,False,1.2523311526517453,-0.15555555555555556,-0.1,1.2267755970961898
depth0.1_slot0.1,0.1,0.1,target2_close50_linear29p5|seed34|source_mismatch,target2_close50_linear29p5,34,source_mismatch,267,"15,3,12","185,248,296","78,96,100",False,1,missing_target0_target2,True,False,True,1.08355018670165,-0.022222222222222223,-0.12222222222222222,1.0691057422572057
depth0.1_slot0.2,0.1,0.2,target2_close14|seed13|nominal,target2_close14,13,nominal,74,"14,6,1","186,249,265","77,93,85",False,2,missing_target0,True,False,False,1.2332032115306153,-0.03333333333333333,-0.06666666666666667,1.2165365448639485
depth0.1_slot0.2,0.1,0.2,target2_close14|seed13|source_mismatch,target2_close14,13,source_mismatch,177,"9,3,2","188,250,266","85,78,90",False,2,missing_target1,False,True,False,1.264052316533106,-0.022222222222222223,-0.044444444444444446,1.2529412054219948
depth0.1_slot0.2,0.1,0.2,target2_close14|seed21|nominal,target2_close14,21,nominal,59,"13,5,1","191,251,266","86,78,91",False,2,missing_target1,False,True,False,1.332977592849972,-0.022222222222222223,-0.044444444444444446,1.321866481738861
depth0.1_slot0.2,0.1,0.2,target2_close14|seed21|source_mismatch,target2_close14,21,source_mismatch,5,"7,2,1","194,251,263","86,76,81",False,1,missing_target1_target2,False,True,True,1.3364136906184398,-0.044444444444444446,-0.06666666666666667,1.318635912840662
depth0.1_slot0.2,0.1,0.2,target2_close14|seed34|nominal,target2_close14,34,nominal,87,"14,7,1","190,248,260","85,89,87",True,3,all_truth,False,False,False,1.2524995625348008,-0.0,-0.06666666666666667,1.2391662292014674
depth0.1_slot0.2,0.1,0.2,target2_close14|seed34|source_mismatch,target2_close14,34,source_mismatch,56,"10,5,1","188,247,261","83,85,83",True,3,all_truth,False,False,False,1.322280338932385,-0.0,-0.08888888888888889,1.3045025611546073
depth0.1_slot0.2,0.1,0.2,target2_close50_linear29p5|seed13|nominal,target2_close50_linear29p5,13,nominal,173,"7,2,10","184,250,301","110,102,103",False,0,missing_target0_target1_target2,True,True,True,1.3180654126663824,-0.16666666666666666,-0.07777777777777778,1.2858431904441603
depth0.1_slot0.2,0.1,0.2,target2_close50_linear29p5|seed13|source_mismatch,target2_close50_linear29p5,13,source_mismatch,282,"9,3,11","187,253,305","102,100,90",False,1,missing_target0_target1,True,True,False,1.196491307261035,-0.022222222222222223,-0.12222222222222222,1.1698246405943684
depth0.1_slot0.2,0.1,0.2,target2_close50_linear29p5|seed21|nominal,target2_close50_linear29p5,21,nominal,134,"19,1,11","190,253,301","78,101,87",False,1,missing_target0_target1,True,True,False,1.172024129686864,-0.03333333333333333,-0.044444444444444446,1.1598019074646417
depth0.1_slot0.2,0.1,0.2,target2_close50_linear29p5|seed21|source_mismatch,target2_close50_linear29p5,21,source_mismatch,261,"12,2,9","188,253,303","97,93,91",True,3,all_truth,False,False,False,1.276066325911701,-0.0,-0.08888888888888889,1.2582885481339234
depth0.1_slot0.2,0.1,0.2,target2_close50_linear29p5|seed34|nominal,target2_close50_linear29p5,34,nominal,528,"13,4,10","185,251,303","109,75,93",False,1,missing_target0_target1,True,True,False,1.2523311526517453,-0.15555555555555556,-0.1,1.2167755970961898
depth0.1_slot0.2,0.1,0.2,target2_close50_linear29p5|seed34|source_mismatch,target2_close50_linear29p5,34,source_mismatch,267,"15,3,12","185,248,296","78,96,100",False,1,missing_target0_target2,True,False,True,1.08355018670165,-0.022222222222222223,-0.12222222222222222,1.0568835200349833
depth0.1_slot0.5,0.1,0.5,target2_close14|seed13|nominal,target2_close14,13,nominal,74,"14,6,1","186,249,265","77,93,85",False,2,missing_target0,True,False,False,1.2332032115306153,-0.03333333333333333,-0.06666666666666667,1.1965365448639484
depth0.1_slot0.5,0.1,0.5,target2_close14|seed13|source_mismatch,target2_close14,13,source_mismatch,177,"9,3,2","188,250,266","85,78,90",False,2,missing_target1,False,True,False,1.264052316533106,-0.022222222222222223,-0.044444444444444446,1.2396078720886616
depth0.1_slot0.5,0.1,0.5,target2_close14|seed21|nominal,target2_close14,21,nominal,59,"13,5,1","191,251,266","86,78,91",False,2,missing_target1,False,True,False,1.332977592849972,-0.022222222222222223,-0.044444444444444446,1.3085331484055278
depth0.1_slot0.5,0.1,0.5,target2_close14|seed21|source_mismatch,target2_close14,21,source_mismatch,5,"7,2,1","194,251,263","86,76,81",False,1,missing_target1_target2,False,True,True,1.3364136906184398,-0.044444444444444446,-0.06666666666666667,1.298635912840662
depth0.1_slot0.5,0.1,0.5,target2_close14|seed34|nominal,target2_close14,34,nominal,363,"14,6,3","190,249,262","85,77,78",False,1,missing_target1_target2,False,True,True,1.2424199218992804,-0.05555555555555556,-0.03333333333333333,1.2201976996770583
depth0.1_slot0.5,0.1,0.5,target2_close14|seed34|source_mismatch,target2_close14,34,source_mismatch,331,"11,4,3","190,249,263","75,77,75",False,0,missing_target0_target1_target2,True,True,True,1.3084624254548733,-0.14444444444444446,-0.022222222222222223,1.2829068698993178
depth0.1_slot0.5,0.1,0.5,target2_close50_linear29p5|seed13|nominal,target2_close50_linear29p5,13,nominal,173,"7,2,10","184,250,301","110,102,103",False,0,missing_target0_target1_target2,True,True,True,1.3180654126663824,-0.16666666666666666,-0.07777777777777778,1.2625098571108269
depth0.1_slot0.5,0.1,0.5,target2_close50_linear29p5|seed13|source_mismatch,target2_close50_linear29p5,13,source_mismatch,282,"9,3,11","187,253,305","102,100,90",False,1,missing_target0_target1,True,True,False,1.196491307261035,-0.022222222222222223,-0.12222222222222222,1.1331579739277018
depth0.1_slot0.5,0.1,0.5,target2_close50_linear29p5|seed21|nominal,target2_close50_linear29p5,21,nominal,134,"19,1,11","190,253,301","78,101,87",False,1,missing_target0_target1,True,True,False,1.172024129686864,-0.03333333333333333,-0.044444444444444446,1.1464685741313085
depth0.1_slot0.5,0.1,0.5,target2_close50_linear29p5|seed21|source_mismatch,target2_close50_linear29p5,21,source_mismatch,261,"12,2,9","188,253,303","97,93,91",True,3,all_truth,False,False,False,1.276066325911701,-0.0,-0.08888888888888889,1.2316218814672566
depth0.1_slot0.5,0.1,0.5,target2_close50_linear29p5|seed34|nominal,target2_close50_linear29p5,34,nominal,528,"13,4,10","185,251,303","109,75,93",False,1,missing_target0_target1,True,True,False,1.2523311526517453,-0.15555555555555556,-0.1,1.1867755970961897
depth0.1_slot0.5,0.1,0.5,target2_close50_linear29p5|seed34|source_mismatch,target2_close50_linear29p5,34,source_mismatch,267,"15,3,12","185,248,296","78,96,100",False,1,missing_target0_target2,True,False,True,1.08355018670165,-0.022222222222222223,-0.12222222222222222,1.0202168533683167
depth0.1_slot1,0.1,1.0,target2_close14|seed13|nominal,target2_close14,13,nominal,74,"14,6,1","186,249,265","77,93,85",False,2,missing_target0,True,False,False,1.2332032115306153,-0.03333333333333333,-0.06666666666666667,1.1632032115306152
depth0.1_slot1,0.1,1.0,target2_close14|seed13|source_mismatch,target2_close14,13,source_mismatch,177,"9,3,2","188,250,266","85,78,90",False,2,missing_target1,False,True,False,1.264052316533106,-0.022222222222222223,-0.044444444444444446,1.2173856498664393
depth0.1_slot1,0.1,1.0,target2_close14|seed21|nominal,target2_close14,21,nominal,59,"13,5,1","191,251,266","86,78,91",False,2,missing_target1,False,True,False,1.332977592849972,-0.022222222222222223,-0.044444444444444446,1.2863109261833054
depth0.1_slot1,0.1,1.0,target2_close14|seed21|source_mismatch,target2_close14,21,source_mismatch,5,"7,2,1","194,251,263","86,76,81",False,1,missing_target1_target2,False,True,True,1.3364136906184398,-0.044444444444444446,-0.06666666666666667,1.2653025795073287
depth0.1_slot1,0.1,1.0,target2_close14|seed34|nominal,target2_close14,34,nominal,363,"14,6,3","190,249,262","85,77,78",False,1,missing_target1_target2,False,True,True,1.2424199218992804,-0.05555555555555556,-0.03333333333333333,1.2035310330103914
depth0.1_slot1,0.1,1.0,target2_close14|seed34|source_mismatch,target2_close14,34,source_mismatch,331,"11,4,3","190,249,263","75,77,75",False,0,missing_target0_target1_target2,True,True,True,1.3084624254548733,-0.14444444444444446,-0.022222222222222223,1.2717957587882067
depth0.1_slot1,0.1,1.0,target2_close50_linear29p5|seed13|nominal,target2_close50_linear29p5,13,nominal,173,"7,2,10","184,250,301","110,102,103",False,0,missing_target0_target1_target2,True,True,True,1.3180654126663824,-0.16666666666666666,-0.07777777777777778,1.223620968221938
depth0.1_slot1,0.1,1.0,target2_close50_linear29p5|seed13|source_mismatch,target2_close50_linear29p5,13,source_mismatch,282,"9,3,11","187,253,305","102,100,90",False,1,missing_target0_target1,True,True,False,1.196491307261035,-0.022222222222222223,-0.12222222222222222,1.0720468628165907
depth0.1_slot1,0.1,1.0,target2_close50_linear29p5|seed21|nominal,target2_close50_linear29p5,21,nominal,134,"19,1,11","190,253,301","78,101,87",False,1,missing_target0_target1,True,True,False,1.172024129686864,-0.03333333333333333,-0.044444444444444446,1.1242463519090862
depth0.1_slot1,0.1,1.0,target2_close50_linear29p5|seed21|source_mismatch,target2_close50_linear29p5,21,source_mismatch,261,"12,2,9","188,253,303","97,93,91",True,3,all_truth,False,False,False,1.276066325911701,-0.0,-0.08888888888888889,1.1871774370228123
depth0.1_slot1,0.1,1.0,target2_close50_linear29p5|seed34|nominal,target2_close50_linear29p5,34,nominal,528,"13,4,10","185,251,303","109,75,93",False,1,missing_target0_target1,True,True,False,1.2523311526517453,-0.15555555555555556,-0.1,1.1367755970961897
depth0.1_slot1,0.1,1.0,target2_close50_linear29p5|seed34|source_mismatch,target2_close50_linear29p5,34,source_mismatch,267,"15,3,12","185,248,296","78,96,100",False,1,missing_target0_target2,True,False,True,1.08355018670165,-0.022222222222222223,-0.12222222222222222,0.9591057422572056
depth0.1_slot2,0.1,2.0,target2_close14|seed13|nominal,target2_close14,13,nominal,74,"14,6,1","186,249,265","77,93,85",False,2,missing_target0,True,False,False,1.2332032115306153,-0.03333333333333333,-0.06666666666666667,1.0965365448639486
depth0.1_slot2,0.1,2.0,target2_close14|seed13|source_mismatch,target2_close14,13,source_mismatch,24,"9,3,1","188,250,264","85,78,81",False,1,missing_target1_target2,False,True,True,1.221253970479529,-0.022222222222222223,-0.022222222222222223,1.1745873038128625
depth0.1_slot2,0.1,2.0,target2_close14|seed21|nominal,target2_close14,21,nominal,59,"13,5,1","191,251,266","86,78,91",False,2,missing_target1,False,True,False,1.332977592849972,-0.022222222222222223,-0.044444444444444446,1.2418664817388612
depth0.1_slot2,0.1,2.0,target2_close14|seed21|source_mismatch,target2_close14,21,source_mismatch,5,"7,2,1","194,251,263","86,76,81",False,1,missing_target1_target2,False,True,True,1.3364136906184398,-0.044444444444444446,-0.06666666666666667,1.198635912840662
depth0.1_slot2,0.1,2.0,target2_close14|seed34|nominal,target2_close14,34,nominal,363,"14,6,3","190,249,262","85,77,78",False,1,missing_target1_target2,False,True,True,1.2424199218992804,-0.05555555555555556,-0.03333333333333333,1.1701976996770582
depth0.1_slot2,0.1,2.0,target2_close14|seed34|source_mismatch,target2_close14,34,source_mismatch,331,"11,4,3","190,249,263","75,77,75",False,0,missing_target0_target1_target2,True,True,True,1.3084624254548733,-0.14444444444444446,-0.022222222222222223,1.2495735365659844
depth0.1_slot2,0.1,2.0,target2_close50_linear29p5|seed13|nominal,target2_close50_linear29p5,13,nominal,173,"7,2,10","184,250,301","110,102,103",False,0,missing_target0_target1_target2,True,True,True,1.3180654126663824,-0.16666666666666666,-0.07777777777777778,1.1458431904441602
depth0.1_slot2,0.1,2.0,target2_close50_linear29p5|seed13|source_mismatch,target2_close50_linear29p5,13,source_mismatch,282,"9,3,11","187,253,305","102,100,90",False,1,missing_target0_target1,True,True,False,1.196491307261035,-0.022222222222222223,-0.12222222222222222,0.9498246405943684
depth0.1_slot2,0.1,2.0,target2_close50_linear29p5|seed21|nominal,target2_close50_linear29p5,21,nominal,134,"19,1,11","190,253,301","78,101,87",False,1,missing_target0_target1,True,True,False,1.172024129686864,-0.03333333333333333,-0.044444444444444446,1.0798019074646419
depth0.1_slot2,0.1,2.0,target2_close50_linear29p5|seed21|source_mismatch,target2_close50_linear29p5,21,source_mismatch,261,"12,2,9","188,253,303","97,93,91",True,3,all_truth,False,False,False,1.276066325911701,-0.0,-0.08888888888888889,1.0982885481339233
depth0.1_slot2,0.1,2.0,target2_close50_linear29p5|seed34|nominal,target2_close50_linear29p5,34,nominal,528,"13,4,10","185,251,303","109,75,93",False,1,missing_target0_target1,True,True,False,1.2523311526517453,-0.15555555555555556,-0.1,1.0367755970961898
depth0.1_slot2,0.1,2.0,target2_close50_linear29p5|seed34|source_mismatch,target2_close50_linear29p5,34,source_mismatch,267,"15,3,12","185,248,296","78,96,100",False,1,missing_target0_target2,True,False,True,1.08355018670165,-0.022222222222222223,-0.12222222222222222,0.8368835200349833
depth0.1_slot4,0.1,4.0,target2_close14|seed13|nominal,target2_close14,13,nominal,74,"14,6,1","186,249,265","77,93,85",False,2,missing_target0,True,False,False,1.2332032115306153,-0.03333333333333333,-0.06666666666666667,0.9632032115306153
depth0.1_slot4,0.1,4.0,target2_close14|seed13|source_mismatch,target2_close14,13,source_mismatch,24,"9,3,1","188,250,264","85,78,81",False,1,missing_target1_target2,False,True,True,1.221253970479529,-0.022222222222222223,-0.022222222222222223,1.1301428593684182
depth0.1_slot4,0.1,4.0,target2_close14|seed21|nominal,target2_close14,21,nominal,59,"13,5,1","191,251,266","86,78,91",False,2,missing_target1,False,True,False,1.332977592849972,-0.022222222222222223,-0.044444444444444446,1.1529775928499721
depth0.1_slot4,0.1,4.0,target2_close14|seed21|source_mismatch,target2_close14,21,source_mismatch,27,"12,3,1","190,248,263","95,86,81",False,2,missing_target2,False,False,True,1.2246870048037362,-0.0,-0.03333333333333333,1.0913536714704029
depth0.1_slot4,0.1,4.0,target2_close14|seed34|nominal,target2_close14,34,nominal,363,"14,6,3","190,249,262","85,77,78",False,1,missing_target1_target2,False,True,True,1.2424199218992804,-0.05555555555555556,-0.03333333333333333,1.1035310330103916
depth0.1_slot4,0.1,4.0,target2_close14|seed34|source_mismatch,target2_close14,34,source_mismatch,331,"11,4,3","190,249,263","75,77,75",False,0,missing_target0_target1_target2,True,True,True,1.3084624254548733,-0.14444444444444446,-0.022222222222222223,1.20512909212154
depth0.1_slot4,0.1,4.0,target2_close50_linear29p5|seed13|nominal,target2_close50_linear29p5,13,nominal,173,"7,2,10","184,250,301","110,102,103",False,0,missing_target0_target1_target2,True,True,True,1.3180654126663824,-0.16666666666666666,-0.07777777777777778,0.9902876348886047
depth0.1_slot4,0.1,4.0,target2_close50_linear29p5|seed13|source_mismatch,target2_close50_linear29p5,13,source_mismatch,281,"9,3,10","187,253,300","102,100,75",False,0,missing_target0_target1_target2,True,True,True,1.0901950952547677,-0.07777777777777778,-0.06666666666666667,0.8157506508103232
depth0.1_slot4,0.1,4.0,target2_close50_linear29p5|seed21|nominal,target2_close50_linear29p5,21,nominal,134,"19,1,11","190,253,301","78,101,87",False,1,missing_target0_target1,True,True,False,1.172024129686864,-0.03333333333333333,-0.044444444444444446,0.9909130185757529
depth0.1_slot4,0.1,4.0,target2_close50_linear29p5|seed21|source_mismatch,target2_close50_linear29p5,21,source_mismatch,261,"12,2,9","188,253,303","97,93,91",True,3,all_truth,False,False,False,1.276066325911701,-0.0,-0.08888888888888889,0.9205107703561455
depth0.1_slot4,0.1,4.0,target2_close50_linear29p5|seed34|nominal,target2_close50_linear29p5,34,nominal,528,"13,4,10","185,251,303","109,75,93",False,1,missing_target0_target1,True,True,False,1.2523311526517453,-0.15555555555555556,-0.1,0.8367755970961898
depth0.1_slot4,0.1,4.0,target2_close50_linear29p5|seed34|source_mismatch,target2_close50_linear29p5,34,source_mismatch,267,"15,3,12","185,248,296","78,96,100",False,1,missing_target0_target2,True,False,True,1.08355018670165,-0.022222222222222223,-0.12222222222222222,0.5924390755905389
depth0.1_slot8,0.1,8.0,target2_close14|seed13|nominal,target2_close14,13,nominal,60,"14,5,1","186,250,265","77,81,85",False,1,missing_target0_target1,True,True,False,1.1595612307826553,-0.03333333333333333,-0.05555555555555555,0.7117834530048774
depth0.1_slot8,0.1,8.0,target2_close14|seed13|source_mismatch,target2_close14,13,source_mismatch,24,"9,3,1","188,250,264","85,78,81",False,1,missing_target1_target2,False,True,True,1.221253970479529,-0.022222222222222223,-0.022222222222222223,1.0412539704795292
depth0.1_slot8,0.1,8.0,target2_close14|seed21|nominal,target2_close14,21,nominal,251,"13,8,2","191,250,263","86,100,82",False,2,missing_target1,False,True,False,1.2152319766619175,-0.0,-0.022222222222222223,1.0374541988841397
depth0.1_slot8,0.1,8.0,target2_close14|seed21|source_mismatch,target2_close14,21,source_mismatch,10,"12,2,1","190,251,263","95,76,81",False,1,missing_target1_target2,False,True,True,1.1638972455461207,-0.044444444444444446,-0.022222222222222223,0.9816750233238984
depth0.1_slot8,0.1,8.0,target2_close14|seed34|nominal,target2_close14,34,nominal,363,"14,6,3","190,249,262","85,77,78",False,1,missing_target1_target2,False,True,True,1.2424199218992804,-0.05555555555555556,-0.03333333333333333,0.9701976996770583
depth0.1_slot8,0.1,8.0,target2_close14|seed34|source_mismatch,target2_close14,34,source_mismatch,331,"11,4,3","190,249,263","75,77,75",False,0,missing_target0_target1_target2,True,True,True,1.3084624254548733,-0.14444444444444446,-0.022222222222222223,1.116240203232651
depth0.1_slot8,0.1,8.0,target2_close50_linear29p5|seed13|nominal,target2_close50_linear29p5,13,nominal,169,"16,2,6","190,250,299","75,102,79",False,0,missing_target0_target1_target2,True,True,True,0.988789049405091,-0.08888888888888889,-0.011111111111111112,0.8910112716273133
depth0.1_slot8,0.1,8.0,target2_close50_linear29p5|seed13|source_mismatch,target2_close50_linear29p5,13,source_mismatch,281,"9,3,10","187,253,300","102,100,75",False,0,missing_target0_target1_target2,True,True,True,1.0901950952547677,-0.07777777777777778,-0.06666666666666667,0.5490839841436564
depth0.1_slot8,0.1,8.0,target2_close50_linear29p5|seed21|nominal,target2_close50_linear29p5,21,nominal,488,"19,4,6","190,251,298","78,77,97",False,1,missing_target0_target1,True,True,False,1.0969800989788858,-0.05555555555555556,-0.03333333333333333,0.8247578767566637
depth0.1_slot8,0.1,8.0,target2_close50_linear29p5|seed21|source_mismatch,target2_close50_linear29p5,21,source_mismatch,108,"12,1,9","188,252,303","97,82,91",True,3,all_truth,False,False,False,1.2194790886286926,-0.0,-0.07777777777777778,0.5972568664064704
depth0.1_slot8,0.1,8.0,target2_close50_linear29p5|seed34|nominal,target2_close50_linear29p5,34,nominal,528,"13,4,10","185,251,303","109,75,93",False,1,missing_target0_target1,True,True,False,1.2523311526517453,-0.15555555555555556,-0.1,0.43677559709618974
depth0.1_slot8,0.1,8.0,target2_close50_linear29p5|seed34|source_mismatch,target2_close50_linear29p5,34,source_mismatch,98,"15,1,12","185,250,296","78,84,100",False,1,missing_target0_target2,True,False,True,0.9631042602142118,-0.022222222222222223,-0.1,0.16088203799198952
depth0.2_slot0,0.2,0.0,target2_close14|seed13|nominal,target2_close14,13,nominal,74,"14,6,1","186,249,265","77,93,85",False,2,missing_target0,True,False,False,1.2332032115306153,-0.03333333333333333,-0.06666666666666667,1.2265365448639487
depth0.2_slot0,0.2,0.0,target2_close14|seed13|source_mismatch,target2_close14,13,source_mismatch,177,"9,3,2","188,250,266","85,78,90",False,2,missing_target1,False,True,False,1.264052316533106,-0.022222222222222223,-0.044444444444444446,1.2596078720886614
depth0.2_slot0,0.2,0.0,target2_close14|seed21|nominal,target2_close14,21,nominal,59,"13,5,1","191,251,266","86,78,91",False,2,missing_target1,False,True,False,1.332977592849972,-0.022222222222222223,-0.044444444444444446,1.3285331484055276
depth0.2_slot0,0.2,0.0,target2_close14|seed21|source_mismatch,target2_close14,21,source_mismatch,5,"7,2,1","194,251,263","86,76,81",False,1,missing_target1_target2,False,True,True,1.3364136906184398,-0.044444444444444446,-0.06666666666666667,1.327524801729551
depth0.2_slot0,0.2,0.0,target2_close14|seed34|nominal,target2_close14,34,nominal,87,"14,7,1","190,248,260","85,89,87",True,3,all_truth,False,False,False,1.2524995625348008,-0.0,-0.06666666666666667,1.2524995625348008
depth0.2_slot0,0.2,0.0,target2_close14|seed34|source_mismatch,target2_close14,34,source_mismatch,56,"10,5,1","188,247,261","83,85,83",True,3,all_truth,False,False,False,1.322280338932385,-0.0,-0.08888888888888889,1.322280338932385
depth0.2_slot0,0.2,0.0,target2_close50_linear29p5|seed13|nominal,target2_close50_linear29p5,13,nominal,173,"7,2,10","184,250,301","110,102,103",False,0,missing_target0_target1_target2,True,True,True,1.3180654126663824,-0.16666666666666666,-0.07777777777777778,1.284732079333049
depth0.2_slot0,0.2,0.0,target2_close50_linear29p5|seed13|source_mismatch,target2_close50_linear29p5,13,source_mismatch,282,"9,3,11","187,253,305","102,100,90",False,1,missing_target0_target1,True,True,False,1.196491307261035,-0.022222222222222223,-0.12222222222222222,1.1920468628165906
depth0.2_slot0,0.2,0.0,target2_close50_linear29p5|seed21|nominal,target2_close50_linear29p5,21,nominal,134,"19,1,11","190,253,301","78,101,87",False,1,missing_target0_target1,True,True,False,1.172024129686864,-0.03333333333333333,-0.044444444444444446,1.1653574630201975
depth0.2_slot0,0.2,0.0,target2_close50_linear29p5|seed21|source_mismatch,target2_close50_linear29p5,21,source_mismatch,261,"12,2,9","188,253,303","97,93,91",True,3,all_truth,False,False,False,1.276066325911701,-0.0,-0.08888888888888889,1.276066325911701
depth0.2_slot0,0.2,0.0,target2_close50_linear29p5|seed34|nominal,target2_close50_linear29p5,34,nominal,528,"13,4,10","185,251,303","109,75,93",False,1,missing_target0_target1,True,True,False,1.2523311526517453,-0.15555555555555556,-0.1,1.2212200415406342
depth0.2_slot0,0.2,0.0,target2_close50_linear29p5|seed34|source_mismatch,target2_close50_linear29p5,34,source_mismatch,230,"8,3,7","181,248,295","102,96,89",False,2,missing_target0,True,False,False,1.0872021321747714,-0.022222222222222223,-0.17777777777777778,1.0827576877303269
depth0.2_slot0.1,0.2,0.1,target2_close14|seed13|nominal,target2_close14,13,nominal,74,"14,6,1","186,249,265","77,93,85",False,2,missing_target0,True,False,False,1.2332032115306153,-0.03333333333333333,-0.06666666666666667,1.219869878197282
depth0.2_slot0.1,0.2,0.1,target2_close14|seed13|source_mismatch,target2_close14,13,source_mismatch,177,"9,3,2","188,250,266","85,78,90",False,2,missing_target1,False,True,False,1.264052316533106,-0.022222222222222223,-0.044444444444444446,1.255163427644217
depth0.2_slot0.1,0.2,0.1,target2_close14|seed21|nominal,target2_close14,21,nominal,59,"13,5,1","191,251,266","86,78,91",False,2,missing_target1,False,True,False,1.332977592849972,-0.022222222222222223,-0.044444444444444446,1.3240887039610831
depth0.2_slot0.1,0.2,0.1,target2_close14|seed21|source_mismatch,target2_close14,21,source_mismatch,5,"7,2,1","194,251,263","86,76,81",False,1,missing_target1_target2,False,True,True,1.3364136906184398,-0.044444444444444446,-0.06666666666666667,1.3208581350628843
depth0.2_slot0.1,0.2,0.1,target2_close14|seed34|nominal,target2_close14,34,nominal,87,"14,7,1","190,248,260","85,89,87",True,3,all_truth,False,False,False,1.2524995625348008,-0.0,-0.06666666666666667,1.2458328958681342
depth0.2_slot0.1,0.2,0.1,target2_close14|seed34|source_mismatch,target2_close14,34,source_mismatch,56,"10,5,1","188,247,261","83,85,83",True,3,all_truth,False,False,False,1.322280338932385,-0.0,-0.08888888888888889,1.313391450043496
depth0.2_slot0.1,0.2,0.1,target2_close50_linear29p5|seed13|nominal,target2_close50_linear29p5,13,nominal,173,"7,2,10","184,250,301","110,102,103",False,0,missing_target0_target1_target2,True,True,True,1.3180654126663824,-0.16666666666666666,-0.07777777777777778,1.2769543015552711
depth0.2_slot0.1,0.2,0.1,target2_close50_linear29p5|seed13|source_mismatch,target2_close50_linear29p5,13,source_mismatch,282,"9,3,11","187,253,305","102,100,90",False,1,missing_target0_target1,True,True,False,1.196491307261035,-0.022222222222222223,-0.12222222222222222,1.1798246405943684
depth0.2_slot0.1,0.2,0.1,target2_close50_linear29p5|seed21|nominal,target2_close50_linear29p5,21,nominal,134,"19,1,11","190,253,301","78,101,87",False,1,missing_target0_target1,True,True,False,1.172024129686864,-0.03333333333333333,-0.044444444444444446,1.160913018575753
depth0.2_slot0.1,0.2,0.1,target2_close50_linear29p5|seed21|source_mismatch,target2_close50_linear29p5,21,source_mismatch,261,"12,2,9","188,253,303","97,93,91",True,3,all_truth,False,False,False,1.276066325911701,-0.0,-0.08888888888888889,1.2671774370228122
depth0.2_slot0.1,0.2,0.1,target2_close50_linear29p5|seed34|nominal,target2_close50_linear29p5,34,nominal,528,"13,4,10","185,251,303","109,75,93",False,1,missing_target0_target1,True,True,False,1.2523311526517453,-0.15555555555555556,-0.1,1.2112200415406342
depth0.2_slot0.1,0.2,0.1,target2_close50_linear29p5|seed34|source_mismatch,target2_close50_linear29p5,34,source_mismatch,267,"15,3,12","185,248,296","78,96,100",False,1,missing_target0_target2,True,False,True,1.08355018670165,-0.022222222222222223,-0.12222222222222222,1.0668835200349833
depth0.2_slot0.2,0.2,0.2,target2_close14|seed13|nominal,target2_close14,13,nominal,74,"14,6,1","186,249,265","77,93,85",False,2,missing_target0,True,False,False,1.2332032115306153,-0.03333333333333333,-0.06666666666666667,1.2132032115306153
depth0.2_slot0.2,0.2,0.2,target2_close14|seed13|source_mismatch,target2_close14,13,source_mismatch,177,"9,3,2","188,250,266","85,78,90",False,2,missing_target1,False,True,False,1.264052316533106,-0.022222222222222223,-0.044444444444444446,1.2507189831997725
depth0.2_slot0.2,0.2,0.2,target2_close14|seed21|nominal,target2_close14,21,nominal,59,"13,5,1","191,251,266","86,78,91",False,2,missing_target1,False,True,False,1.332977592849972,-0.022222222222222223,-0.044444444444444446,1.3196442595166387
depth0.2_slot0.2,0.2,0.2,target2_close14|seed21|source_mismatch,target2_close14,21,source_mismatch,5,"7,2,1","194,251,263","86,76,81",False,1,missing_target1_target2,False,True,True,1.3364136906184398,-0.044444444444444446,-0.06666666666666667,1.3141914683962175
depth0.2_slot0.2,0.2,0.2,target2_close14|seed34|nominal,target2_close14,34,nominal,87,"14,7,1","190,248,260","85,89,87",True,3,all_truth,False,False,False,1.2524995625348008,-0.0,-0.06666666666666667,1.2391662292014674
depth0.2_slot0.2,0.2,0.2,target2_close14|seed34|source_mismatch,target2_close14,34,source_mismatch,56,"10,5,1","188,247,261","83,85,83",True,3,all_truth,False,False,False,1.322280338932385,-0.0,-0.08888888888888889,1.3045025611546073
depth0.2_slot0.2,0.2,0.2,target2_close50_linear29p5|seed13|nominal,target2_close50_linear29p5,13,nominal,173,"7,2,10","184,250,301","110,102,103",False,0,missing_target0_target1_target2,True,True,True,1.3180654126663824,-0.16666666666666666,-0.07777777777777778,1.2691765237774935
depth0.2_slot0.2,0.2,0.2,target2_close50_linear29p5|seed13|source_mismatch,target2_close50_linear29p5,13,source_mismatch,282,"9,3,11","187,253,305","102,100,90",False,1,missing_target0_target1,True,True,False,1.196491307261035,-0.022222222222222223,-0.12222222222222222,1.167602418372146
depth0.2_slot0.2,0.2,0.2,target2_close50_linear29p5|seed21|nominal,target2_close50_linear29p5,21,nominal,134,"19,1,11","190,253,301","78,101,87",False,1,missing_target0_target1,True,True,False,1.172024129686864,-0.03333333333333333,-0.044444444444444446,1.1564685741313085
depth0.2_slot0.2,0.2,0.2,target2_close50_linear29p5|seed21|source_mismatch,target2_close50_linear29p5,21,source_mismatch,261,"12,2,9","188,253,303","97,93,91",True,3,all_truth,False,False,False,1.276066325911701,-0.0,-0.08888888888888889,1.2582885481339234
depth0.2_slot0.2,0.2,0.2,target2_close50_linear29p5|seed34|nominal,target2_close50_linear29p5,34,nominal,528,"13,4,10","185,251,303","109,75,93",False,1,missing_target0_target1,True,True,False,1.2523311526517453,-0.15555555555555556,-0.1,1.2012200415406342
depth0.2_slot0.2,0.2,0.2,target2_close50_linear29p5|seed34|source_mismatch,target2_close50_linear29p5,34,source_mismatch,267,"15,3,12","185,248,296","78,96,100",False,1,missing_target0_target2,True,False,True,1.08355018670165,-0.022222222222222223,-0.12222222222222222,1.054661297812761
depth0.2_slot0.5,0.2,0.5,target2_close14|seed13|nominal,target2_close14,13,nominal,74,"14,6,1","186,249,265","77,93,85",False,2,missing_target0,True,False,False,1.2332032115306153,-0.03333333333333333,-0.06666666666666667,1.1932032115306153
depth0.2_slot0.5,0.2,0.5,target2_close14|seed13|source_mismatch,target2_close14,13,source_mismatch,177,"9,3,2","188,250,266","85,78,90",False,2,missing_target1,False,True,False,1.264052316533106,-0.022222222222222223,-0.044444444444444446,1.2373856498664393
depth0.2_slot0.5,0.2,0.5,target2_close14|seed21|nominal,target2_close14,21,nominal,59,"13,5,1","191,251,266","86,78,91",False,2,missing_target1,False,True,False,1.332977592849972,-0.022222222222222223,-0.044444444444444446,1.3063109261833055
depth0.2_slot0.5,0.2,0.5,target2_close14|seed21|source_mismatch,target2_close14,21,source_mismatch,5,"7,2,1","194,251,263","86,76,81",False,1,missing_target1_target2,False,True,True,1.3364136906184398,-0.044444444444444446,-0.06666666666666667,1.2941914683962175
depth0.2_slot0.5,0.2,0.5,target2_close14|seed34|nominal,target2_close14,34,nominal,87,"14,7,1","190,248,260","85,89,87",True,3,all_truth,False,False,False,1.2524995625348008,-0.0,-0.06666666666666667,1.2191662292014673
depth0.2_slot0.5,0.2,0.5,target2_close14|seed34|source_mismatch,target2_close14,34,source_mismatch,56,"10,5,1","188,247,261","83,85,83",True,3,all_truth,False,False,False,1.322280338932385,-0.0,-0.08888888888888889,1.2778358944879404
depth0.2_slot0.5,0.2,0.5,target2_close50_linear29p5|seed13|nominal,target2_close50_linear29p5,13,nominal,173,"7,2,10","184,250,301","110,102,103",False,0,missing_target0_target1_target2,True,True,True,1.3180654126663824,-0.16666666666666666,-0.07777777777777778,1.24584319044416
depth0.2_slot0.5,0.2,0.5,target2_close50_linear29p5|seed13|source_mismatch,target2_close50_linear29p5,13,source_mismatch,282,"9,3,11","187,253,305","102,100,90",False,1,missing_target0_target1,True,True,False,1.196491307261035,-0.022222222222222223,-0.12222222222222222,1.1309357517054794
depth0.2_slot0.5,0.2,0.5,target2_close50_linear29p5|seed21|nominal,target2_close50_linear29p5,21,nominal,134,"19,1,11","190,253,301","78,101,87",False,1,missing_target0_target1,True,True,False,1.172024129686864,-0.03333333333333333,-0.044444444444444446,1.1431352407979753
depth0.2_slot0.5,0.2,0.5,target2_close50_linear29p5|seed21|source_mismatch,target2_close50_linear29p5,21,source_mismatch,261,"12,2,9","188,253,303","97,93,91",True,3,all_truth,False,False,False,1.276066325911701,-0.0,-0.08888888888888889,1.2316218814672566
depth0.2_slot0.5,0.2,0.5,target2_close50_linear29p5|seed34|nominal,target2_close50_linear29p5,34,nominal,528,"13,4,10","185,251,303","109,75,93",False,1,missing_target0_target1,True,True,False,1.2523311526517453,-0.15555555555555556,-0.1,1.1712200415406342
depth0.2_slot0.5,0.2,0.5,target2_close50_linear29p5|seed34|source_mismatch,target2_close50_linear29p5,34,source_mismatch,267,"15,3,12","185,248,296","78,96,100",False,1,missing_target0_target2,True,False,True,1.08355018670165,-0.022222222222222223,-0.12222222222222222,1.0179946311460943
depth0.2_slot1,0.2,1.0,target2_close14|seed13|nominal,target2_close14,13,nominal,74,"14,6,1","186,249,265","77,93,85",False,2,missing_target0,True,False,False,1.2332032115306153,-0.03333333333333333,-0.06666666666666667,1.159869878197282
depth0.2_slot1,0.2,1.0,target2_close14|seed13|source_mismatch,target2_close14,13,source_mismatch,177,"9,3,2","188,250,266","85,78,90",False,2,missing_target1,False,True,False,1.264052316533106,-0.022222222222222223,-0.044444444444444446,1.215163427644217
depth0.2_slot1,0.2,1.0,target2_close14|seed21|nominal,target2_close14,21,nominal,59,"13,5,1","191,251,266","86,78,91",False,2,missing_target1,False,True,False,1.332977592849972,-0.022222222222222223,-0.044444444444444446,1.284088703961083
depth0.2_slot1,0.2,1.0,target2_close14|seed21|source_mismatch,target2_close14,21,source_mismatch,5,"7,2,1","194,251,263","86,76,81",False,1,missing_target1_target2,False,True,True,1.3364136906184398,-0.044444444444444446,-0.06666666666666667,1.2608581350628842
depth0.2_slot1,0.2,1.0,target2_close14|seed34|nominal,target2_close14,34,nominal,363,"14,6,3","190,249,262","85,77,78",False,1,missing_target1_target2,False,True,True,1.2424199218992804,-0.05555555555555556,-0.03333333333333333,1.197975477454836
depth0.2_slot1,0.2,1.0,target2_close14|seed34|source_mismatch,target2_close14,34,source_mismatch,331,"11,4,3","190,249,263","75,77,75",False,0,missing_target0_target1_target2,True,True,True,1.3084624254548733,-0.14444444444444446,-0.022222222222222223,1.2573513143437622
depth0.2_slot1,0.2,1.0,target2_close50_linear29p5|seed13|nominal,target2_close50_linear29p5,13,nominal,173,"7,2,10","184,250,301","110,102,103",False,0,missing_target0_target1_target2,True,True,True,1.3180654126663824,-0.16666666666666666,-0.07777777777777778,1.2069543015552713
depth0.2_slot1,0.2,1.0,target2_close50_linear29p5|seed13|source_mismatch,target2_close50_linear29p5,13,source_mismatch,282,"9,3,11","187,253,305","102,100,90",False,1,missing_target0_target1,True,True,False,1.196491307261035,-0.022222222222222223,-0.12222222222222222,1.0698246405943683
depth0.2_slot1,0.2,1.0,target2_close50_linear29p5|seed21|nominal,target2_close50_linear29p5,21,nominal,134,"19,1,11","190,253,301","78,101,87",False,1,missing_target0_target1,True,True,False,1.172024129686864,-0.03333333333333333,-0.044444444444444446,1.120913018575753
depth0.2_slot1,0.2,1.0,target2_close50_linear29p5|seed21|source_mismatch,target2_close50_linear29p5,21,source_mismatch,261,"12,2,9","188,253,303","97,93,91",True,3,all_truth,False,False,False,1.276066325911701,-0.0,-0.08888888888888889,1.1871774370228123
depth0.2_slot1,0.2,1.0,target2_close50_linear29p5|seed34|nominal,target2_close50_linear29p5,34,nominal,528,"13,4,10","185,251,303","109,75,93",False,1,missing_target0_target1,True,True,False,1.2523311526517453,-0.15555555555555556,-0.1,1.1212200415406341
depth0.2_slot1,0.2,1.0,target2_close50_linear29p5|seed34|source_mismatch,target2_close50_linear29p5,34,source_mismatch,267,"15,3,12","185,248,296","78,96,100",False,1,missing_target0_target2,True,False,True,1.08355018670165,-0.022222222222222223,-0.12222222222222222,0.9568835200349832
depth0.2_slot2,0.2,2.0,target2_close14|seed13|nominal,target2_close14,13,nominal,74,"14,6,1","186,249,265","77,93,85",False,2,missing_target0,True,False,False,1.2332032115306153,-0.03333333333333333,-0.06666666666666667,1.0932032115306154
depth0.2_slot2,0.2,2.0,target2_close14|seed13|source_mismatch,target2_close14,13,source_mismatch,24,"9,3,1","188,250,264","85,78,81",False,1,missing_target1_target2,False,True,True,1.221253970479529,-0.022222222222222223,-0.022222222222222223,1.1723650815906401
depth0.2_slot2,0.2,2.0,target2_close14|seed21|nominal,target2_close14,21,nominal,59,"13,5,1","191,251,266","86,78,91",False,2,missing_target1,False,True,False,1.332977592849972,-0.022222222222222223,-0.044444444444444446,1.2396442595166388
depth0.2_slot2,0.2,2.0,target2_close14|seed21|source_mismatch,target2_close14,21,source_mismatch,5,"7,2,1","194,251,263","86,76,81",False,1,missing_target1_target2,False,True,True,1.3364136906184398,-0.044444444444444446,-0.06666666666666667,1.1941914683962176
depth0.2_slot2,0.2,2.0,target2_close14|seed34|nominal,target2_close14,34,nominal,363,"14,6,3","190,249,262","85,77,78",False,1,missing_target1_target2,False,True,True,1.2424199218992804,-0.05555555555555556,-0.03333333333333333,1.1646421441215027
depth0.2_slot2,0.2,2.0,target2_close14|seed34|source_mismatch,target2_close14,34,source_mismatch,331,"11,4,3","190,249,263","75,77,75",False,0,missing_target0_target1_target2,True,True,True,1.3084624254548733,-0.14444444444444446,-0.022222222222222223,1.2351290921215399
depth0.2_slot2,0.2,2.0,target2_close50_linear29p5|seed13|nominal,target2_close50_linear29p5,13,nominal,173,"7,2,10","184,250,301","110,102,103",False,0,missing_target0_target1_target2,True,True,True,1.3180654126663824,-0.16666666666666666,-0.07777777777777778,1.1291765237774936
depth0.2_slot2,0.2,2.0,target2_close50_linear29p5|seed13|source_mismatch,target2_close50_linear29p5,13,source_mismatch,282,"9,3,11","187,253,305","102,100,90",False,1,missing_target0_target1,True,True,False,1.196491307261035,-0.022222222222222223,-0.12222222222222222,0.9476024183721461
depth0.2_slot2,0.2,2.0,target2_close50_linear29p5|seed21|nominal,target2_close50_linear29p5,21,nominal,134,"19,1,11","190,253,301","78,101,87",False,1,missing_target0_target1,True,True,False,1.172024129686864,-0.03333333333333333,-0.044444444444444446,1.0764685741313087
depth0.2_slot2,0.2,2.0,target2_close50_linear29p5|seed21|source_mismatch,target2_close50_linear29p5,21,source_mismatch,261,"12,2,9","188,253,303","97,93,91",True,3,all_truth,False,False,False,1.276066325911701,-0.0,-0.08888888888888889,1.0982885481339233
depth0.2_slot2,0.2,2.0,target2_close50_linear29p5|seed34|nominal,target2_close50_linear29p5,34,nominal,528,"13,4,10","185,251,303","109,75,93",False,1,missing_target0_target1,True,True,False,1.2523311526517453,-0.15555555555555556,-0.1,1.0212200415406343
depth0.2_slot2,0.2,2.0,target2_close50_linear29p5|seed34|source_mismatch,target2_close50_linear29p5,34,source_mismatch,267,"15,3,12","185,248,296","78,96,100",False,1,missing_target0_target2,True,False,True,1.08355018670165,-0.022222222222222223,-0.12222222222222222,0.834661297812761
depth0.2_slot4,0.2,4.0,target2_close14|seed13|nominal,target2_close14,13,nominal,74,"14,6,1","186,249,265","77,93,85",False,2,missing_target0,True,False,False,1.2332032115306153,-0.03333333333333333,-0.06666666666666667,0.9598698781972821
depth0.2_slot4,0.2,4.0,target2_close14|seed13|source_mismatch,target2_close14,13,source_mismatch,24,"9,3,1","188,250,264","85,78,81",False,1,missing_target1_target2,False,True,True,1.221253970479529,-0.022222222222222223,-0.022222222222222223,1.1279206371461958
depth0.2_slot4,0.2,4.0,target2_close14|seed21|nominal,target2_close14,21,nominal,59,"13,5,1","191,251,266","86,78,91",False,2,missing_target1,False,True,False,1.332977592849972,-0.022222222222222223,-0.044444444444444446,1.1507553706277498
depth0.2_slot4,0.2,4.0,target2_close14|seed21|source_mismatch,target2_close14,21,source_mismatch,27,"12,3,1","190,248,263","95,86,81",False,2,missing_target2,False,False,True,1.2246870048037362,-0.0,-0.03333333333333333,1.0913536714704029
depth0.2_slot4,0.2,4.0,target2_close14|seed34|nominal,target2_close14,34,nominal,363,"14,6,3","190,249,262","85,77,78",False,1,missing_target1_target2,False,True,True,1.2424199218992804,-0.05555555555555556,-0.03333333333333333,1.097975477454836
depth0.2_slot4,0.2,4.0,target2_close14|seed34|source_mismatch,target2_close14,34,source_mismatch,331,"11,4,3","190,249,263","75,77,75",False,0,missing_target0_target1_target2,True,True,True,1.3084624254548733,-0.14444444444444446,-0.022222222222222223,1.1906846476770956
depth0.2_slot4,0.2,4.0,target2_close50_linear29p5|seed13|nominal,target2_close50_linear29p5,13,nominal,168,"15,2,6","187,250,299","85,102,79",False,1,missing_target1_target2,False,True,True,1.158837319091627,-0.03333333333333333,-0.044444444444444446,0.9743928746471826
depth0.2_slot4,0.2,4.0,target2_close50_linear29p5|seed13|source_mismatch,target2_close50_linear29p5,13,source_mismatch,281,"9,3,10","187,253,300","102,100,75",False,0,missing_target0_target1_target2,True,True,True,1.0901950952547677,-0.07777777777777778,-0.06666666666666667,0.8079728730325455
depth0.2_slot4,0.2,4.0,target2_close50_linear29p5|seed21|nominal,target2_close50_linear29p5,21,nominal,134,"19,1,11","190,253,301","78,101,87",False,1,missing_target0_target1,True,True,False,1.172024129686864,-0.03333333333333333,-0.044444444444444446,0.9875796852424197
depth0.2_slot4,0.2,4.0,target2_close50_linear29p5|seed21|source_mismatch,target2_close50_linear29p5,21,source_mismatch,261,"12,2,9","188,253,303","97,93,91",True,3,all_truth,False,False,False,1.276066325911701,-0.0,-0.08888888888888889,0.9205107703561455
depth0.2_slot4,0.2,4.0,target2_close50_linear29p5|seed34|nominal,target2_close50_linear29p5,34,nominal,528,"13,4,10","185,251,303","109,75,93",False,1,missing_target0_target1,True,True,False,1.2523311526517453,-0.15555555555555556,-0.1,0.8212200415406342
depth0.2_slot4,0.2,4.0,target2_close50_linear29p5|seed34|source_mismatch,target2_close50_linear29p5,34,source_mismatch,267,"15,3,12","185,248,296","78,96,100",False,1,missing_target0_target2,True,False,True,1.08355018670165,-0.022222222222222223,-0.12222222222222222,0.5902168533683165
depth0.2_slot8,0.2,8.0,target2_close14|seed13|nominal,target2_close14,13,nominal,60,"14,5,1","186,250,265","77,81,85",False,1,missing_target0_target1,True,True,False,1.1595612307826553,-0.03333333333333333,-0.05555555555555555,0.7084501196715443
depth0.2_slot8,0.2,8.0,target2_close14|seed13|source_mismatch,target2_close14,13,source_mismatch,24,"9,3,1","188,250,264","85,78,81",False,1,missing_target1_target2,False,True,True,1.221253970479529,-0.022222222222222223,-0.022222222222222223,1.0390317482573068
depth0.2_slot8,0.2,8.0,target2_close14|seed21|nominal,target2_close14,21,nominal,251,"13,8,2","191,250,263","86,100,82",False,2,missing_target1,False,True,False,1.2152319766619175,-0.0,-0.022222222222222223,1.0374541988841397
depth0.2_slot8,0.2,8.0,target2_close14|seed21|source_mismatch,target2_close14,21,source_mismatch,10,"12,2,1","190,251,263","95,76,81",False,1,missing_target1_target2,False,True,True,1.1638972455461207,-0.044444444444444446,-0.022222222222222223,0.977230578879454
depth0.2_slot8,0.2,8.0,target2_close14|seed34|nominal,target2_close14,34,nominal,363,"14,6,3","190,249,262","85,77,78",False,1,missing_target1_target2,False,True,True,1.2424199218992804,-0.05555555555555556,-0.03333333333333333,0.9646421441215027
depth0.2_slot8,0.2,8.0,target2_close14|seed34|source_mismatch,target2_close14,34,source_mismatch,331,"11,4,3","190,249,263","75,77,75",False,0,missing_target0_target1_target2,True,True,True,1.3084624254548733,-0.14444444444444446,-0.022222222222222223,1.1017957587882066
depth0.2_slot8,0.2,8.0,target2_close50_linear29p5|seed13|nominal,target2_close50_linear29p5,13,nominal,169,"16,2,6","190,250,299","75,102,79",False,0,missing_target0_target1_target2,True,True,True,0.988789049405091,-0.08888888888888889,-0.011111111111111112,0.8821223827384244
depth0.2_slot8,0.2,8.0,target2_close50_linear29p5|seed13|source_mismatch,target2_close50_linear29p5,13,source_mismatch,281,"9,3,10","187,253,300","102,100,75",False,0,missing_target0_target1_target2,True,True,True,1.0901950952547677,-0.07777777777777778,-0.06666666666666667,0.5413062063658788
depth0.2_slot8,0.2,8.0,target2_close50_linear29p5|seed21|nominal,target2_close50_linear29p5,21,nominal,488,"19,4,6","190,251,298","78,77,97",False,1,missing_target0_target1,True,True,False,1.0969800989788858,-0.05555555555555556,-0.03333333333333333,0.8192023212011081
depth0.2_slot8,0.2,8.0,target2_close50_linear29p5|seed21|source_mismatch,target2_close50_linear29p5,21,source_mismatch,108,"12,1,9","188,252,303","97,82,91",True,3,all_truth,False,False,False,1.2194790886286926,-0.0,-0.07777777777777778,0.5972568664064704
depth0.2_slot8,0.2,8.0,target2_close50_linear29p5|seed34|nominal,target2_close50_linear29p5,34,nominal,528,"13,4,10","185,251,303","109,75,93",False,1,missing_target0_target1,True,True,False,1.2523311526517453,-0.15555555555555556,-0.1,0.4212200415406342
depth0.2_slot8,0.2,8.0,target2_close50_linear29p5|seed34|source_mismatch,target2_close50_linear29p5,34,source_mismatch,98,"15,1,12","185,250,296","78,84,100",False,1,missing_target0_target2,True,False,True,0.9631042602142118,-0.022222222222222223,-0.1,0.1586598157697673
depth0.5_slot0,0.5,0.0,target2_close14|seed13|nominal,target2_close14,13,nominal,74,"14,6,1","186,249,265","77,93,85",False,2,missing_target0,True,False,False,1.2332032115306153,-0.03333333333333333,-0.06666666666666667,1.2165365448639487
depth0.5_slot0,0.5,0.0,target2_close14|seed13|source_mismatch,target2_close14,13,source_mismatch,177,"9,3,2","188,250,266","85,78,90",False,2,missing_target1,False,True,False,1.264052316533106,-0.022222222222222223,-0.044444444444444446,1.2529412054219948
depth0.5_slot0,0.5,0.0,target2_close14|seed21|nominal,target2_close14,21,nominal,59,"13,5,1","191,251,266","86,78,91",False,2,missing_target1,False,True,False,1.332977592849972,-0.022222222222222223,-0.044444444444444446,1.321866481738861
depth0.5_slot0,0.5,0.0,target2_close14|seed21|source_mismatch,target2_close14,21,source_mismatch,5,"7,2,1","194,251,263","86,76,81",False,1,missing_target1_target2,False,True,True,1.3364136906184398,-0.044444444444444446,-0.06666666666666667,1.3141914683962177
depth0.5_slot0,0.5,0.0,target2_close14|seed34|nominal,target2_close14,34,nominal,87,"14,7,1","190,248,260","85,89,87",True,3,all_truth,False,False,False,1.2524995625348008,-0.0,-0.06666666666666667,1.2524995625348008
depth0.5_slot0,0.5,0.0,target2_close14|seed34|source_mismatch,target2_close14,34,source_mismatch,56,"10,5,1","188,247,261","83,85,83",True,3,all_truth,False,False,False,1.322280338932385,-0.0,-0.08888888888888889,1.322280338932385
depth0.5_slot0,0.5,0.0,target2_close50_linear29p5|seed13|nominal,target2_close50_linear29p5,13,nominal,264,"7,3,10","184,250,301","110,84,103",False,1,missing_target0_target2,True,False,True,1.3125703180793078,-0.14444444444444446,-0.07777777777777778,1.2403480958570856
depth0.5_slot0,0.5,0.0,target2_close50_linear29p5|seed13|source_mismatch,target2_close50_linear29p5,13,source_mismatch,282,"9,3,11","187,253,305","102,100,90",False,1,missing_target0_target1,True,True,False,1.196491307261035,-0.022222222222222223,-0.12222222222222222,1.185380196149924
depth0.5_slot0,0.5,0.0,target2_close50_linear29p5|seed21|nominal,target2_close50_linear29p5,21,nominal,134,"19,1,11","190,253,301","78,101,87",False,1,missing_target0_target1,True,True,False,1.172024129686864,-0.03333333333333333,-0.044444444444444446,1.1553574630201975
depth0.5_slot0,0.5,0.0,target2_close50_linear29p5|seed21|source_mismatch,target2_close50_linear29p5,21,source_mismatch,261,"12,2,9","188,253,303","97,93,91",True,3,all_truth,False,False,False,1.276066325911701,-0.0,-0.08888888888888889,1.276066325911701
depth0.5_slot0,0.5,0.0,target2_close50_linear29p5|seed34|nominal,target2_close50_linear29p5,34,nominal,528,"13,4,10","185,251,303","109,75,93",False,1,missing_target0_target1,True,True,False,1.2523311526517453,-0.15555555555555556,-0.1,1.1745533748739676
depth0.5_slot0,0.5,0.0,target2_close50_linear29p5|seed34|source_mismatch,target2_close50_linear29p5,34,source_mismatch,230,"8,3,7","181,248,295","102,96,89",False,2,missing_target0,True,False,False,1.0872021321747714,-0.022222222222222223,-0.17777777777777778,1.0760910210636603
depth0.5_slot0.1,0.5,0.1,target2_close14|seed13|nominal,target2_close14,13,nominal,74,"14,6,1","186,249,265","77,93,85",False,2,missing_target0,True,False,False,1.2332032115306153,-0.03333333333333333,-0.06666666666666667,1.209869878197282
depth0.5_slot0.1,0.5,0.1,target2_close14|seed13|source_mismatch,target2_close14,13,source_mismatch,177,"9,3,2","188,250,266","85,78,90",False,2,missing_target1,False,True,False,1.264052316533106,-0.022222222222222223,-0.044444444444444446,1.2484967609775504
depth0.5_slot0.1,0.5,0.1,target2_close14|seed21|nominal,target2_close14,21,nominal,59,"13,5,1","191,251,266","86,78,91",False,2,missing_target1,False,True,False,1.332977592849972,-0.022222222222222223,-0.044444444444444446,1.3174220372944165
depth0.5_slot0.1,0.5,0.1,target2_close14|seed21|source_mismatch,target2_close14,21,source_mismatch,5,"7,2,1","194,251,263","86,76,81",False,1,missing_target1_target2,False,True,True,1.3364136906184398,-0.044444444444444446,-0.06666666666666667,1.307524801729551
depth0.5_slot0.1,0.5,0.1,target2_close14|seed34|nominal,target2_close14,34,nominal,87,"14,7,1","190,248,260","85,89,87",True,3,all_truth,False,False,False,1.2524995625348008,-0.0,-0.06666666666666667,1.2458328958681342
depth0.5_slot0.1,0.5,0.1,target2_close14|seed34|source_mismatch,target2_close14,34,source_mismatch,56,"10,5,1","188,247,261","83,85,83",True,3,all_truth,False,False,False,1.322280338932385,-0.0,-0.08888888888888889,1.313391450043496
depth0.5_slot0.1,0.5,0.1,target2_close50_linear29p5|seed13|nominal,target2_close50_linear29p5,13,nominal,264,"7,3,10","184,250,301","110,84,103",False,1,missing_target0_target2,True,False,True,1.3125703180793078,-0.14444444444444446,-0.07777777777777778,1.2325703180793077
depth0.5_slot0.1,0.5,0.1,target2_close50_linear29p5|seed13|source_mismatch,target2_close50_linear29p5,13,source_mismatch,282,"9,3,11","187,253,305","102,100,90",False,1,missing_target0_target1,True,True,False,1.196491307261035,-0.022222222222222223,-0.12222222222222222,1.1731579739277018
depth0.5_slot0.1,0.5,0.1,target2_close50_linear29p5|seed21|nominal,target2_close50_linear29p5,21,nominal,134,"19,1,11","190,253,301","78,101,87",False,1,missing_target0_target1,True,True,False,1.172024129686864,-0.03333333333333333,-0.044444444444444446,1.150913018575753
depth0.5_slot0.1,0.5,0.1,target2_close50_linear29p5|seed21|source_mismatch,target2_close50_linear29p5,21,source_mismatch,261,"12,2,9","188,253,303","97,93,91",True,3,all_truth,False,False,False,1.276066325911701,-0.0,-0.08888888888888889,1.2671774370228122
depth0.5_slot0.1,0.5,0.1,target2_close50_linear29p5|seed34|nominal,target2_close50_linear29p5,34,nominal,528,"13,4,10","185,251,303","109,75,93",False,1,missing_target0_target1,True,True,False,1.2523311526517453,-0.15555555555555556,-0.1,1.1645533748739676
depth0.5_slot0.1,0.5,0.1,target2_close50_linear29p5|seed34|source_mismatch,target2_close50_linear29p5,34,source_mismatch,267,"15,3,12","185,248,296","78,96,100",False,1,missing_target0_target2,True,False,True,1.08355018670165,-0.022222222222222223,-0.12222222222222222,1.0602168533683167
depth0.5_slot0.2,0.5,0.2,target2_close14|seed13|nominal,target2_close14,13,nominal,74,"14,6,1","186,249,265","77,93,85",False,2,missing_target0,True,False,False,1.2332032115306153,-0.03333333333333333,-0.06666666666666667,1.2032032115306153
depth0.5_slot0.2,0.5,0.2,target2_close14|seed13|source_mismatch,target2_close14,13,source_mismatch,177,"9,3,2","188,250,266","85,78,90",False,2,missing_target1,False,True,False,1.264052316533106,-0.022222222222222223,-0.044444444444444446,1.2440523165331059
depth0.5_slot0.2,0.5,0.2,target2_close14|seed21|nominal,target2_close14,21,nominal,59,"13,5,1","191,251,266","86,78,91",False,2,missing_target1,False,True,False,1.332977592849972,-0.022222222222222223,-0.044444444444444446,1.312977592849972
depth0.5_slot0.2,0.5,0.2,target2_close14|seed21|source_mismatch,target2_close14,21,source_mismatch,5,"7,2,1","194,251,263","86,76,81",False,1,missing_target1_target2,False,True,True,1.3364136906184398,-0.044444444444444446,-0.06666666666666667,1.3008581350628843
depth0.5_slot0.2,0.5,0.2,target2_close14|seed34|nominal,target2_close14,34,nominal,87,"14,7,1","190,248,260","85,89,87",True,3,all_truth,False,False,False,1.2524995625348008,-0.0,-0.06666666666666667,1.2391662292014674
depth0.5_slot0.2,0.5,0.2,target2_close14|seed34|source_mismatch,target2_close14,34,source_mismatch,56,"10,5,1","188,247,261","83,85,83",True,3,all_truth,False,False,False,1.322280338932385,-0.0,-0.08888888888888889,1.3045025611546073
depth0.5_slot0.2,0.5,0.2,target2_close50_linear29p5|seed13|nominal,target2_close50_linear29p5,13,nominal,264,"7,3,10","184,250,301","110,84,103",False,1,missing_target0_target2,True,False,True,1.3125703180793078,-0.14444444444444446,-0.07777777777777778,1.22479254030153
depth0.5_slot0.2,0.5,0.2,target2_close50_linear29p5|seed13|source_mismatch,target2_close50_linear29p5,13,source_mismatch,282,"9,3,11","187,253,305","102,100,90",False,1,missing_target0_target1,True,True,False,1.196491307261035,-0.022222222222222223,-0.12222222222222222,1.1609357517054795
depth0.5_slot0.2,0.5,0.2,target2_close50_linear29p5|seed21|nominal,target2_close50_linear29p5,21,nominal,134,"19,1,11","190,253,301","78,101,87",False,1,missing_target0_target1,True,True,False,1.172024129686864,-0.03333333333333333,-0.044444444444444446,1.1464685741313085
depth0.5_slot0.2,0.5,0.2,target2_close50_linear29p5|seed21|source_mismatch,target2_close50_linear29p5,21,source_mismatch,261,"12,2,9","188,253,303","97,93,91",True,3,all_truth,False,False,False,1.276066325911701,-0.0,-0.08888888888888889,1.2582885481339234
depth0.5_slot0.2,0.5,0.2,target2_close50_linear29p5|seed34|nominal,target2_close50_linear29p5,34,nominal,528,"13,4,10","185,251,303","109,75,93",False,1,missing_target0_target1,True,True,False,1.2523311526517453,-0.15555555555555556,-0.1,1.1545533748739676
depth0.5_slot0.2,0.5,0.2,target2_close50_linear29p5|seed34|source_mismatch,target2_close50_linear29p5,34,source_mismatch,267,"15,3,12","185,248,296","78,96,100",False,1,missing_target0_target2,True,False,True,1.08355018670165,-0.022222222222222223,-0.12222222222222222,1.0479946311460944
depth0.5_slot0.5,0.5,0.5,target2_close14|seed13|nominal,target2_close14,13,nominal,74,"14,6,1","186,249,265","77,93,85",False,2,missing_target0,True,False,False,1.2332032115306153,-0.03333333333333333,-0.06666666666666667,1.1832032115306153
depth0.5_slot0.5,0.5,0.5,target2_close14|seed13|source_mismatch,target2_close14,13,source_mismatch,177,"9,3,2","188,250,266","85,78,90",False,2,missing_target1,False,True,False,1.264052316533106,-0.022222222222222223,-0.044444444444444446,1.2307189831997727
depth0.5_slot0.5,0.5,0.5,target2_close14|seed21|nominal,target2_close14,21,nominal,59,"13,5,1","191,251,266","86,78,91",False,2,missing_target1,False,True,False,1.332977592849972,-0.022222222222222223,-0.044444444444444446,1.2996442595166389
depth0.5_slot0.5,0.5,0.5,target2_close14|seed21|source_mismatch,target2_close14,21,source_mismatch,5,"7,2,1","194,251,263","86,76,81",False,1,missing_target1_target2,False,True,True,1.3364136906184398,-0.044444444444444446,-0.06666666666666667,1.2808581350628843
depth0.5_slot0.5,0.5,0.5,target2_close14|seed34|nominal,target2_close14,34,nominal,87,"14,7,1","190,248,260","85,89,87",True,3,all_truth,False,False,False,1.2524995625348008,-0.0,-0.06666666666666667,1.2191662292014673
depth0.5_slot0.5,0.5,0.5,target2_close14|seed34|source_mismatch,target2_close14,34,source_mismatch,56,"10,5,1","188,247,261","83,85,83",True,3,all_truth,False,False,False,1.322280338932385,-0.0,-0.08888888888888889,1.2778358944879404
depth0.5_slot0.5,0.5,0.5,target2_close50_linear29p5|seed13|nominal,target2_close50_linear29p5,13,nominal,264,"7,3,10","184,250,301","110,84,103",False,1,missing_target0_target2,True,False,True,1.3125703180793078,-0.14444444444444446,-0.07777777777777778,1.2014592069681966
depth0.5_slot0.5,0.5,0.5,target2_close50_linear29p5|seed13|source_mismatch,target2_close50_linear29p5,13,source_mismatch,282,"9,3,11","187,253,305","102,100,90",False,1,missing_target0_target1,True,True,False,1.196491307261035,-0.022222222222222223,-0.12222222222222222,1.1242690850388128
depth0.5_slot0.5,0.5,0.5,target2_close50_linear29p5|seed21|nominal,target2_close50_linear29p5,21,nominal,134,"19,1,11","190,253,301","78,101,87",False,1,missing_target0_target1,True,True,False,1.172024129686864,-0.03333333333333333,-0.044444444444444446,1.1331352407979753
depth0.5_slot0.5,0.5,0.5,target2_close50_linear29p5|seed21|source_mismatch,target2_close50_linear29p5,21,source_mismatch,261,"12,2,9","188,253,303","97,93,91",True,3,all_truth,False,False,False,1.276066325911701,-0.0,-0.08888888888888889,1.2316218814672566
depth0.5_slot0.5,0.5,0.5,target2_close50_linear29p5|seed34|nominal,target2_close50_linear29p5,34,nominal,528,"13,4,10","185,251,303","109,75,93",False,1,missing_target0_target1,True,True,False,1.2523311526517453,-0.15555555555555556,-0.1,1.1245533748739676
depth0.5_slot0.5,0.5,0.5,target2_close50_linear29p5|seed34|source_mismatch,target2_close50_linear29p5,34,source_mismatch,267,"15,3,12","185,248,296","78,96,100",False,1,missing_target0_target2,True,False,True,1.08355018670165,-0.022222222222222223,-0.12222222222222222,1.0113279644794277
depth0.5_slot1,0.5,1.0,target2_close14|seed13|nominal,target2_close14,13,nominal,74,"14,6,1","186,249,265","77,93,85",False,2,missing_target0,True,False,False,1.2332032115306153,-0.03333333333333333,-0.06666666666666667,1.149869878197282
depth0.5_slot1,0.5,1.0,target2_close14|seed13|source_mismatch,target2_close14,13,source_mismatch,177,"9,3,2","188,250,266","85,78,90",False,2,missing_target1,False,True,False,1.264052316533106,-0.022222222222222223,-0.044444444444444446,1.2084967609775503
depth0.5_slot1,0.5,1.0,target2_close14|seed21|nominal,target2_close14,21,nominal,59,"13,5,1","191,251,266","86,78,91",False,2,missing_target1,False,True,False,1.332977592849972,-0.022222222222222223,-0.044444444444444446,1.2774220372944165
depth0.5_slot1,0.5,1.0,target2_close14|seed21|source_mismatch,target2_close14,21,source_mismatch,5,"7,2,1","194,251,263","86,76,81",False,1,missing_target1_target2,False,True,True,1.3364136906184398,-0.044444444444444446,-0.06666666666666667,1.247524801729551
depth0.5_slot1,0.5,1.0,target2_close14|seed34|nominal,target2_close14,34,nominal,87,"14,7,1","190,248,260","85,89,87",True,3,all_truth,False,False,False,1.2524995625348008,-0.0,-0.06666666666666667,1.1858328958681341
depth0.5_slot1,0.5,1.0,target2_close14|seed34|source_mismatch,target2_close14,34,source_mismatch,56,"10,5,1","188,247,261","83,85,83",True,3,all_truth,False,False,False,1.322280338932385,-0.0,-0.08888888888888889,1.2333914500434962
depth0.5_slot1,0.5,1.0,target2_close50_linear29p5|seed13|nominal,target2_close50_linear29p5,13,nominal,264,"7,3,10","184,250,301","110,84,103",False,1,missing_target0_target2,True,False,True,1.3125703180793078,-0.14444444444444446,-0.07777777777777778,1.1625703180793079
depth0.5_slot1,0.5,1.0,target2_close50_linear29p5|seed13|source_mismatch,target2_close50_linear29p5,13,source_mismatch,282,"9,3,11","187,253,305","102,100,90",False,1,missing_target0_target1,True,True,False,1.196491307261035,-0.022222222222222223,-0.12222222222222222,1.0631579739277017
depth0.5_slot1,0.5,1.0,target2_close50_linear29p5|seed21|nominal,target2_close50_linear29p5,21,nominal,134,"19,1,11","190,253,301","78,101,87",False,1,missing_target0_target1,True,True,False,1.172024129686864,-0.03333333333333333,-0.044444444444444446,1.110913018575753
depth0.5_slot1,0.5,1.0,target2_close50_linear29p5|seed21|source_mismatch,target2_close50_linear29p5,21,source_mismatch,261,"12,2,9","188,253,303","97,93,91",True,3,all_truth,False,False,False,1.276066325911701,-0.0,-0.08888888888888889,1.1871774370228123
depth0.5_slot1,0.5,1.0,target2_close50_linear29p5|seed34|nominal,target2_close50_linear29p5,34,nominal,528,"13,4,10","185,251,303","109,75,93",False,1,missing_target0_target1,True,True,False,1.2523311526517453,-0.15555555555555556,-0.1,1.0745533748739675
depth0.5_slot1,0.5,1.0,target2_close50_linear29p5|seed34|source_mismatch,target2_close50_linear29p5,34,source_mismatch,267,"15,3,12","185,248,296","78,96,100",False,1,missing_target0_target2,True,False,True,1.08355018670165,-0.022222222222222223,-0.12222222222222222,0.9502168533683166
depth0.5_slot2,0.5,2.0,target2_close14|seed13|nominal,target2_close14,13,nominal,74,"14,6,1","186,249,265","77,93,85",False,2,missing_target0,True,False,False,1.2332032115306153,-0.03333333333333333,-0.06666666666666667,1.0832032115306154
depth0.5_slot2,0.5,2.0,target2_close14|seed13|source_mismatch,target2_close14,13,source_mismatch,24,"9,3,1","188,250,264","85,78,81",False,1,missing_target1_target2,False,True,True,1.221253970479529,-0.022222222222222223,-0.022222222222222223,1.1656984149239735
depth0.5_slot2,0.5,2.0,target2_close14|seed21|nominal,target2_close14,21,nominal,59,"13,5,1","191,251,266","86,78,91",False,2,missing_target1,False,True,False,1.332977592849972,-0.022222222222222223,-0.044444444444444446,1.2329775928499722
depth0.5_slot2,0.5,2.0,target2_close14|seed21|source_mismatch,target2_close14,21,source_mismatch,5,"7,2,1","194,251,263","86,76,81",False,1,missing_target1_target2,False,True,True,1.3364136906184398,-0.044444444444444446,-0.06666666666666667,1.1808581350628844
depth0.5_slot2,0.5,2.0,target2_close14|seed34|nominal,target2_close14,34,nominal,363,"14,6,3","190,249,262","85,77,78",False,1,missing_target1_target2,False,True,True,1.2424199218992804,-0.05555555555555556,-0.03333333333333333,1.147975477454836
depth0.5_slot2,0.5,2.0,target2_close14|seed34|source_mismatch,target2_close14,34,source_mismatch,331,"11,4,3","190,249,263","75,77,75",False,0,missing_target0_target1_target2,True,True,True,1.3084624254548733,-0.14444444444444446,-0.022222222222222223,1.1917957587882066
depth0.5_slot2,0.5,2.0,target2_close50_linear29p5|seed13|nominal,target2_close50_linear29p5,13,nominal,264,"7,3,10","184,250,301","110,84,103",False,1,missing_target0_target2,True,False,True,1.3125703180793078,-0.14444444444444446,-0.07777777777777778,1.08479254030153
depth0.5_slot2,0.5,2.0,target2_close50_linear29p5|seed13|source_mismatch,target2_close50_linear29p5,13,source_mismatch,282,"9,3,11","187,253,305","102,100,90",False,1,missing_target0_target1,True,True,False,1.196491307261035,-0.022222222222222223,-0.12222222222222222,0.9409357517054795
depth0.5_slot2,0.5,2.0,target2_close50_linear29p5|seed21|nominal,target2_close50_linear29p5,21,nominal,134,"19,1,11","190,253,301","78,101,87",False,1,missing_target0_target1,True,True,False,1.172024129686864,-0.03333333333333333,-0.044444444444444446,1.0664685741313087
depth0.5_slot2,0.5,2.0,target2_close50_linear29p5|seed21|source_mismatch,target2_close50_linear29p5,21,source_mismatch,261,"12,2,9","188,253,303","97,93,91",True,3,all_truth,False,False,False,1.276066325911701,-0.0,-0.08888888888888889,1.0982885481339233
depth0.5_slot2,0.5,2.0,target2_close50_linear29p5|seed34|nominal,target2_close50_linear29p5,34,nominal,528,"13,4,10","185,251,303","109,75,93",False,1,missing_target0_target1,True,True,False,1.2523311526517453,-0.15555555555555556,-0.1,0.9745533748739676
depth0.5_slot2,0.5,2.0,target2_close50_linear29p5|seed34|source_mismatch,target2_close50_linear29p5,34,source_mismatch,267,"15,3,12","185,248,296","78,96,100",False,1,missing_target0_target2,True,False,True,1.08355018670165,-0.022222222222222223,-0.12222222222222222,0.8279946311460944
depth0.5_slot4,0.5,4.0,target2_close14|seed13|nominal,target2_close14,13,nominal,74,"14,6,1","186,249,265","77,93,85",False,2,missing_target0,True,False,False,1.2332032115306153,-0.03333333333333333,-0.06666666666666667,0.9498698781972821
depth0.5_slot4,0.5,4.0,target2_close14|seed13|source_mismatch,target2_close14,13,source_mismatch,24,"9,3,1","188,250,264","85,78,81",False,1,missing_target1_target2,False,True,True,1.221253970479529,-0.022222222222222223,-0.022222222222222223,1.1212539704795292
depth0.5_slot4,0.5,4.0,target2_close14|seed21|nominal,target2_close14,21,nominal,59,"13,5,1","191,251,266","86,78,91",False,2,missing_target1,False,True,False,1.332977592849972,-0.022222222222222223,-0.044444444444444446,1.1440887039610832
depth0.5_slot4,0.5,4.0,target2_close14|seed21|source_mismatch,target2_close14,21,source_mismatch,27,"12,3,1","190,248,263","95,86,81",False,2,missing_target2,False,False,True,1.2246870048037362,-0.0,-0.03333333333333333,1.0913536714704029
depth0.5_slot4,0.5,4.0,target2_close14|seed34|nominal,target2_close14,34,nominal,363,"14,6,3","190,249,262","85,77,78",False,1,missing_target1_target2,False,True,True,1.2424199218992804,-0.05555555555555556,-0.03333333333333333,1.0813088107881694
depth0.5_slot4,0.5,4.0,target2_close14|seed34|source_mismatch,target2_close14,34,source_mismatch,331,"11,4,3","190,249,263","75,77,75",False,0,missing_target0_target1_target2,True,True,True,1.3084624254548733,-0.14444444444444446,-0.022222222222222223,1.1473513143437624
depth0.5_slot4,0.5,4.0,target2_close50_linear29p5|seed13|nominal,target2_close50_linear29p5,13,nominal,259,"15,3,6","187,250,299","85,84,79",False,2,missing_target2,False,False,True,1.1533422245045524,-0.011111111111111112,-0.044444444444444446,0.970008891171219
depth0.5_slot4,0.5,4.0,target2_close50_linear29p5|seed13|source_mismatch,target2_close50_linear29p5,13,source_mismatch,281,"9,3,10","187,253,300","102,100,75",False,0,missing_target0_target1_target2,True,True,True,1.0901950952547677,-0.07777777777777778,-0.06666666666666667,0.7846395396992121
depth0.5_slot4,0.5,4.0,target2_close50_linear29p5|seed21|nominal,target2_close50_linear29p5,21,nominal,134,"19,1,11","190,253,301","78,101,87",False,1,missing_target0_target1,True,True,False,1.172024129686864,-0.03333333333333333,-0.044444444444444446,0.9775796852424197
depth0.5_slot4,0.5,4.0,target2_close50_linear29p5|seed21|source_mismatch,target2_close50_linear29p5,21,source_mismatch,261,"12,2,9","188,253,303","97,93,91",True,3,all_truth,False,False,False,1.276066325911701,-0.0,-0.08888888888888889,0.9205107703561455
depth0.5_slot4,0.5,4.0,target2_close50_linear29p5|seed34|nominal,target2_close50_linear29p5,34,nominal,528,"13,4,10","185,251,303","109,75,93",False,1,missing_target0_target1,True,True,False,1.2523311526517453,-0.15555555555555556,-0.1,0.7745533748739676
depth0.5_slot4,0.5,4.0,target2_close50_linear29p5|seed34|source_mismatch,target2_close50_linear29p5,34,source_mismatch,267,"15,3,12","185,248,296","78,96,100",False,1,missing_target0_target2,True,False,True,1.08355018670165,-0.022222222222222223,-0.12222222222222222,0.5835501867016499
depth0.5_slot8,0.5,8.0,target2_close14|seed13|nominal,target2_close14,13,nominal,60,"14,5,1","186,250,265","77,81,85",False,1,missing_target0_target1,True,True,False,1.1595612307826553,-0.03333333333333333,-0.05555555555555555,0.6984501196715442
depth0.5_slot8,0.5,8.0,target2_close14|seed13|source_mismatch,target2_close14,13,source_mismatch,24,"9,3,1","188,250,264","85,78,81",False,1,missing_target1_target2,False,True,True,1.221253970479529,-0.022222222222222223,-0.022222222222222223,1.0323650815906402
depth0.5_slot8,0.5,8.0,target2_close14|seed21|nominal,target2_close14,21,nominal,251,"13,8,2","191,250,263","86,100,82",False,2,missing_target1,False,True,False,1.2152319766619175,-0.0,-0.022222222222222223,1.0374541988841397
depth0.5_slot8,0.5,8.0,target2_close14|seed21|source_mismatch,target2_close14,21,source_mismatch,10,"12,2,1","190,251,263","95,76,81",False,1,missing_target1_target2,False,True,True,1.1638972455461207,-0.044444444444444446,-0.022222222222222223,0.9638972455461208
depth0.5_slot8,0.5,8.0,target2_close14|seed34|nominal,target2_close14,34,nominal,363,"14,6,3","190,249,262","85,77,78",False,1,missing_target1_target2,False,True,True,1.2424199218992804,-0.05555555555555556,-0.03333333333333333,0.9479754774548361
depth0.5_slot8,0.5,8.0,target2_close14|seed34|source_mismatch,target2_close14,34,source_mismatch,331,"11,4,3","190,249,263","75,77,75",False,0,missing_target0_target1_target2,True,True,True,1.3084624254548733,-0.14444444444444446,-0.022222222222222223,1.0584624254548733
depth0.5_slot8,0.5,8.0,target2_close50_linear29p5|seed13|nominal,target2_close50_linear29p5,13,nominal,260,"16,3,6","190,250,299","75,84,79",False,1,missing_target0_target2,True,False,True,0.9832939548180162,-0.06666666666666667,-0.011111111111111112,0.861071732595794
depth0.5_slot8,0.5,8.0,target2_close50_linear29p5|seed13|source_mismatch,target2_close50_linear29p5,13,source_mismatch,281,"9,3,10","187,253,300","102,100,75",False,0,missing_target0_target1_target2,True,True,True,1.0901950952547677,-0.07777777777777778,-0.06666666666666667,0.5179728730325454
depth0.5_slot8,0.5,8.0,target2_close50_linear29p5|seed21|nominal,target2_close50_linear29p5,21,nominal,488,"19,4,6","190,251,298","78,77,97",False,1,missing_target0_target1,True,True,False,1.0969800989788858,-0.05555555555555556,-0.03333333333333333,0.8025356545344415
depth0.5_slot8,0.5,8.0,target2_close50_linear29p5|seed21|source_mismatch,target2_close50_linear29p5,21,source_mismatch,108,"12,1,9","188,252,303","97,82,91",True,3,all_truth,False,False,False,1.2194790886286926,-0.0,-0.07777777777777778,0.5972568664064704
depth0.5_slot8,0.5,8.0,target2_close50_linear29p5|seed34|nominal,target2_close50_linear29p5,34,nominal,528,"13,4,10","185,251,303","109,75,93",False,1,missing_target0_target1,True,True,False,1.2523311526517453,-0.15555555555555556,-0.1,0.37455337487396756
depth0.5_slot8,0.5,8.0,target2_close50_linear29p5|seed34|source_mismatch,target2_close50_linear29p5,34,source_mismatch,98,"15,1,12","185,250,296","78,84,100",False,1,missing_target0_target2,True,False,True,0.9631042602142118,-0.022222222222222223,-0.1,0.1519931491031007
depth1_slot0,1.0,0.0,target2_close14|seed13|nominal,target2_close14,13,nominal,74,"14,6,1","186,249,265","77,93,85",False,2,missing_target0,True,False,False,1.2332032115306153,-0.03333333333333333,-0.06666666666666667,1.1998698781972819
depth1_slot0,1.0,0.0,target2_close14|seed13|source_mismatch,target2_close14,13,source_mismatch,177,"9,3,2","188,250,266","85,78,90",False,2,missing_target1,False,True,False,1.264052316533106,-0.022222222222222223,-0.044444444444444446,1.2418300943108838
depth1_slot0,1.0,0.0,target2_close14|seed21|nominal,target2_close14,21,nominal,59,"13,5,1","191,251,266","86,78,91",False,2,missing_target1,False,True,False,1.332977592849972,-0.022222222222222223,-0.044444444444444446,1.31075537062775
depth1_slot0,1.0,0.0,target2_close14|seed21|source_mismatch,target2_close14,21,source_mismatch,5,"7,2,1","194,251,263","86,76,81",False,1,missing_target1_target2,False,True,True,1.3364136906184398,-0.044444444444444446,-0.06666666666666667,1.2919692461739953
depth1_slot0,1.0,0.0,target2_close14|seed34|nominal,target2_close14,34,nominal,87,"14,7,1","190,248,260","85,89,87",True,3,all_truth,False,False,False,1.2524995625348008,-0.0,-0.06666666666666667,1.2524995625348008
depth1_slot0,1.0,0.0,target2_close14|seed34|source_mismatch,target2_close14,34,source_mismatch,56,"10,5,1","188,247,261","83,85,83",True,3,all_truth,False,False,False,1.322280338932385,-0.0,-0.08888888888888889,1.322280338932385
depth1_slot0,1.0,0.0,target2_close50_linear29p5|seed13|nominal,target2_close50_linear29p5,13,nominal,264,"7,3,10","184,250,301","110,84,103",False,1,missing_target0_target2,True,False,True,1.3125703180793078,-0.14444444444444446,-0.07777777777777778,1.1681258736348634
depth1_slot0,1.0,0.0,target2_close50_linear29p5|seed13|source_mismatch,target2_close50_linear29p5,13,source_mismatch,282,"9,3,11","187,253,305","102,100,90",False,1,missing_target0_target1,True,True,False,1.196491307261035,-0.022222222222222223,-0.12222222222222222,1.1742690850388129
depth1_slot0,1.0,0.0,target2_close50_linear29p5|seed21|nominal,target2_close50_linear29p5,21,nominal,133,"18,1,11","188,253,301","97,101,87",False,2,missing_target1,False,True,False,1.1541508529728963,-0.011111111111111112,-0.06666666666666667,1.1430397418617853
depth1_slot0,1.0,0.0,target2_close50_linear29p5|seed21|source_mismatch,target2_close50_linear29p5,21,source_mismatch,261,"12,2,9","188,253,303","97,93,91",True,3,all_truth,False,False,False,1.276066325911701,-0.0,-0.08888888888888889,1.276066325911701
depth1_slot0,1.0,0.0,target2_close50_linear29p5|seed34|nominal,target2_close50_linear29p5,34,nominal,531,"16,4,10","183,251,303","97,75,93",False,2,missing_target1,False,True,False,1.1807327734461164,-0.05555555555555555,-0.12222222222222222,1.1251772178905608
depth1_slot0,1.0,0.0,target2_close50_linear29p5|seed34|source_mismatch,target2_close50_linear29p5,34,source_mismatch,230,"8,3,7","181,248,295","102,96,89",False,2,missing_target0,True,False,False,1.0872021321747714,-0.022222222222222223,-0.17777777777777778,1.0649799099525492
depth1_slot0.1,1.0,0.1,target2_close14|seed13|nominal,target2_close14,13,nominal,74,"14,6,1","186,249,265","77,93,85",False,2,missing_target0,True,False,False,1.2332032115306153,-0.03333333333333333,-0.06666666666666667,1.1932032115306153
depth1_slot0.1,1.0,0.1,target2_close14|seed13|source_mismatch,target2_close14,13,source_mismatch,177,"9,3,2","188,250,266","85,78,90",False,2,missing_target1,False,True,False,1.264052316533106,-0.022222222222222223,-0.044444444444444446,1.2373856498664393
depth1_slot0.1,1.0,0.1,target2_close14|seed21|nominal,target2_close14,21,nominal,59,"13,5,1","191,251,266","86,78,91",False,2,missing_target1,False,True,False,1.332977592849972,-0.022222222222222223,-0.044444444444444446,1.3063109261833055
depth1_slot0.1,1.0,0.1,target2_close14|seed21|source_mismatch,target2_close14,21,source_mismatch,5,"7,2,1","194,251,263","86,76,81",False,1,missing_target1_target2,False,True,True,1.3364136906184398,-0.044444444444444446,-0.06666666666666667,1.2853025795073287
depth1_slot0.1,1.0,0.1,target2_close14|seed34|nominal,target2_close14,34,nominal,87,"14,7,1","190,248,260","85,89,87",True,3,all_truth,False,False,False,1.2524995625348008,-0.0,-0.06666666666666667,1.2458328958681342
depth1_slot0.1,1.0,0.1,target2_close14|seed34|source_mismatch,target2_close14,34,source_mismatch,56,"10,5,1","188,247,261","83,85,83",True,3,all_truth,False,False,False,1.322280338932385,-0.0,-0.08888888888888889,1.313391450043496
depth1_slot0.1,1.0,0.1,target2_close50_linear29p5|seed13|nominal,target2_close50_linear29p5,13,nominal,264,"7,3,10","184,250,301","110,84,103",False,1,missing_target0_target2,True,False,True,1.3125703180793078,-0.14444444444444446,-0.07777777777777778,1.1603480958570855
depth1_slot0.1,1.0,0.1,target2_close50_linear29p5|seed13|source_mismatch,target2_close50_linear29p5,13,source_mismatch,282,"9,3,11","187,253,305","102,100,90",False,1,missing_target0_target1,True,True,False,1.196491307261035,-0.022222222222222223,-0.12222222222222222,1.1620468628165908
depth1_slot0.1,1.0,0.1,target2_close50_linear29p5|seed21|nominal,target2_close50_linear29p5,21,nominal,133,"18,1,11","188,253,301","97,101,87",False,2,missing_target1,False,True,False,1.1541508529728963,-0.011111111111111112,-0.06666666666666667,1.1363730751951187
depth1_slot0.1,1.0,0.1,target2_close50_linear29p5|seed21|source_mismatch,target2_close50_linear29p5,21,source_mismatch,261,"12,2,9","188,253,303","97,93,91",True,3,all_truth,False,False,False,1.276066325911701,-0.0,-0.08888888888888889,1.2671774370228122
depth1_slot0.1,1.0,0.1,target2_close50_linear29p5|seed34|nominal,target2_close50_linear29p5,34,nominal,531,"16,4,10","183,251,303","97,75,93",False,2,missing_target1,False,True,False,1.1807327734461164,-0.05555555555555555,-0.12222222222222222,1.1129549956683387
depth1_slot0.1,1.0,0.1,target2_close50_linear29p5|seed34|source_mismatch,target2_close50_linear29p5,34,source_mismatch,267,"15,3,12","185,248,296","78,96,100",False,1,missing_target0_target2,True,False,True,1.08355018670165,-0.022222222222222223,-0.12222222222222222,1.0491057422572057
depth1_slot0.2,1.0,0.2,target2_close14|seed13|nominal,target2_close14,13,nominal,74,"14,6,1","186,249,265","77,93,85",False,2,missing_target0,True,False,False,1.2332032115306153,-0.03333333333333333,-0.06666666666666667,1.1865365448639484
depth1_slot0.2,1.0,0.2,target2_close14|seed13|source_mismatch,target2_close14,13,source_mismatch,177,"9,3,2","188,250,266","85,78,90",False,2,missing_target1,False,True,False,1.264052316533106,-0.022222222222222223,-0.044444444444444446,1.2329412054219948
depth1_slot0.2,1.0,0.2,target2_close14|seed21|nominal,target2_close14,21,nominal,59,"13,5,1","191,251,266","86,78,91",False,2,missing_target1,False,True,False,1.332977592849972,-0.022222222222222223,-0.044444444444444446,1.301866481738861
depth1_slot0.2,1.0,0.2,target2_close14|seed21|source_mismatch,target2_close14,21,source_mismatch,5,"7,2,1","194,251,263","86,76,81",False,1,missing_target1_target2,False,True,True,1.3364136906184398,-0.044444444444444446,-0.06666666666666667,1.278635912840662
depth1_slot0.2,1.0,0.2,target2_close14|seed34|nominal,target2_close14,34,nominal,87,"14,7,1","190,248,260","85,89,87",True,3,all_truth,False,False,False,1.2524995625348008,-0.0,-0.06666666666666667,1.2391662292014674
depth1_slot0.2,1.0,0.2,target2_close14|seed34|source_mismatch,target2_close14,34,source_mismatch,56,"10,5,1","188,247,261","83,85,83",True,3,all_truth,False,False,False,1.322280338932385,-0.0,-0.08888888888888889,1.3045025611546073
depth1_slot0.2,1.0,0.2,target2_close50_linear29p5|seed13|nominal,target2_close50_linear29p5,13,nominal,264,"7,3,10","184,250,301","110,84,103",False,1,missing_target0_target2,True,False,True,1.3125703180793078,-0.14444444444444446,-0.07777777777777778,1.1525703180793079
depth1_slot0.2,1.0,0.2,target2_close50_linear29p5|seed13|source_mismatch,target2_close50_linear29p5,13,source_mismatch,282,"9,3,11","187,253,305","102,100,90",False,1,missing_target0_target1,True,True,False,1.196491307261035,-0.022222222222222223,-0.12222222222222222,1.1498246405943684
depth1_slot0.2,1.0,0.2,target2_close50_linear29p5|seed21|nominal,target2_close50_linear29p5,21,nominal,134,"19,1,11","190,253,301","78,101,87",False,1,missing_target0_target1,True,True,False,1.172024129686864,-0.03333333333333333,-0.044444444444444446,1.1298019074646417
depth1_slot0.2,1.0,0.2,target2_close50_linear29p5|seed21|source_mismatch,target2_close50_linear29p5,21,source_mismatch,261,"12,2,9","188,253,303","97,93,91",True,3,all_truth,False,False,False,1.276066325911701,-0.0,-0.08888888888888889,1.2582885481339234
depth1_slot0.2,1.0,0.2,target2_close50_linear29p5|seed34|nominal,target2_close50_linear29p5,34,nominal,531,"16,4,10","183,251,303","97,75,93",False,2,missing_target1,False,True,False,1.1807327734461164,-0.05555555555555555,-0.12222222222222222,1.1007327734461163
depth1_slot0.2,1.0,0.2,target2_close50_linear29p5|seed34|source_mismatch,target2_close50_linear29p5,34,source_mismatch,267,"15,3,12","185,248,296","78,96,100",False,1,missing_target0_target2,True,False,True,1.08355018670165,-0.022222222222222223,-0.12222222222222222,1.0368835200349833
depth1_slot0.5,1.0,0.5,target2_close14|seed13|nominal,target2_close14,13,nominal,74,"14,6,1","186,249,265","77,93,85",False,2,missing_target0,True,False,False,1.2332032115306153,-0.03333333333333333,-0.06666666666666667,1.1665365448639484
depth1_slot0.5,1.0,0.5,target2_close14|seed13|source_mismatch,target2_close14,13,source_mismatch,177,"9,3,2","188,250,266","85,78,90",False,2,missing_target1,False,True,False,1.264052316533106,-0.022222222222222223,-0.044444444444444446,1.2196078720886616
depth1_slot0.5,1.0,0.5,target2_close14|seed21|nominal,target2_close14,21,nominal,59,"13,5,1","191,251,266","86,78,91",False,2,missing_target1,False,True,False,1.332977592849972,-0.022222222222222223,-0.044444444444444446,1.2885331484055278
depth1_slot0.5,1.0,0.5,target2_close14|seed21|source_mismatch,target2_close14,21,source_mismatch,5,"7,2,1","194,251,263","86,76,81",False,1,missing_target1_target2,False,True,True,1.3364136906184398,-0.044444444444444446,-0.06666666666666667,1.258635912840662
depth1_slot0.5,1.0,0.5,target2_close14|seed34|nominal,target2_close14,34,nominal,87,"14,7,1","190,248,260","85,89,87",True,3,all_truth,False,False,False,1.2524995625348008,-0.0,-0.06666666666666667,1.2191662292014673
depth1_slot0.5,1.0,0.5,target2_close14|seed34|source_mismatch,target2_close14,34,source_mismatch,56,"10,5,1","188,247,261","83,85,83",True,3,all_truth,False,False,False,1.322280338932385,-0.0,-0.08888888888888889,1.2778358944879404
depth1_slot0.5,1.0,0.5,target2_close50_linear29p5|seed13|nominal,target2_close50_linear29p5,13,nominal,264,"7,3,10","184,250,301","110,84,103",False,1,missing_target0_target2,True,False,True,1.3125703180793078,-0.14444444444444446,-0.07777777777777778,1.1292369847459744
depth1_slot0.5,1.0,0.5,target2_close50_linear29p5|seed13|source_mismatch,target2_close50_linear29p5,13,source_mismatch,282,"9,3,11","187,253,305","102,100,90",False,1,missing_target0_target1,True,True,False,1.196491307261035,-0.022222222222222223,-0.12222222222222222,1.1131579739277018
depth1_slot0.5,1.0,0.5,target2_close50_linear29p5|seed21|nominal,target2_close50_linear29p5,21,nominal,134,"19,1,11","190,253,301","78,101,87",False,1,missing_target0_target1,True,True,False,1.172024129686864,-0.03333333333333333,-0.044444444444444446,1.1164685741313085
depth1_slot0.5,1.0,0.5,target2_close50_linear29p5|seed21|source_mismatch,target2_close50_linear29p5,21,source_mismatch,261,"12,2,9","188,253,303","97,93,91",True,3,all_truth,False,False,False,1.276066325911701,-0.0,-0.08888888888888889,1.2316218814672566
depth1_slot0.5,1.0,0.5,target2_close50_linear29p5|seed34|nominal,target2_close50_linear29p5,34,nominal,531,"16,4,10","183,251,303","97,75,93",False,2,missing_target1,False,True,False,1.1807327734461164,-0.05555555555555555,-0.12222222222222222,1.0640661067794497
depth1_slot0.5,1.0,0.5,target2_close50_linear29p5|seed34|source_mismatch,target2_close50_linear29p5,34,source_mismatch,267,"15,3,12","185,248,296","78,96,100",False,1,missing_target0_target2,True,False,True,1.08355018670165,-0.022222222222222223,-0.12222222222222222,1.0002168533683167
depth1_slot1,1.0,1.0,target2_close14|seed13|nominal,target2_close14,13,nominal,74,"14,6,1","186,249,265","77,93,85",False,2,missing_target0,True,False,False,1.2332032115306153,-0.03333333333333333,-0.06666666666666667,1.1332032115306152
depth1_slot1,1.0,1.0,target2_close14|seed13|source_mismatch,target2_close14,13,source_mismatch,177,"9,3,2","188,250,266","85,78,90",False,2,missing_target1,False,True,False,1.264052316533106,-0.022222222222222223,-0.044444444444444446,1.1973856498664393
depth1_slot1,1.0,1.0,target2_close14|seed21|nominal,target2_close14,21,nominal,59,"13,5,1","191,251,266","86,78,91",False,2,missing_target1,False,True,False,1.332977592849972,-0.022222222222222223,-0.044444444444444446,1.2663109261833054
depth1_slot1,1.0,1.0,target2_close14|seed21|source_mismatch,target2_close14,21,source_mismatch,5,"7,2,1","194,251,263","86,76,81",False,1,missing_target1_target2,False,True,True,1.3364136906184398,-0.044444444444444446,-0.06666666666666667,1.2253025795073287
depth1_slot1,1.0,1.0,target2_close14|seed34|nominal,target2_close14,34,nominal,87,"14,7,1","190,248,260","85,89,87",True,3,all_truth,False,False,False,1.2524995625348008,-0.0,-0.06666666666666667,1.1858328958681341
depth1_slot1,1.0,1.0,target2_close14|seed34|source_mismatch,target2_close14,34,source_mismatch,56,"10,5,1","188,247,261","83,85,83",True,3,all_truth,False,False,False,1.322280338932385,-0.0,-0.08888888888888889,1.2333914500434962
depth1_slot1,1.0,1.0,target2_close50_linear29p5|seed13|nominal,target2_close50_linear29p5,13,nominal,259,"15,3,6","187,250,299","85,84,79",False,2,missing_target2,False,False,True,1.1533422245045524,-0.011111111111111112,-0.044444444444444446,1.0977866689489968
depth1_slot1,1.0,1.0,target2_close50_linear29p5|seed13|source_mismatch,target2_close50_linear29p5,13,source_mismatch,282,"9,3,11","187,253,305","102,100,90",False,1,missing_target0_target1,True,True,False,1.196491307261035,-0.022222222222222223,-0.12222222222222222,1.0520468628165907
depth1_slot1,1.0,1.0,target2_close50_linear29p5|seed21|nominal,target2_close50_linear29p5,21,nominal,134,"19,1,11","190,253,301","78,101,87",False,1,missing_target0_target1,True,True,False,1.172024129686864,-0.03333333333333333,-0.044444444444444446,1.0942463519090861
depth1_slot1,1.0,1.0,target2_close50_linear29p5|seed21|source_mismatch,target2_close50_linear29p5,21,source_mismatch,261,"12,2,9","188,253,303","97,93,91",True,3,all_truth,False,False,False,1.276066325911701,-0.0,-0.08888888888888889,1.1871774370228123
depth1_slot1,1.0,1.0,target2_close50_linear29p5|seed34|nominal,target2_close50_linear29p5,34,nominal,531,"16,4,10","183,251,303","97,75,93",False,2,missing_target1,False,True,False,1.1807327734461164,-0.05555555555555555,-0.12222222222222222,1.0029549956683386
depth1_slot1,1.0,1.0,target2_close50_linear29p5|seed34|source_mismatch,target2_close50_linear29p5,34,source_mismatch,267,"15,3,12","185,248,296","78,96,100",False,1,missing_target0_target2,True,False,True,1.08355018670165,-0.022222222222222223,-0.12222222222222222,0.9391057422572056
depth1_slot2,1.0,2.0,target2_close14|seed13|nominal,target2_close14,13,nominal,74,"14,6,1","186,249,265","77,93,85",False,2,missing_target0,True,False,False,1.2332032115306153,-0.03333333333333333,-0.06666666666666667,1.0665365448639486
depth1_slot2,1.0,2.0,target2_close14|seed13|source_mismatch,target2_close14,13,source_mismatch,24,"9,3,1","188,250,264","85,78,81",False,1,missing_target1_target2,False,True,True,1.221253970479529,-0.022222222222222223,-0.022222222222222223,1.1545873038128625
depth1_slot2,1.0,2.0,target2_close14|seed21|nominal,target2_close14,21,nominal,59,"13,5,1","191,251,266","86,78,91",False,2,missing_target1,False,True,False,1.332977592849972,-0.022222222222222223,-0.044444444444444446,1.2218664817388611
depth1_slot2,1.0,2.0,target2_close14|seed21|source_mismatch,target2_close14,21,source_mismatch,5,"7,2,1","194,251,263","86,76,81",False,1,missing_target1_target2,False,True,True,1.3364136906184398,-0.044444444444444446,-0.06666666666666667,1.158635912840662
depth1_slot2,1.0,2.0,target2_close14|seed34|nominal,target2_close14,34,nominal,376,"14,7,3","190,248,262","85,89,78",False,2,missing_target2,False,False,True,1.2411780554916962,-0.022222222222222223,-0.044444444444444446,1.1300669443805853
depth1_slot2,1.0,2.0,target2_close14|seed34|source_mismatch,target2_close14,34,source_mismatch,56,"10,5,1","188,247,261","83,85,83",True,3,all_truth,False,False,False,1.322280338932385,-0.0,-0.08888888888888889,1.1445025611546071
depth1_slot2,1.0,2.0,target2_close50_linear29p5|seed13|nominal,target2_close50_linear29p5,13,nominal,259,"15,3,6","187,250,299","85,84,79",False,2,missing_target2,False,False,True,1.1533422245045524,-0.011111111111111112,-0.044444444444444446,1.0533422245045525
depth1_slot2,1.0,2.0,target2_close50_linear29p5|seed13|source_mismatch,target2_close50_linear29p5,13,source_mismatch,282,"9,3,11","187,253,305","102,100,90",False,1,missing_target0_target1,True,True,False,1.196491307261035,-0.022222222222222223,-0.12222222222222222,0.9298246405943684
depth1_slot2,1.0,2.0,target2_close50_linear29p5|seed21|nominal,target2_close50_linear29p5,21,nominal,134,"19,1,11","190,253,301","78,101,87",False,1,missing_target0_target1,True,True,False,1.172024129686864,-0.03333333333333333,-0.044444444444444446,1.0498019074646419
depth1_slot2,1.0,2.0,target2_close50_linear29p5|seed21|source_mismatch,target2_close50_linear29p5,21,source_mismatch,261,"12,2,9","188,253,303","97,93,91",True,3,all_truth,False,False,False,1.276066325911701,-0.0,-0.08888888888888889,1.0982885481339233
depth1_slot2,1.0,2.0,target2_close50_linear29p5|seed34|nominal,target2_close50_linear29p5,34,nominal,528,"13,4,10","185,251,303","109,75,93",False,1,missing_target0_target1,True,True,False,1.2523311526517453,-0.15555555555555556,-0.1,0.8967755970961899
depth1_slot2,1.0,2.0,target2_close50_linear29p5|seed34|source_mismatch,target2_close50_linear29p5,34,source_mismatch,267,"15,3,12","185,248,296","78,96,100",False,1,missing_target0_target2,True,False,True,1.08355018670165,-0.022222222222222223,-0.12222222222222222,0.8168835200349833
depth1_slot4,1.0,4.0,target2_close14|seed13|nominal,target2_close14,13,nominal,74,"14,6,1","186,249,265","77,93,85",False,2,missing_target0,True,False,False,1.2332032115306153,-0.03333333333333333,-0.06666666666666667,0.9332032115306153
depth1_slot4,1.0,4.0,target2_close14|seed13|source_mismatch,target2_close14,13,source_mismatch,24,"9,3,1","188,250,264","85,78,81",False,1,missing_target1_target2,False,True,True,1.221253970479529,-0.022222222222222223,-0.022222222222222223,1.1101428593684182
depth1_slot4,1.0,4.0,target2_close14|seed21|nominal,target2_close14,21,nominal,59,"13,5,1","191,251,266","86,78,91",False,2,missing_target1,False,True,False,1.332977592849972,-0.022222222222222223,-0.044444444444444446,1.1329775928499721
depth1_slot4,1.0,4.0,target2_close14|seed21|source_mismatch,target2_close14,21,source_mismatch,27,"12,3,1","190,248,263","95,86,81",False,2,missing_target2,False,False,True,1.2246870048037362,-0.0,-0.03333333333333333,1.0913536714704029
depth1_slot4,1.0,4.0,target2_close14|seed34|nominal,target2_close14,34,nominal,363,"14,6,3","190,249,262","85,77,78",False,1,missing_target1_target2,False,True,True,1.2424199218992804,-0.05555555555555556,-0.03333333333333333,1.0535310330103915
depth1_slot4,1.0,4.0,target2_close14|seed34|source_mismatch,target2_close14,34,source_mismatch,331,"11,4,3","190,249,263","75,77,75",False,0,missing_target0_target1_target2,True,True,True,1.3084624254548733,-0.14444444444444446,-0.022222222222222223,1.0751290921215402
depth1_slot4,1.0,4.0,target2_close50_linear29p5|seed13|nominal,target2_close50_linear29p5,13,nominal,259,"15,3,6","187,250,299","85,84,79",False,2,missing_target2,False,False,True,1.1533422245045524,-0.011111111111111112,-0.044444444444444446,0.9644533356156635
depth1_slot4,1.0,4.0,target2_close50_linear29p5|seed13|source_mismatch,target2_close50_linear29p5,13,source_mismatch,281,"9,3,10","187,253,300","102,100,75",False,0,missing_target0_target1_target2,True,True,True,1.0901950952547677,-0.07777777777777778,-0.06666666666666667,0.7457506508103233
depth1_slot4,1.0,4.0,target2_close50_linear29p5|seed21|nominal,target2_close50_linear29p5,21,nominal,134,"19,1,11","190,253,301","78,101,87",False,1,missing_target0_target1,True,True,False,1.172024129686864,-0.03333333333333333,-0.044444444444444446,0.9609130185757528
depth1_slot4,1.0,4.0,target2_close50_linear29p5|seed21|source_mismatch,target2_close50_linear29p5,21,source_mismatch,261,"12,2,9","188,253,303","97,93,91",True,3,all_truth,False,False,False,1.276066325911701,-0.0,-0.08888888888888889,0.9205107703561455
depth1_slot4,1.0,4.0,target2_close50_linear29p5|seed34|nominal,target2_close50_linear29p5,34,nominal,528,"13,4,10","185,251,303","109,75,93",False,1,missing_target0_target1,True,True,False,1.2523311526517453,-0.15555555555555556,-0.1,0.6967755970961899
depth1_slot4,1.0,4.0,target2_close50_linear29p5|seed34|source_mismatch,target2_close50_linear29p5,34,source_mismatch,267,"15,3,12","185,248,296","78,96,100",False,1,missing_target0_target2,True,False,True,1.08355018670165,-0.022222222222222223,-0.12222222222222222,0.5724390755905389
depth1_slot8,1.0,8.0,target2_close14|seed13|nominal,target2_close14,13,nominal,60,"14,5,1","186,250,265","77,81,85",False,1,missing_target0_target1,True,True,False,1.1595612307826553,-0.03333333333333333,-0.05555555555555555,0.6817834530048774
depth1_slot8,1.0,8.0,target2_close14|seed13|source_mismatch,target2_close14,13,source_mismatch,24,"9,3,1","188,250,264","85,78,81",False,1,missing_target1_target2,False,True,True,1.221253970479529,-0.022222222222222223,-0.022222222222222223,1.0212539704795291
depth1_slot8,1.0,8.0,target2_close14|seed21|nominal,target2_close14,21,nominal,251,"13,8,2","191,250,263","86,100,82",False,2,missing_target1,False,True,False,1.2152319766619175,-0.0,-0.022222222222222223,1.0374541988841397
depth1_slot8,1.0,8.0,target2_close14|seed21|source_mismatch,target2_close14,21,source_mismatch,27,"12,3,1","190,248,263","95,86,81",False,2,missing_target2,False,False,True,1.2246870048037362,-0.0,-0.03333333333333333,0.9580203381370695
depth1_slot8,1.0,8.0,target2_close14|seed34|nominal,target2_close14,34,nominal,363,"14,6,3","190,249,262","85,77,78",False,1,missing_target1_target2,False,True,True,1.2424199218992804,-0.05555555555555556,-0.03333333333333333,0.9201976996770582
depth1_slot8,1.0,8.0,target2_close14|seed34|source_mismatch,target2_close14,34,source_mismatch,331,"11,4,3","190,249,263","75,77,75",False,0,missing_target0_target1_target2,True,True,True,1.3084624254548733,-0.14444444444444446,-0.022222222222222223,0.9862402032326512
depth1_slot8,1.0,8.0,target2_close50_linear29p5|seed13|nominal,target2_close50_linear29p5,13,nominal,260,"16,3,6","190,250,299","75,84,79",False,1,missing_target0_target2,True,False,True,0.9832939548180162,-0.06666666666666667,-0.011111111111111112,0.8277383992624606
depth1_slot8,1.0,8.0,target2_close50_linear29p5|seed13|source_mismatch,target2_close50_linear29p5,13,source_mismatch,281,"9,3,10","187,253,300","102,100,75",False,0,missing_target0_target1_target2,True,True,True,1.0901950952547677,-0.07777777777777778,-0.06666666666666667,0.4790839841436566
depth1_slot8,1.0,8.0,target2_close50_linear29p5|seed21|nominal,target2_close50_linear29p5,21,nominal,134,"19,1,11","190,253,301","78,101,87",False,1,missing_target0_target1,True,True,False,1.172024129686864,-0.03333333333333333,-0.044444444444444446,0.783135240797975
depth1_slot8,1.0,8.0,target2_close50_linear29p5|seed21|source_mismatch,target2_close50_linear29p5,21,source_mismatch,108,"12,1,9","188,252,303","97,82,91",True,3,all_truth,False,False,False,1.2194790886286926,-0.0,-0.07777777777777778,0.5972568664064704
depth1_slot8,1.0,8.0,target2_close50_linear29p5|seed34|nominal,target2_close50_linear29p5,34,nominal,528,"13,4,10","185,251,303","109,75,93",False,1,missing_target0_target1,True,True,False,1.2523311526517453,-0.15555555555555556,-0.1,0.29677559709618984
depth1_slot8,1.0,8.0,target2_close50_linear29p5|seed34|source_mismatch,target2_close50_linear29p5,34,source_mismatch,98,"15,1,12","185,250,296","78,84,100",False,1,missing_target0_target2,True,False,True,0.9631042602142118,-0.022222222222222223,-0.1,0.1408820379919895
depth2_slot0,2.0,0.0,target2_close14|seed13|nominal,target2_close14,13,nominal,73,"13,6,1","185,249,265","97,93,85",True,3,all_truth,False,False,False,1.1981187134575308,-0.0,-0.07777777777777778,1.1981187134575308
depth2_slot0,2.0,0.0,target2_close14|seed13|source_mismatch,target2_close14,13,source_mismatch,177,"9,3,2","188,250,266","85,78,90",False,2,missing_target1,False,True,False,1.264052316533106,-0.022222222222222223,-0.044444444444444446,1.2196078720886614
depth2_slot0,2.0,0.0,target2_close14|seed21|nominal,target2_close14,21,nominal,59,"13,5,1","191,251,266","86,78,91",False,2,missing_target1,False,True,False,1.332977592849972,-0.022222222222222223,-0.044444444444444446,1.2885331484055276
depth2_slot0,2.0,0.0,target2_close14|seed21|source_mismatch,target2_close14,21,source_mismatch,5,"7,2,1","194,251,263","86,76,81",False,1,missing_target1_target2,False,True,True,1.3364136906184398,-0.044444444444444446,-0.06666666666666667,1.247524801729551
depth2_slot0,2.0,0.0,target2_close14|seed34|nominal,target2_close14,34,nominal,87,"14,7,1","190,248,260","85,89,87",True,3,all_truth,False,False,False,1.2524995625348008,-0.0,-0.06666666666666667,1.2524995625348008
depth2_slot0,2.0,0.0,target2_close14|seed34|source_mismatch,target2_close14,34,source_mismatch,56,"10,5,1","188,247,261","83,85,83",True,3,all_truth,False,False,False,1.322280338932385,-0.0,-0.08888888888888889,1.322280338932385
depth2_slot0,2.0,0.0,target2_close50_linear29p5|seed13|nominal,target2_close50_linear29p5,13,nominal,259,"15,3,6","187,250,299","85,84,79",False,2,missing_target2,False,False,True,1.1533422245045524,-0.011111111111111112,-0.044444444444444446,1.1311200022823302
depth2_slot0,2.0,0.0,target2_close50_linear29p5|seed13|source_mismatch,target2_close50_linear29p5,13,source_mismatch,282,"9,3,11","187,253,305","102,100,90",False,1,missing_target0_target1,True,True,False,1.196491307261035,-0.022222222222222223,-0.12222222222222222,1.1520468628165905
depth2_slot0,2.0,0.0,target2_close50_linear29p5|seed21|nominal,target2_close50_linear29p5,21,nominal,133,"18,1,11","188,253,301","97,101,87",False,2,missing_target1,False,True,False,1.1541508529728963,-0.011111111111111112,-0.06666666666666667,1.1319286307506742
depth2_slot0,2.0,0.0,target2_close50_linear29p5|seed21|source_mismatch,target2_close50_linear29p5,21,source_mismatch,261,"12,2,9","188,253,303","97,93,91",True,3,all_truth,False,False,False,1.276066325911701,-0.0,-0.08888888888888889,1.276066325911701
depth2_slot0,2.0,0.0,target2_close50_linear29p5|seed34|nominal,target2_close50_linear29p5,34,nominal,531,"16,4,10","183,251,303","97,75,93",False,2,missing_target1,False,True,False,1.1807327734461164,-0.05555555555555555,-0.12222222222222222,1.0696216623350052
depth2_slot0,2.0,0.0,target2_close50_linear29p5|seed34|source_mismatch,target2_close50_linear29p5,34,source_mismatch,265,"13,3,12","182,248,296","89,96,100",False,2,missing_target2,False,False,True,1.0511743290825373,-0.0,-0.15555555555555556,1.0511743290825373
depth2_slot0.1,2.0,0.1,target2_close14|seed13|nominal,target2_close14,13,nominal,73,"13,6,1","185,249,265","97,93,85",True,3,all_truth,False,False,False,1.1981187134575308,-0.0,-0.07777777777777778,1.190340935679753
depth2_slot0.1,2.0,0.1,target2_close14|seed13|source_mismatch,target2_close14,13,source_mismatch,177,"9,3,2","188,250,266","85,78,90",False,2,missing_target1,False,True,False,1.264052316533106,-0.022222222222222223,-0.044444444444444446,1.215163427644217
depth2_slot0.1,2.0,0.1,target2_close14|seed21|nominal,target2_close14,21,nominal,59,"13,5,1","191,251,266","86,78,91",False,2,missing_target1,False,True,False,1.332977592849972,-0.022222222222222223,-0.044444444444444446,1.284088703961083
depth2_slot0.1,2.0,0.1,target2_close14|seed21|source_mismatch,target2_close14,21,source_mismatch,5,"7,2,1","194,251,263","86,76,81",False,1,missing_target1_target2,False,True,True,1.3364136906184398,-0.044444444444444446,-0.06666666666666667,1.2408581350628844
depth2_slot0.1,2.0,0.1,target2_close14|seed34|nominal,target2_close14,34,nominal,87,"14,7,1","190,248,260","85,89,87",True,3,all_truth,False,False,False,1.2524995625348008,-0.0,-0.06666666666666667,1.2458328958681342
depth2_slot0.1,2.0,0.1,target2_close14|seed34|source_mismatch,target2_close14,34,source_mismatch,56,"10,5,1","188,247,261","83,85,83",True,3,all_truth,False,False,False,1.322280338932385,-0.0,-0.08888888888888889,1.313391450043496
depth2_slot0.1,2.0,0.1,target2_close50_linear29p5|seed13|nominal,target2_close50_linear29p5,13,nominal,259,"15,3,6","187,250,299","85,84,79",False,2,missing_target2,False,False,True,1.1533422245045524,-0.011111111111111112,-0.044444444444444446,1.1266755578378858
depth2_slot0.1,2.0,0.1,target2_close50_linear29p5|seed13|source_mismatch,target2_close50_linear29p5,13,source_mismatch,282,"9,3,11","187,253,305","102,100,90",False,1,missing_target0_target1,True,True,False,1.196491307261035,-0.022222222222222223,-0.12222222222222222,1.1398246405943684
depth2_slot0.1,2.0,0.1,target2_close50_linear29p5|seed21|nominal,target2_close50_linear29p5,21,nominal,133,"18,1,11","188,253,301","97,101,87",False,2,missing_target1,False,True,False,1.1541508529728963,-0.011111111111111112,-0.06666666666666667,1.1252619640840076
depth2_slot0.1,2.0,0.1,target2_close50_linear29p5|seed21|source_mismatch,target2_close50_linear29p5,21,source_mismatch,261,"12,2,9","188,253,303","97,93,91",True,3,all_truth,False,False,False,1.276066325911701,-0.0,-0.08888888888888889,1.2671774370228122
depth2_slot0.1,2.0,0.1,target2_close50_linear29p5|seed34|nominal,target2_close50_linear29p5,34,nominal,531,"16,4,10","183,251,303","97,75,93",False,2,missing_target1,False,True,False,1.1807327734461164,-0.05555555555555555,-0.12222222222222222,1.057399440112783
depth2_slot0.1,2.0,0.1,target2_close50_linear29p5|seed34|source_mismatch,target2_close50_linear29p5,34,source_mismatch,265,"13,3,12","182,248,296","89,96,100",False,2,missing_target2,False,False,True,1.0511743290825373,-0.0,-0.15555555555555556,1.0356187735269817
depth2_slot0.2,2.0,0.2,target2_close14|seed13|nominal,target2_close14,13,nominal,73,"13,6,1","185,249,265","97,93,85",True,3,all_truth,False,False,False,1.1981187134575308,-0.0,-0.07777777777777778,1.1825631579019753
depth2_slot0.2,2.0,0.2,target2_close14|seed13|source_mismatch,target2_close14,13,source_mismatch,177,"9,3,2","188,250,266","85,78,90",False,2,missing_target1,False,True,False,1.264052316533106,-0.022222222222222223,-0.044444444444444446,1.2107189831997724
depth2_slot0.2,2.0,0.2,target2_close14|seed21|nominal,target2_close14,21,nominal,59,"13,5,1","191,251,266","86,78,91",False,2,missing_target1,False,True,False,1.332977592849972,-0.022222222222222223,-0.044444444444444446,1.2796442595166386
depth2_slot0.2,2.0,0.2,target2_close14|seed21|source_mismatch,target2_close14,21,source_mismatch,5,"7,2,1","194,251,263","86,76,81",False,1,missing_target1_target2,False,True,True,1.3364136906184398,-0.044444444444444446,-0.06666666666666667,1.2341914683962176
depth2_slot0.2,2.0,0.2,target2_close14|seed34|nominal,target2_close14,34,nominal,87,"14,7,1","190,248,260","85,89,87",True,3,all_truth,False,False,False,1.2524995625348008,-0.0,-0.06666666666666667,1.2391662292014674
depth2_slot0.2,2.0,0.2,target2_close14|seed34|source_mismatch,target2_close14,34,source_mismatch,56,"10,5,1","188,247,261","83,85,83",True,3,all_truth,False,False,False,1.322280338932385,-0.0,-0.08888888888888889,1.3045025611546073
depth2_slot0.2,2.0,0.2,target2_close50_linear29p5|seed13|nominal,target2_close50_linear29p5,13,nominal,259,"15,3,6","187,250,299","85,84,79",False,2,missing_target2,False,False,True,1.1533422245045524,-0.011111111111111112,-0.044444444444444446,1.1222311133934413
depth2_slot0.2,2.0,0.2,target2_close50_linear29p5|seed13|source_mismatch,target2_close50_linear29p5,13,source_mismatch,282,"9,3,11","187,253,305","102,100,90",False,1,missing_target0_target1,True,True,False,1.196491307261035,-0.022222222222222223,-0.12222222222222222,1.127602418372146
depth2_slot0.2,2.0,0.2,target2_close50_linear29p5|seed21|nominal,target2_close50_linear29p5,21,nominal,133,"18,1,11","188,253,301","97,101,87",False,2,missing_target1,False,True,False,1.1541508529728963,-0.011111111111111112,-0.06666666666666667,1.1185952974173408
depth2_slot0.2,2.0,0.2,target2_close50_linear29p5|seed21|source_mismatch,target2_close50_linear29p5,21,source_mismatch,261,"12,2,9","188,253,303","97,93,91",True,3,all_truth,False,False,False,1.276066325911701,-0.0,-0.08888888888888889,1.2582885481339234
depth2_slot0.2,2.0,0.2,target2_close50_linear29p5|seed34|nominal,target2_close50_linear29p5,34,nominal,531,"16,4,10","183,251,303","97,75,93",False,2,missing_target1,False,True,False,1.1807327734461164,-0.05555555555555555,-0.12222222222222222,1.0451772178905607
depth2_slot0.2,2.0,0.2,target2_close50_linear29p5|seed34|source_mismatch,target2_close50_linear29p5,34,source_mismatch,265,"13,3,12","182,248,296","89,96,100",False,2,missing_target2,False,False,True,1.0511743290825373,-0.0,-0.15555555555555556,1.0200632179714262
depth2_slot0.5,2.0,0.5,target2_close14|seed13|nominal,target2_close14,13,nominal,73,"13,6,1","185,249,265","97,93,85",True,3,all_truth,False,False,False,1.1981187134575308,-0.0,-0.07777777777777778,1.1592298245686419
depth2_slot0.5,2.0,0.5,target2_close14|seed13|source_mismatch,target2_close14,13,source_mismatch,177,"9,3,2","188,250,266","85,78,90",False,2,missing_target1,False,True,False,1.264052316533106,-0.022222222222222223,-0.044444444444444446,1.1973856498664393
depth2_slot0.5,2.0,0.5,target2_close14|seed21|nominal,target2_close14,21,nominal,59,"13,5,1","191,251,266","86,78,91",False,2,missing_target1,False,True,False,1.332977592849972,-0.022222222222222223,-0.044444444444444446,1.2663109261833054
depth2_slot0.5,2.0,0.5,target2_close14|seed21|source_mismatch,target2_close14,21,source_mismatch,5,"7,2,1","194,251,263","86,76,81",False,1,missing_target1_target2,False,True,True,1.3364136906184398,-0.044444444444444446,-0.06666666666666667,1.2141914683962176
depth2_slot0.5,2.0,0.5,target2_close14|seed34|nominal,target2_close14,34,nominal,87,"14,7,1","190,248,260","85,89,87",True,3,all_truth,False,False,False,1.2524995625348008,-0.0,-0.06666666666666667,1.2191662292014673
depth2_slot0.5,2.0,0.5,target2_close14|seed34|source_mismatch,target2_close14,34,source_mismatch,56,"10,5,1","188,247,261","83,85,83",True,3,all_truth,False,False,False,1.322280338932385,-0.0,-0.08888888888888889,1.2778358944879404
depth2_slot0.5,2.0,0.5,target2_close50_linear29p5|seed13|nominal,target2_close50_linear29p5,13,nominal,259,"15,3,6","187,250,299","85,84,79",False,2,missing_target2,False,False,True,1.1533422245045524,-0.011111111111111112,-0.044444444444444446,1.108897780060108
depth2_slot0.5,2.0,0.5,target2_close50_linear29p5|seed13|source_mismatch,target2_close50_linear29p5,13,source_mismatch,282,"9,3,11","187,253,305","102,100,90",False,1,missing_target0_target1,True,True,False,1.196491307261035,-0.022222222222222223,-0.12222222222222222,1.0909357517054794
depth2_slot0.5,2.0,0.5,target2_close50_linear29p5|seed21|nominal,target2_close50_linear29p5,21,nominal,133,"18,1,11","188,253,301","97,101,87",False,2,missing_target1,False,True,False,1.1541508529728963,-0.011111111111111112,-0.06666666666666667,1.0985952974173407
depth2_slot0.5,2.0,0.5,target2_close50_linear29p5|seed21|source_mismatch,target2_close50_linear29p5,21,source_mismatch,261,"12,2,9","188,253,303","97,93,91",True,3,all_truth,False,False,False,1.276066325911701,-0.0,-0.08888888888888889,1.2316218814672566
depth2_slot0.5,2.0,0.5,target2_close50_linear29p5|seed34|nominal,target2_close50_linear29p5,34,nominal,531,"16,4,10","183,251,303","97,75,93",False,2,missing_target1,False,True,False,1.1807327734461164,-0.05555555555555555,-0.12222222222222222,1.008510551223894
depth2_slot0.5,2.0,0.5,target2_close50_linear29p5|seed34|source_mismatch,target2_close50_linear29p5,34,source_mismatch,267,"15,3,12","185,248,296","78,96,100",False,1,missing_target0_target2,True,False,True,1.08355018670165,-0.022222222222222223,-0.12222222222222222,0.9779946311460943
depth2_slot1,2.0,1.0,target2_close14|seed13|nominal,target2_close14,13,nominal,73,"13,6,1","185,249,265","97,93,85",True,3,all_truth,False,False,False,1.1981187134575308,-0.0,-0.07777777777777778,1.1203409356797531
depth2_slot1,2.0,1.0,target2_close14|seed13|source_mismatch,target2_close14,13,source_mismatch,177,"9,3,2","188,250,266","85,78,90",False,2,missing_target1,False,True,False,1.264052316533106,-0.022222222222222223,-0.044444444444444446,1.1751634276442169
depth2_slot1,2.0,1.0,target2_close14|seed21|nominal,target2_close14,21,nominal,59,"13,5,1","191,251,266","86,78,91",False,2,missing_target1,False,True,False,1.332977592849972,-0.022222222222222223,-0.044444444444444446,1.244088703961083
depth2_slot1,2.0,1.0,target2_close14|seed21|source_mismatch,target2_close14,21,source_mismatch,27,"12,3,1","190,248,263","95,86,81",False,2,missing_target2,False,False,True,1.2246870048037362,-0.0,-0.03333333333333333,1.1913536714704027
depth2_slot1,2.0,1.0,target2_close14|seed34|nominal,target2_close14,34,nominal,87,"14,7,1","190,248,260","85,89,87",True,3,all_truth,False,False,False,1.2524995625348008,-0.0,-0.06666666666666667,1.1858328958681341
depth2_slot1,2.0,1.0,target2_close14|seed34|source_mismatch,target2_close14,34,source_mismatch,56,"10,5,1","188,247,261","83,85,83",True,3,all_truth,False,False,False,1.322280338932385,-0.0,-0.08888888888888889,1.2333914500434962
depth2_slot1,2.0,1.0,target2_close50_linear29p5|seed13|nominal,target2_close50_linear29p5,13,nominal,259,"15,3,6","187,250,299","85,84,79",False,2,missing_target2,False,False,True,1.1533422245045524,-0.011111111111111112,-0.044444444444444446,1.0866755578378857
depth2_slot1,2.0,1.0,target2_close50_linear29p5|seed13|source_mismatch,target2_close50_linear29p5,13,source_mismatch,282,"9,3,11","187,253,305","102,100,90",False,1,missing_target0_target1,True,True,False,1.196491307261035,-0.022222222222222223,-0.12222222222222222,1.0298246405943683
depth2_slot1,2.0,1.0,target2_close50_linear29p5|seed21|nominal,target2_close50_linear29p5,21,nominal,133,"18,1,11","188,253,301","97,101,87",False,2,missing_target1,False,True,False,1.1541508529728963,-0.011111111111111112,-0.06666666666666667,1.0652619640840075
depth2_slot1,2.0,1.0,target2_close50_linear29p5|seed21|source_mismatch,target2_close50_linear29p5,21,source_mismatch,261,"12,2,9","188,253,303","97,93,91",True,3,all_truth,False,False,False,1.276066325911701,-0.0,-0.08888888888888889,1.1871774370228123
depth2_slot1,2.0,1.0,target2_close50_linear29p5|seed34|nominal,target2_close50_linear29p5,34,nominal,531,"16,4,10","183,251,303","97,75,93",False,2,missing_target1,False,True,False,1.1807327734461164,-0.05555555555555555,-0.12222222222222222,0.947399440112783
depth2_slot1,2.0,1.0,target2_close50_linear29p5|seed34|source_mismatch,target2_close50_linear29p5,34,source_mismatch,267,"15,3,12","185,248,296","78,96,100",False,1,missing_target0_target2,True,False,True,1.08355018670165,-0.022222222222222223,-0.12222222222222222,0.9168835200349832
depth2_slot2,2.0,2.0,target2_close14|seed13|nominal,target2_close14,13,nominal,73,"13,6,1","185,249,265","97,93,85",True,3,all_truth,False,False,False,1.1981187134575308,-0.0,-0.07777777777777778,1.0425631579019754
depth2_slot2,2.0,2.0,target2_close14|seed13|source_mismatch,target2_close14,13,source_mismatch,24,"9,3,1","188,250,264","85,78,81",False,1,missing_target1_target2,False,True,True,1.221253970479529,-0.022222222222222223,-0.022222222222222223,1.13236508159064
depth2_slot2,2.0,2.0,target2_close14|seed21|nominal,target2_close14,21,nominal,59,"13,5,1","191,251,266","86,78,91",False,2,missing_target1,False,True,False,1.332977592849972,-0.022222222222222223,-0.044444444444444446,1.1996442595166388
depth2_slot2,2.0,2.0,target2_close14|seed21|source_mismatch,target2_close14,21,source_mismatch,27,"12,3,1","190,248,263","95,86,81",False,2,missing_target2,False,False,True,1.2246870048037362,-0.0,-0.03333333333333333,1.1580203381370695
depth2_slot2,2.0,2.0,target2_close14|seed34|nominal,target2_close14,34,nominal,87,"14,7,1","190,248,260","85,89,87",True,3,all_truth,False,False,False,1.2524995625348008,-0.0,-0.06666666666666667,1.1191662292014675
depth2_slot2,2.0,2.0,target2_close14|seed34|source_mismatch,target2_close14,34,source_mismatch,56,"10,5,1","188,247,261","83,85,83",True,3,all_truth,False,False,False,1.322280338932385,-0.0,-0.08888888888888889,1.1445025611546071
depth2_slot2,2.0,2.0,target2_close50_linear29p5|seed13|nominal,target2_close50_linear29p5,13,nominal,259,"15,3,6","187,250,299","85,84,79",False,2,missing_target2,False,False,True,1.1533422245045524,-0.011111111111111112,-0.044444444444444446,1.0422311133934414
depth2_slot2,2.0,2.0,target2_close50_linear29p5|seed13|source_mismatch,target2_close50_linear29p5,13,source_mismatch,282,"9,3,11","187,253,305","102,100,90",False,1,missing_target0_target1,True,True,False,1.196491307261035,-0.022222222222222223,-0.12222222222222222,0.9076024183721461
depth2_slot2,2.0,2.0,target2_close50_linear29p5|seed21|nominal,target2_close50_linear29p5,21,nominal,134,"19,1,11","190,253,301","78,101,87",False,1,missing_target0_target1,True,True,False,1.172024129686864,-0.03333333333333333,-0.044444444444444446,1.0164685741313086
depth2_slot2,2.0,2.0,target2_close50_linear29p5|seed21|source_mismatch,target2_close50_linear29p5,21,source_mismatch,261,"12,2,9","188,253,303","97,93,91",True,3,all_truth,False,False,False,1.276066325911701,-0.0,-0.08888888888888889,1.0982885481339233
depth2_slot2,2.0,2.0,target2_close50_linear29p5|seed34|nominal,target2_close50_linear29p5,34,nominal,531,"16,4,10","183,251,303","97,75,93",False,2,missing_target1,False,True,False,1.1807327734461164,-0.05555555555555555,-0.12222222222222222,0.8251772178905608
depth2_slot2,2.0,2.0,target2_close50_linear29p5|seed34|source_mismatch,target2_close50_linear29p5,34,source_mismatch,267,"15,3,12","185,248,296","78,96,100",False,1,missing_target0_target2,True,False,True,1.08355018670165,-0.022222222222222223,-0.12222222222222222,0.794661297812761
depth2_slot4,2.0,4.0,target2_close14|seed13|nominal,target2_close14,13,nominal,74,"14,6,1","186,249,265","77,93,85",False,2,missing_target0,True,False,False,1.2332032115306153,-0.03333333333333333,-0.06666666666666667,0.899869878197282
depth2_slot4,2.0,4.0,target2_close14|seed13|source_mismatch,target2_close14,13,source_mismatch,24,"9,3,1","188,250,264","85,78,81",False,1,missing_target1_target2,False,True,True,1.221253970479529,-0.022222222222222223,-0.022222222222222223,1.0879206371461958
depth2_slot4,2.0,4.0,target2_close14|seed21|nominal,target2_close14,21,nominal,251,"13,8,2","191,250,263","86,100,82",False,2,missing_target1,False,True,False,1.2152319766619175,-0.0,-0.022222222222222223,1.1263430877730287
depth2_slot4,2.0,4.0,target2_close14|seed21|source_mismatch,target2_close14,21,source_mismatch,27,"12,3,1","190,248,263","95,86,81",False,2,missing_target2,False,False,True,1.2246870048037362,-0.0,-0.03333333333333333,1.0913536714704029
depth2_slot4,2.0,4.0,target2_close14|seed34|nominal,target2_close14,34,nominal,376,"14,7,3","190,248,262","85,89,78",False,2,missing_target2,False,False,True,1.2411780554916962,-0.022222222222222223,-0.044444444444444446,1.018955833269474
depth2_slot4,2.0,4.0,target2_close14|seed34|source_mismatch,target2_close14,34,source_mismatch,56,"10,5,1","188,247,261","83,85,83",True,3,all_truth,False,False,False,1.322280338932385,-0.0,-0.08888888888888889,0.9667247833768293
depth2_slot4,2.0,4.0,target2_close50_linear29p5|seed13|nominal,target2_close50_linear29p5,13,nominal,259,"15,3,6","187,250,299","85,84,79",False,2,missing_target2,False,False,True,1.1533422245045524,-0.011111111111111112,-0.044444444444444446,0.9533422245045524
depth2_slot4,2.0,4.0,target2_close50_linear29p5|seed13|source_mismatch,target2_close50_linear29p5,13,source_mismatch,285,"9,3,14","187,253,303","102,100,101",False,0,missing_target0_target1_target2,True,True,True,1.1478064987257899,-0.03333333333333333,-0.1,0.6811398320591232
depth2_slot4,2.0,4.0,target2_close50_linear29p5|seed21|nominal,target2_close50_linear29p5,21,nominal,134,"19,1,11","190,253,301","78,101,87",False,1,missing_target0_target1,True,True,False,1.172024129686864,-0.03333333333333333,-0.044444444444444446,0.9275796852424196
depth2_slot4,2.0,4.0,target2_close50_linear29p5|seed21|source_mismatch,target2_close50_linear29p5,21,source_mismatch,261,"12,2,9","188,253,303","97,93,91",True,3,all_truth,False,False,False,1.276066325911701,-0.0,-0.08888888888888889,0.9205107703561455
depth2_slot4,2.0,4.0,target2_close50_linear29p5|seed34|nominal,target2_close50_linear29p5,34,nominal,531,"16,4,10","183,251,303","97,75,93",False,2,missing_target1,False,True,False,1.1807327734461164,-0.05555555555555555,-0.12222222222222222,0.5807327734461163
depth2_slot4,2.0,4.0,target2_close50_linear29p5|seed34|source_mismatch,target2_close50_linear29p5,34,source_mismatch,267,"15,3,12","185,248,296","78,96,100",False,1,missing_target0_target2,True,False,True,1.08355018670165,-0.022222222222222223,-0.12222222222222222,0.5502168533683165
depth2_slot8,2.0,8.0,target2_close14|seed13|nominal,target2_close14,13,nominal,60,"14,5,1","186,250,265","77,81,85",False,1,missing_target0_target1,True,True,False,1.1595612307826553,-0.03333333333333333,-0.05555555555555555,0.6484501196715442
depth2_slot8,2.0,8.0,target2_close14|seed13|source_mismatch,target2_close14,13,source_mismatch,24,"9,3,1","188,250,264","85,78,81",False,1,missing_target1_target2,False,True,True,1.221253970479529,-0.022222222222222223,-0.022222222222222223,0.9990317482573068
depth2_slot8,2.0,8.0,target2_close14|seed21|nominal,target2_close14,21,nominal,251,"13,8,2","191,250,263","86,100,82",False,2,missing_target1,False,True,False,1.2152319766619175,-0.0,-0.022222222222222223,1.0374541988841397
depth2_slot8,2.0,8.0,target2_close14|seed21|source_mismatch,target2_close14,21,source_mismatch,27,"12,3,1","190,248,263","95,86,81",False,2,missing_target2,False,False,True,1.2246870048037362,-0.0,-0.03333333333333333,0.9580203381370695
depth2_slot8,2.0,8.0,target2_close14|seed34|nominal,target2_close14,34,nominal,363,"14,6,3","190,249,262","85,77,78",False,1,missing_target1_target2,False,True,True,1.2424199218992804,-0.05555555555555556,-0.03333333333333333,0.8646421441215026
depth2_slot8,2.0,8.0,target2_close14|seed34|source_mismatch,target2_close14,34,source_mismatch,331,"11,4,3","190,249,263","75,77,75",False,0,missing_target0_target1_target2,True,True,True,1.3084624254548733,-0.14444444444444446,-0.022222222222222223,0.8417957587882066
depth2_slot8,2.0,8.0,target2_close50_linear29p5|seed13|nominal,target2_close50_linear29p5,13,nominal,259,"15,3,6","187,250,299","85,84,79",False,2,missing_target2,False,False,True,1.1533422245045524,-0.011111111111111112,-0.044444444444444446,0.7755644467267746
depth2_slot8,2.0,8.0,target2_close50_linear29p5|seed13|source_mismatch,target2_close50_linear29p5,13,source_mismatch,281,"9,3,10","187,253,300","102,100,75",False,0,missing_target0_target1_target2,True,True,True,1.0901950952547677,-0.07777777777777778,-0.06666666666666667,0.40130620636587877
depth2_slot8,2.0,8.0,target2_close50_linear29p5|seed21|nominal,target2_close50_linear29p5,21,nominal,134,"19,1,11","190,253,301","78,101,87",False,1,missing_target0_target1,True,True,False,1.172024129686864,-0.03333333333333333,-0.044444444444444446,0.7498019074646418
depth2_slot8,2.0,8.0,target2_close50_linear29p5|seed21|source_mismatch,target2_close50_linear29p5,21,source_mismatch,108,"12,1,9","188,252,303","97,82,91",True,3,all_truth,False,False,False,1.2194790886286926,-0.0,-0.07777777777777778,0.5972568664064704
depth2_slot8,2.0,8.0,target2_close50_linear29p5|seed34|nominal,target2_close50_linear29p5,34,nominal,528,"13,4,10","185,251,303","109,75,93",False,1,missing_target0_target1,True,True,False,1.2523311526517453,-0.15555555555555556,-0.1,0.14122004154063417
depth2_slot8,2.0,8.0,target2_close50_linear29p5|seed34|source_mismatch,target2_close50_linear29p5,34,source_mismatch,98,"15,1,12","185,250,296","78,84,100",False,1,missing_target0_target2,True,False,True,0.9631042602142118,-0.022222222222222223,-0.1,0.11865981576976736
depth4_slot0,4.0,0.0,target2_close14|seed13|nominal,target2_close14,13,nominal,73,"13,6,1","185,249,265","97,93,85",True,3,all_truth,False,False,False,1.1981187134575308,-0.0,-0.07777777777777778,1.1981187134575308
depth4_slot0,4.0,0.0,target2_close14|seed13|source_mismatch,target2_close14,13,source_mismatch,177,"9,3,2","188,250,266","85,78,90",False,2,missing_target1,False,True,False,1.264052316533106,-0.022222222222222223,-0.044444444444444446,1.175163427644217
depth4_slot0,4.0,0.0,target2_close14|seed21|nominal,target2_close14,21,nominal,59,"13,5,1","191,251,266","86,78,91",False,2,missing_target1,False,True,False,1.332977592849972,-0.022222222222222223,-0.044444444444444446,1.2440887039610833
depth4_slot0,4.0,0.0,target2_close14|seed21|source_mismatch,target2_close14,21,source_mismatch,27,"12,3,1","190,248,263","95,86,81",False,2,missing_target2,False,False,True,1.2246870048037362,-0.0,-0.03333333333333333,1.2246870048037362
depth4_slot0,4.0,0.0,target2_close14|seed34|nominal,target2_close14,34,nominal,87,"14,7,1","190,248,260","85,89,87",True,3,all_truth,False,False,False,1.2524995625348008,-0.0,-0.06666666666666667,1.2524995625348008
depth4_slot0,4.0,0.0,target2_close14|seed34|source_mismatch,target2_close14,34,source_mismatch,56,"10,5,1","188,247,261","83,85,83",True,3,all_truth,False,False,False,1.322280338932385,-0.0,-0.08888888888888889,1.322280338932385
depth4_slot0,4.0,0.0,target2_close50_linear29p5|seed13|nominal,target2_close50_linear29p5,13,nominal,259,"15,3,6","187,250,299","85,84,79",False,2,missing_target2,False,False,True,1.1533422245045524,-0.011111111111111112,-0.044444444444444446,1.1088977800601079
depth4_slot0,4.0,0.0,target2_close50_linear29p5|seed13|source_mismatch,target2_close50_linear29p5,13,source_mismatch,282,"9,3,11","187,253,305","102,100,90",False,1,missing_target0_target1,True,True,False,1.196491307261035,-0.022222222222222223,-0.12222222222222222,1.1076024183721462
depth4_slot0,4.0,0.0,target2_close50_linear29p5|seed21|nominal,target2_close50_linear29p5,21,nominal,133,"18,1,11","188,253,301","97,101,87",False,2,missing_target1,False,True,False,1.1541508529728963,-0.011111111111111112,-0.06666666666666667,1.1097064085284518
depth4_slot0,4.0,0.0,target2_close50_linear29p5|seed21|source_mismatch,target2_close50_linear29p5,21,source_mismatch,261,"12,2,9","188,253,303","97,93,91",True,3,all_truth,False,False,False,1.276066325911701,-0.0,-0.08888888888888889,1.276066325911701
depth4_slot0,4.0,0.0,target2_close50_linear29p5|seed34|nominal,target2_close50_linear29p5,34,nominal,531,"16,4,10","183,251,303","97,75,93",False,2,missing_target1,False,True,False,1.1807327734461164,-0.05555555555555555,-0.12222222222222222,0.9585105512238942
depth4_slot0,4.0,0.0,target2_close50_linear29p5|seed34|source_mismatch,target2_close50_linear29p5,34,source_mismatch,265,"13,3,12","182,248,296","89,96,100",False,2,missing_target2,False,False,True,1.0511743290825373,-0.0,-0.15555555555555556,1.0511743290825373
depth4_slot0.1,4.0,0.1,target2_close14|seed13|nominal,target2_close14,13,nominal,73,"13,6,1","185,249,265","97,93,85",True,3,all_truth,False,False,False,1.1981187134575308,-0.0,-0.07777777777777778,1.190340935679753
depth4_slot0.1,4.0,0.1,target2_close14|seed13|source_mismatch,target2_close14,13,source_mismatch,177,"9,3,2","188,250,266","85,78,90",False,2,missing_target1,False,True,False,1.264052316533106,-0.022222222222222223,-0.044444444444444446,1.1707189831997726
depth4_slot0.1,4.0,0.1,target2_close14|seed21|nominal,target2_close14,21,nominal,59,"13,5,1","191,251,266","86,78,91",False,2,missing_target1,False,True,False,1.332977592849972,-0.022222222222222223,-0.044444444444444446,1.2396442595166388
depth4_slot0.1,4.0,0.1,target2_close14|seed21|source_mismatch,target2_close14,21,source_mismatch,27,"12,3,1","190,248,263","95,86,81",False,2,missing_target2,False,False,True,1.2246870048037362,-0.0,-0.03333333333333333,1.2213536714704027
depth4_slot0.1,4.0,0.1,target2_close14|seed34|nominal,target2_close14,34,nominal,87,"14,7,1","190,248,260","85,89,87",True,3,all_truth,False,False,False,1.2524995625348008,-0.0,-0.06666666666666667,1.2458328958681342
depth4_slot0.1,4.0,0.1,target2_close14|seed34|source_mismatch,target2_close14,34,source_mismatch,56,"10,5,1","188,247,261","83,85,83",True,3,all_truth,False,False,False,1.322280338932385,-0.0,-0.08888888888888889,1.313391450043496
depth4_slot0.1,4.0,0.1,target2_close50_linear29p5|seed13|nominal,target2_close50_linear29p5,13,nominal,259,"15,3,6","187,250,299","85,84,79",False,2,missing_target2,False,False,True,1.1533422245045524,-0.011111111111111112,-0.044444444444444446,1.1044533356156634
depth4_slot0.1,4.0,0.1,target2_close50_linear29p5|seed13|source_mismatch,target2_close50_linear29p5,13,source_mismatch,282,"9,3,11","187,253,305","102,100,90",False,1,missing_target0_target1,True,True,False,1.196491307261035,-0.022222222222222223,-0.12222222222222222,1.095380196149924
depth4_slot0.1,4.0,0.1,target2_close50_linear29p5|seed21|nominal,target2_close50_linear29p5,21,nominal,133,"18,1,11","188,253,301","97,101,87",False,2,missing_target1,False,True,False,1.1541508529728963,-0.011111111111111112,-0.06666666666666667,1.1030397418617852
depth4_slot0.1,4.0,0.1,target2_close50_linear29p5|seed21|source_mismatch,target2_close50_linear29p5,21,source_mismatch,261,"12,2,9","188,253,303","97,93,91",True,3,all_truth,False,False,False,1.276066325911701,-0.0,-0.08888888888888889,1.2671774370228122
depth4_slot0.1,4.0,0.1,target2_close50_linear29p5|seed34|nominal,target2_close50_linear29p5,34,nominal,531,"16,4,10","183,251,303","97,75,93",False,2,missing_target1,False,True,False,1.1807327734461164,-0.05555555555555555,-0.12222222222222222,0.9462883290016719
depth4_slot0.1,4.0,0.1,target2_close50_linear29p5|seed34|source_mismatch,target2_close50_linear29p5,34,source_mismatch,265,"13,3,12","182,248,296","89,96,100",False,2,missing_target2,False,False,True,1.0511743290825373,-0.0,-0.15555555555555556,1.0356187735269817
depth4_slot0.2,4.0,0.2,target2_close14|seed13|nominal,target2_close14,13,nominal,73,"13,6,1","185,249,265","97,93,85",True,3,all_truth,False,False,False,1.1981187134575308,-0.0,-0.07777777777777778,1.1825631579019753
depth4_slot0.2,4.0,0.2,target2_close14|seed13|source_mismatch,target2_close14,13,source_mismatch,177,"9,3,2","188,250,266","85,78,90",False,2,missing_target1,False,True,False,1.264052316533106,-0.022222222222222223,-0.044444444444444446,1.1662745387553282
depth4_slot0.2,4.0,0.2,target2_close14|seed21|nominal,target2_close14,21,nominal,59,"13,5,1","191,251,266","86,78,91",False,2,missing_target1,False,True,False,1.332977592849972,-0.022222222222222223,-0.044444444444444446,1.2351998150721943
depth4_slot0.2,4.0,0.2,target2_close14|seed21|source_mismatch,target2_close14,21,source_mismatch,27,"12,3,1","190,248,263","95,86,81",False,2,missing_target2,False,False,True,1.2246870048037362,-0.0,-0.03333333333333333,1.2180203381370696
depth4_slot0.2,4.0,0.2,target2_close14|seed34|nominal,target2_close14,34,nominal,87,"14,7,1","190,248,260","85,89,87",True,3,all_truth,False,False,False,1.2524995625348008,-0.0,-0.06666666666666667,1.2391662292014674
depth4_slot0.2,4.0,0.2,target2_close14|seed34|source_mismatch,target2_close14,34,source_mismatch,56,"10,5,1","188,247,261","83,85,83",True,3,all_truth,False,False,False,1.322280338932385,-0.0,-0.08888888888888889,1.3045025611546073
depth4_slot0.2,4.0,0.2,target2_close50_linear29p5|seed13|nominal,target2_close50_linear29p5,13,nominal,259,"15,3,6","187,250,299","85,84,79",False,2,missing_target2,False,False,True,1.1533422245045524,-0.011111111111111112,-0.044444444444444446,1.100008891171219
depth4_slot0.2,4.0,0.2,target2_close50_linear29p5|seed13|source_mismatch,target2_close50_linear29p5,13,source_mismatch,282,"9,3,11","187,253,305","102,100,90",False,1,missing_target0_target1,True,True,False,1.196491307261035,-0.022222222222222223,-0.12222222222222222,1.0831579739277017
depth4_slot0.2,4.0,0.2,target2_close50_linear29p5|seed21|nominal,target2_close50_linear29p5,21,nominal,133,"18,1,11","188,253,301","97,101,87",False,2,missing_target1,False,True,False,1.1541508529728963,-0.011111111111111112,-0.06666666666666667,1.0963730751951184
depth4_slot0.2,4.0,0.2,target2_close50_linear29p5|seed21|source_mismatch,target2_close50_linear29p5,21,source_mismatch,261,"12,2,9","188,253,303","97,93,91",True,3,all_truth,False,False,False,1.276066325911701,-0.0,-0.08888888888888889,1.2582885481339234
depth4_slot0.2,4.0,0.2,target2_close50_linear29p5|seed34|nominal,target2_close50_linear29p5,34,nominal,531,"16,4,10","183,251,303","97,75,93",False,2,missing_target1,False,True,False,1.1807327734461164,-0.05555555555555555,-0.12222222222222222,0.9340661067794497
depth4_slot0.2,4.0,0.2,target2_close50_linear29p5|seed34|source_mismatch,target2_close50_linear29p5,34,source_mismatch,265,"13,3,12","182,248,296","89,96,100",False,2,missing_target2,False,False,True,1.0511743290825373,-0.0,-0.15555555555555556,1.0200632179714262
depth4_slot0.5,4.0,0.5,target2_close14|seed13|nominal,target2_close14,13,nominal,73,"13,6,1","185,249,265","97,93,85",True,3,all_truth,False,False,False,1.1981187134575308,-0.0,-0.07777777777777778,1.1592298245686419
depth4_slot0.5,4.0,0.5,target2_close14|seed13|source_mismatch,target2_close14,13,source_mismatch,177,"9,3,2","188,250,266","85,78,90",False,2,missing_target1,False,True,False,1.264052316533106,-0.022222222222222223,-0.044444444444444446,1.152941205421995
depth4_slot0.5,4.0,0.5,target2_close14|seed21|nominal,target2_close14,21,nominal,59,"13,5,1","191,251,266","86,78,91",False,2,missing_target1,False,True,False,1.332977592849972,-0.022222222222222223,-0.044444444444444446,1.2218664817388611
depth4_slot0.5,4.0,0.5,target2_close14|seed21|source_mismatch,target2_close14,21,source_mismatch,27,"12,3,1","190,248,263","95,86,81",False,2,missing_target2,False,False,True,1.2246870048037362,-0.0,-0.03333333333333333,1.2080203381370695
depth4_slot0.5,4.0,0.5,target2_close14|seed34|nominal,target2_close14,34,nominal,87,"14,7,1","190,248,260","85,89,87",True,3,all_truth,False,False,False,1.2524995625348008,-0.0,-0.06666666666666667,1.2191662292014673
depth4_slot0.5,4.0,0.5,target2_close14|seed34|source_mismatch,target2_close14,34,source_mismatch,56,"10,5,1","188,247,261","83,85,83",True,3,all_truth,False,False,False,1.322280338932385,-0.0,-0.08888888888888889,1.2778358944879404
depth4_slot0.5,4.0,0.5,target2_close50_linear29p5|seed13|nominal,target2_close50_linear29p5,13,nominal,259,"15,3,6","187,250,299","85,84,79",False,2,missing_target2,False,False,True,1.1533422245045524,-0.011111111111111112,-0.044444444444444446,1.0866755578378857
depth4_slot0.5,4.0,0.5,target2_close50_linear29p5|seed13|source_mismatch,target2_close50_linear29p5,13,source_mismatch,282,"9,3,11","187,253,305","102,100,90",False,1,missing_target0_target1,True,True,False,1.196491307261035,-0.022222222222222223,-0.12222222222222222,1.0464913072610351
depth4_slot0.5,4.0,0.5,target2_close50_linear29p5|seed21|nominal,target2_close50_linear29p5,21,nominal,133,"18,1,11","188,253,301","97,101,87",False,2,missing_target1,False,True,False,1.1541508529728963,-0.011111111111111112,-0.06666666666666667,1.0763730751951184
depth4_slot0.5,4.0,0.5,target2_close50_linear29p5|seed21|source_mismatch,target2_close50_linear29p5,21,source_mismatch,261,"12,2,9","188,253,303","97,93,91",True,3,all_truth,False,False,False,1.276066325911701,-0.0,-0.08888888888888889,1.2316218814672566
depth4_slot0.5,4.0,0.5,target2_close50_linear29p5|seed34|nominal,target2_close50_linear29p5,34,nominal,531,"16,4,10","183,251,303","97,75,93",False,2,missing_target1,False,True,False,1.1807327734461164,-0.05555555555555555,-0.12222222222222222,0.897399440112783
depth4_slot0.5,4.0,0.5,target2_close50_linear29p5|seed34|source_mismatch,target2_close50_linear29p5,34,source_mismatch,265,"13,3,12","182,248,296","89,96,100",False,2,missing_target2,False,False,True,1.0511743290825373,-0.0,-0.15555555555555556,0.9733965513047595
depth4_slot1,4.0,1.0,target2_close14|seed13|nominal,target2_close14,13,nominal,73,"13,6,1","185,249,265","97,93,85",True,3,all_truth,False,False,False,1.1981187134575308,-0.0,-0.07777777777777778,1.1203409356797531
depth4_slot1,4.0,1.0,target2_close14|seed13|source_mismatch,target2_close14,13,source_mismatch,177,"9,3,2","188,250,266","85,78,90",False,2,missing_target1,False,True,False,1.264052316533106,-0.022222222222222223,-0.044444444444444446,1.1307189831997726
depth4_slot1,4.0,1.0,target2_close14|seed21|nominal,target2_close14,21,nominal,59,"13,5,1","191,251,266","86,78,91",False,2,missing_target1,False,True,False,1.332977592849972,-0.022222222222222223,-0.044444444444444446,1.1996442595166388
depth4_slot1,4.0,1.0,target2_close14|seed21|source_mismatch,target2_close14,21,source_mismatch,27,"12,3,1","190,248,263","95,86,81",False,2,missing_target2,False,False,True,1.2246870048037362,-0.0,-0.03333333333333333,1.1913536714704027
depth4_slot1,4.0,1.0,target2_close14|seed34|nominal,target2_close14,34,nominal,87,"14,7,1","190,248,260","85,89,87",True,3,all_truth,False,False,False,1.2524995625348008,-0.0,-0.06666666666666667,1.1858328958681341
depth4_slot1,4.0,1.0,target2_close14|seed34|source_mismatch,target2_close14,34,source_mismatch,56,"10,5,1","188,247,261","83,85,83",True,3,all_truth,False,False,False,1.322280338932385,-0.0,-0.08888888888888889,1.2333914500434962
depth4_slot1,4.0,1.0,target2_close50_linear29p5|seed13|nominal,target2_close50_linear29p5,13,nominal,259,"15,3,6","187,250,299","85,84,79",False,2,missing_target2,False,False,True,1.1533422245045524,-0.011111111111111112,-0.044444444444444446,1.0644533356156634
depth4_slot1,4.0,1.0,target2_close50_linear29p5|seed13|source_mismatch,target2_close50_linear29p5,13,source_mismatch,282,"9,3,11","187,253,305","102,100,90",False,1,missing_target0_target1,True,True,False,1.196491307261035,-0.022222222222222223,-0.12222222222222222,0.985380196149924
depth4_slot1,4.0,1.0,target2_close50_linear29p5|seed21|nominal,target2_close50_linear29p5,21,nominal,133,"18,1,11","188,253,301","97,101,87",False,2,missing_target1,False,True,False,1.1541508529728963,-0.011111111111111112,-0.06666666666666667,1.0430397418617852
depth4_slot1,4.0,1.0,target2_close50_linear29p5|seed21|source_mismatch,target2_close50_linear29p5,21,source_mismatch,261,"12,2,9","188,253,303","97,93,91",True,3,all_truth,False,False,False,1.276066325911701,-0.0,-0.08888888888888889,1.1871774370228123
depth4_slot1,4.0,1.0,target2_close50_linear29p5|seed34|nominal,target2_close50_linear29p5,34,nominal,531,"16,4,10","183,251,303","97,75,93",False,2,missing_target1,False,True,False,1.1807327734461164,-0.05555555555555555,-0.12222222222222222,0.8362883290016719
depth4_slot1,4.0,1.0,target2_close50_linear29p5|seed34|source_mismatch,target2_close50_linear29p5,34,source_mismatch,265,"13,3,12","182,248,296","89,96,100",False,2,missing_target2,False,False,True,1.0511743290825373,-0.0,-0.15555555555555556,0.8956187735269817
depth4_slot2,4.0,2.0,target2_close14|seed13|nominal,target2_close14,13,nominal,73,"13,6,1","185,249,265","97,93,85",True,3,all_truth,False,False,False,1.1981187134575308,-0.0,-0.07777777777777778,1.0425631579019754
depth4_slot2,4.0,2.0,target2_close14|seed13|source_mismatch,target2_close14,13,source_mismatch,24,"9,3,1","188,250,264","85,78,81",False,1,missing_target1_target2,False,True,True,1.221253970479529,-0.022222222222222223,-0.022222222222222223,1.0879206371461958
depth4_slot2,4.0,2.0,target2_close14|seed21|nominal,target2_close14,21,nominal,251,"13,8,2","191,250,263","86,100,82",False,2,missing_target1,False,True,False,1.2152319766619175,-0.0,-0.022222222222222223,1.170787532217473
depth4_slot2,4.0,2.0,target2_close14|seed21|source_mismatch,target2_close14,21,source_mismatch,27,"12,3,1","190,248,263","95,86,81",False,2,missing_target2,False,False,True,1.2246870048037362,-0.0,-0.03333333333333333,1.1580203381370695
depth4_slot2,4.0,2.0,target2_close14|seed34|nominal,target2_close14,34,nominal,87,"14,7,1","190,248,260","85,89,87",True,3,all_truth,False,False,False,1.2524995625348008,-0.0,-0.06666666666666667,1.1191662292014675
depth4_slot2,4.0,2.0,target2_close14|seed34|source_mismatch,target2_close14,34,source_mismatch,56,"10,5,1","188,247,261","83,85,83",True,3,all_truth,False,False,False,1.322280338932385,-0.0,-0.08888888888888889,1.1445025611546071
depth4_slot2,4.0,2.0,target2_close50_linear29p5|seed13|nominal,target2_close50_linear29p5,13,nominal,259,"15,3,6","187,250,299","85,84,79",False,2,missing_target2,False,False,True,1.1533422245045524,-0.011111111111111112,-0.044444444444444446,1.020008891171219
depth4_slot2,4.0,2.0,target2_close50_linear29p5|seed13|source_mismatch,target2_close50_linear29p5,13,source_mismatch,282,"9,3,11","187,253,305","102,100,90",False,1,missing_target0_target1,True,True,False,1.196491307261035,-0.022222222222222223,-0.12222222222222222,0.8631579739277018
depth4_slot2,4.0,2.0,target2_close50_linear29p5|seed21|nominal,target2_close50_linear29p5,21,nominal,133,"18,1,11","188,253,301","97,101,87",False,2,missing_target1,False,True,False,1.1541508529728963,-0.011111111111111112,-0.06666666666666667,0.9763730751951185
depth4_slot2,4.0,2.0,target2_close50_linear29p5|seed21|source_mismatch,target2_close50_linear29p5,21,source_mismatch,261,"12,2,9","188,253,303","97,93,91",True,3,all_truth,False,False,False,1.276066325911701,-0.0,-0.08888888888888889,1.0982885481339233
depth4_slot2,4.0,2.0,target2_close50_linear29p5|seed34|nominal,target2_close50_linear29p5,34,nominal,531,"16,4,10","183,251,303","97,75,93",False,2,missing_target1,False,True,False,1.1807327734461164,-0.05555555555555555,-0.12222222222222222,0.7140661067794497
depth4_slot2,4.0,2.0,target2_close50_linear29p5|seed34|source_mismatch,target2_close50_linear29p5,34,source_mismatch,267,"15,3,12","185,248,296","78,96,100",False,1,missing_target0_target2,True,False,True,1.08355018670165,-0.022222222222222223,-0.12222222222222222,0.7502168533683166
depth4_slot4,4.0,4.0,target2_close14|seed13|nominal,target2_close14,13,nominal,73,"13,6,1","185,249,265","97,93,85",True,3,all_truth,False,False,False,1.1981187134575308,-0.0,-0.07777777777777778,0.8870076023464197
depth4_slot4,4.0,4.0,target2_close14|seed13|source_mismatch,target2_close14,13,source_mismatch,24,"9,3,1","188,250,264","85,78,81",False,1,missing_target1_target2,False,True,True,1.221253970479529,-0.022222222222222223,-0.022222222222222223,1.0434761927017515
depth4_slot4,4.0,4.0,target2_close14|seed21|nominal,target2_close14,21,nominal,251,"13,8,2","191,250,263","86,100,82",False,2,missing_target1,False,True,False,1.2152319766619175,-0.0,-0.022222222222222223,1.1263430877730287
depth4_slot4,4.0,4.0,target2_close14|seed21|source_mismatch,target2_close14,21,source_mismatch,27,"12,3,1","190,248,263","95,86,81",False,2,missing_target2,False,False,True,1.2246870048037362,-0.0,-0.03333333333333333,1.0913536714704029
depth4_slot4,4.0,4.0,target2_close14|seed34|nominal,target2_close14,34,nominal,87,"14,7,1","190,248,260","85,89,87",True,3,all_truth,False,False,False,1.2524995625348008,-0.0,-0.06666666666666667,0.9858328958681342
depth4_slot4,4.0,4.0,target2_close14|seed34|source_mismatch,target2_close14,34,source_mismatch,56,"10,5,1","188,247,261","83,85,83",True,3,all_truth,False,False,False,1.322280338932385,-0.0,-0.08888888888888889,0.9667247833768293
depth4_slot4,4.0,4.0,target2_close50_linear29p5|seed13|nominal,target2_close50_linear29p5,13,nominal,259,"15,3,6","187,250,299","85,84,79",False,2,missing_target2,False,False,True,1.1533422245045524,-0.011111111111111112,-0.044444444444444446,0.93112000228233
depth4_slot4,4.0,4.0,target2_close50_linear29p5|seed13|source_mismatch,target2_close50_linear29p5,13,source_mismatch,282,"9,3,11","187,253,305","102,100,90",False,1,missing_target0_target1,True,True,False,1.196491307261035,-0.022222222222222223,-0.12222222222222222,0.6187135294832573
depth4_slot4,4.0,4.0,target2_close50_linear29p5|seed21|nominal,target2_close50_linear29p5,21,nominal,134,"19,1,11","190,253,301","78,101,87",False,1,missing_target0_target1,True,True,False,1.172024129686864,-0.03333333333333333,-0.044444444444444446,0.860913018575753
depth4_slot4,4.0,4.0,target2_close50_linear29p5|seed21|source_mismatch,target2_close50_linear29p5,21,source_mismatch,261,"12,2,9","188,253,303","97,93,91",True,3,all_truth,False,False,False,1.276066325911701,-0.0,-0.08888888888888889,0.9205107703561455
depth4_slot4,4.0,4.0,target2_close50_linear29p5|seed34|nominal,target2_close50_linear29p5,34,nominal,531,"16,4,10","183,251,303","97,75,93",False,2,missing_target1,False,True,False,1.1807327734461164,-0.05555555555555555,-0.12222222222222222,0.4696216623350053
depth4_slot4,4.0,4.0,target2_close50_linear29p5|seed34|source_mismatch,target2_close50_linear29p5,34,source_mismatch,267,"15,3,12","185,248,296","78,96,100",False,1,missing_target0_target2,True,False,True,1.08355018670165,-0.022222222222222223,-0.12222222222222222,0.5057724089238722
depth4_slot8,4.0,8.0,target2_close14|seed13|nominal,target2_close14,13,nominal,59,"13,5,1","185,250,265","97,81,85",False,2,missing_target1,False,True,False,1.1244767327095708,-0.0,-0.06666666666666667,0.5911433993762375
depth4_slot8,4.0,8.0,target2_close14|seed13|source_mismatch,target2_close14,13,source_mismatch,24,"9,3,1","188,250,264","85,78,81",False,1,missing_target1_target2,False,True,True,1.221253970479529,-0.022222222222222223,-0.022222222222222223,0.9545873038128625
depth4_slot8,4.0,8.0,target2_close14|seed21|nominal,target2_close14,21,nominal,251,"13,8,2","191,250,263","86,100,82",False,2,missing_target1,False,True,False,1.2152319766619175,-0.0,-0.022222222222222223,1.0374541988841397
depth4_slot8,4.0,8.0,target2_close14|seed21|source_mismatch,target2_close14,21,source_mismatch,27,"12,3,1","190,248,263","95,86,81",False,2,missing_target2,False,False,True,1.2246870048037362,-0.0,-0.03333333333333333,0.9580203381370695
depth4_slot8,4.0,8.0,target2_close14|seed34|nominal,target2_close14,34,nominal,376,"14,7,3","190,248,262","85,89,78",False,2,missing_target2,False,False,True,1.2411780554916962,-0.022222222222222223,-0.044444444444444446,0.7967336110472518
depth4_slot8,4.0,8.0,target2_close14|seed34|source_mismatch,target2_close14,34,source_mismatch,137,"14,12,1","191,249,261","93,94,83",True,3,all_truth,False,False,False,1.1484164816996976,-0.0,-0.05555555555555555,0.7039720372552531
depth4_slot8,4.0,8.0,target2_close50_linear29p5|seed13|nominal,target2_close50_linear29p5,13,nominal,259,"15,3,6","187,250,299","85,84,79",False,2,missing_target2,False,False,True,1.1533422245045524,-0.011111111111111112,-0.044444444444444446,0.7533422245045522
depth4_slot8,4.0,8.0,target2_close50_linear29p5|seed13|source_mismatch,target2_close50_linear29p5,13,source_mismatch,281,"9,3,10","187,253,300","102,100,75",False,0,missing_target0_target1_target2,True,True,True,1.0901950952547677,-0.07777777777777778,-0.06666666666666667,0.2457506508103232
depth4_slot8,4.0,8.0,target2_close50_linear29p5|seed21|nominal,target2_close50_linear29p5,21,nominal,134,"19,1,11","190,253,301","78,101,87",False,1,missing_target0_target1,True,True,False,1.172024129686864,-0.03333333333333333,-0.044444444444444446,0.6831352407979752
depth4_slot8,4.0,8.0,target2_close50_linear29p5|seed21|source_mismatch,target2_close50_linear29p5,21,source_mismatch,108,"12,1,9","188,252,303","97,82,91",True,3,all_truth,False,False,False,1.2194790886286926,-0.0,-0.07777777777777778,0.5972568664064704
depth4_slot8,4.0,8.0,target2_close50_linear29p5|seed34|nominal,target2_close50_linear29p5,34,nominal,531,"16,4,10","183,251,303","97,75,93",False,2,missing_target1,False,True,False,1.1807327734461164,-0.05555555555555555,-0.12222222222222222,-0.019267226553883576
depth4_slot8,4.0,8.0,target2_close50_linear29p5|seed34|source_mismatch,target2_close50_linear29p5,34,source_mismatch,98,"15,1,12","185,250,296","78,84,100",False,1,missing_target0_target2,True,False,True,0.9631042602142118,-0.022222222222222223,-0.1,0.07421537132532285
depth8_slot0,8.0,0.0,target2_close14|seed13|nominal,target2_close14,13,nominal,73,"13,6,1","185,249,265","97,93,85",True,3,all_truth,False,False,False,1.1981187134575308,-0.0,-0.07777777777777778,1.1981187134575308
depth8_slot0,8.0,0.0,target2_close14|seed13|source_mismatch,target2_close14,13,source_mismatch,494,"7,4,12","187,252,273","94,87,98",False,2,missing_target2,False,False,True,1.096986388362963,-0.0,-0.15555555555555556,1.096986388362963
depth8_slot0,8.0,0.0,target2_close14|seed21|nominal,target2_close14,21,nominal,33,"18,3,1","198,254,266","95,91,91",True,3,all_truth,False,False,False,1.2288255179659038,-0.0,-0.15555555555555556,1.2288255179659038
depth8_slot0,8.0,0.0,target2_close14|seed21|source_mismatch,target2_close14,21,source_mismatch,27,"12,3,1","190,248,263","95,86,81",False,2,missing_target2,False,False,True,1.2246870048037362,-0.0,-0.03333333333333333,1.2246870048037362
depth8_slot0,8.0,0.0,target2_close14|seed34|nominal,target2_close14,34,nominal,87,"14,7,1","190,248,260","85,89,87",True,3,all_truth,False,False,False,1.2524995625348008,-0.0,-0.06666666666666667,1.2524995625348008
depth8_slot0,8.0,0.0,target2_close14|seed34|source_mismatch,target2_close14,34,source_mismatch,56,"10,5,1","188,247,261","83,85,83",True,3,all_truth,False,False,False,1.322280338932385,-0.0,-0.08888888888888889,1.322280338932385
depth8_slot0,8.0,0.0,target2_close50_linear29p5|seed13|nominal,target2_close50_linear29p5,13,nominal,259,"15,3,6","187,250,299","85,84,79",False,2,missing_target2,False,False,True,1.1533422245045524,-0.011111111111111112,-0.044444444444444446,1.0644533356156636
depth8_slot0,8.0,0.0,target2_close50_linear29p5|seed13|source_mismatch,target2_close50_linear29p5,13,source_mismatch,282,"9,3,11","187,253,305","102,100,90",False,1,missing_target0_target1,True,True,False,1.196491307261035,-0.022222222222222223,-0.12222222222222222,1.0187135294832572
depth8_slot0,8.0,0.0,target2_close50_linear29p5|seed21|nominal,target2_close50_linear29p5,21,nominal,133,"18,1,11","188,253,301","97,101,87",False,2,missing_target1,False,True,False,1.1541508529728963,-0.011111111111111112,-0.06666666666666667,1.0652619640840075
depth8_slot0,8.0,0.0,target2_close50_linear29p5|seed21|source_mismatch,target2_close50_linear29p5,21,source_mismatch,261,"12,2,9","188,253,303","97,93,91",True,3,all_truth,False,False,False,1.276066325911701,-0.0,-0.08888888888888889,1.276066325911701
depth8_slot0,8.0,0.0,target2_close50_linear29p5|seed34|nominal,target2_close50_linear29p5,34,nominal,603,"16,7,5","183,237,279","97,88,88",False,1,missing_target1_target2,False,True,True,0.9486727364794869,-0.0,-0.45555555555555555,0.9486727364794869
depth8_slot0,8.0,0.0,target2_close50_linear29p5|seed34|source_mismatch,target2_close50_linear29p5,34,source_mismatch,265,"13,3,12","182,248,296","89,96,100",False,2,missing_target2,False,False,True,1.0511743290825373,-0.0,-0.15555555555555556,1.0511743290825373
depth8_slot0.1,8.0,0.1,target2_close14|seed13|nominal,target2_close14,13,nominal,73,"13,6,1","185,249,265","97,93,85",True,3,all_truth,False,False,False,1.1981187134575308,-0.0,-0.07777777777777778,1.190340935679753
depth8_slot0.1,8.0,0.1,target2_close14|seed13|source_mismatch,target2_close14,13,source_mismatch,177,"9,3,2","188,250,266","85,78,90",False,2,missing_target1,False,True,False,1.264052316533106,-0.022222222222222223,-0.044444444444444446,1.0818300943108836
depth8_slot0.1,8.0,0.1,target2_close14|seed21|nominal,target2_close14,21,nominal,33,"18,3,1","198,254,266","95,91,91",True,3,all_truth,False,False,False,1.2288255179659038,-0.0,-0.15555555555555556,1.2132699624103482
depth8_slot0.1,8.0,0.1,target2_close14|seed21|source_mismatch,target2_close14,21,source_mismatch,27,"12,3,1","190,248,263","95,86,81",False,2,missing_target2,False,False,True,1.2246870048037362,-0.0,-0.03333333333333333,1.2213536714704027
depth8_slot0.1,8.0,0.1,target2_close14|seed34|nominal,target2_close14,34,nominal,87,"14,7,1","190,248,260","85,89,87",True,3,all_truth,False,False,False,1.2524995625348008,-0.0,-0.06666666666666667,1.2458328958681342
depth8_slot0.1,8.0,0.1,target2_close14|seed34|source_mismatch,target2_close14,34,source_mismatch,56,"10,5,1","188,247,261","83,85,83",True,3,all_truth,False,False,False,1.322280338932385,-0.0,-0.08888888888888889,1.313391450043496
depth8_slot0.1,8.0,0.1,target2_close50_linear29p5|seed13|nominal,target2_close50_linear29p5,13,nominal,259,"15,3,6","187,250,299","85,84,79",False,2,missing_target2,False,False,True,1.1533422245045524,-0.011111111111111112,-0.044444444444444446,1.060008891171219
depth8_slot0.1,8.0,0.1,target2_close50_linear29p5|seed13|source_mismatch,target2_close50_linear29p5,13,source_mismatch,282,"9,3,11","187,253,305","102,100,90",False,1,missing_target0_target1,True,True,False,1.196491307261035,-0.022222222222222223,-0.12222222222222222,1.006491307261035
depth8_slot0.1,8.0,0.1,target2_close50_linear29p5|seed21|nominal,target2_close50_linear29p5,21,nominal,133,"18,1,11","188,253,301","97,101,87",False,2,missing_target1,False,True,False,1.1541508529728963,-0.011111111111111112,-0.06666666666666667,1.058595297417341
depth8_slot0.1,8.0,0.1,target2_close50_linear29p5|seed21|source_mismatch,target2_close50_linear29p5,21,source_mismatch,261,"12,2,9","188,253,303","97,93,91",True,3,all_truth,False,False,False,1.276066325911701,-0.0,-0.08888888888888889,1.2671774370228122
depth8_slot0.1,8.0,0.1,target2_close50_linear29p5|seed34|nominal,target2_close50_linear29p5,34,nominal,603,"16,7,5","183,237,279","97,88,88",False,1,missing_target1_target2,False,True,True,0.9486727364794869,-0.0,-0.45555555555555555,0.9031171809239313
depth8_slot0.1,8.0,0.1,target2_close50_linear29p5|seed34|source_mismatch,target2_close50_linear29p5,34,source_mismatch,265,"13,3,12","182,248,296","89,96,100",False,2,missing_target2,False,False,True,1.0511743290825373,-0.0,-0.15555555555555556,1.0356187735269817
depth8_slot0.2,8.0,0.2,target2_close14|seed13|nominal,target2_close14,13,nominal,73,"13,6,1","185,249,265","97,93,85",True,3,all_truth,False,False,False,1.1981187134575308,-0.0,-0.07777777777777778,1.1825631579019753
depth8_slot0.2,8.0,0.2,target2_close14|seed13|source_mismatch,target2_close14,13,source_mismatch,177,"9,3,2","188,250,266","85,78,90",False,2,missing_target1,False,True,False,1.264052316533106,-0.022222222222222223,-0.044444444444444446,1.0773856498664391
depth8_slot0.2,8.0,0.2,target2_close14|seed21|nominal,target2_close14,21,nominal,251,"13,8,2","191,250,263","86,100,82",False,2,missing_target1,False,True,False,1.2152319766619175,-0.0,-0.022222222222222223,1.210787532217473
depth8_slot0.2,8.0,0.2,target2_close14|seed21|source_mismatch,target2_close14,21,source_mismatch,27,"12,3,1","190,248,263","95,86,81",False,2,missing_target2,False,False,True,1.2246870048037362,-0.0,-0.03333333333333333,1.2180203381370696
depth8_slot0.2,8.0,0.2,target2_close14|seed34|nominal,target2_close14,34,nominal,87,"14,7,1","190,248,260","85,89,87",True,3,all_truth,False,False,False,1.2524995625348008,-0.0,-0.06666666666666667,1.2391662292014674
depth8_slot0.2,8.0,0.2,target2_close14|seed34|source_mismatch,target2_close14,34,source_mismatch,56,"10,5,1","188,247,261","83,85,83",True,3,all_truth,False,False,False,1.322280338932385,-0.0,-0.08888888888888889,1.3045025611546073
depth8_slot0.2,8.0,0.2,target2_close50_linear29p5|seed13|nominal,target2_close50_linear29p5,13,nominal,259,"15,3,6","187,250,299","85,84,79",False,2,missing_target2,False,False,True,1.1533422245045524,-0.011111111111111112,-0.044444444444444446,1.0555644467267746
depth8_slot0.2,8.0,0.2,target2_close50_linear29p5|seed13|source_mismatch,target2_close50_linear29p5,13,source_mismatch,282,"9,3,11","187,253,305","102,100,90",False,1,missing_target0_target1,True,True,False,1.196491307261035,-0.022222222222222223,-0.12222222222222222,0.9942690850388127
depth8_slot0.2,8.0,0.2,target2_close50_linear29p5|seed21|nominal,target2_close50_linear29p5,21,nominal,133,"18,1,11","188,253,301","97,101,87",False,2,missing_target1,False,True,False,1.1541508529728963,-0.011111111111111112,-0.06666666666666667,1.051928630750674
depth8_slot0.2,8.0,0.2,target2_close50_linear29p5|seed21|source_mismatch,target2_close50_linear29p5,21,source_mismatch,261,"12,2,9","188,253,303","97,93,91",True,3,all_truth,False,False,False,1.276066325911701,-0.0,-0.08888888888888889,1.2582885481339234
depth8_slot0.2,8.0,0.2,target2_close50_linear29p5|seed34|nominal,target2_close50_linear29p5,34,nominal,603,"16,7,5","183,237,279","97,88,88",False,1,missing_target1_target2,False,True,True,0.9486727364794869,-0.0,-0.45555555555555555,0.8575616253683758
depth8_slot0.2,8.0,0.2,target2_close50_linear29p5|seed34|source_mismatch,target2_close50_linear29p5,34,source_mismatch,265,"13,3,12","182,248,296","89,96,100",False,2,missing_target2,False,False,True,1.0511743290825373,-0.0,-0.15555555555555556,1.0200632179714262
depth8_slot0.5,8.0,0.5,target2_close14|seed13|nominal,target2_close14,13,nominal,73,"13,6,1","185,249,265","97,93,85",True,3,all_truth,False,False,False,1.1981187134575308,-0.0,-0.07777777777777778,1.1592298245686419
depth8_slot0.5,8.0,0.5,target2_close14|seed13|source_mismatch,target2_close14,13,source_mismatch,177,"9,3,2","188,250,266","85,78,90",False,2,missing_target1,False,True,False,1.264052316533106,-0.022222222222222223,-0.044444444444444446,1.064052316533106
depth8_slot0.5,8.0,0.5,target2_close14|seed21|nominal,target2_close14,21,nominal,251,"13,8,2","191,250,263","86,100,82",False,2,missing_target1,False,True,False,1.2152319766619175,-0.0,-0.022222222222222223,1.2041208655508064
depth8_slot0.5,8.0,0.5,target2_close14|seed21|source_mismatch,target2_close14,21,source_mismatch,27,"12,3,1","190,248,263","95,86,81",False,2,missing_target2,False,False,True,1.2246870048037362,-0.0,-0.03333333333333333,1.2080203381370695
depth8_slot0.5,8.0,0.5,target2_close14|seed34|nominal,target2_close14,34,nominal,87,"14,7,1","190,248,260","85,89,87",True,3,all_truth,False,False,False,1.2524995625348008,-0.0,-0.06666666666666667,1.2191662292014673
depth8_slot0.5,8.0,0.5,target2_close14|seed34|source_mismatch,target2_close14,34,source_mismatch,56,"10,5,1","188,247,261","83,85,83",True,3,all_truth,False,False,False,1.322280338932385,-0.0,-0.08888888888888889,1.2778358944879404
depth8_slot0.5,8.0,0.5,target2_close50_linear29p5|seed13|nominal,target2_close50_linear29p5,13,nominal,259,"15,3,6","187,250,299","85,84,79",False,2,missing_target2,False,False,True,1.1533422245045524,-0.011111111111111112,-0.044444444444444446,1.0422311133934414
depth8_slot0.5,8.0,0.5,target2_close50_linear29p5|seed13|source_mismatch,target2_close50_linear29p5,13,source_mismatch,282,"9,3,11","187,253,305","102,100,90",False,1,missing_target0_target1,True,True,False,1.196491307261035,-0.022222222222222223,-0.12222222222222222,0.9576024183721461
depth8_slot0.5,8.0,0.5,target2_close50_linear29p5|seed21|nominal,target2_close50_linear29p5,21,nominal,133,"18,1,11","188,253,301","97,101,87",False,2,missing_target1,False,True,False,1.1541508529728963,-0.011111111111111112,-0.06666666666666667,1.031928630750674
depth8_slot0.5,8.0,0.5,target2_close50_linear29p5|seed21|source_mismatch,target2_close50_linear29p5,21,source_mismatch,261,"12,2,9","188,253,303","97,93,91",True,3,all_truth,False,False,False,1.276066325911701,-0.0,-0.08888888888888889,1.2316218814672566
depth8_slot0.5,8.0,0.5,target2_close50_linear29p5|seed34|nominal,target2_close50_linear29p5,34,nominal,603,"16,7,5","183,237,279","97,88,88",False,1,missing_target1_target2,False,True,True,0.9486727364794869,-0.0,-0.45555555555555555,0.7208949587017092
depth8_slot0.5,8.0,0.5,target2_close50_linear29p5|seed34|source_mismatch,target2_close50_linear29p5,34,source_mismatch,265,"13,3,12","182,248,296","89,96,100",False,2,missing_target2,False,False,True,1.0511743290825373,-0.0,-0.15555555555555556,0.9733965513047595
depth8_slot1,8.0,1.0,target2_close14|seed13|nominal,target2_close14,13,nominal,73,"13,6,1","185,249,265","97,93,85",True,3,all_truth,False,False,False,1.1981187134575308,-0.0,-0.07777777777777778,1.1203409356797531
depth8_slot1,8.0,1.0,target2_close14|seed13|source_mismatch,target2_close14,13,source_mismatch,177,"9,3,2","188,250,266","85,78,90",False,2,missing_target1,False,True,False,1.264052316533106,-0.022222222222222223,-0.044444444444444446,1.0418300943108836
depth8_slot1,8.0,1.0,target2_close14|seed21|nominal,target2_close14,21,nominal,251,"13,8,2","191,250,263","86,100,82",False,2,missing_target1,False,True,False,1.2152319766619175,-0.0,-0.022222222222222223,1.1930097544396954
depth8_slot1,8.0,1.0,target2_close14|seed21|source_mismatch,target2_close14,21,source_mismatch,27,"12,3,1","190,248,263","95,86,81",False,2,missing_target2,False,False,True,1.2246870048037362,-0.0,-0.03333333333333333,1.1913536714704027
depth8_slot1,8.0,1.0,target2_close14|seed34|nominal,target2_close14,34,nominal,87,"14,7,1","190,248,260","85,89,87",True,3,all_truth,False,False,False,1.2524995625348008,-0.0,-0.06666666666666667,1.1858328958681341
depth8_slot1,8.0,1.0,target2_close14|seed34|source_mismatch,target2_close14,34,source_mismatch,56,"10,5,1","188,247,261","83,85,83",True,3,all_truth,False,False,False,1.322280338932385,-0.0,-0.08888888888888889,1.2333914500434962
depth8_slot1,8.0,1.0,target2_close50_linear29p5|seed13|nominal,target2_close50_linear29p5,13,nominal,259,"15,3,6","187,250,299","85,84,79",False,2,missing_target2,False,False,True,1.1533422245045524,-0.011111111111111112,-0.044444444444444446,1.020008891171219
depth8_slot1,8.0,1.0,target2_close50_linear29p5|seed13|source_mismatch,target2_close50_linear29p5,13,source_mismatch,282,"9,3,11","187,253,305","102,100,90",False,1,missing_target0_target1,True,True,False,1.196491307261035,-0.022222222222222223,-0.12222222222222222,0.896491307261035
depth8_slot1,8.0,1.0,target2_close50_linear29p5|seed21|nominal,target2_close50_linear29p5,21,nominal,133,"18,1,11","188,253,301","97,101,87",False,2,missing_target1,False,True,False,1.1541508529728963,-0.011111111111111112,-0.06666666666666667,0.9985952974173409
depth8_slot1,8.0,1.0,target2_close50_linear29p5|seed21|source_mismatch,target2_close50_linear29p5,21,source_mismatch,261,"12,2,9","188,253,303","97,93,91",True,3,all_truth,False,False,False,1.276066325911701,-0.0,-0.08888888888888889,1.1871774370228123
depth8_slot1,8.0,1.0,target2_close50_linear29p5|seed34|nominal,target2_close50_linear29p5,34,nominal,411,"16,3,10","183,256,303","97,99,93",False,2,missing_target1,False,True,False,0.7942245356674521,-0.0,-0.17777777777777778,0.6164467578896743
depth8_slot1,8.0,1.0,target2_close50_linear29p5|seed34|source_mismatch,target2_close50_linear29p5,34,source_mismatch,265,"13,3,12","182,248,296","89,96,100",False,2,missing_target2,False,False,True,1.0511743290825373,-0.0,-0.15555555555555556,0.8956187735269817
depth8_slot2,8.0,2.0,target2_close14|seed13|nominal,target2_close14,13,nominal,73,"13,6,1","185,249,265","97,93,85",True,3,all_truth,False,False,False,1.1981187134575308,-0.0,-0.07777777777777778,1.0425631579019754
depth8_slot2,8.0,2.0,target2_close14|seed13|source_mismatch,target2_close14,13,source_mismatch,24,"9,3,1","188,250,264","85,78,81",False,1,missing_target1_target2,False,True,True,1.221253970479529,-0.022222222222222223,-0.022222222222222223,0.9990317482573069
depth8_slot2,8.0,2.0,target2_close14|seed21|nominal,target2_close14,21,nominal,251,"13,8,2","191,250,263","86,100,82",False,2,missing_target1,False,True,False,1.2152319766619175,-0.0,-0.022222222222222223,1.170787532217473
depth8_slot2,8.0,2.0,target2_close14|seed21|source_mismatch,target2_close14,21,source_mismatch,27,"12,3,1","190,248,263","95,86,81",False,2,missing_target2,False,False,True,1.2246870048037362,-0.0,-0.03333333333333333,1.1580203381370695
depth8_slot2,8.0,2.0,target2_close14|seed34|nominal,target2_close14,34,nominal,87,"14,7,1","190,248,260","85,89,87",True,3,all_truth,False,False,False,1.2524995625348008,-0.0,-0.06666666666666667,1.1191662292014675
depth8_slot2,8.0,2.0,target2_close14|seed34|source_mismatch,target2_close14,34,source_mismatch,56,"10,5,1","188,247,261","83,85,83",True,3,all_truth,False,False,False,1.322280338932385,-0.0,-0.08888888888888889,1.1445025611546071
depth8_slot2,8.0,2.0,target2_close50_linear29p5|seed13|nominal,target2_close50_linear29p5,13,nominal,259,"15,3,6","187,250,299","85,84,79",False,2,missing_target2,False,False,True,1.1533422245045524,-0.011111111111111112,-0.044444444444444446,0.9755644467267747
depth8_slot2,8.0,2.0,target2_close50_linear29p5|seed13|source_mismatch,target2_close50_linear29p5,13,source_mismatch,282,"9,3,11","187,253,305","102,100,90",False,1,missing_target0_target1,True,True,False,1.196491307261035,-0.022222222222222223,-0.12222222222222222,0.7742690850388128
depth8_slot2,8.0,2.0,target2_close50_linear29p5|seed21|nominal,target2_close50_linear29p5,21,nominal,133,"18,1,11","188,253,301","97,101,87",False,2,missing_target1,False,True,False,1.1541508529728963,-0.011111111111111112,-0.06666666666666667,0.9319286307506742
depth8_slot2,8.0,2.0,target2_close50_linear29p5|seed21|source_mismatch,target2_close50_linear29p5,21,source_mismatch,261,"12,2,9","188,253,303","97,93,91",True,3,all_truth,False,False,False,1.276066325911701,-0.0,-0.08888888888888889,1.0982885481339233
depth8_slot2,8.0,2.0,target2_close50_linear29p5|seed34|nominal,target2_close50_linear29p5,34,nominal,531,"16,4,10","183,251,303","97,75,93",False,2,missing_target1,False,True,False,1.1807327734461164,-0.05555555555555555,-0.12222222222222222,0.4918438845572275
depth8_slot2,8.0,2.0,target2_close50_linear29p5|seed34|source_mismatch,target2_close50_linear29p5,34,source_mismatch,265,"13,3,12","182,248,296","89,96,100",False,2,missing_target2,False,False,True,1.0511743290825373,-0.0,-0.15555555555555556,0.7400632179714262
depth8_slot4,8.0,4.0,target2_close14|seed13|nominal,target2_close14,13,nominal,73,"13,6,1","185,249,265","97,93,85",True,3,all_truth,False,False,False,1.1981187134575308,-0.0,-0.07777777777777778,0.8870076023464197
depth8_slot4,8.0,4.0,target2_close14|seed13|source_mismatch,target2_close14,13,source_mismatch,24,"9,3,1","188,250,264","85,78,81",False,1,missing_target1_target2,False,True,True,1.221253970479529,-0.022222222222222223,-0.022222222222222223,0.9545873038128624
depth8_slot4,8.0,4.0,target2_close14|seed21|nominal,target2_close14,21,nominal,251,"13,8,2","191,250,263","86,100,82",False,2,missing_target1,False,True,False,1.2152319766619175,-0.0,-0.022222222222222223,1.1263430877730287
depth8_slot4,8.0,4.0,target2_close14|seed21|source_mismatch,target2_close14,21,source_mismatch,27,"12,3,1","190,248,263","95,86,81",False,2,missing_target2,False,False,True,1.2246870048037362,-0.0,-0.03333333333333333,1.0913536714704029
depth8_slot4,8.0,4.0,target2_close14|seed34|nominal,target2_close14,34,nominal,87,"14,7,1","190,248,260","85,89,87",True,3,all_truth,False,False,False,1.2524995625348008,-0.0,-0.06666666666666667,0.9858328958681342
depth8_slot4,8.0,4.0,target2_close14|seed34|source_mismatch,target2_close14,34,source_mismatch,56,"10,5,1","188,247,261","83,85,83",True,3,all_truth,False,False,False,1.322280338932385,-0.0,-0.08888888888888889,0.9667247833768293
depth8_slot4,8.0,4.0,target2_close50_linear29p5|seed13|nominal,target2_close50_linear29p5,13,nominal,259,"15,3,6","187,250,299","85,84,79",False,2,missing_target2,False,False,True,1.1533422245045524,-0.011111111111111112,-0.044444444444444446,0.8866755578378858
depth8_slot4,8.0,4.0,target2_close50_linear29p5|seed13|source_mismatch,target2_close50_linear29p5,13,source_mismatch,282,"9,3,11","187,253,305","102,100,90",False,1,missing_target0_target1,True,True,False,1.196491307261035,-0.022222222222222223,-0.12222222222222222,0.5298246405943683
depth8_slot4,8.0,4.0,target2_close50_linear29p5|seed21|nominal,target2_close50_linear29p5,21,nominal,133,"18,1,11","188,253,301","97,101,87",False,2,missing_target1,False,True,False,1.1541508529728963,-0.011111111111111112,-0.06666666666666667,0.7985952974173409
depth8_slot4,8.0,4.0,target2_close50_linear29p5|seed21|source_mismatch,target2_close50_linear29p5,21,source_mismatch,261,"12,2,9","188,253,303","97,93,91",True,3,all_truth,False,False,False,1.276066325911701,-0.0,-0.08888888888888889,0.9205107703561455
depth8_slot4,8.0,4.0,target2_close50_linear29p5|seed34|nominal,target2_close50_linear29p5,34,nominal,531,"16,4,10","183,251,303","97,75,93",False,2,missing_target1,False,True,False,1.1807327734461164,-0.05555555555555555,-0.12222222222222222,0.2473994401127831
depth8_slot4,8.0,4.0,target2_close50_linear29p5|seed34|source_mismatch,target2_close50_linear29p5,34,source_mismatch,265,"13,3,12","182,248,296","89,96,100",False,2,missing_target2,False,False,True,1.0511743290825373,-0.0,-0.15555555555555556,0.42895210686031504
depth8_slot8,8.0,8.0,target2_close14|seed13|nominal,target2_close14,13,nominal,59,"13,5,1","185,250,265","97,81,85",False,2,missing_target1,False,True,False,1.1244767327095708,-0.0,-0.06666666666666667,0.5911433993762375
depth8_slot8,8.0,8.0,target2_close14|seed13|source_mismatch,target2_close14,13,source_mismatch,24,"9,3,1","188,250,264","85,78,81",False,1,missing_target1_target2,False,True,True,1.221253970479529,-0.022222222222222223,-0.022222222222222223,0.8656984149239735
depth8_slot8,8.0,8.0,target2_close14|seed21|nominal,target2_close14,21,nominal,251,"13,8,2","191,250,263","86,100,82",False,2,missing_target1,False,True,False,1.2152319766619175,-0.0,-0.022222222222222223,1.0374541988841397
depth8_slot8,8.0,8.0,target2_close14|seed21|source_mismatch,target2_close14,21,source_mismatch,27,"12,3,1","190,248,263","95,86,81",False,2,missing_target2,False,False,True,1.2246870048037362,-0.0,-0.03333333333333333,0.9580203381370695
depth8_slot8,8.0,8.0,target2_close14|seed34|nominal,target2_close14,34,nominal,87,"14,7,1","190,248,260","85,89,87",True,3,all_truth,False,False,False,1.2524995625348008,-0.0,-0.06666666666666667,0.7191662292014674
depth8_slot8,8.0,8.0,target2_close14|seed34|source_mismatch,target2_close14,34,source_mismatch,137,"14,12,1","191,249,261","93,94,83",True,3,all_truth,False,False,False,1.1484164816996976,-0.0,-0.05555555555555555,0.7039720372552531
depth8_slot8,8.0,8.0,target2_close50_linear29p5|seed13|nominal,target2_close50_linear29p5,13,nominal,259,"15,3,6","187,250,299","85,84,79",False,2,missing_target2,False,False,True,1.1533422245045524,-0.011111111111111112,-0.044444444444444446,0.708897780060108
depth8_slot8,8.0,8.0,target2_close50_linear29p5|seed13|source_mismatch,target2_close50_linear29p5,13,source_mismatch,285,"9,3,14","187,253,303","102,100,101",False,0,missing_target0_target1_target2,True,True,True,1.1478064987257899,-0.03333333333333333,-0.1,0.08113983205912323
depth8_slot8,8.0,8.0,target2_close50_linear29p5|seed21|nominal,target2_close50_linear29p5,21,nominal,134,"19,1,11","190,253,301","78,101,87",False,1,missing_target0_target1,True,True,False,1.172024129686864,-0.03333333333333333,-0.044444444444444446,0.5498019074646419
depth8_slot8,8.0,8.0,target2_close50_linear29p5|seed21|source_mismatch,target2_close50_linear29p5,21,source_mismatch,108,"12,1,9","188,252,303","97,82,91",True,3,all_truth,False,False,False,1.2194790886286926,-0.0,-0.07777777777777778,0.5972568664064704
depth8_slot8,8.0,8.0,target2_close50_linear29p5|seed34|nominal,target2_close50_linear29p5,34,nominal,531,"16,4,10","183,251,303","97,75,93",False,2,missing_target1,False,True,False,1.1807327734461164,-0.05555555555555555,-0.12222222222222222,-0.2414894487761058
depth8_slot8,8.0,8.0,target2_close50_linear29p5|seed34|source_mismatch,target2_close50_linear29p5,34,source_mismatch,98,"15,1,12","185,250,296","78,84,100",False,1,missing_target0_target2,True,False,True,0.9631042602142118,-0.022222222222222223,-0.1,-0.014673517563566052
depth12_slot0,12.0,0.0,target2_close14|seed13|nominal,target2_close14,13,nominal,73,"13,6,1","185,249,265","97,93,85",True,3,all_truth,False,False,False,1.1981187134575308,-0.0,-0.07777777777777778,1.1981187134575308
depth12_slot0,12.0,0.0,target2_close14|seed13|source_mismatch,target2_close14,13,source_mismatch,494,"7,4,12","187,252,273","94,87,98",False,2,missing_target2,False,False,True,1.096986388362963,-0.0,-0.15555555555555556,1.096986388362963
depth12_slot0,12.0,0.0,target2_close14|seed21|nominal,target2_close14,21,nominal,33,"18,3,1","198,254,266","95,91,91",True,3,all_truth,False,False,False,1.2288255179659038,-0.0,-0.15555555555555556,1.2288255179659038
depth12_slot0,12.0,0.0,target2_close14|seed21|source_mismatch,target2_close14,21,source_mismatch,27,"12,3,1","190,248,263","95,86,81",False,2,missing_target2,False,False,True,1.2246870048037362,-0.0,-0.03333333333333333,1.2246870048037362
depth12_slot0,12.0,0.0,target2_close14|seed34|nominal,target2_close14,34,nominal,87,"14,7,1","190,248,260","85,89,87",True,3,all_truth,False,False,False,1.2524995625348008,-0.0,-0.06666666666666667,1.2524995625348008
depth12_slot0,12.0,0.0,target2_close14|seed34|source_mismatch,target2_close14,34,source_mismatch,56,"10,5,1","188,247,261","83,85,83",True,3,all_truth,False,False,False,1.322280338932385,-0.0,-0.08888888888888889,1.322280338932385
depth12_slot0,12.0,0.0,target2_close50_linear29p5|seed13|nominal,target2_close50_linear29p5,13,nominal,259,"15,3,6","187,250,299","85,84,79",False,2,missing_target2,False,False,True,1.1533422245045524,-0.011111111111111112,-0.044444444444444446,1.020008891171219
depth12_slot0,12.0,0.0,target2_close50_linear29p5|seed13|source_mismatch,target2_close50_linear29p5,13,source_mismatch,299,"15,3,11","182,253,305","90,100,90",False,2,missing_target1,False,True,False,1.0012942348839708,-0.0,-0.17777777777777778,1.0012942348839708
depth12_slot0,12.0,0.0,target2_close50_linear29p5|seed21|nominal,target2_close50_linear29p5,21,nominal,133,"18,1,11","188,253,301","97,101,87",False,2,missing_target1,False,True,False,1.1541508529728963,-0.011111111111111112,-0.06666666666666667,1.020817519639563
depth12_slot0,12.0,0.0,target2_close50_linear29p5|seed21|source_mismatch,target2_close50_linear29p5,21,source_mismatch,261,"12,2,9","188,253,303","97,93,91",True,3,all_truth,False,False,False,1.276066325911701,-0.0,-0.08888888888888889,1.276066325911701
depth12_slot0,12.0,0.0,target2_close50_linear29p5|seed34|nominal,target2_close50_linear29p5,34,nominal,603,"16,7,5","183,237,279","97,88,88",False,1,missing_target1_target2,False,True,True,0.9486727364794869,-0.0,-0.45555555555555555,0.9486727364794869
depth12_slot0,12.0,0.0,target2_close50_linear29p5|seed34|source_mismatch,target2_close50_linear29p5,34,source_mismatch,265,"13,3,12","182,248,296","89,96,100",False,2,missing_target2,False,False,True,1.0511743290825373,-0.0,-0.15555555555555556,1.0511743290825373
depth12_slot0.1,12.0,0.1,target2_close14|seed13|nominal,target2_close14,13,nominal,73,"13,6,1","185,249,265","97,93,85",True,3,all_truth,False,False,False,1.1981187134575308,-0.0,-0.07777777777777778,1.190340935679753
depth12_slot0.1,12.0,0.1,target2_close14|seed13|source_mismatch,target2_close14,13,source_mismatch,494,"7,4,12","187,252,273","94,87,98",False,2,missing_target2,False,False,True,1.096986388362963,-0.0,-0.15555555555555556,1.0814308328074074
depth12_slot0.1,12.0,0.1,target2_close14|seed21|nominal,target2_close14,21,nominal,33,"18,3,1","198,254,266","95,91,91",True,3,all_truth,False,False,False,1.2288255179659038,-0.0,-0.15555555555555556,1.2132699624103482
depth12_slot0.1,12.0,0.1,target2_close14|seed21|source_mismatch,target2_close14,21,source_mismatch,27,"12,3,1","190,248,263","95,86,81",False,2,missing_target2,False,False,True,1.2246870048037362,-0.0,-0.03333333333333333,1.2213536714704027
depth12_slot0.1,12.0,0.1,target2_close14|seed34|nominal,target2_close14,34,nominal,87,"14,7,1","190,248,260","85,89,87",True,3,all_truth,False,False,False,1.2524995625348008,-0.0,-0.06666666666666667,1.2458328958681342
depth12_slot0.1,12.0,0.1,target2_close14|seed34|source_mismatch,target2_close14,34,source_mismatch,56,"10,5,1","188,247,261","83,85,83",True,3,all_truth,False,False,False,1.322280338932385,-0.0,-0.08888888888888889,1.313391450043496
depth12_slot0.1,12.0,0.1,target2_close50_linear29p5|seed13|nominal,target2_close50_linear29p5,13,nominal,259,"15,3,6","187,250,299","85,84,79",False,2,missing_target2,False,False,True,1.1533422245045524,-0.011111111111111112,-0.044444444444444446,1.0155644467267746
depth12_slot0.1,12.0,0.1,target2_close50_linear29p5|seed13|source_mismatch,target2_close50_linear29p5,13,source_mismatch,299,"15,3,11","182,253,305","90,100,90",False,2,missing_target1,False,True,False,1.0012942348839708,-0.0,-0.17777777777777778,0.9835164571061931
depth12_slot0.1,12.0,0.1,target2_close50_linear29p5|seed21|nominal,target2_close50_linear29p5,21,nominal,133,"18,1,11","188,253,301","97,101,87",False,2,missing_target1,False,True,False,1.1541508529728963,-0.011111111111111112,-0.06666666666666667,1.0141508529728964
depth12_slot0.1,12.0,0.1,target2_close50_linear29p5|seed21|source_mismatch,target2_close50_linear29p5,21,source_mismatch,261,"12,2,9","188,253,303","97,93,91",True,3,all_truth,False,False,False,1.276066325911701,-0.0,-0.08888888888888889,1.2671774370228122
depth12_slot0.1,12.0,0.1,target2_close50_linear29p5|seed34|nominal,target2_close50_linear29p5,34,nominal,603,"16,7,5","183,237,279","97,88,88",False,1,missing_target1_target2,False,True,True,0.9486727364794869,-0.0,-0.45555555555555555,0.9031171809239313
depth12_slot0.1,12.0,0.1,target2_close50_linear29p5|seed34|source_mismatch,target2_close50_linear29p5,34,source_mismatch,265,"13,3,12","182,248,296","89,96,100",False,2,missing_target2,False,False,True,1.0511743290825373,-0.0,-0.15555555555555556,1.0356187735269817
depth12_slot0.2,12.0,0.2,target2_close14|seed13|nominal,target2_close14,13,nominal,73,"13,6,1","185,249,265","97,93,85",True,3,all_truth,False,False,False,1.1981187134575308,-0.0,-0.07777777777777778,1.1825631579019753
depth12_slot0.2,12.0,0.2,target2_close14|seed13|source_mismatch,target2_close14,13,source_mismatch,193,"9,4,2","188,252,266","85,87,90",True,3,all_truth,False,False,False,1.0830748174644271,-0.0,-0.06666666666666667,1.0697414841310937
depth12_slot0.2,12.0,0.2,target2_close14|seed21|nominal,target2_close14,21,nominal,251,"13,8,2","191,250,263","86,100,82",False,2,missing_target1,False,True,False,1.2152319766619175,-0.0,-0.022222222222222223,1.210787532217473
depth12_slot0.2,12.0,0.2,target2_close14|seed21|source_mismatch,target2_close14,21,source_mismatch,27,"12,3,1","190,248,263","95,86,81",False,2,missing_target2,False,False,True,1.2246870048037362,-0.0,-0.03333333333333333,1.2180203381370696
depth12_slot0.2,12.0,0.2,target2_close14|seed34|nominal,target2_close14,34,nominal,87,"14,7,1","190,248,260","85,89,87",True,3,all_truth,False,False,False,1.2524995625348008,-0.0,-0.06666666666666667,1.2391662292014674
depth12_slot0.2,12.0,0.2,target2_close14|seed34|source_mismatch,target2_close14,34,source_mismatch,56,"10,5,1","188,247,261","83,85,83",True,3,all_truth,False,False,False,1.322280338932385,-0.0,-0.08888888888888889,1.3045025611546073
depth12_slot0.2,12.0,0.2,target2_close50_linear29p5|seed13|nominal,target2_close50_linear29p5,13,nominal,259,"15,3,6","187,250,299","85,84,79",False,2,missing_target2,False,False,True,1.1533422245045524,-0.011111111111111112,-0.044444444444444446,1.0111200022823301
depth12_slot0.2,12.0,0.2,target2_close50_linear29p5|seed13|source_mismatch,target2_close50_linear29p5,13,source_mismatch,299,"15,3,11","182,253,305","90,100,90",False,2,missing_target1,False,True,False,1.0012942348839708,-0.0,-0.17777777777777778,0.9657386793284153
depth12_slot0.2,12.0,0.2,target2_close50_linear29p5|seed21|nominal,target2_close50_linear29p5,21,nominal,133,"18,1,11","188,253,301","97,101,87",False,2,missing_target1,False,True,False,1.1541508529728963,-0.011111111111111112,-0.06666666666666667,1.0074841863062296
depth12_slot0.2,12.0,0.2,target2_close50_linear29p5|seed21|source_mismatch,target2_close50_linear29p5,21,source_mismatch,261,"12,2,9","188,253,303","97,93,91",True,3,all_truth,False,False,False,1.276066325911701,-0.0,-0.08888888888888889,1.2582885481339234
depth12_slot0.2,12.0,0.2,target2_close50_linear29p5|seed34|nominal,target2_close50_linear29p5,34,nominal,603,"16,7,5","183,237,279","97,88,88",False,1,missing_target1_target2,False,True,True,0.9486727364794869,-0.0,-0.45555555555555555,0.8575616253683758
depth12_slot0.2,12.0,0.2,target2_close50_linear29p5|seed34|source_mismatch,target2_close50_linear29p5,34,source_mismatch,265,"13,3,12","182,248,296","89,96,100",False,2,missing_target2,False,False,True,1.0511743290825373,-0.0,-0.15555555555555556,1.0200632179714262
depth12_slot0.5,12.0,0.5,target2_close14|seed13|nominal,target2_close14,13,nominal,73,"13,6,1","185,249,265","97,93,85",True,3,all_truth,False,False,False,1.1981187134575308,-0.0,-0.07777777777777778,1.1592298245686419
depth12_slot0.5,12.0,0.5,target2_close14|seed13|source_mismatch,target2_close14,13,source_mismatch,193,"9,4,2","188,252,266","85,87,90",True,3,all_truth,False,False,False,1.0830748174644271,-0.0,-0.06666666666666667,1.0497414841310937
depth12_slot0.5,12.0,0.5,target2_close14|seed21|nominal,target2_close14,21,nominal,251,"13,8,2","191,250,263","86,100,82",False,2,missing_target1,False,True,False,1.2152319766619175,-0.0,-0.022222222222222223,1.2041208655508064
depth12_slot0.5,12.0,0.5,target2_close14|seed21|source_mismatch,target2_close14,21,source_mismatch,27,"12,3,1","190,248,263","95,86,81",False,2,missing_target2,False,False,True,1.2246870048037362,-0.0,-0.03333333333333333,1.2080203381370695
depth12_slot0.5,12.0,0.5,target2_close14|seed34|nominal,target2_close14,34,nominal,87,"14,7,1","190,248,260","85,89,87",True,3,all_truth,False,False,False,1.2524995625348008,-0.0,-0.06666666666666667,1.2191662292014673
depth12_slot0.5,12.0,0.5,target2_close14|seed34|source_mismatch,target2_close14,34,source_mismatch,56,"10,5,1","188,247,261","83,85,83",True,3,all_truth,False,False,False,1.322280338932385,-0.0,-0.08888888888888889,1.2778358944879404
depth12_slot0.5,12.0,0.5,target2_close50_linear29p5|seed13|nominal,target2_close50_linear29p5,13,nominal,259,"15,3,6","187,250,299","85,84,79",False,2,missing_target2,False,False,True,1.1533422245045524,-0.011111111111111112,-0.044444444444444446,0.9977866689489968
depth12_slot0.5,12.0,0.5,target2_close50_linear29p5|seed13|source_mismatch,target2_close50_linear29p5,13,source_mismatch,299,"15,3,11","182,253,305","90,100,90",False,2,missing_target1,False,True,False,1.0012942348839708,-0.0,-0.17777777777777778,0.9124053459950819
depth12_slot0.5,12.0,0.5,target2_close50_linear29p5|seed21|nominal,target2_close50_linear29p5,21,nominal,133,"18,1,11","188,253,301","97,101,87",False,2,missing_target1,False,True,False,1.1541508529728963,-0.011111111111111112,-0.06666666666666667,0.9874841863062297
depth12_slot0.5,12.0,0.5,target2_close50_linear29p5|seed21|source_mismatch,target2_close50_linear29p5,21,source_mismatch,261,"12,2,9","188,253,303","97,93,91",True,3,all_truth,False,False,False,1.276066325911701,-0.0,-0.08888888888888889,1.2316218814672566
depth12_slot0.5,12.0,0.5,target2_close50_linear29p5|seed34|nominal,target2_close50_linear29p5,34,nominal,603,"16,7,5","183,237,279","97,88,88",False,1,missing_target1_target2,False,True,True,0.9486727364794869,-0.0,-0.45555555555555555,0.7208949587017092
depth12_slot0.5,12.0,0.5,target2_close50_linear29p5|seed34|source_mismatch,target2_close50_linear29p5,34,source_mismatch,265,"13,3,12","182,248,296","89,96,100",False,2,missing_target2,False,False,True,1.0511743290825373,-0.0,-0.15555555555555556,0.9733965513047595
depth12_slot1,12.0,1.0,target2_close14|seed13|nominal,target2_close14,13,nominal,73,"13,6,1","185,249,265","97,93,85",True,3,all_truth,False,False,False,1.1981187134575308,-0.0,-0.07777777777777778,1.1203409356797531
depth12_slot1,12.0,1.0,target2_close14|seed13|source_mismatch,target2_close14,13,source_mismatch,193,"9,4,2","188,252,266","85,87,90",True,3,all_truth,False,False,False,1.0830748174644271,-0.0,-0.06666666666666667,1.0164081507977605
depth12_slot1,12.0,1.0,target2_close14|seed21|nominal,target2_close14,21,nominal,251,"13,8,2","191,250,263","86,100,82",False,2,missing_target1,False,True,False,1.2152319766619175,-0.0,-0.022222222222222223,1.1930097544396954
depth12_slot1,12.0,1.0,target2_close14|seed21|source_mismatch,target2_close14,21,source_mismatch,27,"12,3,1","190,248,263","95,86,81",False,2,missing_target2,False,False,True,1.2246870048037362,-0.0,-0.03333333333333333,1.1913536714704027
depth12_slot1,12.0,1.0,target2_close14|seed34|nominal,target2_close14,34,nominal,87,"14,7,1","190,248,260","85,89,87",True,3,all_truth,False,False,False,1.2524995625348008,-0.0,-0.06666666666666667,1.1858328958681341
depth12_slot1,12.0,1.0,target2_close14|seed34|source_mismatch,target2_close14,34,source_mismatch,56,"10,5,1","188,247,261","83,85,83",True,3,all_truth,False,False,False,1.322280338932385,-0.0,-0.08888888888888889,1.2333914500434962
depth12_slot1,12.0,1.0,target2_close50_linear29p5|seed13|nominal,target2_close50_linear29p5,13,nominal,259,"15,3,6","187,250,299","85,84,79",False,2,missing_target2,False,False,True,1.1533422245045524,-0.011111111111111112,-0.044444444444444446,0.9755644467267747
depth12_slot1,12.0,1.0,target2_close50_linear29p5|seed13|source_mismatch,target2_close50_linear29p5,13,source_mismatch,299,"15,3,11","182,253,305","90,100,90",False,2,missing_target1,False,True,False,1.0012942348839708,-0.0,-0.17777777777777778,0.823516457106193
depth12_slot1,12.0,1.0,target2_close50_linear29p5|seed21|nominal,target2_close50_linear29p5,21,nominal,133,"18,1,11","188,253,301","97,101,87",False,2,missing_target1,False,True,False,1.1541508529728963,-0.011111111111111112,-0.06666666666666667,0.9541508529728964
depth12_slot1,12.0,1.0,target2_close50_linear29p5|seed21|source_mismatch,target2_close50_linear29p5,21,source_mismatch,261,"12,2,9","188,253,303","97,93,91",True,3,all_truth,False,False,False,1.276066325911701,-0.0,-0.08888888888888889,1.1871774370228123
depth12_slot1,12.0,1.0,target2_close50_linear29p5|seed34|nominal,target2_close50_linear29p5,34,nominal,411,"16,3,10","183,256,303","97,99,93",False,2,missing_target1,False,True,False,0.7942245356674521,-0.0,-0.17777777777777778,0.6164467578896743
depth12_slot1,12.0,1.0,target2_close50_linear29p5|seed34|source_mismatch,target2_close50_linear29p5,34,source_mismatch,265,"13,3,12","182,248,296","89,96,100",False,2,missing_target2,False,False,True,1.0511743290825373,-0.0,-0.15555555555555556,0.8956187735269817
depth12_slot2,12.0,2.0,target2_close14|seed13|nominal,target2_close14,13,nominal,73,"13,6,1","185,249,265","97,93,85",True,3,all_truth,False,False,False,1.1981187134575308,-0.0,-0.07777777777777778,1.0425631579019754
depth12_slot2,12.0,2.0,target2_close14|seed13|source_mismatch,target2_close14,13,source_mismatch,40,"9,4,1","188,252,264","85,87,81",False,2,missing_target2,False,False,True,1.041609804744183,-0.0,-0.044444444444444446,0.9527209158552942
depth12_slot2,12.0,2.0,target2_close14|seed21|nominal,target2_close14,21,nominal,251,"13,8,2","191,250,263","86,100,82",False,2,missing_target1,False,True,False,1.2152319766619175,-0.0,-0.022222222222222223,1.170787532217473
depth12_slot2,12.0,2.0,target2_close14|seed21|source_mismatch,target2_close14,21,source_mismatch,27,"12,3,1","190,248,263","95,86,81",False,2,missing_target2,False,False,True,1.2246870048037362,-0.0,-0.03333333333333333,1.1580203381370695
depth12_slot2,12.0,2.0,target2_close14|seed34|nominal,target2_close14,34,nominal,87,"14,7,1","190,248,260","85,89,87",True,3,all_truth,False,False,False,1.2524995625348008,-0.0,-0.06666666666666667,1.1191662292014675
depth12_slot2,12.0,2.0,target2_close14|seed34|source_mismatch,target2_close14,34,source_mismatch,56,"10,5,1","188,247,261","83,85,83",True,3,all_truth,False,False,False,1.322280338932385,-0.0,-0.08888888888888889,1.1445025611546071
depth12_slot2,12.0,2.0,target2_close50_linear29p5|seed13|nominal,target2_close50_linear29p5,13,nominal,259,"15,3,6","187,250,299","85,84,79",False,2,missing_target2,False,False,True,1.1533422245045524,-0.011111111111111112,-0.044444444444444446,0.9311200022823302
depth12_slot2,12.0,2.0,target2_close50_linear29p5|seed13|source_mismatch,target2_close50_linear29p5,13,source_mismatch,282,"9,3,11","187,253,305","102,100,90",False,1,missing_target0_target1,True,True,False,1.196491307261035,-0.022222222222222223,-0.12222222222222222,0.685380196149924
depth12_slot2,12.0,2.0,target2_close50_linear29p5|seed21|nominal,target2_close50_linear29p5,21,nominal,133,"18,1,11","188,253,301","97,101,87",False,2,missing_target1,False,True,False,1.1541508529728963,-0.011111111111111112,-0.06666666666666667,0.8874841863062297
depth12_slot2,12.0,2.0,target2_close50_linear29p5|seed21|source_mismatch,target2_close50_linear29p5,21,source_mismatch,261,"12,2,9","188,253,303","97,93,91",True,3,all_truth,False,False,False,1.276066325911701,-0.0,-0.08888888888888889,1.0982885481339233
depth12_slot2,12.0,2.0,target2_close50_linear29p5|seed34|nominal,target2_close50_linear29p5,34,nominal,411,"16,3,10","183,256,303","97,99,93",False,2,missing_target1,False,True,False,0.7942245356674521,-0.0,-0.17777777777777778,0.43866898011189653
depth12_slot2,12.0,2.0,target2_close50_linear29p5|seed34|source_mismatch,target2_close50_linear29p5,34,source_mismatch,265,"13,3,12","182,248,296","89,96,100",False,2,missing_target2,False,False,True,1.0511743290825373,-0.0,-0.15555555555555556,0.7400632179714262
depth12_slot4,12.0,4.0,target2_close14|seed13|nominal,target2_close14,13,nominal,73,"13,6,1","185,249,265","97,93,85",True,3,all_truth,False,False,False,1.1981187134575308,-0.0,-0.07777777777777778,0.8870076023464197
depth12_slot4,12.0,4.0,target2_close14|seed13|source_mismatch,target2_close14,13,source_mismatch,24,"9,3,1","188,250,264","85,78,81",False,1,missing_target1_target2,False,True,True,1.221253970479529,-0.022222222222222223,-0.022222222222222223,0.8656984149239736
depth12_slot4,12.0,4.0,target2_close14|seed21|nominal,target2_close14,21,nominal,251,"13,8,2","191,250,263","86,100,82",False,2,missing_target1,False,True,False,1.2152319766619175,-0.0,-0.022222222222222223,1.1263430877730287
depth12_slot4,12.0,4.0,target2_close14|seed21|source_mismatch,target2_close14,21,source_mismatch,27,"12,3,1","190,248,263","95,86,81",False,2,missing_target2,False,False,True,1.2246870048037362,-0.0,-0.03333333333333333,1.0913536714704029
depth12_slot4,12.0,4.0,target2_close14|seed34|nominal,target2_close14,34,nominal,87,"14,7,1","190,248,260","85,89,87",True,3,all_truth,False,False,False,1.2524995625348008,-0.0,-0.06666666666666667,0.9858328958681342
depth12_slot4,12.0,4.0,target2_close14|seed34|source_mismatch,target2_close14,34,source_mismatch,56,"10,5,1","188,247,261","83,85,83",True,3,all_truth,False,False,False,1.322280338932385,-0.0,-0.08888888888888889,0.9667247833768293
depth12_slot4,12.0,4.0,target2_close50_linear29p5|seed13|nominal,target2_close50_linear29p5,13,nominal,259,"15,3,6","187,250,299","85,84,79",False,2,missing_target2,False,False,True,1.1533422245045524,-0.011111111111111112,-0.044444444444444446,0.8422311133934413
depth12_slot4,12.0,4.0,target2_close50_linear29p5|seed13|source_mismatch,target2_close50_linear29p5,13,source_mismatch,282,"9,3,11","187,253,305","102,100,90",False,1,missing_target0_target1,True,True,False,1.196491307261035,-0.022222222222222223,-0.12222222222222222,0.44093575170547955
depth12_slot4,12.0,4.0,target2_close50_linear29p5|seed21|nominal,target2_close50_linear29p5,21,nominal,133,"18,1,11","188,253,301","97,101,87",False,2,missing_target1,False,True,False,1.1541508529728963,-0.011111111111111112,-0.06666666666666667,0.7541508529728964
depth12_slot4,12.0,4.0,target2_close50_linear29p5|seed21|source_mismatch,target2_close50_linear29p5,21,source_mismatch,261,"12,2,9","188,253,303","97,93,91",True,3,all_truth,False,False,False,1.276066325911701,-0.0,-0.08888888888888889,0.9205107703561455
depth12_slot4,12.0,4.0,target2_close50_linear29p5|seed34|nominal,target2_close50_linear29p5,34,nominal,411,"16,3,10","183,256,303","97,99,93",False,2,missing_target1,False,True,False,0.7942245356674521,-0.0,-0.17777777777777778,0.08311342455634096
depth12_slot4,12.0,4.0,target2_close50_linear29p5|seed34|source_mismatch,target2_close50_linear29p5,34,source_mismatch,265,"13,3,12","182,248,296","89,96,100",False,2,missing_target2,False,False,True,1.0511743290825373,-0.0,-0.15555555555555556,0.42895210686031504
depth12_slot8,12.0,8.0,target2_close14|seed13|nominal,target2_close14,13,nominal,59,"13,5,1","185,250,265","97,81,85",False,2,missing_target1,False,True,False,1.1244767327095708,-0.0,-0.06666666666666667,0.5911433993762375
depth12_slot8,12.0,8.0,target2_close14|seed13|source_mismatch,target2_close14,13,source_mismatch,24,"9,3,1","188,250,264","85,78,81",False,1,missing_target1_target2,False,True,True,1.221253970479529,-0.022222222222222223,-0.022222222222222223,0.7768095260350847
depth12_slot8,12.0,8.0,target2_close14|seed21|nominal,target2_close14,21,nominal,251,"13,8,2","191,250,263","86,100,82",False,2,missing_target1,False,True,False,1.2152319766619175,-0.0,-0.022222222222222223,1.0374541988841397
depth12_slot8,12.0,8.0,target2_close14|seed21|source_mismatch,target2_close14,21,source_mismatch,27,"12,3,1","190,248,263","95,86,81",False,2,missing_target2,False,False,True,1.2246870048037362,-0.0,-0.03333333333333333,0.9580203381370695
depth12_slot8,12.0,8.0,target2_close14|seed34|nominal,target2_close14,34,nominal,87,"14,7,1","190,248,260","85,89,87",True,3,all_truth,False,False,False,1.2524995625348008,-0.0,-0.06666666666666667,0.7191662292014674
depth12_slot8,12.0,8.0,target2_close14|seed34|source_mismatch,target2_close14,34,source_mismatch,137,"14,12,1","191,249,261","93,94,83",True,3,all_truth,False,False,False,1.1484164816996976,-0.0,-0.05555555555555555,0.7039720372552531
depth12_slot8,12.0,8.0,target2_close50_linear29p5|seed13|nominal,target2_close50_linear29p5,13,nominal,259,"15,3,6","187,250,299","85,84,79",False,2,missing_target2,False,False,True,1.1533422245045524,-0.011111111111111112,-0.044444444444444446,0.6644533356156634
depth12_slot8,12.0,8.0,target2_close50_linear29p5|seed13|source_mismatch,target2_close50_linear29p5,13,source_mismatch,282,"9,3,11","187,253,305","102,100,90",False,1,missing_target0_target1,True,True,False,1.196491307261035,-0.022222222222222223,-0.12222222222222222,-0.04795313718340932
depth12_slot8,12.0,8.0,target2_close50_linear29p5|seed21|nominal,target2_close50_linear29p5,21,nominal,133,"18,1,11","188,253,301","97,101,87",False,2,missing_target1,False,True,False,1.1541508529728963,-0.011111111111111112,-0.06666666666666667,0.4874841863062297
depth12_slot8,12.0,8.0,target2_close50_linear29p5|seed21|source_mismatch,target2_close50_linear29p5,21,source_mismatch,108,"12,1,9","188,252,303","97,82,91",True,3,all_truth,False,False,False,1.2194790886286926,-0.0,-0.07777777777777778,0.5972568664064704
depth12_slot8,12.0,8.0,target2_close50_linear29p5|seed34|nominal,target2_close50_linear29p5,34,nominal,531,"16,4,10","183,251,303","97,75,93",False,2,missing_target1,False,True,False,1.1807327734461164,-0.05555555555555555,-0.12222222222222222,-0.463711670998328
depth12_slot8,12.0,8.0,target2_close50_linear29p5|seed34|source_mismatch,target2_close50_linear29p5,34,source_mismatch,98,"15,1,12","185,250,296","78,84,100",False,1,missing_target0_target2,True,False,True,0.9631042602142118,-0.022222222222222223,-0.1,-0.10356240645245496
